Date,Open,High,Low,Close,Volume,Dividends,Stock Splits,snp500,vix_close,qqq_close
2021-04-05 04:00:00+00:00,158.64999389648438,161.79800415039062,158.06199645996094,161.3365020751953,66698000,0.0,0.0,4077.909912109375,,321.26092529296875
2021-04-06 04:00:00+00:00,161.1875,162.36549377441406,160.8520050048828,161.1909942626953,50756000,0.0,0.0,4073.93994140625,,321.0376892089844
2021-04-07 04:00:00+00:00,161.69000244140625,165.1804962158203,161.1824951171875,163.96949768066406,66924000,0.0,0.0,4079.949951171875,,321.81402587890625
2021-04-08 04:00:00+00:00,165.5449981689453,166.22500610351562,164.60000610351562,164.96499633789062,56242000,0.0,0.0,4097.169921875,,325.1717529296875
2021-04-09 04:00:00+00:00,165.23500061035156,168.61000061035156,164.44500732421875,168.61000061035156,86830000,0.0,0.0,4128.7998046875,,327.1416320800781
2021-04-12 04:00:00+00:00,167.760498046875,169.7519989013672,167.5574951171875,168.96949768066406,65636000,0.0,0.0,4127.990234375,,326.7148132324219
2021-04-13 04:00:00+00:00,170.04249572753906,171.60000610351562,169.781494140625,170.0,66316000,0.0,0.0,4141.58984375,,330.52850341796875
2021-04-14 04:00:00+00:00,170.20199584960938,170.2064971923828,166.3000030517578,166.64999389648438,62904000,0.0,0.0,4124.66015625,,326.55938720703125
2021-04-15 04:00:00+00:00,168.5500030517578,169.85000610351562,167.60000610351562,168.95449829101562,64672000,0.0,0.0,4170.419921875,,331.5086364746094
2021-04-16 04:00:00+00:00,169.0,170.33999633789062,167.7794952392578,169.9720001220703,63720000,0.0,0.0,4185.47021484375,,331.8968505859375
2021-04-19 04:00:00+00:00,169.51649475097656,171.79649353027344,168.00799560546875,168.60049438476562,54508000,0.0,0.0,4163.259765625,,328.859375
2021-04-20 04:00:00+00:00,168.67999267578125,169.14950561523438,165.8000030517578,166.7344970703125,52460000,0.0,0.0,4134.93994140625,,326.46240234375
2021-04-21 04:00:00+00:00,165.8000030517578,168.14300537109375,165.1905059814453,168.1009979248047,44224000,0.0,0.0,4173.419921875,,329.2572021484375
2021-04-22 04:00:00+00:00,168.58399963378906,168.64349365234375,165.07249450683594,165.45199584960938,51612000,0.0,0.0,4134.97998046875,,325.2880859375
2021-04-23 04:00:00+00:00,165.9550018310547,168.75,165.4250030517578,167.04400634765625,63856000,0.0,0.0,4180.169921875,,329.38348388671875
2021-04-26 04:00:00+00:00,167.39999389648438,171.42250061035156,166.5469970703125,170.4499969482422,97614000,0.0,0.0,4187.6201171875,,331.52801513671875
2021-04-27 04:00:00+00:00,172.17349243164062,173.0,169.90049743652344,170.8715057373047,76542000,0.0,0.0,4186.72021484375,,330.091796875
2021-04-28 04:00:00+00:00,171.74000549316406,174.49400329589844,171.25,172.9250030517578,92638000,0.0,0.0,4183.18017578125,,328.97576904296875
2021-04-29 04:00:00+00:00,175.2550048828125,175.72250366210938,171.75,173.5655059814453,153648000,0.0,0.0,4211.47021484375,,330.1597900390625
2021-04-30 04:00:00+00:00,176.25599670410156,177.6999969482422,173.125,173.37100219726562,140186000,0.0,0.0,4181.169921875,,327.99560546875
2021-05-03 04:00:00+00:00,174.2364959716797,174.33250427246094,168.63499450683594,169.32449340820312,117510000,0.0,0.0,4192.66015625,,326.2489318847656
2021-05-04 04:00:00+00:00,167.8094940185547,168.3990020751953,163.60650634765625,165.593505859375,108788000,0.0,0.0,4164.66015625,,320.3778991699219
2021-05-05 04:00:00+00:00,166.9429931640625,167.73500061035156,163.21800231933594,163.52699279785156,74226000,0.0,0.0,4167.58984375,,319.3006286621094
2021-05-06 04:00:00+00:00,163.5,165.72000122070312,162.36000061035156,165.31849670410156,88954000,0.0,0.0,4201.6201171875,,321.7072448730469
2021-05-07 04:00:00+00:00,165.95449829101562,166.54449462890625,164.45350646972656,164.58050537109375,94206000,0.0,0.0,4232.60009765625,,324.31781005859375
2021-05-10 04:00:00+00:00,164.11599731445312,164.14999389648438,159.5,159.52450561523438,116772000,0.0,0.0,4188.43017578125,,316.1273498535156
2021-05-11 04:00:00+00:00,156.81399536132812,161.89999389648438,156.36849975585938,161.19549560546875,92396000,0.0,0.0,4152.10009765625,,315.690673828125
2021-05-12 04:00:00+00:00,159.25,160.39700317382812,156.65499877929688,157.5970001220703,98728000,0.0,0.0,4063.0400390625,,307.5196228027344
2021-05-13 04:00:00+00:00,159.27349853515625,160.19200134277344,156.64999389648438,158.07350158691406,67018000,0.0,0.0,4112.5,,309.8970642089844
2021-05-14 04:00:00+00:00,159.2779998779297,161.4429931640625,159.14999389648438,161.14500427246094,66500000,0.0,0.0,4173.85009765625,,316.7386779785156
2021-05-17 04:00:00+00:00,162.29649353027344,164.6374969482422,161.72950744628906,163.51950073242188,74478000,0.0,0.0,4163.2900390625,,314.8172912597656
2021-05-18 04:00:00+00:00,164.62899780273438,165.60000610351562,161.51849365234375,161.61399841308594,56568000,0.0,0.0,4127.830078125,,312.6920166015625
2021-05-19 04:00:00+00:00,159.75,161.7375030517578,159.1999969482422,161.58999633789062,53594000,0.0,0.0,4115.68017578125,,313.0510559082031
2021-05-20 04:00:00+00:00,162.22000122070312,162.98399353027344,161.8090057373047,162.38400268554688,52664000,0.0,0.0,4159.1201171875,,319.1064758300781
2021-05-21 04:00:00+00:00,162.5,162.83450317382812,159.85049438476562,160.1540069580078,82098000,0.0,0.0,4155.85986328125,,317.3403625488281
2021-05-24 04:00:00+00:00,160.77499389648438,162.8975067138672,160.52499389648438,162.24949645996094,48456000,0.0,0.0,4197.0498046875,,322.6777038574219
2021-05-25 04:00:00+00:00,163.33349609375,163.99099731445312,160.68800354003906,162.95249938964844,65222000,0.0,0.0,4188.1298828125,,323.1241149902344
2021-05-26 04:00:00+00:00,163.72950744628906,164.7864990234375,162.92550659179688,163.25799560546875,47680000,0.0,0.0,4195.990234375,,324.2498474121094
2021-05-27 04:00:00+00:00,162.8000030517578,163.01800537109375,161.5019989013672,161.5054931640625,51224000,0.0,0.0,4200.8798828125,,323.03680419921875
2021-05-28 04:00:00+00:00,162.10000610351562,162.39950561523438,160.98500061035156,161.15350341796875,46596000,0.0,0.0,4204.10986328125,,324.0557556152344
2021-06-01 04:00:00+00:00,162.1750030517578,162.5489959716797,160.4530029296875,160.9324951171875,48600000,0.0,0.0,4202.0400390625,,322.97857666015625
2021-06-02 04:00:00+00:00,161.15499877929688,161.75,160.39999389648438,161.69949340820312,40290000,0.0,0.0,4208.1201171875,,323.6093444824219
2021-06-03 04:00:00+00:00,160.2115020751953,160.7220001220703,159.20150756835938,159.35049438476562,47966000,0.0,0.0,4192.85009765625,,320.241943359375
2021-06-04 04:00:00+00:00,160.60000610351562,161.0500030517578,159.9405059814453,160.31100463867188,44994000,0.0,0.0,4229.89013671875,,325.6763610839844
2021-06-07 04:00:00+00:00,159.8665008544922,160.39999389648438,158.61000061035156,159.90049743652344,44316000,0.0,0.0,4226.52001953125,,326.64678955078125
2021-06-08 04:00:00+00:00,161.1304931640625,163.97650146484375,160.90049743652344,163.20550537109375,68334000,0.0,0.0,4227.259765625,,326.8020324707031
2021-06-09 04:00:00+00:00,163.64349365234375,164.87899780273438,163.53500366210938,164.0574951171875,49110000,0.0,0.0,4219.5498046875,,326.8796691894531
2021-06-10 04:00:00+00:00,164.10049438476562,167.5500030517578,164.0574951171875,167.4824981689453,69530000,0.0,0.0,4239.18017578125,,330.285888671875
2021-06-11 04:00:00+00:00,167.4824981689453,168.32899475097656,166.67250061035156,167.3415069580078,56348000,0.0,0.0,4247.43994140625,,331.1496276855469
2021-06-14 04:00:00+00:00,167.3415069580078,169.25,166.77499389648438,169.19349670410156,51394000,0.0,0.0,4255.14990234375,,334.3229064941406
2021-06-15 04:00:00+00:00,169.1999969482422,169.84950256347656,168.15550231933594,169.156494140625,48524000,0.0,0.0,4246.58984375,,332.1394348144531
2021-06-16 04:00:00+00:00,169.60000610351562,171.3175048828125,168.02650451660156,170.7624969482422,84056000,0.0,0.0,4223.7001953125,,330.9263610839844
2021-06-17 04:00:00+00:00,170.15899658203125,174.86000061035156,170.0500030517578,174.46200561523438,102730000,0.0,0.0,4221.85986328125,,335.1282653808594
2021-06-18 04:00:00+00:00,173.99949645996094,175.35000610351562,173.6855010986328,174.34500122070312,104954000,0.0,0.0,4166.4501953125,,332.4984436035156
2021-06-21 04:00:00+00:00,173.8209991455078,174.10000610351562,171.6999969482422,172.697998046875,65542000,0.0,0.0,4224.7900390625,,334.56494140625
2021-06-22 04:00:00+00:00,172.9029998779297,176.18899536132812,172.80450439453125,175.27200317382812,66902000,0.0,0.0,4246.43994140625,,337.6836242675781
2021-06-23 04:00:00+00:00,175.25,176.0500030517578,174.16000366210938,175.1909942626953,56266000,0.0,0.0,4241.83984375,,337.848876953125
2021-06-24 04:00:00+00:00,175.3820037841797,176.2429962158203,171.54249572753906,172.45399475097656,76640000,0.0,0.0,4266.490234375,,339.9376525878906
2021-06-25 04:00:00+00:00,173.1999969482422,173.24099731445312,169.70899963378906,170.072998046875,78820000,0.0,0.0,4280.7001953125,,339.5198974609375
2021-06-28 04:00:00+00:00,170.8000030517578,172.39999389648438,170.67550659179688,172.1945037841797,44856000,0.0,0.0,4290.60986328125,,343.6490173339844
2021-06-29 04:00:00+00:00,171.9409942626953,172.80149841308594,171.15150451660156,172.40699768066406,41968000,0.0,0.0,4291.7998046875,,344.892578125
2021-06-30 04:00:00+00:00,172.05299377441406,173.5800018310547,171.75,172.00799560546875,48080000,0.0,0.0,4297.5,,344.3486022949219
2021-07-01 04:00:00+00:00,171.73049926757812,172.85000610351562,170.4709930419922,171.64849853515625,40742000,0.0,0.0,4319.93994140625,,344.4845886230469
2021-07-02 04:00:00+00:00,172.58200073242188,175.58599853515625,171.8459930419922,175.5489959716797,63388000,0.0,0.0,4352.33984375,,348.4388122558594
2021-07-06 04:00:00+00:00,176.5054931640625,184.2740020751953,176.4499969482422,183.78700256347656,134896000,0.0,0.0,4343.5400390625,,349.94476318359375
2021-07-07 04:00:00+00:00,185.86900329589844,186.7100067138672,183.94549560546875,184.82899475097656,106562000,0.0,0.0,4358.1298828125,,350.6830749511719
2021-07-08 04:00:00+00:00,182.17799377441406,187.99949645996094,181.05599975585938,186.57049560546875,103612000,0.0,0.0,4320.81982421875,,348.5651550292969
2021-07-09 04:00:00+00:00,186.12600708007812,187.39999389648438,184.6699981689453,185.9669952392578,74964000,0.0,0.0,4369.5498046875,,350.74139404296875
2021-07-12 04:00:00+00:00,187.1999969482422,187.864501953125,184.83949279785156,185.92750549316406,51432000,0.0,0.0,4384.6298828125,,352.11126708984375
2021-07-13 04:00:00+00:00,185.10499572753906,188.6540069580078,183.5659942626953,183.8679962158203,76918000,0.0,0.0,4369.2099609375,,352.11126708984375
2021-07-14 04:00:00+00:00,185.4425048828125,185.88299560546875,183.04150390625,184.08399963378906,65932000,0.0,0.0,4374.2998046875,,352.7428283691406
2021-07-15 04:00:00+00:00,184.7100067138672,184.77000427246094,181.04600524902344,181.55999755859375,63706000,0.0,0.0,4360.02978515625,,350.2652893066406
2021-07-16 04:00:00+00:00,181.66549682617188,182.30299377441406,178.5229949951172,178.68150329589844,80874000,0.0,0.0,4327.16015625,,347.4283447265625
2021-07-19 04:00:00+00:00,176.62899780273438,177.510498046875,174.95799255371094,177.47950744628906,75692000,0.0,0.0,4258.490234375,,344.5816650390625
2021-07-20 04:00:00+00:00,178.36599731445312,179.60000610351562,175.89999389648438,178.6595001220703,65114000,0.0,0.0,4323.06005859375,,348.58453369140625
2021-07-21 04:00:00+00:00,178.81900024414062,179.32249450683594,177.1820068359375,179.25999450683594,46380000,0.0,0.0,4358.68994140625,,351.2757263183594
2021-07-22 04:00:00+00:00,179.3614959716797,182.00100708007812,179.11349487304688,181.90150451660156,65308000,0.0,0.0,4367.47998046875,,353.5977783203125
2021-07-23 04:00:00+00:00,182.0,183.3054962158203,181.1020050048828,182.83200073242188,48726000,0.0,0.0,4411.7900390625,,357.726806640625
2021-07-26 04:00:00+00:00,183.6584930419922,185.60400390625,182.3625030517578,184.99099731445312,58002000,0.0,0.0,4422.2998046875,,358.0085754394531
2021-07-27 04:00:00+00:00,184.9250030517578,184.9250030517578,179.3074951171875,181.3195037841797,82638000,0.0,0.0,4401.4599609375,,354.06402587890625
2021-07-28 04:00:00+00:00,181.68899536132812,182.92100524902344,180.0500030517578,181.51600646972656,59988000,0.0,0.0,4400.64013671875,,355.42425537109375
2021-07-29 04:00:00+00:00,181.3874969482422,181.8975067138672,179.00050354003906,179.99600219726562,110400000,0.0,0.0,4419.14990234375,,356.0557861328125
2021-07-30 04:00:00+00:00,167.3975067138672,168.40699768066406,165.3489990234375,166.37950134277344,199312000,0.0,0.0,4395.259765625,,354.2001647949219
2021-08-02 04:00:00+00:00,167.65499877929688,167.9459991455078,165.85000610351562,166.57400512695312,67078000,0.0,0.0,4387.16015625,,354.22930908203125
2021-08-03 04:00:00+00:00,167.03599548339844,169.5500030517578,164.98849487304688,168.31199645996094,83146000,0.0,0.0,4423.14990234375,,356.3764343261719
2021-08-04 04:00:00+00:00,168.96749877929688,169.44400024414062,167.2779998779297,167.73599243164062,43678000,0.0,0.0,4402.66015625,,356.89129638671875
2021-08-05 04:00:00+00:00,167.81100463867188,169.4499969482422,167.04600524902344,168.79949951171875,48670000,0.0,0.0,4429.10009765625,,359.155029296875
2021-08-06 04:00:00+00:00,168.75,168.75,166.45199584960938,167.2469940185547,52752000,0.0,0.0,4436.52001953125,,357.5810852050781
2021-08-09 04:00:00+00:00,167.1804962158203,167.74400329589844,166.42599487304688,167.093505859375,42964000,0.0,0.0,4432.35009765625,,358.2417297363281
2021-08-10 04:00:00+00:00,167.25050354003906,167.89999389648438,165.75,166.03399658203125,48252000,0.0,0.0,4436.75,,356.4056091308594
2021-08-11 04:00:00+00:00,166.57249450683594,166.88499450683594,163.88949584960938,164.60549926757812,58944000,0.0,0.0,4442.41015625,,355.79351806640625
2021-08-12 04:00:00+00:00,164.5,165.72549438476562,163.48350524902344,165.1750030517578,46282000,0.0,0.0,4460.830078125,,357.0758972167969
2021-08-13 04:00:00+00:00,165.2834930419922,165.30349731445312,164.14999389648438,164.69850158691406,41134000,0.0,0.0,4468.0,,358.3292541503906
2021-08-16 04:00:00+00:00,164.14999389648438,165.0,160.55650329589844,164.94949340820312,66394000,0.0,0.0,4479.7099609375,,358.484619140625
2021-08-17 04:00:00+00:00,163.875,164.02450561523438,161.28399658203125,162.09800720214844,67758000,0.0,0.0,4448.080078125,,355.3271789550781
2021-08-18 04:00:00+00:00,162.09950256347656,162.7050018310547,160.0,160.06100463867188,56086000,0.0,0.0,4400.27001953125,,351.90728759765625
2021-08-19 04:00:00+00:00,159.7010040283203,161.64999389648438,159.1230010986328,159.3874969482422,75658000,0.0,0.0,4405.7998046875,,353.6073913574219
2021-08-20 04:00:00+00:00,160.19349670410156,160.3905029296875,158.78799438476562,159.99749755859375,67168000,0.0,0.0,4441.669921875,,357.270263671875
2021-08-23 04:00:00+00:00,160.59500122070312,164.0449981689453,160.50050354003906,163.2935028076172,65362000,0.0,0.0,4479.52978515625,,362.6138000488281
2021-08-24 04:00:00+00:00,164.0,165.77450561523438,163.72900390625,165.28900146484375,51036000,0.0,0.0,4486.22998046875,,363.7213439941406
2021-08-25 04:00:00+00:00,165.49349975585938,166.0500030517578,164.3074951171875,164.95899963378906,33606000,0.0,0.0,4496.18994140625,,364.1391296386719
2021-08-26 04:00:00+00:00,164.9499969482422,166.60000610351562,164.8000030517578,165.8000030517578,41976000,0.0,0.0,4470.0,,361.8268737792969
2021-08-27 04:00:00+00:00,166.6614990234375,167.61599731445312,165.6875,167.48150634765625,48048000,0.0,0.0,4509.3701171875,,365.3438415527344
2021-08-30 04:00:00+00:00,167.8715057373047,172.25,167.76100158691406,171.07850646972656,63844000,0.0,0.0,4528.7900390625,,369.44384765625
2021-08-31 04:00:00+00:00,171.24000549316406,173.62899780273438,169.7794952392578,173.5395050048828,87128000,0.0,0.0,4522.68017578125,,369.1427001953125
2021-09-01 04:00:00+00:00,174.82000732421875,176.35000610351562,173.76199340820312,173.9499969482422,72598000,0.0,0.0,4524.08984375,,369.75469970703125
2021-09-02 04:00:00+00:00,174.73800659179688,175.59800720214844,172.75,173.156005859375,58474000,0.0,0.0,4536.9501953125,,369.579833984375
2021-09-03 04:00:00+00:00,172.60000610351562,174.1334991455078,171.82200622558594,173.90249633789062,51514000,0.0,0.0,4535.43017578125,,370.71649169921875
2021-09-07 04:00:00+00:00,173.89999389648438,176.4044952392578,173.8470001220703,175.46449279785156,54758000,0.0,0.0,4520.02978515625,,371.2411804199219
2021-09-08 04:00:00+00:00,175.58250427246094,177.281494140625,174.7834930419922,176.27499389648438,61068000,0.0,0.0,4514.06982421875,,369.94903564453125
2021-09-09 04:00:00+00:00,176.30099487304688,177.49949645996094,174.01849365234375,174.20799255371094,54384000,0.0,0.0,4493.27978515625,,368.67626953125
2021-09-10 04:00:00+00:00,175.0915069580078,175.42250061035156,173.14549255371094,173.45750427246094,47946000,0.0,0.0,4458.580078125,,365.87823486328125
2021-09-13 04:00:00+00:00,174.13999938964844,174.8979949951172,171.89999389648438,172.85850524902344,51380000,0.0,0.0,4468.72998046875,,365.62554931640625
2021-09-14 04:00:00+00:00,173.77749633789062,174.3404998779297,171.885498046875,172.5,38738000,0.0,0.0,4443.0498046875,,364.58599853515625
2021-09-15 04:00:00+00:00,172.12600708007812,174.27099609375,170.10049438476562,173.7895050048828,59150000,0.0,0.0,4480.7001953125,,367.29669189453125
2021-09-16 04:00:00+00:00,172.9980010986328,174.62750244140625,172.3070068359375,174.41200256347656,51672000,0.0,0.0,4473.75,,367.54925537109375
2021-09-17 04:00:00+00:00,174.42050170898438,174.87049865722656,172.60650634765625,173.12600708007812,92332000,0.0,0.0,4432.990234375,,363.1966857910156
2021-09-20 04:00:00+00:00,169.8000030517578,170.9499969482422,165.25050354003906,167.7864990234375,93382000,0.0,0.0,4357.72998046875,,355.69183349609375
2021-09-21 04:00:00+00:00,168.75,168.98500061035156,166.6195068359375,167.18150329589844,55618000,0.0,0.0,4354.18994140625,,356.12957763671875
2021-09-22 04:00:00+00:00,167.5500030517578,169.4499969482422,167.05250549316406,169.00250244140625,48228000,0.0,0.0,4395.64013671875,,359.4559631347656
2021-09-23 04:00:00+00:00,169.00250244140625,171.447998046875,169.00250244140625,170.8000030517578,47588000,0.0,0.0,4448.97998046875,,362.77264404296875
2021-09-24 04:00:00+00:00,170.10049438476562,171.46299743652344,169.6699981689453,171.2760009765625,42324000,0.0,0.0,4455.47998046875,,363.1130676269531
2021-09-27 04:00:00+00:00,168.5749969482422,170.77850341796875,166.98049926757812,170.2899932861328,72690000,0.0,0.0,4443.10986328125,,360.2146301269531
2021-09-28 04:00:00+00:00,167.885498046875,168.45950317382812,164.5050048828125,165.79800415039062,88616000,0.0,0.0,4352.6298828125,,350.0214538574219
2021-09-29 04:00:00+00:00,166.10549926757812,167.56500244140625,164.89349365234375,165.05599975585938,51246000,0.0,0.0,4359.4599609375,,349.44757080078125
2021-09-30 04:00:00+00:00,165.8000030517578,166.3925018310547,163.69949340820312,164.2519989013672,56848000,0.0,0.0,4307.5400390625,,348.1637268066406
2021-10-01 04:00:00+00:00,164.45050048828125,165.45849609375,162.7969970703125,164.16299438476562,56712000,0.0,0.0,4357.0400390625,,350.3229064941406
2021-10-04 04:00:00+00:00,163.96949768066406,163.99949645996094,158.8125,159.48899841308594,90462000,0.0,0.0,4300.4599609375,,342.9698181152344
2021-10-05 04:00:00+00:00,160.22500610351562,163.0364990234375,160.1230010986328,161.0500030517578,65384000,0.0,0.0,4345.72021484375,,347.5996398925781
2021-10-06 04:00:00+00:00,160.67649841308594,163.2169952392578,159.93099975585938,163.10049438476562,50660000,0.0,0.0,4363.5498046875,,349.826904296875
2021-10-07 04:00:00+00:00,164.57699584960938,166.28750610351562,164.1529998779297,165.1215057373047,48182000,0.0,0.0,4399.759765625,,353.0365905761719
2021-10-08 04:00:00+00:00,165.85000610351562,166.07150268554688,164.41000366210938,164.43099975585938,39964000,0.0,0.0,4391.33984375,,351.2761535644531
2021-10-11 04:00:00+00:00,163.75,164.62950134277344,161.90499877929688,162.31500244140625,40684000,0.0,0.0,4361.18994140625,,348.5819091796875
2021-10-12 04:00:00+00:00,162.85000610351562,163.37649536132812,161.81399536132812,162.3665008544922,36392000,0.0,0.0,4350.64990234375,,347.3662109375
2021-10-13 04:00:00+00:00,163.48550415039062,164.41900634765625,163.05450439453125,164.21400451660156,48402000,0.0,0.0,4363.7998046875,,350.1478271484375
2021-10-14 04:00:00+00:00,165.12249755859375,165.6300048828125,164.53900146484375,164.9929962158203,42190000,0.0,0.0,4438.259765625,,356.59649658203125
2021-10-15 04:00:00+00:00,165.5709991455078,170.52099609375,165.1999969482422,170.4510040283203,103598000,0.0,0.0,4471.3701171875,,358.84320068359375
2021-10-18 04:00:00+00:00,169.41799926757812,172.45849609375,169.2550048828125,172.33700561523438,63482000,0.0,0.0,4486.4599609375,,362.45166015625
2021-10-19 04:00:00+00:00,171.71449279785156,172.7344970703125,171.10000610351562,172.20750427246094,47722000,0.0,0.0,4519.6298828125,,365.1945495605469
2021-10-20 04:00:00+00:00,172.63299560546875,173.14300537109375,170.01849365234375,170.7530059814453,42796000,0.0,0.0,4536.18994140625,,364.7178955078125
2021-10-21 04:00:00+00:00,170.71249389648438,172.01400756835938,170.14999389648438,171.75050354003906,37628000,0.0,0.0,4549.77978515625,,366.9452819824219
2021-10-22 04:00:00+00:00,171.0500030517578,171.49200439453125,166.56500244140625,166.77749633789062,62782000,0.0,0.0,4544.89990234375,,363.8620300292969
2021-10-25 04:00:00+00:00,166.75,167.38999938964844,164.88499450683594,166.01849365234375,44520000,0.0,0.0,4566.47998046875,,367.58721923828125
2021-10-26 04:00:00+00:00,167.47549438476562,170.80599975585938,167.19900512695312,168.80349731445312,53966000,0.0,0.0,4574.7900390625,,368.74456787109375
2021-10-27 04:00:00+00:00,169.39999389648438,171.85000610351562,168.57249450683594,169.62449645996094,54044000,0.0,0.0,4551.68017578125,,369.60052490234375
2021-10-28 04:00:00+00:00,170.10499572753906,173.9499969482422,169.3000030517578,172.32850646972656,114174000,0.0,0.0,4596.419921875,,373.7049865722656
2021-10-29 04:00:00+00:00,165.00100708007812,168.74099731445312,163.66600036621094,168.6215057373047,129722000,0.0,0.0,4605.3798828125,,375.54327392578125
2021-11-01 04:00:00+00:00,168.08999633789062,168.79299926757812,164.6009979248047,165.90550231933594,72178000,0.0,0.0,4613.669921875,,376.8271484375
2021-11-02 04:00:00+00:00,165.75050354003906,166.55599975585938,164.17750549316406,165.6374969482422,52552000,0.0,0.0,4630.64990234375,,378.4028015136719
2021-11-03 04:00:00+00:00,165.4499969482422,169.74600219726562,164.87600708007812,169.1999969482422,67944000,0.0,0.0,4660.56982421875,,382.4197998046875
2021-11-04 04:00:00+00:00,168.5,174.93150329589844,168.25,173.85000610351562,107060000,0.0,0.0,4680.06005859375,,387.32196044921875
2021-11-05 04:00:00+00:00,173.85000610351562,178.3125,173.8489990234375,175.94949340820312,99940000,0.0,0.0,4697.52978515625,,387.6914978027344
2021-11-08 05:00:00+00:00,176.16200256347656,178.9499969482422,174.39300537109375,174.44900512695312,61480000,0.0,0.0,4701.7001953125,,387.166259765625
2021-11-09 05:00:00+00:00,175.7624969482422,179.68850708007812,175.07150268554688,178.81149291992188,85898000,0.0,0.0,4685.25,,384.5013427734375
2021-11-10 05:00:00+00:00,178.19349670410156,180.2725067138672,173.1544952392578,174.1024932861328,80548000,0.0,0.0,4646.7099609375,,378.850341796875
2021-11-11 05:00:00+00:00,175.64999389648438,177.16200256347656,173.37350463867188,173.625,45288000,0.0,0.0,4649.27001953125,,379.9007568359375
2021-11-12 05:00:00+00:00,174.25,177.0364990234375,172.3524932861328,176.25750732421875,53788000,0.0,0.0,4682.85009765625,,383.8982849121094
2021-11-15 05:00:00+00:00,176.85000610351562,179.69400024414062,176.29049682617188,177.28399658203125,58594000,0.0,0.0,4682.7998046875,,383.8106689453125
2021-11-16 05:00:00+00:00,176.9499969482422,178.8249969482422,176.25750732421875,177.03500366210938,44342000,0.0,0.0,4700.89990234375,,386.5437316894531
2021-11-17 05:00:00+00:00,178.23599243164062,179.3625030517578,177.2675018310547,177.4499969482422,51206000,0.0,0.0,4688.669921875,,386.748046875
2021-11-18 05:00:00+00:00,178.3175048828125,185.2100067138672,178.0500030517578,184.80299377441406,114070000,0.0,0.0,4704.5400390625,,390.7552795410156
2021-11-19 05:00:00+00:00,185.63450622558594,188.1074981689453,183.78599548339844,183.82850646972656,98734000,0.0,0.0,4697.9599609375,,392.9339599609375
2021-11-22 05:00:00+00:00,183.81900024414062,185.67300415039062,178.375,178.6284942626953,96844000,0.0,0.0,4682.93994140625,,388.37237548828125
2021-11-23 05:00:00+00:00,179.2519989013672,181.05250549316406,176.385498046875,179.0019989013672,73804000,0.0,0.0,4690.7001953125,,386.6020812988281
2021-11-24 05:00:00+00:00,178.1334991455078,180.6820068359375,176.84249877929688,179.02049255371094,46560000,0.0,0.0,4701.4599609375,,387.84716796875
2021-11-26 05:00:00+00:00,180.10499572753906,181.6750030517578,175.20750427246094,175.22799682617188,59826000,0.0,0.0,4594.6201171875,,380.4939880371094
2021-11-29 05:00:00+00:00,177.3820037841797,179.8000030517578,176.5749969482422,178.07850646972656,65312000,0.0,0.0,4655.27001953125,,388.75164794921875
2021-11-30 05:00:00+00:00,178.1750030517578,179.2884979248047,174.60049438476562,175.35350036621094,80022000,0.0,0.0,4567.0,,383.0423583984375
2021-12-01 05:00:00+00:00,177.25,177.99400329589844,172.0800018310547,172.18600463867188,74916000,0.0,0.0,4513.0400390625,,376.525634765625
2021-12-02 05:00:00+00:00,173.0,174.63499450683594,171.1875,171.8679962158203,64726000,0.0,0.0,4577.10009765625,,379.2393798828125
2021-12-03 05:00:00+00:00,172.75,173.49349975585938,166.92999267578125,169.489501953125,80712000,0.0,0.0,4538.43017578125,,372.6448059082031
2021-12-06 05:00:00+00:00,169.64999389648438,173.69549560546875,166.9344940185547,171.36849975585938,68860000,0.0,0.0,4591.669921875,,375.6308898925781
2021-12-07 05:00:00+00:00,174.60000610351562,177.49949645996094,173.33450317382812,176.1645050048828,66410000,0.0,0.0,4686.75,,386.9425964355469
2021-12-08 05:00:00+00:00,176.15049743652344,177.17999267578125,174.75050354003906,176.1580047607422,45254000,0.0,0.0,4701.2099609375,,388.67388916015625
2021-12-09 05:00:00+00:00,175.75,176.96949768066406,174.13949584960938,174.17100524902344,46062000,0.0,0.0,4667.4501953125,,382.954833984375
2021-12-10 05:00:00+00:00,175.41700744628906,175.927001953125,170.5,172.21200561523438,60690000,0.0,0.0,4712.02001953125,,387.11761474609375
2021-12-13 05:00:00+00:00,172.0,172.10000610351562,169.1300048828125,169.5675048828125,62170000,0.0,0.0,4668.97021484375,,381.5249938964844
2021-12-14 05:00:00+00:00,167.5500030517578,169.49899291992188,166.44000244140625,169.0915069580078,55976000,0.0,0.0,4634.08984375,,377.5760498046875
2021-12-15 05:00:00+00:00,168.59800720214844,173.60000610351562,165.19500732421875,173.31500244140625,75794000,0.0,0.0,4709.85009765625,,386.1839904785156
2021-12-16 05:00:00+00:00,173.36849975585938,174.16600036621094,168.16050720214844,168.87100219726562,60876000,0.0,0.0,4668.669921875,,376.25335693359375
2021-12-17 05:00:00+00:00,167.7104949951172,170.89849853515625,165.61349487304688,170.0175018310547,85542000,0.0,0.0,4620.64013671875,,374.3761901855469
2021-12-20 05:00:00+00:00,166.85000610351562,167.87449645996094,165.60000610351562,167.07899475097656,57372000,0.0,0.0,4568.02001953125,,370.74456787109375
2021-12-21 05:00:00+00:00,167.85049438476562,170.7165069580078,165.6475067138672,170.41700744628906,55956000,0.0,0.0,4649.22998046875,,379.0419616699219
2021-12-22 05:00:00+00:00,169.27000427246094,172.0500030517578,168.50050354003906,171.03700256347656,55036000,0.0,0.0,4696.56005859375,,383.6581115722656
2021-12-23 05:00:00+00:00,170.42799377441406,171.97500610351562,170.14999389648438,171.06849670410156,36788000,0.0,0.0,4725.7900390625,,386.55059814453125
2021-12-27 05:00:00+00:00,171.03700256347656,172.9429931640625,169.2154998779297,169.66949462890625,58688000,0.0,0.0,4791.18994140625,,392.939208984375
2021-12-28 05:00:00+00:00,170.1824951171875,172.17599487304688,169.135498046875,170.66099548339844,54638000,0.0,0.0,4786.35009765625,,391.1180419921875
2021-12-29 05:00:00+00:00,170.83999633789062,171.21200561523438,168.60049438476562,169.2010040283203,35754000,0.0,0.0,4793.06005859375,,391.0595703125
2021-12-30 05:00:00+00:00,169.6999969482422,170.88800048828125,168.5240020751953,168.64450073242188,37584000,0.0,0.0,4778.72998046875,,389.8909912109375
2021-12-31 05:00:00+00:00,168.95599365234375,169.35000610351562,166.55850219726562,166.7169952392578,47830000,0.0,0.0,4766.18017578125,,387.4562683105469
2022-01-03 05:00:00+00:00,167.5500030517578,170.70350646972656,166.16050720214844,170.4044952392578,63520000,0.0,0.0,4796.56005859375,,391.1861572265625
2022-01-04 05:00:00+00:00,170.43800354003906,171.39999389648438,166.34950256347656,167.52200317382812,70726000,0.0,0.0,4793.5400390625,,386.1123352050781
2022-01-05 05:00:00+00:00,166.88299560546875,167.12649536132812,164.35699462890625,164.35699462890625,64302000,0.0,0.0,4700.580078125,,374.2504577636719
2022-01-06 05:00:00+00:00,163.45050048828125,164.8000030517578,161.93699645996094,163.25399780273438,51958000,0.0,0.0,4696.0498046875,,373.987548828125
2022-01-07 05:00:00+00:00,163.83900451660156,165.24349975585938,162.031005859375,162.5540008544922,46606000,0.0,0.0,4677.02978515625,,369.9362487792969
2022-01-10 05:00:00+00:00,160.5854949951172,161.6614990234375,156.30450439453125,161.48599243164062,87798000,0.0,0.0,4670.2900390625,,370.17974853515625
2022-01-11 05:00:00+00:00,161.5,166.35000610351562,160.70150756835938,165.36199951171875,62806000,0.0,0.0,4713.06982421875,,375.7406005859375
2022-01-12 05:00:00+00:00,166.5749969482422,166.8780059814453,164.41700744628906,165.20700073242188,50030000,0.0,0.0,4726.35009765625,,377.2305603027344
2022-01-13 05:00:00+00:00,165.25050354003906,166.22149658203125,161.09100341796875,161.21400451660156,52188000,0.0,0.0,4659.02978515625,,367.793701171875
2022-01-14 05:00:00+00:00,160.14999389648438,162.25,159.80050659179688,162.13800048828125,45974000,0.0,0.0,4662.85009765625,,370.08233642578125
2022-01-18 05:00:00+00:00,159.10499572753906,159.7344970703125,157.6645050048828,158.91749572753906,67292000,0.0,0.0,4577.10986328125,,360.8694763183594
2022-01-19 05:00:00+00:00,158.76199340820312,159.25,156.25,156.2989959716797,53242000,0.0,0.0,4532.759765625,,356.9058837890625
2022-01-20 05:00:00+00:00,156.76600646972656,158.0,151.3509979248047,151.66749572753906,71974000,0.0,0.0,4482.72998046875,,352.2701721191406
2022-01-21 05:00:00+00:00,149.9499969482422,150.89999389648438,142.07049560546875,142.64300537109375,163972000,0.0,0.0,4397.93994140625,,342.50213623046875
2022-01-24 05:00:00+00:00,139.0,144.94500732421875,135.3520050048828,144.54400634765625,155624000,0.0,0.0,4410.1298828125,,344.0700988769531
2022-01-25 05:00:00+00:00,142.24249267578125,143.60000610351562,138.14500427246094,139.98599243164062,90824000,0.0,0.0,4356.4501953125,,336.09405517578125
2022-01-26 05:00:00+00:00,144.75,145.18499755859375,137.31849670410156,138.87249755859375,95602000,0.0,0.0,4349.93017578125,,335.5682067871094
2022-01-27 05:00:00+00:00,140.8000030517578,144.24349975585938,139.35000610351562,139.6374969482422,77516000,0.0,0.0,4326.509765625,,332.1888427734375
2022-01-28 05:00:00+00:00,140.86050415039062,143.9980010986328,137.92950439453125,143.97799682617188,74392000,0.0,0.0,4431.85009765625,,342.6093444824219
2022-01-31 05:00:00+00:00,144.75,150.36050415039062,144.30050659179688,149.57350158691406,78308000,0.0,0.0,4515.5498046875,,353.5654296875
2022-02-01 05:00:00+00:00,150.0,151.70799255371094,147.62750244140625,151.19349670410156,59220000,0.0,0.0,4546.5400390625,,355.97088623046875
2022-02-02 05:00:00+00:00,155.05050659179688,155.0749969482422,148.86349487304688,150.6125030517578,87330000,0.0,0.0,4589.3798828125,,358.86328125
2022-02-03 05:00:00+00:00,141.7375030517578,144.24749755859375,138.33299255371094,138.8455047607422,225532000,0.0,0.0,4477.43994140625,,344.3135986328125
2022-02-04 05:00:00+00:00,155.60650634765625,161.1999969482422,150.60800170898438,157.63949584960938,253456000,0.0,0.0,4500.52978515625,,348.6571044921875
2022-02-07 05:00:00+00:00,158.52000427246094,162.6909942626953,157.25,157.9355010986328,102624000,0.0,0.0,4483.8701171875,,345.852294921875
2022-02-08 05:00:00+00:00,156.75050354003906,161.79249572753906,155.55050659179688,161.4134979248047,76040000,0.0,0.0,4521.5400390625,,349.7380065917969
2022-02-09 05:00:00+00:00,162.87350463867188,163.83450317382812,160.25,161.1894989013672,68786000,0.0,0.0,4587.18017578125,,357.14923095703125
2022-02-10 05:00:00+00:00,158.35000610351562,160.7165069580078,157.75,159.0034942626953,68268000,0.0,0.0,4504.080078125,,349.0661315917969
2022-02-11 05:00:00+00:00,158.13450622558594,159.0,152.73399353027344,153.2935028076172,77100000,0.0,0.0,4418.64013671875,,337.9931640625
2022-02-14 05:00:00+00:00,151.75100708007812,158.44850158691406,151.64999389648438,155.16700744628906,83230000,0.0,0.0,4401.669921875,,338.4118957519531
2022-02-15 05:00:00+00:00,157.60549926757812,158.0070037841797,154.6374969482422,156.510498046875,56440000,0.0,0.0,4471.06982421875,,346.8262939453125
2022-02-16 05:00:00+00:00,155.79049682617188,158.83399963378906,154.7344970703125,158.10049438476562,52704000,0.0,0.0,4475.009765625,,346.73858642578125
2022-02-17 05:00:00+00:00,158.14599609375,160.3489990234375,154.5,154.65249633789062,64032000,0.0,0.0,4380.259765625,,336.4252014160156
2022-02-18 05:00:00+00:00,155.49949645996094,155.49949645996094,150.89300537109375,152.60150146484375,63604000,0.0,0.0,4348.8701171875,,332.588134765625
2022-02-22 05:00:00+00:00,150.47850036621094,152.9824981689453,148.48550415039062,150.19749450683594,66128000,0.0,0.0,4304.759765625,,329.24774169921875
2022-02-23 05:00:00+00:00,151.65049743652344,151.76300048828125,144.6510009765625,144.82699584960938,64244000,0.0,0.0,4225.5,,320.8139953613281
2022-02-24 05:00:00+00:00,139.83749389648438,151.74899291992188,139.5,151.35800170898438,100786000,0.0,0.0,4288.7001953125,,331.59478759765625
2022-02-25 05:00:00+00:00,150.5500030517578,153.99000549316406,149.2135009765625,153.7884979248047,62396000,0.0,0.0,4384.64990234375,,336.73681640625
2022-02-28 05:00:00+00:00,152.4250030517578,154.4499969482422,150.85000610351562,153.56300354003906,57684000,0.0,0.0,4373.93994140625,,337.7398681640625
2022-03-01 05:00:00+00:00,152.7324981689453,154.0989990234375,149.9770050048828,151.14199829101562,44874000,0.0,0.0,4306.259765625,,332.568603515625
2022-03-02 05:00:00+00:00,150.8489990234375,152.99949645996094,148.75,152.05250549316406,47334000,0.0,0.0,4386.5400390625,,338.14898681640625
2022-03-03 05:00:00+00:00,153.531494140625,153.9290008544922,146.8560028076172,147.89849853515625,65198000,0.0,0.0,4363.490234375,,333.3185729980469
2022-03-04 05:00:00+00:00,147.15899658203125,147.85000610351562,143.8070068359375,145.64100646972656,60934000,0.0,0.0,4328.8701171875,,328.4881896972656
2022-03-07 05:00:00+00:00,145.44349670410156,146.09449768066406,137.41650390625,137.4530029296875,86934000,0.0,0.0,4201.08984375,,316.3731384277344
2022-03-08 05:00:00+00:00,136.68350219726562,140.69949340820312,133.57249450683594,136.01449584960938,91662000,0.0,0.0,4170.7001953125,,314.902587890625
2022-03-09 05:00:00+00:00,139.5,140.25,136.8280029296875,139.2790069580078,82656000,0.0,0.0,4277.8798828125,,326.23846435546875
2022-03-10 05:00:00+00:00,145.68499755859375,148.67449951171875,143.97799682617188,146.8175048828125,135062000,0.0,0.0,4259.52001953125,,322.6156311035156
2022-03-11 05:00:00+00:00,149.57449340820312,149.6750030517578,145.36900329589844,145.52450561523438,68900000,0.0,0.0,4204.31005859375,,315.9251403808594
2022-03-14 04:00:00+00:00,145.9810028076172,147.4499969482422,140.88400268554688,141.85299682617188,74086000,0.0,0.0,4173.10986328125,,309.85791015625
2022-03-15 04:00:00+00:00,142.85000610351562,147.98500061035156,142.0,147.3665008544922,75584000,0.0,0.0,4262.4501953125,,319.57720947265625
2022-03-16 04:00:00+00:00,148.5,153.14999389648438,147.35350036621094,153.10400390625,84958000,0.0,0.0,4357.85986328125,,331.4292297363281
2022-03-17 04:00:00+00:00,152.6405029296875,157.49850463867188,152.13999938964844,157.23899841308594,72934000,0.0,0.0,4411.669921875,,335.441650390625
2022-03-18 04:00:00+00:00,156.81300354003906,161.593994140625,156.01100158691406,161.25050354003906,102962000,0.0,0.0,4463.1201171875,,342.30743408203125
2022-03-21 04:00:00+00:00,161.12100219726562,163.08399963378906,159.55299377441406,161.4915008544922,66538000,0.0,0.0,4461.18017578125,,341.355712890625
2022-03-22 04:00:00+00:00,161.8054962158203,166.16700744628906,161.69900512695312,164.88900756835938,64086000,0.0,0.0,4511.60986328125,,348.0643615722656
2022-03-23 04:00:00+00:00,163.7050018310547,166.3699951171875,162.68699645996094,163.4080047607422,55812000,0.0,0.0,4456.240234375,,343.0621032714844
2022-03-24 04:00:00+00:00,163.74949645996094,164.11849975585938,160.0500030517578,163.64950561523438,56798000,0.0,0.0,4520.16015625,,350.6872253417969
2022-03-25 04:00:00+00:00,164.0,165.36849975585938,162.25,164.77349853515625,49032000,0.0,0.0,4543.06005859375,,350.39471435546875
2022-03-28 04:00:00+00:00,164.97500610351562,169.03750610351562,164.89999389648438,168.99049377441406,59854000,0.0,0.0,4575.52001953125,,355.81610107421875
2022-03-29 04:00:00+00:00,170.38400268554688,170.8314971923828,167.86849975585938,169.31500244140625,66154000,0.0,0.0,4631.60009765625,,361.93963623046875
2022-03-30 04:00:00+00:00,168.50950622558594,168.95050048828125,165.5,166.30099487304688,56168000,0.0,0.0,4602.4501953125,,357.94183349609375
2022-03-31 04:00:00+00:00,166.44500732421875,166.4949951171875,162.95350646972656,162.99749755859375,59966000,0.0,0.0,4530.41015625,,353.5052490234375
2022-04-01 04:00:00+00:00,164.14950561523438,165.82699584960938,162.3195037841797,163.55999755859375,57090000,0.0,0.0,4545.85986328125,,352.8324279785156
2022-04-04 04:00:00+00:00,164.125,168.39450073242188,163.20550537109375,168.34649658203125,49882000,0.0,0.0,4582.64013671875,,360.0967712402344
2022-04-05 04:00:00+00:00,167.7415008544922,168.11050415039062,163.26600646972656,164.05499267578125,53728000,0.0,0.0,4525.1201171875,,352.10107421875
2022-04-06 04:00:00+00:00,161.65049743652344,162.1999969482422,157.25450134277344,158.75599670410156,79056000,0.0,0.0,4481.14990234375,,344.45648193359375
2022-04-07 04:00:00+00:00,158.39999389648438,160.07899475097656,154.51150512695312,157.7845001220703,68136000,0.0,0.0,4500.2099609375,,345.275634765625
2022-04-08 04:00:00+00:00,156.75,157.36849975585938,154.2310028076172,154.4604949951172,46002000,0.0,0.0,4488.27978515625,,340.4488525390625
2022-04-11 04:00:00+00:00,152.71299743652344,154.13650512695312,150.5345001220703,151.1219940185547,52112000,0.0,0.0,4412.52978515625,,332.3948059082031
2022-04-12 04:00:00+00:00,153.6925048828125,155.0989990234375,150.38299560546875,150.78750610351562,55178000,0.0,0.0,4397.4501953125,,330.99066162109375
2022-04-13 04:00:00+00:00,150.01849365234375,156.02499389648438,149.60000610351562,155.54100036621094,53390000,0.0,0.0,4446.58984375,,337.7186584472656
2022-04-14 04:00:00+00:00,155.38999938964844,155.89700317382812,151.4720001220703,151.7064971923828,51598000,0.0,0.0,4392.58984375,,329.99609375
2022-04-18 04:00:00+00:00,151.52349853515625,154.0395050048828,150.25050354003906,152.78500366210938,46514000,0.0,0.0,4391.68994140625,,330.2496032714844
2022-04-19 04:00:00+00:00,152.0294952392578,158.6490020751953,151.55050659179688,158.11549377441406,54926000,0.0,0.0,4462.2099609375,,337.6309509277344
2022-04-20 04:00:00+00:00,157.6024932861328,157.6024932861328,153.60350036621094,153.9980010986328,59630000,0.0,0.0,4459.4501953125,,332.7068176269531
2022-04-21 04:00:00+00:00,154.71400451660156,156.73800659179688,147.58949279785156,148.29600524902344,63970000,0.0,0.0,4393.66015625,,325.82269287109375
2022-04-22 04:00:00+00:00,148.25,149.61500549316406,143.69749450683594,144.35000610351562,73078000,0.0,0.0,4271.77978515625,,317.2908020019531
2022-04-25 04:00:00+00:00,144.0229949951172,146.22149658203125,142.30650329589844,146.07400512695312,61874000,0.0,0.0,4296.1201171875,,321.3665466308594
2022-04-26 04:00:00+00:00,144.8000030517578,144.8560028076172,138.92950439453125,139.39100646972656,77530000,0.0,0.0,4175.2001953125,,309.23663330078125
2022-04-27 04:00:00+00:00,140.19149780273438,141.94850158691406,135.7834930419922,138.16700744628906,71336000,0.0,0.0,4183.9599609375,,308.8660583496094
2022-04-28 04:00:00+00:00,142.17799377441406,145.9375,140.3000030517578,144.59649658203125,117316000,0.0,0.0,4287.5,,319.83575439453125
2022-04-29 04:00:00+00:00,129.8489990234375,130.76100158691406,121.625,124.28150177001953,272662000,0.0,0.0,4131.93017578125,,305.44354248046875
2022-05-02 04:00:00+00:00,122.4010009765625,124.66799926757812,118.375,124.5,148788000,0.0,0.0,4155.3798828125,,310.5431823730469
2022-05-03 04:00:00+00:00,124.05349731445312,126.22049713134766,122.82499694824219,124.25350189208984,79134000,0.0,0.0,4175.47998046875,,310.874755859375
2022-05-04 04:00:00+00:00,123.5999984741211,126.0,119.18299865722656,125.92849731445312,110746000,0.0,0.0,4300.169921875,,321.3861083984375
2022-05-05 04:00:00+00:00,123.0,123.4990005493164,115.07250213623047,116.40699768066406,144392000,0.0,0.0,4146.8701171875,,305.1998596191406
2022-05-06 04:00:00+00:00,114.8499984741211,119.05049896240234,113.08149719238281,114.77249908447266,124260000,0.0,0.0,4123.33984375,,301.543212890625
2022-05-09 04:00:00+00:00,111.3125,114.0,107.95700073242188,108.78900146484375,128124000,0.0,0.0,3991.239990234375,,289.7447204589844
2022-05-10 04:00:00+00:00,111.25,112.64250183105469,107.1709976196289,108.85900115966797,105434000,0.0,0.0,4001.050048828125,,293.26483154296875
2022-05-11 04:00:00+00:00,108.10350036621094,110.15599822998047,104.42849731445312,105.37200164794922,109704000,0.0,0.0,3935.179931640625,,284.5671081542969
2022-05-12 04:00:00+00:00,102.75,110.78050231933594,102.40550231933594,106.93049621582031,132026000,0.0,0.0,3930.080078125,,283.89434814453125
2022-05-13 04:00:00+00:00,109.06900024414062,113.18399810791016,107.80000305175781,113.05500030517578,93684000,0.0,0.0,4023.889892578125,,294.4154357910156
2022-05-16 04:00:00+00:00,113.0999984741211,113.99250030517578,110.35399627685547,110.81050109863281,74566000,0.0,0.0,4008.010009765625,,291.0026550292969
2022-05-17 04:00:00+00:00,113.2750015258789,115.80000305175781,111.27649688720703,115.36849975585938,76448000,0.0,0.0,4088.85009765625,,298.5400390625
2022-05-18 04:00:00+00:00,111.43949890136719,112.85299682617188,106.2490005493164,107.11250305175781,108380000,0.0,0.0,3923.679931640625,,283.8846130371094
2022-05-19 04:00:00+00:00,106.28050231933594,110.03399658203125,106.19300079345703,107.31900024414062,88142000,0.0,0.0,3900.7900390625,,282.36346435546875
2022-05-20 04:00:00+00:00,109.56849670410156,109.89800262451172,105.0094985961914,107.59100341796875,99500000,0.0,0.0,3901.360107421875,,281.48590087890625
2022-05-23 04:00:00+00:00,108.46099853515625,108.81900024414062,103.94999694824219,107.55699920654297,107798000,0.0,0.0,3973.75,,286.166259765625
2022-05-24 04:00:00+00:00,104.0250015258789,105.4000015258789,101.26000213623047,104.0999984741211,102934000,0.0,0.0,3941.47998046875,,280.08172607421875
2022-05-25 04:00:00+00:00,103.65550231933594,108.17500305175781,103.6500015258789,106.7750015258789,93120000,0.0,0.0,3978.72998046875,,284.0015869140625
2022-05-26 04:00:00+00:00,107.97000122070312,112.66549682617188,107.45349884033203,111.07749938964844,93002000,0.0,0.0,4057.840087890625,,291.87042236328125
2022-05-27 04:00:00+00:00,113.55000305175781,115.18699645996094,112.62799835205078,115.14649963378906,93660000,0.0,0.0,4158.240234375,,301.3970031738281
2022-05-31 04:00:00+00:00,116.27999877929688,121.99449920654297,115.67500305175781,120.20950317382812,144634000,0.0,0.0,4132.14990234375,,300.597412109375
2022-06-01 04:00:00+00:00,122.25599670410156,125.17900085449219,120.62249755859375,121.68399810791016,127528000,0.0,0.0,4101.22998046875,,298.374267578125
2022-06-02 04:00:00+00:00,121.68399810791016,125.61000061035156,120.04499816894531,125.51100158691406,100560000,0.0,0.0,4176.81982421875,,306.54541015625
2022-06-03 04:00:00+00:00,124.19999694824219,124.4000015258789,121.04650115966797,122.3499984741211,97604000,0.0,0.0,4108.5400390625,,298.5693664550781
2022-06-06 04:00:00+00:00,125.25,128.99000549316406,123.80999755859375,124.79000091552734,135269000,0.0,20.0,4121.43017578125,,299.56378173828125
2022-06-07 04:00:00+00:00,122.01000213623047,124.0999984741211,120.62999725341797,123.0,85156700,0.0,0.0,4160.68017578125,,302.1478271484375
2022-06-08 04:00:00+00:00,122.61000061035156,123.75,120.75,121.18000030517578,64926600,0.0,0.0,4115.77001953125,,299.973388671875
2022-06-09 04:00:00+00:00,119.98999786376953,121.30000305175781,116.0999984741211,116.1500015258789,67029800,0.0,0.0,4017.820068359375,,291.938720703125
2022-06-10 04:00:00+00:00,113.41999816894531,114.5,109.05000305175781,109.6500015258789,87266000,0.0,0.0,3900.860107421875,,281.6418762207031
2022-06-13 04:00:00+00:00,104.19000244140625,106.54000091552734,101.86000061035156,103.66999816894531,99277700,0.0,0.0,3749.6298828125,,268.5466003417969
2022-06-14 04:00:00+00:00,104.19000244140625,104.87999725341797,101.43000030517578,102.30999755859375,69728800,0.0,0.0,3735.47998046875,,269.0341491699219
2022-06-15 04:00:00+00:00,103.86000061035156,109.05999755859375,103.52999877929688,107.66999816894531,85011100,0.0,0.0,3789.989990234375,,275.7523498535156
2022-06-16 04:00:00+00:00,104.47000122070312,104.58000183105469,102.01000213623047,103.66000366210938,82186300,0.0,0.0,3666.77001953125,,264.6268005371094
2022-06-17 04:00:00+00:00,102.80000305175781,106.9800033569336,102.51000213623047,106.22000122070312,99772100,0.0,0.0,3674.840087890625,,267.844482421875
2022-06-21 04:00:00+00:00,108.19999694824219,111.62999725341797,103.55999755859375,108.68000030517578,70901200,0.0,0.0,3764.7900390625,,274.6021423339844
2022-06-22 04:00:00+00:00,107.43000030517578,112.12999725341797,107.0199966430664,108.94999694824219,60040100,0.0,0.0,3759.889892578125,,274.2015686035156
2022-06-23 04:00:00+00:00,110.38999938964844,113.0,107.93000030517578,112.44000244140625,64345300,0.0,0.0,3795.72998046875,,278.2851867675781
2022-06-24 04:00:00+00:00,112.37999725341797,116.70999908447266,111.43000030517578,116.45999908447266,69867600,0.0,0.0,3911.739990234375,,287.8202819824219
2022-06-27 04:00:00+00:00,117.08999633789062,117.9800033569336,112.69999694824219,113.22000122070312,62133200,0.0,0.0,3900.110107421875,,285.7100830078125
2022-06-28 04:00:00+00:00,113.5,114.8499984741211,107.04000091552734,107.4000015258789,74942900,0.0,0.0,3821.550048828125,,277.00543212890625
2022-06-29 04:00:00+00:00,107.37999725341797,110.98999786376953,106.91000366210938,108.91999816894531,66375300,0.0,0.0,3818.830078125,,277.259521484375
2022-06-30 04:00:00+00:00,108.11000061035156,108.18000030517578,102.5199966430664,106.20999908447266,97679400,0.0,0.0,3785.3798828125,,273.8205261230469
2022-07-01 04:00:00+00:00,106.29000091552734,109.75,105.8499984741211,109.55999755859375,73021200,0.0,0.0,3825.330078125,,275.6278991699219
2022-07-05 04:00:00+00:00,107.5999984741211,114.08000183105469,106.31999969482422,113.5,76583700,0.0,0.0,3831.389892578125,,280.3465576171875
2022-07-06 04:00:00+00:00,113.20999908447266,115.4800033569336,112.01000213623047,114.33000183105469,66958900,0.0,0.0,3845.080078125,,282.1441955566406
2022-07-07 04:00:00+00:00,113.8499984741211,116.98999786376953,113.48999786376953,116.33000183105469,57872300,0.0,0.0,3902.6201171875,,288.1817932128906
2022-07-08 04:00:00+00:00,114.5999984741211,116.58000183105469,113.69000244140625,115.54000091552734,45719700,0.0,0.0,3899.3798828125,,288.54327392578125
2022-07-11 04:00:00+00:00,114.08000183105469,114.30000305175781,110.87000274658203,111.75,53487600,0.0,0.0,3854.429931640625,,282.3786926269531
2022-07-12 04:00:00+00:00,112.16000366210938,113.2300033569336,108.33999633789062,109.22000122070312,54280300,0.0,0.0,3818.800048828125,,279.6431884765625
2022-07-13 04:00:00+00:00,107.02999877929688,111.77999877929688,106.01000213623047,110.4000015258789,61353800,0.0,0.0,3801.780029296875,,279.0667419433594
2022-07-14 04:00:00+00:00,110.23999786376953,111.18000030517578,107.58000183105469,110.62999725341797,51163100,0.0,0.0,3790.3798828125,,280.06329345703125
2022-07-15 04:00:00+00:00,112.5,115.58999633789062,111.58999633789062,113.55000305175781,84317800,0.0,0.0,3863.159912109375,,285.1434020996094
2022-07-18 04:00:00+00:00,115.0,117.23999786376953,113.1500015258789,113.76000213623047,59115400,0.0,0.0,3830.85009765625,,282.7304382324219
2022-07-19 04:00:00+00:00,115.69999694824219,118.94999694824219,114.02999877929688,118.20999908447266,60990000,0.0,0.0,3936.68994140625,,291.42523193359375
2022-07-20 04:00:00+00:00,118.62000274658203,123.4800033569336,118.31999969482422,122.7699966430664,71268300,0.0,0.0,3959.89990234375,,296.04620361328125
2022-07-21 04:00:00+00:00,123.19999694824219,124.8499984741211,121.26000213623047,124.62999725341797,60239900,0.0,0.0,3998.949951171875,,300.2959899902344
2022-07-22 04:00:00+00:00,125.01000213623047,125.5,121.3499984741211,122.41999816894531,51463800,0.0,0.0,3961.6298828125,,295.0301818847656
2022-07-25 04:00:00+00:00,122.69999694824219,123.63999938964844,120.02999877929688,121.13999938964844,50221300,0.0,0.0,3966.840087890625,,293.3498840332031
2022-07-26 04:00:00+00:00,115.79000091552734,118.1500015258789,114.52999877929688,114.80999755859375,67075100,0.0,0.0,3921.050048828125,,287.5857849121094
2022-07-27 04:00:00+00:00,117.30999755859375,121.9000015258789,117.16000366210938,120.97000122070312,61582000,0.0,0.0,4023.610107421875,,299.7391662597656
2022-07-28 04:00:00+00:00,121.56999969482422,122.83999633789062,118.08000183105469,122.27999877929688,82245500,0.0,0.0,4072.429931640625,,302.6700439453125
2022-07-29 04:00:00+00:00,134.89999389648438,137.64999389648438,132.41000366210938,134.9499969482422,148892900,0.0,0.0,4130.2900390625,,308.18975830078125
2022-08-01 04:00:00+00:00,134.9600067138672,138.8300018310547,133.50999450683594,135.38999938964844,76846900,0.0,0.0,4118.6298828125,,308.00408935546875
2022-08-02 04:00:00+00:00,134.72000122070312,137.44000244140625,134.08999633789062,134.16000366210938,61922400,0.0,0.0,4091.18994140625,,307.0858154296875
2022-08-03 04:00:00+00:00,136.2100067138672,140.49000549316406,136.0500030517578,139.52000427246094,71827800,0.0,0.0,4155.169921875,,315.44854736328125
2022-08-04 04:00:00+00:00,140.5800018310547,143.55999755859375,139.5500030517578,142.57000732421875,70585000,0.0,0.0,4151.93994140625,,316.92376708984375
2022-08-05 04:00:00+00:00,140.10000610351562,142.86000061035156,139.60000610351562,140.8000030517578,50686900,0.0,0.0,4145.18994140625,,314.3348388671875
2022-08-08 04:00:00+00:00,142.0500030517578,144.22999572753906,138.2899932861328,139.41000366210938,52229000,0.0,0.0,4140.06005859375,,313.3187561035156
2022-08-09 04:00:00+00:00,138.0500030517578,138.9499969482422,136.2100067138672,137.8300018310547,40434700,0.0,0.0,4122.47021484375,,309.7724914550781
2022-08-10 04:00:00+00:00,142.89999389648438,144.60000610351562,141.00999450683594,142.69000244140625,54773800,0.0,0.0,4210.240234375,,318.41845703125
2022-08-11 04:00:00+00:00,143.86000061035156,144.49000549316406,139.75999450683594,140.63999938964844,44867300,0.0,0.0,4207.27001953125,,316.611083984375
2022-08-12 04:00:00+00:00,142.0500030517578,143.57000732421875,140.1199951171875,143.5500030517578,47643500,0.0,0.0,4280.14990234375,,322.7757263183594
2022-08-15 04:00:00+00:00,142.8000030517578,143.75999450683594,141.49000549316406,143.17999267578125,39014600,0.0,0.0,4297.14013671875,,325.3842468261719
2022-08-16 04:00:00+00:00,143.91000366210938,146.57000732421875,142.0,144.77999877929688,59102900,0.0,0.0,4305.2001953125,,324.62213134765625
2022-08-17 04:00:00+00:00,142.69000244140625,143.3800048828125,140.77999877929688,142.10000610351562,48149800,0.0,0.0,4274.0400390625,,320.9194641113281
2022-08-18 04:00:00+00:00,141.32000732421875,142.77000427246094,140.3800048828125,142.3000030517578,37458700,0.0,0.0,4283.740234375,,321.6913146972656
2022-08-19 04:00:00+00:00,140.47000122070312,141.11000061035156,137.91000366210938,138.22999572753906,47792800,0.0,0.0,4228.47998046875,,315.4192810058594
2022-08-22 04:00:00+00:00,135.72000122070312,136.32000732421875,132.85000610351562,133.22000122070312,50461500,0.0,0.0,4137.990234375,,307.1151123046875
2022-08-23 04:00:00+00:00,133.41000366210938,134.99000549316406,132.9499969482422,133.6199951171875,36252100,0.0,0.0,4128.72998046875,,306.86114501953125
2022-08-24 04:00:00+00:00,132.75,135.47000122070312,132.10000610351562,133.8000030517578,38627000,0.0,0.0,4140.77001953125,,307.7501220703125
2022-08-25 04:00:00+00:00,135.25999450683594,137.4199981689453,134.27999877929688,137.27999877929688,37496300,0.0,0.0,4199.1201171875,,313.1918029785156
2022-08-26 04:00:00+00:00,136.5500030517578,137.8300018310547,130.5,130.75,53322700,0.0,0.0,4057.659912109375,,300.3546447753906
2022-08-29 04:00:00+00:00,129.89999389648438,131.9499969482422,128.77000427246094,129.7899932861328,48101600,0.0,0.0,4030.610107421875,,297.3945007324219
2022-08-30 04:00:00+00:00,131.25,132.07000732421875,126.8499984741211,128.72999572753906,49203000,0.0,0.0,3986.159912109375,,294.08258056640625
2022-08-31 04:00:00+00:00,129.4499969482422,130.58999633789062,126.73999786376953,126.7699966430664,53648700,0.0,0.0,3955.0,,292.3729248046875
2022-09-01 04:00:00+00:00,126.0,128.02000427246094,123.66000366210938,127.81999969482422,56636100,0.0,0.0,3966.85009765625,,292.4999084472656
2022-09-02 04:00:00+00:00,129.5,131.3800048828125,126.38999938964844,127.51000213623047,57429800,0.0,0.0,3924.260009765625,,288.36737060546875
2022-09-06 04:00:00+00:00,127.91999816894531,128.6199951171875,124.73999786376953,126.11000061035156,43888600,0.0,0.0,3908.18994140625,,286.2962341308594
2022-09-07 04:00:00+00:00,126.12000274658203,129.82000732421875,125.4000015258789,129.47999572753906,47900300,0.0,0.0,3979.8701171875,,292.07989501953125
2022-09-08 04:00:00+00:00,127.72000122070312,130.27999877929688,127.0999984741211,129.82000732421875,43988500,0.0,0.0,4006.179931640625,,293.5941162109375
2022-09-09 04:00:00+00:00,130.91000366210938,133.69000244140625,130.75999450683594,133.27000427246094,49387600,0.0,0.0,4067.360107421875,,300.0126647949219
2022-09-12 04:00:00+00:00,134.10000610351562,136.49000549316406,134.0,136.4499969482422,53826900,0.0,0.0,4110.41015625,,303.5785827636719
2022-09-13 04:00:00+00:00,131.00999450683594,131.39999389648438,126.2699966430664,126.81999969482422,72694000,0.0,0.0,3932.68994140625,,286.9312438964844
2022-09-14 04:00:00+00:00,127.36000061035156,128.83999633789062,126.33000183105469,128.5500030517578,45316800,0.0,0.0,3946.010009765625,,289.20751953125
2022-09-15 04:00:00+00:00,127.37999725341797,130.3699951171875,125.5,126.27999877929688,52887200,0.0,0.0,3901.35009765625,,284.3912048339844
2022-09-16 04:00:00+00:00,122.77999877929688,123.87000274658203,120.69999694824219,123.52999877929688,115667800,0.0,0.0,3873.330078125,,282.6522216796875
2022-09-19 04:00:00+00:00,122.16000366210938,124.70999908447266,121.80000305175781,124.66000366210938,47279700,0.0,0.0,3899.889892578125,,284.8533630371094
2022-09-20 04:00:00+00:00,123.3499984741211,124.4000015258789,121.13999938964844,122.19000244140625,47698400,0.0,0.0,3855.929931640625,,282.58270263671875
2022-09-21 04:00:00+00:00,122.48999786376953,123.76000213623047,118.44999694824219,118.54000091552734,58498900,0.0,0.0,3789.929931640625,,277.5228576660156
2022-09-22 04:00:00+00:00,117.08000183105469,118.79000091552734,116.26000213623047,117.30999755859375,55229200,0.0,0.0,3757.989990234375,,274.1070861816406
2022-09-23 04:00:00+00:00,116.0,116.05000305175781,112.05999755859375,113.77999877929688,65126700,0.0,0.0,3693.22998046875,,269.6442565917969
2022-09-26 04:00:00+00:00,113.30000305175781,117.33999633789062,113.12999725341797,115.1500015258789,62723300,0.0,0.0,3655.0400390625,,268.52838134765625
2022-09-27 04:00:00+00:00,117.19999694824219,118.31999969482422,113.05000305175781,114.41000366210938,60094700,0.0,0.0,3647.2900390625,,268.6361083984375
2022-09-28 04:00:00+00:00,114.37999725341797,118.69999694824219,113.80000305175781,118.01000213623047,55763800,0.0,0.0,3719.0400390625,,273.9798583984375
2022-09-29 04:00:00+00:00,115.5999984741211,116.06999969482422,113.05999755859375,114.80000305175781,58969700,0.0,0.0,3640.469970703125,,266.08172607421875
2022-09-30 04:00:00+00:00,114.08000183105469,116.91999816894531,112.83999633789062,113.0,59479600,0.0,0.0,3585.6201171875,,261.56988525390625
2022-10-03 04:00:00+00:00,113.58000183105469,116.91000366210938,112.44999694824219,115.87999725341797,50941900,0.0,0.0,3678.429931640625,,267.70635986328125
2022-10-04 04:00:00+00:00,119.88999938964844,123.0,119.79000091552734,121.08999633789062,62812600,0.0,0.0,3790.929931640625,,276.1232604980469
2022-10-05 04:00:00+00:00,118.58000183105469,121.75,117.69000244140625,120.94999694824219,48217500,0.0,0.0,3783.280029296875,,275.9764404296875
2022-10-06 04:00:00+00:00,120.7699966430664,121.52999877929688,119.5,120.30000305175781,42253800,0.0,0.0,3744.52001953125,,273.8037109375
2022-10-07 04:00:00+00:00,118.0,118.16999816894531,113.87999725341797,114.55999755859375,54678000,0.0,0.0,3639.659912109375,,263.37060546875
2022-10-10 04:00:00+00:00,115.0999984741211,116.25,112.43000030517578,113.66999816894531,42339700,0.0,0.0,3612.389892578125,,260.7379150390625
2022-10-11 04:00:00+00:00,112.70999908447266,115.4800033569336,110.38999938964844,112.20999908447266,56432200,0.0,0.0,3588.840087890625,,257.15582275390625
2022-10-12 04:00:00+00:00,112.48999786376953,113.83000183105469,111.4000015258789,112.9000015258789,45728700,0.0,0.0,3577.030029296875,,257.06787109375
2022-10-13 04:00:00+00:00,107.87999725341797,113.44000244140625,105.3499984741211,112.52999877929688,86868100,0.0,0.0,3669.909912109375,,263.0966491699219
2022-10-14 04:00:00+00:00,114.0999984741211,114.95999908447266,106.5999984741211,106.9000015258789,67737300,0.0,0.0,3583.070068359375,,255.1886444091797
2022-10-17 04:00:00+00:00,110.11000061035156,114.19000244140625,110.08999633789062,113.79000091552734,62782000,0.0,0.0,3677.949951171875,,263.6153564453125
2022-10-18 04:00:00+00:00,119.05999755859375,119.5199966430664,114.79000091552734,116.36000061035156,65607400,0.0,0.0,3719.97998046875,,265.699951171875
2022-10-19 04:00:00+00:00,114.70999908447266,116.58999633789062,113.22000122070312,115.06999969482422,47198100,0.0,0.0,3695.159912109375,,264.7310485839844
2022-10-20 04:00:00+00:00,113.83000183105469,118.23999786376953,113.51000213623047,115.25,48795100,0.0,0.0,3665.780029296875,,263.38043212890625
2022-10-21 04:00:00+00:00,114.79000091552734,119.58999633789062,114.5,119.31999969482422,55660500,0.0,0.0,3752.75,,269.5561218261719
2022-10-24 04:00:00+00:00,119.9800033569336,120.38999938964844,116.56999969482422,119.81999969482422,49531500,0.0,0.0,3797.340087890625,,272.5216369628906
2022-10-25 04:00:00+00:00,119.6500015258789,121.31999969482422,118.94999694824219,120.5999984741211,50934600,0.0,0.0,3859.110107421875,,278.1590270996094
2022-10-26 04:00:00+00:00,116.0,119.3499984741211,114.76000213623047,115.66000366210938,68802300,0.0,0.0,3830.60009765625,,272.0127258300781
2022-10-27 04:00:00+00:00,113.91999816894531,114.12000274658203,109.7699966430664,110.95999908447266,129605400,0.0,0.0,3807.300048828125,,267.06036376953125
2022-10-28 04:00:00+00:00,97.91000366210938,103.95999908447266,97.66000366210938,103.41000366210938,223133400,0.0,0.0,3901.06005859375,,275.23260498046875
2022-10-31 04:00:00+00:00,103.55999755859375,104.87000274658203,100.73999786376953,102.44000244140625,99251400,0.0,0.0,3871.97998046875,,272.03228759765625
2022-11-01 04:00:00+00:00,103.98999786376953,104.58000183105469,96.05999755859375,96.79000091552734,153370000,0.0,0.0,3856.10009765625,,269.2526550292969
2022-11-02 04:00:00+00:00,97.31999969482422,97.73999786376953,92.01000213623047,92.12000274658203,135761800,0.0,0.0,3759.68994140625,,260.0234680175781
2022-11-03 04:00:00+00:00,92.47000122070312,93.5,89.0199966430664,89.30000305175781,136683300,0.0,0.0,3719.889892578125,,254.94398498535156
2022-11-04 04:00:00+00:00,91.48999786376953,92.44000244140625,88.04000091552734,90.9800033569336,129101300,0.0,0.0,3770.550048828125,,259.04473876953125
2022-11-07 05:00:00+00:00,91.94999694824219,92.0999984741211,89.04000091552734,90.52999877929688,77495700,0.0,0.0,3806.800048828125,,261.892822265625
2022-11-08 05:00:00+00:00,90.79000091552734,91.72000122070312,88.2300033569336,89.9800033569336,88703400,0.0,0.0,3828.110107421875,,263.8013610839844
2022-11-09 05:00:00+00:00,89.47000122070312,89.4800033569336,85.87000274658203,86.13999938964844,90796200,0.0,0.0,3748.570068359375,,257.7137145996094
2022-11-10 05:00:00+00:00,92.94000244140625,98.69000244140625,91.6500015258789,96.62999725341797,173414900,0.0,0.0,3956.3701171875,,276.73004150390625
2022-11-11 05:00:00+00:00,97.87999725341797,101.19000244140625,96.66000366210938,100.79000091552734,111590500,0.0,0.0,3992.929931640625,,281.8291015625
2022-11-14 05:00:00+00:00,98.7699966430664,100.12000274658203,97.29000091552734,98.48999786376953,99533100,0.0,0.0,3957.25,,279.3628234863281
2022-11-15 05:00:00+00:00,103.20999908447266,103.79000091552734,97.33999633789062,98.94000244140625,111336300,0.0,0.0,3991.72998046875,,283.2286682128906
2022-11-16 05:00:00+00:00,96.8499984741211,98.48999786376953,95.54000091552734,97.12000274658203,87958800,0.0,0.0,3958.7900390625,,279.3628234863281
2022-11-17 05:00:00+00:00,95.37000274658203,96.97000122070312,94.02999877929688,94.8499984741211,82617900,0.0,0.0,3946.56005859375,,278.74615478515625
2022-11-18 05:00:00+00:00,95.94999694824219,95.98999786376953,92.4800033569336,94.13999938964844,72428200,0.0,0.0,3965.340087890625,,278.7559509277344
2022-11-21 05:00:00+00:00,93.97000122070312,95.0199966430664,90.58999633789062,92.45999908447266,84330300,0.0,0.0,3949.93994140625,,275.8883972167969
2022-11-22 05:00:00+00:00,92.62000274658203,93.3499984741211,90.87000274658203,93.19999694824219,62192000,0.0,0.0,4003.580078125,,279.8619079589844
2022-11-23 05:00:00+00:00,93.23999786376953,94.58000183105469,92.83000183105469,94.12999725341797,59414700,0.0,0.0,4027.260009765625,,282.6708679199219
2022-11-25 05:00:00+00:00,93.79000091552734,94.43000030517578,93.06999969482422,93.41000366210938,35088600,0.0,0.0,4026.1201171875,,280.81134033203125
2022-11-28 05:00:00+00:00,93.93000030517578,96.4000015258789,93.43000030517578,93.94999694824219,74943100,0.0,0.0,3963.93994140625,,276.6908264160156
2022-11-29 05:00:00+00:00,94.04000091552734,94.41000366210938,91.44000244140625,92.41999816894531,65567300,0.0,0.0,3957.6298828125,,274.596435546875
2022-11-30 05:00:00+00:00,92.47000122070312,96.54000091552734,91.52999877929688,96.54000091552734,102805800,0.0,0.0,4080.110107421875,,287.1141052246094
2022-12-01 05:00:00+00:00,96.98999786376953,97.2300033569336,94.91999816894531,95.5,68488000,0.0,0.0,4076.570068359375,,287.46649169921875
2022-12-02 05:00:00+00:00,94.4800033569336,95.36000061035156,93.77999877929688,94.12999725341797,72496400,0.0,0.0,4071.699951171875,,286.3213806152344
2022-12-05 05:00:00+00:00,93.05000305175781,94.05999755859375,90.81999969482422,91.01000213623047,71535500,0.0,0.0,3998.840087890625,,281.5159912109375
2022-12-06 05:00:00+00:00,90.5,91.04000091552734,87.9000015258789,88.25,75503600,0.0,0.0,3941.260009765625,,275.6827697753906
2022-12-07 05:00:00+00:00,88.33999633789062,89.88999938964844,87.4800033569336,88.45999908447266,68086900,0.0,0.0,3933.919921875,,274.55731201171875
2022-12-08 05:00:00+00:00,89.23999786376953,90.86000061035156,87.87999725341797,90.3499984741211,73305900,0.0,0.0,3963.510009765625,,277.8066711425781
2022-12-09 05:00:00+00:00,88.9000015258789,90.30000305175781,88.62999725341797,89.08999633789062,67398500,0.0,0.0,3934.3798828125,,276.03521728515625
2022-12-12 05:00:00+00:00,89.20999908447266,90.58000183105469,87.87000274658203,90.55000305175781,61999800,0.0,0.0,3990.56005859375,,279.499755859375
2022-12-13 05:00:00+00:00,95.2300033569336,96.25,90.5199966430664,92.48999786376953,100212000,0.0,0.0,4019.64990234375,,282.5044250488281
2022-12-14 05:00:00+00:00,92.5,93.45999908447266,89.87000274658203,91.58000183105469,70298000,0.0,0.0,3995.320068359375,,280.4100036621094
2022-12-15 05:00:00+00:00,89.88999938964844,89.97000122070312,87.47000122070312,88.44999694824219,84802900,0.0,0.0,3895.75,,270.99481201171875
2022-12-16 05:00:00+00:00,88.2699966430664,89.3499984741211,86.7300033569336,87.86000061035156,146144100,0.0,0.0,3852.360107421875,,268.4110412597656
2022-12-19 05:00:00+00:00,87.51000213623047,87.62999725341797,84.51000213623047,84.91999816894531,83531500,0.0,0.0,3817.659912109375,,264.6388854980469
2022-12-20 05:00:00+00:00,85.33000183105469,86.61000061035156,84.33000183105469,85.19000244140625,74348300,0.0,0.0,3821.6201171875,,264.4328918457031
2022-12-21 05:00:00+00:00,86.18000030517578,87.2300033569336,85.20999908447266,86.7699966430664,59267200,0.0,0.0,3878.43994140625,,268.26873779296875
2022-12-22 05:00:00+00:00,85.5199966430664,85.68000030517578,82.25,83.79000091552734,81431300,0.0,0.0,3822.389892578125,,261.70556640625
2022-12-23 05:00:00+00:00,83.25,85.77999877929688,82.93000030517578,85.25,57433700,0.0,0.0,3844.820068359375,,262.29412841796875
2022-12-27 05:00:00+00:00,84.97000122070312,85.3499984741211,83.0,83.04000091552734,57284000,0.0,0.0,3829.25,,258.5857238769531
2022-12-28 05:00:00+00:00,82.80000305175781,83.4800033569336,81.69000244140625,81.81999969482422,58228600,0.0,0.0,3783.219970703125,,255.1717071533203
2022-12-29 05:00:00+00:00,82.87000274658203,84.55000305175781,82.55000305175781,84.18000030517578,54995900,0.0,0.0,3849.280029296875,,261.3916015625
2022-12-30 05:00:00+00:00,83.12000274658203,84.05000305175781,82.47000122070312,84.0,62401200,0.0,0.0,3839.5,,261.23455810546875
2023-01-03 05:00:00+00:00,85.45999908447266,86.95999908447266,84.20999908447266,85.81999969482422,76706000,0.0,0.0,3824.139892578125,,259.46875
2023-01-04 05:00:00+00:00,86.55000305175781,86.9800033569336,83.36000061035156,85.13999938964844,68885100,0.0,0.0,3852.969970703125,,260.7048034667969
2023-01-05 05:00:00+00:00,85.33000183105469,85.41999816894531,83.06999969482422,83.12000274658203,67930800,0.0,0.0,3808.10009765625,,256.6236877441406
2023-01-06 05:00:00+00:00,83.02999877929688,86.4000015258789,81.43000030517578,86.08000183105469,83303400,0.0,0.0,3895.080078125,,263.70684814453125
2023-01-09 05:00:00+00:00,87.45999908447266,89.4800033569336,87.08000183105469,87.36000061035156,65266100,0.0,0.0,3892.090087890625,,265.4139404296875
2023-01-10 05:00:00+00:00,87.56999969482422,90.19000244140625,87.29000091552734,89.87000274658203,67756600,0.0,0.0,3919.25,,267.6604309082031
2023-01-11 05:00:00+00:00,90.93000030517578,95.26000213623047,90.93000030517578,95.08999633789062,103126200,0.0,0.0,3969.610107421875,,272.2910461425781
2023-01-12 05:00:00+00:00,96.93000030517578,97.19000244140625,93.5,95.2699966430664,85254800,0.0,0.0,3983.169921875,,273.7626953125
2023-01-13 05:00:00+00:00,94.18000030517578,98.37000274658203,94.12000274658203,98.12000274658203,85549400,0.0,0.0,3999.090087890625,,275.6462707519531
2023-01-17 05:00:00+00:00,98.68000030517578,98.88999938964844,95.7300033569336,96.05000305175781,72755000,0.0,0.0,3990.969970703125,,276.2055358886719
2023-01-18 05:00:00+00:00,97.25,99.31999969482422,95.37999725341797,95.45999908447266,79570400,0.0,0.0,3928.860107421875,,272.6148376464844
2023-01-19 05:00:00+00:00,94.73999786376953,95.44000244140625,92.86000061035156,93.68000030517578,69002700,0.0,0.0,3898.85009765625,,269.9365234375
2023-01-20 05:00:00+00:00,93.86000061035156,97.3499984741211,93.19999694824219,97.25,67481500,0.0,0.0,3972.610107421875,,277.3238220214844
2023-01-23 05:00:00+00:00,97.55999755859375,97.77999877929688,95.86000061035156,97.5199966430664,76501100,0.0,0.0,4019.81005859375,,283.4848937988281
2023-01-24 05:00:00+00:00,96.93000030517578,98.08999633789062,96.0,96.31999969482422,66929500,0.0,0.0,4016.949951171875,,282.90606689453125
2023-01-25 05:00:00+00:00,92.55999755859375,97.23999786376953,91.5199966430664,97.18000030517578,94261600,0.0,0.0,4016.219970703125,,282.2782287597656
2023-01-26 05:00:00+00:00,98.23999786376953,99.48999786376953,96.91999816894531,99.22000122070312,68523600,0.0,0.0,4060.429931640625,,287.7818603515625
2023-01-27 05:00:00+00:00,99.52999877929688,103.48999786376953,99.52999877929688,102.23999786376953,87775600,0.0,0.0,4070.56005859375,,290.6466064453125
2023-01-30 05:00:00+00:00,101.08999633789062,101.73999786376953,99.01000213623047,100.55000305175781,70691900,0.0,0.0,4017.77001953125,,284.7699890136719
2023-01-31 05:00:00+00:00,101.16000366210938,103.3499984741211,101.13999938964844,103.12999725341797,66527300,0.0,0.0,4076.60009765625,,289.03759765625
2023-02-01 05:00:00+00:00,102.52999877929688,106.23999786376953,101.23999786376953,105.1500015258789,80450100,0.0,0.0,4119.2099609375,,295.21832275390625
2023-02-02 05:00:00+00:00,110.25,114.0,108.87999725341797,112.91000366210938,158154200,0.0,0.0,4179.759765625,,305.81365966796875
2023-02-03 05:00:00+00:00,105.26000213623047,108.77999877929688,102.5199966430664,103.38999938964844,144374800,0.0,0.0,4136.47998046875,,300.3785705566406
2023-02-06 05:00:00+00:00,102.93000030517578,103.94999694824219,100.6500015258789,102.18000030517578,81945200,0.0,0.0,4111.080078125,,297.83770751953125
2023-02-07 05:00:00+00:00,101.16999816894531,102.41000366210938,98.08000183105469,102.11000061035156,119501300,0.0,0.0,4164.0,,304.00848388671875
2023-02-08 05:00:00+00:00,102.04000091552734,102.66999816894531,98.77999877929688,100.05000305175781,75878300,0.0,0.0,4117.85986328125,,298.60284423828125
2023-02-09 05:00:00+00:00,101.31999969482422,101.77999877929688,97.56999969482422,98.23999786376953,64622500,0.0,0.0,4081.5,,295.9638671875
2023-02-10 05:00:00+00:00,97.55999755859375,98.81999969482422,96.2300033569336,97.61000061035156,52740100,0.0,0.0,4090.4599609375,,294.0213928222656
2023-02-13 05:00:00+00:00,97.8499984741211,99.68000030517578,96.91000366210938,99.54000091552734,52841500,0.0,0.0,4137.2900390625,,298.7304992675781
2023-02-14 05:00:00+00:00,98.41000366210938,100.91999816894531,97.5199966430664,99.69999694824219,56202900,0.0,0.0,4136.1298828125,,300.9378356933594
2023-02-15 05:00:00+00:00,99.08999633789062,101.16999816894531,98.44999694824219,101.16000366210938,47957600,0.0,0.0,4147.60009765625,,303.24334716796875
2023-02-16 05:00:00+00:00,99.20999908447266,100.62999725341797,98.0999984741211,98.1500015258789,56339200,0.0,0.0,4090.409912109375,,297.5531921386719
2023-02-17 05:00:00+00:00,97.80000305175781,97.94000244140625,95.6500015258789,97.19999694824219,60029400,0.0,0.0,4079.090087890625,,295.45367431640625
2023-02-21 05:00:00+00:00,95.33999633789062,95.61000061035156,94.2699966430664,94.58000183105469,56580400,0.0,0.0,3997.340087890625,,288.45880126953125
2023-02-22 05:00:00+00:00,95.0999984741211,97.01000213623047,94.80000305175781,95.79000091552734,59534100,0.0,0.0,3991.050048828125,,288.6746520996094
2023-02-23 05:00:00+00:00,96.12000274658203,96.43000030517578,93.66999816894531,95.81999969482422,48467000,0.0,0.0,4012.320068359375,,291.1959533691406
2023-02-24 05:00:00+00:00,93.52999877929688,94.13999938964844,92.31999969482422,93.5,57053800,0.0,0.0,3970.0400390625,,286.32012939453125
2023-02-27 05:00:00+00:00,94.27999877929688,94.77999877929688,93.13999938964844,93.76000213623047,47470300,0.0,0.0,3982.239990234375,,288.3704833984375
2023-02-28 05:00:00+00:00,93.13999938964844,94.69000244140625,92.91999816894531,94.2300033569336,43959300,0.0,0.0,3970.14990234375,,287.99774169921875
2023-03-01 05:00:00+00:00,93.87000274658203,94.68000030517578,91.58999633789062,92.16999816894531,52299500,0.0,0.0,3951.389892578125,,285.6824035644531
2023-03-02 05:00:00+00:00,91.41000366210938,92.2300033569336,90.38999938964844,92.12999725341797,55509400,0.0,0.0,3981.35009765625,,288.0467529296875
2023-03-03 05:00:00+00:00,92.73999786376953,94.94000244140625,92.66000366210938,94.9000015258789,55759600,0.0,0.0,4045.639892578125,,294.0018310546875
2023-03-06 05:00:00+00:00,95.19000244140625,96.55000305175781,93.73999786376953,93.75,52112400,0.0,0.0,4048.419921875,,294.3352966308594
2023-03-07 05:00:00+00:00,94.05999755859375,95.08999633789062,92.77999877929688,93.55000305175781,49100700,0.0,0.0,3986.3701171875,,290.72503662109375
2023-03-08 05:00:00+00:00,93.5999984741211,94.16999816894531,92.18000030517578,93.91999816894531,44899100,0.0,0.0,3992.010009765625,,292.17706298828125
2023-03-09 05:00:00+00:00,93.68000030517578,96.20999908447266,92.18000030517578,92.25,56218700,0.0,0.0,3918.320068359375,,287.1148376464844
2023-03-10 05:00:00+00:00,92.66999816894531,93.56999969482422,90.25,90.7300033569336,69827500,0.0,0.0,3861.590087890625,,283.0826110839844
2023-03-13 04:00:00+00:00,89.97000122070312,94.0199966430664,88.12000274658203,92.43000030517578,72397100,0.0,0.0,3855.760009765625,,285.18212890625
2023-03-14 04:00:00+00:00,93.83000183105469,95.06999969482422,92.70999908447266,94.87999725341797,60912700,0.0,0.0,3919.2900390625,,291.7355651855469
2023-03-15 04:00:00+00:00,93.22000122070312,96.66999816894531,93.06999969482422,96.19999694824219,70731800,0.0,0.0,3891.929931640625,,293.26593017578125
2023-03-16 04:00:00+00:00,95.75,100.98999786376953,95.61000061035156,100.04000091552734,84446900,0.0,0.0,3960.280029296875,,300.9967041015625
2023-03-17 04:00:00+00:00,99.79000091552734,100.66000366210938,97.45999908447266,98.94999694824219,87300200,0.0,0.0,3916.639892578125,,299.5741882324219
2023-03-20 04:00:00+00:00,98.41000366210938,98.4800033569336,95.69999694824219,97.70999908447266,62388900,0.0,0.0,3951.570068359375,,300.6372985839844
2023-03-21 04:00:00+00:00,98.13999938964844,100.8499984741211,98.0,100.61000061035156,58597300,0.0,0.0,4002.8701171875,,304.9310302734375
2023-03-22 04:00:00+00:00,100.44999694824219,102.0999984741211,98.61000061035156,98.69999694824219,57475400,0.0,0.0,3936.969970703125,,300.7846374511719
2023-03-23 04:00:00+00:00,100.43000030517578,101.05999755859375,97.62000274658203,98.70999908447266,57559300,0.0,0.0,3948.719970703125,,304.3514709472656
2023-03-24 04:00:00+00:00,98.06999969482422,98.30000305175781,96.4000015258789,98.12999725341797,56095400,0.0,0.0,3970.989990234375,,305.4715881347656
2023-03-27 04:00:00+00:00,99.06999969482422,99.33999633789062,97.08000183105469,98.04000091552734,46721300,0.0,0.0,3977.530029296875,,303.378662109375
2023-03-28 04:00:00+00:00,98.11000061035156,98.44000244140625,96.29000091552734,97.23999786376953,38720100,0.0,0.0,3971.27001953125,,301.7672119140625
2023-03-29 04:00:00+00:00,98.69000244140625,100.41999816894531,98.55999755859375,100.25,49783300,0.0,0.0,4027.81005859375,,307.2696533203125
2023-03-30 04:00:00+00:00,101.55000305175781,103.04000091552734,101.01000213623047,102.0,53633400,0.0,0.0,4050.830078125,,310.17803955078125
2023-03-31 04:00:00+00:00,102.16000366210938,103.48999786376953,101.94999694824219,103.29000091552734,56750300,0.0,0.0,4109.31005859375,,315.3365173339844
2023-04-03 04:00:00+00:00,102.30000305175781,103.29000091552734,101.43000030517578,102.41000366210938,41135700,0.0,0.0,4124.509765625,,314.5701904296875
2023-04-04 04:00:00+00:00,102.75,104.19999694824219,102.11000061035156,103.94999694824219,48662500,0.0,0.0,4100.60009765625,,313.509033203125
2023-04-05 04:00:00+00:00,103.91000366210938,103.91000366210938,100.75,101.0999984741211,45175400,0.0,0.0,4090.3798828125,,310.41387939453125
2023-04-06 04:00:00+00:00,100.75,102.37999725341797,99.80000305175781,102.05999755859375,43808000,0.0,0.0,4105.02001953125,,312.5066833496094
2023-04-10 04:00:00+00:00,100.95999908447266,102.19999694824219,99.56999969482422,102.16999816894531,37261200,0.0,0.0,4109.10986328125,,312.32989501953125
2023-04-11 04:00:00+00:00,100.80000305175781,101.0,99.01000213623047,99.91999816894531,60417800,0.0,0.0,4108.93994140625,,310.3254089355469
2023-04-12 04:00:00+00:00,100.4000015258789,100.51000213623047,97.70999908447266,97.83000183105469,56735000,0.0,0.0,4091.949951171875,,307.5841064453125
2023-04-13 04:00:00+00:00,98.94999694824219,102.56999969482422,98.70999908447266,102.4000015258789,67925100,0.0,0.0,4146.22021484375,,313.60723876953125
2023-04-14 04:00:00+00:00,102.06999969482422,103.19999694824219,101.11000061035156,102.51000213623047,51450500,0.0,0.0,4137.64013671875,,313.0176696777344
2023-04-17 04:00:00+00:00,103.16000366210938,103.7300033569336,101.58999633789062,102.73999786376953,39919500,0.0,0.0,4151.31982421875,,313.2829284667969
2023-04-18 04:00:00+00:00,103.94999694824219,104.19999694824219,101.5199966430664,102.30000305175781,39790500,0.0,0.0,4154.8701171875,,313.30255126953125
2023-04-19 04:00:00+00:00,101.58000183105469,105.12000274658203,101.38999938964844,104.30000305175781,58398900,0.0,0.0,4154.52001953125,,313.1551818847656
2023-04-20 04:00:00+00:00,103.52999877929688,105.25,103.20999908447266,103.80999755859375,57696900,0.0,0.0,4129.7900390625,,310.767578125
2023-04-21 04:00:00+00:00,106.0999984741211,108.1500015258789,105.08000183105469,106.95999908447266,86774200,0.0,0.0,4133.52001953125,,311.0918273925781
2023-04-24 04:00:00+00:00,107.66000366210938,109.2300033569336,105.06999969482422,106.20999908447266,69575600,0.0,0.0,4137.0400390625,,310.443359375
2023-04-25 04:00:00+00:00,104.91000366210938,105.44999694824219,102.44999694824219,102.56999969482422,65026800,0.0,0.0,4071.6298828125,,304.5872497558594
2023-04-26 04:00:00+00:00,105.04000091552734,106.62000274658203,104.0999984741211,104.9800033569336,73803800,0.0,0.0,4055.989990234375,,306.4344787597656
2023-04-27 04:00:00+00:00,108.16000366210938,110.86000061035156,106.80000305175781,109.81999969482422,149961200,0.0,0.0,4135.35009765625,,314.76666259765625
2023-04-28 04:00:00+00:00,107.7300033569336,109.4800033569336,104.33000183105469,105.44999694824219,130715900,0.0,0.0,4169.47998046875,,316.9381103515625
2023-05-01 04:00:00+00:00,104.94999694824219,105.2300033569336,101.81999969482422,102.05000305175781,74728100,0.0,0.0,4167.8701171875,,316.5745544433594
2023-05-02 04:00:00+00:00,101.47000122070312,103.9000015258789,101.1500015258789,103.62999725341797,73469400,0.0,0.0,4119.580078125,,313.8135681152344
2023-05-03 04:00:00+00:00,103.73999786376953,105.95999908447266,103.27999877929688,103.6500015258789,65051900,0.0,0.0,4090.75,,311.760009765625
2023-05-04 04:00:00+00:00,104.04000091552734,105.38999938964844,103.30999755859375,104.0,45345500,0.0,0.0,4061.219970703125,,310.6595153808594
2023-05-05 04:00:00+00:00,104.2699966430664,105.76000213623047,103.55000305175781,105.66000366210938,56951700,0.0,0.0,4136.25,,317.2623596191406
2023-05-08 04:00:00+00:00,105.04000091552734,106.0999984741211,104.69999694824219,105.83000183105469,49430900,0.0,0.0,4138.1201171875,,318.0484619140625
2023-05-09 04:00:00+00:00,105.4800033569336,106.79000091552734,105.16000366210938,106.62000274658203,44089400,0.0,0.0,4119.169921875,,316.0341796875
2023-05-10 04:00:00+00:00,108.0999984741211,110.66999816894531,108.05000305175781,110.19000244140625,78627600,0.0,0.0,4137.64013671875,,319.4731750488281
2023-05-11 04:00:00+00:00,111.02999877929688,113.27999877929688,110.48999786376953,112.18000030517578,74924800,0.0,0.0,4130.6201171875,,320.5146789550781
2023-05-12 04:00:00+00:00,112.16000366210938,112.63999938964844,109.31999969482422,110.26000213623047,49852700,0.0,0.0,4124.080078125,,319.36505126953125
2023-05-15 04:00:00+00:00,111.1500015258789,112.29000091552734,109.25,111.19999694824219,53011100,0.0,0.0,4136.27978515625,,321.0945129394531
2023-05-16 04:00:00+00:00,111.05000305175781,114.79000091552734,111.05000305175781,113.4000015258789,71472900,0.0,0.0,4109.89990234375,,321.4580078125
2023-05-17 04:00:00+00:00,114.88999938964844,115.83000183105469,114.22000122070312,115.5,65655200,0.0,0.0,4158.77001953125,,325.3489074707031
2023-05-18 04:00:00+00:00,116.69000244140625,118.5999984741211,116.33999633789062,118.1500015258789,73174100,0.0,0.0,4198.0498046875,,331.3917541503906
2023-05-19 04:00:00+00:00,118.16000366210938,118.30999755859375,115.69999694824219,116.25,55056300,0.0,0.0,4191.97998046875,,330.64508056640625
2023-05-22 04:00:00+00:00,116.7699966430664,116.7699966430664,114.25,115.01000213623047,70741100,0.0,0.0,4192.6298828125,,331.75537109375
2023-05-23 04:00:00+00:00,114.2699966430664,117.13999938964844,113.77999877929688,114.98999786376953,67576300,0.0,0.0,4145.580078125,,327.54986572265625
2023-05-24 04:00:00+00:00,115.3499984741211,117.33999633789062,115.0199966430664,116.75,63487900,0.0,0.0,4115.240234375,,325.8697509765625
2023-05-25 04:00:00+00:00,116.62999725341797,116.87000274658203,114.30999755859375,115.0,66496700,0.0,0.0,4151.27978515625,,333.7990417480469
2023-05-26 04:00:00+00:00,116.04000091552734,121.5,116.0199966430664,120.11000061035156,96779900,0.0,0.0,4205.4501953125,,342.3277893066406
2023-05-30 04:00:00+00:00,122.37000274658203,122.91999816894531,119.86000061035156,121.66000366210938,64314800,0.0,0.0,4205.52001953125,,343.8802490234375
2023-05-31 04:00:00+00:00,121.44999694824219,122.04000091552734,119.16999816894531,120.58000183105469,72800800,0.0,0.0,4179.830078125,,341.9248962402344
2023-06-01 04:00:00+00:00,120.69000244140625,123.48999786376953,119.93000030517578,122.7699966430664,54375100,0.0,0.0,4221.02001953125,,345.8748779296875
2023-06-02 04:00:00+00:00,124.91999816894531,126.38999938964844,124.0199966430664,124.25,61264400,0.0,0.0,4282.3701171875,,348.4688415527344
2023-06-05 04:00:00+00:00,123.36000061035156,125.80000305175781,123.02999877929688,125.30000305175781,47950100,0.0,0.0,4273.7900390625,,348.7145080566406
2023-06-06 04:00:00+00:00,125.06999969482422,127.4000015258789,125.0,126.61000061035156,45695200,0.0,0.0,4283.85009765625,,348.65557861328125
2023-06-07 04:00:00+00:00,127.01000213623047,127.37000274658203,120.62999725341797,121.2300033569336,95663300,0.0,0.0,4267.52001953125,,342.7404479980469
2023-06-08 04:00:00+00:00,123.01000213623047,125.62999725341797,122.26000213623047,124.25,62159300,0.0,0.0,4293.93017578125,,346.9950256347656
2023-06-09 04:00:00+00:00,124.08000183105469,125.80000305175781,123.19000244140625,123.43000030517578,51396000,0.0,0.0,4298.85986328125,,348.3215026855469
2023-06-12 04:00:00+00:00,124.0199966430664,126.77999877929688,123.52999877929688,126.56999969482422,51338000,0.0,0.0,4338.93017578125,,354.20709228515625
2023-06-13 04:00:00+00:00,128.1199951171875,128.41000366210938,125.18000030517578,126.66000366210938,50564800,0.0,0.0,4369.009765625,,356.9288024902344
2023-06-14 04:00:00+00:00,126.69999694824219,126.94999694824219,124.12000274658203,126.41999816894531,52422500,0.0,0.0,4372.58984375,,359.52276611328125
2023-06-15 04:00:00+00:00,125.20999908447266,127.69000244140625,124.31999969482422,127.11000061035156,60458500,0.0,0.0,4425.83984375,,363.8068542480469
2023-06-16 04:00:00+00:00,127.70999908447266,127.9000015258789,125.30000305175781,125.48999786376953,84247100,0.0,0.0,4409.58984375,,361.51739501953125
2023-06-20 04:00:00+00:00,124.97000122070312,127.25,124.5,125.77999877929688,56930100,0.0,0.0,4388.7099609375,,360.99981689453125
2023-06-21 04:00:00+00:00,125.63999938964844,126.7300033569336,123.8499984741211,124.83000183105469,52137700,0.0,0.0,4365.68994140625,,356.0802917480469
2023-06-22 04:00:00+00:00,125.30999755859375,130.3300018310547,125.13999938964844,130.14999389648438,90354600,0.0,0.0,4381.89013671875,,360.2816162109375
2023-06-23 04:00:00+00:00,129.11000061035156,130.83999633789062,128.27999877929688,129.3300018310547,71927800,0.0,0.0,4348.330078125,,356.71002197265625
2023-06-26 04:00:00+00:00,129.3300018310547,131.49000549316406,127.0999984741211,127.33000183105469,59989300,0.0,0.0,4328.81982421875,,351.9281311035156
2023-06-27 04:00:00+00:00,128.6300048828125,130.08999633789062,127.55000305175781,129.17999267578125,46801000,0.0,0.0,4378.41015625,,357.97918701171875
2023-06-28 04:00:00+00:00,128.94000244140625,131.47999572753906,128.44000244140625,129.0399932861328,52149500,0.0,0.0,4376.85986328125,,358.6778564453125
2023-06-29 04:00:00+00:00,128.77000427246094,129.25999450683594,127.26000213623047,127.9000015258789,40761000,0.0,0.0,4396.43994140625,,357.95947265625
2023-06-30 04:00:00+00:00,129.47000122070312,131.25,128.9499969482422,130.36000061035156,54350700,0.0,0.0,4450.3798828125,,363.4793395996094
2023-07-03 04:00:00+00:00,130.82000732421875,131.85000610351562,130.07000732421875,130.22000122070312,28264800,0.0,0.0,4455.58984375,,364.33538818359375
2023-07-05 04:00:00+00:00,130.24000549316406,131.39999389648438,129.63999938964844,130.3800048828125,35895400,0.0,0.0,4446.81982421875,,364.3255310058594
2023-07-06 04:00:00+00:00,128.25,128.72999572753906,127.37000274658203,128.36000061035156,40639900,0.0,0.0,4411.58984375,,361.55084228515625
2023-07-07 04:00:00+00:00,128.58999633789062,130.97000122070312,128.1300048828125,129.77999877929688,41992300,0.0,0.0,4398.9501953125,,360.3504638671875
2023-07-10 04:00:00+00:00,129.07000732421875,129.27999877929688,125.91999816894531,127.12999725341797,61889300,0.0,0.0,4409.52978515625,,360.468505859375
2023-07-11 04:00:00+00:00,127.75,129.77000427246094,127.3499984741211,128.77999877929688,49951500,0.0,0.0,4439.259765625,,362.2494812011719
2023-07-12 04:00:00+00:00,130.30999755859375,131.25999450683594,128.8300018310547,130.8000030517578,54022800,0.0,0.0,4472.16015625,,366.8246765136719
2023-07-13 04:00:00+00:00,134.0399932861328,134.6699981689453,132.7100067138672,134.3000030517578,61170900,0.0,0.0,4510.0400390625,,373.0528259277344
2023-07-14 04:00:00+00:00,134.05999755859375,136.64999389648438,134.05999755859375,134.67999267578125,54487100,0.0,0.0,4505.419921875,,372.9742126464844
2023-07-17 04:00:00+00:00,134.55999755859375,135.6199951171875,133.2100067138672,133.55999755859375,48450200,0.0,0.0,4522.7900390625,,376.45721435546875
2023-07-18 04:00:00+00:00,132.7100067138672,133.86000061035156,131.35000610351562,132.8300018310547,54882900,0.0,0.0,4554.97998046875,,379.53680419921875
2023-07-19 04:00:00+00:00,133.38999938964844,135.99000549316406,132.52999877929688,135.36000061035156,54531000,0.0,0.0,4565.72021484375,,379.4483642578125
2023-07-20 04:00:00+00:00,134.07000732421875,134.7899932861328,129.3300018310547,129.9600067138672,59820600,0.0,0.0,4534.8701171875,,370.7013244628906
2023-07-21 04:00:00+00:00,131.33999633789062,131.3699951171875,128.4199981689453,130.0,133307300,0.0,0.0,4536.33984375,,369.5895080566406
2023-07-24 04:00:00+00:00,130.30999755859375,131.66000366210938,128.35000610351562,128.8000030517578,45591100,0.0,0.0,4554.64013671875,,370.17987060546875
2023-07-25 04:00:00+00:00,129.30999755859375,129.5800018310547,128.52999877929688,129.1300048828125,39236700,0.0,0.0,4567.4599609375,,372.6888427734375
2023-07-26 04:00:00+00:00,126.51000213623047,129.0800018310547,126.11000061035156,128.14999389648438,53910100,0.0,0.0,4566.75,,371.44903564453125
2023-07-27 04:00:00+00:00,131.0,132.6300048828125,127.79000091552734,128.25,52610700,0.0,0.0,4537.41015625,,370.5635070800781
2023-07-28 04:00:00+00:00,129.69000244140625,133.00999450683594,129.3300018310547,132.2100067138672,46317400,0.0,0.0,4582.22998046875,,377.31317138671875
2023-07-31 04:00:00+00:00,133.1999969482422,133.8699951171875,132.3800048828125,133.67999267578125,41901500,0.0,0.0,4588.9599609375,,377.5100402832031
2023-08-01 04:00:00+00:00,133.5500030517578,133.69000244140625,131.6199951171875,131.69000244140625,42098500,0.0,0.0,4576.72998046875,,376.6343078613281
2023-08-02 04:00:00+00:00,130.14999389648438,130.22999572753906,126.81999969482422,128.2100067138672,51027600,0.0,0.0,4513.39013671875,,368.3694763183594
2023-08-03 04:00:00+00:00,127.4800033569336,129.83999633789062,126.41000366210938,128.91000366210938,88585200,0.0,0.0,4501.89013671875,,367.779052734375
2023-08-04 04:00:00+00:00,141.05999755859375,143.6300048828125,139.32000732421875,139.57000732421875,153128500,0.0,0.0,4478.02978515625,,366.0571594238281
2023-08-07 04:00:00+00:00,140.99000549316406,142.5399932861328,138.9499969482422,142.22000122070312,71213100,0.0,0.0,4518.43994140625,,369.1565246582031
2023-08-08 04:00:00+00:00,140.6199951171875,140.83999633789062,138.4199981689453,139.94000244140625,51710500,0.0,0.0,4499.3798828125,,366.01788330078125
2023-08-09 04:00:00+00:00,139.97000122070312,140.32000732421875,137.10000610351562,137.85000610351562,50017300,0.0,0.0,4467.7099609375,,361.9936218261719
2023-08-10 04:00:00+00:00,139.07000732421875,140.41000366210938,137.49000549316406,138.55999755859375,58928400,0.0,0.0,4468.830078125,,362.6626892089844
2023-08-11 04:00:00+00:00,137.39999389648438,139.3300018310547,137.0,138.41000366210938,42905800,0.0,0.0,4464.0498046875,,360.3504638671875
2023-08-14 04:00:00+00:00,138.3000030517578,140.58999633789062,137.75,140.57000732421875,47148700,0.0,0.0,4489.72021484375,,364.3943786621094
2023-08-15 04:00:00+00:00,140.0500030517578,141.27999877929688,137.22999572753906,137.6699981689453,42781500,0.0,0.0,4437.85986328125,,360.5275573730469
2023-08-16 04:00:00+00:00,137.19000244140625,137.27000427246094,135.00999450683594,135.07000732421875,41675900,0.0,0.0,4404.330078125,,356.71002197265625
2023-08-17 04:00:00+00:00,135.4600067138672,136.08999633789062,133.52999877929688,133.97999572753906,48354100,0.0,0.0,4370.35986328125,,352.81365966796875
2023-08-18 04:00:00+00:00,131.6199951171875,134.07000732421875,131.14999389648438,133.22000122070312,48497700,0.0,0.0,4369.7099609375,,352.370849609375
2023-08-21 04:00:00+00:00,133.74000549316406,135.19000244140625,132.7100067138672,134.67999267578125,41442500,0.0,0.0,4399.77001953125,,358.04815673828125
2023-08-22 04:00:00+00:00,135.0800018310547,135.64999389648438,133.72999572753906,134.25,32905400,0.0,0.0,4387.5498046875,,357.5364685058594
2023-08-23 04:00:00+00:00,134.5,135.9499969482422,133.22000122070312,135.52000427246094,42801000,0.0,0.0,4436.009765625,,363.17431640625
2023-08-24 04:00:00+00:00,136.39999389648438,136.77999877929688,131.8300018310547,131.83999633789062,43646300,0.0,0.0,4376.31005859375,,355.41119384765625
2023-08-25 04:00:00+00:00,132.47000122070312,133.8699951171875,130.5800018310547,133.25999450683594,44147500,0.0,0.0,4405.7099609375,,358.1661376953125
2023-08-28 04:00:00+00:00,133.77999877929688,133.9499969482422,131.85000610351562,133.13999938964844,34108400,0.0,0.0,4433.31005859375,,360.86212158203125
2023-08-29 04:00:00+00:00,133.3800048828125,135.13999938964844,133.25,134.91000366210938,38646100,0.0,0.0,4497.6298828125,,368.7432556152344
2023-08-30 04:00:00+00:00,134.92999267578125,135.67999267578125,133.9199981689453,135.07000732421875,36137000,0.0,0.0,4514.8701171875,,370.7996520996094
2023-08-31 04:00:00+00:00,135.05999755859375,138.7899932861328,135.0,138.00999450683594,58781300,0.0,0.0,4507.66015625,,371.9114990234375
2023-09-01 04:00:00+00:00,139.4600067138672,139.9600067138672,136.8800048828125,138.1199951171875,40991500,0.0,0.0,4515.77001953125,,371.5179138183594
2023-09-05 04:00:00+00:00,137.72999572753906,137.8000030517578,135.82000732421875,137.27000427246094,40636700,0.0,0.0,4496.830078125,,371.9902648925781
2023-09-06 04:00:00+00:00,136.32000732421875,137.4499969482422,134.61000061035156,135.36000061035156,41785500,0.0,0.0,4465.47998046875,,368.7137756347656
2023-09-07 04:00:00+00:00,133.89999389648438,138.02999877929688,133.16000366210938,137.85000610351562,48498900,0.0,0.0,4451.14013671875,,366.076904296875
2023-09-08 04:00:00+00:00,136.86000061035156,138.85000610351562,136.75,138.22999572753906,38348200,0.0,0.0,4457.490234375,,366.5885314941406
2023-09-11 04:00:00+00:00,138.75,143.6199951171875,138.63999938964844,143.10000610351562,56764500,0.0,0.0,4487.4599609375,,370.90789794921875
2023-09-12 04:00:00+00:00,142.32000732421875,143.0,140.61000061035156,141.22999572753906,42668500,0.0,0.0,4461.89990234375,,366.7951354980469
2023-09-13 04:00:00+00:00,140.9499969482422,144.97999572753906,140.8699951171875,144.85000610351562,60465200,0.0,0.0,4467.43994140625,,368.1922302246094
2023-09-14 04:00:00+00:00,145.0800018310547,145.86000061035156,142.9499969482422,144.72000122070312,64033600,0.0,0.0,4505.10009765625,,371.203125
2023-09-15 04:00:00+00:00,142.69000244140625,143.57000732421875,140.08999633789062,140.38999938964844,102909300,0.0,0.0,4450.31982421875,,364.8469543457031
2023-09-18 04:00:00+00:00,140.47999572753906,141.75,139.22000122070312,139.97999572753906,42823500,0.0,0.0,4453.52978515625,,365.2273254394531
2023-09-19 04:00:00+00:00,138.6999969482422,138.83999633789062,135.55999755859375,137.6300048828125,61482500,0.0,0.0,4443.9501953125,,364.4488830566406
2023-09-20 04:00:00+00:00,138.5500030517578,139.3699951171875,135.1999969482422,135.2899932861328,46263700,0.0,0.0,4402.2001953125,,359.1970520019531
2023-09-21 04:00:00+00:00,131.94000244140625,132.24000549316406,129.30999755859375,129.3300018310547,70343300,0.0,0.0,4330.0,,352.6148681640625
2023-09-22 04:00:00+00:00,131.11000061035156,132.02999877929688,128.52000427246094,129.1199951171875,59904300,0.0,0.0,4320.06005859375,,352.6641845703125
2023-09-25 04:00:00+00:00,129.36000061035156,131.77999877929688,128.77000427246094,131.27000427246094,46017800,0.0,0.0,4337.43994140625,,354.3392639160156
2023-09-26 04:00:00+00:00,130.1199951171875,130.38999938964844,125.27999877929688,125.9800033569336,73048200,0.0,0.0,4273.52978515625,,349.0184631347656
2023-09-27 04:00:00+00:00,125.76000213623047,127.4800033569336,124.12999725341797,125.9800033569336,66553400,0.0,0.0,4274.509765625,,349.8363037109375
2023-09-28 04:00:00+00:00,124.04000091552734,126.58000183105469,123.04000091552734,125.9800033569336,54555000,0.0,0.0,4299.7001953125,,352.76275634765625
2023-09-29 04:00:00+00:00,128.1999969482422,129.14999389648438,126.31999969482422,127.12000274658203,62411700,0.0,0.0,4288.0498046875,,353.0189514160156
2023-10-02 04:00:00+00:00,127.27999877929688,130.47000122070312,126.54000091552734,129.4600067138672,48029700,0.0,0.0,4288.39013671875,,355.9651184082031
2023-10-03 04:00:00+00:00,128.05999755859375,128.52000427246094,124.25,124.72000122070312,51565000,0.0,0.0,4229.4501953125,,349.71807861328125
2023-10-04 04:00:00+00:00,126.05999755859375,127.36000061035156,125.68000030517578,127.0,44203900,0.0,0.0,4263.75,,354.47723388671875
2023-10-05 04:00:00+00:00,126.70999908447266,126.7300033569336,124.33000183105469,125.95999908447266,39660600,0.0,0.0,4258.18994140625,,353.4327697753906
2023-10-06 04:00:00+00:00,124.16000366210938,128.4499969482422,124.12999725341797,127.95999908447266,46836700,0.0,0.0,4308.5,,359.35467529296875
2023-10-09 04:00:00+00:00,126.22000122070312,128.7899932861328,124.76000213623047,128.25999450683594,38773700,0.0,0.0,4335.66015625,,361.18743896484375
2023-10-10 04:00:00+00:00,128.82000732421875,130.74000549316406,128.0500030517578,129.47999572753906,42178600,0.0,0.0,4358.240234375,,363.1876525878906
2023-10-11 04:00:00+00:00,129.74000549316406,132.0500030517578,129.61000061035156,131.8300018310547,40741800,0.0,0.0,4376.9501953125,,365.77911376953125
2023-10-12 04:00:00+00:00,132.1699981689453,134.47999572753906,131.22999572753906,132.3300018310547,55528600,0.0,0.0,4349.60986328125,,364.5080261230469
2023-10-13 04:00:00+00:00,132.97999572753906,133.30999755859375,128.9499969482422,129.7899932861328,45786600,0.0,0.0,4327.77978515625,,359.9261474609375
2023-10-16 04:00:00+00:00,130.69000244140625,133.07000732421875,130.42999267578125,132.5500030517578,42832900,0.0,0.0,4373.6298828125,,363.9956970214844
2023-10-17 04:00:00+00:00,130.38999938964844,132.5800018310547,128.7100067138672,131.47000122070312,49344600,0.0,0.0,4373.2001953125,,362.80340576171875
2023-10-18 04:00:00+00:00,129.89999389648438,130.6699981689453,127.51000213623047,128.1300048828125,42699500,0.0,0.0,4314.60009765625,,358.0441589355469
2023-10-19 04:00:00+00:00,130.57000732421875,132.24000549316406,127.47000122070312,128.39999389648438,60961400,0.0,0.0,4278.0,,354.694091796875
2023-10-20 04:00:00+00:00,128.0500030517578,128.1699981689453,124.97000122070312,125.16999816894531,56406400,0.0,0.0,4224.16015625,,349.4027099609375
2023-10-23 04:00:00+00:00,124.62999725341797,127.87999725341797,123.9800033569336,126.55999755859375,48260000,0.0,0.0,4217.0400390625,,350.45703125
2023-10-24 04:00:00+00:00,127.73999786376953,128.8000030517578,126.33999633789062,128.55999755859375,46477400,0.0,0.0,4247.68017578125,,353.8663635253906
2023-10-25 04:00:00+00:00,126.04000091552734,126.33999633789062,120.79000091552734,121.38999938964844,74577500,0.0,0.0,4186.77001953125,,345.2052001953125
2023-10-26 04:00:00+00:00,120.62999725341797,121.63999938964844,118.3499984741211,119.56999969482422,100419500,0.0,0.0,4137.22998046875,,338.6230773925781
2023-10-27 04:00:00+00:00,126.19999694824219,130.02000427246094,125.5199966430664,127.73999786376953,125309300,0.0,0.0,4117.3701171875,,340.2488708496094
2023-10-30 04:00:00+00:00,129.72000122070312,133.0,128.55999755859375,132.7100067138672,72485500,0.0,0.0,4166.81982421875,,344.0818786621094
2023-10-31 04:00:00+00:00,132.75,133.57000732421875,131.7100067138672,133.08999633789062,51589400,0.0,0.0,4193.7998046875,,345.72735595703125
2023-11-01 04:00:00+00:00,133.9600067138672,137.35000610351562,133.7100067138672,137.0,61529400,0.0,0.0,4237.85986328125,,351.7281188964844
2023-11-02 04:00:00+00:00,138.72999572753906,138.80999755859375,136.47000122070312,138.07000732421875,52236700,0.0,0.0,4317.77978515625,,358.11309814453125
2023-11-03 04:00:00+00:00,138.99000549316406,139.49000549316406,137.4499969482422,138.60000610351562,44059800,0.0,0.0,4358.33984375,,362.32061767578125
2023-11-06 05:00:00+00:00,138.75999450683594,140.72999572753906,138.36000061035156,139.74000549316406,44970400,0.0,0.0,4365.97998046875,,363.79852294921875
2023-11-07 05:00:00+00:00,140.5500030517578,143.3699951171875,140.5,142.7100067138672,53553500,0.0,0.0,4378.3798828125,,367.2374572753906
2023-11-08 05:00:00+00:00,142.97000122070312,143.1199951171875,141.22000122070312,142.0800018310547,44521700,0.0,0.0,4382.77978515625,,367.4739074707031
2023-11-09 05:00:00+00:00,142.02000427246094,142.64999389648438,139.83999633789062,140.60000610351562,36235400,0.0,0.0,4347.35009765625,,364.64599609375
2023-11-10 05:00:00+00:00,140.4600067138672,143.64999389648438,139.91000366210938,143.55999755859375,49287800,0.0,0.0,4415.240234375,,372.8440246582031
2023-11-13 05:00:00+00:00,142.0800018310547,143.22999572753906,140.6699981689453,142.58999633789062,35680600,0.0,0.0,4411.5498046875,,371.68133544921875
2023-11-14 05:00:00+00:00,145.0,147.25999450683594,144.67999267578125,145.8000030517578,56674600,0.0,0.0,4495.7001953125,,379.6822814941406
2023-11-15 05:00:00+00:00,147.05999755859375,147.2899932861328,142.58999633789062,143.1999969482422,63875700,0.0,0.0,4502.8798828125,,379.9680480957031
2023-11-16 05:00:00+00:00,140.91000366210938,143.32000732421875,139.52000427246094,142.8300018310547,49653500,0.0,0.0,4508.240234375,,380.2932434082031
2023-11-17 05:00:00+00:00,142.66000366210938,145.22999572753906,142.5399932861328,145.17999267578125,49636700,0.0,0.0,4514.02001953125,,380.38189697265625
2023-11-20 05:00:00+00:00,145.1300048828125,146.6300048828125,144.72999572753906,146.1300048828125,41951200,0.0,0.0,4547.3798828125,,385.01300048828125
2023-11-21 05:00:00+00:00,143.91000366210938,144.0500030517578,141.5,143.89999389648438,71226000,0.0,0.0,4538.18994140625,,382.7762756347656
2023-11-22 05:00:00+00:00,144.57000732421875,147.74000549316406,144.57000732421875,146.7100067138672,45669100,0.0,0.0,4556.6201171875,,384.343017578125
2023-11-24 05:00:00+00:00,146.6999969482422,147.1999969482422,145.32000732421875,146.74000549316406,22378400,0.0,0.0,4559.33984375,,383.801025390625
2023-11-27 05:00:00+00:00,147.52999877929688,149.25999450683594,146.8800048828125,147.72999572753906,53762400,0.0,0.0,4550.43017578125,,383.4660949707031
2023-11-28 05:00:00+00:00,146.97999572753906,147.60000610351562,145.52999877929688,147.02999877929688,42711700,0.0,0.0,4554.89013671875,,384.4710693359375
2023-11-29 05:00:00+00:00,147.85000610351562,148.5399932861328,145.97000122070312,146.32000732421875,40610900,0.0,0.0,4550.580078125,,384.09661865234375
2023-11-30 05:00:00+00:00,144.75999450683594,146.92999267578125,144.3300018310547,146.08999633789062,65814000,0.0,0.0,4567.7998046875,,383.13104248046875
2023-12-01 05:00:00+00:00,146.0,147.25,145.5500030517578,147.02999877929688,39951800,0.0,0.0,4594.6298828125,,384.2248229980469
2023-12-04 05:00:00+00:00,145.25,145.35000610351562,142.80999755859375,144.83999633789062,48294200,0.0,0.0,4569.77978515625,,380.6578063964844
2023-12-05 05:00:00+00:00,143.5500030517578,148.57000732421875,143.1300048828125,146.8800048828125,46822400,0.0,0.0,4567.18017578125,,381.6136169433594
2023-12-06 05:00:00+00:00,147.5800018310547,147.85000610351562,144.27999877929688,144.52000427246094,39679000,0.0,0.0,4549.33984375,,379.4063720703125
2023-12-07 05:00:00+00:00,146.14999389648438,147.9199981689453,145.33999633789062,146.8800048828125,52352800,0.0,0.0,4585.58984375,,384.70758056640625
2023-12-08 05:00:00+00:00,145.47999572753906,147.83999633789062,145.39999389648438,147.4199981689453,41906000,0.0,0.0,4604.3701171875,,386.42205810546875
2023-12-11 05:00:00+00:00,145.66000366210938,146.19000244140625,143.63999938964844,145.88999938964844,50907300,0.0,0.0,4622.43994140625,,389.72296142578125
2023-12-12 05:00:00+00:00,145.52000427246094,147.5,145.3000030517578,147.47999572753906,44944300,0.0,0.0,4643.7001953125,,392.8267822265625
2023-12-13 05:00:00+00:00,148.1199951171875,149.4600067138672,146.82000732421875,148.83999633789062,52766200,0.0,0.0,4707.08984375,,397.8224792480469
2023-12-14 05:00:00+00:00,149.92999267578125,150.5399932861328,145.52000427246094,147.4199981689453,58400800,0.0,0.0,4719.5498046875,,397.47760009765625
2023-12-15 05:00:00+00:00,148.3800048828125,150.57000732421875,147.8800048828125,149.97000122070312,110089300,0.0,0.0,4719.18994140625,,399.3990478515625
2023-12-18 05:00:00+00:00,150.55999755859375,154.85000610351562,150.0500030517578,154.07000732421875,62512800,0.0,0.0,4740.56005859375,,401.9147033691406
2023-12-19 05:00:00+00:00,154.39999389648438,155.1199951171875,152.69000244140625,153.7899932861328,43171300,0.0,0.0,4768.3701171875,,403.96832275390625
2023-12-20 05:00:00+00:00,152.89999389648438,155.6300048828125,151.55999755859375,152.1199951171875,50322100,0.0,0.0,4698.35009765625,,397.96539306640625
2023-12-21 05:00:00+00:00,153.3000030517578,153.97000122070312,152.10000610351562,153.83999633789062,36305700,0.0,0.0,4746.75,,402.595947265625
2023-12-22 05:00:00+00:00,153.77000427246094,154.35000610351562,152.7100067138672,153.4199981689453,29514100,0.0,0.0,4754.6298828125,,403.1982421875
2023-12-26 05:00:00+00:00,153.55999755859375,153.97999572753906,153.02999877929688,153.41000366210938,25067200,0.0,0.0,4774.75,,405.6665344238281
2023-12-27 05:00:00+00:00,153.55999755859375,154.77999877929688,153.1199951171875,153.33999633789062,31434700,0.0,0.0,4781.580078125,,406.4922790527344
2023-12-28 05:00:00+00:00,153.72000122070312,154.0800018310547,152.9499969482422,153.3800048828125,27057000,0.0,0.0,4783.35009765625,,406.29473876953125
2023-12-29 05:00:00+00:00,153.10000610351562,153.88999938964844,151.02999877929688,151.94000244140625,39823200,0.0,0.0,4769.830078125,,404.5364074707031
2024-01-02 05:00:00+00:00,151.5399932861328,152.3800048828125,148.38999938964844,149.92999267578125,47339400,0.0,0.0,4742.830078125,,397.6907958984375
2024-01-03 05:00:00+00:00,149.1999969482422,151.0500030517578,148.3300018310547,148.47000122070312,49425500,0.0,0.0,4704.81005859375,,393.48260498046875
2024-01-04 05:00:00+00:00,145.58999633789062,147.3800048828125,144.0500030517578,144.57000732421875,56039800,0.0,0.0,4688.68017578125,,391.45751953125
2024-01-05 05:00:00+00:00,144.69000244140625,146.58999633789062,144.52999877929688,145.24000549316406,45153100,0.0,0.0,4697.240234375,,391.92181396484375
2024-01-08 05:00:00+00:00,146.74000549316406,149.39999389648438,146.14999389648438,149.10000610351562,46757100,0.0,0.0,4763.5400390625,,400.02203369140625
2024-01-09 05:00:00+00:00,148.3300018310547,151.7100067138672,148.2100067138672,151.3699951171875,43812600,0.0,0.0,4756.5,,400.81231689453125
2024-01-10 05:00:00+00:00,152.05999755859375,154.4199981689453,151.8800048828125,153.72999572753906,44421800,0.0,0.0,4783.4501953125,,403.5288391113281
2024-01-11 05:00:00+00:00,155.0399932861328,157.1699981689453,153.1199951171875,155.17999267578125,49072700,0.0,0.0,4780.240234375,,404.3684997558594
2024-01-12 05:00:00+00:00,155.38999938964844,156.1999969482422,154.00999450683594,154.6199951171875,40484200,0.0,0.0,4783.830078125,,404.575927734375
2024-01-16 05:00:00+00:00,153.52999877929688,154.99000549316406,152.14999389648438,153.16000366210938,41384600,0.0,0.0,4765.97998046875,,404.5364074707031
2024-01-17 05:00:00+00:00,151.49000549316406,152.14999389648438,149.91000366210938,151.7100067138672,34953400,0.0,0.0,4739.2099609375,,402.2544860839844
2024-01-18 05:00:00+00:00,152.77000427246094,153.77999877929688,151.82000732421875,153.5,37850200,0.0,0.0,4780.93994140625,,407.9642028808594
2024-01-19 05:00:00+00:00,153.8300018310547,155.75999450683594,152.74000549316406,155.33999633789062,51651600,0.0,0.0,4839.81005859375,,416.05450439453125
2024-01-22 05:00:00+00:00,156.88999938964844,157.0500030517578,153.89999389648438,154.77999877929688,43687500,0.0,0.0,4850.43017578125,,416.5978698730469
2024-01-23 05:00:00+00:00,154.85000610351562,156.2100067138672,153.92999267578125,156.02000427246094,37986000,0.0,0.0,4864.60009765625,,418.3265380859375
2024-01-24 05:00:00+00:00,157.8000030517578,158.50999450683594,156.47999572753906,156.8699951171875,48547300,0.0,0.0,4868.5498046875,,420.6479187011719
2024-01-25 05:00:00+00:00,156.9499969482422,158.50999450683594,154.5500030517578,157.75,43638600,0.0,0.0,4894.16015625,,421.1615905761719
2024-01-26 05:00:00+00:00,158.4199981689453,160.72000122070312,157.91000366210938,159.1199951171875,51047400,0.0,0.0,4890.97021484375,,418.65252685546875
2024-01-29 05:00:00+00:00,159.33999633789062,161.2899932861328,158.89999389648438,161.25999450683594,45270400,0.0,0.0,4927.93017578125,,422.9397277832031
2024-01-30 05:00:00+00:00,160.6999969482422,161.72999572753906,158.49000549316406,159.0,45207400,0.0,0.0,4924.97021484375,,420.1243591308594
2024-01-31 05:00:00+00:00,157.0,159.00999450683594,154.80999755859375,155.1999969482422,50284400,0.0,0.0,4845.64990234375,,411.8957824707031
2024-02-01 05:00:00+00:00,155.8699951171875,159.75999450683594,155.6199951171875,159.27999877929688,76542400,0.0,0.0,4906.18994140625,,416.74603271484375
2024-02-02 05:00:00+00:00,169.19000244140625,172.5,167.3300018310547,171.80999755859375,117218300,0.0,0.0,4958.60986328125,,423.7892761230469
2024-02-05 05:00:00+00:00,170.1999969482422,170.5500030517578,167.6999969482422,170.30999755859375,55081300,0.0,0.0,4942.81005859375,,423.2360534667969
2024-02-06 05:00:00+00:00,169.38999938964844,170.7100067138672,167.64999389648438,169.14999389648438,42505500,0.0,0.0,4954.22998046875,,422.38653564453125
2024-02-07 05:00:00+00:00,169.47999572753906,170.8800048828125,168.94000244140625,170.52999877929688,47174100,0.0,0.0,4995.06005859375,,426.7330017089844
2024-02-08 05:00:00+00:00,169.64999389648438,171.42999267578125,168.8800048828125,169.83999633789062,42316500,0.0,0.0,4997.91015625,,427.52325439453125
2024-02-09 05:00:00+00:00,170.89999389648438,175.0,170.5800018310547,174.4499969482422,56986000,0.0,0.0,5026.60986328125,,431.73138427734375
2024-02-12 05:00:00+00:00,174.8000030517578,175.38999938964844,171.5399932861328,172.33999633789062,51050400,0.0,0.0,5021.83984375,,430.0422058105469
2024-02-13 05:00:00+00:00,167.72999572753906,170.9499969482422,165.75,168.63999938964844,56345100,0.0,0.0,4953.169921875,,423.3348388671875
2024-02-14 05:00:00+00:00,169.2100067138672,171.2100067138672,168.27999877929688,170.97999572753906,42815500,0.0,0.0,5000.6201171875,,427.94793701171875
2024-02-15 05:00:00+00:00,170.5800018310547,171.1699981689453,167.58999633789062,169.8000030517578,49855200,0.0,0.0,5029.72998046875,,429.2223205566406
2024-02-16 05:00:00+00:00,168.74000549316406,170.4199981689453,167.1699981689453,169.50999450683594,48107700,0.0,0.0,5005.56982421875,,425.3302307128906
2024-02-20 05:00:00+00:00,167.8300018310547,168.7100067138672,165.74000549316406,167.0800018310547,41980300,0.0,0.0,4975.509765625,,422.119873046875
2024-02-21 05:00:00+00:00,168.94000244140625,170.22999572753906,167.13999938964844,168.58999633789062,44420100,0.0,0.0,4981.7998046875,,420.4305419921875
2024-02-22 05:00:00+00:00,173.10000610351562,174.8000030517578,171.77000427246094,174.5800018310547,55392400,0.0,0.0,5087.02978515625,,432.7389831542969
2024-02-23 05:00:00+00:00,174.27999877929688,175.75,173.6999969482422,174.99000549316406,59715200,0.0,0.0,5088.7998046875,,431.4646911621094
2024-02-26 05:00:00+00:00,175.6999969482422,176.3699951171875,174.25999450683594,174.72999572753906,44368600,0.0,0.0,5069.52978515625,,431.2374572753906
2024-02-27 05:00:00+00:00,174.0800018310547,174.6199951171875,172.86000061035156,173.5399932861328,31141700,0.0,0.0,5078.18017578125,,432.27471923828125
2024-02-28 05:00:00+00:00,172.44000244140625,174.0500030517578,172.27000427246094,173.16000366210938,28180500,0.0,0.0,5069.759765625,,429.9730224609375
2024-02-29 05:00:00+00:00,173.00999450683594,177.22000122070312,172.85000610351562,176.75999450683594,53805400,0.0,0.0,5096.27001953125,,433.65765380859375
2024-03-01 05:00:00+00:00,176.75,178.72999572753906,176.07000732421875,178.22000122070312,31981200,0.0,0.0,5137.080078125,,440.187255859375
2024-03-04 05:00:00+00:00,177.52999877929688,180.13999938964844,177.49000549316406,177.5800018310547,37381500,0.0,0.0,5130.9501953125,,438.6165466308594
2024-03-05 05:00:00+00:00,176.92999267578125,176.92999267578125,173.3000030517578,174.1199951171875,37228300,0.0,0.0,5078.64990234375,,430.7435607910156
2024-03-06 05:00:00+00:00,175.5399932861328,176.4600067138672,173.25999450683594,173.50999450683594,32090900,0.0,0.0,5104.759765625,,433.4501953125
2024-03-07 05:00:00+00:00,174.8300018310547,177.99000549316406,173.72000122070312,176.82000732421875,34063300,0.0,0.0,5157.35986328125,,440.0291748046875
2024-03-08 05:00:00+00:00,176.44000244140625,178.7899932861328,174.3300018310547,175.35000610351562,37893200,0.0,0.0,5123.68994140625,,433.6774597167969
2024-03-11 04:00:00+00:00,174.30999755859375,174.47000122070312,171.47000122070312,171.9600067138672,28484800,0.0,0.0,5117.93994140625,,432.0672912597656
2024-03-12 04:00:00+00:00,173.5,176.75999450683594,171.97999572753906,175.38999938964844,36610600,0.0,0.0,5175.27001953125,,438.2609558105469
2024-03-13 04:00:00+00:00,175.89999389648438,177.6199951171875,175.5500030517578,176.55999755859375,30772600,0.0,0.0,5165.31005859375,,434.8924560546875
2024-03-14 04:00:00+00:00,177.69000244140625,179.52999877929688,176.47000122070312,178.75,43705800,0.0,0.0,5150.47998046875,,433.79595947265625
2024-03-15 04:00:00+00:00,176.63999938964844,177.92999267578125,173.89999389648438,174.4199981689453,72147400,0.0,0.0,5117.08984375,,428.6394958496094
2024-03-18 04:00:00+00:00,175.8000030517578,176.69000244140625,174.27999877929688,174.47999572753906,31250700,0.0,0.0,5149.419921875,,432.7276306152344
2024-03-19 04:00:00+00:00,174.22000122070312,176.08999633789062,173.52000427246094,175.89999389648438,26880900,0.0,0.0,5178.509765625,,433.8057556152344
2024-03-20 04:00:00+00:00,176.13999938964844,178.52999877929688,174.63999938964844,178.14999389648438,29947200,0.0,0.0,5224.6201171875,,438.9491882324219
2024-03-21 04:00:00+00:00,179.99000549316406,181.4199981689453,178.14999389648438,178.14999389648438,32824300,0.0,0.0,5241.52978515625,,441.0264892578125
2024-03-22 04:00:00+00:00,177.75,179.25999450683594,176.75,178.8699951171875,27995400,0.0,0.0,5234.18017578125,,441.5309143066406
2024-03-25 04:00:00+00:00,178.00999450683594,180.99000549316406,177.24000549316406,179.7100067138672,29815500,0.0,0.0,5218.18994140625,,439.92852783203125
2024-03-26 04:00:00+00:00,180.14999389648438,180.4499969482422,177.9499969482422,178.3000030517578,29659000,0.0,0.0,5203.580078125,,438.504150390625
2024-03-27 04:00:00+00:00,179.8800048828125,180.0,177.30999755859375,179.8300018310547,33272600,0.0,0.0,5248.490234375,,439.9977722167969
2024-03-28 04:00:00+00:00,180.1699981689453,181.6999969482422,179.25999450683594,180.3800048828125,38051600,0.0,0.0,5254.35009765625,,439.1866455078125
2024-04-01 04:00:00+00:00,180.7899932861328,183.0,179.9499969482422,180.97000122070312,29174500,0.0,0.0,5243.77001953125,,440.116455078125
2024-04-02 04:00:00+00:00,179.07000732421875,180.7899932861328,178.3800048828125,180.69000244140625,32611500,0.0,0.0,5205.81005859375,,436.318115234375
2024-04-03 04:00:00+00:00,179.89999389648438,182.8699951171875,179.8000030517578,182.41000366210938,31046600,0.0,0.0,5211.490234375,,437.29736328125
2024-04-04 04:00:00+00:00,184.0,185.10000610351562,180.0,180.0,41624300,0.0,0.0,5147.2099609375,,430.61083984375
2024-04-05 04:00:00+00:00,182.3800048828125,186.27000427246094,181.97000122070312,185.07000732421875,42374000,0.0,0.0,5204.33984375,,435.68511962890625
2024-04-08 04:00:00+00:00,186.89999389648438,187.2899932861328,184.80999755859375,185.19000244140625,39221300,0.0,0.0,5202.39013671875,,435.813720703125
2024-04-09 04:00:00+00:00,187.24000549316406,187.33999633789062,184.1999969482422,185.6699981689453,36520100,0.0,0.0,5209.91015625,,437.426025390625
2024-04-10 04:00:00+00:00,182.77000427246094,186.27000427246094,182.6699981689453,185.9499969482422,35879200,0.0,0.0,5160.64013671875,,433.60791015625
2024-04-11 04:00:00+00:00,186.74000549316406,189.77000427246094,185.50999450683594,189.0500030517578,40020700,0.0,0.0,5199.06005859375,,440.5318603515625
2024-04-12 04:00:00+00:00,187.72000122070312,188.3800048828125,185.0800018310547,186.1300048828125,38608800,0.0,0.0,5123.41015625,,433.5090026855469
2024-04-15 04:00:00+00:00,187.42999267578125,188.69000244140625,183.0,183.6199951171875,48052400,0.0,0.0,5061.81982421875,,426.3773498535156
2024-04-16 04:00:00+00:00,183.27000427246094,184.8300018310547,182.25999450683594,183.32000732421875,32891300,0.0,0.0,5051.41015625,,426.4169006347656
2024-04-17 04:00:00+00:00,184.30999755859375,184.57000732421875,179.82000732421875,181.27999877929688,31359700,0.0,0.0,5022.2099609375,,421.2140197753906
2024-04-18 04:00:00+00:00,181.47000122070312,182.38999938964844,178.64999389648438,179.22000122070312,30723800,0.0,0.0,5011.1201171875,,418.81048583984375
2024-04-19 04:00:00+00:00,178.74000549316406,179.0,173.44000244140625,174.6300048828125,56000700,0.0,0.0,4967.22998046875,,410.14556884765625
2024-04-22 04:00:00+00:00,176.94000244140625,178.8699951171875,174.55999755859375,177.22999572753906,37924900,0.0,0.0,5010.60009765625,,414.2703552246094
2024-04-23 04:00:00+00:00,178.0800018310547,179.92999267578125,175.97999572753906,179.5399932861328,37046500,0.0,0.0,5070.5498046875,,420.452392578125
2024-04-24 04:00:00+00:00,179.94000244140625,180.32000732421875,176.17999267578125,176.58999633789062,34185100,0.0,0.0,5071.6298828125,,421.87677001953125
2024-04-25 04:00:00+00:00,169.67999267578125,173.9199981689453,166.32000732421875,173.6699981689453,49249400,0.0,0.0,5048.419921875,,419.8391418457031
2024-04-26 04:00:00+00:00,177.8000030517578,180.82000732421875,176.1300048828125,179.6199951171875,43919800,0.0,0.0,5099.9599609375,,426.3179931640625
2024-04-29 04:00:00+00:00,182.75,183.52999877929688,179.38999938964844,180.9600067138672,54063900,0.0,0.0,5116.169921875,,428.04901123046875
2024-04-30 04:00:00+00:00,181.08999633789062,182.99000549316406,174.8000030517578,175.0,94639800,0.0,0.0,5035.68994140625,,419.97760009765625
2024-05-01 04:00:00+00:00,181.63999938964844,185.14999389648438,176.55999755859375,179.0,94645100,0.0,0.0,5018.39013671875,,416.9409484863281
2024-05-02 04:00:00+00:00,180.85000610351562,185.10000610351562,179.91000366210938,184.72000122070312,54303500,0.0,0.0,5064.2001953125,,422.26251220703125
2024-05-03 04:00:00+00:00,186.99000549316406,187.8699951171875,185.4199981689453,186.2100067138672,39172000,0.0,0.0,5127.7900390625,,430.7493591308594
2024-05-06 04:00:00+00:00,186.27999877929688,188.75,184.8000030517578,188.6999969482422,34725300,0.0,0.0,5180.740234375,,435.4674987792969
2024-05-07 04:00:00+00:00,188.9199981689453,189.94000244140625,187.30999755859375,188.75999450683594,34048900,0.0,0.0,5187.7001953125,,435.5367431640625
2024-05-08 04:00:00+00:00,187.44000244140625,188.42999267578125,186.38999938964844,188.0,26136400,0.0,0.0,5187.669921875,,435.2795715332031
2024-05-09 04:00:00+00:00,188.8800048828125,191.6999969482422,187.44000244140625,189.5,43368400,0.0,0.0,5214.080078125,,436.2291564941406
2024-05-10 04:00:00+00:00,189.16000366210938,189.88999938964844,186.92999267578125,187.47999572753906,34141800,0.0,0.0,5222.68017578125,,437.2578430175781
2024-05-13 04:00:00+00:00,188.0,188.30999755859375,185.36000061035156,186.57000732421875,24898600,0.0,0.0,5221.419921875,,438.2667541503906
2024-05-14 04:00:00+00:00,183.82000732421875,187.72000122070312,183.4499969482422,187.07000732421875,38698200,0.0,0.0,5246.68017578125,,441.0857849121094
2024-05-15 04:00:00+00:00,185.97000122070312,186.72000122070312,182.72999572753906,185.99000549316406,75459900,0.0,0.0,5308.14990234375,,447.9801025390625
2024-05-16 04:00:00+00:00,185.60000610351562,187.30999755859375,183.4600067138672,183.6300048828125,38834500,0.0,0.0,5297.10009765625,,447.0700988769531
2024-05-17 04:00:00+00:00,183.75999450683594,185.3000030517578,183.35000610351562,184.6999969482422,33175700,0.0,0.0,5303.27001953125,,446.85247802734375
2024-05-20 04:00:00+00:00,184.33999633789062,186.6699981689453,183.27999877929688,183.5399932861328,30511800,0.0,0.0,5308.1298828125,,449.96826171875
2024-05-21 04:00:00+00:00,182.3000030517578,183.25999450683594,180.75,183.14999389648438,50839100,0.0,0.0,5321.41015625,,450.84857177734375
2024-05-22 04:00:00+00:00,183.8800048828125,185.22000122070312,181.97000122070312,183.1300048828125,28148800,0.0,0.0,5307.009765625,,450.759521484375
2024-05-23 04:00:00+00:00,183.66000366210938,184.75999450683594,180.0800018310547,181.0500030517578,33670200,0.0,0.0,5267.83984375,,448.7318420410156
2024-05-24 04:00:00+00:00,181.64999389648438,182.44000244140625,180.3000030517578,180.75,27471600,0.0,0.0,5304.72021484375,,452.9752502441406
2024-05-28 04:00:00+00:00,179.92999267578125,182.24000549316406,179.49000549316406,182.14999389648438,29927000,0.0,0.0,5306.0400390625,,454.68646240234375
2024-05-29 04:00:00+00:00,181.6999969482422,184.0800018310547,181.5500030517578,182.02000427246094,32009300,0.0,0.0,5266.9501953125,,451.48162841796875
2024-05-30 04:00:00+00:00,181.30999755859375,181.33999633789062,178.36000061035156,179.32000732421875,29184700,0.0,0.0,5235.47998046875,,446.644775390625
2024-05-31 04:00:00+00:00,178.3000030517578,179.2100067138672,173.8699951171875,176.44000244140625,58903900,0.0,0.0,5277.509765625,,445.81390380859375
2024-06-03 04:00:00+00:00,177.6999969482422,178.6999969482422,175.9199981689453,178.33999633789062,30786600,0.0,0.0,5283.39990234375,,448.20758056640625
2024-06-04 04:00:00+00:00,177.63999938964844,179.82000732421875,176.44000244140625,179.33999633789062,27198400,0.0,0.0,5291.33984375,,449.4341125488281
2024-06-05 04:00:00+00:00,180.10000610351562,181.5,178.75,181.27999877929688,32116400,0.0,0.0,5354.02978515625,,458.4945983886719
2024-06-06 04:00:00+00:00,181.75,185.0,181.49000549316406,185.0,31371200,0.0,0.0,5352.9599609375,,458.3363342285156
2024-06-07 04:00:00+00:00,184.89999389648438,186.2899932861328,183.36000061035156,184.3000030517578,28021500,0.0,0.0,5346.990234375,,457.9308166503906
2024-06-10 04:00:00+00:00,184.07000732421875,187.22999572753906,183.7899932861328,187.05999755859375,34445600,0.0,0.0,5360.7900390625,,459.7804870605469
2024-06-11 04:00:00+00:00,187.05999755859375,187.77000427246094,184.5399932861328,187.22999572753906,27265100,0.0,0.0,5375.31982421875,,462.93585205078125
2024-06-12 04:00:00+00:00,188.02000427246094,188.35000610351562,185.42999267578125,186.88999938964844,33984200,0.0,0.0,5421.02978515625,,468.9992370605469
2024-06-13 04:00:00+00:00,186.08999633789062,187.6699981689453,182.6699981689453,183.8300018310547,39721500,0.0,0.0,5433.740234375,,471.54132080078125
2024-06-14 04:00:00+00:00,183.0800018310547,183.72000122070312,182.22999572753906,183.66000366210938,25456400,0.0,0.0,5431.60009765625,,473.98455810546875
2024-06-17 04:00:00+00:00,182.52000427246094,185.0,181.22000122070312,184.05999755859375,35601900,0.0,0.0,5473.22998046875,,479.790771484375
2024-06-18 04:00:00+00:00,183.74000549316406,184.2899932861328,181.42999267578125,182.80999755859375,36659200,0.0,0.0,5487.02978515625,,479.9390563964844
2024-06-20 04:00:00+00:00,182.91000366210938,186.50999450683594,182.72000122070312,186.10000610351562,44726800,0.0,0.0,5473.169921875,,476.23974609375
2024-06-21 04:00:00+00:00,187.8000030517578,189.27999877929688,185.86000061035156,189.0800018310547,70792500,0.0,0.0,5464.6201171875,,474.9637756347656
2024-06-24 04:00:00+00:00,189.3300018310547,191.0,185.3300018310547,185.57000732421875,50610400,0.0,0.0,5447.8701171875,,469.5564270019531
2024-06-25 04:00:00+00:00,186.80999755859375,188.83999633789062,185.4199981689453,186.33999633789062,45366400,0.0,0.0,5469.2998046875,,474.9261169433594
2024-06-26 04:00:00+00:00,186.9199981689453,194.8000030517578,186.25999450683594,193.61000061035156,65103900,0.0,0.0,5477.89990234375,,475.90692138671875
2024-06-27 04:00:00+00:00,195.00999450683594,199.83999633789062,194.1999969482422,197.85000610351562,74397500,0.0,0.0,5482.8701171875,,477.1353454589844
2024-06-28 04:00:00+00:00,197.72999572753906,198.85000610351562,192.5,193.25,76930200,0.0,0.0,5460.47998046875,,474.6585998535156
2024-07-01 04:00:00+00:00,193.49000549316406,198.3000030517578,192.82000732421875,197.1999969482422,41192000,0.0,0.0,5475.08984375,,477.4424743652344
2024-07-02 04:00:00+00:00,197.27999877929688,200.42999267578125,195.92999267578125,200.0,45600000,0.0,0.0,5509.009765625,,482.4555358886719
2024-07-03 04:00:00+00:00,199.94000244140625,200.02999877929688,196.75999450683594,197.58999633789062,31597900,0.0,0.0,5537.02001953125,,486.477783203125
2024-07-05 04:00:00+00:00,198.64999389648438,200.5500030517578,198.1699981689453,200.0,39858900,0.0,0.0,5567.18994140625,,491.5501708984375
2024-07-08 04:00:00+00:00,200.0399932861328,201.1999969482422,197.9600067138672,199.2899932861328,34767300,0.0,0.0,5572.85009765625,,492.71923828125
2024-07-09 04:00:00+00:00,199.39999389648438,200.57000732421875,199.0500030517578,199.33999633789062,32700100,0.0,0.0,5576.97998046875,,493.1452331542969
2024-07-10 04:00:00+00:00,200.0,200.11000061035156,197.69000244140625,199.7899932861328,32883800,0.0,0.0,5633.91015625,,498.2870178222656
2024-07-11 04:00:00+00:00,200.08999633789062,200.27000427246094,192.86000061035156,195.0500030517578,44565000,0.0,0.0,5584.5400390625,,487.3594970703125
2024-07-12 04:00:00+00:00,194.8000030517578,196.47000122070312,193.8300018310547,194.49000549316406,30598500,0.0,0.0,5615.35009765625,,490.22265625
2024-07-15 04:00:00+00:00,194.55999755859375,196.19000244140625,190.8300018310547,192.72000122070312,40683200,0.0,0.0,5631.22021484375,,491.5403137207031
2024-07-16 04:00:00+00:00,195.58999633789062,196.6199951171875,192.24000549316406,193.02000427246094,33994700,0.0,0.0,5667.2001953125,,491.728515625
2024-07-17 04:00:00+00:00,191.35000610351562,191.5800018310547,185.99000549316406,187.92999267578125,48076100,0.0,0.0,5588.27001953125,,477.29388427734375
2024-07-18 04:00:00+00:00,189.58999633789062,189.67999267578125,181.4499969482422,183.75,51043600,0.0,0.0,5544.58984375,,475.03509521484375
2024-07-19 04:00:00+00:00,181.13999938964844,184.92999267578125,180.11000061035156,183.1300048828125,43081800,0.0,0.0,5505.0,,470.82452392578125
2024-07-22 04:00:00+00:00,185.0,185.05999755859375,182.47999572753906,182.5500030517578,39931900,0.0,0.0,5564.41015625,,477.8388366699219
2024-07-23 04:00:00+00:00,184.10000610351562,189.38999938964844,183.55999755859375,186.41000366210938,47537700,0.0,0.0,5555.740234375,,476.1545715332031
2024-07-24 04:00:00+00:00,183.1999969482422,185.4499969482422,180.41000366210938,180.8300018310547,41532400,0.0,0.0,5427.1298828125,,459.07476806640625
2024-07-25 04:00:00+00:00,182.91000366210938,183.89999389648438,176.8000030517578,179.85000610351562,44464200,0.0,0.0,5399.22021484375,,454.01226806640625
2024-07-26 04:00:00+00:00,180.38999938964844,183.19000244140625,180.24000549316406,182.5,29506000,0.0,0.0,5459.10009765625,,458.6685791015625
2024-07-29 04:00:00+00:00,183.83999633789062,184.75,182.3800048828125,183.1999969482422,33270100,0.0,0.0,5463.5400390625,,459.5899353027344
2024-07-30 04:00:00+00:00,184.72000122070312,185.86000061035156,179.3800048828125,181.7100067138672,39508600,0.0,0.0,5436.43994140625,,453.2791442871094
2024-07-31 04:00:00+00:00,185.0500030517578,187.94000244140625,184.4600067138672,186.97999572753906,41667300,0.0,0.0,5522.2998046875,,466.6933288574219
2024-08-01 04:00:00+00:00,189.2899932861328,190.60000610351562,181.8699951171875,184.07000732421875,70435600,0.0,0.0,5446.68017578125,,455.3893127441406
2024-08-02 04:00:00+00:00,166.75,168.77000427246094,160.5500030517578,167.89999389648438,141448400,0.0,0.0,5346.56005859375,,444.5806884765625
2024-08-05 04:00:00+00:00,154.2100067138672,162.9600067138672,151.61000061035156,161.02000427246094,83149400,0.0,0.0,5186.330078125,,431.3249816894531
2024-08-06 04:00:00+00:00,161.7100067138672,165.0800018310547,158.5399932861328,161.92999267578125,59950800,0.0,0.0,5240.02978515625,,435.4463806152344
2024-08-07 04:00:00+00:00,166.5500030517578,167.5800018310547,161.42999267578125,162.77000427246094,48408200,0.0,0.0,5199.5,,430.7305603027344
2024-08-08 04:00:00+00:00,165.1699981689453,166.69000244140625,162.5500030517578,165.8000030517578,44616200,0.0,0.0,5319.31005859375,,443.90704345703125
2024-08-09 04:00:00+00:00,166.39999389648438,168.5500030517578,165.85000610351562,166.94000244140625,36401000,0.0,0.0,5344.16015625,,446.2252502441406
2024-08-12 04:00:00+00:00,168.13999938964844,168.5500030517578,166.11000061035156,166.8000030517578,30072800,0.0,0.0,5344.39013671875,,447.186279296875
2024-08-13 04:00:00+00:00,167.80999755859375,171.0399932861328,167.10000610351562,170.22999572753906,39237900,0.0,0.0,5434.43017578125,,458.28216552734375
2024-08-14 04:00:00+00:00,172.11000061035156,172.27999877929688,168.86000061035156,170.10000610351562,28843800,0.0,0.0,5455.2099609375,,458.4307861328125
2024-08-15 04:00:00+00:00,174.86000061035156,177.91000366210938,173.99000549316406,177.58999633789062,51698500,0.0,0.0,5543.22021484375,,470.0121765136719
2024-08-16 04:00:00+00:00,177.0399932861328,178.33999633789062,176.25999450683594,177.05999755859375,31489200,0.0,0.0,5554.25,,470.61651611328125
2024-08-19 04:00:00+00:00,177.63999938964844,178.3000030517578,176.16000366210938,178.22000122070312,31129800,0.0,0.0,5608.25,,476.7985534667969
2024-08-20 04:00:00+00:00,177.9199981689453,179.00999450683594,177.42999267578125,178.8800048828125,26255200,0.0,0.0,5597.1201171875,,475.7979431152344
2024-08-21 04:00:00+00:00,179.9199981689453,182.38999938964844,178.88999938964844,180.11000061035156,35599100,0.0,0.0,5620.85009765625,,478.01708984375
2024-08-22 04:00:00+00:00,181.3800048828125,181.47000122070312,175.67999267578125,176.1300048828125,32047500,0.0,0.0,5570.64013671875,,470.4382019042969
2024-08-23 04:00:00+00:00,177.33999633789062,178.97000122070312,175.24000549316406,177.0399932861328,29150100,0.0,0.0,5634.60986328125,,475.540283203125
2024-08-26 04:00:00+00:00,176.6999969482422,177.47000122070312,174.3000030517578,175.5,22366200,0.0,0.0,5616.83984375,,470.9236145019531
2024-08-27 04:00:00+00:00,174.14999389648438,174.88999938964844,172.25,173.1199951171875,29842000,0.0,0.0,5625.7998046875,,472.3304443359375
2024-08-28 04:00:00+00:00,173.69000244140625,173.69000244140625,168.9199981689453,170.8000030517578,29045000,0.0,0.0,5592.18017578125,,466.9707336425781
2024-08-29 04:00:00+00:00,173.22000122070312,174.2899932861328,170.80999755859375,172.1199951171875,26407800,0.0,0.0,5591.9599609375,,466.2871398925781
2024-08-30 04:00:00+00:00,172.77999877929688,178.89999389648438,172.60000610351562,178.5,43429400,0.0,0.0,5648.39990234375,,471.844970703125
2024-09-03 04:00:00+00:00,177.5500030517578,178.25999450683594,175.25999450683594,176.25,37817500,0.0,0.0,5528.93017578125,,457.51934814453125
2024-09-04 04:00:00+00:00,174.47999572753906,175.97999572753906,172.5399932861328,173.3300018310547,30309200,0.0,0.0,5520.06982421875,,456.3304443359375
2024-09-05 04:00:00+00:00,175.0,179.8800048828125,175.0,177.88999938964844,40170500,0.0,0.0,5503.41015625,,456.7564697265625
2024-09-06 04:00:00+00:00,177.24000549316406,178.3800048828125,171.16000366210938,171.38999938964844,41466500,0.0,0.0,5408.419921875,,444.5212707519531
2024-09-09 04:00:00+00:00,174.52999877929688,175.85000610351562,173.50999450683594,175.39999389648438,29037400,0.0,0.0,5471.0498046875,,450.2376708984375
2024-09-10 04:00:00+00:00,177.49000549316406,180.5,176.7899932861328,179.5500030517578,36233800,0.0,0.0,5495.52001953125,,454.39862060546875
2024-09-11 04:00:00+00:00,180.10000610351562,184.99000549316406,175.72999572753906,184.52000427246094,42564700,0.0,0.0,5554.1298828125,,464.2660827636719
2024-09-12 04:00:00+00:00,184.8000030517578,187.41000366210938,183.5399932861328,187.0,33544200,0.0,0.0,5595.759765625,,468.8233337402344
2024-09-13 04:00:00+00:00,187.0,188.5,185.91000366210938,186.49000549316406,26495400,0.0,0.0,5626.02001953125,,470.9236145019531
2024-09-16 04:00:00+00:00,185.2899932861328,185.80999755859375,183.36000061035156,184.88999938964844,26065500,0.0,0.0,5633.08984375,,468.8431091308594
2024-09-17 04:00:00+00:00,186.85000610351562,189.4499969482422,186.13999938964844,186.8800048828125,26091700,0.0,0.0,5634.580078125,,469.0908203125
2024-09-18 04:00:00+00:00,186.4499969482422,188.8000030517578,185.05999755859375,186.42999267578125,34448100,0.0,0.0,5618.259765625,,467.0599060058594
2024-09-19 04:00:00+00:00,190.0399932861328,190.99000549316406,188.47000122070312,189.8699951171875,39543200,0.0,0.0,5713.64013671875,,478.8691101074219
2024-09-20 04:00:00+00:00,190.22999572753906,191.83999633789062,187.41000366210938,191.60000610351562,100378600,0.0,0.0,5702.5498046875,,477.9576721191406
2024-09-23 04:00:00+00:00,191.63999938964844,194.4499969482422,190.57000732421875,193.8800048828125,36993100,0.0,0.0,5718.56982421875,,479.2246398925781
2024-09-24 04:00:00+00:00,194.27000427246094,195.3699951171875,190.1300048828125,193.9600067138672,43478900,0.0,0.0,5732.93017578125,,481.53619384765625
2024-09-25 04:00:00+00:00,193.75,193.9499969482422,192.16000366210938,192.52999877929688,26391100,0.0,0.0,5722.259765625,,481.9826354980469
2024-09-26 04:00:00+00:00,194.30999755859375,194.52999877929688,189.5399932861328,191.16000366210938,36334900,0.0,0.0,5745.3701171875,,485.6037902832031
2024-09-27 04:00:00+00:00,190.67999267578125,190.89999389648438,187.33999633789062,187.97000122070312,36002300,0.0,0.0,5738.169921875,,482.9052734375
2024-09-30 04:00:00+00:00,187.13999938964844,188.49000549316406,184.64999389648438,186.3300018310547,41583900,0.0,0.0,5762.47998046875,,484.21484375
2024-10-01 04:00:00+00:00,184.89999389648438,186.19000244140625,183.4499969482422,185.1300048828125,36044900,0.0,0.0,5708.75,,477.4685363769531
2024-10-02 04:00:00+00:00,184.44000244140625,186.60000610351562,184.0399932861328,184.75999450683594,23704100,0.0,0.0,5709.5400390625,,478.1432189941406
2024-10-03 04:00:00+00:00,183.0500030517578,183.44000244140625,180.8800048828125,181.9600067138672,30204300,0.0,0.0,5699.93994140625,,477.7860412597656
2024-10-04 04:00:00+00:00,185.75,187.60000610351562,183.60000610351562,186.50999450683594,40890300,0.0,0.0,5751.06982421875,,483.4707336425781
2024-10-07 04:00:00+00:00,182.9499969482422,183.60000610351562,180.25,180.8000030517578,42364200,0.0,0.0,5695.93994140625,,478.2920227050781
2024-10-08 04:00:00+00:00,181.9199981689453,183.08999633789062,180.9199981689453,182.72000122070312,26372100,0.0,0.0,5751.1298828125,,485.4351501464844
2024-10-09 04:00:00+00:00,182.82000732421875,185.85000610351562,182.0500030517578,185.1699981689453,26343100,0.0,0.0,5792.0400390625,,489.2547607421875
2024-10-10 04:00:00+00:00,187.1300048828125,188.1300048828125,185.8300018310547,186.64999389648438,27785000,0.0,0.0,5780.0498046875,,488.6991882324219
2024-10-11 04:00:00+00:00,186.6300048828125,189.92999267578125,186.3000030517578,188.82000732421875,25751600,0.0,0.0,5815.02978515625,,489.4630432128906
2024-10-14 04:00:00+00:00,189.77999877929688,189.8300018310547,187.36000061035156,187.5399932861328,22614400,0.0,0.0,5859.85009765625,,493.57037353515625
2024-10-15 04:00:00+00:00,187.6300048828125,188.41000366210938,184.5800018310547,187.69000244140625,32178900,0.0,0.0,5815.259765625,,486.972900390625
2024-10-16 04:00:00+00:00,187.0500030517578,187.77999877929688,185.61000061035156,186.88999938964844,23456800,0.0,0.0,5842.47021484375,,487.0323791503906
2024-10-17 04:00:00+00:00,188.22000122070312,188.94000244140625,186.0,187.52999877929688,25039400,0.0,0.0,5841.47021484375,,487.3697204589844
2024-10-18 04:00:00+00:00,187.14999389648438,190.74000549316406,186.27999877929688,188.99000549316406,37417700,0.0,0.0,5864.669921875,,490.56427001953125
2024-10-21 04:00:00+00:00,188.0500030517578,189.4600067138672,186.39999389648438,189.07000732421875,24639400,0.0,0.0,5853.97998046875,,491.50677490234375
2024-10-22 04:00:00+00:00,188.35000610351562,191.52000427246094,186.97999572753906,189.6999969482422,29650600,0.0,0.0,5851.2001953125,,492.04254150390625
2024-10-23 04:00:00+00:00,188.85000610351562,189.16000366210938,183.69000244140625,184.7100067138672,31937100,0.0,0.0,5797.419921875,,484.5025634765625
2024-10-24 04:00:00+00:00,185.25,187.11000061035156,183.86000061035156,186.3800048828125,21647400,0.0,0.0,5809.85986328125,,488.4312744140625
2024-10-25 04:00:00+00:00,187.85000610351562,190.4499969482422,187.52999877929688,187.8300018310547,29362100,0.0,0.0,5808.1201171875,,491.4075927734375
2024-10-28 04:00:00+00:00,189.57000732421875,190.2100067138672,188.2100067138672,188.38999938964844,27930800,0.0,0.0,5823.52001953125,,491.4869384765625
2024-10-29 04:00:00+00:00,188.5800018310547,191.4600067138672,187.82000732421875,190.8300018310547,35690200,0.0,0.0,5832.919921875,,496.2093811035156
2024-10-30 04:00:00+00:00,194.6999969482422,195.61000061035156,192.4199981689453,192.72999572753906,37707600,0.0,0.0,5813.669921875,,492.4592590332031
2024-10-31 04:00:00+00:00,190.50999450683594,190.60000610351562,185.22999572753906,186.39999389648438,75146800,0.0,0.0,5705.4501953125,,480.0282287597656
2024-11-01 04:00:00+00:00,199.0,200.5,197.02000427246094,197.92999267578125,99687800,0.0,0.0,5728.7998046875,,483.5799255371094
2024-11-04 05:00:00+00:00,196.4499969482422,197.3300018310547,194.30999755859375,195.77999877929688,38492100,0.0,0.0,5712.68994140625,,482.171142578125
2024-11-05 05:00:00+00:00,196.0399932861328,199.82000732421875,195.99000549316406,199.5,30564800,0.0,0.0,5782.759765625,,488.3221435546875
2024-11-06 05:00:00+00:00,200.00999450683594,207.5500030517578,199.13999938964844,207.08999633789062,72292200,0.0,0.0,5929.0400390625,,501.5865783691406
2024-11-07 05:00:00+00:00,207.44000244140625,212.25,207.19000244140625,210.0500030517578,52878400,0.0,0.0,5973.10009765625,,509.483642578125
2024-11-08 05:00:00+00:00,209.72000122070312,209.9600067138672,207.44000244140625,208.17999267578125,36075800,0.0,0.0,5995.5400390625,,510.0789794921875
2024-11-11 05:00:00+00:00,208.5,209.64999389648438,205.58999633789062,206.83999633789062,35456000,0.0,0.0,6001.35009765625,,509.7813415527344
2024-11-12 05:00:00+00:00,208.3699951171875,209.5399932861328,206.00999450683594,208.91000366210938,38942900,0.0,0.0,5983.990234375,,508.8586120605469
2024-11-13 05:00:00+00:00,209.39999389648438,215.08999633789062,209.13999938964844,214.10000610351562,46212900,0.0,0.0,5985.3798828125,,508.20391845703125
2024-11-14 05:00:00+00:00,214.16000366210938,215.89999389648438,210.8800048828125,211.47999572753906,42620300,0.0,0.0,5949.169921875,,504.6720275878906
2024-11-15 05:00:00+00:00,206.75999450683594,207.33999633789062,199.61000061035156,202.61000061035156,86591100,0.0,0.0,5870.6201171875,,492.6477355957031
2024-11-18 05:00:00+00:00,204.14999389648438,204.6699981689453,200.9499969482422,201.6999969482422,36409900,0.0,0.0,5893.6201171875,,496.0704650878906
2024-11-19 05:00:00+00:00,199.3300018310547,205.3000030517578,198.77999877929688,204.61000061035156,31197900,0.0,0.0,5916.97998046875,,499.4832763671875
2024-11-20 05:00:00+00:00,202.97999572753906,203.1300048828125,199.4499969482422,202.8800048828125,32769000,0.0,0.0,5917.10986328125,,499.1955871582031
2024-11-21 05:00:00+00:00,203.49000549316406,203.49000549316406,195.75,198.3800048828125,58800000,0.0,0.0,5948.7099609375,,500.9913330078125
2024-11-22 05:00:00+00:00,198.25,199.25999450683594,196.75,197.1199951171875,31530800,0.0,0.0,5969.33984375,,501.79486083984375
2024-11-25 05:00:00+00:00,199.27999877929688,201.9499969482422,199.0,201.4499969482422,40685700,0.0,0.0,5987.3701171875,,502.58856201171875
2024-11-26 05:00:00+00:00,201.89999389648438,208.0,201.7899932861328,207.86000061035156,41673700,0.0,0.0,6021.6298828125,,505.2870178222656
2024-11-27 05:00:00+00:00,206.97999572753906,207.63999938964844,205.0500030517578,205.74000549316406,28061600,0.0,0.0,5998.740234375,,501.3087158203125
2024-11-29 05:00:00+00:00,205.8300018310547,208.1999969482422,204.58999633789062,207.88999938964844,24892400,0.0,0.0,6032.3798828125,,505.7136535644531
2024-12-02 05:00:00+00:00,209.9600067138672,212.99000549316406,209.50999450683594,210.7100067138672,39523200,0.0,0.0,6047.14990234375,,511.2198181152344
2024-12-03 05:00:00+00:00,210.30999755859375,214.02000427246094,209.64999389648438,213.44000244140625,32214800,0.0,0.0,6049.8798828125,,512.7874145507812
2024-12-04 05:00:00+00:00,215.9600067138672,220.0,215.75,218.16000366210938,48745700,0.0,0.0,6086.490234375,,519.126953125
2024-12-05 05:00:00+00:00,218.02999877929688,222.14999389648438,217.3000030517578,220.5500030517578,41140200,0.0,0.0,6075.10986328125,,517.6883544921875
2024-12-06 05:00:00+00:00,220.75,227.14999389648438,220.60000610351562,227.02999877929688,44178100,0.0,0.0,6090.27001953125,,522.3214111328125
2024-12-09 05:00:00+00:00,227.2100067138672,230.0800018310547,225.6699981689453,226.08999633789062,46819400,0.0,0.0,6052.85009765625,,518.2538452148438
2024-12-10 05:00:00+00:00,226.08999633789062,229.05999755859375,224.1999969482422,225.0399932861328,31199900,0.0,0.0,6034.91015625,,516.4879150390625
2024-12-11 05:00:00+00:00,226.41000366210938,231.1999969482422,226.25999450683594,230.25999450683594,35385800,0.0,0.0,6084.18994140625,,525.7341918945312
2024-12-12 05:00:00+00:00,229.8300018310547,231.08999633789062,227.6300048828125,228.97000122070312,28204100,0.0,0.0,6051.25,,522.3413696289062
2024-12-13 05:00:00+00:00,228.39999389648438,230.1999969482422,225.86000061035156,227.4600067138672,28768100,0.0,0.0,6051.08984375,,526.3395385742188
2024-12-16 05:00:00+00:00,230.22999572753906,233.0,228.00999450683594,232.92999267578125,37552100,0.0,0.0,6074.080078125,,533.9191284179688
2024-12-17 05:00:00+00:00,232.38999938964844,232.72999572753906,227.85000610351562,231.14999389648438,35948100,0.0,0.0,6050.60986328125,,531.56787109375
2024-12-18 05:00:00+00:00,230.77000427246094,231.39999389648438,220.11000061035156,220.52000427246094,43281400,0.0,0.0,5872.16015625,,512.3905029296875
2024-12-19 05:00:00+00:00,224.91000366210938,226.08999633789062,222.9199981689453,223.2899932861328,39918700,0.0,0.0,5867.080078125,,510.108642578125
2024-12-20 05:00:00+00:00,219.83999633789062,226.2100067138672,218.72999572753906,224.9199981689453,88279200,0.0,0.0,5930.85009765625,,514.563232421875
2024-12-23 05:00:00+00:00,225.00999450683594,226.8800048828125,223.89999389648438,225.05999755859375,28070000,0.0,0.0,5974.06982421875,,519.576416015625
2024-12-24 05:00:00+00:00,226.94000244140625,229.13999938964844,226.1300048828125,229.0500030517578,15007500,0.0,0.0,6040.0400390625,,526.621826171875
2024-12-26 05:00:00+00:00,228.5,228.5,226.6699981689453,227.0500030517578,16146700,0.0,0.0,6037.58984375,,526.2639770507812
2024-12-27 05:00:00+00:00,225.60000610351562,226.02999877929688,220.89999389648438,223.75,27367100,0.0,0.0,5970.83984375,,519.2683715820312
2024-12-30 05:00:00+00:00,220.05999755859375,223.0,218.42999267578125,221.3000030517578,28321200,0.0,0.0,5906.93994140625,,512.3621826171875
2024-12-31 05:00:00+00:00,222.97000122070312,223.22999572753906,218.94000244140625,219.38999938964844,24819700,0.0,0.0,5881.6298828125,,508.0097961425781
2025-01-02 05:00:00+00:00,222.02999877929688,225.14999389648438,218.19000244140625,220.22000122070312,33956600,0.0,0.0,5868.5498046875,,507.01611328125
2025-01-03 05:00:00+00:00,222.50999450683594,225.36000061035156,221.6199951171875,224.19000244140625,27515600,0.0,0.0,5942.47021484375,,515.3134765625
2025-01-06 05:00:00+00:00,226.77999877929688,228.83999633789062,224.83999633789062,227.61000061035156,31849800,0.0,0.0,5975.3798828125,,521.2359619140625
2025-01-07 05:00:00+00:00,227.89999389648438,228.3800048828125,221.4600067138672,222.11000061035156,28084200,0.0,0.0,5909.02978515625,,511.9348449707031
2025-01-08 05:00:00+00:00,223.19000244140625,223.52000427246094,220.1999969482422,222.1300048828125,25033300,0.0,0.0,5918.25,,512.0244140625
2025-01-10 05:00:00+00:00,221.4600067138672,221.7100067138672,216.5,218.94000244140625,36811500,0.0,0.0,5827.0400390625,,503.9952392578125
2025-01-13 05:00:00+00:00,218.05999755859375,219.39999389648438,216.47000122070312,218.4600067138672,27262700,0.0,0.0,5836.22021484375,,502.37548828125
2025-01-14 05:00:00+00:00,220.44000244140625,221.82000732421875,216.1999969482422,217.75999450683594,24711700,0.0,0.0,5842.91015625,,501.89849853515625
2025-01-15 05:00:00+00:00,222.8300018310547,223.57000732421875,220.75,223.35000610351562,31291300,0.0,0.0,5949.91015625,,513.4453125
2025-01-16 05:00:00+00:00,224.4199981689453,224.64999389648438,220.30999755859375,220.66000366210938,24757300,0.0,0.0,5937.33984375,,509.84814453125
2025-01-17 05:00:00+00:00,225.83999633789062,226.50999450683594,223.0800018310547,225.94000244140625,42370100,0.0,0.0,5996.66015625,,518.45361328125
2025-01-21 05:00:00+00:00,228.89999389648438,231.77999877929688,226.94000244140625,230.7100067138672,39951500,0.0,0.0,6049.240234375,,521.4942626953125
2025-01-22 05:00:00+00:00,232.02000427246094,235.44000244140625,231.19000244140625,235.00999450683594,41448200,0.0,0.0,6086.3701171875,,528.1619873046875
2025-01-23 05:00:00+00:00,234.10000610351562,235.52000427246094,231.50999450683594,235.4199981689453,26404400,0.0,0.0,6118.7099609375,,529.2849731445312
2025-01-24 05:00:00+00:00,234.5,236.39999389648438,232.92999267578125,234.85000610351562,25890700,0.0,0.0,6101.240234375,,526.2938842773438
2025-01-27 05:00:00+00:00,226.2100067138672,235.61000061035156,225.86000061035156,235.4199981689453,49428300,0.0,0.0,6012.27978515625,,510.97100830078125
2025-01-28 05:00:00+00:00,234.2899932861328,241.77000427246094,233.97999572753906,238.14999389648438,41587200,0.0,0.0,6067.7001953125,,518.5231323242188
2025-01-29 05:00:00+00:00,239.02000427246094,240.38999938964844,236.14999389648438,237.07000732421875,26091700,0.0,0.0,6039.31005859375,,517.5493774414062
2025-01-30 05:00:00+00:00,237.13999938964844,237.9499969482422,232.22000122070312,234.63999938964844,32020700,0.0,0.0,6071.169921875,,519.7553100585938
2025-01-31 05:00:00+00:00,236.5,240.2899932861328,236.41000366210938,237.67999267578125,36110200,0.0,0.0,6040.52978515625,,519.0000610351562
2025-02-03 05:00:00+00:00,234.05999755859375,239.25,232.89999389648438,237.4199981689453,37285900,0.0,0.0,5994.56982421875,,514.846435546875
2025-02-04 05:00:00+00:00,239.00999450683594,242.52000427246094,238.02999877929688,242.05999755859375,29713800,0.0,0.0,6037.8798828125,,521.1663208007812
2025-02-05 05:00:00+00:00,237.02000427246094,238.32000732421875,235.1999969482422,236.1699981689453,38727300,0.0,0.0,6061.47998046875,,523.5313720703125
2025-02-06 05:00:00+00:00,238.00999450683594,239.66000366210938,236.00999450683594,238.8300018310547,60897100,0.0,0.0,6083.56982421875,,526.2639770507812
2025-02-07 05:00:00+00:00,232.5,234.80999755859375,228.05999755859375,229.14999389648438,77539300,0.0,0.0,6025.990234375,,519.6261596679688
2025-02-10 05:00:00+00:00,230.5500030517578,233.9199981689453,229.1999969482422,233.13999938964844,35419900,0.0,0.0,6066.43994140625,,525.916259765625
2025-02-11 05:00:00+00:00,231.9199981689453,233.44000244140625,230.1300048828125,232.75999450683594,23713700,0.0,0.0,6068.5,,524.6642456054688
2025-02-12 05:00:00+00:00,230.4600067138672,231.17999267578125,228.16000366210938,228.92999267578125,32285200,0.0,0.0,6051.97021484375,,524.9722290039062
2025-02-13 05:00:00+00:00,228.85000610351562,230.4199981689453,227.52000427246094,230.3699951171875,31346500,0.0,0.0,6115.06982421875,,532.5243530273438
2025-02-14 05:00:00+00:00,229.1999969482422,229.88999938964844,227.22999572753906,228.67999267578125,27031100,0.0,0.0,6114.6298828125,,534.7601928710938
2025-02-18 05:00:00+00:00,228.82000732421875,229.3000030517578,223.72000122070312,226.64999389648438,42975100,0.0,0.0,6129.580078125,,535.9724731445312
2025-02-19 05:00:00+00:00,225.52000427246094,226.8300018310547,223.7100067138672,226.6300048828125,28566700,0.0,0.0,6144.14990234375,,536.12158203125
2025-02-20 05:00:00+00:00,224.77999877929688,225.1300048828125,221.80999755859375,222.8800048828125,30001700,0.0,0.0,6117.52001953125,,533.845947265625
2025-02-21 05:00:00+00:00,223.27999877929688,223.30999755859375,214.74000549316406,216.5800018310547,55323900,0.0,0.0,6013.1298828125,,522.7662353515625
2025-02-24 05:00:00+00:00,217.4499969482422,217.72000122070312,212.4199981689453,212.7100067138672,42387600,0.0,0.0,5983.25,,516.5953369140625
2025-02-25 05:00:00+00:00,211.6300048828125,213.33999633789062,204.16000366210938,212.8000030517578,58958000,0.0,0.0,5955.25,,510.0866394042969
2025-02-26 05:00:00+00:00,214.94000244140625,218.16000366210938,213.08999633789062,214.35000610351562,39120600,0.0,0.0,5956.06005859375,,511.3187561035156
2025-02-27 05:00:00+00:00,218.35000610351562,219.97000122070312,208.3699951171875,208.74000549316406,40548600,0.0,0.0,5861.56982421875,,497.1187744140625
2025-02-28 05:00:00+00:00,208.64999389648438,212.6199951171875,206.99000549316406,212.27999877929688,51771700,0.0,0.0,5954.5,,504.96905517578125
2025-03-03 05:00:00+00:00,213.35000610351562,214.00999450683594,202.5500030517578,205.02000427246094,42948400,0.0,0.0,5849.72021484375,,493.9190673828125
2025-03-04 05:00:00+00:00,200.11000061035156,206.8000030517578,197.42999267578125,203.8000030517578,60853100,0.0,0.0,5778.14990234375,,492.42852783203125
2025-03-05 05:00:00+00:00,204.8000030517578,209.97999572753906,203.25999450683594,208.36000061035156,38610100,0.0,0.0,5842.6298828125,,498.8478698730469
2025-03-06 05:00:00+00:00,204.39999389648438,205.77000427246094,198.3000030517578,200.6999969482422,49863800,0.0,0.0,5738.52001953125,,485.12481689453125
2025-03-07 05:00:00+00:00,199.49000549316406,202.27000427246094,192.52999877929688,199.25,59802800,0.0,0.0,5770.2001953125,,488.6922302246094
2025-03-10 04:00:00+00:00,195.60000610351562,196.72999572753906,190.85000610351562,194.5399932861328,62350900,0.0,0.0,5614.56005859375,,469.7523193359375
2025-03-11 04:00:00+00:00,193.89999389648438,200.17999267578125,193.39999389648438,196.58999633789062,54002900,0.0,0.0,5572.06982421875,,468.62939453125
2025-03-12 04:00:00+00:00,200.72000122070312,201.52000427246094,195.2899932861328,198.88999938964844,43679300,0.0,0.0,5599.2998046875,,473.9158935546875
2025-03-13 04:00:00+00:00,198.1699981689453,198.8800048828125,191.82000732421875,193.88999938964844,41270800,0.0,0.0,5521.52001953125,,465.3899230957031
2025-03-14 04:00:00+00:00,197.41000366210938,198.64999389648438,195.32000732421875,197.9499969482422,38096700,0.0,0.0,5638.93994140625,,476.638671875
2025-03-17 04:00:00+00:00,198.77000427246094,199.0,194.32000732421875,195.74000549316406,47341800,0.0,0.0,5675.1201171875,,479.72900390625
2025-03-18 04:00:00+00:00,192.52000427246094,194.0,189.3800048828125,192.82000732421875,40414900,0.0,0.0,5614.66015625,,471.5509033203125
2025-03-19 04:00:00+00:00,193.3800048828125,195.97000122070312,191.9600067138672,195.5399932861328,39442900,0.0,0.0,5675.2900390625,,477.86090087890625
2025-03-20 04:00:00+00:00,193.07000732421875,199.32000732421875,192.3000030517578,194.9499969482422,38921100,0.0,0.0,5662.89013671875,,476.2411804199219
2025-03-21 04:00:00+00:00,192.89999389648438,196.99000549316406,192.52000427246094,196.2100067138672,60056900,0.0,0.0,5667.56005859375,,477.8111877441406
2025-03-24 04:00:00+00:00,200.0,203.63999938964844,199.9499969482422,203.25999450683594,41625400,0.0,0.0,5767.56982421875,,488.29644775390625
2025-03-25 04:00:00+00:00,203.60000610351562,206.2100067138672,203.22000122070312,205.7100067138672,31171200,0.0,0.0,5776.64990234375,,491.08294677734375
2025-03-26 04:00:00+00:00,205.83999633789062,206.00999450683594,199.92999267578125,201.1300048828125,32855300,0.0,0.0,5712.2001953125,,482.04669189453125
2025-03-27 04:00:00+00:00,200.88999938964844,203.7899932861328,199.27999877929688,201.36000061035156,27317700,0.0,0.0,5693.31005859375,,479.3000183105469
2025-03-28 04:00:00+00:00,198.4199981689453,199.25999450683594,191.8800048828125,192.72000122070312,52548200,0.0,0.0,5580.93994140625,,466.6810607910156
2025-03-31 04:00:00+00:00,188.19000244140625,191.3300018310547,184.39999389648438,190.25999450683594,63547600,0.0,0.0,5611.85009765625,,466.6611633300781
2025-04-01 04:00:00+00:00,187.86000061035156,193.92999267578125,187.1999969482422,192.1699981689453,41267300,0.0,0.0,5633.06982421875,,470.4229736328125
2025-04-02 04:00:00+00:00,187.66000366210938,198.33999633789062,187.66000366210938,196.00999450683594,53679200,0.0,0.0,5670.97021484375,,473.8562927246094
2025-04-03 04:00:00+00:00,183.0,184.1300048828125,176.9199981689453,178.41000366210938,95553600,0.0,0.0,5396.52001953125,,448.4891052246094
2025-04-04 04:00:00+00:00,167.14999389648438,178.13999938964844,166.0,171.0,123159400,0.0,0.0,5074.080078125,,420.6339416503906
2025-04-07 04:00:00+00:00,162.0,183.41000366210938,161.3800048828125,175.25999450683594,109327100,0.0,0.0,5062.25,,421.6490478515625
2025-04-08 04:00:00+00:00,185.22999572753906,185.89999389648438,168.57000732421875,170.66000366210938,87710400,0.0,0.0,4982.77001953125,,414.0557861328125
2025-04-09 04:00:00+00:00,172.1199951171875,192.64999389648438,169.92999267578125,191.10000610351562,116804300,0.0,0.0,5456.89990234375,,463.7552185058594
2025-04-10 04:00:00+00:00,185.44000244140625,186.8699951171875,175.85000610351562,181.22000122070312,68302000,0.0,0.0,5268.0498046875,,444.0306701660156
2025-04-11 04:00:00+00:00,179.92999267578125,185.86000061035156,178.0,184.8699951171875,50594300,0.0,0.0,5363.35986328125,,452.21112060546875
2025-04-14 04:00:00+00:00,186.83999633789062,187.44000244140625,179.22999572753906,182.1199951171875,48002500,0.0,0.0,5405.97021484375,,455.2762756347656
2025-04-15 04:00:00+00:00,181.41000366210938,182.35000610351562,177.92999267578125,179.58999633789062,43642000,0.0,0.0,5396.6298828125,,455.7838134765625
2025-04-16 04:00:00+00:00,176.2899932861328,179.10000610351562,171.41000366210938,174.3300018310547,51875300,0.0,0.0,5275.7001953125,,442.04034423828125
2025-04-17 04:00:00+00:00,176.0,176.2100067138672,172.0,172.61000061035156,44726500,0.0,0.0,5282.7001953125,,441.96075439453125
2025-04-21 04:00:00+00:00,169.60000610351562,169.60000610351562,165.2899932861328,167.32000732421875,48126100,0.0,0.0,5158.2001953125,,431.02362060546875
2025-04-22 04:00:00+00:00,169.85000610351562,176.77999877929688,169.35000610351562,173.17999267578125,56607200,0.0,0.0,5287.759765625,,442.33892822265625
2025-04-23 04:00:00+00:00,183.4499969482422,187.3800048828125,180.19000244140625,180.60000610351562,63470100,0.0,0.0,5375.85986328125,,452.3703308105469
2025-04-24 04:00:00+00:00,180.9199981689453,186.74000549316406,180.17999267578125,186.5399932861328,43763200,0.0,0.0,5484.77001953125,,465.0987243652344
2025-04-25 04:00:00+00:00,187.6199951171875,189.94000244140625,185.49000549316406,188.99000549316406,36414300,0.0,0.0,5525.2099609375,,470.28363037109375
2025-04-28 04:00:00+00:00,190.11000061035156,190.22000122070312,184.88999938964844,187.6999969482422,33224700,0.0,0.0,5528.75,,470.1343688964844
2025-04-29 04:00:00+00:00,183.99000549316406,188.02000427246094,183.67999267578125,187.38999938964844,41667300,0.0,0.0,5560.830078125,,473.23931884765625
2025-04-30 04:00:00+00:00,182.1699981689453,185.0500030517578,178.85000610351562,184.4199981689453,55176500,0.0,0.0,5569.06005859375,,473.1795959472656
2025-05-01 04:00:00+00:00,190.6300048828125,191.80999755859375,187.5,190.1999969482422,74266000,0.0,0.0,5604.14013671875,,479.35968017578125
2025-05-02 04:00:00+00:00,191.44000244140625,192.8800048828125,186.39999389648438,189.97999572753906,77903500,0.0,0.0,5686.669921875,,486.4752197265625
2025-05-05 04:00:00+00:00,186.50999450683594,188.17999267578125,185.52999877929688,186.35000610351562,35217500,0.0,0.0,5650.3798828125,,483.5892333984375
2025-05-06 04:00:00+00:00,184.57000732421875,187.92999267578125,183.85000610351562,185.00999450683594,29314100,0.0,0.0,5606.91015625,,479.09100341796875
2025-05-07 04:00:00+00:00,185.55999755859375,190.99000549316406,185.00999450683594,188.7100067138672,43948600,0.0,0.0,5631.27978515625,,480.97186279296875
2025-05-08 04:00:00+00:00,191.42999267578125,194.3300018310547,188.82000732421875,192.0800018310547,41043600,0.0,0.0,5663.93994140625,,485.9378662109375
2025-05-09 04:00:00+00:00,193.3800048828125,194.69000244140625,191.16000366210938,193.05999755859375,29663100,0.0,0.0,5659.91015625,,485.6194152832031
2025-05-12 04:00:00+00:00,210.7100067138672,211.66000366210938,205.75,208.63999938964844,75205000,0.0,0.0,5844.18994140625,,505.40362548828125
2025-05-13 04:00:00+00:00,211.0800018310547,214.83999633789062,210.10000610351562,211.3699951171875,56193700,0.0,0.0,5886.5498046875,,513.1063842773438
2025-05-14 04:00:00+00:00,211.4499969482422,211.92999267578125,208.85000610351562,210.25,38492100,0.0,0.0,5892.580078125,,516.1814575195312
2025-05-15 04:00:00+00:00,206.4499969482422,206.8800048828125,202.6699981689453,205.1699981689453,64347300,0.0,0.0,5916.93017578125,,516.7487182617188
2025-05-16 04:00:00+00:00,206.85000610351562,206.85000610351562,204.3699951171875,205.58999633789062,43318500,0.0,0.0,5958.3798828125,,518.997802734375
2025-05-19 04:00:00+00:00,201.64999389648438,206.6199951171875,201.25999450683594,206.16000366210938,34314800,0.0,0.0,5963.60009765625,,519.4954223632812
2025-05-20 04:00:00+00:00,204.6300048828125,205.58999633789062,202.64999389648438,204.07000732421875,29470400,0.0,0.0,5940.4599609375,,517.7637939453125
2025-05-21 04:00:00+00:00,201.61000061035156,203.4600067138672,200.05999755859375,201.1199951171875,42460900,0.0,0.0,5844.60986328125,,510.5686340332031
2025-05-22 04:00:00+00:00,201.3800048828125,205.75999450683594,200.16000366210938,203.10000610351562,38938900,0.0,0.0,5842.009765625,,511.5240173339844
2025-05-23 04:00:00+00:00,198.89999389648438,202.3699951171875,197.85000610351562,200.99000549316406,33393500,0.0,0.0,5802.81982421875,,506.78692626953125
2025-05-27 04:00:00+00:00,203.08999633789062,206.69000244140625,202.19000244140625,206.02000427246094,34892000,0.0,0.0,5921.5400390625,,518.7091674804688
2025-05-28 04:00:00+00:00,205.9199981689453,207.66000366210938,204.41000366210938,204.72000122070312,28549800,0.0,0.0,5888.5498046875,,516.4102783203125
2025-05-29 04:00:00+00:00,208.02999877929688,208.80999755859375,204.22999572753906,205.6999969482422,34650000,0.0,0.0,5912.169921875,,517.4254150390625
2025-05-30 04:00:00+00:00,204.83999633789062,205.99000549316406,201.6999969482422,205.00999450683594,51679400,0.0,0.0,5911.68994140625,,516.609375
2025-06-02 04:00:00+00:00,204.97999572753906,207.0,202.67999267578125,206.64999389648438,29113300,0.0,0.0,5935.93994140625,,520.689697265625
2025-06-03 04:00:00+00:00,207.11000061035156,208.9499969482422,205.02999877929688,205.7100067138672,33139100,0.0,0.0,5970.3701171875,,524.7598876953125
2025-06-04 04:00:00+00:00,206.5500030517578,208.17999267578125,205.17999267578125,207.22999572753906,29915600,0.0,0.0,5970.81005859375,,526.2228393554688
2025-06-05 04:00:00+00:00,209.5500030517578,212.80999755859375,207.55999755859375,207.91000366210938,51864200,0.0,0.0,5939.2998046875,,522.261962890625
2025-06-06 04:00:00+00:00,212.39999389648438,213.8699951171875,210.5,213.57000732421875,39832500,0.0,0.0,6000.35986328125,,527.3672485351562
2025-06-09 04:00:00+00:00,214.75,217.85000610351562,212.8800048828125,216.97999572753906,38102500,0.0,0.0,6005.8798828125,,528.1436157226562
2025-06-10 04:00:00+00:00,216.77999877929688,217.69000244140625,214.14999389648438,217.61000061035156,31303300,0.0,0.0,6038.81005859375,,531.6366577148438
2025-06-11 04:00:00+00:00,217.41000366210938,218.39999389648438,212.88999938964844,213.1999969482422,39326000,0.0,0.0,6022.240234375,,529.8452758789062
2025-06-12 04:00:00+00:00,211.77999877929688,213.5800018310547,211.3300018310547,213.24000549316406,27640000,0.0,0.0,6045.259765625,,531.0892944335938
2025-06-13 04:00:00+00:00,209.9600067138672,214.0500030517578,209.6199951171875,212.10000610351562,29337800,0.0,0.0,5976.97021484375,,524.4215698242188
2025-06-16 04:00:00+00:00,212.30999755859375,217.05999755859375,211.60000610351562,216.10000610351562,33284200,0.0,0.0,6033.10986328125,,531.7162475585938
2025-06-17 04:00:00+00:00,215.1999969482422,217.41000366210938,214.55999755859375,214.82000732421875,32086300,0.0,0.0,5982.72021484375,,526.5313720703125
2025-06-18 04:00:00+00:00,215.08999633789062,217.9600067138672,212.33999633789062,212.52000427246094,44360500,0.0,0.0,5980.8701171875,,526.4417724609375
2025-06-20 04:00:00+00:00,214.67999267578125,214.88999938964844,208.27000427246094,209.69000244140625,75350700,0.0,0.0,5967.83984375,,524.292236328125
2025-06-23 04:00:00+00:00,209.7899932861328,210.38999938964844,207.30999755859375,208.47000122070312,37311700,0.0,0.0,6025.169921875,,529.6832275390625
2025-06-24 04:00:00+00:00,212.13999938964844,214.33999633789062,211.0500030517578,212.77000427246094,38378800,0.0,0.0,6092.18017578125,,537.783203125
2025-06-25 04:00:00+00:00,214.6199951171875,216.02999877929688,211.11000061035156,211.99000549316406,31755700,0.0,0.0,6092.16015625,,539.157958984375
2025-06-26 04:00:00+00:00,213.1199951171875,218.0399932861328,212.00999450683594,217.1199951171875,50480800,0.0,0.0,6141.02001953125,,544.1992797851562
2025-06-27 04:00:00+00:00,219.9199981689453,223.3000030517578,216.74000549316406,223.3000030517578,119217100,0.0,0.0,6173.06982421875,,546.0623779296875
2025-06-30 04:00:00+00:00,223.52000427246094,223.82000732421875,219.1199951171875,219.38999938964844,58887800,0.0,0.0,6204.9501953125,,549.5992431640625
2025-07-01 04:00:00+00:00,219.5,221.8800048828125,217.92999267578125,220.4600067138672,39256800,0.0,0.0,6198.009765625,,544.9664306640625
2025-07-02 04:00:00+00:00,219.72999572753906,221.60000610351562,219.05999755859375,219.9199981689453,30894200,0.0,0.0,6227.419921875,,548.7623291015625
2025-07-03 04:00:00+00:00,221.82000732421875,224.00999450683594,221.36000061035156,223.41000366210938,29632400,0.0,0.0,6279.35009765625,,554.1622924804688
2025-07-07 04:00:00+00:00,223.0,224.2899932861328,222.3699951171875,223.47000122070312,36604100,0.0,0.0,6229.97998046875,,549.9878540039062
2025-07-08 04:00:00+00:00,223.9199981689453,224.0,218.42999267578125,219.36000061035156,45692000,0.0,0.0,6225.52001953125,,550.2966918945312
2025-07-09 04:00:00+00:00,221.07000732421875,224.2899932861328,220.47000122070312,222.5399932861328,38155100,0.0,0.0,6263.259765625,,554.1921997070312
2025-07-10 04:00:00+00:00,221.5500030517578,222.7899932861328,219.6999969482422,222.25999450683594,30370600,0.0,0.0,6280.4599609375,,553.3952026367188
2025-07-11 04:00:00+00:00,223.5800018310547,226.67999267578125,222.3699951171875,225.02000427246094,50518300,0.0,0.0,6259.75,,552.1497802734375
2025-07-14 04:00:00+00:00,225.07000732421875,226.66000366210938,224.24000549316406,225.69000244140625,35702600,0.0,0.0,6268.56005859375,,554.1524047851562
2025-07-15 04:00:00+00:00,226.1999969482422,227.27000427246094,225.4600067138672,226.35000610351562,34907300,0.0,0.0,6243.759765625,,554.660400390625
2025-07-16 04:00:00+00:00,225.8800048828125,226.10000610351562,222.17999267578125,223.19000244140625,39535900,0.0,0.0,6263.7001953125,,555.2283325195312
2025-07-17 04:00:00+00:00,223.32000732421875,224.5,222.50999450683594,223.8800048828125,31855800,0.0,0.0,6297.35986328125,,559.7216186523438
2025-07-18 04:00:00+00:00,225.13999938964844,226.39999389648438,222.97999572753906,226.1300048828125,37833800,0.0,0.0,6296.7900390625,,559.1836547851562
2025-07-21 04:00:00+00:00,225.83999633789062,229.69000244140625,225.64999389648438,229.3000030517578,40297600,0.0,0.0,6305.60009765625,,562.0828857421875
2025-07-22 04:00:00+00:00,229.67999267578125,230.0,226.35000610351562,227.47000122070312,37483700,0.0,0.0,6309.6201171875,,559.1737060546875
2025-07-23 04:00:00+00:00,228.47000122070312,228.7899932861328,227.08999633789062,228.2899932861328,28294900,0.0,0.0,6358.91015625,,561.7242431640625
2025-07-24 04:00:00+00:00,229.1699981689453,236.0,228.63999938964844,232.22999572753906,42902300,0.0,0.0,6363.35009765625,,562.9197387695312
2025-07-25 04:00:00+00:00,232.22000122070312,232.47999572753906,231.17999267578125,231.44000244140625,28712100,0.0,0.0,6388.64013671875,,564.2747192382812
2025-07-28 04:00:00+00:00,233.35000610351562,234.2899932861328,232.25,232.7899932861328,26300100,0.0,0.0,6389.77001953125,,566.0382690429688
2025-07-29 04:00:00+00:00,234.14999389648438,234.72000122070312,230.30999755859375,231.00999450683594,33716200,0.0,0.0,6370.85986328125,,565.1614990234375
2025-07-30 04:00:00+00:00,231.63999938964844,231.8000030517578,229.2899932861328,230.19000244140625,32993300,0.0,0.0,6362.89990234375,,565.9186401367188
2025-07-31 04:00:00+00:00,235.77000427246094,236.52999877929688,231.39999389648438,234.11000061035156,104357300,0.0,0.0,6339.39013671875,,562.9197387695312
2025-08-01 04:00:00+00:00,217.2100067138672,220.44000244140625,212.8000030517578,214.75,122258800,0.0,0.0,6238.009765625,,551.8309936523438
2025-08-04 04:00:00+00:00,217.39999389648438,217.44000244140625,211.4199981689453,211.64999389648438,77890100,0.0,0.0,6329.93994140625,,562.0131225585938
2025-08-05 04:00:00+00:00,213.0500030517578,216.3000030517578,212.8699951171875,213.75,51505100,0.0,0.0,6299.18994140625,,558.1973266601562
2025-08-06 04:00:00+00:00,214.6999969482422,222.64999389648438,213.74000549316406,222.30999755859375,54823000,0.0,0.0,6345.06005859375,,565.2212524414062
2025-08-07 04:00:00+00:00,221.0,226.22000122070312,220.82000732421875,223.1300048828125,40603500,0.0,0.0,6340.0,,567.1340942382812
2025-08-08 04:00:00+00:00,223.13999938964844,223.8000030517578,221.8800048828125,222.69000244140625,32970500,0.0,0.0,6389.4501953125,,572.4244995117188
2025-08-11 04:00:00+00:00,221.77999877929688,223.0500030517578,220.39999389648438,221.3000030517578,31646200,0.0,0.0,6373.4501953125,,570.730712890625
2025-08-12 04:00:00+00:00,222.22999572753906,223.5,219.0500030517578,221.47000122070312,37185800,0.0,0.0,6445.759765625,,577.9041137695312
2025-08-13 04:00:00+00:00,222.0,224.9199981689453,222.0,224.55999755859375,36508300,0.0,0.0,6466.580078125,,578.193115234375
2025-08-14 04:00:00+00:00,227.39999389648438,233.11000061035156,227.02000427246094,230.97999572753906,61545800,0.0,0.0,6468.5400390625,,577.7447509765625
2025-08-15 04:00:00+00:00,232.5800018310547,234.0800018310547,229.80999755859375,231.02999877929688,39649200,0.0,0.0,6449.7998046875,,575.2042236328125
2025-08-18 04:00:00+00:00,230.22999572753906,231.91000366210938,228.3300018310547,231.49000549316406,25248900,0.0,0.0,6449.14990234375,,574.9750366210938
2025-08-19 04:00:00+00:00,230.08999633789062,230.52999877929688,227.1199951171875,228.00999450683594,29891000,0.0,0.0,6411.3701171875,,567.1740112304688
2025-08-20 04:00:00+00:00,227.1199951171875,227.27000427246094,220.9199981689453,223.80999755859375,36604300,0.0,0.0,6395.77978515625,,563.8065185546875
2025-08-21 04:00:00+00:00,222.64999389648438,222.77999877929688,220.5,221.9499969482422,32140500,0.0,0.0,6370.169921875,,561.1962280273438
2025-08-22 04:00:00+00:00,222.7899932861328,229.13999938964844,220.82000732421875,228.83999633789062,37315300,0.0,0.0,6466.91015625,,569.85400390625
2025-08-25 04:00:00+00:00,227.35000610351562,229.60000610351562,227.30999755859375,227.94000244140625,22633700,0.0,0.0,6439.31982421875,,568.210205078125
2025-08-26 04:00:00+00:00,227.11000061035156,229.0,226.02000427246094,228.7100067138672,26105400,0.0,0.0,6465.93994140625,,570.4915771484375
2025-08-27 04:00:00+00:00,228.57000732421875,229.8699951171875,227.80999755859375,229.1199951171875,21254500,0.0,0.0,6481.39990234375,,571.368408203125
2025-08-28 04:00:00+00:00,229.00999450683594,232.7100067138672,228.02000427246094,231.60000610351562,33679600,0.0,0.0,6501.85986328125,,574.9451293945312
2025-08-29 04:00:00+00:00,231.32000732421875,231.80999755859375,228.16000366210938,229.0,26199200,0.0,0.0,6460.259765625,,568.2898559570312
2025-09-02 04:00:00+00:00,223.52000427246094,226.1699981689453,221.8300018310547,225.33999633789062,38843900,0.0,0.0,6415.5400390625,,563.527587890625
2025-09-03 04:00:00+00:00,225.2100067138672,227.1699981689453,224.36000061035156,225.99000549316406,29223100,0.0,0.0,6448.259765625,,567.9610595703125
2025-09-04 04:00:00+00:00,231.19000244140625,235.77000427246094,230.77999877929688,235.67999267578125,59391800,0.0,0.0,6502.080078125,,573.1019287109375
2025-09-05 04:00:00+00:00,235.19000244140625,236.0,231.92999267578125,232.3300018310547,36721800,0.0,0.0,6481.5,,573.9288940429688
2025-09-08 04:00:00+00:00,234.94000244140625,237.60000610351562,233.75,235.83999633789062,33947100,0.0,0.0,6495.14990234375,,576.728515625
2025-09-09 04:00:00+00:00,236.36000061035156,238.85000610351562,235.0800018310547,238.24000549316406,27033800,0.0,0.0,6512.60986328125,,578.3624267578125
2025-09-10 04:00:00+00:00,237.52000427246094,237.67999267578125,229.10000610351562,230.3300018310547,60907700,0.0,0.0,6532.0400390625,,578.5517578125
2025-09-11 04:00:00+00:00,231.49000549316406,231.52999877929688,229.33999633789062,229.9499969482422,37485600,0.0,0.0,6587.47021484375,,581.9192504882812
2025-09-12 04:00:00+00:00,230.35000610351562,230.7899932861328,226.2899932861328,228.14999389648438,38496200,0.0,0.0,6584.2900390625,,584.4896850585938
2025-09-15 04:00:00+00:00,230.6300048828125,233.72999572753906,230.32000732421875,231.42999267578125,33243300,0.0,0.0,6615.27978515625,,589.4910888671875
2025-09-16 04:00:00+00:00,232.94000244140625,235.89999389648438,232.22999572753906,234.0500030517578,38203900,0.0,0.0,6606.759765625,,588.992919921875
2025-09-17 04:00:00+00:00,233.77000427246094,234.3000030517578,228.7100067138672,231.6199951171875,42815200,0.0,0.0,6600.35009765625,,587.8173217773438
2025-09-18 04:00:00+00:00,232.5,233.47999572753906,228.7899932861328,231.22999572753906,37931700,0.0,0.0,6631.9599609375,,593.11767578125
2025-09-19 04:00:00+00:00,232.3699951171875,234.16000366210938,229.6999969482422,231.47999572753906,97943200,0.0,0.0,6664.35986328125,,597.1326904296875
2025-09-22 04:00:00+00:00,230.55999755859375,230.57000732421875,227.50999450683594,227.6300048828125,45914500,0.0,0.0,6693.75,,600.667724609375
2025-09-23 04:00:00+00:00,227.8300018310547,227.86000061035156,220.07000732421875,220.7100067138672,70956200,0.0,0.0,6656.919921875,,596.6779174804688
2025-09-24 04:00:00+00:00,224.14999389648438,224.55999755859375,219.4499969482422,220.2100067138672,49509000,0.0,0.0,6637.97021484375,,594.583251953125
2025-09-25 04:00:00+00:00,220.05999755859375,220.6699981689453,216.47000122070312,218.14999389648438,52226300,0.0,0.0,6604.72021484375,,592.0198364257812
2025-09-26 04:00:00+00:00,219.0800018310547,221.0500030517578,218.02000427246094,219.77999877929688,41650100,0.0,0.0,6643.7001953125,,594.4535522460938
2025-09-29 04:00:00+00:00,220.0800018310547,222.60000610351562,219.3000030517578,222.1699981689453,44259200,0.0,0.0,6661.2099609375,,597.20654296875
2025-09-30 04:00:00+00:00,222.02999877929688,222.24000549316406,217.88999938964844,219.57000732421875,48396400,0.0,0.0,6688.4599609375,,598.8424072265625
2025-10-01 04:00:00+00:00,217.36000061035156,222.14999389648438,216.61000061035156,220.6300048828125,43933800,0.0,0.0,6711.2001953125,,601.7150268554688
2025-10-02 04:00:00+00:00,221.00999450683594,222.80999755859375,218.9499969482422,222.41000366210938,41258600,0.0,0.0,6715.35009765625,,604.188720703125
2025-10-03 04:00:00+00:00,223.44000244140625,224.1999969482422,219.33999633789062,219.50999450683594,43639000,0.0,0.0,6715.7900390625,,601.645263671875
2025-10-06 04:00:00+00:00,221.0,221.72999572753906,216.02999877929688,220.89999389648438,43690900,0.0,0.0,6740.27978515625,,606.1636962890625
2025-10-07 04:00:00+00:00,220.8800048828125,222.88999938964844,220.1699981689453,221.77999877929688,31194700,0.0,0.0,6714.58984375,,602.9718627929688
2025-10-08 04:00:00+00:00,222.9199981689453,226.72999572753906,221.19000244140625,225.22000122070312,46686000,0.0,0.0,6753.72021484375,,609.8842163085938
2025-10-09 04:00:00+00:00,225.0,228.2100067138672,221.75,227.74000549316406,46412100,0.0,0.0,6735.10986328125,,609.1461181640625
2025-10-10 04:00:00+00:00,226.2100067138672,228.25,216.0,216.3699951171875,72367500,0.0,0.0,6552.509765625,,588.0000610351562
2025-10-13 04:00:00+00:00,217.6999969482422,220.67999267578125,217.0399932861328,220.07000732421875,37809700,0.0,0.0,6654.72021484375,,600.4782104492188
2025-10-14 04:00:00+00:00,215.55999755859375,219.32000732421875,212.60000610351562,216.38999938964844,45665600,0.0,0.0,6644.31005859375,,596.4784545898438
2025-10-15 04:00:00+00:00,216.6199951171875,217.7100067138672,212.66000366210938,215.57000732421875,45909500,0.0,0.0,6671.06005859375,,600.6876831054688
2025-10-16 04:00:00+00:00,215.6699981689453,218.58999633789062,212.80999755859375,214.47000122070312,42414600,0.0,0.0,6629.06982421875,,598.46337890625
2025-10-17 04:00:00+00:00,214.55999755859375,214.8000030517578,211.02999877929688,213.0399932861328,45986900,0.0,0.0,6664.009765625,,602.393310546875
2025-10-20 04:00:00+00:00,213.8800048828125,216.69000244140625,213.58999633789062,216.47999572753906,38882800,0.0,0.0,6735.1298828125,,609.9839477539062
2025-10-21 04:00:00+00:00,218.42999267578125,223.32000732421875,217.99000549316406,222.02999877929688,50494600,0.0,0.0,6735.35009765625,,609.8244018554688
2025-10-22 04:00:00+00:00,219.3000030517578,220.00999450683594,216.52000427246094,217.9499969482422,44308500,0.0,0.0,6699.39990234375,,603.9493408203125
2025-10-23 04:00:00+00:00,219.0,221.3000030517578,218.17999267578125,221.08999633789062,31540000,0.0,0.0,6738.43994140625,,609.0264282226562
2025-10-24 04:00:00+00:00,221.97000122070312,225.39999389648438,221.89999389648438,224.2100067138672,38685100,0.0,0.0,6791.68994140625,,615.52978515625
2025-10-27 04:00:00+00:00,227.66000366210938,228.39999389648438,225.5399932861328,226.97000122070312,38267000,0.0,0.0,6875.16015625,,626.4918823242188
2025-10-28 04:00:00+00:00,228.22000122070312,231.49000549316406,226.2100067138672,229.25,47100000,0.0,0.0,6890.89013671875,,631.3095703125
2025-10-29 04:00:00+00:00,231.6699981689453,232.82000732421875,227.75999450683594,230.3000030517578,52036200,0.0,0.0,6890.58984375,,634.15234375
2025-10-30 04:00:00+00:00,227.05999755859375,228.44000244140625,222.75,222.86000061035156,102252900,0.0,0.0,6822.33984375,,624.45703125
2025-10-31 04:00:00+00:00,250.10000610351562,250.5,243.97999572753906,244.22000122070312,166340800,0.0,0.0,6840.2001953125,,627.4694213867188
2025-11-03 05:00:00+00:00,255.36000061035156,258.6000061035156,252.89999389648438,254.0,95997800,0.0,0.0,6851.97021484375,,630.4716796875
2025-11-04 05:00:00+00:00,250.3800048828125,257.010009765625,248.66000366210938,249.32000732421875,51546300,0.0,0.0,6771.5498046875,,617.67431640625
2025-11-05 05:00:00+00:00,249.02999877929688,251.0,246.16000366210938,250.1999969482422,40610700,0.0,0.0,6796.2900390625,,621.6941528320312
2025-11-06 05:00:00+00:00,249.16000366210938,250.3800048828125,242.1699981689453,243.0399932861328,46004200,0.0,0.0,6720.31982421875,,610.1136474609375
2025-11-07 05:00:00+00:00,242.89999389648438,244.89999389648438,238.49000549316406,244.41000366210938,46374300,0.0,0.0,6728.7998046875,,608.1885375976562
2025-11-10 05:00:00+00:00,248.33999633789062,251.75,245.58999633789062,248.39999389648438,36476500,0.0,0.0,6832.43017578125,,621.6442260742188
2025-11-11 05:00:00+00:00,248.41000366210938,249.75,247.22999572753906,249.10000610351562,23564100,0.0,0.0,6846.60986328125,,619.9884643554688
2025-11-12 05:00:00+00:00,250.24000549316406,250.3699951171875,243.75,244.1999969482422,31190100,0.0,0.0,6850.919921875,,619.4996948242188
2025-11-13 05:00:00+00:00,243.0500030517578,243.75,236.5,237.5800018310547,41401700,0.0,0.0,6737.490234375,,606.8519897460938
2025-11-14 05:00:00+00:00,235.05999755859375,238.72999572753906,232.88999938964844,234.69000244140625,38956700,0.0,0.0,6734.10986328125,,607.310791015625
2025-11-17 05:00:00+00:00,233.25,234.60000610351562,229.19000244140625,232.8699951171875,59919000,0.0,0.0,6672.41015625,,602.1240234375
2025-11-18 05:00:00+00:00,228.10000610351562,230.1999969482422,222.4199981689453,222.5500030517578,60608400,0.0,0.0,6617.31982421875,,594.7926635742188
2025-11-19 05:00:00+00:00,223.74000549316406,223.74000549316406,218.52000427246094,222.69000244140625,58335600,0.0,0.0,6642.16015625,,598.3436279296875
2025-11-20 05:00:00+00:00,227.0500030517578,227.41000366210938,216.74000549316406,217.13999938964844,50309000,0.0,0.0,6538.759765625,,584.1797485351562
2025-11-21 05:00:00+00:00,216.35000610351562,222.2100067138672,215.17999267578125,220.69000244140625,68490500,0.0,0.0,6602.990234375,,588.568603515625
2025-11-24 05:00:00+00:00,222.55999755859375,227.3300018310547,222.27000427246094,226.27999877929688,54318400,0.0,0.0,6705.1201171875,,603.6201782226562
2025-11-25 05:00:00+00:00,226.3800048828125,230.52000427246094,223.8000030517578,229.6699981689453,39379300,0.0,0.0,6765.8798828125,,607.3407592773438
2025-11-26 05:00:00+00:00,230.74000549316406,231.75,228.77000427246094,229.16000366210938,38497900,0.0,0.0,6812.60986328125,,612.70703125
2025-11-28 05:00:00+00:00,231.24000549316406,233.2899932861328,230.22000122070312,233.22000122070312,20292300,0.0,0.0,6849.08984375,,617.67431640625
2025-12-01 05:00:00+00:00,233.22000122070312,235.8000030517578,232.25,233.8800048828125,42904000,0.0,0.0,6812.6298828125,,615.599609375
2025-12-02 05:00:00+00:00,235.00999450683594,238.97000122070312,233.5500030517578,234.4199981689453,45785400,0.0,0.0,6829.3701171875,,620.4172973632812
2025-12-03 05:00:00+00:00,233.35000610351562,233.3800048828125,230.61000061035156,232.3800048828125,35495100,0.0,0.0,6849.72021484375,,621.9334716796875
2025-12-04 05:00:00+00:00,232.77000427246094,233.5,226.8000030517578,229.11000061035156,45683200,0.0,0.0,6857.1201171875,,621.35498046875
2025-12-05 05:00:00+00:00,230.32000732421875,231.24000549316406,228.5500030517578,229.52999877929688,33117400,0.0,0.0,6870.39990234375,,623.8884887695312
2025-12-08 05:00:00+00:00,229.58999633789062,230.8300018310547,226.27000427246094,226.88999938964844,35019200,0.0,0.0,6846.509765625,,622.6915283203125
2025-12-09 05:00:00+00:00,226.83999633789062,228.57000732421875,225.11000061035156,227.9199981689453,25841700,0.0,0.0,6840.509765625,,623.4595336914062
2025-12-10 05:00:00+00:00,228.80999755859375,232.4199981689453,228.4600067138672,231.77999877929688,38790700,0.0,0.0,6886.68017578125,,626.0130615234375
2025-12-11 05:00:00+00:00,230.7100067138672,232.11000061035156,228.69000244140625,230.27999877929688,28249600,0.0,0.0,6901.0,,623.98828125
2025-12-12 05:00:00+00:00,229.8699951171875,230.0800018310547,225.1199951171875,226.19000244140625,35639100,0.0,0.0,6827.41015625,,612.0586547851562
2025-12-15 05:00:00+00:00,227.92999267578125,227.92999267578125,221.5,222.5399932861328,47286100,0.0,0.0,6816.509765625,,608.9865112304688
2025-12-16 05:00:00+00:00,223.0399932861328,223.66000366210938,221.1300048828125,222.55999755859375,39298900,0.0,0.0,6800.259765625,,610.1934204101562
2025-12-17 05:00:00+00:00,224.66000366210938,225.19000244140625,220.99000549316406,221.27000427246094,44034400,0.0,0.0,6721.43017578125,,598.8822631835938
2025-12-18 05:00:00+00:00,225.7100067138672,229.22999572753906,224.41000366210938,226.75999450683594,50272400,0.0,0.0,6774.759765625,,607.5601196289062
2025-12-19 05:00:00+00:00,226.75999450683594,229.1300048828125,225.5800018310547,227.35000610351562,85544400,0.0,0.0,6834.5,,615.47998046875
2025-12-22 05:00:00+00:00,228.61000061035156,229.47999572753906,226.7100067138672,228.42999267578125,32261300,0.0,0.0,6878.490234375,,618.4302368164062
2025-12-23 05:00:00+00:00,229.05999755859375,232.4499969482422,228.72999572753906,232.13999938964844,29230200,0.0,0.0,6909.7900390625,,621.3265380859375
2025-12-24 05:00:00+00:00,232.1300048828125,232.9499969482422,231.3300018310547,232.3800048828125,11420500,0.0,0.0,6932.0498046875,,623.144287109375
2025-12-26 05:00:00+00:00,232.0399932861328,232.99000549316406,231.17999267578125,232.52000427246094,15994700,0.0,0.0,6929.93994140625,,623.1043090820312
2025-12-29 05:00:00+00:00,231.94000244140625,232.60000610351562,230.77000427246094,232.07000732421875,19797900,0.0,0.0,6905.740234375,,620.088134765625
2025-12-30 05:00:00+00:00,231.2100067138672,232.77000427246094,230.1999969482422,232.52999877929688,21910500,0.0,0.0,6896.240234375,,618.64990234375
2025-12-31 05:00:00+00:00,232.91000366210938,232.99000549316406,230.1199951171875,230.82000732421875,24383700,0.0,0.0,6845.5,,613.536376953125
2026-01-02 05:00:00+00:00,231.33999633789062,235.4600067138672,224.6999969482422,226.5,51456200,0.0,0.0,6858.47021484375,,612.347900390625
2026-01-05 05:00:00+00:00,228.83999633789062,234.0,227.17999267578125,233.05999755859375,49733300,0.0,0.0,6902.0498046875,,617.2117309570312
2026-01-06 05:00:00+00:00,232.10000610351562,243.17999267578125,232.07000732421875,240.92999267578125,53764700,0.0,0.0,6944.81982421875,,622.6348876953125
2026-01-07 05:00:00+00:00,239.61000061035156,245.2899932861328,239.52000427246094,241.55999755859375,42236500,0.0,0.0,6920.93017578125,,623.2341918945312
2026-01-08 05:00:00+00:00,243.05999755859375,246.41000366210938,241.8800048828125,246.2899932861328,39509800,0.0,0.0,6921.4599609375,,619.6885986328125
2026-01-09 05:00:00+00:00,244.57000732421875,247.86000061035156,242.24000549316406,247.3800048828125,34560000,0.0,0.0,6966.27978515625,,625.86083984375
2026-01-12 05:00:00+00:00,246.72999572753906,248.94000244140625,245.9600067138672,246.47000122070312,35867800,0.0,0.0,6977.27001953125,,626.3801879882812
2026-01-13 05:00:00+00:00,246.52999877929688,247.66000366210938,240.25,242.60000610351562,38371800,0.0,0.0,6963.740234375,,625.4513549804688
2026-01-14 05:00:00+00:00,241.14999389648438,241.27999877929688,236.22000122070312,236.64999389648438,41410600,0.0,0.0,6926.60009765625,,618.769775390625
2026-01-15 05:00:00+00:00,239.30999755859375,240.64999389648438,236.6300048828125,238.17999267578125,43003600,0.0,0.0,6944.47021484375,,620.9970092773438
2026-01-16 05:00:00+00:00,239.08999633789062,239.57000732421875,236.41000366210938,239.1199951171875,45888300,0.0,0.0,6940.009765625,,620.4776611328125
2026-01-20 05:00:00+00:00,233.75999450683594,235.08999633789062,229.33999633789062,231.0,47737900,0.0,0.0,6796.85986328125,,607.2942504882812
2026-01-21 05:00:00+00:00,231.08999633789062,232.3000030517578,226.8800048828125,231.30999755859375,47276100,0.0,0.0,6875.6201171875,,615.50390625
2026-01-22 05:00:00+00:00,234.0500030517578,235.72000122070312,230.89999389648438,234.33999633789062,31913300,0.0,0.0,6913.35009765625,,619.978271484375
2026-01-23 05:00:00+00:00,234.9600067138672,240.4499969482422,234.57000732421875,239.16000366210938,33778500,0.0,0.0,6915.60986328125,,621.935791015625
2026-01-26 05:00:00+00:00,239.97999572753906,240.9499969482422,237.5399932861328,238.4199981689453,32825500,0.0,0.0,6950.22998046875,,624.67236328125
2026-01-27 05:00:00+00:00,239.69000244140625,244.8800048828125,238.0800018310547,244.67999267578125,38029200,0.0,0.0,6978.60009765625,,630.335205078125
2026-01-28 05:00:00+00:00,246.3699951171875,247.77999877929688,241.52999877929688,243.00999450683594,40882700,0.0,0.0,6978.02978515625,,632.4225463867188
2026-01-29 05:00:00+00:00,242.82000732421875,243.0,236.74000549316406,241.72999572753906,47229600,0.0,0.0,6969.009765625,,628.6373291015625
2026-01-30 05:00:00+00:00,239.88999938964844,243.32000732421875,237.63999938964844,239.3000030517578,46585000,0.0,0.0,6939.02978515625,,621.0868530273438
2026-02-02 05:00:00+00:00,238.30999755859375,245.6300048828125,238.1699981689453,242.9600067138672,37546100,0.0,0.0,6976.43994140625,,625.3515014648438
2026-02-03 05:00:00+00:00,244.97999572753906,246.35000610351562,235.4499969482422,238.6199951171875,53831300,0.0,0.0,6917.81005859375,,615.7435913085938
2026-02-04 05:00:00+00:00,238.86000061035156,238.86000061035156,231.82000732421875,232.99000549316406,51299900,0.0,0.0,6882.72021484375,,604.9871826171875
2026-02-05 05:00:00+00:00,224.91000366210938,226.30999755859375,220.3800048828125,222.69000244140625,103509200,0.0,0.0,6798.39990234375,,596.2781982421875
2026-02-06 05:00:00+00:00,202.6999969482422,211.44000244140625,200.30999755859375,210.32000732421875,179210900,0.0,0.0,6932.2998046875,,608.8822631835938
2026-02-09 05:00:00+00:00,208.97000122070312,212.80999755859375,203.35000610351562,208.72000122070312,91178400,0.0,0.0,6964.81982421875,,613.54638671875
2026-02-10 05:00:00+00:00,208.8000030517578,212.64999389648438,206.41000366210938,206.9600067138672,67175000,0.0,0.0,6941.81005859375,,610.699951171875
2026-02-11 05:00:00+00:00,208.05999755859375,208.57000732421875,202.49000549316406,204.0800018310547,65545500,0.0,0.0,6941.47021484375,,612.337890625
2026-02-12 05:00:00+00:00,203.9600067138672,203.9600067138672,197.55999755859375,199.60000610351562,83975400,0.0,0.0,6832.759765625,,599.8836059570312
2026-02-13 05:00:00+00:00,198.8800048828125,201.16000366210938,197.27999877929688,198.7899932861328,66321600,0.0,0.0,6836.169921875,,601.1619873046875
2026-02-17 05:00:00+00:00,198.1300048828125,201.74000549316406,196.0,201.14999389648438,69879200,0.0,0.0,6843.22021484375,,600.542724609375
2026-02-18 05:00:00+00:00,202.07000732421875,206.86000061035156,201.50999450683594,204.7899932861328,51003300,0.0,0.0,6881.31005859375,,605.027099609375
2026-02-19 05:00:00+00:00,203.8000030517578,205.63999938964844,202.80999755859375,204.86000061035156,35669600,0.0,0.0,6861.89013671875,,602.7100219726562
2026-02-20 05:00:00+00:00,204.75999450683594,211.1699981689453,203.75,210.11000061035156,65881600,0.0,0.0,6909.509765625,,608.0433349609375
2026-02-23 05:00:00+00:00,208.10000610351562,208.42999267578125,203.11000061035156,205.27000427246094,53581500,0.0,0.0,6837.75,,600.652587890625
2026-02-24 05:00:00+00:00,205.47000122070312,210.36000061035156,203.25,208.55999755859375,41137200,0.0,0.0,6890.06982421875,,607.1044921875
2026-02-25 05:00:00+00:00,210.4600067138672,211.58999633789062,208.92999267578125,210.63999938964844,41346400,0.0,0.0,6946.1298828125,,615.9033813476562
2026-02-26 05:00:00+00:00,210.72999572753906,211.0500030517578,205.35000610351562,207.9199981689453,47756800,0.0,0.0,6908.85986328125,,608.4727783203125
2026-02-27 05:00:00+00:00,206.8300018310547,210.3300018310547,205.1999969482422,210.0,57422800,0.0,0.0,6878.8798828125,,606.5252075195312
2026-03-02 05:00:00+00:00,204.5500030517578,209.72999572753906,203.4600067138672,208.38999938964844,46001000,0.0,0.0,6881.6201171875,,607.32421875
2026-03-03 05:00:00+00:00,203.10000610351562,209.17999267578125,202.47999572753906,208.72999572753906,43184900,0.0,0.0,6816.6298828125,,600.8224487304688
2026-03-04 05:00:00+00:00,210.47000122070312,217.5399932861328,210.14999389648438,216.82000732421875,54731100,0.0,0.0,6869.5,,609.9808959960938
2026-03-05 05:00:00+00:00,215.97999572753906,220.47000122070312,215.58999633789062,218.94000244140625,60943400,0.0,0.0,6830.7099609375,,608.1431274414062
2026-03-06 05:00:00+00:00,214.99000549316406,217.32000732421875,212.52999877929688,213.2100067138672,51152700,0.0,0.0,6740.02001953125,,598.9946899414062
2026-03-09 04:00:00+00:00,210.4499969482422,213.82000732421875,207.11000061035156,213.49000549316406,54642900,0.0,0.0,6795.990234375,,606.99462890625
2026-03-10 04:00:00+00:00,214.19000244140625,215.64999389648438,212.42999267578125,214.3300018310547,35678800,0.0,0.0,6781.47998046875,,607.004638671875
2026-03-11 04:00:00+00:00,215.7100067138672,217.0,211.35000610351562,212.64999389648438,34199300,0.0,0.0,6775.7998046875,,606.9247436523438
2026-03-12 04:00:00+00:00,210.38999938964844,211.7100067138672,208.14999389648438,209.52999877929688,44349500,0.0,0.0,6672.6201171875,,596.5078735351562
2026-03-13 04:00:00+00:00,209.61000061035156,210.55999755859375,206.22000122070312,207.6699981689453,35662100,0.0,0.0,6632.18994140625,,592.9722900390625
2026-03-16 04:00:00+00:00,208.35000610351562,212.72000122070312,207.4499969482422,211.74000549316406,42209300,0.0,0.0,6699.3798828125,,599.6239013671875
2026-03-17 04:00:00+00:00,212.82000732421875,215.6999969482422,212.42999267578125,215.1999969482422,44969900,0.0,0.0,6716.08984375,,602.5502319335938
2026-03-18 04:00:00+00:00,213.92999267578125,215.13999938964844,208.8300018310547,209.8699951171875,37846600,0.0,0.0,6624.7001953125,,594.15087890625
2026-03-19 04:00:00+00:00,207.05999755859375,209.1199951171875,206.0500030517578,208.75999450683594,36440600,0.0,0.0,6606.490234375,,592.273193359375
2026-03-20 04:00:00+00:00,207.39999389648438,207.5399932861328,204.32000732421875,205.3699951171875,63694600,0.0,0.0,6506.47998046875,,581.3269653320312
2026-03-23 04:00:00+00:00,209.7899932861328,212.8000030517578,209.50999450683594,210.13999938964844,44277400,0.0,0.0,6581.0,,588.0
2026-03-24 04:00:00+00:00,207.9499969482422,209.35000610351562,206.63999938964844,207.24000549316406,35351400,0.0,0.0,6556.3701171875,,583.97998046875
2026-03-25 04:00:00+00:00,211.55999755859375,213.07000732421875,209.89999389648438,211.7100067138672,36388800,0.0,0.0,6591.89990234375,,587.8200073242188
2026-03-26 04:00:00+00:00,210.61000061035156,212.88999938964844,207.1199951171875,207.5399932861328,46746000,0.0,0.0,6477.16015625,,573.7899780273438
2026-03-27 04:00:00+00:00,206.4600067138672,206.60000610351562,199.13999938964844,199.33999633789062,56009800,0.0,0.0,6368.85009765625,,562.5800170898438
2026-03-30 04:00:00+00:00,201.47999572753906,203.8000030517578,199.97999572753906,200.9499969482422,46373800,0.0,0.0,6343.72021484375,,558.280029296875
2026-03-31 04:00:00+00:00,204.85000610351562,210.27999877929688,204.13999938964844,208.27000427246094,58470100,0.0,0.0,6528.52001953125,,577.1799926757812
2026-04-01 04:00:00+00:00,210.44000244140625,213.5800018310547,208.19000244140625,210.57000732421875,45955400,0.0,0.0,6575.31982421875,,584.3099975585938
2026-04-02 04:00:00+00:00,206.5399932861328,212.2100067138672,204.89999389648438,209.77000427246094,31453000,0.0,0.0,6582.68994140625,,584.97998046875
