Date,Open,High,Low,Close,Volume,Dividends,Stock Splits,snp500,vix_close,qqq_close,close,log_ret,rv_5,snp500_change,vix_change,qqq_change,earnings_week
2021-04-12 04:00:00+00:00,35.4163691654088,35.76176455871559,35.292378043595036,35.478363037109375,45544600,0.0,0.0,4127.990234375,,326.71478271484375,35.478363037109375,0.0017485419285911971,0.11605166355570465,-0.00019607884876882142,0.0,-0.001305064096464692,1
2021-04-13 04:00:00+00:00,35.25695856632182,35.26581338661493,34.71672331129304,34.822998046875,46770400,0.0,0.0,4141.58984375,,330.5284423828125,34.822998046875,-0.01864498683094596,0.18524400439058702,0.0032944868090414303,0.0,0.011672749045142927,1
2021-04-14 04:00:00+00:00,34.521889187803815,35.717492829804144,34.468750122021525,35.3189582824707,52023800,0.0,0.0,4124.66015625,,326.5594482421875,35.3189582824707,0.014141849677218446,0.20653324136628198,-0.004087726727828533,0.0,-0.012008026032531816,1
2021-04-15 04:00:00+00:00,35.18611410108387,35.28353403744465,33.69825396746043,34.30934143066406,118128900,0.0,0.0,4170.419921875,,331.5086975097656,34.30934143066406,-0.029002219589460088,0.288914753521074,0.01109419052516647,0.0,0.015155737475118558,0
2021-04-16 04:00:00+00:00,34.81415182787642,34.911568388820385,34.45989811719626,34.67245101928711,60633400,0.0,0.0,4185.47021484375,,331.8968811035156,34.67245101928711,0.010527790869815272,0.29830917106687305,0.0036088195555097347,0.0,0.0011709605107377286,0
2021-04-19 04:00:00+00:00,34.88499871248601,34.92042475737791,34.56617106528608,34.69015884399414,42321100,0.0,0.0,4163.259765625,,328.8593444824219,34.69015884399414,0.0005105870475933665,0.29686796575571966,-0.005306560094486046,0.0,-0.009152049308189691,0
2021-04-20 04:00:00+00:00,34.539597817929156,34.539597817929156,33.556547185642,33.72481918334961,50834100,0.0,0.0,4134.93994140625,,326.4624328613281,33.72481918334961,-0.028221999349895766,0.3314061115364002,-0.006802319771775922,0.0,-0.007288561694563267,0
2021-04-21 04:00:00+00:00,33.43256301146695,34.344761662872955,33.13144840152515,34.2916259765625,37851800,0.0,0.0,4173.419921875,,329.2572326660156,34.2916259765625,0.016667143162138406,0.3415997153897171,0.009306055472153574,0.0,0.008560861904360895,0
2021-04-22 04:00:00+00:00,34.31819285879932,34.33590587987798,33.80452538275825,33.97279739379883,48093400,0.0,0.0,4134.97998046875,,325.28814697265625,33.97279739379883,-0.009341056008678175,0.2809822779245437,-0.009210657476561801,0.0,-0.012054665166263634,0
2021-04-23 04:00:00+00:00,33.93736977736295,34.8407135399904,33.84880805449117,34.699012756347656,48674100,0.0,0.0,4180.169921875,,329.3833923339844,34.699012756347656,0.021151107991323033,0.31838610244952387,0.010928696540176919,0.0,0.012589592948409445,0
2021-04-26 04:00:00+00:00,34.84956327852169,35.29237858512762,34.787569405869874,34.90270233154297,34699800,0.0,0.0,4187.6201171875,,331.5280456542969,34.90270233154297,0.005853021191651033,0.32101216511444614,0.001782270924804541,0.0,0.006511115527457756,0
2021-04-27 04:00:00+00:00,35.13297324143944,35.35438094791207,34.99127244443349,35.3189582824707,34304800,0.0,0.0,4186.72021484375,,330.091796875,35.3189582824707,0.011855624685512807,0.1879312565030185,-0.00021489588801437698,0.0,-0.0043322089884200166,0
2021-04-28 04:00:00+00:00,35.3632357626063,35.62006948834599,35.318954901233674,35.45179748535156,34084400,0.0,0.0,4183.18017578125,,328.9758605957031,35.45179748535156,0.003754074898566099,0.17785754749376648,-0.0008455399168898481,0.0,-0.0033806846757826747,0
2021-04-29 04:00:00+00:00,35.91232499979995,36.425992438744764,35.83261809990896,36.40827941894531,44008700,0.0,0.0,4211.47021484375,,330.15972900390625,36.40827941894531,0.02662224884470908,0.15600154914813746,0.006762806734045723,0.0,0.0035986482596608305,0
2021-04-30 04:00:00+00:00,36.16916193703656,36.22230100116239,35.841479487627396,35.894615173339844,39203400,0.0,0.0,4181.169921875,,327.9956359863281,35.894615173339844,-0.014208916270563896,0.2341189632952979,-0.007194706699326425,0.0,-0.0065546849826513265,0
2021-05-03 04:00:00+00:00,36.19572406704926,36.355137855852774,35.797189595040486,35.921180725097656,41940500,0.0,0.0,4192.66015625,,326.2489013671875,35.921180725097656,0.000739824787490559,0.23816699621340837,0.002748090747253684,0.0,-0.005325481279310207,0
2021-05-04 04:00:00+00:00,35.63777807252247,36.38170793758586,35.23038541473073,36.310855865478516,53880000,0.0,0.0,4164.66015625,,320.3777770996094,36.310855865478516,0.010789642356704654,0.2365609105732297,-0.006678337608227225,0.0,-0.017995843795870048,0
2021-05-05 04:00:00+00:00,36.48799279375679,36.8068204498978,36.098313045845025,36.6562614440918,37471100,0.0,0.0,4167.58984375,,319.3005676269531,36.6562614440918,0.009467501837552307,0.2373205874788303,0.0007034637617677753,0.0,-0.003362310215172415,0
2021-05-06 04:00:00+00:00,36.73596571869709,37.249633211887655,36.5234162154836,37.20534896850586,39044400,0.0,0.0,4201.6201171875,,321.7073974609375,37.20534896850586,0.014868282364361109,0.1837190658901812,0.008165456466051824,0.0,0.007537818839070676,0
2021-05-07 04:00:00+00:00,36.42599949496005,37.417905146983415,36.40828647172935,37.35591125488281,39249200,0.0,0.0,4232.60009765625,,324.31787109375,37.35591125488281,0.0040386251673116165,0.08892195789656984,0.007373341616968343,0.0,0.008114434586880881,0
2021-05-10 04:00:00+00:00,37.63929904823075,38.02897528097216,37.2230516011936,37.24076461791992,41271500,0.0,0.0,4188.43017578125,,316.1272888183594,37.24076461791992,-0.0030871812200167843,0.1101674999106457,-0.010435647322188157,0.0,-0.02525479785547491,0
2021-05-11 04:00:00+00:00,36.79795318015326,37.497602211095334,36.6119715527118,36.81566619873047,42964700,0.0,0.0,4152.10009765625,,315.6906433105469,36.81566619873047,-0.011480517858346185,0.16463208522857106,-0.00867391280271812,0.0,-0.001381233203386567,0
2021-05-12 04:00:00+00:00,37.533037419019045,37.69245124675206,36.34629191168087,36.470279693603516,47533000,0.0,0.0,4063.0400390625,,307.5196228027344,36.470279693603516,-0.009425792574259826,0.170674989281167,-0.021449400664502738,0.0,-0.025882998691775017,0
2021-05-13 04:00:00+00:00,36.186869047001814,37.27619434553111,36.11601697307495,37.054786682128906,42026100,0.0,0.0,4112.5,,309.897216796875,37.054786682128906,0.015899864663237808,0.17677212987935875,0.012173141406923493,0.0,0.007731519609939674,0
2021-05-14 04:00:00+00:00,37.249646420571324,37.62160987229948,37.12565522491397,37.51533508300781,30932600,0.0,0.0,4173.85009765625,,316.73870849609375,37.51533508300781,0.012352246335611933,0.19952921816540428,0.014917956876899785,0.0,0.022076647767066193,0
2021-05-17 04:00:00+00:00,37.409052207960954,37.94928424083403,37.338200111471025,37.85186767578125,32656400,0.0,0.0,4163.2900390625,,314.8172912597656,37.85186767578125,0.008930537876361203,0.20279679293794525,-0.0025300521932207776,0.0,-0.0060662533021341725,0
2021-05-18 04:00:00+00:00,37.816429534518946,38.03783719762689,37.320475152928545,37.33818817138672,37880300,0.0,0.0,4127.830078125,,312.6920471191406,37.33818817138672,-0.013663708330770012,0.21312041464609918,-0.008517292959364653,0.0,-0.006750722401938858,0
2021-05-19 04:00:00+00:00,36.88652410448419,37.19649353255681,36.58540949789362,37.169925689697266,42672800,0.0,0.0,4115.68017578125,,313.0510559082031,37.169925689697266,-0.00451662937135843,0.19763881716272078,-0.002943411456817757,0.0,0.0011481225453926491,0
2021-05-20 04:00:00+00:00,37.10792726660784,37.31162191992157,36.71824760077899,37.081356048583984,36871100,0.0,0.0,4159.1201171875,,319.1064758300781,37.081356048583984,-0.0023856741876288165,0.16743995113009824,0.010554741756143349,0.0,0.01934323429865903,0
2021-05-21 04:00:00+00:00,37.21420249042944,37.72786654063496,37.09906955325408,37.550743103027344,40243800,0.0,0.0,4155.85986328125,,317.34039306640625,37.550743103027344,0.012578856790308854,0.16848538473737126,-0.0007838806801412357,0.0,-0.005534462310982091,0
2021-05-24 04:00:00+00:00,37.710144204333545,37.88726758231187,37.41788454952793,37.754425048828125,31390800,0.0,0.0,4197.0498046875,,322.6777648925781,37.754425048828125,0.005409520953031965,0.15853659342456353,0.009911292190138532,0.0,0.01681907485712042,0
2021-05-25 04:00:00+00:00,37.80757819163314,38.31238748478198,37.13450026023918,37.20534896850586,52657700,0.0,0.0,4188.1298828125,,323.12408447265625,37.20534896850586,-0.014650148243483095,0.16375927495201925,-0.0021252837802967495,0.0,0.0013831742643521938,0
2021-05-26 04:00:00+00:00,37.21420531417354,37.417899985608685,36.89537769682697,37.23191833496094,41332800,0.0,0.0,4195.990234375,,324.2498474121094,37.23191833496094,0.0007138727292366146,0.16027811029390354,0.0018768165702687245,0.0,0.0034839957575134584,0
2021-05-27 04:00:00+00:00,37.62158843261574,37.94927081693488,37.302760868018645,37.6835823059082,52981100,0.0,0.0,4200.8798828125,,323.0367736816406,37.6835823059082,0.012058103854388696,0.1767919099079713,0.0011653145418315525,0.0,-0.003741169780496434,0
2021-05-28 04:00:00+00:00,37.7810099128428,37.825290777300744,37.240774582581054,37.54188919067383,38509700,0.0,0.0,4204.10986328125,,324.05572509765625,37.54188919067383,-0.0037671623716107206,0.1595324134736092,0.0007688818911402162,0.0,0.0031542892296831937,0
2021-06-01 04:00:00+00:00,38.0378512865499,38.330107753327226,37.878437439793515,38.01128005981445,42890700,0.0,0.0,4202.0400390625,,322.9786071777344,38.01128005981445,0.012425604725981945,0.1809845459587315,-0.0004923335226864056,0.0,-0.0033238663492128895,0
2021-06-02 04:00:00+00:00,38.170684857970606,38.23267874163382,37.72786947271149,38.02898406982422,34180500,0.0,0.0,4208.1201171875,,323.6092529296875,38.02898406982422,0.00046564831230676724,0.11741340306662305,0.0014469348384307246,0.0,0.0019525929517867358,0
2021-06-03 04:00:00+00:00,38.037871873956725,38.678211221374866,37.95782945552946,38.46476364135742,46981200,0.18,0.0,4192.85009765625,,320.24188232421875,38.46476364135742,0.011393984451689114,0.1208401636714553,-0.0036287033416374515,0.0,-0.010405668487484143,0
2021-06-04 04:00:00+00:00,38.455868087145866,38.589269844099256,38.09123118992572,38.482547760009766,37192600,0.0,0.0,4229.89013671875,,325.6763610839844,38.482547760009766,0.0004622414648443287,0.11524220472728124,0.008834095710505974,0.0,0.016969918863591005,0
2021-06-07 04:00:00+00:00,38.48255296425939,38.58927506278162,38.29578844368692,38.34914779663086,28401900,0.0,0.0,4226.52001953125,,326.6467590332031,38.34914779663086,-0.0034725277494430883,0.11397155110499804,-0.0007967387044511831,0.0,0.002979638884409219,0
2021-06-08 04:00:00+00:00,38.11791645846225,38.45587373243029,37.73549192564867,38.135704040527344,41871400,0.0,0.0,4227.259765625,,326.8020324707031,38.135704040527344,-0.005581348595612429,0.10389235258819174,0.00017502486450582388,0.0,0.0004753558184982243,0
2021-06-09 04:00:00+00:00,37.771069974280785,38.002301773516976,37.45090025792712,37.637664794921875,42366300,0.0,0.0,4219.5498046875,,326.879638671875,37.637664794921875,-0.013145684965028298,0.1430156971906216,-0.0018238673194856947,0.0,0.00023747159889175862,0
2021-06-10 04:00:00+00:00,38.02899122491077,38.20686371222024,37.01512245767295,37.07737731933594,40123600,0.0,0.0,4239.18017578125,,330.2859191894531,37.07737731933594,-0.014998264409701055,0.10387797707357622,0.004652243012262192,0.0,0.010420595578904734,0
2021-06-11 04:00:00+00:00,37.184097948254575,37.25524489822336,36.917287556125196,37.22856521606445,31203600,0.0,0.0,4247.43994140625,,331.1495361328125,37.22856521606445,0.004069340895309271,0.12245696193390669,0.0019484346695590737,0.0,0.0026147555593007965,0
2021-06-14 04:00:00+00:00,37.219666072552215,37.27302882426575,36.51707516781509,36.78388214111328,36050700,0.0,0.0,4255.14990234375,,334.32293701171875,36.78388214111328,-0.012016584825234627,0.12361393683672718,0.0018152018730952513,0.0,0.009582984521027793,0
2021-06-15 04:00:00+00:00,36.71273211779941,36.961754901946186,36.37477819864304,36.81056213378906,39247900,0.0,0.0,4246.58984375,,332.1394348144531,36.81056213378906,0.0007250545637640115,0.13954400449302254,-0.0020116937805257917,0.0,-0.006531116939754278,0
2021-06-16 04:00:00+00:00,36.71273169040712,37.34417904281619,36.1702222572418,37.015113830566406,63859100,0.0,0.0,4223.7001953125,,330.9264221191406,37.015113830566406,0.005541492646163651,0.1509126597783838,-0.005390124612855707,0.0,-0.0036521188638444224,0
2021-06-17 04:00:00+00:00,37.37086226513643,37.44200921464164,35.325337425494794,35.396484375,80728200,0.0,0.0,4221.85986328125,,335.1283874511719,35.396484375,-0.044713807378059654,0.3330835545763118,-0.00043571559205179966,0.0,0.012697581852555873,0
2021-06-18 04:00:00+00:00,34.69388622883354,34.951801102006186,34.23142262590734,34.48933410644531,102774200,0.0,0.0,4166.4501953125,,332.49853515625,34.48933410644531,-0.02596238386361906,0.32540886566721633,-0.013124468779900589,0.0,-0.00784729791147587,0
2021-06-21 04:00:00+00:00,34.79171188080386,35.378688495310385,34.71166946097869,35.35200881958008,48119400,0.0,0.0,4224.7900390625,,334.5649108886719,35.35200881958008,0.024705097403640363,0.43471633477473404,0.014002289962720793,0.0,0.006214691236010594,0
2021-06-22 04:00:00+00:00,35.46762984413553,35.80558374496409,34.93401252930406,35.547672271728516,44113200,0.0,0.0,4246.43994140625,,337.68359375,35.547672271728516,0.005519459209625761,0.4420088996511326,0.005124491902218642,0.0,0.009321607735384596,0
2021-06-23 04:00:00+00:00,35.716652613642715,35.94788443051559,35.63661017844924,35.752227783203125,32039900,0.0,0.0,4241.83984375,,337.8488464355469,35.752227783203125,0.0057379062955625944,0.44236155497240204,-0.0010832833431588806,0.0,0.0004893713778384434,0
2021-06-24 04:00:00+00:00,35.965666314205954,36.47260052586311,35.73443453398673,36.31251907348633,37161800,0.0,0.0,4266.490234375,,339.93768310546875,36.31251907348633,0.015549977058959299,0.30317982007182936,0.005811249724885448,0.0,0.00618275507511723,0
2021-06-25 04:00:00+00:00,36.7038395948001,37.20188176466091,36.3214150236388,37.015113830566406,53178800,0.0,0.0,4280.7001953125,,339.5198669433594,37.015113830566406,0.019163751273890473,0.13370355117643495,0.0033305973193167304,0.0,-0.0012290963399305133,0
2021-06-28 04:00:00+00:00,36.87281592747845,36.97954142876212,36.552646208896746,36.961753845214844,34416500,0.0,0.0,4290.60986328125,,343.64898681640625,36.961753845214844,-0.0014426129757080424,0.13233170064526098,0.0023149642620619026,0.0,0.01216164435448408,0
2021-06-29 04:00:00+00:00,37.02400991601576,37.30860447691689,36.241373177220254,36.365882873535156,38519600,0.0,0.0,4291.7998046875,,344.8925476074219,36.365882873535156,-0.016252646746111727,0.22514869081426922,0.00027733619326086867,0.0,0.003618694769148334,0
2021-06-30 04:00:00+00:00,36.25026653621902,36.78388390098021,36.21469475934286,36.66826629638672,29159800,0.0,0.0,4297.5,,344.3484802246094,36.66826629638672,0.00828065101421803,0.22671121850228662,0.0013281596467464851,0.0,-0.0015774982283229821,0
2021-07-01 04:00:00+00:00,36.96175349524409,37.08626318626147,36.65047587506602,36.943965911865234,28045100,0.0,0.0,4319.93994140625,,344.4845886230469,36.943965911865234,0.0074906274764581626,0.20980727681474287,0.0052216268542757405,0.0,0.0003952635375323865,0
2021-07-02 04:00:00+00:00,36.792775019528364,36.8817129409431,36.55264772066077,36.59711837768555,28980800,0.0,0.0,4352.33984375,,348.4388122558594,36.59711837768555,-0.00943282545665381,0.16913822991894906,0.007500081663913916,0.0,0.011478666284079786,0
2021-07-06 04:00:00+00:00,36.29473515216224,36.35698999898614,35.458735678867576,35.6366081237793,47578700,0.0,0.0,4343.5400390625,,349.9447021484375,35.6366081237793,-0.026596076872791485,0.24055991858094067,-0.0020218560598241897,0.0,0.0043218201865307115,1
2021-07-07 04:00:00+00:00,35.19192397992973,35.57434849769065,35.005159464549074,35.35200881958008,43499900,0.0,0.0,4358.1298828125,,350.6830749511719,35.35200881958008,-0.008018210277449388,0.22803487698491415,0.003358975310182588,0.0,0.002109969941540113,1
2021-07-08 04:00:00+00:00,34.34703683032156,34.89844174385645,34.2225271377926,34.48933410644531,52793100,0.0,0.0,4320.81982421875,,348.5650939941406,34.48933410644531,-0.02470509740364037,0.22117414601660887,-0.008561024934316985,0.0,-0.006039587046868911,1
2021-07-09 04:00:00+00:00,35.26307495498579,35.78779674069822,35.04073527277941,35.60992431640625,43887200,0.0,0.0,4369.5498046875,,350.7413635253906,35.60992431640625,0.03197425203706655,0.37421371961784616,0.011277947808795874,0.0,0.0062435096593078665,1
2021-07-12 04:00:00+00:00,35.387589611096764,36.29473604919564,35.25418442595716,36.13465118408203,42624500,0.0,0.0,4384.6298828125,,352.1112365722656,36.13465118408203,0.014627899615751491,0.403628481448341,0.0034511743312370946,0.0,0.003905650115247461,1
2021-07-13 04:00:00+00:00,36.00124202426047,36.00124202426047,35.200821179696874,35.4498405456543,54338100,0.0,0.0,4369.2099609375,,352.1112365722656,35.4498405456543,-0.019133516595452725,0.37829412845898824,-0.0035168126585656267,0.0,0.0,1
2021-07-14 04:00:00+00:00,34.78282555482716,35.174142231849444,33.608872131125516,34.56048583984375,105651700,0.0,0.0,4374.2998046875,,352.7427978515625,34.56048583984375,-0.02540775325819617,0.4166690434250495,0.0011649345752446916,0.0,0.0017936413658508066,0
2021-07-15 04:00:00+00:00,34.142482009581215,34.978481409292826,34.08022716823687,34.5338020324707,54697300,0.0,0.0,4360.02978515625,,350.2652587890625,34.5338020324707,-0.000772388268881232,0.3763495772940246,-0.0032622408541723713,0.0,-0.007023641808110215,0
2021-07-16 04:00:00+00:00,34.88065656977375,34.94291142033871,33.431000636686235,33.7244873046875,60469700,0.0,0.0,4327.16015625,,347.42840576171875,33.7244873046875,-0.02371441368888314,0.2745779493189451,-0.007538854211077806,0.0,-0.008099156157111653,0
2021-07-19 04:00:00+00:00,32.68392839545757,33.12860769335495,32.47048083970795,32.84401321411133,83251500,0.0,0.0,4258.490234375,,344.5817565917969,32.84401321411133,-0.026454717569129944,0.16857554873075037,-0.015869512427409305,0.0,-0.008193484248015803,0
2021-07-20 04:00:00+00:00,32.78176202615881,33.902352488608805,32.559422352506225,33.519927978515625,59462900,0.0,0.0,4323.06005859375,,348.58453369140625,33.519927978515625,0.02037064482327283,0.32693565526323976,0.015162609437855634,0.0,0.011616334942395667,0
2021-07-21 04:00:00+00:00,33.840101644828096,34.480441066156196,33.77784680026949,34.20473861694336,49907400,0.0,0.0,4358.68994140625,,351.27569580078125,34.20473861694336,0.020224063522260236,0.3607206147968986,0.008241819990835397,0.0,0.007720256779256474,0
2021-07-22 04:00:00+00:00,34.11580808993301,34.15138326031463,33.511043763985306,33.76006317138672,52715600,0.0,0.0,4367.47998046875,,353.5977478027344,33.76006317138672,-0.013085649605161221,0.36844078402487096,0.0020166699583279435,0.0,0.006610340623366184,0
2021-07-23 04:00:00+00:00,33.973503204979544,34.03575804291047,33.404314176677204,33.52882385253906,48659400,0.0,0.0,4411.7900390625,,357.7268981933594,33.52882385253906,-0.006873058520236238,0.33066352795579185,0.010145452020822843,0.0,0.01167753589010001,0
2021-07-26 04:00:00+00:00,33.493255125560346,34.0090849019681,33.493255125560346,33.9112548828125,32258000,0.0,0.0,4422.2998046875,,358.0086364746094,33.9112548828125,0.011341479332501169,0.2467664533180439,0.0023821998626283314,0.0,0.0007875792473892584,0
2021-07-27 04:00:00+00:00,33.54660791439296,34.00907479952997,33.31537277550752,33.77783966064453,39121400,0.0,0.0,4401.4599609375,,354.06414794921875,33.77783966064453,-0.003942005601756229,0.21880124845761045,-0.0047124448070912095,0.0,-0.01101785857523685,0
2021-07-28 04:00:00+00:00,33.96461424407201,34.24031671690735,33.573297560084484,33.9112548828125,43331100,0.0,0.0,4400.64013671875,,355.42425537109375,33.9112548828125,0.003942005601756311,0.15129367980746478,-0.0001862618826539153,0.0,0.0038414152626096154,0
2021-07-29 04:00:00+00:00,34.28478446368094,34.66720905704114,34.12469959238435,34.4004020690918,43039100,0.0,0.0,4419.14990234375,,356.0558166503906,34.4004020690918,0.014321290637406479,0.14666439206334672,0.004206152980007483,0.0,0.0017769222830261722,0
2021-07-30 04:00:00+00:00,34.249204544048894,34.53380247004481,33.84010032642108,34.11580276489258,46210100,0.0,0.0,4395.259765625,,354.2001647949219,34.11580276489258,-0.00830755123399902,0.15341338669691776,-0.0054060480514769305,0.0,-0.00521168808004846,0
2021-08-02 04:00:00+00:00,34.15138326031463,34.640529978839545,33.71559590472718,33.76006317138672,49894000,0.0,0.0,4387.16015625,,354.2292175292969,33.76006317138672,-0.010482160215672404,0.16092788030530142,-0.001842805614891363,0.0,8.202349197605763e-05,0
2021-08-03 04:00:00+00:00,33.84898718177755,34.35592127708901,33.39541242746715,34.28477096557617,39680600,0.0,0.0,4423.14990234375,,356.3764343261719,34.28477096557617,0.015422719487775726,0.19328642047902952,0.0082034265474622,0.0,0.006061659204318559,0
2021-08-04 04:00:00+00:00,33.82231138440985,34.48043833674926,33.671122028916685,34.03575897216797,42289800,0.0,0.0,4402.66015625,,356.891357421875,34.03575897216797,-0.0072895539976751715,0.20580340695952976,-0.004632387901412294,0.0,0.0014448853686881424,0
2021-08-05 04:00:00+00:00,34.30257329911158,34.738360663002865,34.28478571358183,34.70278549194336,34754500,0.0,0.0,4429.10009765625,,359.1550598144531,34.70278549194336,0.019408250867630115,0.22884229063685418,0.006005446813494242,0.0,0.00634283331748553,0
2021-08-06 04:00:00+00:00,35.102988056195734,35.93898399097412,35.102988056195734,35.7077522277832,58022300,0.0,0.0,4436.52001953125,,357.58111572265625,35.7077522277832,0.028547857175633573,0.2722526868442859,0.001675266241764728,0.0,-0.004382352548812807,0
2021-08-09 04:00:00+00:00,35.61881793584594,36.42813427802019,35.396478244120765,36.17021942138672,56340100,0.0,0.0,4432.35009765625,,358.24176025390625,36.17021942138672,0.012868297887541557,0.20958288337899084,-0.0009399082741974318,0.0,0.001847537529813037,0
2021-08-10 04:00:00+00:00,36.2057985328771,37.01511496327019,36.090184323274386,36.84613800048828,44987300,0.0,0.0,4436.75,,356.4055480957031,36.84613800048828,0.01851469756263098,0.21223177318429548,0.0009926793341701323,0.0,-0.005125622866808399,0
2021-08-11 04:00:00+00:00,36.99732755468616,37.52204942255325,36.89060544045543,37.3086051940918,58458200,0.0,0.0,4442.41015625,,355.79339599609375,37.3086051940918,0.012473192396661201,0.10340644574526514,0.0012757437876824707,0.0,-0.0017175717462316609,0
2021-08-12 04:00:00+00:00,37.55762002011185,37.610982767049485,37.14851580482659,37.486473083496094,37400100,0.0,0.0,4460.830078125,,357.0759582519531,37.486473083496094,0.004756147832053315,0.13993666011071562,0.004146380281677686,0.0,0.0036047950026409925,0
2021-08-13 04:00:00+00:00,37.43311781631821,37.55762752475071,36.84614105325421,37.02401351928711,41344900,0.0,0.0,4468.0,,358.3292541503906,37.02401351928711,-0.012413433968138267,0.19092516722119163,0.001607306655808216,0.0,0.003509885976566318,0
2021-08-16 04:00:00+00:00,36.60600868586268,36.73051837712811,36.116862016190815,36.72162628173828,38599100,0.0,0.0,4479.7099609375,,358.4846496582031,36.72162628173828,-0.008200862670547702,0.2094835411120956,0.002620850702215849,0.0,0.00043366681902923254,0
2021-08-17 04:00:00+00:00,36.50816797713924,36.97063483251219,36.12574352736225,36.54374313354492,43526900,0.0,0.0,4448.080078125,,355.3271179199219,36.54374313354492,-0.004855868444948398,0.16062817139616398,-0.00706069881494753,0.0,-0.008807997054523287,0
2021-08-18 04:00:00+00:00,36.25915943799791,36.935070647310525,36.16132942513964,36.276947021484375,50342500,0.0,0.0,4400.27001953125,,351.9072570800781,36.276947021484375,-0.007327513794126867,0.10163865423793249,-0.010748470745585936,0.0,-0.009624542196113639,0
2021-08-19 04:00:00+00:00,35.68107705943753,36.170223761398006,35.58324704051846,35.74333190917969,51883900,0.0,0.0,4405.7998046875,,353.6075134277344,35.74333190917969,-0.014818739530812867,0.06386890252828294,0.0012566922329095842,0.0,0.0048315467028556824,0
2021-08-20 04:00:00+00:00,35.654388712099426,35.9923459518606,35.49430388235119,35.90340805053711,40415000,0.0,0.0,4441.669921875,,357.2701721191406,35.90340805053711,0.004468491038285693,0.11088508562283216,0.008141567655737925,0.0,0.010357977566431975,0
2021-08-23 04:00:00+00:00,36.13464762327638,36.55264393642941,36.10796455329701,36.3836669921875,35364500,0.0,0.0,4479.52978515625,,362.61376953125,36.3836669921875,0.013287742178512809,0.1732252112037741,0.00852379036424833,0.0,0.014956740945973657,0
2021-08-24 04:00:00+00:00,36.55264104275511,37.0684707148178,36.49928169228944,36.89059829711914,35579300,0.0,0.0,4486.22998046875,,363.72137451171875,36.89059829711914,0.013836764949522419,0.20133527473801774,0.0014957363013194946,0.0,0.0030545033684201695,0
2021-08-25 04:00:00+00:00,37.0506857984248,37.75328003291542,36.94396369718396,37.486473083496094,51219900,0.0,0.0,4496.18994140625,,364.13909912109375,37.486473083496094,0.016023420242253204,0.2022357254981367,0.002220118224179668,0.0,0.0011484741855927183,0
2021-08-26 04:00:00+00:00,37.797745553890586,38.10012765402708,37.370853775927465,37.388641357421875,41184500,0.0,0.0,4470.0,,361.8268737792969,37.388641357421875,-0.002613198857258476,0.12461954263731305,-0.005824918819612557,0.0,-0.006349840891510361,0
2021-08-27 04:00:00+00:00,37.45978374816233,37.93114611901833,37.29969892675974,37.788848876953125,46468600,0.0,0.0,4509.3701171875,,365.3438720703125,37.788848876953125,0.010647104576950187,0.11800745196126108,0.008807632480425154,0.0,0.00972011352910429,0
2021-08-30 04:00:00+00:00,37.91336887071437,37.91336887071437,37.02401001730652,37.050689697265625,44855600,0.0,0.0,4528.7900390625,,369.4438171386719,37.050689697265625,-0.019727088968667515,0.23699658725700593,0.004306570844779589,0.0,0.011222153652464595,0
2021-08-31 04:00:00+00:00,37.05958315064645,37.41532806209553,36.78388406727658,37.130733489990234,54654600,0.0,0.0,4522.68017578125,,369.142578125,37.130733489990234,0.0021580557597979783,0.21915091518681543,-0.0013491160395050494,0.0,-0.0008153851809050705,0
2021-09-01 04:00:00+00:00,37.130736482019195,37.15741616510553,36.490396946865665,36.632694244384766,52361900,0.0,0.0,4524.08984375,,369.7547607421875,36.632694244384766,-0.013503895608349442,0.19282802792642756,0.0003116886257619189,0.0,0.0016583906963454353,0
2021-09-02 04:00:00+00:00,36.74890965658268,37.088598897989684,36.328767789843,36.66845703125,44538900,0.21,0.0,4536.9501953125,,369.57977294921875,36.66845703125,0.0009757770261575469,0.19680909693639653,0.002842638410522902,0.0,-0.00047325365768791094,0
2021-09-03 04:00:00+00:00,36.66844651152495,36.82041064354505,36.36451483746472,36.69526290893555,41812400,0.0,0.0,4535.43017578125,,370.7165832519531,36.69526290893555,0.0007307666214392112,0.15976958467569505,-0.0003350311257153127,0.0,0.003075953788441055,0
2021-09-07 04:00:00+00:00,36.87404874909871,37.41039718507753,36.811474878568525,36.936622619628906,43748600,0.0,0.0,4520.02978515625,,371.2410888671875,36.936622619628906,0.006555871099022519,0.12026354335486639,-0.003395574405981705,0.0,0.0014148426019504612,0
2021-09-08 04:00:00+00:00,36.72207695566118,37.088582439531315,36.36450913285249,36.45389938354492,36064400,0.0,0.0,4514.06982421875,,369.9490051269531,36.45389938354492,-0.013155110072463465,0.14466520379979433,-0.001318566739775151,0.0,-0.003480443784326437,0
2021-09-09 04:00:00+00:00,36.3466320274338,36.96343296886376,36.257241772740635,36.587989807128906,36266400,0.0,0.0,4493.27978515625,,368.6763000488281,36.587989807128906,0.0036716075037433265,0.12055876633876726,-0.004605608657393345,0.0,-0.003440217598877582,0
2021-09-10 04:00:00+00:00,36.847229869502,36.963436529794144,35.97119233103992,35.998008728027344,40514700,0.0,0.0,4458.580078125,,365.87823486328125,35.998008728027344,-0.016256415393062162,0.16386487551810736,-0.007722578759925436,0.0,-0.007589490252496001,0
2021-09-13 04:00:00+00:00,36.29300356742468,36.61481400897167,36.0695244730193,36.5969352722168,42036300,0.0,0.0,4468.72998046875,,365.62554931640625,36.5969352722168,0.016500877353575038,0.21948009607411337,0.0022764876184568905,0.0,-0.0006906274350246822,0
2021-09-14 04:00:00+00:00,36.766785263646135,36.92769050060027,35.45272696519431,35.61363220214844,53820400,0.0,0.0,4443.0498046875,,364.5860595703125,35.61363220214844,-0.027236009582723278,0.2748172567907322,-0.00574663850657553,0.0,-0.002843044606803957,0
2021-09-15 04:00:00+00:00,35.51529603953674,36.060585556540204,35.46165983113599,35.88180160522461,52358200,0.0,0.0,4480.7001953125,,367.2966613769531,35.88180160522461,0.0075017563060149825,0.2859686159098313,0.008473996979569742,0.0,0.007434737932205282,0
2021-09-16 04:00:00+00:00,36.185729054736,36.48072305130589,35.93543359826688,36.158912658691406,42922000,0.0,0.0,4473.75,,367.54925537109375,36.158912658691406,0.007693216899505369,0.2933543245493949,-0.0015511404489350067,0.0,0.0006877111084910847,0
2021-09-17 04:00:00+00:00,36.06057539839983,36.355565936455534,35.828158714174705,36.2036018371582,92746000,0.0,0.0,4432.990234375,,363.1966552734375,36.2036018371582,0.0012351473538362388,0.26617390425041176,-0.009110872450405094,0.0,-0.011842222597517327,0
2021-09-20 04:00:00+00:00,35.202421169989165,35.27393269330545,34.29062623007356,34.961063385009766,67566200,0.0,0.0,4357.72998046875,,355.6918640136719,34.961063385009766,-0.034923644630044014,0.3234088289893007,-0.01697731100841482,0.0,-0.020663161818259446,0
2021-09-21 04:00:00+00:00,35.10409059710521,35.399081178415116,34.80909660577552,34.97894287109375,38271100,0.0,0.0,4354.18994140625,,356.12957763671875,34.97894287109375,0.0005112806655463249,0.28310947207613746,-0.0008123585165593639,0.0,0.0012305977935724854,0
2021-09-22 04:00:00+00:00,35.533174775670325,36.22149077172222,35.533174775670325,35.88180160522461,46261400,0.0,0.0,4395.64013671875,,359.45599365234375,35.88180160522461,0.025483999711156148,0.34870369951801705,0.009519611195260236,0.0,0.009340465449961144,0
2021-09-23 04:00:00+00:00,36.436037096020016,37.43722608774155,36.337709139887934,37.26737976074219,49779800,0.0,0.0,4448.97998046875,,362.772705078125,37.26737976074219,0.03788815888065705,0.4436383841681836,0.012134715784494876,0.0,0.009227030524880053,0
2021-09-24 04:00:00+00:00,37.29419252926594,37.84841973101816,37.23161865535941,37.66963577270508,39042300,0.0,0.0,4455.47998046875,,363.1130065917969,37.66963577270508,0.010735945988211714,0.44228237539319676,0.001461009046688222,0.0,0.0009380571054775633,0
2021-09-27 04:00:00+00:00,38.15235616590513,38.8227935351607,38.11659868780651,38.67082595825195,49755400,0.0,0.0,4443.10986328125,,360.214599609375,38.67082595825195,0.026231111777403646,0.2320035624051504,-0.0027763826213396126,0.0,-0.007982107304903563,0
2021-09-28 04:00:00+00:00,38.8227863452676,39.3680758502124,38.492038259161156,38.58142852783203,60781200,0.0,0.0,4352.6298828125,,350.021484375,38.58142852783203,-0.002314430068612254,0.24744170204192842,-0.020364110556098214,0.0,-0.028297340655899728,0
2021-09-29 04:00:00+00:00,38.59930790568585,38.72445564791503,38.20598594296268,38.5009765625,44260200,0.0,0.0,4359.4599609375,,349.44757080078125,38.5009765625,-0.002087428238672865,0.281277191222614,0.0015691842194003325,0.0,-0.0016396524208893704,0
2021-09-30 04:00:00+00:00,38.75126553781909,38.75126553781909,37.750080358136785,37.94674301147461,47410800,0.0,0.0,4307.5400390625,,348.1636962890625,37.94674301147461,-0.014499929222713526,0.24567344141857908,-0.011909714125195148,0.0,-0.0036740118375316877,0
2021-10-01 04:00:00+00:00,37.97356635384112,38.822787573154294,37.89311374548471,38.509918212890625,40987100,0.0,0.0,4357.0400390625,,350.3229064941406,38.509918212890625,0.014732147026619923,0.2544539974811062,0.01149147763018199,0.0,0.006201709793675514,0
2021-10-04 04:00:00+00:00,38.53672832488164,39.39488706732375,38.50097085810829,38.74232864379883,48273400,0.0,0.0,4300.4599609375,,342.9698181152344,38.74232864379883,0.006016941682310022,0.1725360981409661,-0.012985898136748442,0.0,-0.020989459274851185,0
2021-10-05 04:00:00+00:00,39.126717234277066,40.0027548074501,39.037323557410375,39.52898025512695,54070700,0.0,0.0,4345.72021484375,,347.59954833984375,39.52898025512695,0.020101314524406156,0.21797393270751672,0.010524514660609219,0.0,0.01349894358066761,0
2021-10-06 04:00:00+00:00,39.19823329091132,39.59155869449124,38.9300590493926,39.5468635559082,47031700,0.0,0.0,4363.5498046875,,349.826904296875,39.5468635559082,0.0004523075625691483,0.21358106142655411,0.004102792854185466,0.0,0.006407821781326373,1
2021-10-07 04:00:00+00:00,40.03852008552312,40.110031630940796,39.35914164894096,39.43959426879883,46258800,0.0,0.0,4399.759765625,,353.0365905761719,39.43959426879883,-0.0027161454257185816,0.15207662780955625,0.008298280656405366,0.0,0.009175069841320882,1
2021-10-08 04:00:00+00:00,39.39488793652326,40.05638744634655,39.260799138174555,39.63624572753906,39389400,0.0,0.0,4391.33984375,,351.276123046875,39.63624572753906,0.004973753403057464,0.13893005850039555,-0.0019137230947889883,0.0,-0.0049866432440436315,1
2021-10-11 04:00:00+00:00,39.868665541287804,40.0563905555513,39.10883805171956,39.13565444946289,36283500,0.0,0.0,4361.18994140625,,348.58197021484375,39.13565444946289,-0.01271006579673469,0.19074563274747044,-0.006865763848056816,0.0,-0.007669615596593626,1
2021-10-12 04:00:00+00:00,39.03732253710344,39.33231654802322,38.67975806904251,38.92111587524414,36898300,0.0,0.0,4350.64990234375,,347.3661193847656,38.92111587524414,-0.005497002080731753,0.1053147410776773,-0.0024167805585421087,0.0,-0.003487991158374504,1
2021-10-13 04:00:00+00:00,38.93005074124777,39.01050333753587,37.83947527047758,38.56354522705078,43908000,0.0,0.0,4363.7998046875,,350.14788818359375,38.56354522705078,-0.009229521853227809,0.10715772636436632,0.00302251448379387,0.0,0.00800817536193521,1
2021-10-14 04:00:00+00:00,39.663061074863975,40.315619495538975,38.867476197739926,40.28880310058594,82201000,0.0,0.0,4438.259765625,,356.596435546875,40.28880310058594,0.0437661856015562,0.3660096263726703,0.01706310194558336,0.0,0.01841663931412918,0
2021-10-15 04:00:00+00:00,40.91455257467459,41.719075259903924,40.548047000176474,41.45090103149414,64264900,0.0,0.0,4471.3701171875,,358.8431701660156,41.45090103149414,0.028436027484243016,0.4047409096455648,0.007460210377712606,0.0,0.006300496570289749,0
2021-10-18 04:00:00+00:00,41.37938632407147,41.91573473978693,41.14696617658006,41.370445251464844,49542500,0.0,0.0,4486.4599609375,,362.4516906738281,41.370445251464844,-0.0019428760566849005,0.37452434324861134,0.00337476955709759,0.0,0.01005598213320602,0
2021-10-19 04:00:00+00:00,41.56711121951884,41.683321302465124,41.29893699042924,41.549232482910156,32515500,0.0,0.0,4519.6298828125,,365.19451904296875,41.549232482910156,0.004312305917982508,0.3529823570431892,0.007393339551406308,0.0,0.007567431576995798,0
2021-10-20 04:00:00+00:00,41.55817212908704,42.22860938379792,41.16484675724372,42.094520568847656,40411000,0.0,0.0,4536.18994140625,,364.7178955078125,42.094520568847656,0.013038530460048237,0.2950003186536985,0.0036640298040166996,0.0,-0.001305122367129985,0
2021-10-21 04:00:00+00:00,42.10346074854714,42.44314993271106,41.66544362556512,41.86210632324219,36848600,0.0,0.0,4549.77978515625,,366.9452819824219,41.86210632324219,-0.005536545425847216,0.2156455622368638,0.002995871849622578,0.0,0.006107148845844401,0
2021-10-22 04:00:00+00:00,42.00513934594325,42.56830430598006,42.00513934594325,42.52360916137695,36225600,0.0,0.0,4544.89990234375,,363.86199951171875,42.52360916137695,0.015678397338524688,0.14598526701488002,-0.0010725536274130976,0.0,-0.008402567418350992,0
2021-10-25 04:00:00+00:00,42.72919195025854,42.890097132553976,42.19284361595344,42.46995544433594,31679500,0.0,0.0,4566.47998046875,,367.5871887207031,42.46995544433594,-0.0012625361559292089,0.143980683395377,0.004748196569493546,0.0,0.010237917710514965,0
2021-10-26 04:00:00+00:00,42.60404870508771,43.29236463271113,42.40738603718962,42.872222900390625,35674800,0.0,0.0,4574.7900390625,,368.7445983886719,42.872222900390625,0.009427236170240627,0.1464488301996681,0.0018197952535197182,0.0,0.0031486670468490185,0
2021-10-27 04:00:00+00:00,42.443145707161754,43.059946729350045,42.04088268833457,42.04982376098633,45790800,0.0,0.0,4551.68017578125,,369.60052490234375,42.04982376098633,-0.019368936153077287,0.21618815749708986,-0.005051568068462853,0.0,0.0023211906490618883,0
2021-10-28 04:00:00+00:00,42.541476103328385,42.90798164346552,42.28223956249431,42.71131896972656,37209600,0.0,0.0,4596.419921875,,373.70501708984375,42.71131896972656,0.015608771132304352,0.23470709675953874,0.009829281576461124,0.0,0.011105212008517773,0
2021-10-29 04:00:00+00:00,42.6845025724058,43.02419171522217,42.47890223623326,42.71131896972656,31756200,0.0,0.0,4605.3798828125,,375.5433349609375,42.71131896972656,0.0,0.21080489014670434,0.001949334719149265,0.0,0.0049191682932419045,0
2021-11-01 04:00:00+00:00,42.9973705127833,43.05994437784813,42.2643594562924,42.77389144897461,36937200,0.0,0.0,4613.669921875,,376.82720947265625,42.77389144897461,0.0014639372147897435,0.20994525214591986,0.0018000771431341267,0.0,0.0034187120158910567,0
2021-11-02 04:00:00+00:00,42.523597310108116,43.28342478666083,42.32693463663894,42.80071258544922,36283400,0.0,0.0,4630.64990234375,,378.40283203125,42.80071258544922,0.000626848062120635,0.19775841539452535,0.0036803630854131963,0.0,0.0041812865923316345,0
2021-11-03 04:00:00+00:00,42.72919935537796,43.52478433348331,42.55935648241821,43.238731384277344,42553000,0.0,0.0,4660.56982421875,,382.4197692871094,43.238731384277344,0.010181901759711925,0.11065732425751523,0.006461279195357994,0.0,0.010615505265371805,0
2021-11-04 04:00:00+00:00,43.04206633862438,43.04206633862438,41.90679235688281,42.30905532836914,47646300,0.0,0.0,4680.06005859375,,387.32183837890625,42.30905532836914,-0.02173551630321585,0.18795223163946823,0.004181942361150437,0.0,0.012818555643540952,0
2021-11-05 04:00:00+00:00,42.55041225084683,42.74707491758404,41.85315866517112,41.987247467041016,38271200,0.0,0.0,4697.52978515625,,387.6914978027344,41.987247467041016,-0.007635196657588936,0.19090169485180308,0.003732799652949259,0.0,0.0009543986091136158,0
2021-11-08 05:00:00+00:00,42.32693464118205,42.7291976505849,42.2375443768792,42.317996978759766,33815500,0.0,0.0,4701.7001953125,,387.1662902832031,42.317996978759766,0.007846515619555034,0.2059708377401078,0.0008877879113036169,0.0,-0.001354704765278325,0
2021-11-09 05:00:00+00:00,41.701198965728814,42.33587875390963,41.486657541967,41.90679931640625,36900300,0.0,0.0,4685.25,,384.5012512207031,41.90679931640625,-0.009764367442839405,0.21033160636389958,-0.003498775895770745,0.0,-0.0068834480929385045,0
2021-11-10 05:00:00+00:00,41.79058234589103,42.47889822902572,41.7011920899077,42.219661712646484,39385600,0.0,0.0,4646.7099609375,,378.8503112792969,42.219661712646484,0.007437941279948708,0.1990957111001207,-0.008225823395229703,0.0,-0.01469680507791804,0
2021-11-11 05:00:00+00:00,42.29117459197631,42.809644189540506,42.02299701700845,42.45207977294922,31194800,0.0,0.0,4649.27001953125,,379.90069580078125,42.45207977294922,0.005489875133229787,0.13710805980757382,0.0005509400447352153,0.0,0.0027725581587552117,0
2021-11-12 05:00:00+00:00,42.469957367380076,42.487836100669064,41.79952021413146,41.93360900878906,44268500,0.0,0.0,4682.85009765625,,383.8982238769531,41.93360900878906,-0.01228827531761007,0.15735939183745257,0.007222656026415475,0.0,0.010522560554266924,0
2021-11-15 05:00:00+00:00,42.246467876004225,42.36267790865406,41.92466098638899,42.058746337890625,35335500,0.0,0.0,4682.7998046875,,383.8106994628906,42.058746337890625,0.0029797336001419804,0.14487014054436145,-1.0739820344718431e-05,0.0,-0.00022798858816952539,0
2021-11-16 05:00:00+00:00,42.17497300274083,42.264363272327365,41.73695249771833,42.0855827331543,35120800,0.0,0.0,4700.89990234375,,386.5438232421875,42.0855827331543,0.0006378658305286749,0.12350643742426072,0.003865229864862485,0.0,0.00712102029235151,0
2021-11-17 05:00:00+00:00,42.085577561385605,42.192846553711526,41.522409384139905,41.57604217529297,32963700,0.0,0.0,4688.669921875,,386.7480163574219,41.57604217529297,-0.012181137023732516,0.13554087582669563,-0.002601625374463401,0.0,0.000528253468188078,0
2021-11-18 05:00:00+00:00,41.7548272006786,41.844220871651096,41.307869075875736,41.40620040893555,30639000,0.0,0.0,4704.5400390625,,390.7552185058594,41.40620040893555,-0.004093454171134898,0.1125217635743889,0.0033847802152713324,0.0,0.010361273953462646,0
2021-11-19 05:00:00+00:00,40.85197547677078,40.914549344792675,40.07426925277012,40.58380126953125,48429500,0.0,0.0,4697.9599609375,,392.93402099609375,40.58380126953125,-0.020061634465381523,0.15118117139851522,-0.001398665559303236,0.0,0.005575875604593383,0
2021-11-22 05:00:00+00:00,41.76377060567491,41.897856004593734,41.039697175440985,41.370445251464844,53697100,0.0,0.0,4682.93994140625,,388.3723449707031,41.370445251464844,0.01919773959722965,0.23573933188246368,-0.0031971365563219223,0.0,-0.011609267158457559,0
2021-11-23 05:00:00+00:00,41.89785323702473,42.59511022342148,41.719069306922485,42.461021423339844,49362900,0.0,0.0,4690.7001953125,,386.60211181640625,42.461021423339844,0.026019769036443617,0.3172332626502292,0.001657132912945114,0.0,-0.004558082410400344,0
2021-11-24 05:00:00+00:00,42.38950355700131,42.89009784467868,42.201781977879655,42.57722854614258,40060000,0.0,0.0,4701.4599609375,,387.84722900390625,42.57722854614258,0.002733057069718645,0.2926072495997209,0.0022938506357221833,0.0,0.0032206683549915738,0
2021-11-26 05:00:00+00:00,40.69107112457239,41.155908018221034,40.002755151863056,40.905609130859375,55110100,0.0,0.0,4594.6201171875,,380.4940185546875,40.905609130859375,-0.0400523729775254,0.43691847548523166,-0.022724822637582465,0.0,-0.018959038248394178,0
2021-11-29 05:00:00+00:00,41.49559565365908,41.745894552424005,40.3782002074487,40.75364685058594,50231100,0.0,0.0,4655.27001953125,,388.7516784667969,40.75364685058594,-0.003721867260872373,0.4099503466323219,0.013200199537034996,0.0,0.021702469708922756,0
2021-11-30 05:00:00+00:00,40.01168978550877,40.4228938514653,39.65412533209337,39.75245666503906,77193600,0.0,0.0,4567.0,,383.0423889160156,39.75245666503906,-0.02487368686381571,0.40494927883920506,-0.01896131033450521,0.0,-0.014686211962603446,0
2021-12-01 05:00:00+00:00,40.4228944903444,40.85197388723635,39.16247269634306,39.18928909301758,60601600,0.0,0.0,4513.0400390625,,376.52569580078125,39.18928909301758,-0.014268170047435249,0.2705580946337597,-0.011815187417889228,0.0,-0.017012981601530308,0
2021-12-02 05:00:00+00:00,39.81804454265455,40.86895898618279,39.521630667956984,40.321044921875,57821400,0.21,0.0,4577.10009765625,,379.23931884765625,40.321044921875,0.028470067111162897,0.40921117011491887,0.01419443613158311,0.0,0.0072070062604989715,0
2021-12-03 05:00:00+00:00,40.419857573617705,40.48273263350641,39.162349522976086,39.404869079589844,74605300,0.0,0.0,4538.43017578125,,372.6449279785156,39.404869079589844,-0.02298414977974058,0.3455695729996142,-0.008448563730297565,0.0,-0.017388468287460546,0
2021-12-06 05:00:00+00:00,40.02463404018775,40.31206380418205,39.48570066287362,39.65636444091797,48193100,0.0,0.0,4591.669921875,,375.6308898925781,39.65636444091797,0.006362061364815418,0.3596006601386456,0.011730872577451423,0.0,0.008012887577084182,0
2021-12-07 05:00:00+00:00,40.02463582714703,40.33901107479122,39.907866409550664,40.159366607666016,40740800,0.0,0.0,4686.75,,386.94256591796875,40.159366607666016,0.012604252804147408,0.3292761477076225,0.020707080374404274,0.0,0.03011380674423636,0
2021-12-08 05:00:00+00:00,40.1324261702079,40.240211493428035,39.60247681026123,39.66535186767578,50560300,0.0,0.0,4701.2099609375,,388.673828125,39.66535186767578,-0.012377645836610175,0.3236031052450183,0.0030852853123166657,0.0,0.004474209765276349,0
2021-12-09 05:00:00+00:00,39.44078532357059,40.1773244272222,39.207249955323846,39.961753845214844,37316700,0.0,0.0,4667.4501953125,,382.9548034667969,39.961753845214844,0.007444785136580532,0.24077789049070528,-0.007181080169894716,0.0,-0.014714200556781076,0
2021-12-10 05:00:00+00:00,40.15936503393949,40.267153765850615,39.584505502812455,39.988704681396484,37700200,0.0,0.0,4712.02001953125,,387.11767578125,39.988704681396484,0.0006741884336662038,0.1516754067164893,0.009549073338481762,0.0,0.010870401093726167,0
2021-12-13 05:00:00+00:00,39.76414455262697,39.880913949759965,38.97371109165638,39.14437484741211,38653900,0.0,0.0,4668.97021484375,,381.52508544921875,39.14437484741211,-0.021340301216154437,0.22303380802957667,-0.009136167611567658,0.0,-0.014446744961321478,0
2021-12-14 05:00:00+00:00,39.153362002965494,40.25817083921418,39.09946763542902,39.63840103149414,47099400,0.0,0.0,4634.08984375,,377.576171875,39.63840103149414,0.01254164134522405,0.22276520916665382,-0.0074706775774360246,0.0,-0.010350337958955347,0
2021-12-15 05:00:00+00:00,39.85396582060966,39.925824966816414,39.180301743868434,39.46773147583008,60057100,0.0,0.0,4709.85009765625,,386.1838684082031,39.46773147583008,-0.0043149580205874855,0.2073143490156534,0.016348464630746795,0.0,0.022797245097481378,0
2021-12-16 05:00:00+00:00,40.15038441840022,40.74320873914726,39.60247035613963,40.41984939575195,69487200,0.0,0.0,4668.669921875,,376.2533264160156,40.41984939575195,0.023837572605403895,0.2719619824388121,-0.008743415379980468,0.0,-0.025714543782265786,0
2021-12-17 05:00:00+00:00,39.97074367208418,40.15038814915551,39.18031002883038,39.413848876953125,124242400,0.0,0.0,4620.64013671875,,374.37615966796875,39.413848876953125,-0.0252037371020212,0.336079256124857,-0.010287680637092622,0.0,-0.0049891033945872465,0
2021-12-20 05:00:00+00:00,38.8659287945614,38.946768625506046,38.3539443407229,38.76712417602539,56455200,0.0,0.0,4568.02001953125,,370.7444763183594,38.76712417602539,-0.016544676479102002,0.32087909684689453,-0.01138805785140995,0.0,-0.009700626644683519,0
2021-12-21 05:00:00+00:00,39.10845104088839,39.952775558530746,39.10845104088839,39.692291259765625,47845600,0.0,0.0,4649.22998046875,,379.0419616699219,39.692291259765625,0.023584421617752906,0.3595198585953327,0.017777934551572505,0.0,0.02238060411299947,0
2021-12-22 05:00:00+00:00,39.59349508044509,40.04260457948952,39.4138505955406,39.773136138916016,35715700,0.0,0.0,4696.56005859375,,383.6580810546875,39.773136138916016,0.002034718988845829,0.3572351577729474,0.010180197220578835,0.0,0.012178386172413846,0
2021-12-23 05:00:00+00:00,40.13241882663191,40.48272363282254,39.88091864299413,39.89888000488281,34053500,0.0,0.0,4725.7900390625,,386.5505676269531,39.89888000488281,0.0031565404381509324,0.30178532296787036,0.006223699921661829,0.0,0.0075392301507479775,0
2021-12-27 05:00:00+00:00,40.015656733017735,40.25817628005829,39.800086086604125,40.09649658203125,33879200,0.0,0.0,4791.18994140625,,392.939208984375,40.09649658203125,0.004940710015378396,0.22582737988282942,0.01383893524747526,0.0,0.016527310764648417,0
2021-12-28 05:00:00+00:00,39.943796867811336,40.49171096271314,39.89888318021614,40.150386810302734,32492400,0.0,0.0,4786.35009765625,,391.1180419921875,40.150386810302734,0.0013431110117828183,0.14864287618841476,-0.0010101548486260992,0.0,-0.004634729623685718,0
2021-12-29 05:00:00+00:00,40.28512647733971,40.527646052813616,40.060571695578766,40.087520599365234,25294900,0.0,0.0,4793.06005859375,,391.0596008300781,40.087520599365234,-0.0015669955967419782,0.03818127513933887,0.0014018951394270118,0.0,-0.00014942077796176179,0
2021-12-30 05:00:00+00:00,40.19529755667477,40.50967281503632,39.952778031753,39.99768829345703,23852200,0.0,0.0,4778.72998046875,,389.8909606933594,39.99768829345703,-0.0022434190989014517,0.048493604054728766,-0.0029897555945093135,0.0,-0.002988393928286537,0
2021-12-31 05:00:00+00:00,39.98869931135761,40.16834374731882,39.77312530291763,39.961753845214844,24253900,0.0,0.0,4766.18017578125,,387.45623779296875,39.961753845214844,-0.0008988169426962403,0.04629193533201497,-0.0026261799136575448,0.0,-0.006244625153814409,0
2022-01-03 05:00:00+00:00,40.50068534027791,41.7581930156749,40.401880725241085,41.47974395751953,58587900,0.0,0.0,4796.56005859375,,391.1861877441406,41.47974395751953,0.03728236783156328,0.271497342557428,0.006374052530970564,0.0,0.009626764489374162,0
2022-01-04 05:00:00+00:00,42.27017838919529,43.5007371982446,42.25221360184159,43.10552215576172,74606700,0.0,0.0,4793.5400390625,,386.11236572265625,43.10552215576172,0.03844590249693394,0.34301592692494004,-0.000629621957060511,0.0,-0.01297035064234675,0
2022-01-05 05:00:00+00:00,43.24025715324662,43.44684708838414,42.36000304536072,42.377967834472656,57791600,0.0,0.0,4700.580078125,,374.25054931640625,42.377967834472656,-0.01702251252630678,0.4005135592751075,-0.019392757790687165,0.0,-0.0307211513002158,0
2022-01-06 05:00:00+00:00,43.09654325759975,43.25822293689113,42.38694949031351,43.23127746582031,52040900,0.0,0.0,4696.0498046875,,373.9875183105469,43.23127746582031,0.019935648050057743,0.3845502637280869,-0.0009637690162076495,0.0,-0.0007028206273572701,0
2022-01-07 05:00:00+00:00,43.24923980792182,44.29117355637487,43.168399972850764,44.17440414428711,59082600,0.0,0.0,4677.02978515625,,369.936279296875,44.17440414428711,0.021581280897196027,0.35603628716299784,-0.004050216740091761,0.0,-0.010832551396295131,0
2022-01-10 05:00:00+00:00,44.83011001047391,44.98280902173409,43.41990645907018,43.94985580444336,66839500,0.0,0.0,4670.2900390625,,370.1797180175781,43.94985580444336,-0.005096186361283109,0.3538820443385435,-0.0014410312534549607,0.0,0.0006580558175202089,0
2022-01-11 05:00:00+00:00,44.003741540464304,44.23727692625161,43.68936289731142,44.20134735107422,40454400,0.0,0.0,4713.06982421875,,375.7406005859375,44.20134735107422,0.005705928449264874,0.26150001462057154,0.009159984668711818,0.0,0.015022115739186104,1
2022-01-12 05:00:00+00:00,44.165416151319825,44.35404470084621,43.725290864101346,43.88697052001953,41378000,0.0,0.0,4726.35009765625,,377.2305603027344,43.88697052001953,-0.007137794735865347,0.21413150434097192,0.002817754443029452,0.0,0.003965394515454079,1
2022-01-13 05:00:00+00:00,43.94086453727651,44.45285243456052,43.68038367462868,43.797149658203125,46337500,0.0,0.0,4659.02978515625,,367.7937316894531,43.797149658203125,-0.002048737971051849,0.18539945516489037,-0.0142436152864307,0.0,-0.025016076655369646,1
2022-01-14 05:00:00+00:00,42.68336746952926,43.32110213985005,42.386953553602545,43.03367233276367,72953300,0.0,0.0,4662.85009765625,,370.08233642578125,43.03367233276367,-0.017585852213640295,0.13424043604876731,0.0008199802697488323,0.0,0.006222522406283071,1
2022-01-18 05:00:00+00:00,42.979781318666085,43.04265637972895,41.362987670815315,41.551612854003906,65877400,0.0,0.0,4577.10986328125,,360.86944580078125,41.551612854003906,-0.03504654902217443,0.25043161686543913,-0.018387945694007368,0.0,-0.024894164671508512,1
2022-01-19 05:00:00+00:00,43.46480706460558,43.635470829054675,41.632439895285415,41.713279724121094,84451800,0.0,0.0,4532.759765625,,356.9058532714844,41.713279724121094,0.003883198987292264,0.24289003370572815,-0.009689541868338813,0.0,-0.010983452812142414,0
2022-01-20 05:00:00+00:00,41.9378379968808,42.26119733977582,41.01267365304577,41.09351348876953,46265300,0.0,0.0,4482.72998046875,,352.2701416015625,41.09351348876953,-0.01496925033038445,0.2402003913562648,-0.01103737849414832,0.0,-0.012988612059538496,0
2022-01-21 05:00:00+00:00,40.931835607615454,41.336034803913265,40.114456533516886,40.347991943359375,71303600,0.0,0.0,4397.93994140625,,342.5022277832031,40.347991943359375,-0.018308658875448122,0.21970543603422626,-0.018914821867908604,0.0,-0.027728475010542986,0
2022-01-24 05:00:00+00:00,39.43181146800434,40.14140180188709,38.255143463927226,40.01565170288086,90672700,0.0,0.0,4410.1298828125,,344.070068359375,40.01565170288086,-0.008270957362775276,0.22640253019074322,0.002771738943381896,0.0,0.004577606943813262,0
2022-01-25 05:00:00+00:00,39.78211471209071,40.93183377320439,39.36893485280711,40.80608367919922,73555300,0.0,0.0,4356.4501953125,,336.0940856933594,40.80608367919922,0.01956050992766787,0.24590473742114874,-0.012171906253646725,0.0,-0.023181274395786322,0
2022-01-26 05:00:00+00:00,41.120459861903015,41.731248983804605,40.653385625952794,41.228248596191406,63735800,0.0,0.0,4349.93017578125,,335.5682067871094,41.228248596191406,0.010292486867940669,0.2619154701793627,-0.0014966358477518371,0.0,-0.0015646776561543119,0
2022-01-27 05:00:00+00:00,41.650409263584415,41.99173340359244,40.500690172736114,40.84201431274414,63402400,0.0,0.0,4326.509765625,,332.1888427734375,40.84201431274414,-0.009412352810980884,0.24761427990921467,-0.00538408875771057,0.0,-0.01007057267441247,0
2022-01-28 05:00:00+00:00,40.71626218427583,41.21926254821221,39.925828635533364,41.201297760009766,51048300,0.0,0.0,4431.85009765625,,342.6093444824219,41.201297760009766,0.008758440753148414,0.19995940846365867,0.024347646888076113,0.0,0.03136921042255314,0
2022-01-31 05:00:00+00:00,40.88693370208681,41.56059802476225,40.617468658303416,41.44382858276367,44793700,0.0,0.0,4515.5498046875,,353.5654602050781,41.44382858276367,0.005869227375110123,0.16693576005559044,0.018885951732779516,0.0,0.03197844979741449,0
2022-02-01 05:00:00+00:00,41.50669982281439,42.3061141972033,41.228254121336775,42.16239929199219,40326600,0.0,0.0,4546.5400390625,,355.97088623046875,42.16239929199219,0.017189829552820404,0.15621455469653295,0.00686300355780145,0.0,0.00680333996424709,0
2022-02-02 05:00:00+00:00,41.96478187136024,42.1803524565386,41.58752820764909,42.11747741699219,41125600,0.0,0.0,4589.3798828125,,358.8633117675781,42.11747741699219,-0.001066016729217149,0.15979437905355376,0.00942251544733641,0.0,0.00812545533635789,0
2022-02-03 05:00:00+00:00,42.413893614180054,42.47676865722427,41.632440776745646,41.70429992675781,35879900,0.0,0.0,4477.43994140625,,344.3136291503906,41.70429992675781,-0.009858555849193039,0.1622140541339566,-0.024391082077444004,0.0,-0.04054380077340081,0
2022-02-04 05:00:00+00:00,42.28814134604777,43.73427068787808,41.92885246739177,43.36600112915039,60297100,0.0,0.0,4500.52978515625,,348.6571044921875,43.36600112915039,0.03907151074143366,0.3001958997994272,0.0051569298644233985,0.0,0.012614880661316219,0
2022-02-07 05:00:00+00:00,43.617503552727506,43.79714456083683,43.105519141464214,43.57258987426758,44824800,0.0,0.0,4483.8701171875,,345.8523254394531,43.57258987426758,0.004752530069246142,0.30132305088315264,-0.0037017126347429485,0.0,-0.008044520007184364,0
2022-02-08 05:00:00+00:00,44.14745595246247,44.92890535900723,43.95882739797277,44.35404586791992,49560500,0.0,0.0,4521.5400390625,,349.7380676269531,44.35404586791992,0.017775650429000582,0.30222882933470413,0.008401207191663262,0.0,0.011235264017851021,0
2022-02-09 05:00:00+00:00,44.21033406659062,44.72231855056161,44.0396702876449,44.264225006103516,33861100,0.0,0.0,4587.18017578125,,357.1493225097656,44.264225006103516,-0.00202714161964458,0.30454111099367104,0.014517207887505545,0.0,0.02119087273827369,0
2022-02-10 05:00:00+00:00,44.623515126119564,45.009749526368715,43.797151958226074,44.05763626098633,47082800,0.0,0.0,4504.080078125,,349.06610107421875,44.05763626098633,-0.004678097107838902,0.28490838547884323,-0.01811572566845976,0.0,-0.02263261030076813,0
2022-02-11 05:00:00+00:00,43.68038634255072,44.407941463233115,42.66539801973262,43.04264831542969,61056000,0.0,0.0,4418.64013671875,,337.99310302734375,43.04264831542969,-0.02330724629760745,0.23766462513924758,-0.01896945434456343,0.0,-0.03172177995170222,0
2022-02-14 05:00:00+00:00,43.13247747069837,43.285173058415886,42.16239929072726,42.593544006347656,44791900,0.0,0.0,4401.669921875,,338.4118347167969,42.593544006347656,-0.010488752809045999,0.2370461710713555,-0.0038405967262932217,0.0,0.0012388764318047585,0
2022-02-15 05:00:00+00:00,43.11450557166099,43.44684559270796,42.72827118513355,42.925880432128906,42397600,0.0,0.0,4471.06982421875,,346.82623291015625,42.925880432128906,0.007772224870053947,0.18193553558446873,0.01576672117072042,0.0,0.024864373317206923,0
2022-02-16 05:00:00+00:00,42.61150571750561,43.33008361802872,42.49473972113897,42.82707977294922,36664600,0.0,0.0,4475.009765625,,346.738525390625,42.82707977294922,-0.002304310024083496,0.18151199620683278,0.0008812077558950637,0.0,-0.00025288605995954505,0
2022-02-17 05:00:00+00:00,42.21627934282213,42.47676359089823,41.27315038321579,41.38093566894531,49442400,0.0,0.0,4380.259765625,,336.4251708984375,41.38093566894531,-0.03435032380538488,0.26482218856721923,-0.021173138152195015,0.0,-0.029743895578285606,0
2022-02-18 05:00:00+00:00,41.38093962547816,41.803103555728896,41.06656441769535,41.282135009765625,37856500,0.0,0.0,4348.8701171875,,332.5881652832031,41.282135009765625,-0.00239044365073473,0.25257233613114155,-0.0071661613961429005,0.0,-0.011405227513112348,0
2022-02-22 05:00:00+00:00,40.5725471189223,41.30010568027809,40.45578112593058,40.922855377197266,51905600,0.0,0.0,4304.759765625,,329.2477722167969,40.922855377197266,-0.008741121883325603,0.25194497790896464,-0.010142945264832837,0.0,-0.01004363177974732,0
2022-02-23 05:00:00+00:00,41.27315440753843,41.41686927800147,40.033611508274184,40.22223663330078,45704900,0.0,0.0,4225.5,,320.8139343261719,40.22223663330078,-0.017268725374377996,0.21285404365317226,-0.018412122845487655,0.0,-0.02561547443082357,0
2022-02-24 05:00:00+00:00,38.623408348132784,39.23419740542718,37.770099803992125,39.16233825683594,80484800,0.0,0.0,4288.7001953125,,331.59478759765625,39.16233825683594,-0.02670446655825628,0.20590425042685523,0.014956856067329216,0.0,0.033604691436262435,0
2022-02-25 05:00:00+00:00,39.35096882528192,40.734223242222754,39.18928915909885,40.43781280517578,68530700,0.0,0.0,4384.64990234375,,336.73681640625,40.43781280517578,0.032049781535606885,0.3562351474041603,0.022372677655603468,0.0,0.015506965130081873,0
2022-02-28 05:00:00+00:00,39.270130223958795,39.75516581128892,39.01862660954468,39.70127487182617,69955300,0.0,0.0,4373.93994140625,,337.7399597167969,39.70127487182617,-0.01838200793531903,0.36785595963607887,-0.002442603440647617,0.0,0.002979012871989095,0
2022-03-01 05:00:00+00:00,39.261143536503155,39.28809243089675,37.66231514408618,38.14735412597656,74895600,0.0,0.0,4306.259765625,,332.568603515625,38.14735412597656,-0.0399268989886981,0.43358521593771804,-0.015473503680411893,0.0,-0.015311650435169688,0
2022-03-02 05:00:00+00:00,38.3898739159056,39.108448287395355,38.28208519035748,38.76712417602539,70834600,0.0,0.0,4386.5400390625,,338.1489562988281,38.76712417602539,0.01611617157473001,0.48022400202826043,0.018642691757321028,0.0,0.01677955382502283,0
2022-03-03 05:00:00+00:00,38.89348599610027,39.2635561577911,38.09918780398858,38.35192108154297,48733800,0.21,0.0,4363.490234375,,333.3185119628906,38.35192108154297,-0.010767952454450423,0.4523169744254166,-0.005254666430088317,0.0,-0.014284960062596608,0
2022-03-04 05:00:00+00:00,37.39515912755057,37.40418371895749,36.39326076525224,36.96190643310547,75572800,0.0,0.0,4328.8701171875,,328.48809814453125,36.96190643310547,-0.03691679352406302,0.35981180147055786,-0.007934042550334475,0.0,-0.014491885823902706,0
2022-03-07 05:00:00+00:00,36.04124153754459,36.203711721017925,34.488750203548854,34.6060905456543,109779000,0.0,0.0,4201.08984375,,316.3730773925781,34.6060905456543,-0.06585813252178628,0.49547653341088854,-0.029518158313449172,0.0,-0.036881155878660365,0
2022-03-08 05:00:00+00:00,35.26499012255973,35.797530427546654,34.4526393376015,34.83173751831055,76553800,0.0,0.0,4170.7001953125,,314.90252685546875,34.83173751831055,0.006499274912111975,0.5303430539446748,-0.00723375351819977,0.0,-0.004648153215909168,0
2022-03-09 05:00:00+00:00,36.38423882342357,37.557632053393036,36.248845840155845,37.04314422607422,78207900,0.0,0.0,4277.8798828125,,326.23846435546875,37.04314422607422,0.061554324672426525,0.7626958734244386,0.02569824789143582,0.0,0.03599824241868621,0
2022-03-10 05:00:00+00:00,36.36618174769994,37.44028711764383,36.20371156492709,36.709171295166016,48804400,0.0,0.0,4259.52001953125,,322.6155700683594,36.709171295166016,-0.00905667059647045,0.7625565436345104,-0.004291813651667864,0.0,-0.01110504947436819,0
2022-03-11 05:00:00+00:00,37.04313921824047,37.35002695473102,36.36618127979245,36.402286529541016,43946600,0.0,0.0,4204.31005859375,,315.9251403808594,36.402286529541016,-0.008395033476364827,0.7220030186269253,-0.012961545123475138,0.0,-0.02073808677641431,0
2022-03-14 04:00:00+00:00,36.916770943546034,38.072111285365395,36.916770943546034,37.18755340576172,54262400,0.0,0.0,4173.10986328125,,309.8578796386719,37.18755340576172,0.021342530010702753,0.46308818510118555,-0.007421002465963666,0.0,-0.01920474177798326,0
2022-03-15 04:00:00+00:00,37.24171163336793,37.711069555933506,36.889694052240294,37.45833969116211,41395300,0.0,0.0,4262.4501953125,,319.57708740234375,37.45833969116211,0.007255254428209825,0.4623072124552411,0.021408574170870942,0.0,0.03136666324253401,0
2022-03-16 04:00:00+00:00,38.1262732089762,38.857385590377746,37.8374346496239,38.63173294067383,59477600,0.0,0.0,4357.85986328125,,331.4292297363281,38.63173294067383,0.030844661788508167,0.2816764517734084,0.02238376135718223,0.0,0.0370869589879661,0
2022-03-17 04:00:00+00:00,38.27971873866819,38.84836443023339,37.756206335578604,38.83933639526367,50260200,0.0,0.0,4411.669921875,,335.44158935546875,38.83933639526367,0.005359522033472612,0.2410610885521438,0.01234781757145198,0.0,0.01210623342525552,0
2022-03-18 04:00:00+00:00,38.59562793047627,38.7490735236864,38.14432262826067,38.72199630737305,74470600,0.0,0.0,4463.1201171875,,342.30743408203125,38.72199630737305,-0.0030257390718681776,0.2150621677614872,0.011662294827948783,0.0,0.020468078331475903,0
2022-03-21 04:00:00+00:00,39.12816123069644,39.20037171868821,38.36996832271076,38.66783142089844,47106400,0.0,0.0,4461.18017578125,,341.355712890625,38.66783142089844,-0.0013997936656252286,0.21579139972937858,-0.00043466036210393355,0.0,-0.0027803111958654148,0
2022-03-22 04:00:00+00:00,39.55240181124835,40.28351774021202,39.444089488019664,39.877342224121094,52360600,0.0,0.0,4511.60986328125,,348.0643005371094,39.877342224121094,0.03080027360400518,0.26994420311665085,0.0113041136006502,0.0,0.019652776834099495,0
2022-03-23 04:00:00+00:00,39.46213933479771,39.723893810555246,38.83933577295266,38.89349365234375,48539300,0.0,0.0,4456.240234375,,343.0621643066406,38.89349365234375,-0.024981320202175982,0.31783145060197276,-0.012272698789159042,0.0,-0.014371299276454974,0
2022-03-24 04:00:00+00:00,39.155249218781776,39.20037906063634,38.71296850496015,38.87543869018555,30360800,0.0,0.0,4520.16015625,,350.687255859375,38.87543869018555,-0.00046432326994184215,0.3158868200737088,0.01434391292056647,0.0,0.022226559341352425,0
2022-03-25 04:00:00+00:00,39.24551203291092,39.94954726292088,39.11012249654789,39.47116470336914,38968100,0.0,0.0,4543.06005859375,,350.39471435546875,39.47116470336914,0.015207742741479456,0.3303969813631896,0.005066170567449069,0.0,-0.0008341948531587207,0
2022-03-28 04:00:00+00:00,39.45310666900319,39.489211917692586,38.65881185695268,39.30868911743164,37428600,0.0,0.0,4575.52001953125,,355.8161926269531,39.30868911743164,-0.004124806239693626,0.33366591376220556,0.007144955276586762,0.0,0.015472488737328316,0
2022-03-29 04:00:00+00:00,39.940519831552656,40.06688476711557,38.91154427832754,39.20940399169922,46355800,0.0,0.0,4631.60009765625,,361.9396667480469,39.20940399169922,-0.002528975799528546,0.22755171953113762,0.012256547427530462,0.0,0.017209655569311755,0
2022-03-30 04:00:00+00:00,39.20940713816678,39.39895799990843,38.586607001548586,38.812259674072266,36601800,0.0,0.0,4602.4501953125,,357.94189453125,38.812259674072266,-0.010180448070828591,0.15011024066540987,-0.0062937001746978805,0.0,-0.011045410558936597,0
2022-03-31 04:00:00+00:00,38.667840474975556,38.71297031894478,37.18755955639222,37.20561218261719,67902500,0.0,0.0,4530.41015625,,353.5052490234375,37.20561218261719,-0.04227655267793363,0.3329995621634956,-0.015652540713177343,0.0,-0.012394876307012304,0
2022-04-01 04:00:00+00:00,37.629842280457495,37.6749755741291,36.42034369425782,36.91678237915039,61929200,0.0,0.0,4545.85986328125,,352.8324279785156,36.91678237915039,-0.007793360348058992,0.2608280875706978,0.0034102225843584133,0.0,-0.0019032844541362337,0
2022-04-04 04:00:00+00:00,36.53767614759215,37.133398997268635,36.24884103521483,36.85359191894531,53761700,0.0,0.0,4582.64013671875,,360.09674072265625,36.85359191894531,-0.001713166735599153,0.2667152297245452,0.008090938687879357,0.0,0.02058856320480551,0
2022-04-05 04:00:00+00:00,36.50157167781259,36.79040679636252,36.14052950121829,36.23078918457031,51781700,0.0,0.0,4525.1201171875,,352.1011047363281,36.23078918457031,-0.017043800643977123,0.2505809275346963,-0.012551720801807331,0.0,-0.02220413317344161,0
2022-04-06 04:00:00+00:00,35.869750120691805,36.11345197552754,35.51772906142422,35.83364486694336,54159800,0.0,0.0,4481.14990234375,,344.4565734863281,35.83364486694336,-0.01102203447355956,0.2494603091928608,-0.009716916613271898,0.0,-0.021711182234786297,0
2022-04-07 04:00:00+00:00,36.00512674415521,36.086361814360835,35.06641114248697,35.5538215637207,54585000,0.0,0.0,4500.2099609375,,345.2755432128906,35.5538215637207,-0.007839604075050898,0.08861966088034992,0.004253385628492534,0.0,0.0023775703226491807,0
2022-04-08 04:00:00+00:00,35.64408998021059,36.194679490157306,35.49064440552796,35.806556701660156,41018900,0.0,0.0,4488.27978515625,,340.4488830566406,35.806556701660156,0.007083375980181687,0.14636969404414074,-0.002651026482054286,0.0,-0.013979154478584,0
2022-04-11 04:00:00+00:00,35.63506439957424,36.46546790299288,35.553829311665744,35.734352111816406,34198700,0.0,0.0,4412.52978515625,,332.39483642578125,35.734352111816406,-0.00201855457410661,0.1458071199481363,-0.01687729010355421,0.0,-0.023657139240839897,1
2022-04-12 04:00:00+00:00,35.716304593567635,36.17663797192144,35.0664237973912,35.35525894165039,42855300,0.0,0.0,4397.4501953125,,330.99066162109375,35.35525894165039,-0.010665321078551532,0.12070453394664475,-0.003417447717741773,0.0,-0.0042244182243819095,1
2022-04-13 04:00:00+00:00,34.750509658102104,35.21083956973991,34.6241447193461,35.039344787597656,45484200,0.0,0.0,4446.58984375,,337.71868896484375,35.039344787597656,-0.008975582166220982,0.11489177778019444,0.011174577597236057,0.0,0.02032694007377156,1
2022-04-14 04:00:00+00:00,34.741475119266056,35.174727689457335,33.77567884276538,33.91107177734375,79032000,0.0,0.0,4392.58984375,,329.9960021972656,33.91107177734375,-0.03273000474381715,0.23441641414509434,-0.01214413784439794,0.0,-0.022867217657539962,1
2022-04-18 04:00:00+00:00,33.77569538429606,35.48163273408196,33.59517597402995,35.066429138183594,80080300,0.0,0.0,4391.68994140625,,330.2496032714844,35.066429138183594,0.03350267582115541,0.38105561948251643,-0.0002048682840329885,0.0,0.0007684974136963341,0
2022-04-19 04:00:00+00:00,35.391360599285164,35.99611148831849,35.3011009170706,35.71630096435547,53714200,0.0,0.0,4462.2099609375,,337.6309509277344,35.71630096435547,0.018362956230327347,0.4143474436825713,0.016057604355527166,0.0,0.022350814605467173,0
2022-04-20 04:00:00+00:00,36.23981563537399,36.43838761870939,35.75240510292282,35.79753494262695,47064300,0.0,0.0,4459.4501953125,,332.7068176269531,35.79753494262695,0.0022718404678020556,0.40360703186228,-0.0006184750715809706,0.0,-0.014584365820878742,0
2022-04-21 04:00:00+00:00,36.10442054885563,36.29396793037251,34.858817075828064,35.120574951171875,46245900,0.0,0.0,4393.66015625,,325.8227233886719,35.120574951171875,-0.01909189500479787,0.42739514487041325,-0.014752948498371943,0.0,-0.020691172748975695,0
2022-04-22 04:00:00+00:00,35.03031703167198,35.06641883720785,33.84789595992496,33.90205383300781,50409800,0.0,0.0,4271.77978515625,,317.2907409667969,33.90205383300781,-0.035311542084263785,0.4402264658513073,-0.027740054250753654,0.0,-0.026185964972422315,0
2022-04-25 04:00:00+00:00,33.29730248785612,33.757635794456384,32.43079719014336,33.658348083496094,64301100,0.0,0.0,4296.1201171875,,321.3665771484375,33.658348083496094,-0.007214486582292686,0.32435026206962336,0.005697936985382235,0.0,0.01284574573219932,0
2022-04-26 04:00:00+00:00,33.288280772183064,33.88400364620561,32.873077268384215,32.9001579284668,44809900,0.0,0.0,4175.2001953125,,309.23663330078125,32.9001579284668,-0.022783652996236005,0.2298587716573676,-0.028146308431003852,0.0,-0.03774488297846079,0
2022-04-27 04:00:00+00:00,32.73768000176321,33.31535011356905,32.64741689480263,32.719627380371094,39824900,0.0,0.0,4183.9599609375,,308.8661193847656,32.719627380371094,-0.005502334477921174,0.19381892545776153,0.0020980468517017847,0.0,-0.0011981566092631457,0
2022-04-28 04:00:00+00:00,33.15288334861272,33.35145876101195,32.63839563756545,33.225093841552734,39567800,0.0,0.0,4287.5,,319.8357238769531,33.225093841552734,0.01533030548205361,0.30408059795094394,0.02474690007293945,0.0,0.0355157260823491,0
2022-04-29 04:00:00+00:00,33.170943794370714,33.51393683035034,32.07878565498888,32.20515060424805,47385200,0.0,0.0,4131.93017578125,,305.4435729980469,32.20515060424805,-0.03117903260895953,0.2841073043458662,-0.036284507106413955,0.0,-0.04499857209335123,0
2022-05-02 04:00:00+00:00,32.521058353837695,32.74671100062965,31.95241616301597,32.62034606933594,46652200,0.0,0.0,4155.3798828125,,310.5432434082031,32.62034606933594,0.012809809839406444,0.329597961817196,0.005675242812353654,0.0,0.01669594930448537,0
2022-05-03 04:00:00+00:00,32.800864367487875,33.96523269127651,32.79183977785838,33.5139274597168,48926000,0.0,0.0,4175.47998046875,,310.87469482421875,33.5139274597168,0.027024891247425572,0.36055870523958067,0.004837126381486367,0.0,0.0010673277330974784,0
2022-05-04 04:00:00+00:00,33.73055118915259,34.97615456083025,33.64931611180001,34.85881423950195,57860300,0.0,0.0,4300.169921875,,321.3861389160156,34.85881423950195,0.03934492708309751,0.4235437248258869,0.02986242108440229,0.0,0.03381247900457285,0
2022-05-05 04:00:00+00:00,34.344332575664374,34.488750133660666,33.2792517942469,33.884002685546875,48860600,0.0,0.0,4146.8701171875,,305.1998596191406,33.884002685546875,-0.028363018755876213,0.5108241311433152,-0.035649708609806985,0.0,-0.050363962028570186,0
2022-05-06 04:00:00+00:00,33.7305505912095,33.956203197279216,33.04456818375918,33.80276107788086,50440100,0.0,0.0,4123.33984375,,301.54327392578125,33.80276107788086,-0.0024005179790473606,0.41878767530327515,-0.0056742248424840325,0.0,-0.011980954702673907,0
2022-05-09 04:00:00+00:00,33.27925099756121,33.450749210766745,32.54813863410134,32.827945709228516,51242000,0.0,0.0,3991.239990234375,,289.74481201171875,32.827945709228516,-0.029262331875907394,0.49801611991208045,-0.03203710063235676,0.0,-0.039126927821863666,0
2022-05-10 04:00:00+00:00,33.17093340824762,33.513926336833016,31.75383530408481,32.277347564697266,60235300,0.0,0.0,4001.050048828125,,293.26483154296875,32.277347564697266,-0.016914485564829808,0.45025623579208235,0.0024578974498534745,0.0,0.012148688726504764,0
2022-05-11 04:00:00+00:00,32.40371714125079,33.32437678754979,32.051696166859195,32.10585403442383,54969300,0.0,0.0,3935.179931640625,,284.5671081542969,32.10585403442383,-0.005327288224131515,0.19881105423215545,-0.01646320750393837,0.0,-0.02965825579190695,0
2022-05-12 04:00:00+00:00,31.600394585892353,31.97949281629129,30.923436657424183,31.654552459716797,61231500,0.0,0.0,3930.080078125,,283.89434814453125,31.654552459716797,-0.014156406346125491,0.1684623865187851,-0.0012959645058717717,0.0,-0.0023641523931882125,0
2022-05-13 04:00:00+00:00,32.069752366984545,32.25027516915288,31.374741816707388,31.74481201171875,49117900,0.0,0.0,4023.889892578125,,294.4154052734375,31.74481201171875,0.0028473349452214284,0.19282398237968548,0.02386969542307149,0.0,0.03705976254078136,0
2022-05-16 04:00:00+00:00,31.591367036874566,31.744809166895937,31.058826711954108,31.419872283935547,39076500,0.0,0.0,4008.010009765625,,291.0026550292969,31.419872283935547,-0.010288742763888912,0.12410254087818229,-0.003946400929555671,0.0,-0.011591615734139471,0
2022-05-17 04:00:00+00:00,32.150986455251044,32.692554844902254,31.979491692280437,32.484954833984375,42635600,0.0,0.0,4088.85009765625,,298.5400390625,32.484954833984375,0.03333648594859123,0.30180874615370945,0.020169632234863677,0.0,0.02590142702458942,0
2022-05-18 04:00:00+00:00,32.150988850294624,32.214171317316065,31.230325618171392,31.48305892944336,47396900,0.0,0.0,3923.679931640625,,283.8846130371094,31.48305892944336,-0.03132746457099851,0.3831611449761625,-0.04039526078745259,0.0,-0.04909031991625912,0
2022-05-19 04:00:00+00:00,30.950518810198133,31.44695395973844,30.914413559238703,31.09493637084961,47002700,0.0,0.0,3900.7900390625,,282.3634033203125,31.09493637084961,-0.01240460112387858,0.38040397070102644,-0.005833781800992588,0.0,-0.0053585493786449945,0
2022-05-20 04:00:00+00:00,31.410855651173033,31.573325873213218,29.750051615018794,30.562402725219727,62406500,0.0,0.0,3901.360107421875,,281.48583984375,30.562402725219727,-0.017274403856256754,0.3858106159077495,0.00014614176965843662,0.0,-0.003107922153661624,0
2022-05-23 04:00:00+00:00,31.37474203194352,32.72865789271504,31.284482351833187,32.37664031982422,69081900,0.0,0.0,3973.75,,286.16619873046875,32.37664031982422,0.05766660057047841,0.598749311490716,0.018555039930923556,0.0,0.016627333329864102,0
2022-05-24 04:00:00+00:00,32.015599880859725,32.45787715768611,31.555266535215292,32.178070068359375,46146700,0.0,0.0,3941.47998046875,,280.0818176269531,32.178070068359375,-0.006152018235380608,0.5487022070583722,-0.008120797617175213,0.0,-0.021261704319056607,0
2022-05-25 04:00:00+00:00,32.04267586110883,32.73768642677156,31.853128464069766,32.34956359863281,49343400,0.0,0.0,3978.72998046875,,284.00164794921875,32.34956359863281,0.0053153641097973955,0.48256817730232565,0.009450764734207695,0.0,0.013995304498796601,0
2022-05-26 04:00:00+00:00,32.94528983170392,33.252177600740396,32.80087226058007,33.098731994628906,60201200,0.0,0.0,4057.840087890625,,291.8704528808594,33.098731994628906,0.022894442469842263,0.4651324021395525,0.019883256167224195,0.0,0.027706898845346162,0
2022-05-27 04:00:00+00:00,33.29731720584606,33.441734819299946,33.01751001657215,33.41465759277344,43365600,0.0,0.0,4158.240234375,,301.3969421386719,33.41465759277344,0.00949968046929105,0.3899567088912445,0.02474226295510973,0.0,0.03263944384840212,0
2022-05-31 04:00:00+00:00,33.23412112236091,33.874973804753694,33.04457372782549,33.57711410522461,71609200,0.0,0.0,4132.14990234375,,300.5974426269531,33.57711410522461,0.004850053276363949,0.16628903743041998,-0.006274368617659065,0.0,-0.0026526463939733347,0
2022-06-01 04:00:00+00:00,33.811795258446985,33.82082329343463,32.64742665446858,33.098731994628906,35237900,0.0,0.0,4101.22998046875,,298.374267578125,33.098731994628906,-0.01434973374565504,0.21193088682018701,-0.007482768681131846,0.0,-0.007395854832960569,0
2022-06-02 04:00:00+00:00,33.05334285005025,33.325684999978066,32.74468748999384,33.31660842895508,35341900,0.21,0.0,4176.81982421875,,306.5454406738281,33.31660842895508,0.006561050941554855,0.21199444968936113,0.018431018038486124,0.0,0.027385649446340476,0
2022-06-03 04:00:00+00:00,33.11689185091088,33.29845445287026,32.799159894745905,32.8536262512207,25235200,0.0,0.0,4108.5400390625,,298.5693054199219,32.8536262512207,-0.013993897268113073,0.18572307762300116,-0.016347313992415624,0.0,-0.026019422231084666,0
2022-06-06 04:00:00+00:00,33.31660479753425,33.779586055645986,32.77191709402979,32.81731033325195,40394000,0.0,0.0,4121.43017578125,,299.5638732910156,32.81731033325195,-0.0011059967638477977,0.15962762681188736,0.003137400778913113,0.0,0.0033311122511234803,0
2022-06-07 04:00:00+00:00,32.590359383279214,33.05334066119517,32.445110015401845,32.998870849609375,29152200,0.0,0.0,4160.68017578125,,302.14776611328125,32.998870849609375,0.005517213963112117,0.16190858713839482,0.009523393173235029,0.0,0.008625515466464284,0
2022-06-08 04:00:00+00:00,32.608512929260876,32.78099893658321,32.24539123656497,32.58127975463867,33590600,0.0,0.0,4115.77001953125,,299.9733581542969,32.58127975463867,-0.0127354614244774,0.155350172983611,-0.010793945785935621,0.0,-0.007196505163533651,0
2022-06-09 04:00:00+00:00,32.44511132809738,32.5358908880618,31.319426084240146,31.328502655029297,49419000,0.0,0.0,4017.820068359375,,291.9387512207031,31.328502655029297,-0.03920957164587847,0.27148919983798286,-0.02379869397635359,0.0,-0.026784401731639762,0
2022-06-10 04:00:00+00:00,30.575022415397328,30.901834370008984,29.97586831961536,30.112037658691406,49318200,0.0,0.0,3900.860107421875,,281.641845703125,30.112037658691406,-0.03960329710930014,0.33497574026362154,-0.029110303335524668,0.0,-0.035270773319824755,0
2022-06-13 04:00:00+00:00,29.403946529323754,29.74891507821225,28.813870753235495,29.068058013916016,61216600,0.0,0.0,3749.6298828125,,268.546630859375,29.068058013916016,-0.03528510547046318,0.31748587290503427,-0.038768430665237275,0.0,-0.046495984327391104,0
2022-06-14 04:00:00+00:00,28.97727800500709,29.594586982754574,28.35088899337798,28.55968475341797,49349800,0.0,0.0,3735.47998046875,,269.0341491699219,28.55968475341797,-0.01764380918757885,0.20230057083405503,-0.0037736797459957394,0.0,0.0018153953709520998,0
2022-06-15 04:00:00+00:00,29.03174475551302,29.494729497718993,28.52337196654562,29.095291137695312,51540100,0.0,0.0,3789.989990234375,,275.75238037109375,29.095291137695312,0.018580245144813594,0.3925750936871294,0.014592504858983224,0.0,0.024971667061227443,0
2022-06-16 04:00:00+00:00,28.595995088921672,29.04989977287281,28.01499764754708,28.913728713989258,61363400,0.0,0.0,3666.77001953125,,264.6267395019531,28.913728713989258,-0.0062598201814862975,0.3741797387874293,-0.03251195148816344,0.0,-0.040346490768885857,0
2022-06-17 04:00:00+00:00,29.077135617957488,29.576433586603972,28.72309048602142,28.977277755737305,80470300,0.0,0.0,3674.840087890625,,267.844482421875,28.977277755737305,0.0021954728773750085,0.3224578801247561,0.002200865698254617,0.0,0.012159553210601137,0
2022-06-21 04:00:00+00:00,29.857850224475385,30.220975364970613,29.612741274093807,29.821537017822266,53537200,0.0,0.0,3764.7900390625,,274.60211181640625,29.821537017822266,0.028718853989239148,0.2963826595045141,0.024477242280086964,0.0,0.02522967556930089,0
2022-06-22 04:00:00+00:00,29.403946273481314,29.903240757017258,29.340399891741363,29.594585418701172,38305600,0.0,0.0,3759.889892578125,,274.2016296386719,29.594585418701172,-0.007639431641507093,0.2533661824545461,-0.0013015723144006452,0.0,-0.0014584089506278763,0
2022-06-23 04:00:00+00:00,29.394870211628625,29.42210338626886,28.378122891672554,29.122528076171875,44091500,0.0,0.0,3795.72998046875,,278.28521728515625,29.122528076171875,-0.016079384190491805,0.27328951178786187,0.009532217409177868,0.0,0.014892645429808393,0
2022-06-24 04:00:00+00:00,28.369040701672862,29.748911256964348,28.35088410006167,29.33131980895996,79504700,0.0,0.0,3911.739990234375,,287.8203125,29.33131980895996,0.007143845214884689,0.2699146363389403,0.03056329358583576,0.0,0.03426375036325857,0
2022-06-27 04:00:00+00:00,29.43117829147504,29.59458425610655,28.96819703369772,29.367631912231445,47900300,0.0,0.0,3900.110107421875,,285.7100830078125,29.367631912231445,0.0012372319041063175,0.27015065013241235,-0.0029730715337762392,0.0,-0.0073317601313753755,0
2022-06-28 04:00:00+00:00,29.80338519365818,30.41161584837701,29.22238425060469,29.285930633544922,49863800,0.0,0.0,3821.550048828125,,277.0054016113281,29.285930633544922,-0.0027858949391006737,0.14009663995167787,-0.020143036075892073,0.0,-0.03046683303874287,0
2022-06-29 04:00:00+00:00,29.258696197834443,29.44933533843874,28.741245123041068,28.922807693481445,35149700,0.0,0.0,3818.830078125,,277.25946044921875,28.922807693481445,-0.012476740127729964,0.15249056413364054,-0.0007117454091590814,0.0,0.0009171620351544618,0
2022-06-30 04:00:00+00:00,28.296420249046207,28.641387073589605,27.815280623608402,28.260107040405273,46312300,0.0,0.0,3785.3798828125,,273.820556640625,28.260107040405273,-0.02317931246565338,0.18992189535140971,-0.008759278267998716,0.0,-0.012403197362578777,0
2022-07-01 04:00:00+00:00,28.12392999667119,28.750318860591147,27.806196414595345,28.65045928955078,40236100,0.0,0.0,3825.330078125,,275.6278991699219,28.65045928955078,0.013718309131821675,0.2216912494854469,0.010553814029047315,0.0,0.006600463279566426,0
2022-07-05 04:00:00+00:00,27.960529645565504,28.359966278076172,27.642797731475383,28.359966278076172,47411800,0.0,0.0,3831.389892578125,,280.3466491699219,28.359966278076172,-0.01019096148435133,0.217218819194692,0.0015841285142366157,0.0,0.017120001328642553,0
2022-07-06 04:00:00+00:00,28.151172514876304,28.36904658486698,27.815282241447434,28.123937606811523,35933700,0.0,0.0,3845.080078125,,282.1441955566406,28.123937606811523,-0.008357426765699536,0.2140144022333445,0.0035731642904301975,0.0,0.00641187041843061,0
2022-07-07 04:00:00+00:00,28.595995759292368,29.05897702404823,28.56876085427361,28.922807693481445,40137900,0.0,0.0,3902.6201171875,,288.1817626953125,28.922807693481445,0.028009391583882527,0.3256887349765616,0.014964587965241805,0.0,0.02139887062627821,0
2022-07-08 04:00:00+00:00,29.05897818517907,29.27685397101694,28.65046498262846,28.859262466430664,31153800,0.0,0.0,3899.3798828125,,288.54327392578125,28.859262466430664,-0.002199479959534475,0.25881136432444457,-0.000830271529819071,0.0,0.0012544556153990527,0
2022-07-11 04:00:00+00:00,28.641387743261294,28.859263537182915,28.40535880761295,28.55968475341797,29311900,0.0,0.0,3854.429931640625,,282.3787536621094,28.55968475341797,-0.01043489809056816,0.25962696270377783,-0.011527461422777274,0.0,-0.021364283352719893,1
2022-07-12 04:00:00+00:00,28.16025103484229,29.077137103811577,28.123937823809065,28.46890640258789,39527000,0.0,0.0,3818.800048828125,,279.6431579589844,28.46890640258789,-0.00318361108569163,0.2478779006706247,-0.009243878717321574,0.0,-0.009687682474859183,1
2022-07-13 04:00:00+00:00,28.205637172598436,28.278261853771653,27.597404818456884,27.996841430664062,44153700,0.0,0.0,3801.780029296875,,279.0667724609375,27.996841430664062,-0.016720790514771818,0.27310013212320294,-0.0044569025122100925,0.0,-0.0020611464348124775,1
2022-07-14 04:00:00+00:00,27.31598535311834,27.43399981484684,26.934705330713047,27.352296829223633,51707800,0.0,0.0,3790.3798828125,,280.0633544921875,27.352296829223633,-0.023291193291807663,0.1425455529645296,-0.00299863390215227,0.0,0.0035711239373348302,1
2022-07-15 04:00:00+00:00,27.824356341968485,29.62182017807107,27.78804486820857,29.276851654052734,77801700,0.0,0.0,3863.159912109375,,285.1434631347656,29.276851654052734,0.0679966533628878,0.5898909533904918,0.01920124935943668,0.0,0.018139140880424787,1
2022-07-18 04:00:00+00:00,30.03033755073562,30.30267968662492,29.140681263536088,29.285930633544922,56382900,0.0,0.0,3830.85009765625,,282.73040771484375,29.285930633544922,0.0003100597072160714,0.5794590727739642,-0.008363571580831342,0.0,-0.0084626012232355,0
2022-07-19 04:00:00+00:00,29.866925018738865,30.520545308754613,29.667205880197102,30.275436401367188,46874900,0.0,0.0,3936.68994140625,,291.4252624511719,30.275436401367188,0.033229486371161986,0.6041109860942924,0.02762829164595959,0.0,0.030753164495477936,0
2022-07-20 04:00:00+00:00,30.121118933563665,30.36622790962198,29.912323167962512,30.28452491760254,35514900,0.0,0.0,3959.89990234375,,296.04632568359375,30.28452491760254,0.0003001493430854438,0.563295747388526,0.005895806193263242,0.0,0.0158567695660774,0
2022-07-21 04:00:00+00:00,30.03941034270506,30.565937944124638,29.91231759281129,30.54778480529785,31244000,0.0,0.0,3998.949951171875,,300.2960205078125,30.54778480529785,0.008655319266756584,0.4601665439624057,0.00986137270919718,0.0,0.014354830496226878,0
2022-07-22 04:00:00+00:00,30.502396088671222,30.811051439725244,30.039414793599295,30.34807014465332,27115400,0.0,0.0,3961.6298828125,,295.0301818847656,30.34807014465332,-0.006559243707028361,0.24644467836426145,-0.00933246697634671,0.0,-0.017535492525482477,0
2022-07-25 04:00:00+00:00,30.66579878681419,30.847361349725514,30.35714346877029,30.62040901184082,30381000,0.0,0.0,3966.840087890625,,293.3498840332031,30.62040901184082,0.008933818993165726,0.2387688862789408,0.0013151670479691902,0.0,-0.005695342221694433,0
2022-07-26 04:00:00+00:00,30.329909445649577,30.665797926652406,29.921394556312215,30.003097534179688,30645700,0.0,0.0,3921.050048828125,,287.5858459472656,30.003097534179688,-0.02036612033840241,0.19382022670790225,-0.01154320266205866,0.0,-0.01964902118483569,0
2022-07-27 04:00:00+00:00,30.17558287098254,30.656720695249046,29.912317340980323,30.493314743041992,30344800,0.0,0.0,4023.610107421875,,299.7391052246094,30.493314743041992,0.01620684336383258,0.23354294451536056,0.026156273782937722,0.0,0.042259587697415,0
2022-07-28 04:00:00+00:00,30.411614969046227,30.6385673195615,29.866930713016796,30.24820899963379,40176500,0.0,0.0,4072.429931640625,,302.6700134277344,30.24820899963379,-0.008070494734886193,0.23086159515878327,0.012133338697180918,0.0,0.009778197612649642,0
2022-07-29 04:00:00+00:00,30.38438358700589,30.81105167628419,30.27544395896108,30.693038940429688,48152500,0.0,0.0,4130.2900390625,,308.1898193359375,30.693038940429688,0.01459890817090198,0.25224530509437415,0.014207760082581844,0.0,0.018237042532530445,0
2022-08-01 04:00:00+00:00,30.520551880831235,30.765660840998663,30.15743018885655,30.60225486755371,32336700,0.0,0.0,4118.6298828125,,308.0041809082031,30.60225486755371,-0.0029621895456749783,0.2464905051278417,-0.0028230841271976725,0.0,-0.0006023509411646755,0
2022-08-02 04:00:00+00:00,30.502393399464495,30.611333017068365,29.95770916351681,29.994022369384766,37884100,0.0,0.0,4091.18994140625,,307.08587646484375,29.994022369384766,-0.020075587271091502,0.24499105982855307,-0.006662395550704803,0.0,-0.002981467461420806,0
2022-08-03 04:00:00+00:00,30.338992346272285,30.6385711486412,30.11203996739346,30.538711547851562,30065800,0.0,0.0,4155.169921875,,315.448486328125,30.538711547851562,0.017997002443081552,0.2526883422872031,0.015638477163140152,0.0,0.02723215394843681,0
2022-08-04 04:00:00+00:00,30.429773185249278,30.56594252496379,30.112037799878962,30.320837020874023,28404500,0.0,0.0,4151.93994140625,,316.9237365722656,30.320837020874023,-0.007159943275129243,0.25086475690920645,-0.0007773401640558397,0.0,0.004676675616081649,0
2022-08-05 04:00:00+00:00,30.211893926998933,31.165096510722176,30.17558418505214,30.829204559326172,35874500,0.0,0.0,4145.18994140625,,314.3347473144531,30.829204559326172,0.016627274077540045,0.2583582883878313,-0.0016257460597355333,0.0,-0.008169123858673633,0
2022-08-08 04:00:00+00:00,31.01984550497142,31.12878512623631,30.366225092472252,30.402538299560547,33454300,0.0,0.0,4140.06005859375,,313.3187255859375,30.402538299560547,-0.013936339077428741,0.2795333255437069,-0.0012375507238541195,0.0,-0.003232292125500247,0
2022-08-09 04:00:00+00:00,30.547790755651818,30.82920948151434,30.32991495409589,30.792896270751953,40196900,0.0,0.0,4122.47021484375,,309.7723693847656,30.792896270751953,0.012757921195311342,0.2341717737003256,-0.004248692893594086,0.0,-0.011318685771301462,0
2022-08-10 04:00:00+00:00,31.319422949532218,32.163685932169734,31.27403317409299,31.83687400817871,61415800,0.0,0.0,4210.240234375,,318.41845703125,31.83687400817871,0.03334115520339995,0.3022142395031787,0.021290637641290244,0.0,0.027911100217415274,0
2022-08-11 04:00:00+00:00,32.472344942746346,32.73561051842996,32.363408776711786,32.59943771362305,50420800,0.0,0.0,4207.27001953125,,316.6110534667969,32.59943771362305,0.023669862154236956,0.281214195335723,-0.0007054739583503,0.0,-0.005676189694857281,0
2022-08-12 04:00:00+00:00,32.82639080784683,32.96256361567461,32.399719242136904,32.95348358154297,31821700,0.0,0.0,4280.14990234375,,322.77569580078125,32.95348358154297,0.010801938448488998,0.2814683480630838,0.017322368774566943,0.0,0.019470711039565325,0
2022-08-15 04:00:00+00:00,32.53588699196899,32.95347845862893,32.381557602888165,32.90808868408203,24908000,0.0,0.0,4297.14013671875,,325.3841857910156,32.90808868408203,-0.0013784944114700738,0.20984318949686112,0.0039695418998517695,0.0,0.008081432475152583,0
2022-08-16 04:00:00+00:00,32.85363094902542,33.53448820646627,32.77192793961176,33.26214599609375,31870200,0.0,0.0,4305.2001953125,,324.6221008300781,33.26214599609375,0.010701509301619245,0.21223923628817865,0.0018756797165810912,0.0,-0.0023421081730965465,0
2022-08-17 04:00:00+00:00,32.86270176439631,33.21674688484377,32.75376560341666,33.053340911865234,27125600,0.0,0.0,4274.0400390625,,320.9194641113281,33.053340911865234,-0.006297345733399133,0.18645136814553775,-0.007237794954094601,0.0,-0.011405990871484528,0
2022-08-18 04:00:00+00:00,32.90808863577673,33.044261422235344,32.68113630035758,32.93532180786133,23138300,0.0,0.0,4283.740234375,,321.6912841796875,32.93532180786133,-0.0035769547365773376,0.12909704134853742,0.002269561170191503,0.0,0.002405027287754713,0
2022-08-19 04:00:00+00:00,32.644827874666426,32.70837426084535,32.05475379400234,32.20907974243164,36485400,0.0,0.0,4228.47998046875,,315.419189453125,32.20907974243164,-0.022297300663985928,0.18810316466629687,-0.012900001139847905,0.0,-0.019497247936189344,0
2022-08-22 04:00:00+00:00,31.54637723256468,31.609923614696743,31.274035100138967,31.51914405822754,31210300,0.0,0.0,4137.990234375,,307.11505126953125,31.51914405822754,-0.021653283272340645,0.21897079263446365,-0.0214000649197158,0.0,-0.026327308107003566,0
2022-08-23 04:00:00+00:00,31.473745560012304,31.746091109967082,31.192326904151397,31.237716674804688,26588000,0.0,0.0,4128.72998046875,,306.86114501953125,31.237716674804688,-0.008968876602563522,0.1398207433712939,-0.0022378626777133093,0.0,-0.0008267463575960532,0
2022-08-24 04:00:00+00:00,31.092466997951533,31.59176139582609,30.910904454265108,31.337575912475586,31389400,0.0,0.0,4140.77001953125,,307.7501525878906,31.337575912475586,0.003191653392618715,0.17769112663019132,0.0029161604463010526,0.0,0.002897100472928127,0
2022-08-25 04:00:00+00:00,31.41020887908574,32.02751964687056,31.274039525115274,31.900426864624023,40576700,0.0,0.0,4199.1201171875,,313.1918029785156,31.900426864624023,0.01780150513951543,0.27146075979482676,0.014091605518061545,0.0,0.01768203961839121,0
2022-08-26 04:00:00+00:00,32.17276673720715,32.209079947545874,30.88367893734734,30.89275550842285,36152600,0.0,0.0,4057.659912109375,,300.3546142578125,30.89275550842285,-0.032097684186945426,0.3133379887966811,-0.03368805871951874,0.0,-0.04098826533331634,0
2022-08-29 04:00:00+00:00,30.7384289168847,31.001694491813353,30.51147655153619,30.774742126464844,34931000,0.0,0.0,4030.610107421875,,297.39447021484375,30.774742126464844,-0.0038274141338603147,0.2903539931352677,-0.006666355799502699,0.0,-0.00985549714387901,0
2022-08-30 04:00:00+00:00,31.02892665069894,31.119706208656265,30.447929168528454,30.947223663330078,48194900,0.0,0.0,3986.159912109375,,294.08258056640625,30.947223663330078,0.005588998459149895,0.2954716160901186,-0.011028155571448206,0.0,-0.011136352488480772,0
2022-08-31 04:00:00+00:00,30.992612485121892,31.201408232389753,30.502394576048804,30.511474609375,44917600,0.0,0.0,3955.0,,292.3729553222656,30.511474609375,-0.014180461613362607,0.30238620413236617,-0.007817025105971265,0.0,-0.005813418941196247,0
2022-09-01 04:00:00+00:00,30.46578568666636,30.60285570223878,29.844407658185908,30.584579467773438,32848900,0.22,0.0,3966.85009765625,,292.49993896484375,30.584579467773438,0.002393113414341531,0.24180409215144474,0.0029962320243361873,0.0,0.00043432075459293173,0
2022-09-02 04:00:00+00:00,31.004920507420003,31.507504724066848,30.401818750276778,30.548025131225586,44000800,0.0,0.0,3924.260009765625,,288.3674011230469,30.548025131225586,-0.0011959032710695727,0.12009763114513204,-0.010736500458081055,0.0,-0.014128337449990314,0
2022-09-06 04:00:00+00:00,30.739921542135967,30.822162852466768,29.798718146221972,30.209924697875977,40762400,0.0,0.0,3908.18994140625,,286.29620361328125,30.209924697875977,-0.011129536932668915,0.1362621016175151,-0.004095056983834944,0.0,-0.007182495322631266,0
2022-09-07 04:00:00+00:00,29.981471662758302,30.767328672199383,29.816989071382714,30.67595100402832,40742600,0.0,0.0,3979.8701171875,,292.07977294921875,30.67595100402832,0.01530848991968518,0.18630680971410565,0.018341016392734,0.0,0.02020134833415299,0
2022-09-08 04:00:00+00:00,30.575438094667867,31.73595278202698,30.401819104591198,31.662851333618164,44361800,0.0,0.0,4006.179931640625,,293.5940856933594,31.662851333618164,0.03166511877937936,0.2624870476741686,0.006610721877456038,0.0,0.00518458614525108,0
2022-09-09 04:00:00+00:00,31.96440510303206,32.21112906309219,31.8364749354088,31.927852630615234,37295100,0.0,0.0,4067.360107421875,,300.0126953125,31.927852630615234,0.008334640585134867,0.25869704195580984,0.015271449816332883,0.0,0.02186218977804777,0
2022-09-12 04:00:00+00:00,32.165435560211606,32.558365867234926,32.01008931784105,32.229400634765625,30534000,0.0,0.0,4110.41015625,,303.57861328125,32.229400634765625,0.009400347095977925,0.24394447715400086,0.0105842727693497,0.0,0.011885890245529884,0
2022-09-13 04:00:00+00:00,31.59888999636785,31.726820160590304,30.89527060730881,31.068889617919922,40959600,0.0,0.0,3932.68994140625,,286.9313049316406,31.068889617919922,-0.03667211446476318,0.4033575852846113,-0.0432366134006168,0.0,-0.054836894370376754,0
2022-09-14 04:00:00+00:00,31.251644942115426,31.452676540574682,30.64854317506737,30.950092315673828,32004400,0.0,0.0,3946.010009765625,,289.20751953125,30.950092315673828,-0.0038310028264613174,0.3971960630091717,0.0033870120853238816,0.0,0.007932960121418864,0
2022-09-15 04:00:00+00:00,30.87699271718664,31.891301087511316,30.794751403759356,31.53491973876953,44863300,0.0,0.0,3901.35009765625,,284.3912048339844,31.53491973876953,0.018719513102763787,0.34272904701855966,-0.011317739184353415,0.0,-0.016653490563011464,0
2022-09-16 04:00:00+00:00,31.242500526950046,31.279052988916664,30.758192606313568,31.17853546142578,54281800,0.0,0.0,3873.330078125,,282.6522216796875,31.17853546142578,-0.011365602886441485,0.3381197991608103,-0.007182134089448455,0.0,-0.006114757154012662,0
2022-09-19 04:00:00+00:00,30.81302714261224,31.863884479676205,30.73078583050851,31.69940185546875,29782000,0.0,0.0,3899.889892578125,,284.8533020019531,31.69940185546875,0.016567919714251454,0.3601297347622509,0.006857100716286535,0.0,0.007787238710474265,0
2022-09-20 04:00:00+00:00,31.52577859683437,31.781638872877767,30.959229348809068,31.224225997924805,33591100,0.0,0.0,3855.929931640625,,282.5827331542969,31.224225997924805,-0.015103543984864305,0.24998092241193878,-0.011272103097361819,0.0,-0.007971011154508822,0
2022-09-21 04:00:00+00:00,31.35215699948903,31.434398293600726,30.2647439455861,30.292160034179688,51667800,0.0,0.0,3789.929931640625,,277.52276611328125,30.292160034179688,-0.03030533351911154,0.33752323799337874,-0.017116493600784488,0.0,-0.017906143749599757,0
2022-09-22 04:00:00+00:00,30.438375919207463,30.538889989396555,29.597686484502628,29.698204040527344,47527500,0.0,0.0,3757.989990234375,,274.10711669921875,29.698204040527344,-0.01980236032422675,0.27747742114714197,-0.00842758097968943,0.0,-0.012307636818048584,0
2022-09-23 04:00:00+00:00,29.177340076907868,29.323546463239776,28.519409595496672,28.99458122253418,55316100,0.0,0.0,3693.22998046875,,269.6441955566406,28.99458122253418,-0.023977615832711092,0.2898267129253278,-0.017232619015461026,0.0,-0.016281668262832283,0
2022-09-26 04:00:00+00:00,28.619925469152843,29.076820835500538,28.035099957961393,28.35492706298828,40360200,0.0,0.0,3655.0400390625,,268.5284423828125,28.35492706298828,-0.022308148949394847,0.08871528314981368,-0.010340526208282075,0.0,-0.004137872026226286,0
2022-09-27 04:00:00+00:00,28.574235951463102,28.66561537114721,27.68785784631994,27.934581756591797,43396600,0.0,0.0,3647.2900390625,,268.6360778808594,27.934581756591797,-0.014935398404274424,0.08957834730684684,-0.0021203598092424114,0.0,0.0004008346270203411,0
2022-09-28 04:00:00+00:00,27.89803524739382,28.6107909941458,27.770103343349888,28.391481399536133,38372900,0.0,0.0,3719.0400390625,,273.9798583984375,28.391481399536133,0.01622373867441255,0.26458410000877736,0.019672139926234733,0.0,0.019892266741431852,0
2022-09-29 04:00:00+00:00,28.04423907269704,28.23613429679334,27.605618180772865,28.01682472229004,35220900,0.0,0.0,3640.469970703125,,266.0816650390625,28.01682472229004,-0.013283936796120239,0.25792716436671803,-0.021126437880238824,0.0,-0.02882764231481927,0
2022-09-30 04:00:00+00:00,28.108203654781637,28.50113395580779,27.56906697331564,27.596481323242188,42294100,0.0,0.0,3585.6201171875,,261.5698547363281,27.596481323242188,-0.01511693634881132,0.2381749332317312,-0.015066695771983274,0.0,-0.016956487032174894,0
2022-10-03 04:00:00+00:00,27.952860313294767,28.58337644433113,27.59648246410438,28.40975570678711,34591700,0.0,0.0,3678.429931640625,,267.7063903808594,28.40975570678711,0.029044320675740448,0.33052604476332054,0.025883894952576147,0.0,0.02346040850432507,0
2022-10-04 04:00:00+00:00,28.98543762269943,29.716471158995816,28.930610673925315,29.58854103088379,39758700,0.0,0.0,3790.929931640625,,276.1232604980469,29.58854103088379,0.04065456205868032,0.3970856798198613,0.030583700679551518,0.0,0.031440676874440854,0
2022-10-05 04:00:00+00:00,28.82096360547794,29.268719159965293,28.738722291371126,29.168203353881836,35791100,0.0,0.0,3783.280029296875,,275.9764099121094,29.168203353881836,-0.014307969315491706,0.4318607459462477,-0.002017948757084831,0.0,-0.0005318298272757316,0
2022-10-06 04:00:00+00:00,28.875791861912564,29.131652190234185,28.656482262100702,28.747859954833984,40891900,0.0,0.0,3744.52001953125,,273.8036804199219,28.747859954833984,-0.014515861607148179,0.4352930639875162,-0.010245080846639998,0.0,-0.007872881210678306,0
2022-10-07 04:00:00+00:00,28.482857968335818,28.546823042465586,27.898032441529292,28.09906578063965,52304600,0.0,0.0,3639.659912109375,,263.37066650390625,28.09906578063965,-0.022826998572786417,0.4606151715035529,-0.028003617786773516,0.0,-0.0381039944386975,0
2022-10-10 04:00:00+00:00,28.23613429679334,28.373202562993214,27.733550073087965,28.01682472229004,37669100,0.0,0.0,3612.389892578125,,260.7379150390625,28.01682472229004,-0.002931116890183189,0.401525471474901,-0.00749246363390188,0.0,-0.009996373171667128,1
2022-10-11 04:00:00+00:00,27.751825123078262,27.84320280136921,27.02079149632824,27.203550338745117,58124000,0.0,0.0,3588.840087890625,,257.1558532714844,27.203550338745117,-0.02945772071249642,0.15880771397684637,-0.006519175777754405,0.0,-0.013738169867015593,1
2022-10-12 04:00:00+00:00,27.084758216964172,27.69699811053538,26.938551831297996,27.28579330444336,36137900,0.0,0.0,3577.030029296875,,257.0677795410156,27.28579330444336,0.003018683017717107,0.21402905490464044,-0.0032907731480149582,0.0,-0.00034249164212396543,1
2022-10-13 04:00:00+00:00,26.87459060669378,29.031137718689994,26.7832111668279,28.95803451538086,67671000,0.0,0.0,3669.909912109375,,263.0966491699219,28.95803451538086,0.059481521308796366,0.5575304821521372,0.02596564246086497,0.0,0.023452451488360504,1
2022-10-14 04:00:00+00:00,29.06768460993474,29.81699452353978,28.848375028971418,28.9671688079834,58108500,0.0,0.0,3583.070068359375,,255.1886444091797,28.9671688079834,0.0003153823259715502,0.516742336161737,-0.02366266361565439,0.0,-0.030057413447461934,1
2022-10-17 04:00:00+00:00,30.48405749861631,30.950089209448826,30.036298533762892,30.721641540527344,88896800,0.0,0.0,3677.949951171875,,263.6153869628906,30.721641540527344,0.05880426381962848,0.6236777981381725,0.026480052302171098,0.0,0.03302162042994028,0
2022-10-18 04:00:00+00:00,31.96440167221505,32.31164315123337,31.324747416918765,31.873023986816406,81937900,0.0,0.0,3719.97998046875,,265.70001220703125,31.873023986816406,0.03679266657062204,0.45871559376780013,0.011427569666488724,0.0,0.007907828401663375,0
2022-10-19 04:00:00+00:00,31.59888813804254,31.82733584238639,30.85871632106774,30.99578285217285,43139900,0.0,0.0,3695.159912109375,,264.7310791015625,30.99578285217285,-0.027908850781917193,0.6085452972214656,-0.0066720972934503076,0.0,-0.0036467183325297192,0
2022-10-20 04:00:00+00:00,31.050608595274575,31.64457396426495,30.69423076821435,30.794748306274414,39549100,0.0,0.0,3665.780029296875,,263.3804016113281,30.794748306274414,-0.006506992300008319,0.5542808376493601,-0.007950909706564868,0.0,-0.005102073752799474,0
2022-10-21 04:00:00+00:00,30.666818357797997,32.01922822889851,30.666818357797997,31.936986923217773,54870300,0.0,0.0,3752.75,,269.55615234375,31.936986923217773,0.03642063690384983,0.5642784760890722,0.02372481982226482,0.0,0.02344802686395564,0
2022-10-24 04:00:00+00:00,32.083194771184814,32.220261296374616,31.717677065674998,32.0466423034668,33765600,0.0,0.0,3797.340087890625,,272.5216064453125,32.0466423034668,0.0034276107476752795,0.44594125993936384,0.011881976654619875,0.0,0.011001248073094771,0
2022-10-25 04:00:00+00:00,31.74509221124647,32.51267658122341,31.553193504375926,32.339054107666016,37132300,0.0,0.0,3859.110107421875,,278.1589660644531,32.339054107666016,0.009083191793623685,0.37227498529962216,0.016266654579669915,0.0,0.020685918054984986,0
2022-10-26 04:00:00+00:00,32.366465937509034,32.97870753837518,32.302500865366525,32.62232971191406,41104600,0.0,0.0,3830.60009765625,,272.0126647949219,32.62232971191406,0.008721409032725414,0.25299053880912625,-0.007387716072364547,0.0,-0.022096362222266297,0
2022-10-27 04:00:00+00:00,33.03353173883172,33.23456330140448,32.68629033317401,32.77766799926758,35261900,0.0,0.0,3807.300048828125,,267.06036376953125,32.77766799926758,0.004750415440650082,0.21599127977024368,-0.006082610618211248,0.0,-0.018206141354206062,0
2022-10-28 04:00:00+00:00,32.93301727944264,33.1706013248967,32.56749960938348,33.06094741821289,31659100,0.0,0.0,3901.06005859375,,275.23260498046875,33.06094741821289,0.008605319697354076,0.04175073017861628,0.024626377895927698,0.0,0.030600726725550365,0
2022-10-31 04:00:00+00:00,32.89646145557582,33.19801402545249,32.722842497238474,32.933013916015625,32565500,0.0,0.0,3871.97998046875,,272.0322570800781,32.933013916015625,-0.003877132388189123,0.08743339658627841,-0.00745440410765752,0.0,-0.01162779351893184,0
2022-11-01 04:00:00+00:00,33.29853528605204,33.59094806133189,32.9969861365976,33.079227447509766,29913200,0.0,0.0,3856.10009765625,,269.2526550292969,33.079227447509766,0.004429898684904794,0.08129954417627504,-0.004101230608784645,0.0,-0.010217913421800673,0
2022-11-02 04:00:00+00:00,32.96043394022533,34.066119973741344,32.85078002004931,32.97871017456055,57380600,0.0,0.0,3759.68994140625,,260.0234375,32.97871017456055,-0.0030433087725078435,0.08582714491078679,-0.02500198485734284,0.0,-0.03427716442867634,0
2022-11-03 04:00:00+00:00,32.622329048541744,33.024395706095085,32.357328906005826,32.79594802856445,30046500,0.0,0.0,3719.889892578125,,254.94393920898438,32.79594802856445,-0.005557235000231764,0.09681826541981867,-0.010585992315429671,0.0,-0.019534770941621815,0
2022-11-04 04:00:00+00:00,33.353369842719175,33.8102653200167,33.09750949090004,33.618370056152344,39369400,0.0,0.0,3770.550048828125,,259.04473876953125,33.618370056152344,0.02476767338517533,0.19959114888062207,0.013618724670070526,0.0,0.016085103153542057,0
2022-11-07 05:00:00+00:00,33.819400787353516,34.12095346747092,33.56354044240718,33.819400787353516,37533700,0.0,0.0,3806.800048828125,,261.8927917480469,33.819400787353516,0.0059619801829032815,0.18911250948162323,0.009613981920559844,0.0,0.0109944444038661,0
2022-11-08 05:00:00+00:00,33.89250181086905,34.19405097023719,33.58181279119061,33.9107780456543,32664300,0.0,0.0,3828.110107421875,,263.80133056640625,33.9107780456543,0.0026982746927875258,0.190018642268636,0.005597892802462701,0.0,0.007287481284309116,0
2022-11-09 05:00:00+00:00,33.70060833808622,33.77370979521758,33.25284927700281,33.37164306640625,30164400,0.0,0.0,3748.570068359375,,257.7137145996094,33.37164306640625,-0.016026370923586573,0.24021615752805425,-0.02077788695478977,0.0,-0.023076517293245558,0
2022-11-10 05:00:00+00:00,34.0843903784226,34.92507958487814,33.938184014582674,34.842838287353516,45702800,0.0,0.0,3956.3701171875,,276.7300109863281,34.842838287353516,0.04314108562633493,0.35860044634708177,0.05543448436034493,0.0,0.07378845326979566,0
2022-11-11 05:00:00+00:00,34.89766640283258,35.27232045925334,34.69663481444934,35.09870147705078,35688700,0.0,0.0,3992.929931640625,,281.82916259765625,35.09870147705078,0.007316519823622525,0.34074584899880195,0.009240746788147902,0.0,0.01842644964004303,0
2022-11-14 05:00:00+00:00,34.806290480540696,34.961633237846215,34.49560148009452,34.504737854003906,35541400,0.0,0.0,3957.25,,279.36279296875,34.504737854003906,-0.017067491121572992,0.38800203127497884,-0.008935777048800997,0.0,-0.008751293181207376,0
2022-11-15 05:00:00+00:00,34.89766855401741,34.99818609732268,34.084395319398666,34.449913024902344,46082800,0.0,0.0,3991.72998046875,,283.2286376953125,34.449913024902344,-0.00159017092989265,0.3901058225003373,0.008713116550319144,0.0,0.013838080173385725,0
2022-11-16 05:00:00+00:00,34.36767270717665,34.48646648776857,33.99301861685012,34.139225006103516,23813000,0.0,0.0,3958.7900390625,,279.36279296875,34.139225006103516,-0.009059456137197414,0.37120224480872727,-0.008252046497990273,0.0,-0.013649201429698832,0
2022-11-17 05:00:00+00:00,33.70060618799642,33.993018969537076,33.40819340645576,33.96560287475586,23689700,0.0,0.0,3946.56005859375,,278.7461853027344,33.96560287475586,-0.005098684274866547,0.14317604961431357,-0.0030893228355314273,0.0,-0.002207193232366511,0
2022-11-18 05:00:00+00:00,34.532147916315566,34.586973121866855,33.737147577476534,33.98387145996094,32041800,0.0,0.0,3965.340087890625,,278.7559814453125,33.98387145996094,0.0005377108748556486,0.11049966510400719,0.00475858190881473,0.0,3.5143593328346157e-05,0
2022-11-21 05:00:00+00:00,33.89249749107659,34.28542777428975,33.865084885310296,34.09353256225586,27935700,0.0,0.0,3949.93994140625,,275.8883972167969,34.09353256225586,0.0032216621276514312,0.0763464324744745,-0.003883688698329779,0.0,-0.010287076939650142,0
2022-11-22 05:00:00+00:00,34.349392354093496,34.54128756338508,34.20318598237111,34.25801467895508,23499300,0.0,0.0,4003.580078125,,279.86187744140625,34.25801467895508,0.004812837187598761,0.09244820737621204,0.013579987927526016,0.0,0.01440249124172821,0
2022-11-23 05:00:00+00:00,34.258014245908505,34.413356988847134,34.14835685412672,34.36766815185547,18934700,0.0,0.0,4027.260009765625,,282.6708068847656,34.36766815185547,0.0031957005510723155,0.06206557456049392,0.0059146891478476515,0.0,0.010036841991626577,0
2022-11-25 05:00:00+00:00,34.46818925876104,34.605255783948536,34.32198287372661,34.449913024902344,16118500,0.0,0.0,4026.1201171875,,280.8112487792969,34.449913024902344,0.0023902296708858206,0.024678036260222722,-0.0002830441976333642,0.0,-0.006578529017419288,0
2022-11-28 05:00:00+00:00,34.17577897782388,34.41336306362066,33.654918475338064,33.68233108520508,35428300,0.0,0.0,3963.93994140625,,276.69085693359375,33.68233108520508,-0.02253307305755279,0.1846705024225837,-0.015444192913123267,0.0,-0.014673172330576856,0
2022-11-29 05:00:00+00:00,33.79198453777094,33.94733079179344,33.55440045529788,33.81026077270508,27048800,0.0,0.0,3957.6298828125,,274.59649658203125,33.81026077270508,0.003790929854267314,0.1856837813196528,-0.0015918653377758885,0.0,-0.007569315353507133,0
2022-11-30 05:00:00+00:00,33.71887675904819,34.58697509765625,33.079222599678,34.58697509765625,51747900,0.0,0.0,4080.110107421875,,287.1141052246094,34.58697509765625,0.022712839350311837,0.2554320638830621,0.030947872397389053,0.0,0.045585463756412814,0
2022-12-01 05:00:00+00:00,34.46749956138808,34.64213363026158,33.45645431007351,33.594322204589844,46213200,0.22,0.0,4076.570068359375,,287.46649169921875,33.594322204589844,-0.02912009824339637,0.3356323866134122,-0.0008676332180498347,0.0,0.0012273394730422105,0
2022-12-02 05:00:00+00:00,33.143943728400934,33.35534393902558,32.914160433433075,33.16232681274414,42295300,0.0,0.0,4071.699951171875,,286.3214416503906,33.16232681274414,-0.012942573616000201,0.33329607768544056,-0.001194660488065602,0.0,-0.0039832470284091315,0
2022-12-05 05:00:00+00:00,32.91415645788345,32.98768528016024,31.3792024096665,31.682518005371094,71386600,0.0,0.0,3998.840087890625,,281.5159912109375,31.682518005371094,-0.04564945078740233,0.4259809943114807,-0.017894212283564803,0.0,-0.016783411021381922,0
2022-12-06 05:00:00+00:00,31.774432972242007,31.875538180554887,29.789105492417796,30.33139419555664,84085700,0.0,0.0,3941.260009765625,,275.6828308105469,30.33139419555664,-0.043581758094162364,0.4459463242549197,-0.014399194981406072,0.0,-0.02072052949922798,0
2022-12-07 05:00:00+00:00,29.954547305762038,30.257859399824767,29.733953823177316,30.092418670654297,49234100,0.0,0.0,3933.919921875,,274.5573425292969,30.092418670654297,-0.007910019563205127,0.2733177650792158,-0.0018623708845491027,0.0,-0.004082547607121234,0
2022-12-08 05:00:00+00:00,30.303823907421137,30.32220699288361,29.577707809621018,29.816680908203125,45491100,0.0,0.0,3963.510009765625,,277.80657958984375,29.816680908203125,-0.009205269699788354,0.30245844008353384,0.00752178195750397,0.0,0.0118344569867046,0
2022-12-09 05:00:00+00:00,29.513365463165268,29.96373873487858,29.485792591162518,29.761531829833984,36985500,0.0,0.0,3934.3798828125,,276.0351867675781,29.761531829833984,-0.0018513175063849176,0.33605824273531254,-0.007349578247904498,0.0,-0.006376353018279546,0
2022-12-12 05:00:00+00:00,29.69719104010713,30.1291812029441,29.467407770392875,30.08322525024414,41060500,0.0,0.0,3990.56005859375,,279.4997863769531,30.08322525024414,0.010751034331865373,0.3203637795244433,0.014279296218109305,0.0,0.012551296992046934,0
2022-12-13 05:00:00+00:00,30.836912082896777,30.947207063424955,29.93616214511918,30.101606369018555,54804800,0.0,0.0,4019.64990234375,,282.5044860839844,30.101606369018555,0.0006108223235450035,0.12677863776537318,0.0072896644387934195,0.0,0.010750275504607831,0
2022-12-14 05:00:00+00:00,30.14756829183762,30.331395633282312,29.559323604186527,29.669618606567383,48819500,0.0,0.0,3995.320068359375,,280.40997314453125,29.669618606567383,-0.014454958366267987,0.15329903258981692,-0.006052724634100337,0.0,-0.00741408736012239,0
2022-12-15 05:00:00+00:00,29.182474080891513,29.403065800578936,28.943499279620017,29.200857162475586,49027600,0.0,0.0,3895.75,,270.9947814941406,29.200857162475586,-0.015925515983344202,0.17656461270709378,-0.024921675023714007,0.0,-0.0335765220644908,0
2022-12-16 05:00:00+00:00,29.062991709355565,29.34792250219126,28.8148253318338,29.13652229309082,61795200,0.0,0.0,3852.360107421875,,268.4109802246094,29.13652229309082,-0.0022056148584728365,0.17628868831514308,-0.011137750774080746,0.0,-0.009534505628799761,0
2022-12-19 05:00:00+00:00,29.191670035131228,29.623661999026297,29.16409540858615,29.467411041259766,38374100,0.0,0.0,3817.659912109375,,264.63885498046875,29.467411041259766,0.011292493373415308,0.17920813139335628,-0.009007516001852345,0.0,-0.014053542969755028,0
2022-12-20 05:00:00+00:00,29.779915616233378,29.94535986458471,29.540939032519354,29.586894989013672,35561100,0.0,0.0,3821.6201171875,,264.4328918457031,29.586894989013672,0.004046584197835011,0.18645553653537084,0.0010373383615349674,0.0,-0.0007782800253607336,0
2022-12-21 05:00:00+00:00,29.890206540463236,30.211901698306598,29.78910134622268,30.037267684936523,32544000,0.0,0.0,3878.43994140625,,268.2687683105469,30.037267684936523,0.015107340429470395,0.19446766536551627,0.014867993802734736,0.0,0.014506048918762948,0
2022-12-22 05:00:00+00:00,29.890209723849193,29.94535897373056,29.292773541659546,29.770721435546875,30234400,0.0,0.0,3822.389892578125,,261.70550537109375,29.770721435546875,-0.00891345848805978,0.15507781749582222,-0.01445169956861636,0.0,-0.024465251698086332,0
2022-12-23 05:00:00+00:00,29.779912598874393,29.945356830462593,29.58689199121191,29.84425163269043,21378600,0.0,0.0,3844.820068359375,,262.2940979003906,29.84425163269043,0.00246683779751421,0.14688508977201192,0.005868102525282026,0.0,0.0022490643766253093,0
2022-12-27 05:00:00+00:00,29.8718278381208,30.02807879306019,29.669617419997103,29.89940071105957,22776100,0.0,0.0,3829.25,,258.58575439453125,29.89940071105957,0.0018461909130061684,0.1354434156256645,-0.004049622110409712,0.0,-0.014138112658820368,0
2022-12-28 05:00:00+00:00,29.936160194746403,30.303814780839534,29.899394034894293,30.11998748779297,30541000,0.0,0.0,3783.219970703125,,255.17172241210938,30.11998748779297,0.007350550432287173,0.13916883159942386,-0.012020638322615351,0.0,-0.013202707126754532,0
2022-12-29 05:00:00+00:00,30.23029206565837,30.47845846418455,30.101613971507412,30.46007537841797,22252900,0.0,0.0,3849.280029296875,,261.3916320800781,30.46007537841797,0.011227834613274671,0.12036438432569901,0.01746133164481911,0.0,0.024375387716055075,0
2022-12-30 05:00:00+00:00,30.423305454098674,30.60713278287384,30.20271546454021,30.441688537597656,28198900,0.0,0.0,3839.5,,261.2345886230469,30.441688537597656,-0.000603819666186361,0.07555240147125455,-0.0025407424823445934,0.0,-0.000600797568696243,0
2023-01-03 05:00:00+00:00,30.542795652312897,31.333250761090323,30.52441256766518,30.800151824951172,35221500,0.0,0.0,3824.139892578125,,259.46875,30.800151824951172,0.011706616882136131,0.08771211770177309,-0.004000548879248611,0.0,-0.006759589656004206,0
2023-01-04 05:00:00+00:00,31.158610025712893,32.004210700646595,31.09427099636855,31.379199981689453,41998500,0.0,0.0,3852.969970703125,,260.7048645019531,31.379199981689453,0.018625633102286508,0.11160492149725694,0.007538970575044379,0.0,0.004764020722931361,0
2023-01-05 05:00:00+00:00,31.176993741843496,31.37920415019602,30.864491847065377,31.314865112304688,34177000,0.0,0.0,3808.10009765625,,256.6236267089844,31.314865112304688,-0.002052343929859084,0.14017672635437983,-0.011645528874622113,0.0,-0.01565462846566168,1
2023-01-06 05:00:00+00:00,31.33324473429261,31.783621455996695,30.82772227546727,31.62736701965332,34068700,0.0,0.0,3895.080078125,,263.7069396972656,31.62736701965332,0.0099298821967399,0.1384582427062837,0.02284078102943865,0.0,0.027601951851120354,1
2023-01-09 05:00:00+00:00,31.939876756798128,31.949066545504472,30.983977445462862,31.14942169189453,43818800,0.0,0.0,3892.090087890625,,265.4139099121094,31.14942169189453,-0.015227110925186124,0.21194072916718193,-0.0007676325452631305,0.0,0.006472981775918818,1
2023-01-10 05:00:00+00:00,31.011558370824993,31.49869788662178,30.919642939211787,31.36082649230957,35096000,0.0,0.0,3919.25,,267.6604919433594,31.36082649230957,0.006763870326389927,0.20425993860346187,0.006978233159061986,0.0,0.008464447217532589,1
2023-01-11 05:00:00+00:00,31.360817837787668,31.654940125351747,31.250522856504695,31.599794387817383,36783700,0.0,0.0,3969.610107421875,,272.2911071777344,31.599794387817383,0.007591063737776073,0.164252980566746,0.012849424614881588,0.0,0.017300331478711017,1
2023-01-12 05:00:00+00:00,31.802002779847683,32.05016912918388,31.581412806802895,31.682518005371094,44230400,0.0,0.0,3983.169921875,,273.76263427734375,31.682518005371094,0.002614432423375767,0.16138784576967546,0.0034159058663651987,0.0,0.005404242227598166,1
2023-01-13 05:00:00+00:00,31.434351796108658,32.52811889068112,30.414113524140635,32.38105773925781,89667800,0.0,0.0,3999.090087890625,,275.6462707519531,32.38105773925781,0.021808567873376143,0.21101152339936954,0.003996858363534361,0.0,0.006880546279011579,0
2023-01-17 05:00:00+00:00,31.884724600603242,32.013406174269484,31.38839541274808,31.728473663330078,56458400,0.0,0.0,3990.969970703125,,276.2055358886719,31.728473663330078,-0.02035911361330585,0.2423744163975913,-0.0020304911890052235,0.0,0.0020289232834280746,0
2023-01-18 05:00:00+00:00,31.553839604285198,31.563029392142575,30.80014727004867,30.993167877197266,54517800,0.0,0.0,3928.860107421875,,272.6148681640625,30.993167877197266,-0.023447711403188475,0.30499593817900145,-0.015562598500411085,0.0,-0.012999984642076967,0
2023-01-19 05:00:00+00:00,30.58874922885901,30.836915592955993,30.23028787167935,30.54279327392578,42707100,0.0,0.0,3898.85009765625,,269.9365234375,30.54279327392578,-0.014638030728844616,0.3000987627205354,-0.007638350296294338,0.0,-0.009824646559448258,0
2023-01-20 05:00:00+00:00,30.60713123342063,31.149419897436523,30.414114125774592,31.112653732299805,45004400,0.0,0.0,3972.610107421875,,277.32391357421875,31.112653732299805,0.018485850447794706,0.3486987731615185,0.018918401045981525,0.0,0.027367138179910544,0
2023-01-23 05:00:00+00:00,31.075894643893157,31.719285076636684,31.020745389851616,31.54465103149414,33683300,0.0,0.0,4019.81005859375,,283.48480224609375,31.54465103149414,0.013789426343710689,0.3148465820323643,0.01188134498366522,0.0,0.022215497367219283,0
2023-01-24 05:00:00+00:00,31.452737931710033,31.976643553654146,31.20457155717628,31.774433135986328,26716700,0.0,0.0,4016.949951171875,,282.9060974121094,31.774433135986328,0.007257941778920106,0.29143892440308605,-0.0007115031258156934,0.0,-0.0020413963267138513,0
2023-01-25 05:00:00+00:00,31.526269053107768,32.13289684399245,31.48031309290128,32.050174713134766,28859700,0.0,0.0,4016.219970703125,,282.2781982421875,32.050174713134766,0.008640657640779849,0.2021360040391803,-0.0001817250594663422,0.0,-0.002219461424358138,0
2023-01-26 05:00:00+00:00,32.215609263342266,32.49134844767367,31.976636238578774,32.48215866088867,30035500,0.0,0.0,4060.429931640625,,287.78192138671875,32.48215866088867,0.013388339699608051,0.07120561038601102,0.011007853469181317,0.0,0.019497514079387823,0
2023-01-27 05:00:00+00:00,32.57407773158655,32.886583144349245,32.417826778312566,32.58327102661133,29964900,0.0,0.0,4070.56005859375,,290.6465759277344,32.58327102661133,0.003108023649490558,0.07090187428214045,0.002494840970949097,0.0,0.009954254691232345,0
2023-01-30 05:00:00+00:00,32.36268191736231,32.68438066879376,32.33510904097669,32.445404052734375,27353500,0.0,0.0,4017.77001953125,,284.7700500488281,32.445404052734375,-0.004240196506261995,0.10520596639014879,-0.012968740984683369,0.0,-0.020218803060550683,0
2023-01-31 05:00:00+00:00,32.32590733906658,32.61083984375,32.16965640522407,32.61083984375,38917400,0.0,0.0,4076.60009765625,,289.0376281738281,32.61083984375,0.005085942185247984,0.10421516390632257,0.014642470285510134,0.0,0.014986049706660731,0
2023-02-01 05:00:00+00:00,32.35348535090881,33.32776417876808,32.27076323286279,33.0152587890625,44438700,0.0,0.0,4119.2099609375,,295.21826171875,33.0152587890625,0.012325098497887597,0.11464674037234662,0.010452303944590291,0.0,0.021383491083745154,0
2023-02-02 05:00:00+00:00,33.18070227980033,33.438061922503685,32.57407459649465,33.20827865600586,33729100,0.0,0.0,4179.759765625,,305.8135986328125,33.20827865600586,0.005829359801088061,0.0944635357104817,0.014699373244309921,0.0,0.03588984249272675,0
2023-02-03 05:00:00+00:00,33.107175789801744,33.78733234306506,32.996880795853706,33.4840202331543,37411700,0.0,0.0,4136.47998046875,,300.3785705566406,33.4840202331543,0.008269115114249383,0.09701346569512258,-0.010354610691310495,0.0,-0.017772355776427218,0
2023-02-06 05:00:00+00:00,33.31857235815949,33.49320637173064,33.070406019159904,33.42886734008789,29463200,0.0,0.0,4111.080078125,,297.837646484375,33.42886734008789,-0.0016484987438656748,0.0811449984208204,-0.006140463017754394,0.0,-0.008459072388409594,0
2023-02-07 05:00:00+00:00,33.24504209162727,34.00792423722914,33.20827943285057,33.79652404785156,44100200,0.0,0.0,4164.0,,304.00848388671875,33.79652404785156,0.010938140062619048,0.08750492844394354,0.01287251059802652,0.0,0.02071879587816805,0
2023-02-08 05:00:00+00:00,33.46564060138708,33.86086816886322,33.40130155609701,33.548362731933594,28032800,0.0,0.0,4117.85986328125,,298.6028747558594,33.548362731933594,-0.00736989698940263,0.11977599395092677,-0.011080724476164705,0.0,-0.017781112756292794,0
2023-02-09 05:00:00+00:00,33.33695867181178,33.410487498155184,32.68437499832515,32.83143615722656,35257100,0.0,0.0,4081.5,,295.9638671875,32.83143615722656,-0.021601585563252212,0.2078337072935861,-0.00882979617773516,0.0,-0.00883785050802699,0
2023-02-10 05:00:00+00:00,32.67518241064927,32.711948577723795,32.19723275732449,32.7027587890625,32898900,0.0,0.0,4090.4599609375,,294.02142333984375,32.7027587890625,-0.003927034844544462,0.18567918138864245,0.0021952617756952897,0.0,-0.006563111457202564,0
2023-02-13 05:00:00+00:00,32.610846814385276,32.88658608412703,32.528124682841245,32.7671012878418,29163900,0.0,0.0,4137.2900390625,,298.7304382324219,32.7671012878418,0.0019655615398890044,0.19114009880646596,0.011448609342766147,0.0,0.01601589040379281,0
2023-02-14 05:00:00+00:00,32.74871813713687,33.079606662653944,32.592463663991566,32.739524841308594,33625200,0.0,0.0,4136.1298828125,,300.9378662109375,32.739524841308594,-0.0008419437785680437,0.14614226945699815,-0.0002804145319874607,0.0,0.007389364108916663,0
2023-02-15 05:00:00+00:00,32.46378226631949,32.730331718756,32.31672110397774,32.68437576293945,23500100,0.0,0.0,4147.60009765625,,303.24322509765625,32.68437576293945,-0.0016859004407296545,0.14919453732316906,0.002773175690496066,0.0,0.007660580955614504,0
2023-02-16 05:00:00+00:00,32.55569529510185,32.776288799291486,32.371871465527754,32.42701721191406,22681100,0.0,0.0,4090.409912109375,,297.55316162109375,32.42701721191406,-0.007905218411505672,0.05865181598278918,-0.013788741489130674,0.0,-0.01876402506512742,0
2023-02-17 05:00:00+00:00,32.24319302755872,32.528122063992285,31.930687612020627,32.491355895996094,28562700,0.0,0.0,4079.090087890625,,295.45367431640625,32.491355895996094,0.001982141636236893,0.06420053520091706,-0.002767405825327751,0.0,-0.0070558393439656975,0
2023-02-21 05:00:00+00:00,32.0869349958644,32.21561306331627,31.49869039824763,31.728473663330078,37068900,0.0,0.0,3997.340087890625,,288.45892333984375,31.728473663330078,-0.02375958098735855,0.16401272616134294,-0.020041234255327334,0.0,-0.023674611570650872,0
2023-02-22 05:00:00+00:00,31.581411709699836,31.756045724478238,31.314862287500475,31.517072677612305,38550400,0.0,0.0,3991.050048828125,,288.6746826171875,31.517072677612305,-0.006685111766850561,0.15651807356977243,-0.0015735561458868341,0.0,0.0007479722757253171,0
2023-02-23 05:00:00+00:00,31.618181631463486,31.80200545572997,31.121848891028705,31.489500045776367,28488000,0.0,0.0,4012.320068359375,,291.1960144042969,31.489500045776367,-0.0008752303896009237,0.15854405775690217,0.005329429416074394,0.0,0.008734163191071787,0
2023-02-24 05:00:00+00:00,31.121849186086436,31.517076723192876,31.103466102242564,31.443544387817383,27046600,0.0,0.0,3970.0400390625,,286.32012939453125,31.443544387817383,-0.0014604621956880216,0.16388649802972918,-0.010537551485558128,0.0,-0.016744339786862406,0
2023-02-27 05:00:00+00:00,31.66413788772913,31.88472788142614,31.406778220129638,31.443544387817383,30137500,0.0,0.0,3982.239990234375,,288.3705139160156,31.443544387817383,0.0,0.1581878287663037,0.0030730045671669703,0.0,0.007161160920890364,0
2023-02-28 05:00:00+00:00,31.57222205392131,31.700903639138648,31.415971102622287,31.52626609802246,32620600,0.0,0.0,3970.14990234375,,287.9977111816406,31.52626609802246,0.0026273465697977767,0.0540184725379804,-0.0030360018281855305,0.0,-0.00129279075489519,0
2023-03-01 05:00:00+00:00,31.388393275146722,31.700898634625293,31.23213884230037,31.379199981689453,29281600,0.0,0.0,3951.389892578125,,285.6824035644531,31.379199981689453,-0.004675790306964515,0.04186539389520803,-0.004725264845680033,0.0,-0.008039326450505091,0
2023-03-02 05:00:00+00:00,31.138677241059753,31.17568186386425,30.528115080605836,30.981412887573242,44607200,0.22,0.0,3981.35009765625,,288.04681396484375,30.981412887573242,-0.012757812060414332,0.09416255101424331,0.0075821940867943916,0.0,0.00827635993988407,0
2023-03-03 05:00:00+00:00,31.129428303009128,31.721488160679826,31.129428303009128,31.601224899291992,39109100,0.0,0.0,4045.639892578125,,294.0018005371094,31.601224899291992,0.019808442086654283,0.1909726616284085,0.0161477371607488,0.0,0.020673676234420846,0
2023-03-06 05:00:00+00:00,31.675237910106286,31.971267874120365,31.443964280160564,31.53647232055664,36646700,0.0,0.0,4048.419921875,,294.3353271484375,31.53647232055664,-0.0020511549926292534,0.1922008344434229,0.0006871667698291617,0.0,0.0011344373086110693,0
2023-03-07 05:00:00+00:00,31.314448994000983,31.360706544500182,30.34310042576368,30.528120040893555,52855300,0.0,0.0,3986.3701171875,,290.7250671386719,30.528120040893555,-0.032496500069510444,0.3001720957283406,-0.015326919115337678,0.0,-0.012265805959285725,0
2023-03-08 05:00:00+00:00,30.213588443759026,30.50036903020649,30.01006650957336,30.12108039855957,40045600,0.0,0.0,3992.010009765625,,292.1770324707031,30.12108039855957,-0.013422955320816384,0.3033498282177014,0.0014147940136839399,0.0,0.0049942901254493854,0
2023-03-09 05:00:00+00:00,29.86205051828617,29.963811481965866,28.039614916023663,28.25238800048828,112457900,0.0,0.0,3918.320068359375,,287.1147766113281,28.25238800048828,-0.06404728708383862,0.5041448611515216,-0.01845935787384867,0.0,-0.017325988345379573,0
2023-03-10 05:00:00+00:00,28.04886709035274,28.714936310262434,26.753735044774142,28.002613067626953,165330900,0.0,0.0,3861.590087890625,,283.0826110839844,28.002613067626953,-0.008880155346018022,0.3967078733479482,-0.01447813845705137,0.0,-0.014043740886252487,0
2023-03-13 04:00:00+00:00,26.753731638590267,27.493806494846545,25.782383169194194,26.37444305419922,218403300,0.0,0.0,3855.760009765625,,285.18206787109375,26.37444305419922,-0.05990235451981472,0.4058990461046544,-0.001509761003189447,0.0,0.007416410280624897,0
2023-03-14 04:00:00+00:00,27.743582460119868,27.836092258403383,26.337438466747837,26.605716705322266,154255800,0.0,0.0,3919.2900390625,,291.73553466796875,26.605716705322266,0.008730631286114994,0.5170276960623742,0.016476655480623936,0.0,0.022979939958347018,0
2023-03-15 04:00:00+00:00,25.791631703186454,26.42069619232132,25.606613877514633,26.355939865112305,131104400,0.0,0.0,3891.929931640625,,293.2659912109375,26.355939865112305,-0.009432435021341824,0.5245955219227805,-0.00698088356543769,0.0,0.005246040886690784,0
2023-03-16 04:00:00+00:00,26.25418001276391,27.262533115872657,26.004405849430555,26.799985885620117,108348800,0.0,0.0,3960.280029296875,,300.9967041015625,26.799985885620117,0.01670768945112353,0.4732105633496867,0.017562006217166637,0.0,0.026360754817507992,0
2023-03-17 04:00:00+00:00,26.513207348757245,26.513207348757245,25.55111001822171,25.736127853393555,130665500,0.0,0.0,3916.639892578125,,299.5740966796875,25.736127853393555,-0.04050560305500491,0.5173601510386647,-0.011019457310067593,0.0,-0.004726322256987214,0
2023-03-20 04:00:00+00:00,26.1246694780941,26.30043793394207,25.57886356083812,25.67137336730957,81441200,0.0,0.0,3951.570068359375,,300.6372985839844,25.67137336730957,-0.0025192634846818145,0.35008483252482814,0.008918403718310097,0.0,0.0035490448476047654,0
2023-03-21 04:00:00+00:00,26.485456768477782,26.809240220943625,26.374446408161294,26.448453903198242,84854800,0.0,0.0,4002.8701171875,,304.9311218261719,26.448453903198242,0.029821208709528486,0.42724576714875545,0.012982193897784988,0.0,0.01428240362194444,0
2023-03-22 04:00:00+00:00,26.559461396655855,26.58721486597817,25.569610595703125,25.569610595703125,76925900,0.0,0.0,3936.969970703125,,300.78466796875,25.569610595703125,-0.03379314279518931,0.4876079579829921,-0.01646322377571363,0.0,-0.013598001517816871,0
2023-03-23 04:00:00+00:00,25.902646575361455,25.985905223369052,24.78328305244695,24.949798583984375,105335900,0.0,0.0,3948.719970703125,,304.3514099121094,24.949798583984375,-0.024538810856613875,0.4529812482932482,0.0029845287333754023,0.0,0.011858124177160256,0
2023-03-24 04:00:00+00:00,24.607513198333667,25.24582887522021,24.348486112117094,25.10706329345703,96872700,0.0,0.0,3970.989990234375,,305.4715881347656,25.10706329345703,0.006283463285545182,0.4013445218439603,0.005639807253104534,0.0,0.003680542248776675,0
2023-03-27 04:00:00+00:00,25.837887482962593,26.50395483144079,25.819385171052136,26.355939865112305,102469800,0.0,0.0,3977.530029296875,,303.378662109375,26.355939865112305,0.048544458745292764,0.5550951239252321,0.0016469543057482383,0.0,-0.006851458880906769,0
2023-03-28 04:00:00+00:00,26.254183469568087,26.503959430266292,25.884145989539938,26.013660430908203,63416500,0.0,0.0,3971.27001953125,,301.76727294921875,26.013660430908203,-0.013071870174202542,0.5178167262791664,-0.0015738434957162095,0.0,-0.005311478233018585,0
2023-03-29 04:00:00+00:00,26.355945530813692,26.614972659810043,26.124671875649152,26.522462844848633,62666400,0.0,0.0,4027.81005859375,,307.2696533203125,26.522462844848633,0.019370227223180422,0.45433763290129,0.014237268879836451,0.0,0.018233853914369602,0
2023-03-30 04:00:00+00:00,26.753733245303707,26.883245911807116,26.00440718778324,26.180173873901367,67427100,0.0,0.0,4050.830078125,,310.17803955078125,26.180173873901367,-0.012989626520581743,0.4083968843216017,0.005715269388667954,0.0,0.00946525697881695,0
2023-03-31 04:00:00+00:00,26.47620685858484,26.53171203765938,26.143172255181938,26.457704544067383,56482100,0.0,0.0,4109.31005859375,,315.3365783691406,26.457704544067383,0.010545001060773444,0.4073178274231699,0.014436542471763847,0.0,0.016630896325962707,0
2023-04-03 04:00:00+00:00,26.494707925917133,26.809240220943625,26.2079291032087,26.448453903198242,51996800,0.0,0.0,4124.509765625,,314.5701904296875,26.448453903198242,-0.0003496999682044039,0.22779691726254658,0.0036988464765423945,0.0,-0.002430380717063474,0
2023-04-04 04:00:00+00:00,26.41144741493876,26.503957218344745,25.588113870028742,25.884143829345703,56233300,0.0,0.0,4100.60009765625,,313.5090026855469,25.884143829345703,-0.02156712916167235,0.2650869361681233,-0.005796972083329965,0.0,-0.003373452973058577,0
2023-04-05 04:00:00+00:00,25.58811290858467,25.81938652617092,25.403093308724596,25.569610595703125,47799400,0.0,0.0,4090.3798828125,,310.4138488769531,25.569610595703125,-0.012226013633516901,0.19873870080056594,-0.002492370531228194,0.0,-0.009872615402047091,0
2023-04-06 04:00:00+00:00,25.643617026891114,25.911895259194257,25.551108995247716,25.754629135131836,41216600,0.0,0.0,4105.02001953125,,312.5067443847656,25.754629135131836,0.007209822955423324,0.21359973575285626,0.0035791630944272956,0.0,0.006742274919061764,0
2023-04-10 04:00:00+00:00,25.59736154529134,25.995152410698676,25.578859234231114,25.847137451171875,40572700,0.0,0.0,4109.10986328125,,312.329833984375,25.847137451171875,0.0035854747332993,0.18959146844742814,0.0009963029974375814,0.0,-0.0005661010636391905,1
2023-04-11 04:00:00+00:00,25.92115139779705,26.596470039677637,25.86564445076839,26.559465408325195,58761200,0.0,0.0,4108.93994140625,,310.3254699707031,26.559465408325195,0.027186338782987186,0.2985760269651972,-4.1352477946232646e-05,0.0,-0.006417459350912202,1
2023-04-12 04:00:00+00:00,26.531712659495728,26.83699379827746,26.244933835665098,26.34669303894043,44313300,0.0,0.0,4091.949951171875,,307.58404541015625,26.34669303894043,-0.00804343096413769,0.24533203669506598,-0.004134884052006904,0.0,-0.00883403015809714,1
2023-04-13 04:00:00+00:00,26.420698165893555,26.494705654586006,26.124668211123744,26.420698165893555,52261400,0.0,0.0,4146.22021484375,,313.6072082519531,26.420698165893555,0.002804958660444803,0.20423216167647548,0.01326268999363811,0.0,0.019582169269427352,1
2023-04-14 04:00:00+00:00,27.105268286574468,27.632573636505338,27.05901426712262,27.30879020690918,81110800,0.0,0.0,4137.64013671875,,313.0177001953125,27.30879020690918,0.03306091156236808,0.27847024889867994,-0.0020693734728036706,0.0,-0.0018797656467354207,1
2023-04-17 04:00:00+00:00,27.540066187748387,28.13212615684523,27.197780415315595,28.095123291015625,83704400,0.0,0.0,4151.31982421875,,313.2829895019531,28.095123291015625,0.02838737695026334,0.28832504014109184,0.00330615690296554,0.0,0.0008475217423011827,1
2023-04-18 04:00:00+00:00,28.492909842739543,28.613173115629827,27.567815344410626,28.27088737487793,114498800,0.0,0.0,4154.8701171875,,313.3025817871094,28.27088737487793,0.006236547574464936,0.27841738066465793,0.0008552202959737354,0.0,6.253861784011328e-05,0
2023-04-19 04:00:00+00:00,27.873098316865022,27.937856418227422,27.55856778977973,27.80834197998047,65594200,0.0,0.0,4154.52001953125,,313.1552734375,27.80834197998047,-0.01649651358392659,0.32091540123255846,-8.42619976980652e-05,0.0,-0.00047017917557246047,0
2023-04-20 04:00:00+00:00,27.60482272998407,27.965609055754694,27.54006639094605,27.660327911376953,43193800,0.0,0.0,4129.7900390625,,310.7676086425781,27.660327911376953,-0.005336865665115541,0.3384201073909411,-0.00595254815297297,0.0,-0.007624539637198224,0
2023-04-21 04:00:00+00:00,27.521561962680206,27.734333278748952,27.20702968480564,27.6325740814209,44759000,0.0,0.0,4133.52001953125,,311.09185791015625,27.6325740814209,-0.0010038840895162772,0.2654625818953029,0.0009031888869577287,0.0,0.0010433818022232977,0
2023-04-24 04:00:00+00:00,27.558566688066037,27.660325885754645,27.373547077668572,27.530813217163086,28020300,0.0,0.0,4137.0400390625,,310.4433898925781,27.530813217163086,-0.0036894391251716787,0.13085479422476431,0.0008515791660903549,0.0,-0.0020844904843680956,0
2023-04-25 04:00:00+00:00,27.244031911575313,27.318039396054363,26.66122142738486,26.679723739624023,49718800,0.0,0.0,4071.6298828125,,304.5871887207031,26.679723739624023,-0.03140199161973398,0.19925119188818058,-0.015810858882773227,0.0,-0.018863990545591625,0
2023-04-26 04:00:00+00:00,26.605716602548217,26.772233885919782,26.18017223787892,26.3096866607666,45848400,0.0,0.0,4055.989990234375,,306.43450927734375,26.3096866607666,-0.013966680936687131,0.19610774314595242,-0.003841187197329843,0.0,0.006064997560795593,0
2023-04-27 04:00:00+00:00,26.383694883250648,26.901747295840465,26.383694883250648,26.72597885131836,33060100,0.0,0.0,4135.35009765625,,314.76666259765625,26.72597885131836,0.01569889757334915,0.2756483709937629,0.01956614972249704,0.0,0.027190649447289772,0
2023-04-28 04:00:00+00:00,26.392944473371838,27.225529099598084,26.374442161472288,27.08676528930664,45592500,0.0,0.0,4169.47998046875,,316.93817138671875,27.08676528930664,0.013409159844370916,0.3116244370967995,0.008253202753460531,0.0,0.0068987889986247275,0
2023-05-01 04:00:00+00:00,27.290288732114995,27.327293360396016,26.82774146546898,26.86474609375,34076800,0.0,0.0,4167.8701171875,,316.5746154785156,26.86474609375,-0.008230369943060109,0.3130128849561766,-0.0003861064902076494,0.0,-0.0011470877951129665,0
2023-05-02 04:00:00+00:00,26.68897678874097,26.69822794551672,25.634367854516082,26.050661087036133,70797700,0.0,0.0,4119.580078125,,313.81353759765625,26.050661087036133,-0.030771727446262918,0.30966487251710534,-0.011586262936400304,0.0,-0.008721728609496715,0
2023-05-03 04:00:00+00:00,26.05065995754742,26.365192216374663,25.726876542345533,25.77313232421875,51139500,0.0,0.0,4090.75,,311.7599792480469,25.77313232421875,-0.010710578969161513,0.3043919383798704,-0.006998305064656485,0.0,-0.006543880692114312,0
2023-05-04 04:00:00+00:00,25.514103802398687,25.726875093600825,24.820282993670137,24.968297958374023,82173800,0.0,0.0,4061.219970703125,,310.6595764160156,24.968297958374023,-0.03172562802230161,0.29593110514533344,-0.007218732334382416,0.0,-0.00352964750217577,0
2023-05-05 04:00:00+00:00,25.551113912227763,25.800888115999385,25.412348309103823,25.634370803833008,50087100,0.0,0.0,4136.25,,317.2623291015625,25.634370803833008,0.02632712200873866,0.37410821928725735,0.018474751389515376,0.0,0.021253980842054876,0
2023-05-08 04:00:00+00:00,25.976651976755377,26.041408305668067,25.58811223880161,25.61586570739746,34245500,0.0,0.0,4138.1201171875,,318.0484619140625,25.61586570739746,-0.0007221468035835271,0.3813651615031125,0.0004521286642489297,0.0,0.0024778637121092295,0
2023-05-09 04:00:00+00:00,25.366089425242933,25.745378001641694,25.199572144974674,25.588111877441406,32188800,0.0,0.0,4119.169921875,,316.0342102050781,25.588111877441406,-0.0010840498720245339,0.3322150434470886,-0.004579421277258522,0.0,-0.006333159723088455,0
2023-05-10 04:00:00+00:00,25.865640445278036,25.90264507090003,24.99605291689317,25.27358055114746,44446400,0.0,0.0,4137.64013671875,,319.47320556640625,25.27358055114746,-0.012368260702882897,0.3346551065903511,0.004483965263404999,0.0,0.010881718656649664,0
2023-05-11 04:00:00+00:00,24.98680370357118,25.430848658699997,24.866540425425164,25.33833885192871,34897300,0.0,0.0,4130.6201171875,,320.5146789550781,25.33833885192871,0.0025590152234680878,0.22604453905994007,-0.0016966239932159066,0.0,0.003259971010167728,0
2023-05-12 04:00:00+00:00,25.45859906789823,25.48635077145716,24.86653743446222,25.060808181762695,38142000,0.0,0.0,4124.080078125,,319.3651428222656,25.060808181762695,-0.011013419542246865,0.10651943394702983,-0.0015833068345566526,0.0,-0.0035865319384439376,0
2023-05-15 04:00:00+00:00,25.070061863337717,25.736129283015696,25.005305529206524,25.5788631439209,38722800,0.0,0.0,4136.27978515625,,321.0943908691406,25.5788631439209,0.020461153182535847,0.21003507692460505,0.0029581644391338813,0.0,0.005414642410857429,0
2023-05-16 04:00:00+00:00,25.699126702867108,25.81013705846432,25.28283345818309,25.31058692932129,33347500,0.0,0.0,4109.89990234375,,321.4579162597656,25.31058692932129,-0.010543588091558014,0.222648057111432,-0.006377683373153031,0.0,0.0011321449423049579,0
2023-05-17 04:00:00+00:00,25.662120464883433,26.522458606942372,25.652869308417696,26.429948806762695,61750400,0.0,0.0,4158.77001953125,,325.3489074707031,26.429948806762695,0.043275027767907766,0.3663278679462972,0.011890829058788244,0.0,0.012104200936191134,0
2023-05-18 04:00:00+00:00,26.309684973561566,26.365190142966735,25.902642947476092,26.33743667602539,51146100,0.0,0.0,4198.0498046875,,331.3917541503906,26.33743667602539,-0.0035064168776577508,0.3754101293155929,0.009445048649426635,0.0,0.018573434675607903,0
2023-05-19 04:00:00+00:00,26.328187626504175,26.522458381679265,25.930398488722158,26.004405975341797,50062500,0.0,0.0,4191.97998046875,,330.6450500488281,26.004405975341797,-0.012725390545224723,0.38095219326318014,-0.0014458676054706077,0.0,-0.0022532368177864415,0
2023-05-22 04:00:00+00:00,26.180171813016937,26.31893738989306,25.911895344310157,26.21717643737793,36473700,0.0,0.0,4192.6298828125,,331.7553405761719,26.21717643737793,0.00814880092049118,0.36399208993092463,0.0001550346964389604,0.0,0.003357952968537692,0
2023-05-23 04:00:00+00:00,26.198674677646274,26.901746675032307,26.18017236507562,26.439199447631836,51400400,0.0,0.0,4145.580078125,,327.5499267578125,26.439199447631836,0.008432951272412203,0.3371089696058147,-0.011222026747550129,0.0,-0.012676250549744528,0
2023-05-24 04:00:00+00:00,26.207928565124295,26.374445866658064,25.90264743380499,25.99515724182129,50606900,0.0,0.0,4115.240234375,,325.8697204589844,25.99515724182129,-0.016937475704634133,0.18505839790292994,-0.007318600335353365,0.0,-0.0051296189117161495,0
2023-05-25 04:00:00+00:00,25.893392543032704,26.1246661474876,25.791631592439728,26.05990982055664,40517800,0.0,0.0,4151.27978515625,,333.799072265625,26.05990982055664,0.0024878504932500803,0.18951217682973723,0.008757581265902425,0.0,0.024332889215580522,0
2023-05-26 04:00:00+00:00,26.08766722066492,26.27268507343122,25.708378593344484,26.18942642211914,57879100,0.0,0.0,4205.4501953125,,342.3277893066406,26.18942642211914,0.004957646398997674,0.16745732115340578,0.01304908677799732,0.0,0.025550451602899482,0
2023-05-30 04:00:00+00:00,26.19867457609534,26.355940703381012,25.85639061725323,26.143169403076172,41819600,0.0,0.0,4205.52001953125,,343.8802490234375,26.143169403076172,-0.001767809540507371,0.1568059422016947,1.660326849850513e-05,0.0,0.004535009325247197,0
2023-05-31 04:00:00+00:00,25.995154719783468,26.050659893417027,25.421595377311146,25.708375930786133,61905200,0.0,0.0,4179.830078125,,341.92486572265625,25.708375930786133,-0.016771097587505113,0.1674167047782948,-0.006108624209833935,0.0,-0.005686233234779348,0
2023-06-01 04:00:00+00:00,25.885547736101756,26.09069192489115,25.49390753673454,25.904197692871094,57426100,0.22,0.0,4221.02001953125,,345.8749084472656,25.904197692871094,0.007588178149662935,0.15273504941377358,0.009854453563032717,0.0,0.011552370478411955,0
2023-06-02 04:00:00+00:00,26.258535327491856,26.99519253848371,26.22123719627678,26.77139663696289,66578100,0.0,0.0,4282.3701171875,,348.46893310546875,26.77139663696289,0.03292899923516015,0.28681548407020946,0.014534424705965554,0.0,0.007499892576331879,0
2023-06-05 04:00:00+00:00,26.873971067776996,26.873971067776996,26.389082885780194,26.612878799438477,34757800,0.0,0.0,4273.7900390625,,348.7144775390625,26.612878799438477,-0.005938763882222994,0.298055253597698,-0.0020035816359177394,0.0,0.0007046379469339836,0
2023-06-06 04:00:00+00:00,26.53827931682219,27.442782625352603,26.528956117311186,27.25628662109375,46297900,0.0,0.0,4283.85009765625,,348.6555480957031,27.25628662109375,0.02388893218339171,0.3254664881552029,0.0023538963079141606,0.0,-0.00016899052707886053,0
2023-06-07 04:00:00+00:00,27.321562428093447,27.647929578986965,27.05114515122137,27.489408493041992,44502600,0.0,0.0,4267.52001953125,,342.7404479980469,27.489408493041992,0.008516588584080635,0.2411426347148711,-0.0038120096998572883,0.0,-0.01696545524648474,0
2023-06-08 04:00:00+00:00,27.30291151143732,27.396157735009034,27.032492483117753,27.25628662109375,41483100,0.0,0.0,4293.93017578125,,346.9949951171875,27.25628662109375,-0.008516588584080493,0.28811199832077694,0.0061886426142414575,0.0,0.012413320762085345,0
2023-06-09 04:00:00+00:00,27.228311759774034,27.414805973792564,27.116413808516835,27.2935848236084,32692000,0.0,0.0,4298.85986328125,,348.32147216796875,27.2935848236084,0.001367490237437193,0.20671178673782512,0.001148059539441082,0.0,0.0038227555712533334,0
2023-06-12 04:00:00+00:00,27.32155932170573,27.564003412559735,26.95789407470357,27.16303825378418,41011300,0.0,0.0,4338.93017578125,,354.2070007324219,27.16303825378418,-0.0047945249824447225,0.2034269241382093,0.009321148810237156,0.0,0.016896829609215125,0
2023-06-13 04:00:00+00:00,27.163039195786833,27.787798511196087,27.06979297023498,27.41480827331543,42718800,0.0,0.0,4369.009765625,,356.9288635253906,27.41480827331543,0.009226153887642585,0.1250761180078651,0.006932489951473775,0.0,0.007684384519053955,0
2023-06-14 04:00:00+00:00,27.573330407819896,27.72252650871357,27.032494097440882,27.153717041015625,38322800,0.0,0.0,4372.58984375,,359.52276611328125,27.153717041015625,-0.009569370738850436,0.12395624080506736,0.0008194255259321714,0.0,0.007267281671397008,0
2023-06-15 04:00:00+00:00,26.948570012819758,27.480081323754423,26.752750805026036,27.3868350982666,42044900,0.0,0.0,4425.83984375,,363.80682373046875,27.3868350982666,0.008548482467721216,0.13043749123312467,0.01217813742034668,0.0,0.01191595643163712,0
2023-06-16 04:00:00+00:00,27.536030557883183,27.675901671444937,27.19101348444367,27.2189884185791,53050200,0.0,0.0,4409.58984375,,361.51739501953125,27.2189884185791,-0.006147593699534054,0.1395362987261014,-0.0036716195284263176,0.0,-0.006292979025136813,0
2023-06-20 04:00:00+00:00,27.05114513260908,27.079120069600553,26.650179928520746,26.92059898376465,39040900,0.0,0.0,4388.7099609375,,360.9998474121094,26.92059898376465,-0.011023078324890636,0.15734928509622192,-0.0047351076976228645,0.0,-0.0014315980767506398,0
2023-06-21 04:00:00+00:00,26.83667103307571,27.04181519774339,26.612876913831638,26.640850067138672,39553400,0.0,0.0,4365.68994140625,,356.0802917480469,26.640850067138672,-0.010446000450084186,0.13019214198888593,-0.005245281583003636,0.0,-0.013627583776916197,0
2023-06-22 04:00:00+00:00,26.57558063623586,26.603555571923234,26.01609437239302,26.07204246520996,50742900,0.0,0.0,4381.89013671875,,360.2816162109375,26.07204246520996,-0.0215821842894119,0.17331530306961784,0.003710798414438443,0.0,0.011798812122585378,0
2023-06-23 04:00:00+00:00,25.866895725480745,26.006766833029353,25.727024617932134,25.876220703125,55181100,0.0,0.0,4348.330078125,,356.7099914550781,25.876220703125,-0.007539142895705056,0.09630258215148728,-0.007658808766684566,0.0,-0.009913424929703485,0
2023-06-26 04:00:00+00:00,25.922843091730986,26.37043311341726,25.913519892903686,26.193262100219727,47519300,0.0,0.0,4328.81982421875,,351.9281005859375,26.193262100219727,0.012177778540284252,0.19546425940470805,-0.004486838293256468,0.0,-0.013405542271564985,0
2023-06-27 04:00:00+00:00,26.202589466682433,26.482331699504577,26.06271835027136,26.3331356048584,39081800,0.0,0.0,4378.41015625,,357.979248046875,26.3331356048584,0.005325849149070128,0.21165099027139514,0.011455854954693034,0.0,0.017194271929018345,0
2023-06-28 04:00:00+00:00,26.342460000038052,26.361109956095465,26.016092883264093,26.17461395263672,37803800,0.0,0.0,4376.85986328125,,358.6777648925781,26.17461395263672,-0.006038047151999391,0.20597215999733945,-0.00035407668843834283,0.0,0.0019512774819048229,0
2023-06-29 04:00:00+00:00,26.57557922238474,27.0418174543564,26.482331220278866,26.724775314331055,68376400,0.0,0.0,4396.43994140625,,357.9595642089844,26.724775314331055,0.020801041611738836,0.1912126043684577,0.004473544672805918,0.0,-0.002002356303878572,0
2023-06-30 04:00:00+00:00,26.985869514005724,27.144390584896534,26.734100440492487,26.752750396728516,50479000,0.0,0.0,4450.3798828125,,363.4793701171875,26.752750396728516,0.0010462370716412997,0.1636209789016701,0.012269004495714109,0.0,0.01542019395514882,0
2023-07-03 04:00:00+00:00,26.762073339599144,27.36818264271392,26.71544845255488,27.22831153869629,30995800,0.0,0.0,4455.58984375,,364.3352966308594,27.22831153869629,0.01762001074457334,0.17901525335549096,0.0011706778016009611,0.0,0.0023548145618166316,0
2023-07-05 04:00:00+00:00,27.172363112660957,27.43345715825757,26.995193868186732,27.11641502380371,37492000,0.0,0.0,4446.81982421875,,364.3255310058594,27.11641502380371,-0.0041180324237734935,0.19856298730135835,-0.0019683184132291975,0.0,-2.6803949796483373e-05,0
2023-07-06 04:00:00+00:00,26.855318251823782,26.87396820573539,26.20258587193492,26.370431900024414,52098000,0.0,0.0,4411.58984375,,361.5508117675781,26.370431900024414,-0.027895886254271633,0.3102918991976217,-0.007922511336500904,0.0,-0.0076160439006857095,0
2023-07-07 04:00:00+00:00,26.389080944690384,26.873969091020488,26.37975774598495,26.603551864624023,34288000,0.0,0.0,4398.9501953125,,360.3504638671875,26.603551864624023,0.00880135692638086,0.27265687759517854,-0.0028651005386203243,0.0,-0.0033199978020302945,0
2023-07-10 04:00:00+00:00,26.659502246424253,26.901946340476446,26.547604288185664,26.724775314331055,36086000,0.0,0.0,4409.52978515625,,360.468505859375,26.724775314331055,0.0045463139354495535,0.2753572123518919,0.002405026057131332,0.0,0.00032757552445117355,1
2023-07-11 04:00:00+00:00,26.72477467818998,27.116414854866107,26.500980545597574,27.060466766357422,40978700,0.0,0.0,4439.259765625,,362.2494812011719,27.060466766357422,0.012482822350741813,0.2561465623175076,0.0067422110558885695,0.0,0.0049407238436849354,1
2023-07-12 04:00:00+00:00,27.51737927024563,27.8717195260263,27.293585143664533,27.37750816345215,41855500,0.0,0.0,4472.16015625,,366.8246765136719,27.37750816345215,0.011647934443859762,0.26910024654373277,0.007411233485312474,0.0,0.01262995683894208,1
2023-07-13 04:00:00+00:00,27.526707171198765,27.85307430741577,27.424134185329983,27.66657829284668,39589000,0.0,0.0,4510.0400390625,,373.0528869628906,27.66657829284668,0.010503318540130065,0.04988372546940061,0.008470153458069118,0.0,0.016978711760648357,1
2023-07-14 04:00:00+00:00,27.974295545597357,28.067543553127578,27.088442141896984,27.144392013549805,58720300,0.0,0.0,4505.419921875,,372.97418212890625,27.144392013549805,-0.019054655514902503,0.21068210716748775,-0.0010244071333035398,0.0,-0.00021097500310240935,1
2023-07-17 04:00:00+00:00,27.181689152320303,27.564004368467693,27.153715996077846,27.41480827331543,49477200,0.0,0.0,4522.7900390625,,376.4572448730469,27.41480827331543,0.00991284596183198,0.2149205849961633,0.0038553825145495324,0.0,0.009338616212681394,1
2023-07-18 04:00:00+00:00,27.97429142621338,28.776221682903248,27.89969338688578,28.627025604248047,98253800,0.0,0.0,4554.97998046875,,379.536865234375,28.627025604248047,0.0432679075021096,0.35014197487643584,0.007117275205842377,0.0,0.008180531529859758,0
2023-07-19 04:00:00+00:00,28.804197658763492,29.559504881850163,28.617703431447485,29.400983810424805,70619800,0.0,0.0,4565.72021484375,,379.4483337402344,29.400983810424805,0.026676913886415007,0.3670510213960344,0.002357910335732072,0.0,-0.0002332619101070854,0
2023-07-20 04:00:00+00:00,29.214490215674402,29.65275355352328,29.14921714179881,29.550182342529297,42128800,0.0,0.0,4534.8701171875,,370.7013854980469,29.550182342529297,0.005061777752654829,0.3725525357379927,-0.006756896218903741,0.0,-0.02305175030278439,0
2023-07-21 04:00:00+00:00,29.71802359321476,29.941817715355963,29.298408502601507,29.820594787597656,70872400,0.0,0.0,4536.33984375,,369.5895080566406,29.820594787597656,0.00910934058946483,0.25378781335748857,0.0003240945218980773,0.0,-0.002999388415860449,0
2023-07-24 04:00:00+00:00,29.839243407116857,30.631846887272395,29.820593453133608,30.445354461669922,64548600,0.0,0.0,4554.64013671875,,370.17987060546875,30.445354461669922,0.020734164615367555,0.24121521558179307,0.004034153877153557,0.0,0.001597346612820072,0
2023-07-25 04:00:00+00:00,30.547927919333347,30.575904632571564,29.904520428701993,29.9791202545166,51208800,0.0,0.0,4567.4599609375,,372.6888122558594,29.9791202545166,-0.01543227185036301,0.2587054008714762,0.002814673351556163,0.0,0.006777628524984314,0
2023-07-26 04:00:00+00:00,30.06304214369357,30.34278436569385,29.97911912138195,30.221561431884766,41814600,0.0,0.0,4566.75,,371.4490661621094,30.221561431884766,0.00805447650307526,0.20849224033743766,-0.00015543889679858758,0.0,-0.003326491305832069,0
2023-07-27 04:00:00+00:00,30.240209856510045,30.529278820306214,29.671398684877513,29.792621612548828,45529500,0.0,0.0,4537.41015625,,370.5635070800781,29.792621612548828,-0.014294858374730353,0.25186317380896217,-0.006424666064487883,0.0,-0.0023840659802460973,0
2023-07-28 04:00:00+00:00,29.979119273495005,29.988442472859006,29.568827359171795,29.74599838256836,33296500,0.0,0.0,4582.22998046875,,377.3132629394531,29.74599838256836,-0.0015661511642088399,0.24315429259776078,0.009877842794752345,0.0,0.01821484234257409,0
2023-07-31 04:00:00+00:00,29.746000649461166,30.072367787361145,29.634104462988944,29.839248657226562,29093400,0.0,0.0,4588.9599609375,,377.510009765625,29.839248657226562,0.003129981175551734,0.16625643398515805,0.0014687129405193122,0.0,0.0005214415858036947,0
2023-08-01 04:00:00+00:00,29.69004941545632,29.783297413357452,29.298409247117654,29.484905242919922,32712000,0.0,0.0,4576.72998046875,,376.6343078613281,29.484905242919922,-0.011946150262405766,0.15245207422384102,-0.002665087639215691,0.0,-0.0023196786353838483,0
2023-08-02 04:00:00+00:00,29.05596747816438,29.167865440269395,28.701627192187736,29.083942413330078,38855100,0.0,0.0,4513.39013671875,,368.36944580078125,29.083942413330078,-0.01369223093497086,0.12608446260131836,-0.013839541336347905,0.0,-0.021943996837351043,0
2023-08-03 04:00:00+00:00,28.850825851050036,29.419635354796867,28.794875975750667,29.28908920288086,27933400,0.0,0.0,4501.89013671875,,367.7790222167969,29.28908920288086,0.007028849743514196,0.1450001494946312,-0.0025479738404268204,0.0,-0.0016028028130858907,0
2023-08-04 04:00:00+00:00,29.242461860624356,29.53152906034379,29.065290838221884,29.186511993408203,30768100,0.0,0.0,4478.02978515625,,366.05718994140625,29.186511993408203,-0.003508379994061848,0.14409769971471706,-0.005300074155050516,0.0,-0.004681703336455234,0
2023-08-07 04:00:00+00:00,29.289085038124664,29.745998283417915,29.289085038124664,29.72734832763672,31745200,0.0,0.0,4518.43994140625,,369.15655517578125,29.72734832763672,0.01836075670388845,0.21389320637473855,0.00902409277936278,0.0,0.008466888015151719,0
2023-08-08 04:00:00+00:00,29.18651579174748,29.19584077083039,28.42188529252761,29.15854263305664,45951800,0.0,0.0,4499.3798828125,,366.017822265625,29.15854263305664,-0.01931951362589709,0.24267418297455928,-0.004218283044793103,0.0,-0.008502443925617609,0
2023-08-09 04:00:00+00:00,29.111912523069893,29.167862387545544,28.748247296766078,28.776222229003906,30732100,0.0,0.0,4467.7099609375,,361.99365234375,28.776222229003906,-0.013198498517301382,0.2412254840026861,-0.007038730380597102,0.0,-0.010994464414234462,0
2023-08-10 04:00:00+00:00,28.916095516990946,29.205162724383527,28.72027453365179,28.85082244873047,26062600,0.0,0.0,4468.830078125,,362.6626892089844,28.85082244873047,0.0025890712187649203,0.23251044618975214,0.00025071394456976925,0.0,0.0018482005441329274,0
2023-08-11 04:00:00+00:00,28.720273849240613,29.279760073017027,28.673650738324945,29.177188873291016,35720700,0.0,0.0,4464.0498046875,,360.3504638671875,29.177188873291016,0.011248700703974511,0.2532192380072288,-0.0010696923700230787,0.0,-0.006375691270696038,0
2023-08-14 04:00:00+00:00,28.95339360136038,29.00934346996596,28.673651372563334,28.84149742126465,32563700,0.0,0.0,4489.72021484375,,364.3943786621094,28.84149742126465,-0.011571968257369508,0.19946869537784173,0.005750475751703066,0.0,0.011222171747813592,0
2023-08-15 04:00:00+00:00,28.44052885157802,28.48715195794449,27.825094599041584,27.91834259033203,43406100,0.0,0.0,4437.85986328125,,360.5276184082031,27.91834259033203,-0.03253131942765782,0.26584587711413216,-0.011550909428841738,0.0,-0.010611470649199428,0
2023-08-16 04:00:00+00:00,27.741175110357926,27.82509813532934,27.237636960529432,27.312236785888672,47220400,0.0,0.0,4404.330078125,,356.7099914550781,27.312236785888672,-0.021949077642235727,0.2819594818937675,-0.007555395210577687,0.0,-0.010589000004994187,0
2023-08-17 04:00:00+00:00,27.45210209844262,27.545350081872996,27.144384998112518,27.302906036376953,37202200,0.0,0.0,4370.35986328125,,352.8136901855469,27.302906036376953,-0.000341690934796811,0.27408329391962627,-0.007712913029036983,0.0,-0.010922882349433505,0
2023-08-18 04:00:00+00:00,27.079118941845994,27.368186164487646,27.023169070193173,27.144392013549805,31430400,0.0,0.0,4369.7099609375,,352.37091064453125,27.144392013549805,-0.005822675370613562,0.20467163700796337,-0.00014870682600087726,0.0,-0.0012549953511803436,0
2023-08-21 04:00:00+00:00,27.246963287928285,27.32156133842378,26.855323078187485,27.181690216064453,34959000,0.0,0.0,4399.77001953125,,358.048095703125,27.181690216064453,0.001373123437003449,0.2345628506511845,0.006879188518795987,0.0,0.016111389695050216,0
2023-08-22 04:00:00+00:00,27.163037894695083,27.26561087215824,26.50098047648876,26.519630432128906,37564200,0.0,0.0,4387.5498046875,,357.53643798828125,26.519630432128906,-0.02465836303055414,0.1939904014333906,-0.002777466728829614,0.0,-0.0014290195115798099,0
2023-08-23 04:00:00+00:00,26.52895736694336,26.584905459433337,26.277188282901776,26.52895736694336,44686600,0.0,0.0,4436.009765625,,363.1742858886719,26.52895736694336,0.0003516374439932139,0.17293852578137556,0.011044879965972587,0.0,0.0157685967117438,0
2023-08-24 04:00:00+00:00,26.482331152000857,26.845998181420374,26.454357996431614,26.687477111816406,31934800,0.0,0.0,4376.31005859375,,355.41119384765625,26.687477111816406,0.00595756612715014,0.19040872971636158,-0.013457974663146133,0.0,-0.021375665466016325,0
2023-08-25 04:00:00+00:00,26.706124822771496,26.84599771240487,26.389082689102477,26.575578689575195,34253200,0.0,0.0,4405.7099609375,,358.1661682128906,26.575578689575195,-0.00420173364761175,0.19007884726549054,0.006717966037625089,0.0,0.007751512650485903,0
2023-08-28 04:00:00+00:00,26.752752515551233,27.041819745872985,26.64085454783044,26.818025588989258,33075200,0.0,0.0,4433.31005859375,,360.8620910644531,26.818025588989258,0.009081558325157469,0.21112137326926486,0.006264619755036449,0.0,0.007527017040761086,0
2023-08-29 04:00:00+00:00,26.939246204045443,27.284263300424595,26.78072512385359,27.200340270996094,30428200,0.0,0.0,4497.6298828125,,368.7432861328125,27.200340270996094,0.014155225157629066,0.11437626251105328,0.01450830719454621,0.0,0.021839908550969733,0
2023-08-30 04:00:00+00:00,27.246961087430254,27.29358597682309,26.976543843182494,27.079116821289062,33366400,0.0,0.0,4514.8701171875,,370.7996520996094,27.079116821289062,-0.0044666493640314366,0.1308275576650674,0.003833182103508026,0.0,0.0055766872079570096,0
2023-08-31 04:00:00+00:00,27.201348844956474,27.23895779633719,26.82525036425425,26.956884384155273,37243000,0.24,0.0,4507.66015625,,371.9114685058594,26.956884384155273,-0.004524118842666805,0.1421501586625604,-0.0015969365120942491,0.0,0.0029984289358269134,0
2023-09-01 04:00:00+00:00,27.0415059702253,27.38939638211379,27.0415059702253,27.24835968017578,35228600,0.0,0.0,4515.77001953125,,371.5179138183594,27.24835968017578,0.010754609094444789,0.1406303742006165,0.0017991292600010311,0.0,-0.0010581945458177922,0
2023-09-05 04:00:00+00:00,27.210750435022746,27.379995192865856,26.79704122622613,26.938077926635742,46543600,0.0,0.0,4496.830078125,,371.990234375,26.938077926635742,-0.01145250208764868,0.17455109430067545,-0.004194177587506065,0.0,0.001271326466565803,0
2023-09-06 04:00:00+00:00,26.70301573803022,26.853455121865295,26.439747713008302,26.693613052368164,45022600,0.0,0.0,4465.47998046875,,368.71380615234375,26.693613052368164,-0.009116496718119546,0.13739103369094957,-0.006971599351452862,0.0,-0.008807833969515788,0
2023-09-07 04:00:00+00:00,26.712419918583265,26.844053938460778,26.38333307551046,26.44915008544922,35023600,0.0,0.0,4451.14013671875,,366.07684326171875,26.44915008544922,-0.009200300356001953,0.14292127340474003,-0.0032112659361860363,0.0,-0.007151787773131191,0
2023-09-08 04:00:00+00:00,26.439748101715967,26.684210759007772,26.289306922290244,26.665407180786133,36513900,0.0,0.0,4457.490234375,,366.5885009765625,26.665407180786133,0.00814308925707555,0.1697253321327051,0.0014266227216406246,0.0,0.0013976784499256656,0
2023-09-11 04:00:00+00:00,26.806444447156757,27.041506216991475,26.703016694548207,26.778236389160156,34168300,0.0,0.0,4487.4599609375,,370.907958984375,26.778236389160156,0.00422236840407837,0.14253403192741593,0.006723453106275201,0.0,0.011782851879712064,0
2023-09-12 04:00:00+00:00,26.759430239680114,27.39879852199465,26.70301591870499,27.238956451416016,42284000,0.0,0.0,4461.89990234375,,366.79522705078125,27.238956451416016,0.01705868855417979,0.18068693561773763,-0.005695885604828921,0.0,-0.011088281698929503,0
2023-09-13 04:00:00+00:00,27.379999746913658,27.44581676516006,26.985095844055987,27.154338836669922,37215700,0.0,0.0,4467.43994140625,,368.19232177734375,27.154338836669922,-0.0031113276942926473,0.1608925392381344,0.0012416323054647016,0.0,0.0038089228635711514,0
2023-09-14 04:00:00+00:00,27.427005490695375,27.680872615076794,27.361188486606608,27.45521354675293,44634800,0.0,0.0,4505.10009765625,,371.203125,27.45521354675293,0.011019235330986787,0.1197196328940772,0.00842991886716793,0.0,0.008177256951265255,0
2023-09-15 04:00:00+00:00,27.220155588901235,27.351789615435013,27.032105442385173,27.116727828979492,61661100,0.0,0.0,4450.31982421875,,364.8470153808594,27.116727828979492,-0.012405278245654364,0.18401486515518206,-0.012159612938677844,0.0,-0.017122995985393796,0
2023-09-18 04:00:00+00:00,27.07911667365543,27.07911667365543,26.787640564995595,27.041507720947266,25752300,0.0,0.0,4453.52978515625,,365.2273254394531,27.041507720947266,-0.002777791988079455,0.1885939543511559,0.0007212876971294246,0.0,0.0010423822658840454,0
2023-09-19 04:00:00+00:00,27.041505677179632,27.210750435022746,26.8064439120373,26.938077926635742,34888100,0.0,0.0,4443.9501953125,,364.4488830566406,26.938077926635742,-0.0038321865441724784,0.1334596738054414,-0.002151010615372817,0.0,-0.0021313914063681993,0
2023-09-20 04:00:00+00:00,27.08851772308832,27.238957111587368,26.825249689904464,26.844053268432617,26641100,0.0,0.0,4402.2001953125,,359.1970520019531,26.844053268432617,-0.0034965053227066158,0.1336493504974859,-0.0093947947580596,0.0,-0.014410336535100043,0
2023-09-21 04:00:00+00:00,26.665407864563527,26.881664263378838,26.34572371267177,26.373929977416992,39906000,0.0,0.0,4330.0,,352.6149597167969,26.373929977416992,-0.017668295267529523,0.10583652241350942,-0.01640093410321941,0.0,-0.018324460761778405,0
2023-09-22 04:00:00+00:00,26.392734637828127,26.505565073903544,25.950819166072215,25.988428115844727,41284400,0.0,0.0,4320.06005859375,,352.66424560546875,25.988428115844727,-0.014724654916833162,0.11291314179515692,-0.002295598477193961,0.0,0.00013977254031272146,0
2023-09-25 04:00:00+00:00,25.856793951548784,25.969624386969542,25.71575725230703,25.95081901550293,32749200,0.0,0.0,4337.43994140625,,354.33929443359375,25.95081901550293,-0.0014481960749154373,0.11746102883323786,0.0040230650909416354,0.0,0.004749698470989605,0
2023-09-26 04:00:00+00:00,25.70635275586049,25.856792130238844,25.396071322032775,25.546510696411133,42237400,0.0,0.0,4273.52978515625,,349.0184020996094,25.546510696411133,-0.01570243073654711,0.11964556814717767,-0.014734533990868215,0.0,-0.015016376725843328,0
2023-09-27 04:00:00+00:00,25.602928424017417,25.960223330795277,25.452489029599068,25.640539169311523,38296300,0.0,0.0,4274.509765625,,349.8363037109375,25.640539169311523,0.003673920607301278,0.1527463303359922,0.00022931406074522265,0.0,0.002343434060805505,0
2023-09-28 04:00:00+00:00,25.546510354496824,25.988425786646307,25.546510354496824,25.913206100463867,36734300,0.0,0.0,4299.7001953125,,352.7627868652344,25.913206100463867,0.010578066529888122,0.18251475902545608,0.005893173970516585,0.0,0.00836529291915622,0
2023-09-29 04:00:00+00:00,26.223489448588264,26.317514511539663,25.640537286371632,25.74396324157715,40645900,0.0,0.0,4288.0498046875,,353.0188903808594,25.74396324157715,-0.006552564400810462,0.15857191946096957,-0.002709582086142026,0.0,0.0007259935717733867,0
2023-10-02 04:00:00+00:00,25.640541522343067,25.725163913641563,24.991770453514338,25.10460090637207,50388600,0.0,0.0,4288.39013671875,,355.965087890625,25.10460090637207,-0.02514903002223928,0.22833339985994297,7.936755559079245e-05,0.0,0.00834572197138539,0
2023-10-03 04:00:00+00:00,24.9071443697721,24.935352427149535,24.277178768707575,24.361801147460938,62144500,0.0,0.0,4229.4501953125,,349.7180480957031,24.361801147460938,-0.030034753544213484,0.2808415927272055,-0.013744071674259506,0.0,-0.017549585640379894,0
2023-10-04 04:00:00+00:00,24.333592812280802,24.455825932808615,24.051519415242485,24.3900089263916,55696400,0.0,0.0,4263.75,,354.4772644042969,24.3900089263916,0.0011571993751908504,0.2738880777014722,0.008109754957160709,0.0,0.013608723754775509,0
2023-10-05 04:00:00+00:00,24.239570103006468,24.53104619247366,24.03271459990546,24.502838134765625,49044100,0.0,0.0,4258.18994140625,,353.4327697753906,24.502838134765625,0.004615374863341801,0.24768152675678226,-0.001304030159777203,0.0,-0.002946577210421464,0
2023-10-06 04:00:00+00:00,24.230169839113888,24.662682673596645,23.94809461397461,24.512243270874023,58177300,0.0,0.0,4308.5,,359.35467529296875,24.512243270874023,0.0003837649945326787,0.260435095583685,0.011814893014644445,0.0,0.016755394587042893,0
2023-10-09 04:00:00+00:00,24.220768346780233,24.784917031502072,24.183157597555134,24.737903594970703,39953700,0.0,0.0,4335.66015625,,361.1874084472656,24.737903594970703,0.009163907831698653,0.246636466406256,0.00630385429964031,0.0,0.005100067649885798,1
2023-10-10 04:00:00+00:00,25.019975815069788,25.668745020508076,24.982365070382865,25.396074295043945,51960100,0.0,0.0,4358.240234375,,363.1876525878906,25.396074295043945,0.02625798086330659,0.16846754241669112,0.005207990781392224,0.0,0.005537967531105137,1
2023-10-11 04:00:00+00:00,25.54651231469664,25.800379447558797,25.29264518183448,25.405475616455078,38508200,0.0,0.0,4376.9501953125,,365.7791442871094,25.405475616455078,0.00037011947607236667,0.17065302017096196,0.00429300817103373,0.0,0.007135406946665368,1
2023-10-12 04:00:00+00:00,25.358465329871457,25.46189309163946,25.019977570831056,25.292648315429688,44249800,0.0,0.0,4349.60986328125,,364.50799560546875,25.292648315429688,-0.004450953153423936,0.19316431835329556,-0.00624643434611849,0.0,-0.0034751808611670487,1
2023-10-13 04:00:00+00:00,25.79097827923099,26.063649006089292,24.935353560397843,25.161012649536133,55089700,0.0,0.0,4327.77978515625,,359.92620849609375,25.161012649536133,-0.005218093674972479,0.20760940568287756,-0.005018858888767519,0.0,-0.0125697849282137,1
2023-10-16 04:00:00+00:00,25.53710990885068,25.555915280389993,25.170414130728805,25.377267837524414,56817500,0.0,0.0,4373.6298828125,,363.9956359863281,25.377267837524414,0.008558126861763927,0.2069286809088185,0.01059436938392988,0.0,0.011306282771788023,1
2023-10-17 04:00:00+00:00,25.433683124084336,26.20468724604867,25.1234016554249,25.96962547302246,95344200,0.0,0.0,4373.2001953125,,362.8033447265625,25.96962547302246,0.023073797770897353,0.186663153207612,-9.824505308242415e-05,0.0,-0.003275564709820933,0
2023-10-18 04:00:00+00:00,25.8944045461743,26.36452806987351,25.58412129888906,25.678146362304688,68371100,0.0,0.0,4314.60009765625,,358.0442199707031,25.678146362304688,-0.011287309983435244,0.2184246594057168,-0.013399820506516447,0.0,-0.013117643001461898,0
2023-10-19 04:00:00+00:00,25.62173256877138,26.120064159762077,25.273840364989397,25.34906005859375,58611000,0.0,0.0,4278.0,,354.6940002441406,25.34906005859375,-0.012898643269953207,0.24148772024558712,-0.008482848196321058,0.0,-0.009356999889110429,0
2023-10-20 04:00:00+00:00,25.198624512702757,25.330260341611368,24.672086577206013,24.737903594970703,62058400,0.0,0.0,4224.16015625,,349.4026794433594,24.737903594970703,-0.02440502489025535,0.30093639398492805,-0.012585283719027562,0.0,-0.014917987891363116,0
2023-10-23 04:00:00+00:00,24.568657895757106,24.64387759802835,23.995108338456056,24.0421199798584,59857200,0.0,0.0,4217.0400390625,,350.45703125,24.0421199798584,-0.028529334605921795,0.32255944581228535,-0.0016855698941634634,0.0,0.00301758363250193,0
2023-10-24 04:00:00+00:00,24.201962493768807,24.324195632954964,23.882278305191583,23.948095321655273,55975700,0.0,0.0,4247.68017578125,,353.8663330078125,23.948095321655273,-0.003918497882195581,0.15977425968592476,0.007265792222727274,0.0,0.009728159100282019,0
2023-10-25 04:00:00+00:00,23.86346954339214,24.11733667946775,23.675421207816044,24.023311614990234,45522400,0.0,0.0,4186.77001953125,,345.2051696777344,24.023311614990234,0.0031358828008751782,0.2120247563827,-0.014339628627712542,0.0,-0.02447580490763135,0
2023-10-26 04:00:00+00:00,23.96689704785886,24.784912769031347,23.91988541279171,24.559253692626953,60921000,0.0,0.0,4137.22998046875,,338.623046875,24.559253692626953,0.022064039493412825,0.32929147350134913,-0.011832519778109618,0.0,-0.019067277610237188,0
2023-10-27 04:00:00+00:00,24.512241466049904,24.512241466049904,23.46856661730021,23.666019439697266,64709300,0.0,0.0,4117.3701171875,,340.2488708496094,23.666019439697266,-0.03704847532839374,0.38116084517703186,-0.004800280229768528,0.0,0.004801279740447084,0
2023-10-30 04:00:00+00:00,23.807056962249877,24.239571573109824,23.769448009737182,24.154949188232422,41891900,0.0,0.0,4166.81982421875,,344.0819091796875,24.154949188232422,0.020449054051913107,0.38052318959464204,0.012010022325859904,0.0,0.011265396180469178,0
2023-10-31 04:00:00+00:00,24.2019608317247,24.803718419072432,24.183155458775317,24.766109466552734,50106700,0.0,0.0,4193.7998046875,,345.7273864746094,24.766109466552734,0.02498687038402218,0.4113711346007766,0.006474957307233353,0.0,0.004782225542879548,0
2023-11-01 04:00:00+00:00,24.860133861941513,25.029378627125848,24.58746134172697,24.82252311706543,44046300,0.0,0.0,4237.85986328125,,351.7281494140625,24.82252311706543,0.0022752664032262373,0.41188823617230447,0.010505999486313922,0.0,0.01735692101410602,0
2023-11-02 04:00:00+00:00,25.11399896929837,26.00723442414957,25.00117032253803,25.96962547302246,63278300,0.0,0.0,4317.77978515625,,358.1131591796875,25.96962547302246,0.0451761728267056,0.49169761280506075,0.01885855702012762,0.0,0.01815325209614782,0
2023-11-03 04:00:00+00:00,26.47736016656442,27.20135091795293,26.449152105844906,26.721824645996094,62613600,0.0,0.0,4358.33984375,,362.3205871582031,26.721824645996094,0.028553029939809557,0.24519468686741544,0.009393730253031363,0.0,0.011748878449910682,0
2023-11-06 05:00:00+00:00,26.853457720219737,27.05091055147073,26.345725198992636,26.6372013092041,45548000,0.0,0.0,4365.97998046875,,363.798583984375,26.6372013092041,-0.003171849793886607,0.3157004965727406,0.0017529924220356374,0.0,0.00407925157597111,0
2023-11-07 05:00:00+00:00,26.37393011078044,26.57138293189038,26.279906836648944,26.477357864379883,33081900,0.0,0.0,4378.3798828125,,367.2374572753906,26.477357864379883,-0.006018836637522049,0.3562765900007619,0.0028401189192852616,0.0,0.009452684651360066,0
2023-11-08 05:00:00+00:00,26.47735882214898,26.514969567865275,26.01663794739873,26.223491668701172,31896000,0.0,0.0,4382.77978515625,,367.473876953125,26.223491668701172,-0.009634309942947594,0.3882262295737263,0.0010049156221052513,0.0,0.0006437787677988638,0
2023-11-09 05:00:00+00:00,26.39273655943825,26.402139245910707,25.762770912816237,25.8850040435791,32267900,0.0,0.0,4347.35009765625,,364.6459655761719,25.8850040435791,-0.012991831045078997,0.2657545847303196,-0.008083839306732843,0.0,-0.0076955439673711545,0
2023-11-10 05:00:00+00:00,26.101260730084878,26.110663416657403,25.70635686093439,26.02604103088379,32858500,0.0,0.0,4415.240234375,,372.8440856933594,26.02604103088379,0.0054338083206346794,0.11174575673299786,0.015616441094852496,0.0,0.02248241003910123,0
2023-11-13 05:00:00+00:00,25.894408083737616,26.185884206105023,25.781577633548753,26.04484748840332,28521800,0.0,0.0,4411.5498046875,,371.6813049316406,26.04484748840332,0.0007223405965233723,0.11951632273796542,-0.0008358389332403515,0.0,-0.003118678306392786,0
2023-11-14 05:00:00+00:00,26.79704272833108,27.6526674579408,26.76883466931638,27.47402000427246,66676300,0.0,0.0,4495.7001953125,,379.6822509765625,27.47402000427246,0.053420875535012007,0.42539327482358713,0.019075017703661823,0.0,0.021526361263699778,0
2023-11-15 05:00:00+00:00,27.45521668143423,27.95354650836217,27.45521668143423,27.850120544433594,46968900,0.0,0.0,4502.8798828125,,379.96807861328125,27.850120544433594,0.01359646369059698,0.3979029486948916,0.0015970120755575135,0.0,0.0007528074751548264,0
2023-11-16 05:00:00+00:00,27.67147458086657,27.925341747919088,27.474021742032665,27.77490234375,36952800,0.0,0.0,4508.240234375,,380.29327392578125,27.77490234375,-0.0027044751669208123,0.36224149073399237,0.0011904273935798848,0.0,0.0008558490325998314,0
2023-11-17 05:00:00+00:00,27.934739127092723,28.207411633707114,27.784299741849935,28.18860626220703,38493300,0.0,0.0,4514.02001953125,,380.3819274902344,28.18860626220703,0.014785043502655717,0.3541503477130554,0.0012820490603360213,0.0,0.00023311893880717527,0
2023-11-20 05:00:00+00:00,28.18860788960768,28.442475039378394,27.972351485008502,28.216815948486328,46783400,0.0,0.0,4547.3798828125,,385.01300048828125,28.216815948486328,0.0010002474062118295,0.3534015473532213,0.007390278097329839,0.0,0.012174797652987346,0
2023-11-21 05:00:00+00:00,28.198007267826146,28.198007267826146,27.784298086369176,27.887725830078125,41611900,0.0,0.0,4538.18994140625,,382.77630615234375,27.887725830078125,-0.011731452829796686,0.17831945975641386,-0.0020209310950652926,0.0,-0.005809399508850066,0
2023-11-22 05:00:00+00:00,27.962951539172273,28.00996497524415,27.75609780059366,27.85952377319336,41422700,0.0,0.0,4556.6201171875,,384.3429870605469,27.85952377319336,-0.0010117829845005955,0.15175317360047053,0.00406112922094648,0.0,0.004092941185287469,0
2023-11-24 05:00:00+00:00,27.718484743401543,28.10398592019116,27.718484743401543,27.95354652404785,15815600,0.0,0.0,4559.33984375,,383.801025390625,27.95354652404785,0.003369205073137261,0.15088704862737992,0.0005968736678840791,0.0,-0.0014100990213631315,0
2023-11-27 05:00:00+00:00,27.83131573303526,27.915938119197897,27.746693346872622,27.793704986572266,42039500,0.0,0.0,4550.43017578125,,383.466064453125,27.793704986572266,-0.0057345239872205606,0.0952730468425896,-0.001954157460090089,0.0,-0.0008727463329705198,0
2023-11-28 05:00:00+00:00,27.7654972076416,27.8783258541263,27.568044386224877,27.7654972076416,29705800,0.0,0.0,4554.89013671875,,384.47113037109375,27.7654972076416,-0.0010154134775273273,0.09116501714702628,0.0009801185306033133,0.0,0.0026210035545182198,0
2023-11-29 05:00:00+00:00,28.09458337146175,28.780965137281264,28.02876635949884,28.498889923095703,57954900,0.0,0.0,4550.580078125,,384.0966491699219,28.498889923095703,0.026070994203339127,0.19953892158553954,-0.0009462486392383118,0.0,-0.0009740164386605743,0
2023-11-30 05:00:00+00:00,28.631574855643983,28.953810542991423,28.470458819662973,28.89694595336914,52547700,0.24,0.0,4567.7998046875,,383.1309814453125,28.89694595336914,0.01387077673102433,0.20236427796311393,0.0037840728581564065,0.0,-0.0025141269175252834,0
2023-12-01 05:00:00+00:00,28.811649645398372,29.427687853087082,28.764262786227242,29.342390060424805,46133300,0.0,0.0,4594.6298828125,,384.2247619628906,29.342390060424805,0.015297317035686462,0.20541689559819792,0.005873742123607695,0.0,0.002854847481798428,0
2023-12-04 05:00:00+00:00,28.934854537465633,29.380297100805294,28.925376805348716,29.209701538085938,37811300,0.0,0.0,4569.77978515625,,380.65777587890625,29.209701538085938,-0.004532331667657597,0.199828195133069,-0.005408509126972105,0.0,-0.009283592410238461,0
2023-12-05 05:00:00+00:00,29.077016188023315,29.181269431050346,28.745302802867556,28.982240676879883,45723100,0.0,0.0,4567.18017578125,,381.6136169433594,28.982240676879883,-0.007817646601832382,0.22726973257749974,-0.0005688697261614362,0.0,0.002511024665780681,0
2023-12-06 05:00:00+00:00,29.1717981559475,29.873134201332075,28.84956243135284,28.934860229492188,49803100,0.0,0.0,4549.33984375,,379.4064025878906,28.934860229492188,-0.0016361474319646103,0.17109202059061293,-0.003906202808869552,0.0,-0.0057838983135560795,0
2023-12-07 05:00:00+00:00,28.99172118523398,29.313956869365914,28.944334328970392,29.058063507080078,32699600,0.0,0.0,4585.58984375,,384.70758056640625,29.058063507080078,0.004248913660545346,0.14423386652972625,0.007968189065892917,0.0,0.01397229446408077,0
2023-12-08 05:00:00+00:00,29.067543023385205,29.51298564574936,29.01067843084129,29.342390060424805,34794300,0.0,0.0,4604.3701171875,,386.4220886230469,29.342390060424805,0.009737212040909235,0.11146153545129127,0.00409549786994079,0.0,0.004456652645410175,0
2023-12-11 05:00:00+00:00,29.304480523839263,29.456120640292568,29.105451741186315,29.23813819885254,32254000,0.0,0.0,4622.43994140625,,389.72296142578125,29.23813819885254,-0.0035592704514226157,0.10915908241717634,0.003924494286698943,0.0,0.008542143163959626,0
2023-12-12 05:00:00+00:00,29.162317629152742,29.2476154191233,28.859037401565313,29.13388442993164,34566700,0.0,0.0,4643.7001953125,,392.8267517089844,29.13388442993164,-0.0035720495908244322,0.09240157148571858,0.00459935752021523,0.0,0.007964093960099339,0
2023-12-13 05:00:00+00:00,29.143360685688243,30.451258860475797,29.029629702261765,30.3659610748291,60311100,0.0,0.0,4707.08984375,,397.8224792480469,30.3659610748291,0.041420369418576526,0.2956925928138657,0.013650676351045998,0.0,0.01271738117968968,0
2023-12-14 05:00:00+00:00,30.91565156114623,32.28989189892303,30.868264711302526,32.166683197021484,107190000,0.0,0.0,4719.5498046875,,397.4776306152344,32.166683197021484,0.05760895398148532,0.4411240127446338,0.0026470624846992585,0.0,-0.0008668404899198068,0
2023-12-15 05:00:00+00:00,32.052956490701334,32.24250751998731,31.550649336170892,31.844449996948242,83771800,0.0,0.0,4719.18994140625,,399.3990478515625,31.844449996948242,-0.010068121152559353,0.4906999927754493,-7.62494933082003e-05,0.0,0.004834026089352683,0
2023-12-18 05:00:00+00:00,31.94870554884961,32.02452741218844,31.664380792099863,31.68333625793457,40694700,0.0,0.0,4740.56005859375,,401.9147033691406,31.68333625793457,-0.005072239847610158,0.4946718960521282,0.004528344366900416,0.0,0.006298601689489036,0
2023-12-19 05:00:00+00:00,31.304229288483466,31.910789639027648,31.086246888468207,31.7591495513916,44534800,0.0,0.0,4768.3701171875,,403.96832275390625,31.7591495513916,0.0023899860977144175,0.481395197332925,0.005866407818910568,0.0,0.005109590088520521,0
2023-12-20 05:00:00+00:00,31.63594946832133,31.948705616795568,31.228415990471987,31.256847381591797,44711400,0.0,0.0,4698.35009765625,,397.9654541015625,31.256847381591797,-0.015942390280387162,0.4721517987611544,-0.014684266911006771,0.0,-0.014859750911708547,0
2023-12-21 05:00:00+00:00,31.503265852422945,31.702292827538688,31.171550611844477,31.465354919433594,32325700,0.0,0.0,4746.75,,402.5959777832031,31.465354919433594,0.006648628341118938,0.14505469720696126,0.010301467821202559,0.0,0.011635491558166455,0
2023-12-22 05:00:00+00:00,31.474829749138216,31.910794617180194,31.46535382391358,31.68333625793457,37265900,0.0,0.0,4754.6298828125,,403.1982421875,31.68333625793457,0.006903775841553967,0.15315410483878503,0.0016600585268868873,0.0,0.0014959523629944904,0
2023-12-26 05:00:00+00:00,31.702284353361783,32.185635965924256,31.626462507650636,32.09086227416992,24845400,0.0,0.0,4774.75,,405.66650390625,32.09086227416992,0.0127804526817343,0.17433256280557302,0.0042316894655107795,0.0,0.0061217075386013065,0
2023-12-27 05:00:00+00:00,32.033999930516806,32.17616410146488,31.901315299170626,32.0719108581543,24498600,0.0,0.0,4781.580078125,,406.49237060546875,32.0719108581543,-0.0005907293479241847,0.17578968518338348,0.0014304577464787638,0.0,0.0020358266982023476,0
2023-12-28 05:00:00+00:00,32.0529625448324,32.195126747495,32.005575682406814,32.10982894897461,21799600,0.0,0.0,4783.35009765625,,406.2947692871094,32.10982894897461,0.0011815851469857447,0.08399032232146594,0.0003701746080437829,0.0,-0.0004861132278203284,0
2023-12-29 05:00:00+00:00,32.166686659606896,32.21407712993685,31.797064129499105,31.91079330444336,28060700,0.0,0.0,4769.830078125,,404.5364074707031,31.91079330444336,-0.00621788038870525,0.11553769465380408,-0.0028264750133749628,0.0,-0.004327798311288822,0
2024-01-02 05:00:00+00:00,31.64542502920608,32.28989639999469,31.531695850650856,32.128780364990234,36668600,0.0,0.0,4742.830078125,,397.6907653808594,32.128780364990234,0.006807912357573424,0.11532558935346639,-0.005660579005492328,0.0,-0.016922190347823052,0
2024-01-03 05:00:00+00:00,31.891843301064178,32.00557248259247,31.503265283405806,31.77811050415039,45988700,0.0,0.0,4704.81005859375,,393.4825744628906,31.77811050415039,-0.010974509184088148,0.1088335175963268,-0.008016314922730805,0.0,-0.010581565588878239,0
2024-01-04 05:00:00+00:00,31.81602177145738,32.51735956493507,31.787590379622316,32.03400421142578,39834600,0.0,0.0,4688.68017578125,,391.4575500488281,32.03400421142578,0.008020266374321287,0.13063732710554876,-0.0034283812973570083,0.0,-0.0051464144678495805,1
2024-01-05 05:00:00+00:00,32.03400372958199,32.877502084932935,31.948705939974282,32.63108825683594,49242400,0.0,0.0,4697.240234375,,391.9218444824219,32.63108825683594,0.0184674912556568,0.18765510446258546,0.0018256861788026324,0.0,0.001186065854486218,1
2024-01-08 05:00:00+00:00,32.507879195255335,32.507879195255335,31.882363283133163,32.37519454956055,40253900,0.0,0.0,4763.5400390625,,400.0220642089844,32.37519454956055,-0.007872932214642197,0.19318585191863674,0.014114629309846638,0.0,0.02066794653219639,1
2024-01-09 05:00:00+00:00,32.052960074557184,32.07191554114372,31.759155765544268,31.872888565063477,39268800,0.0,0.0,4756.5,,400.8122863769531,31.872888565063477,-0.015636769065977597,0.2272212358629855,-0.0014779006799081618,0.0,0.0019754464532635296,1
2024-01-10 05:00:00+00:00,31.74967628999784,31.8728850013415,31.503262482695693,31.844449996948242,34904000,0.0,0.0,4783.4501953125,,403.52880859375,31.844449996948242,-0.0008926477673239905,0.2117613457862609,0.00566597189372442,0.0,0.006777542278836313,1
2024-01-11 05:00:00+00:00,31.616989971187135,31.749674600009158,31.067292377055917,31.4179630279541,48790600,0.0,0.0,4780.240234375,,404.36846923828125,31.4179630279541,-0.013483312123228864,0.21805404855454244,-0.0006710555783868699,0.0,0.0020807947949426087,1
2024-01-12 05:00:00+00:00,30.564989547961854,31.45587476347995,30.290140712241154,31.086252212524414,74344300,0.0,0.0,4783.830078125,,404.5758972167969,31.086252212524414,-0.010614129890359949,0.09095065852681752,0.0007509755941104146,0.0,0.0005129677368425067,0
2024-01-16 05:00:00+00:00,30.716626994842542,30.811400701849404,30.15745344657764,30.4417781829834,58420800,0.0,0.0,4765.97998046875,,404.5364074707031,30.4417781829834,-0.020949723122113746,0.11781426075107827,-0.0037313402367431525,0.0,-9.760775756884055e-05,0
2024-01-17 05:00:00+00:00,30.06268015778811,30.31857352411578,29.636193021601386,30.138500213623047,48811300,0.0,0.0,4739.2099609375,,402.2545166015625,30.138500213623047,-0.010012515988036413,0.11454561129688905,-0.005616897183990499,0.0,-0.005640755262073416,0
2024-01-18 05:00:00+00:00,30.09111618849101,30.110071656156826,29.759402735110797,30.072160720825195,35484400,0.0,0.0,4780.93994140625,,407.9641418457031,30.072160720825195,-0.0022035805158879644,0.1072676261193792,0.008805260963896,0.0,0.014194061243558487,0
2024-01-19 05:00:00+00:00,30.13850059347883,30.546034076612784,29.92051815616761,30.536558151245117,49493600,0.0,0.0,4839.81005859375,,416.0545349121094,30.536558151245117,0.015324742960566644,0.214388870629372,0.012313502764936146,0.0,0.01983113768235567,0
2024-01-22 05:00:00+00:00,30.669242234206738,31.266326752173473,30.631331302662883,30.849313735961914,43903400,0.0,0.0,4850.43017578125,,416.59783935546875,30.849313735961914,0.010189911174228754,0.2342459819777147,0.0021943252026270788,0.0,0.0013058491081563428,0
2024-01-23 05:00:00+00:00,30.839833151392227,31.105202401335568,30.69766898727408,31.057815551757812,30003400,0.0,0.0,4864.60009765625,,418.3265380859375,31.057815551757812,0.006735980381080333,0.16049849111891765,0.002921374261968035,0.0,0.004149562400859397,0
2024-01-24 05:00:00+00:00,31.304234238586627,31.598038536571288,31.190505058721946,31.256847381591797,36403900,0.0,0.0,4868.5498046875,,420.64794921875,31.256847381591797,0.006387983093468065,0.10171310730259796,0.0008119284117831249,0.0,0.005549280099307552,0
2024-01-25 05:00:00+00:00,31.474832113913255,31.70229410563405,31.114689082151752,31.645427703857422,46204000,0.0,0.0,4894.16015625,,421.16162109375,31.645427703857422,0.012355205430212242,0.060155221628244736,0.005260365527706368,0.0,0.0012211443701413138,0
2024-01-26 05:00:00+00:00,31.654904866875224,31.910794617180194,31.579083003536393,31.68333625793457,30839800,0.0,0.0,4890.97021484375,,418.6524963378906,31.68333625793457,0.0011971987524604128,0.06747783154288535,-0.0006517852510764532,0.0,-0.005957629162275602,0
2024-01-29 05:00:00+00:00,31.65490256593397,31.891840448567056,31.503262465664204,31.85392951965332,30269300,0.0,0.0,4927.93017578125,,422.9396667480469,31.85392951965332,0.005369877647723784,0.06335269479652644,0.007556774896180896,0.0,0.010240403312192559,0
2024-01-30 05:00:00+00:00,32.12878026060461,33.06705230756124,32.071913863819056,32.9722785949707,60315700,0.0,0.0,4924.97021484375,,420.1243896484375,32.9722785949707,0.03450641563505325,0.20982171913231545,-0.0006006499345398986,0.0,-0.006656450839089723,0
2024-01-31 05:00:00+00:00,32.76377057789893,33.26607773915844,32.223552487197324,32.233028411865234,54716000,0.0,0.0,4845.64990234375,,411.8957824707031,32.233028411865234,-0.022675511927990603,0.3271304181682428,-0.016105744611597972,0.0,-0.01958612111194047,0
2024-02-01 05:00:00+00:00,32.15720850041518,32.46048868945078,31.20945700583267,31.797061920166016,57084800,0.0,0.0,4906.18994140625,,416.7459716796875,31.797061920166016,-0.013617760858279909,0.3474318146690837,0.012493688211609788,0.0,0.011775282523873276,0
2024-02-02 05:00:00+00:00,31.626469391591815,31.948705075234077,31.43691835144012,31.72124671936035,40416000,0.0,0.0,4958.60986328125,,423.7892761230469,31.72124671936035,-0.002387193186766721,0.34820609509935296,0.01068444607751462,0.0,0.016900713916853105,0
2024-02-05 05:00:00+00:00,31.38005225552338,31.550647812101545,31.143114384207603,31.26632308959961,43573000,0.0,0.0,4942.81005859375,,423.236083984375,31.26632308959961,-0.014445121205171807,0.3580872103938258,-0.0031863375266721894,0.0,-0.0013053471851214304,0
2024-02-06 05:00:00+00:00,31.199980281042702,31.616993290127127,31.16207296553214,31.31371307373047,27188000,0.0,0.0,4954.22998046875,,422.3865051269531,31.31371307373047,0.0015145402941570605,0.15544383236055617,0.0023104108269635937,0.0,-0.0020073403227434117,0
2024-02-07 05:00:00+00:00,31.332672404735995,31.52221985182963,30.925138885790222,31.446401596069336,29660100,0.0,0.0,4995.06005859375,,426.7329406738281,31.446401596069336,0.004228440968906793,0.1369927434236366,0.008241457963390042,0.0,0.010290185633578863,0
2024-02-08 05:00:00+00:00,31.32318595959788,31.541168368021427,31.08624808756554,31.389528274536133,36852200,0.0,0.0,4997.91015625,,427.5232238769531,31.389528274536133,-0.0018102170901563425,0.11351410093468581,0.0005705832608251526,0.0,0.0018519385962496582,0
2024-02-09 05:00:00+00:00,31.37057158436294,31.51273574817784,31.124157797853297,31.342140197753906,36176000,0.0,0.0,5026.60986328125,,431.7314147949219,31.342140197753906,-0.0015108186008810714,0.11377803107957042,0.0057423415255595245,0.0,0.009843186715816632,0
2024-02-12 05:00:00+00:00,31.27580778373003,32.19512813914501,31.256852314863266,31.863412857055664,34160400,0.0,0.0,5021.83984375,,430.0422058105469,31.863412857055664,0.016494894929646325,0.11938780126405828,-0.0009489536011326738,0.0,-0.003912638567608928,0
2024-02-13 05:00:00+00:00,31.389531206799926,31.569606320212685,30.659762058922492,31.038864135742188,43801500,0.0,0.0,4953.169921875,,423.3348083496094,31.038864135742188,-0.026218318099360233,0.2468698432616826,-0.013674255653625456,0.0,-0.015597067846620627,0
2024-02-14 05:00:00+00:00,31.256845526656633,31.446396558772506,31.15259227822364,31.399009704589844,27833900,0.0,0.0,5000.6201171875,,427.947998046875,31.399009704589844,0.01153625326603493,0.26297014985603684,0.009579763275017639,0.0,0.010897260528257346,0
2024-02-15 05:00:00+00:00,31.57908419237452,32.451017576669045,31.57908419237452,32.28989791870117,41683100,0.0,0.0,5029.72998046875,,429.22235107421875,32.28989791870117,0.027978069028214515,0.32895768957324084,0.005821250684729495,0.0,0.0029778221493261814,0
2024-02-16 05:00:00+00:00,32.147733492622265,32.36571954864391,30.792451990473594,32.30885314941406,33290700,0.0,0.0,5005.56982421875,,425.330322265625,32.30885314941406,0.0005868606108785716,0.3264057073554034,-0.0048034698371121065,0.0,-0.009067628465416866,0
2024-02-20 05:00:00+00:00,32.01504667169839,32.30885095804683,32.0055707468289,32.18564224243164,30372900,0.0,0.0,4975.509765625,,422.11981201171875,32.18564224243164,-0.0038208239672862113,0.31728688445817405,-0.006005322001165325,0.0,-0.007548275036693086,0
2024-02-21 05:00:00+00:00,31.616996161449883,31.97714280689743,31.436921031033265,31.939231872558594,37847100,0.0,0.0,4981.7998046875,,420.43060302734375,31.939231872558594,-0.007685366595167951,0.2281640549107665,0.001264199922982101,0.0,-0.004001728742189736,0
2024-02-22 05:00:00+00:00,31.626467561556083,32.28989435600575,31.626467561556083,31.85392951965332,42756900,0.0,0.0,5087.02978515625,,432.739013671875,31.85392951965332,-0.0026743432018302986,0.22764152905940946,0.02112288421741404,0.0,0.02927572483045604,0
2024-02-23 05:00:00+00:00,31.967664076106782,32.27094432773524,31.740205695078327,32.147735595703125,30586000,0.0,0.0,5088.7998046875,,431.4647521972656,32.147735595703125,0.009181265499833021,0.10088803666373873,0.0003479475462115911,0.0,-0.0029446419997980477,0
2024-02-26 05:00:00+00:00,32.02452508437995,32.43205853173967,31.77810766182585,31.85392951965332,31129200,0.0,0.0,5069.52978515625,,431.2374267578125,31.85392951965332,-0.009181265499833125,0.11479953922377559,-0.003786751350190576,0.0,-0.0005268690855868563,0
2024-02-27 05:00:00+00:00,31.967659487438358,32.63108629841636,31.94870402250924,32.488922119140625,40536300,0.0,0.0,5078.18017578125,,432.274658203125,32.488922119140625,0.019738423136553107,0.19552431291701033,0.0017063496993998672,0.0,0.0024052444916731197,0
2024-02-28 05:00:00+00:00,32.43205908873036,32.79220207344045,32.32780584011973,32.517356872558594,39548600,0.0,0.0,5069.759765625,,429.9730529785156,32.517356872558594,0.0008748310370170826,0.1777932755082133,-0.001658155060430544,0.0,-0.005324404706435137,0
2024-02-29 05:00:00+00:00,32.765513635883806,33.070930292015674,32.59371631170291,32.94685363769531,43863400,0.24,0.0,5096.27001953125,,433.65765380859375,32.94685363769531,0.013121763001733254,0.17810821777518854,0.005229094697149161,0.0,0.008569376161027042,0
2024-03-01 05:00:00+00:00,32.95638896064661,33.070922911776506,32.47917508683081,32.78459167480469,38432300,0.0,0.0,5137.080078125,,440.1872253417969,32.78459167480469,-0.004937128393172503,0.19348997250265357,0.00800782894888763,0.0,0.015056972881389852,0
2024-03-04 05:00:00+00:00,32.72732919778418,33.80582995945828,32.68915121307368,33.54813766479492,49136400,0.0,0.0,5130.9501953125,,438.6165466308594,33.54813766479492,0.023022713627518038,0.19113740638187918,-0.0011932620709189656,0.0,-0.0035682060280551875,0
2024-03-05 05:00:00+00:00,33.338159118277346,34.09215785848156,33.280892146831185,33.77719497680664,47591600,0.0,0.0,5078.64990234375,,430.7435302734375,33.77719497680664,0.0068045173140889,0.1723011278810505,-0.010193100883444606,0.0,-0.01794965652321323,0
2024-03-06 05:00:00+00:00,34.025357352967674,34.15897668138559,33.47178740283218,33.80583572387695,49149700,0.0,0.0,5104.759765625,,433.4502258300781,33.80583572387695,0.00084757219343222,0.17237001935405147,0.005141103203274655,0.0,0.006283775301099581,0
2024-03-07 05:00:00+00:00,33.97763223444713,34.26396352092875,33.643583921356644,34.00626754760742,35900700,0.0,0.0,5157.35986328125,,440.0292053222656,34.00626754760742,0.005911405124747228,0.16574466271590138,0.010304127925951478,0.0,0.015178166027225881,0
2024-03-08 05:00:00+00:00,34.23531888901712,34.483472117640815,33.88218167689384,33.977622985839844,42769900,0.0,0.0,5123.68994140625,,433.67742919921875,33.977622985839844,-0.0008426867964720542,0.1500120296613744,-0.0065285190034379825,0.0,-0.014434896698265698,0
2024-03-11 04:00:00+00:00,33.77719593698006,34.292587772088446,33.66266563168467,34.25440979003906,34131500,0.0,0.0,5117.93994140625,,432.0672607421875,34.25440979003906,0.008113148947381427,0.062340094285009306,-0.001122238087346461,0.0,-0.003712825129046693,0
2024-03-12 04:00:00+00:00,34.26396087245923,34.5025678321815,34.14942691037819,34.321224212646484,29260400,0.0,0.0,5175.27001953125,,438.260986328125,34.321224212646484,0.0019486351011204334,0.058828815125809446,0.011201787981366396,0.0,0.014335095825817046,0
2024-03-13 04:00:00+00:00,34.32122272622892,34.78889394900563,34.32122272622892,34.43575668334961,38289600,0.0,0.0,5165.31005859375,,434.8924255371094,34.43575668334961,0.0033315184914674257,0.05510819385906306,-0.0019245297153407392,0.0,-0.007686198169812863,0
2024-03-14 04:00:00+00:00,34.28304794531736,34.56937922403236,33.86310098584398,34.06352996826172,40178100,0.0,0.0,5150.47998046875,,433.7960205078125,34.06352996826172,-0.010868153440048323,0.11196315392989473,-0.0028710915621273925,0.0,-0.0025210947924484417,0
2024-03-15 04:00:00+00:00,33.67221090580994,34.36894274815204,33.634036561666775,33.796287536621094,69646400,0.0,0.0,5117.08984375,,428.6395263671875,33.796287536621094,-0.007876349304765546,0.12678404781619387,-0.006482917484461503,0.0,-0.011886909738334395,0
2024-03-18 04:00:00+00:00,34.03489399889535,34.44529822965175,33.77719806510508,34.36894226074219,50617900,0.0,0.0,5149.419921875,,432.7276306152344,34.36894226074219,0.01680235505332064,0.17301402300927365,0.006318059504952345,0.0,0.009537394469181226,0
2024-03-19 04:00:00+00:00,34.25441550195557,34.7316294345899,34.216237513540015,34.38803482055664,46113800,0.0,0.0,5178.509765625,,433.8057861328125,34.38803482055664,0.0005553635751787597,0.17264646123948219,0.0056491496501236416,0.0,0.0024915337993214326,0
2024-03-20 04:00:00+00:00,34.20668913372935,35.1992948219207,34.10170150351739,35.075218200683594,40519000,0.0,0.0,5224.6201171875,,438.9492492675781,35.075218200683594,0.019786168053366224,0.22260653509119924,0.008904173912846591,0.0,0.011856603344591932,0
2024-03-21 04:00:00+00:00,35.247020446111826,35.8864853517312,35.19929978225047,35.80058670043945,43219500,0.0,0.0,5241.52978515625,,441.02642822265625,35.80058670043945,0.020469434609039792,0.20397373855353063,0.0032365354015160275,0.0,0.004732161994909667,0
2024-03-22 04:00:00+00:00,35.705143969101265,35.89603025789597,35.31382871545601,35.361549377441406,29001100,0.0,0.0,5234.18017578125,,441.53094482421875,35.361549377441406,-0.012339227507970351,0.22941624153650908,-0.0014021878490156903,0.0,0.0011439600198013267,0
2024-03-25 04:00:00+00:00,35.40927075200618,35.58106805129337,35.16112112017646,35.18021011352539,30480200,0.0,0.0,5218.18994140625,,439.92852783203125,35.18021011352539,-0.0051413422255272255,0.23554088020750544,-0.0030549644525015296,0.0,-0.003629229187606442,0
2024-03-26 04:00:00+00:00,35.31383202640441,35.542896322605266,35.12294571971261,35.39973068237305,33673400,0.0,0.0,5203.580078125,,438.504150390625,35.39973068237305,0.006220500448917257,0.2327289708600413,-0.002799795225030266,0.0,-0.0032377473868894224,0
2024-03-27 04:00:00+00:00,35.55242946064057,36.12508458621593,35.54288678625039,36.086910247802734,36350200,0.0,0.0,5248.490234375,,439.9977722167969,36.086910247802734,0.019225990302648266,0.2306324977958132,0.008630626525532925,0.0,0.003406174889887259,0
2024-03-28 04:00:00+00:00,36.0010195041908,36.26825813590865,35.71468823780363,36.19190216064453,42262500,0.0,0.0,5254.35009765625,,439.18670654296875,36.19190216064453,0.0029051940171380434,0.1898028262577494,0.0011164855071790214,0.0,-0.0018433404099793549,0
2024-04-01 04:00:00+00:00,36.21098899668815,36.60230424446552,35.733775102283886,35.81013107299805,33908000,0.0,0.0,5243.77001953125,,440.116455078125,35.81013107299805,-0.010604552349846568,0.18167162686934213,-0.0020135845401164643,0.0,0.0021169778622733837,0
2024-04-02 04:00:00+00:00,35.49517484700471,35.86740481313332,35.466543173015495,35.600162506103516,34806800,0.0,0.0,5205.81005859375,,436.3181457519531,35.600162506103516,-0.005880641612404632,0.1837005767930907,-0.0072390590731691296,0.0,-0.008630237025556431,0
2024-04-03 04:00:00+00:00,35.69560174696741,36.2873459729881,35.571525111545064,35.7337760925293,33338500,0.0,0.0,5211.490234375,,437.2974548339844,35.7337760925293,0.003746147915214356,0.18125958106984458,0.001091122364688113,0.0,0.0022444839655786364,0
2024-04-04 04:00:00+00:00,35.981932587259166,36.23008223948423,35.18975568200908,35.23747634887695,42888200,0.0,0.0,5147.2099609375,,430.61083984375,35.23747634887695,-0.013986165292820108,0.12591157580817025,-0.012334336350379616,0.0,-0.01529077042712923,0
2024-04-05 04:00:00+00:00,35.13248800603831,35.63833356599998,35.0561320357821,35.41881561279297,30823500,0.0,0.0,5204.33984375,,435.68511962890625,35.41881561279297,0.005133008173464962,0.13511715977997107,0.011099194174331695,0.0,0.01178391093683917,0
2024-04-08 04:00:00+00:00,35.504714717428435,35.86739829912316,35.43790506301797,35.79104232788086,29470300,0.0,0.0,5202.39013671875,,435.8136901855469,35.79104232788086,0.010454454371214766,0.15468787895813016,-0.00037463099831791524,0.0,0.00029509971960983705,1
2024-04-09 04:00:00+00:00,35.80058760143018,36.048740885119734,35.50471729353166,36.010562896728516,30967300,0.0,0.0,5209.91015625,,437.426025390625,36.010562896728516,0.006114661423885382,0.1498445367822025,0.0014454931932483817,0.0,0.0036995974229072637,1
2024-04-10 04:00:00+00:00,35.485623829271255,35.5333444883223,34.88433333083992,34.97977828979492,37610700,0.0,0.0,5160.64013671875,,433.60791015625,34.97977828979492,-0.029042177845460704,0.26576551190919984,-0.009456980649108493,0.0,-0.008728596408879352,1
2024-04-11 04:00:00+00:00,35.07521581112851,35.07521581112851,34.4071157341746,34.693443298339844,38604000,0.0,0.0,5199.06005859375,,440.5318603515625,34.693443298339844,-0.008219416210817579,0.25542916190166876,0.007444797710585593,0.0,0.015968228515059746,1
2024-04-12 04:00:00+00:00,34.178055054130304,34.44529362790583,33.91081283950228,34.158966064453125,47126100,0.0,0.0,5123.41015625,,433.50897216796875,34.158966064453125,-0.015525614132176926,0.25552364594923477,-0.01455068829580164,0.0,-0.015941839434698735,1
2024-04-15 04:00:00+00:00,34.674363420375954,35.08476402122572,34.13033622951732,34.31167984008789,44392000,0.0,0.0,5061.81982421875,,426.3773193359375,34.31167984008789,0.0044607152989981054,0.2318127855232571,-0.01202135494776202,0.0,-0.016450992458970415,1
2024-04-16 04:00:00+00:00,34.45484168018467,34.52165133405651,32.593710406822105,33.09955596923828,95566100,0.0,0.0,5051.41015625,,426.41693115234375,33.09955596923828,-0.03596594886085756,0.25651651377733026,-0.0020565070133361507,0.0,9.290319773103128e-05,0
2024-04-17 04:00:00+00:00,33.299987031337274,34.12079556308365,33.16636771516522,33.62449264526367,65951400,0.0,0.0,5022.2099609375,,421.2140197753906,33.62449264526367,0.01573488172507545,0.31322946137662194,-0.005780602724641426,0.0,-0.012201465272246192,0
2024-04-18 04:00:00+00:00,33.92036697809246,34.349860242755234,33.57677236636224,34.13988494873047,44506200,0.0,0.0,5011.1201171875,,418.8104248046875,34.13988494873047,0.015211598184679117,0.35333976543757056,-0.002208160119998248,0.0,-0.005706350828457274,0
2024-04-19 04:00:00+00:00,34.45484709904708,35.42836403252836,34.416672748582954,35.28520202636719,56273700,0.0,0.0,4967.22998046875,,410.1455993652344,35.28520202636719,0.032997322619755,0.41019539643081077,-0.00875854812743615,0.0,-0.02068913505076664,0
2024-04-22 04:00:00+00:00,35.31383099242894,36.182360203635625,35.18975435058417,36.010562896728516,43867100,0.0,0.0,5010.60009765625,,414.2702941894531,36.010562896728516,0.02034863922080499,0.42062422124646,0.008731248071466746,0.0,0.010056659953446623,0
2024-04-23 04:00:00+00:00,36.21099084962743,36.66911577479569,36.10600684580297,36.621395111083984,39180300,0.0,0.0,5070.5498046875,,420.4524230957031,36.621395111083984,0.016820326275142152,0.1177377706102466,0.011964576270872662,0.0,0.014922935563955297,0
2024-04-24 04:00:00+00:00,36.28734563455486,36.73592786861516,36.26825664152537,36.573673248291016,28670600,0.0,0.0,5071.6298828125,,421.87677001953125,36.573673248291016,-0.0013039640681949377,0.19526644162255044,0.0002130100613548791,0.0,0.003387653027044024,0
2024-04-25 04:00:00+00:00,36.20145059771697,36.525956229884,35.67651598002564,36.1823616027832,41116000,0.0,0.0,5048.419921875,,419.83917236328125,36.1823616027832,-0.010756919877980824,0.27814133837052446,-0.004576430353515626,0.0,-0.004829840847021871,0
2024-04-26 04:00:00+00:00,36.201444124366205,36.56412768154762,36.05827850838982,36.10600280761719,28668700,0.0,0.0,5099.9599609375,,426.3179931640625,36.10600280761719,-0.0021126172708121733,0.21195693461300605,0.01020914263474304,0.0,0.015431672953030828,0
2024-04-29 04:00:00+00:00,36.115552978582805,36.32552828803357,35.74332666881362,35.838768005371094,26438800,0.0,0.0,5116.169921875,,428.0489501953125,35.838768005371094,-0.0074289216091042954,0.169384302138274,0.0031784486665891176,0.0,0.004060248591440274,0
2024-04-30 04:00:00+00:00,35.64787749045591,35.953294100472135,35.29474021778463,35.32337188720703,30283800,0.0,0.0,5035.68994140625,,419.9776611328125,35.32337188720703,-0.014485374691453307,0.08924521031074077,-0.01573051358686217,0.0,-0.01885599546224137,0
2024-05-01 04:00:00+00:00,35.514262944871156,35.80059060008131,35.09431595995317,35.26611328125,32272000,0.0,0.0,5018.39013671875,,416.94097900390625,35.26611328125,-0.0016222987992732076,0.0879353148278374,-0.0034354388154940185,0.0,-0.007230580123512631,0
2024-05-02 04:00:00+00:00,35.66696644940715,35.78150040869303,34.97978089795773,35.19929885864258,34860300,0.0,0.0,5064.2001953125,,422.2625427246094,35.19929885864258,-0.0018963755579309693,0.08836923718607179,0.009128437077573048,0.0,0.012763350183080169,0
2024-05-03 04:00:00+00:00,35.552433013916016,35.81967161377992,35.39018204709946,35.552433013916016,34082700,0.0,0.0,5127.7900390625,,430.7492980957031,35.552433013916016,0.009982429500301903,0.14268262180168068,0.012556739721478527,0.0,0.02009829078452885,0
2024-05-06 04:00:00+00:00,35.94374611190888,36.06782272915645,35.65741853744364,35.97237777709961,28422300,0.0,0.0,5180.740234375,,435.4674987792969,35.97237777709961,0.01174276685624171,0.16852909028938642,0.01032612390701182,0.0,0.010953472714761103,0
2024-05-07 04:00:00+00:00,35.98193167469042,36.41142494731558,35.98193167469042,36.11555099487305,29119500,0.0,0.0,5187.7001953125,,435.5367736816406,36.11555099487305,0.003972188089312725,0.10076524644543229,0.0013434298232750663,0.0,0.00015908168241707266,0
2024-05-08 04:00:00+00:00,35.981927661188315,36.09645797416226,35.81013037130089,35.99147033691406,32803300,0.0,0.0,5187.669921875,,435.279541015625,35.99147033691406,-0.0034415727661251893,0.10820869841260332,-5.835618166138978e-06,0.0,-0.0005906106706931036,0
2024-05-09 04:00:00+00:00,35.81967489357526,36.66911507022332,35.75286523749192,36.53549575805664,26855400,0.0,0.0,5214.080078125,,436.2291259765625,36.53549575805664,0.015002299255036617,0.1157315289433021,0.005090947698625836,0.0,0.0021815520176340364,0
2024-05-10 04:00:00+00:00,36.72638176083347,37.01270937620028,36.583219773576644,36.697750091552734,27359100,0.0,0.0,5222.68017578125,,437.2579040527344,36.697750091552734,0.004431173222114719,0.11478998878382628,0.001649398844549843,0.0,0.0023583433909160068,0
2024-05-13 04:00:00+00:00,36.860000400215576,37.01270870168515,36.44005348138753,36.468685150146484,24060600,0.0,0.0,5221.419921875,,438.26678466796875,36.468685150146484,-0.006261496519513849,0.1313804034153698,-0.00024130405535727206,0.0,0.0023072896015909894,0
2024-05-14 04:00:00+00:00,36.65003654580656,37.02226288214732,36.621401230112276,36.73593521118164,27594800,0.0,0.0,5246.68017578125,,441.0858154296875,36.73593521118164,0.0073014858081669525,0.13541096815710657,0.004837813139759728,0.0,0.006432225439704453,0
2024-05-15 04:00:00+00:00,37.031799768749785,37.45175035195376,37.012710774890216,37.13678741455078,34084400,0.0,0.0,5308.14990234375,,447.9800720214844,37.13678741455078,0.010852615781667603,0.12767313019394896,0.011715927882596233,0.0,0.015630193378766366,0
2024-05-16 04:00:00+00:00,37.14633168454397,37.56628228576284,36.9459027017005,37.43266296386719,32554200,0.0,0.0,5297.10009765625,,447.070068359375,37.43266296386719,0.00793561171544686,0.10506086186722766,-0.0020816677921287052,0.0,-0.0020313485329894743,0
2024-05-17 04:00:00+00:00,37.652181892207736,37.690359882528725,37.375396923660915,37.499473571777344,25537300,0.0,0.0,5303.27001953125,,446.8525390625,37.499473571777344,0.00178323023213647,0.10738497905782536,0.0011647735102702228,0.0,-0.00048656645181655023,0
2024-05-20 04:00:00+00:00,37.470834995927774,37.67126760723399,37.022256391702506,37.05088806152344,28369800,0.0,0.0,5308.1298828125,,449.9682312011719,37.05088806152344,-0.01203457406516762,0.14460295446094484,0.0009163899374069473,0.0,0.006972528667306355,0
2024-05-21 04:00:00+00:00,37.003165879306216,37.938504677213125,37.003165879306216,37.84306335449219,31799200,0.0,0.0,5321.41015625,,450.8485107421875,37.84306335449219,0.021155375637217894,0.19442026885621908,0.002501874243978186,0.0,0.0019563148684202947,0
2024-05-22 04:00:00+00:00,37.614003146173424,37.995775760005884,37.547193484880765,37.94805145263672,42837600,0.0,0.0,5307.009765625,,450.75958251953125,37.94805145263672,0.0027704610379278285,0.18996600882255066,-0.002706123039226127,0.0,-0.00019724634891182813,0
2024-05-23 04:00:00+00:00,37.95759231004833,38.02440196173006,37.165415524603574,37.38493347167969,39033900,0.0,0.0,5267.83984375,,448.7318115234375,37.38493347167969,-0.014950382497391026,0.22817701606294205,-0.0073807894850155265,0.0,-0.004498564367194313,0
2024-05-24 04:00:00+00:00,37.37539332020276,37.967137549712255,37.289494670689024,37.890785217285156,22166300,0.0,0.0,5304.72021484375,,452.9752197265625,37.890785217285156,0.013440173513440462,0.24881174283860097,0.0070010425881694704,0.0,0.00945644613141794,0
2024-05-28 04:00:00+00:00,37.843061967025534,37.92896061066625,37.32767010518124,37.528099060058594,31217900,0.0,0.0,5306.0400390625,,454.6864318847656,37.528099060058594,-0.00961798776460909,0.2406346249326787,0.0002488018529340774,0.0,0.003777716933911046,0
2024-05-29 04:00:00+00:00,37.06997847515934,37.12724545784831,36.802739837650876,36.955448150634766,26677500,0.0,0.0,5266.9501953125,,451.4816589355469,36.955448150634766,-0.015376877561707112,0.19892527753448966,-0.007367046509680453,0.0,-0.007048314452521298,0
2024-05-30 04:00:00+00:00,36.964982476947654,37.33720867820679,35.876935537620156,36.86954116821289,50989100,0.0,0.0,5235.47998046875,,446.644775390625,36.86954116821289,-0.0023273155063083108,0.18987486019033462,-0.005975035585443322,0.0,-0.010713355568697347,0
2024-05-31 04:00:00+00:00,36.93635919866315,38.25347067518942,36.89818121016015,38.167572021484375,58188400,0.0,0.0,5277.509765625,,445.81390380859375,38.167572021484375,0.034600487546475,0.32009394895619847,0.00802787620486467,0.0,-0.001860251429795845,0
2024-06-03 04:00:00+00:00,38.21529606469423,38.35845807295507,37.56628476618805,38.06258773803711,31898600,0.0,0.0,5283.39990234375,,448.2076110839844,38.06258773803711,-0.002754404559888704,0.310980129670989,0.0011160825806737495,0.0,0.005369297042871812,0
2024-06-04 04:00:00+00:00,37.81442568290349,38.31072853992744,37.6235394085323,37.8716926574707,26974200,0.0,0.0,5291.33984375,,449.4341125488281,37.8716926574707,-0.005027913130218069,0.3027947673064554,0.0015028090913065117,0.0,0.002736458361064953,0
2024-06-05 04:00:00+00:00,38.00531197454935,38.16756658213711,37.718984383288856,38.13893127441406,34140300,0.0,0.0,5354.02978515625,,458.4945983886719,38.13893127441406,0.0070316412161970975,0.2615908926026177,0.011847649793331305,0.0,0.020159764439018568,0
2024-06-06 04:00:00+00:00,38.091214185866136,38.177112835379866,37.62354295165732,37.890785217285156,38676400,0.0,0.0,5352.9599609375,,458.3363342285156,37.890785217285156,-0.006527630239940854,0.2718221531570728,-0.00019981663563317653,0.0,-0.0003451821694573365,0
2024-06-07 04:00:00+00:00,37.71793892194066,38.37089744471535,37.71793892194066,38.198055267333984,25928700,0.24,0.0,5346.990234375,,457.9307861328125,38.198055267333984,0.008076656666595487,0.10941483675909115,-0.0011152197300303701,0.0,-0.000884826415487594,0
2024-06-10 04:00:00+00:00,38.00601649276008,38.255675412394794,37.65072771462946,38.09243392944336,37176200,0.0,0.0,5360.7900390625,,459.780517578125,38.09243392944336,-0.002768927201424739,0.10943925009022373,0.0025808546645145203,0.0,0.004039325376949066,0
2024-06-11 04:00:00+00:00,37.765958268531016,37.78515970134052,36.93055308441579,37.31464767456055,44629000,0.0,0.0,5375.31982421875,,462.93585205078125,37.31464767456055,-0.02062972926953221,0.18557300487695474,0.0027103813151374556,0.0,0.006862697204476742,0
2024-06-12 04:00:00+00:00,38.217259780443996,38.29408015277911,37.54509617449962,37.842769622802734,38964700,0.0,0.0,5421.02978515625,,468.9992370605469,37.842769622802734,0.014053985883257717,0.21393146883573966,0.008503672791998707,0.0,0.013097678615525465,0
2024-06-13 04:00:00+00:00,37.727543755356464,37.78515537318072,37.381859396422634,37.698734283447266,40018700,0.0,0.0,5433.740234375,,471.54132080078125,37.698734283447266,-0.0038134139898120477,0.21080508685528632,0.0023446558536817097,0.0,0.0054202300118160185,0
2024-06-14 04:00:00+00:00,37.54510305059932,37.909992560023916,37.362660127385844,37.67953872680664,32347900,0.0,0.0,5431.60009765625,,473.9844970703125,37.67953872680664,-0.0005093127313478393,0.19574774202488657,-0.000393860697500914,0.0,0.005181255940374774,0
2024-06-17 04:00:00+00:00,37.535493423779435,37.957994459718,37.42986724904561,37.93878936767578,26135400,0.0,0.0,5473.22998046875,,479.7907409667969,37.93878936767578,0.006856847093896061,0.20722940079725607,0.007664386564552705,0.0,0.012249860348540142,0
2024-06-18 04:00:00+00:00,37.986807434671505,38.428513603412576,37.890781965599245,38.39970779418945,30804500,0.0,0.0,5487.02978515625,,479.9390869140625,38.39970779418945,0.012075795168859356,0.12317671350268819,0.0025213273947457537,0.0,0.00030918884963626603,0
2024-06-20 04:00:00+00:00,38.19805614063626,38.70698196922647,38.16925033141314,38.39970779418945,29383300,0.0,0.0,5473.169921875,,476.23974609375,38.39970779418945,0.0,0.10194128290386073,-0.0025259318472709014,0.0,-0.007707938197113129,0
2024-06-21 04:00:00+00:00,38.26527068286594,38.3228859621191,37.80435943783157,37.91958999633789,72244900,0.0,0.0,5464.6201171875,,474.9637756347656,37.91958999633789,-0.012581985042906422,0.1473387526155808,-0.001562130321101196,0.0,-0.0026792607493394405,0
2024-06-24 04:00:00+00:00,38.18845440149254,38.735786740041966,38.07322750469188,38.42851257324219,31064900,0.0,0.0,5447.8701171875,,469.55645751953125,38.42851257324219,0.013331833998528539,0.16863727275124843,-0.003065171894990004,0.0,-0.011384695828661417,0
2024-06-25 04:00:00+00:00,38.198055726887375,38.476524089684986,37.785155371841824,37.81396484375,30596000,0.0,0.0,5469.2998046875,,474.9261474609375,37.81396484375,-0.01612122428391428,0.21585692635047884,0.003933590015736899,0.0,0.011435664136687729,0
2024-06-26 04:00:00+00:00,37.61232307966566,37.78516530456209,36.94016294173287,37.4490852355957,44310200,0.0,0.0,5477.89990234375,,475.9068908691406,37.4490852355957,-0.00969619133104718,0.1885457147810149,0.0015724312002203256,0.0,0.002065044035680863,0
2024-06-27 04:00:00+00:00,37.161009210266045,37.78515831764808,36.815324824394224,37.68913650512695,29464200,0.0,0.0,5482.8701171875,,477.1353759765625,37.68913650512695,0.00638961318718987,0.2040674178608223,0.0009073212238914774,0.0,0.0025813559983935974,0
2024-06-28 04:00:00+00:00,38.159647866414005,38.46692202736274,37.75634824079571,38.188453674316406,52028200,0.0,0.0,5460.47998046875,,474.6585998535156,38.188453674316406,0.013161313521906866,0.2152900655228656,-0.004083652583445674,0.0,-0.005190929551131318,0
2024-07-01 04:00:00+00:00,38.32288536459952,38.73578570198358,38.09242791417708,38.418907165527344,26770500,0.0,0.0,5475.08984375,,477.4424743652344,38.418907165527344,0.006016502431432293,0.1950923302182139,0.0026755639309195,0.0,0.005865003841872607,0
2024-07-02 04:00:00+00:00,38.409309464307654,39.33113201233171,38.370899275724014,39.30232620239258,35626100,0.0,0.0,5509.009765625,,482.45550537109375,39.30232620239258,0.022733995504475895,0.18833608421967088,0.006195317856513505,0.0,0.010499759185699231,0
2024-07-03 04:00:00+00:00,39.38874832911813,39.56159051928421,39.12948504386902,39.273521423339844,17100700,0.0,0.0,5537.02001953125,,486.477783203125,39.273521423339844,-0.0007331713551534409,0.1408879295909522,0.005084444409779065,0.0,0.008337095933722338,0
2024-07-05 04:00:00+00:00,39.30232282347638,39.331128630939006,38.68777451096122,38.803001403808594,23489000,0.0,0.0,5567.18994140625,,491.5502014160156,38.803001403808594,-0.01205293726323699,0.21036007387037378,0.005448765178485582,0.0,0.010426823974349242,0
2024-07-08 04:00:00+00:00,38.98544502296472,39.40794974301656,38.82220722694247,39.0046501159668,26728500,0.0,0.0,5572.85009765625,,492.71923828125,39.0046501159668,0.005183273358919865,0.20021167043806945,0.0010166989647510949,0.0,0.0023782654586788077,1
2024-07-09 04:00:00+00:00,39.13908512650677,40.16653753497996,38.98544803362244,39.7728385925293,34697200,0.0,0.0,5576.97998046875,,493.1452331542969,39.7728385925293,0.019503359128654054,0.22866769065711104,0.0007410719362856977,0.0,0.0008645793383932343,1
2024-07-10 04:00:00+00:00,39.63841019933041,40.0993215199043,39.43676218339137,40.08012008666992,25333400,0.0,0.0,5633.91015625,,498.2870178222656,40.08012008666992,0.0076962210532589125,0.18367215718783864,0.010208065293514812,0.0,0.010426511952838835,1
2024-07-11 04:00:00+00:00,40.10891723892561,40.23374850598002,39.7440278153033,40.1473274230957,33824600,0.0,0.0,5584.5400390625,,487.3594665527344,40.1473274230957,0.0016754204261253942,0.18059869536193993,-0.008763028841120457,0.0,-0.02193023474159428,1
2024-07-12 04:00:00+00:00,39.840055315575064,40.252951996055515,39.45596078020172,39.93607711791992,31856600,0.0,0.0,5615.35009765625,,490.22265625,39.93607711791992,-0.005275769589889199,0.14450019304567027,0.0055170270744306915,0.0,0.005874903215727034,1
2024-07-15 04:00:00+00:00,40.1857414200126,40.55063091151521,40.04170869707554,40.224151611328125,36648100,0.0,0.0,5631.22021484375,,491.5402526855469,40.224151611328125,0.00718749779379572,0.14469968861310636,0.0028262026252154904,0.0,0.0026877510020160145,1
2024-07-16 04:00:00+00:00,40.829097158513825,42.63433576250757,40.54102806478011,42.37507247924805,75953300,0.0,0.0,5667.2001953125,,491.7284851074219,42.37507247924805,0.05209267454733212,0.3595387553317179,0.006389375498743188,0.0,0.00038294406378036605,0
2024-07-17 04:00:00+00:00,41.9141660139628,42.67274719328097,41.9141660139628,42.231040954589844,65713600,0.0,0.0,5588.27001953125,,477.2938537597656,42.231040954589844,-0.003404757834899847,0.3774165104061515,-0.013927543241993745,0.0,-0.029354881372192443,0
2024-07-18 04:00:00+00:00,41.885348849343245,42.480695753608224,41.22278961291584,41.29960632324219,48549200,0.0,0.0,5544.58984375,,475.03509521484375,41.29960632324219,-0.022302550492314863,0.44491063482461335,-0.007816403936922511,0.0,-0.004732427470266032,0
2024-07-19 04:00:00+00:00,41.155574797588756,41.82773843144941,40.99233333109538,41.19398498535156,43903000,0.0,0.0,5505.0,,470.8245544433594,41.19398498535156,-0.002560717600745073,0.4411078175349473,-0.007140265531926926,0.0,-0.008863641473857986,0
2024-07-22 04:00:00+00:00,40.944322901697326,41.165175989393504,40.29136435416205,40.61784362792969,42838300,0.0,0.0,5564.41015625,,477.8387756347656,40.61784362792969,-0.014084781914424822,0.463402976444612,0.01079203564940956,0.0,0.014897738712244868,0
2024-07-23 04:00:00+00:00,40.541022088051484,41.07875000694769,40.473806098189456,40.72346496582031,36705100,0.0,0.0,5555.740234375,,476.1545715332031,40.72346496582031,0.0025969928214603605,0.15965010332696897,-0.001558102589770738,0.0,-0.0035246283630397945,0
2024-07-24 04:00:00+00:00,40.59863574667944,41.04994626963916,40.396987766930295,40.51221466064453,36567200,0.0,0.0,5427.1298828125,,459.0747375488281,40.51221466064453,-0.005200935902442139,0.15691342666398225,-0.02314909375473495,0.0,-0.03587035598414701,0
2024-07-25 04:00:00+00:00,40.348982193628494,40.61784620212472,40.00329780384914,40.02250289916992,41593900,0.0,0.0,5399.22021484375,,454.0122375488281,40.02250289916992,-0.012161656791906656,0.10920776659530898,-0.005142620237842288,0.0,-0.011027616172108679,0
2024-07-26 04:00:00+00:00,39.92647625277053,40.291362030706665,39.763234793801665,40.01289367675781,52049300,0.0,0.0,5459.10009765625,,458.6685485839844,40.01289367675781,-0.0002401243167244277,0.11526446003631904,0.011090468702846357,0.0,0.010255915259675064,0
2024-07-29 04:00:00+00:00,40.11852240167656,40.21454787274876,39.35033694808479,39.455963134765625,37133100,0.0,0.0,5463.5400390625,,459.58990478515625,39.455963134765625,-0.014016551448243706,0.11495678059724912,0.0008133101292933098,0.0,0.002008762545451015,0
2024-07-30 04:00:00+00:00,39.417555557289425,40.22415125273762,39.18710173744561,39.63840866088867,44163200,0.0,0.0,5436.43994140625,,453.2791442871094,39.63840866088867,0.004613371231510307,0.12471759937203199,-0.004960171878030217,0.0,-0.013731286158247924,0
2024-07-31 04:00:00+00:00,39.59039789109629,39.734434276246716,38.620564375142045,38.70698547363281,50851600,0.0,0.0,5522.2998046875,,466.6933288574219,38.70698547363281,-0.023778476933512545,0.18022224344134355,0.0157933986591674,0.0,0.029593650489720957,0
2024-08-01 04:00:00+00:00,38.83181291271061,38.841417291939564,37.429873911072605,37.929195404052734,60107800,0.0,0.0,5446.68017578125,,455.3893127441406,37.929195404052734,-0.020298944119325084,0.19733047623173,-0.013693502993456064,0.0,-0.024221507817470234,0
2024-08-02 04:00:00+00:00,36.48884053916551,36.9977626692633,35.701450062675896,36.08554458618164,76728000,0.0,0.0,5346.56005859375,,444.5806884765625,36.08554458618164,-0.04982878465134788,0.31183933741539116,-0.018381860868696753,0.0,-0.023734909812543004,0
2024-08-05 04:00:00+00:00,34.23229884025013,35.49020139246254,33.74257808879563,35.19253158569336,76075200,0.0,0.0,5186.330078125,,431.3250427246094,35.19253158569336,-0.02505846893932189,0.30682767082229534,-0.02996879838863975,0.0,-0.029816062855487546,0
2024-08-06 04:00:00+00:00,35.19253782158034,35.82629139934996,35.086911614785755,35.45179748535156,40614100,0.0,0.0,5240.02978515625,,435.4463195800781,35.45179748535156,0.0073400672664491184,0.3224287756620467,0.010354085880061037,0.0,0.009554921340609646,0
2024-08-07 04:00:00+00:00,36.5848741700425,37.05538993035135,35.78788272106786,35.816688537597656,44952400,0.0,0.0,5199.5,,430.7305603027344,35.816688537597656,0.010239988557707419,0.39503873733025235,-0.007734647858502863,0.0,-0.010829714399449686,0
2024-08-08 04:00:00+00:00,36.316004330121814,36.89214254694021,36.16236722810375,36.690494537353516,36557800,0.0,0.0,5319.31005859375,,443.9070129394531,36.690494537353516,0.024103772025497277,0.4782198411587507,0.023042611519136447,0.0,0.030590939791822036,0
2024-08-09 04:00:00+00:00,36.642478792922496,36.920947148258705,36.40242062376996,36.75770568847656,26411200,0.0,0.0,5344.16015625,,446.22528076171875,36.75770568847656,0.001830165196062793,0.28649868261219047,0.004671676849538509,0.0,0.005222417656604694,0
2024-08-12 04:00:00+00:00,36.96895908629551,37.1898121685501,36.49844344984213,36.65208053588867,33040600,0.0,0.0,5344.39013671875,,447.18621826171875,36.65208053588867,-0.002877687864557484,0.16287711384299874,4.303397765514916e-05,0.0,0.0021534806328311618,0
2024-08-13 04:00:00+00:00,36.84412853005271,36.949754715588234,36.60407034947092,36.93054962158203,21553500,0.0,0.0,5434.43017578125,,458.28216552734375,36.93054962158203,0.0075689171349086,0.16281552437596594,0.016847579753558328,0.0,0.024812811335636953,0
2024-08-14 04:00:00+00:00,36.98816750658444,37.372258424746796,36.90174640897336,37.26663589477539,25658900,0.0,0.0,5455.2099609375,,458.4308166503906,37.26663589477539,0.009059334783244005,0.16208536086542888,0.0038237284285767004,0.0,0.00032436593485107856,0
2024-08-15 04:00:00+00:00,37.86197308974169,38.10203124848314,37.42026695677664,37.47787857055664,37379800,0.0,0.0,5543.22021484375,,470.01220703125,37.47787857055664,0.005652407797966626,0.07644986373389,0.016133247764330783,0.0,0.025263114869722214,0
2024-08-16 04:00:00+00:00,37.44907917339176,37.85237519086644,37.43947845711745,37.77555847167969,26886600,0.0,0.0,5554.25,,470.6165466308594,37.77555847167969,0.007911438081539122,0.07653023898400693,0.001989779357261412,0.0,0.0012857955401341936,0
2024-08-19 04:00:00+00:00,37.90999101367175,38.15965359630394,37.88118520144399,38.09243392944336,27268900,0.0,0.0,5608.25,,476.79852294921875,38.09243392944336,0.008353385672627833,0.020280907352359833,0.009722284736913167,0.0,0.013135909399310641,0
2024-08-20 04:00:00+00:00,37.564301870208155,37.67953243055941,36.81532154291013,37.15140151977539,44440800,0.0,0.0,5597.1201171875,,475.79791259765625,37.15140151977539,-0.025014181461201643,0.2334403505585226,-0.0019845553982971165,0.0,-0.002098602037131414,0
2024-08-21 04:00:00+00:00,37.32424943704653,37.439480015118,36.86333811375342,37.209022521972656,33751100,0.0,0.0,5620.85009765625,,478.0171203613281,37.209022521972656,0.0015497763621626268,0.22336734961451646,0.004239676828782013,0.0,0.00466418137808966,0
2024-08-22 04:00:00+00:00,37.23782883097787,37.72754963681044,37.03618081116335,37.67953872680664,35421600,0.0,0.0,5570.64013671875,,470.4382019042969,37.67953872680664,0.0125659349916048,0.23978182151200705,-0.008932805548120926,0.0,-0.015854910073727968,0
2024-08-23 04:00:00+00:00,37.70833733995939,38.572544544003854,37.70833733995939,38.188453674316406,45616600,0.0,0.0,5634.60986328125,,475.54034423828125,38.188453674316406,0.013416002312512717,0.2525177933238755,0.01148337085011919,0.0,0.010845510235629963,0
2024-08-26 04:00:00+00:00,38.40931321303403,38.601360511698715,38.08283390420334,38.33249282836914,44659500,0.0,0.0,5616.83984375,,470.9236755371094,38.33249282836914,0.0037647031501306235,0.2474950600169409,-0.0031537266931381813,0.0,-0.009708258735789954,0
2024-08-27 04:00:00+00:00,38.409312515938645,38.53414380725474,38.03482230498784,38.09243392944336,32323900,0.0,0.0,5625.7998046875,,472.3304443359375,38.09243392944336,-0.0062822353552089705,0.13013012554071876,0.0015951960865450143,0.0,0.0029872543511932914,0
2024-08-28 04:00:00+00:00,37.775555066557814,38.66857178246579,37.76595435114893,38.361297607421875,40700500,0.0,0.0,5592.18017578125,,466.9706726074219,38.361297607421875,0.007033398656526444,0.1267420153837408,-0.00597597320797616,0.0,-0.011347504258488073,0
2024-08-29 04:00:00+00:00,38.457321007928186,38.73578938529355,37.95799953703083,38.572547912597656,34810800,0.0,0.0,5591.9599609375,,466.28717041015625,38.572547912597656,0.005491752938608469,0.11323416351331958,-3.937906806072977e-05,0.0,-0.0014636940548089505,0
2024-08-30 04:00:00+00:00,38.572545548688126,39.23510845167637,38.53413902481688,39.12948226928711,49098200,0.0,0.0,5648.39990234375,,471.844970703125,39.12948226928711,0.0143353756135561,0.11779650476174312,0.010093051774424433,0.0,0.011919264877221503,0
2024-09-03 04:00:00+00:00,38.96625120138213,39.27352542341885,38.63016750271857,39.081478118896484,48489300,0.0,0.0,5528.93017578125,,457.5193176269531,39.081478118896484,-0.001227555733377033,0.12580340098254533,-0.02115107439771169,0.0,-0.03036093201295409,0
2024-09-04 04:00:00+00:00,39.043064281738936,39.32153266415871,38.67817480349913,38.889427185058594,39629600,0.0,0.0,5520.06982421875,,456.3304443359375,38.889427185058594,-0.004926230405456901,0.11909897925696682,-0.0016025435809103872,0.0,-0.0025985204235353665,0
2024-09-05 04:00:00+00:00,39.17749274326081,39.31192473283375,38.41890804438835,38.543739318847656,34214500,0.0,0.0,5503.41015625,,456.75653076171875,38.543739318847656,-0.008928736312943011,0.14563445561754296,-0.003018017615584734,0.0,0.0009337234257980054,0
2024-09-06 04:00:00+00:00,38.43743334789133,38.54374818520459,37.26797751120305,37.461273193359375,47007600,0.26,0.0,5408.419921875,,444.5212097167969,37.461273193359375,-0.02848599812477927,0.24484038105280398,-0.01726024985928465,0.0,-0.026787402523872905,0
2024-09-09 04:00:00+00:00,37.93485037050983,38.379436267071405,37.789874945297996,38.14748001098633,37610200,0.0,0.0,5471.0498046875,,450.23760986328125,38.14748001098633,0.018152016275633818,0.26530442151764994,0.0115800702824842,0.0,0.012859679181846717,0
2024-09-10 04:00:00+00:00,38.505081712852906,38.505081712852906,37.0456788881988,37.963844299316406,53983900,0.0,0.0,5495.52001953125,,454.39862060546875,37.963844299316406,-0.004825459802850242,0.26323166980920465,0.004472672652839682,0.0,0.009241810659600391,0
2024-09-11 04:00:00+00:00,37.68357018055283,37.722227105181304,36.73640363301764,37.693233489990234,41190000,0.0,0.0,5554.1298828125,,464.2660827636719,37.693233489990234,-0.007153645667181919,0.26323930084842434,0.010665025888896507,0.0,0.021715431585278777,0
2024-09-12 04:00:00+00:00,37.74155585097454,38.01217643346148,37.23897898278874,37.4806022644043,39921600,0.0,0.0,5595.759765625,,468.8233337402344,37.4806022644043,-0.005657069125487206,0.26216306297402014,0.007495302358939249,0.0,0.009816032542016018,0
2024-09-13 04:00:00+00:00,37.57724670059662,37.78020933401588,37.15198744557188,37.35495376586914,31887300,0.0,0.0,5626.02001953125,,470.9236755371094,37.35495376586914,-0.003357992464255823,0.16755285189421817,0.005407711405364557,0.0,0.004480028287241256,0
2024-09-16 04:00:00+00:00,37.50960243383137,37.896197501854,37.49027212739839,37.78988265991211,26336400,0.0,0.0,5633.08984375,,468.8431396484375,37.78988265991211,0.011575878568919042,0.12141621937398897,0.0012566297656613212,0.0,-0.004417989573998193,0
2024-09-17 04:00:00+00:00,37.96384275036931,38.466419538102436,37.896188537297355,38.224796295166016,27769400,0.0,0.0,5634.580078125,,469.0908203125,38.224796295166016,0.01144301040127593,0.148494894220729,0.00026455008109871336,0.0,0.0005282804484421089,0
2024-09-18 04:00:00+00:00,38.29245376586914,38.775700292852925,38.09915441769995,38.29245376586914,42527800,0.0,0.0,5618.259765625,,467.0598449707031,38.29245376586914,0.001768424460664759,0.1283767180743487,-0.002896455862498093,0.0,-0.004329599416257768,0
2024-09-19 04:00:00+00:00,38.698381106666986,39.674537427098755,38.669383809213784,39.50056838989258,57977800,0.0,0.0,5713.64013671875,,478.8691101074219,39.50056838989258,0.0310622142591356,0.20896783201677316,0.01697685316676334,0.0,0.025284265525886696,0
2024-09-20 04:00:00+00:00,39.2589482918796,39.36526312170293,38.891683572153525,38.920677185058594,70725000,0.0,0.0,5702.5498046875,,477.95770263671875,38.920677185058594,-0.014789404844094281,0.26497493548608453,-0.0019410273951238066,0.0,-0.0019032496593874848,0
2024-09-23 04:00:00+00:00,38.86268447360971,39.08497743164305,38.41809855754304,38.53407669067383,31714800,0.0,0.0,5718.56982421875,,479.224609375,38.53407669067383,-0.009982697912430304,0.2906866499334235,0.0028092730585327352,0.0,0.002650667059641787,0
2024-09-24 04:00:00+00:00,38.51474594152864,38.64039106831169,37.93485159570863,38.128150939941406,32534900,0.0,0.0,5732.93017578125,,481.53619384765625,38.128150939941406,-0.010590079547084682,0.29669167217827047,0.0025111788443470395,0.0,0.004823593003020044,0
2024-09-25 04:00:00+00:00,37.934852600097656,38.089491342202535,37.63523842426014,37.934852600097656,28866000,0.0,0.0,5722.259765625,,481.9826354980469,37.934852600097656,-0.005082595926186389,0.29736834445533133,-0.0018612489301417234,0.0,0.0009271196144642335,0
2024-09-26 04:00:00+00:00,38.07016327315989,38.38910777134121,37.79954638031174,38.19580841064453,39601400,0.0,0.0,5745.3701171875,,485.60382080078125,38.19580841064453,0.0068554989307070035,0.13227219904051496,0.00403867571712313,0.0,0.007513103244876307,0
2024-09-27 04:00:00+00:00,38.32145344819884,38.56307672671994,38.0315025644706,38.079830169677734,27861100,0.0,0.0,5738.169921875,,482.9052734375,38.079830169677734,-0.0030410320386637752,0.1118216621838375,-0.0012532169669905446,0.0,-0.005557096644814741,0
2024-09-30 04:00:00+00:00,37.915525952145366,38.45676344513572,37.71256327485353,38.35044860839844,35055200,0.0,0.0,5762.47998046875,,484.21484375,38.35044860839844,0.007081475403329692,0.12291528150854467,0.004236552581176722,0.0,0.002711857551643604,0
2024-10-01 04:00:00+00:00,38.18614110035836,38.23446870529354,37.6352403233807,37.905860900878906,26291200,0.0,0.0,5708.75,,477.4685363769531,37.905860900878906,-0.01166048416985246,0.1283174147618634,-0.009324107094664358,0.0,-0.013932467085891354,0
2024-10-02 04:00:00+00:00,37.934850016661954,38.21513386978869,37.7415506804753,37.91551971435547,23302700,0.0,0.0,5709.5400390625,,478.1431884765625,37.91551971435547,0.0002547780969018685,0.12356978023597456,0.00013839090212397487,0.0,0.0014129770826967203,0
2024-10-03 04:00:00+00:00,37.67389903150597,37.95418290372057,37.43227576653719,37.934852600097656,26030200,0.0,0.0,5699.93994140625,,477.7860412597656,37.934852600097656,0.0005097637775776568,0.10833326957901464,-0.001681413492255035,0.0,-0.0007469461563068824,0
2024-10-04 04:00:00+00:00,38.59206794262784,38.90134542496926,38.2924537686003,38.76603698730469,34209900,0.0,0.0,5751.06982421875,,483.47076416015625,38.76603698730469,0.021674244729474223,0.19318981076342084,0.008970249395274354,0.0,0.011898051448723468,0
2024-10-07 04:00:00+00:00,38.86268650642884,39.08497947608981,38.37943995841491,38.621063232421875,27177500,0.0,0.0,5695.93994140625,,478.2920227050781,38.621063232421875,-0.003746720682523569,0.19607006796300502,-0.009586022165882668,0.0,-0.010711591763101103,1
2024-10-08 04:00:00+00:00,38.70804585199075,38.80469736896014,38.47608958502097,38.59206771850586,26023600,0.0,0.0,5751.1298828125,,485.43511962890625,38.59206771850586,-0.0007510514059433932,0.16272796288848096,0.009689347495581924,0.0,0.014934593480001812,1
2024-10-09 04:00:00+00:00,38.534075799039684,39.036652613481884,38.38910405770027,38.843353271484375,27421000,0.0,0.0,5792.0400390625,,489.25469970703125,38.843353271484375,0.006490219381241357,0.16068920745046134,0.007113411987488272,0.0,0.007868363708511517,1
2024-10-10 04:00:00+00:00,38.6693827780387,38.78536459100217,38.437426525868084,38.6307258605957,26182300,0.0,0.0,5780.0498046875,,488.69915771484375,38.6307258605957,-0.005489008636914713,0.17579564462774055,-0.002070122839989974,0.0,-0.0011354862661925313,1
2024-10-11 04:00:00+00:00,39.14297203194961,40.75701380035538,39.04632419304197,40.54438781738281,50660700,0.0,0.0,5815.02978515625,,489.4630432128906,40.54438781738281,0.04834940286222887,0.35692617791484293,0.006051847587953629,0.0,0.0015630996820596987,1
2024-10-14 04:00:00+00:00,40.554049778443165,40.766679441226316,40.32209349802391,40.5057258605957,28098900,0.0,0.0,5859.85009765625,,493.57037353515625,40.5057258605957,-0.0009540260454936948,0.3511615293659366,0.0077076668832223305,0.0,0.008391502441746468,1
2024-10-15 04:00:00+00:00,41.78150128188288,41.90714643227887,40.641038992144594,40.728023529052734,61490000,0.0,0.0,5815.259765625,,486.972900390625,40.728023529052734,0.005473050918474914,0.3423518779063848,-0.007609466332438197,0.0,-0.013366833785580345,0
2024-10-16 04:00:00+00:00,40.795670898055825,41.65584912565793,40.73768367445558,41.365901947021484,42437800,0.0,0.0,5842.47021484375,,487.03240966796875,41.365901947021484,0.01554052268637544,0.3412449189342096,0.004679145956573816,0.0,0.0001222024414417877,0
2024-10-17 04:00:00+00:00,41.3949040946435,41.55920616326153,41.046965964771395,41.172607421875,31708600,0.0,0.0,5841.47021484375,,487.3697204589844,41.172607421875,-0.004683750166828248,0.3385956932131992,-0.00017116047891174713,0.0,0.0006925838698199627,0
2024-10-18 04:00:00+00:00,41.00830381739779,41.22093348588477,40.69902631062328,40.9019889831543,30593500,0.0,0.0,5864.669921875,,490.5643005371094,40.9019889831543,-0.0065944745700685795,0.1425117491757048,0.00397155273894878,0.0,0.006554736463965094,0
2024-10-21 04:00:00+00:00,40.834339228362346,40.98897799867507,40.341429300140284,40.360755920410156,26589500,0.0,0.0,5853.97998046875,,491.5068054199219,40.360755920410156,-0.013320767506046242,0.17955720052063073,-0.0018227694906369774,0.0,0.0019212667570398523,0
2024-10-22 04:00:00+00:00,40.25444157052117,40.98897474956184,40.17712034805436,40.882659912109375,37104400,0.0,0.0,5851.2001953125,,492.0425109863281,40.882659912109375,0.012848085366649494,0.2018274284026203,-0.0004748538883844189,0.0,0.0010899250234155389,0
2024-10-23 04:00:00+00:00,40.78601341200923,41.04696701609705,40.61204434261735,40.921321868896484,28569400,0.0,0.0,5797.419921875,,484.50250244140625,40.921321868896484,0.0009452341762337705,0.1558375684503912,-0.009191323428069387,0.0,-0.015323896567000839,0
2024-10-24 04:00:00+00:00,40.90198373036824,41.23059149997494,40.56371265292526,41.22092819213867,28392000,0.0,0.0,5809.85986328125,,488.4313049316406,41.22092819213867,0.007294848914976661,0.16646228316926362,0.002145772011323821,0.0,0.008108941585311058,0
2024-10-25 04:00:00+00:00,41.481879629182224,41.5398705390291,40.38974514532042,40.486392974853516,27466900,0.0,0.0,5808.1201171875,,491.4075927734375,40.486392974853516,-0.017980151482727965,0.20985748547286906,-0.00029944716993013376,0.0,0.0060935648713453805,0
2024-10-28 04:00:00+00:00,40.66036223913654,41.317577806803214,40.602371328973575,41.191932678222656,24527600,0.0,0.0,5823.52001953125,,491.4869689941406,41.191932678222656,0.0172764866710418,0.21850365240122469,0.0026514435020339455,0.0,0.0001615282748381741,0
2024-10-29 04:00:00+00:00,41.16294086386688,41.37557052353667,41.04696272535542,41.104949951171875,22313500,0.0,0.0,5832.919921875,,496.2093505859375,41.104949951171875,-0.0021138773829991763,0.20613322232423176,0.001614127248163344,0.0,0.009608355642595212,0
2024-10-30 04:00:00+00:00,40.312424494362624,41.46255359098864,40.24477027537032,40.8923225402832,38100500,0.0,0.0,5813.669921875,,492.459228515625,40.8923225402832,-0.005186218541471746,0.21093429498249003,-0.003300233889343751,0.0,-0.007557540110609051,0
2024-10-31 04:00:00+00:00,40.872996092671634,41.12428268879526,40.399412828169446,40.41874313354492,28138200,0.0,0.0,5705.4501953125,,480.0281982421875,40.41874313354492,-0.01164871614712776,0.21172939866067864,-0.018614700871699585,0.0,-0.025242760321310675,0
2024-11-01 04:00:00+00:00,40.73769137949657,41.008308305824045,40.35109261027522,40.360755920410156,31220000,0.0,0.0,5728.7998046875,,483.5798645019531,40.360755920410156,-0.0014356915745752136,0.1712800137431361,0.004092509543626166,0.0,0.007398870051325002,0
2024-11-04 05:00:00+00:00,40.2157767889227,40.61203879577583,39.732530259254084,39.945159912109375,31110100,0.0,0.0,5712.68994140625,,482.171142578125,39.945159912109375,-0.010350413521987158,0.0741711522884638,-0.002812083478299976,0.0,-0.002913111209208452,0
2024-11-05 05:00:00+00:00,40.119125260266884,40.602371789807876,39.993483817138696,40.47673034667969,30851400,0.0,0.0,5782.759765625,,488.3221740722656,40.47673034667969,0.013219738415507535,0.15856702319374824,0.012265644545291332,0.0,0.012756946550661619,0
2024-11-06 05:00:00+00:00,43.29889301721462,44.02376289033834,42.525699223258414,43.88845443725586,110086700,0.0,0.0,5929.0400390625,,501.5865478515625,43.88845443725586,0.08092403896915898,0.6131956401932456,0.025295927786425976,0.0,0.027163160887578197,0
2024-11-07 05:00:00+00:00,43.53084720827765,43.71447955776546,43.018603392332345,43.269893646240234,48339700,0.0,0.0,5973.10009765625,,509.4836120605469,43.269893646240234,-0.014194192294030367,0.6201671118828723,0.007431229727488331,0.0,0.015744170657705503,0
2024-11-08 05:00:00+00:00,43.62749930761059,43.97543742438544,43.443866940147736,43.617835998535156,38331800,0.0,0.0,5995.5400390625,,510.0789489746094,43.617835998535156,0.008009052914841247,0.6092381611334605,0.0037568333092317108,0.0,0.001168510428931624,0
2024-11-11 05:00:00+00:00,44.072086962643226,44.96126259390801,44.05276034374687,44.536006927490234,43293500,0.0,0.0,6001.35009765625,,509.7814025878906,44.536006927490234,0.02083185719054466,0.5643813694712471,0.0009690634297987444,0.0,-0.0005833339864679266,0
2024-11-12 05:00:00+00:00,44.59398876155435,44.89360293449488,44.304041583771024,44.32337188720703,38155900,0.0,0.0,5983.990234375,,508.858642578125,44.32337188720703,-0.004785886396717555,0.5951782848153523,-0.00289265965137242,0.0,-0.0018101092057914991,0
2024-11-13 05:00:00+00:00,44.65197898686452,44.92259585706036,44.294377595980265,44.33303451538086,36903900,0.0,0.0,5985.3798828125,,508.203857421875,44.33303451538086,0.00021797924378313485,0.2103330413392992,0.00023222772482434095,0.0,-0.0012867722024578754,0
2024-11-14 05:00:00+00:00,44.41035776061544,44.61332042255198,44.19772810322753,44.36203384399414,35733100,0.0,0.0,5949.169921875,,504.6719970703125,44.36203384399414,0.0006539107570023405,0.1581926409823463,-0.006049734794859041,0.0,-0.0069496921363007,0
2024-11-15 05:00:00+00:00,44.091413568393115,45.27053631357955,44.091413568393115,45.18355178833008,40488900,0.0,0.0,5870.6201171875,,492.647705078125,45.18355178833008,0.01834911208942733,0.1853453548642784,-0.013203489851361216,0.0,-0.02382595440601043,0
2024-11-18 05:00:00+00:00,45.183553703130336,45.4445072899375,44.932267112248645,45.15456008911133,32360300,0.0,0.0,5893.6201171875,,496.07049560546875,45.15456008911133,-0.000641848708403205,0.142524188989865,0.003917814394541086,0.0,0.006947744792195731,0
2024-11-19 05:00:00+00:00,44.44902079048453,45.057908809469644,44.41036018032966,44.85494613647461,28534100,0.0,0.0,5916.97998046875,,499.4832763671875,44.85494613647461,-0.006657409240455169,0.14922723435688506,0.003963584828470035,0.0,0.006879628584952169,0
2024-11-20 05:00:00+00:00,45.009580049437545,45.077234266493015,44.381358106061526,44.51667022705078,28021000,0.0,0.0,5917.10986328125,,499.195556640625,44.51667022705078,-0.007570133307398356,0.16568532646925763,2.195086225209586e-05,0.0,-0.0005760347546671651,0
2024-11-21 05:00:00+00:00,44.83561649610087,45.47350182559836,44.748631965402176,44.90327072143555,45336500,0.0,0.0,5948.7099609375,,500.9913024902344,44.90327072143555,0.00864690580403907,0.1746354360715627,0.0053404615405816536,0.0,0.0035972793141307857,0
2024-11-22 05:00:00+00:00,44.81629056816499,45.63781203542331,44.72930602897008,45.4251823425293,37996200,0.0,0.0,5969.33984375,,501.7948913574219,45.4251823425293,0.011555991748443618,0.13854104501661746,0.003467959094991535,0.0,0.001603997640663879,0
2024-11-25 05:00:00+00:00,45.676460605042706,46.140380520445575,45.5798127733462,45.90842056274414,42718600,0.0,0.0,5987.3701171875,,502.58856201171875,45.90842056274414,0.010581926347774955,0.15207380703571396,0.003020480305938378,0.0,0.0015816634803711427,0
2024-11-26 05:00:00+00:00,45.918087327086695,46.237031832071025,45.6281401232965,46.150047302246094,30301500,0.0,0.0,6021.6298828125,,505.2870788574219,46.150047302246094,0.005249431148956613,0.12375736473125523,0.005722005647630368,0.0,0.00536923648819565,0
2024-11-27 05:00:00+00:00,46.21770029148454,46.37233904183101,46.05339823225082,46.169376373291016,23278400,0.0,0.0,5998.740234375,,501.3087158203125,46.169376373291016,0.0004187433274128314,0.07198644998463939,-0.003801238017440034,0.0,-0.007873470752716272,0
2024-11-29 05:00:00+00:00,46.19836706031544,46.468987621437805,45.90841988264285,45.91808319091797,23262000,0.0,0.0,6032.3798828125,,505.71368408203125,45.91808319091797,-0.005457720461144989,0.11312932955854965,0.005607785488815242,0.0,0.008786937315683252,0
2024-12-02 05:00:00+00:00,46.14038645413433,46.21770399205894,45.280204419150216,45.46384048461914,35891500,0.0,0.0,6047.14990234375,,511.2198181152344,45.46384048461914,-0.009941713401939455,0.12998418155011887,0.0024484564662998753,0.0,0.010887848611804474,0
2024-12-03 05:00:00+00:00,45.78277589783182,45.88909072590669,45.086903391404576,45.25120544433594,38123800,0.0,0.0,6049.8798828125,,512.7874145507812,45.25120544433594,-0.004687985935138188,0.0928185530513527,0.0004514491145146682,0.0,0.003066384322357285,0
2024-12-04 05:00:00+00:00,45.12556167787597,45.21254620467139,44.584327899485444,44.8162841796875,24941300,0.0,0.0,6086.490234375,,519.126953125,44.8162841796875,-0.009657749915348535,0.06736910563843422,0.006051417924264779,0.0,0.012362898141274448,0
2024-12-05 05:00:00+00:00,44.999926643620405,45.657142342675414,44.94193572186409,45.4251823425293,31572100,0.0,0.0,6075.10986328125,,517.6882934570312,45.4251823425293,0.013495068889426762,0.15333029547054863,-0.0018697756269248078,0.0,-0.002771306053959255,0
2024-12-06 05:00:00+00:00,45.73617541116823,45.73617541116823,45.094741753885835,45.43489456176758,28931700,0.26,0.0,6090.27001953125,,522.3214721679688,45.43489456176758,0.00021378408661263057,0.15347214835363654,0.0024954538421815275,0.0,0.008949745956196908,0
2024-12-09 05:00:00+00:00,45.250239217719354,45.434893063424596,44.60880558159003,44.61852264404297,34660900,0.0,0.0,6052.85009765625,,518.25390625,44.61852264404297,-0.01813133377499918,0.18710853648280193,-0.006144213927296471,0.0,-0.007787475979277203,0
2024-12-10 05:00:00+00:00,44.6185230919242,44.98783449442927,44.30752518688439,44.4630241394043,35665800,0.0,0.0,6034.91015625,,516.48779296875,44.4630241394043,-0.0034911531779583593,0.18692484609928986,-0.002963883313944371,0.0,-0.0034078147023132166,0
2024-12-11 05:00:00+00:00,44.705993478589846,44.86149243804596,44.19090387052666,44.78374481201172,36790500,0.0,0.0,6084.18994140625,,525.7343139648438,44.78374481201172,0.007187309008668261,0.19027038119569786,0.008165786048233592,0.0,0.017902690290016565,0
2024-12-12 05:00:00+00:00,44.84205460469049,45.16277329397427,44.628242145167974,44.78374481201172,24017300,0.0,0.0,6051.25,,522.3412475585938,44.78374481201172,0.0,0.14895561757388442,-0.005414022527810203,0.0,-0.0064539565254188025,0
2024-12-13 05:00:00+00:00,44.79346004878427,44.80317711137202,44.1034336760416,44.38527297973633,32902300,0.0,0.0,6051.08984375,,526.3394775390625,44.38527297973633,-0.008937509789917026,0.15126944251569538,-2.6466639124200775e-05,0.0,0.007654440462353529,0
2024-12-16 05:00:00+00:00,44.30752599964329,44.39499439375194,43.88962186194504,44.19090270996094,27330400,0.0,0.0,6074.080078125,,533.9191284179688,44.19090270996094,-0.004388777913436154,0.09539183375314192,0.0037993543260221863,0.0,0.01440068853346399,0
2024-12-17 05:00:00+00:00,43.91877596381843,43.91877596381843,43.364810713604115,43.78271484375,33054600,0.0,0.0,6050.60986328125,,531.56787109375,43.78271484375,-0.00927984563631006,0.10922462315317227,-0.003863994965801476,0.0,-0.004403770532038553,0
2024-12-18 05:00:00+00:00,43.870186728623366,44.152029761137314,42.13053950951863,42.27632141113281,41771900,0.0,0.0,5872.16015625,,512.3905639648438,42.27632141113281,-0.03501194941796211,0.21695346404056526,-0.02949284635160343,0.0,-0.03607687403952231,0
2024-12-19 05:00:00+00:00,42.733097753162916,43.22874950487962,42.091664111736165,42.15969467163086,38583600,0.0,0.0,5867.080078125,,510.10870361328125,42.15969467163086,-0.002762489730825597,0.20842830339008978,-0.0008651123249070469,0.0,-0.004453361384928023,0
2024-12-20 05:00:00+00:00,41.984756599115066,43.15100055886025,41.887567439827016,42.927467346191406,74222200,0.0,0.0,5930.85009765625,,514.563232421875,42.927467346191406,0.018047223459213287,0.30135347214582925,0.010869123768910471,0.0,0.008732508928078975,0
2024-12-23 05:00:00+00:00,42.665066686553246,42.869158363813426,41.576570326390794,42.65534591674805,35374800,0.0,0.0,5974.06982421875,,519.576416015625,42.65534591674805,-0.006359275563065498,0.3007340139763102,0.007287273468533639,0.0,0.00974259969985547,0
2024-12-24 05:00:00+00:00,42.69422689768295,43.170440870590475,42.69422689768295,43.131568908691406,12054400,0.0,0.0,6040.0400390625,,526.6218872070312,43.131568908691406,0.011102576302969626,0.3251344015480099,0.01104275925539211,0.0,0.013560028850875261,0
2024-12-26 05:00:00+00:00,42.96634389892661,43.32593823465177,42.86915844501503,43.29677963256836,16077400,0.0,0.0,6037.58984375,,526.2640380859375,43.29677963256836,0.003823072588806887,0.15832424977356624,-0.00040565878647391695,0.0,-0.0006795181320541355,0
2024-12-27 05:00:00+00:00,42.99550405673208,43.520310717186256,42.82056726745151,43.092689514160156,17972500,0.0,0.0,5970.83984375,,519.2684326171875,43.092689514160156,-0.004724892978506684,0.16469128428752164,-0.011055736101235558,0.0,-0.01329295745571657,0
2024-12-30 05:00:00+00:00,42.655347780941185,42.89831513326588,42.324912033484104,42.67478561401367,16109800,0.0,0.0,5906.93994140625,,512.3621215820312,42.67478561401367,-0.009745120904786781,0.13485038700013952,-0.010701995701766776,0.0,-0.01330007872873662,0
2024-12-31 05:00:00+00:00,42.801125766294355,42.98577960253729,42.48040711097073,42.71365737915039,16110400,0.0,0.0,5881.6298828125,,508.0097351074219,42.71365737915039,0.0009104690625420658,0.12690445023258856,-0.004284800394927402,0.0,-0.00849474676459383,0
2025-01-02 05:00:00+00:00,42.89831220130723,43.3356541470783,42.567876476434336,43.04409408569336,25610600,0.0,0.0,5868.5498046875,,507.0160827636719,43.04409408569336,0.007706320098439416,0.10978111693122129,-0.0022238866412221947,0.0,-0.0019559710672470976,0
2025-01-03 05:00:00+00:00,43.49115168609869,43.58833713428593,42.908031582200856,43.54946517944336,23455700,0.0,0.0,5942.47021484375,,515.3134765625,43.54946517944336,0.011672388474805813,0.13906749290687842,0.01259602672149196,0.0,0.016365149116375655,0
2025-01-06 05:00:00+00:00,43.889624910668445,44.851777312697955,43.83131140808285,44.12287521362305,30518500,0.0,0.0,5975.3798828125,,521.2359619140625,44.12287521362305,0.013080937681810343,0.14868559649710328,0.005538045085450305,0.0,0.011492975869891175,0
2025-01-07 05:00:00+00:00,44.97811573079114,45.33771008678585,44.36584066333824,44.78374481201172,41111200,0.0,0.0,5909.02978515625,,511.93487548828125,44.78374481201172,0.014866874266222121,0.08811225075724441,-0.01110391288210788,0.0,-0.01784429146374733,0
2025-01-08 05:00:00+00:00,44.60880284247636,44.958672680110496,44.404707469622444,44.91007995605469,40246000,0.0,0.0,5918.25,,512.0243530273438,44.91007995605469,0.0028170328986605432,0.07647303723675813,0.001560360190925314,0.0,0.00017478305024076768,1
2025-01-10 05:00:00+00:00,44.70598942133977,44.75458214662464,43.48143569017957,43.841026306152344,40741300,0.0,0.0,5827.0400390625,,503.9952087402344,43.841026306152344,-0.024092214826183414,0.25712808327216613,-0.01541164380306681,0.0,-0.01568117656833523,1
2025-01-13 05:00:00+00:00,43.83130664916495,44.06455692679476,43.43284035989572,43.79243469238281,34353600,0.0,0.0,5836.22021484375,,502.37548828125,43.79243469238281,-0.0011089740881116493,0.24790984947320935,0.0015754440882007614,0.0,-0.0032137616209347852,1
2025-01-14 05:00:00+00:00,44.317243082309474,44.62824099319401,43.95765244298439,44.49217987060547,36379000,0.0,0.0,5842.91015625,,501.89849853515625,44.49217987060547,0.01585236193877173,0.2569546586566911,0.0011462798112440442,0.0,-0.0009494685891735521,1
2025-01-15 05:00:00+00:00,45.79448513515179,46.12492087977358,45.5223628892471,45.775047302246094,57154800,0.0,0.0,5949.91015625,,513.4453125,45.775047302246094,0.028425683439759323,0.3127971669491388,0.018312792279639112,0.0,0.023006273177832437,1
2025-01-16 05:00:00+00:00,45.67786508796215,46.17351688638939,44.53105881682228,45.3279914855957,56339300,0.0,0.0,5937.33984375,,509.8481140136719,45.3279914855957,-0.009814368675934484,0.32919463753058587,-0.0021126894641922966,0.0,-0.007006001221070868,0
2025-01-17 05:00:00+00:00,45.29883210948525,45.56123728531793,44.7837425276956,45.2210807800293,44486100,0.0,0.0,5996.66015625,,518.4535522460938,45.2210807800293,-0.0023613881969324927,0.2472461047563198,0.009991058969353706,0.0,0.016878434961105082,0
2025-01-21 05:00:00+00:00,45.308555512692884,45.823648873954866,45.230807879743956,45.34743118286133,52089100,0.0,0.0,6049.240234375,,521.4943237304688,45.34743118286133,0.0027901636465828905,0.2414678084432862,0.008768227105582893,0.0,0.0058650798537331905,0
2025-01-22 05:00:00+00:00,45.289111542882154,45.41545560012143,44.4727411168677,44.50189971923828,40296200,0.0,0.0,6086.3701171875,,528.1619873046875,44.50189971923828,-0.01882165211700275,0.2830771874069068,0.006137941522227575,0.0,0.0127856877262289,0
2025-01-23 05:00:00+00:00,44.75458622029985,45.570956684510506,44.75458622029985,45.08502197265625,35324100,0.0,0.0,6118.7099609375,,529.2850341796875,45.08502197265625,0.01301820573148093,0.19234864877752383,0.00531348622041139,0.0,0.0021263303721101856,0
2025-01-24 05:00:00+00:00,44.92952173148519,45.54180048902404,44.85177410764793,45.21136474609375,24655100,0.0,0.0,6101.240234375,,526.2938842773438,45.21136474609375,0.002798403357619377,0.18505772937628795,-0.002855132319398823,0.0,-0.005651302623697951,0
2025-01-27 05:00:00+00:00,45.24051711926883,45.81392017922577,45.07530111070891,45.76532745361328,44260000,0.0,0.0,6012.27978515625,,510.9710693359375,45.76532745361328,0.012178274251184883,0.20376186850895112,-0.014580715690809543,0.0,-0.029114560132968426,0
2025-01-28 05:00:00+00:00,45.755615871285364,46.10548576202922,45.39602150243466,45.52236557006836,27156600,0.0,0.0,6067.7001953125,,518.5230712890625,45.52236557006836,-0.005323005745429944,0.21078442049647797,0.009217869449967608,0.0,0.014779705557380396,0
2025-01-29 05:00:00+00:00,45.43489456176758,46.056890386115654,45.32798833432259,45.43489456176758,23681500,0.0,0.0,6039.31005859375,,517.54931640625,45.43489456176758,-0.0019233436701757208,0.13079583372274914,-0.004678895760321544,0.0,-0.0018779393564720692,0
2025-01-30 05:00:00+00:00,45.784767297342434,45.84307708768491,45.09474092411492,45.405738830566406,31199900,0.0,0.0,6071.169921875,,519.7552490234375,45.405738830566406,-0.0006419094872749512,0.10605608239040083,0.005275414405311762,0.0,0.004262265541195243,0
2025-01-31 05:00:00+00:00,45.38630019422908,45.512644250046115,44.86148984611593,44.99755096435547,30388900,0.0,0.0,6040.52978515625,,519.0000610351562,44.99755096435547,-0.009030437743343752,0.12744435594755327,-0.005046825754019935,0.0,-0.0014529684687171196,0
2025-02-03 05:00:00+00:00,44.142302310856444,45.17248511482069,43.841025197278114,44.91007995605469,36497700,0.0,0.0,5994.56982421875,,514.8464965820312,44.91007995605469,-0.001945797815009877,0.054186972543816644,-0.007608597684666707,0.0,-0.008003013419383143,0
2025-02-04 05:00:00+00:00,45.046141617930985,45.80420221055498,44.968393999967155,45.39601516723633,32894000,0.0,0.0,6037.8798828125,,521.1663208007812,45.39601516723633,0.010762062088368076,0.11328971624987377,0.007224881828679752,0.0,0.01227516213222013,0
2025-02-05 05:00:00+00:00,45.65842309322857,45.80420498339338,45.327987355257484,45.784767150878906,27696600,0.0,0.0,6061.47998046875,,523.5313720703125,45.784767150878906,0.008527111290824228,0.1286010663408728,0.003908672930614365,0.0,0.004537997132848748,0
2025-02-06 05:00:00+00:00,46.1054813599678,46.63029170705736,45.84307618642301,46.39704513549805,39793400,0.0,0.0,6083.56982421875,,526.2640380859375,46.39704513549805,0.013284333940593713,0.14998126345473084,0.003644298722618622,0.0,0.005219679586380144,0
2025-02-07 05:00:00+00:00,46.494229606030665,46.62057365892992,46.04717059717155,46.06660842895508,26504700,0.0,0.0,6025.990234375,,519.6260986328125,46.06660842895508,-0.007147416320153408,0.13966274179206456,-0.009464770111542897,0.0,-0.012613325199395509,0
2025-02-10 05:00:00+00:00,46.14435119387227,46.22210251282619,45.09473433970296,45.35713577270508,26725200,0.0,0.0,6066.43994140625,,525.916259765625,45.35713577270508,-0.015520845374541589,0.20038486268452108,0.006712541085862833,0.0,0.012105167830027241,0
2025-02-11 05:00:00+00:00,45.24051985421856,45.60983126449684,44.978114671183015,45.47377014160156,20314900,0.0,0.0,6068.5,,524.6641845703125,45.47377014160156,0.0025681662387351638,0.18566678946255347,0.00033958278885926063,0.0,-0.002380750113849861,0
2025-02-12 05:00:00+00:00,45.259953501076026,45.269674270319506,44.64767479728869,44.91007995605469,29777100,0.0,0.0,6051.97021484375,,524.9722290039062,44.91007995605469,-0.012473411863826061,0.18719517739081265,-0.0027238667143857365,0.0,0.0005871268568600208,0
2025-02-13 05:00:00+00:00,45.21136435925153,45.25995708715748,44.67683693751104,45.026710510253906,26815400,0.0,0.0,6115.06982421875,,532.5244140625,45.026710510253906,0.002593613113698689,0.1330837973355589,0.010426292122230674,0.0,0.014385875368918999,0
2025-02-14 05:00:00+00:00,45.17249160363031,45.76533256147662,45.17249160363031,45.63898849487305,25960500,0.0,0.0,6114.6298828125,,534.7601928710938,45.63898849487305,0.013506481485557503,0.19030137825314447,-7.194380749464546e-05,0.0,0.004198453159241167,0
2025-02-18 05:00:00+00:00,45.250239382269,45.33770777421323,44.86149014976411,45.2210807800293,37824100,0.0,0.0,6129.580078125,,535.9724731445312,45.2210807800293,-0.00919899500788719,0.16538271561704487,0.0024449877750611915,0.0,0.002266960573353183,0
2025-02-19 05:00:00+00:00,44.58936933296677,44.76430612243226,44.1423065891174,44.7157096862793,38967800,0.0,0.0,6144.14990234375,,536.12158203125,44.7157096862793,-0.01123848005457792,0.17733009617439657,0.0023769693899173827,0.0,0.0002782025088787776,0
2025-02-20 05:00:00+00:00,44.60880823805141,44.89064755461932,43.772999936603966,44.02568435668945,40001100,0.0,0.0,6117.52001953125,,533.8460083007812,44.02568435668945,-0.015551688006448676,0.18830151014535274,-0.0043341850761716705,0.0,-0.004244510586287276,0
2025-02-21 05:00:00+00:00,43.97708634180929,44.22977073152843,43.28706002047317,43.54946517944336,43485900,0.0,0.0,6013.1298828125,,522.7662353515625,43.54946517944336,-0.010875776377035464,0.18288958325193627,-0.01706412670256352,0.0,-0.020754623574849584,0
2025-02-24 05:00:00+00:00,43.76327769787048,44.113151273471416,43.18987460616618,43.209312438964844,35512200,0.0,0.0,5983.25,,516.5953369140625,43.209312438964844,-0.007841384877415132,0.046277244978891116,-0.00496910650440241,0.0,-0.011804317150188592,0
2025-02-25 05:00:00+00:00,43.2773405902936,43.578621420815686,42.13053447074156,42.70393753051758,38119000,0.0,0.0,5955.25,,510.08660888671875,42.70393753051758,-0.011764907923296259,0.04370500906373093,-0.004679730915472358,0.0,-0.012599277543278498,0
2025-02-26 05:00:00+00:00,42.80112668909921,43.29677842200993,42.62618991103959,42.70393753051758,32251700,0.0,0.0,5956.06005859375,,511.3188171386719,42.70393753051758,0.0,0.09263714799158937,0.00013602428004699796,0.0,0.0024156843768992076,0
2025-02-27 05:00:00+00:00,42.84972464967644,43.52031324257304,42.70394274768737,42.87887954711914,28477700,0.0,0.0,5861.56982421875,,497.1187744140625,42.87887954711914,0.004088256643984264,0.1109996120228593,-0.015864553655509872,0.0,-0.027771406505382457,0
2025-02-28 05:00:00+00:00,43.07325057197671,44.900366042195635,42.956627284588784,44.80317687988281,62621100,0.0,0.0,5954.5,,504.96905517578125,44.80317687988281,0.04389966294757054,0.35342545243757273,0.01585414463498891,0.0,0.015791559614644735,0
2025-03-03 05:00:00+00:00,44.910082770655,45.63898479933539,43.94793416893384,44.27836990356445,46946000,0.0,0.0,5849.72021484375,,493.9190673828125,44.27836990356445,-0.011782755620647622,0.36387573582365834,-0.0175967394669998,0.0,-0.021882504838087957,0
2025-03-04 05:00:00+00:00,43.47171382757108,43.57862004494196,40.84766594691109,41.469661712646484,78278100,0.0,0.0,5778.14990234375,,492.42852783203125,41.469661712646484,-0.06553417695789518,0.625253002298382,-0.012234826602200433,0.0,-0.0030177809467436534,0
2025-03-05 05:00:00+00:00,41.450234473546026,41.52798210348272,40.53667479692203,41.10036087036133,52588900,0.0,0.0,5842.6298828125,,498.8478698730469,41.10036087036133,-0.008945215061204038,0.6231876428279206,0.011159277893187936,0.0,0.013036088849842864,0
2025-03-06 05:00:00+00:00,40.420049048372704,40.711609130891894,39.80777027991108,40.293704986572266,58103500,0.0,0.0,5738.52001953125,,485.1248474121094,40.293704986572266,-0.01982164881999228,0.6178979333295866,-0.017819007085749905,0.0,-0.02750943381682658,0
2025-03-07 05:00:00+00:00,40.40128702409125,40.81204630777705,39.71668448716457,40.48930740356445,50651400,0.26,0.0,5770.2001953125,,488.6922302246094,40.48930740356445,0.004842671583254194,0.4259558740704148,0.00552061780274804,0.0,0.0073535355517866385,0
2025-03-10 04:00:00+00:00,39.511303301033415,39.726461318504526,38.31813903276094,38.95384216308594,77498400,0.0,0.0,5614.56005859375,,469.7523193359375,38.95384216308594,-0.03866051360766769,0.43494704105055687,-0.0269730913054258,0.0,-0.0387563167926096,0
2025-03-11 04:00:00+00:00,38.826702172377736,39.76558372961364,38.406160775343885,38.73868179321289,50608400,0.0,0.0,5572.06982421875,,468.62939453125,38.73868179321289,-0.005538780540915046,0.2624721133580124,-0.007567865323653167,0.0,-0.0023904614377954214,0
2025-03-12 04:00:00+00:00,39.42328411614433,39.60910325748002,38.337700689199124,39.032081604003906,42290700,0.0,0.0,5599.2998046875,,473.9158935546875,39.032081604003906,0.0075452828271815745,0.30384247875529574,0.004886869929446425,0.0,0.011280767030684036,0
2025-03-13 04:00:00+00:00,39.090763216927044,39.30592124154224,38.46484218025802,38.797359466552734,37766100,0.0,0.0,5521.52001953125,,465.38995361328125,38.797359466552734,-0.006031723878637254,0.2922438654584468,-0.013890984206835322,0.0,-0.017990407279772747,0
2025-03-14 04:00:00+00:00,39.37437787540586,40.11766184325563,39.28635750370743,39.99052047729492,35979900,0.0,0.0,5638.93994140625,,476.63861083984375,39.99052047729492,0.030290248632571848,0.397290754707522,0.021265869083087807,0.0,0.024170391172452454,0
2025-03-17 04:00:00+00:00,40.01986154842625,40.85116593348294,39.697122655053036,40.52842330932617,37242800,0.0,0.0,5675.1201171875,,479.72900390625,40.52842330932617,0.013361100105561683,0.23890517855655222,0.006416130719105961,0.0,0.006483723718816892,0
2025-03-18 04:00:00+00:00,40.8022664883133,40.909847362860695,40.38172510460088,40.73380661010742,37644500,0.0,0.0,5614.66015625,,471.5509033203125,40.73380661010742,0.005054838842199074,0.21156585487627352,-0.010653512117636543,0.0,-0.01704733405599068,0
2025-03-19 04:00:00+00:00,40.80226358321222,41.76070554063747,40.39150061243953,41.2814826965332,42471100,0.0,0.0,5675.2900390625,,477.8608703613281,41.2814826965332,0.013355661656482231,0.21126369117168925,0.010798495567894584,0.0,0.01338130623138567,0
2025-03-20 04:00:00+00:00,40.841384462127145,41.78026973668757,40.733807316497746,41.54554748535156,41018100,0.0,0.0,5662.89013671875,,476.2411804199219,41.54554748535156,0.006376316594244176,0.15950605599001602,-0.0021848931523151816,0.0,-0.0033894592377516908,0
2025-03-21 04:00:00+00:00,41.23258448908112,41.72158573004783,40.96852337126509,41.5357666015625,65011000,0.0,0.0,5667.56005859375,,477.8111877441406,41.5357666015625,-0.000235453277111553,0.09245655910056456,0.0008246534476661349,0.0,0.0032966643557250652,0
2025-03-24 04:00:00+00:00,41.98565027611656,42.200812033561185,41.80960951653162,42.1225700378418,30646100,0.0,0.0,5767.56982421875,,488.2964782714844,42.1225700378418,0.014028800565513162,0.09516743439876323,0.017646000146633645,0.0,0.02194442239171357,0
2025-03-25 04:00:00+00:00,42.39640940453528,42.57245016346931,42.09323099920285,42.32794952392578,25445300,0.0,0.0,5776.64990234375,,491.08294677734375,42.32794952392578,0.0048639106555851425,0.09551281613448129,0.0015743334544251475,0.0,0.005706509528234038,0
2025-03-26 04:00:00+00:00,42.50398802363793,42.758270764486134,41.790046641813106,41.87806701660156,30012100,0.0,0.0,5712.2001953125,,482.04669189453125,41.87806701660156,-0.010685383452021259,0.145097913915416,-0.011156934922627149,0.0,-0.018400669259870495,0
2025-03-27 04:00:00+00:00,41.8780697677361,42.14213090944869,41.58466974276114,41.6237907409668,25619200,0.0,0.0,5693.31005859375,,479.2999572753906,41.6237907409668,-0.006090333040105773,0.15289917053443572,-0.003306980860763864,0.0,-0.005698067563425169,0
2025-03-28 04:00:00+00:00,41.506427293873365,41.682468053096,40.08832656682299,40.34260559082031,34253000,0.0,0.0,5580.93994140625,,466.6810607910156,40.34260559082031,-0.03126377542123351,0.272567095635223,-0.01973722070834405,0.0,-0.02632776467602438,0
2025-03-31 04:00:00+00:00,39.88293915252898,40.97830459465042,39.70689841114457,40.812042236328125,36390000,0.0,0.0,5611.85009765625,,466.66119384765625,40.812042236328125,0.011569069522948323,0.2616165023230164,0.005538521570653376,0.0,-4.2570708409961355e-05,0
2025-04-01 04:00:00+00:00,40.4110653535871,40.78270736983718,40.06876595097759,40.577327728271484,25578500,0.0,0.0,5633.06982421875,,470.4229431152344,40.577327728271484,-0.00576771042300884,0.24322096935757023,0.0037812354559083605,0.0,0.008060985822631261,0
2025-04-02 04:00:00+00:00,39.980745276131536,41.04676820452992,39.92206378006775,40.929405212402344,28216100,0.0,0.0,5670.97021484375,,473.8563232421875,40.929405212402344,0.008639278284461,0.2693124834748677,0.006728194715792668,0.0,0.00729849633654478,0
2025-04-03 04:00:00+00:00,37.78024398404765,37.9856236482577,36.20565909686904,36.40126037597656,115497900,0.0,0.0,5396.52001953125,,448.48907470703125,36.40126037597656,-0.11724535881683316,0.8463797393098335,-0.04839563335990149,0.0,-0.05353362884679935,0
2025-04-04 04:00:00+00:00,34.51371055377133,35.00271182407996,32.92934375180716,33.633506774902344,107761200,0.0,0.0,5074.080078125,,420.6339416503906,33.633506774902344,-0.0790806042431731,0.9265025919065875,-0.05974960534553109,0.0,-0.0621088330297378,0
2025-04-07 04:00:00+00:00,34.200750607065025,35.824234702212735,32.802206652299894,34.797332763671875,137329100,0.0,0.0,5062.25,,421.6490173339844,34.797332763671875,0.0340179436072917,1.009665618005505,-0.0023314724921273955,0.0,0.00241320441144377,1
2025-04-08 04:00:00+00:00,36.04917246891704,36.508834834222874,33.5748273568497,34.25942611694336,79116300,0.0,0.0,4982.77001953125,,414.0557861328125,34.25942611694336,-0.015578997184254872,0.995985255600854,-0.015700524562941354,0.0,-0.018008416690219242,1
2025-04-09 04:00:00+00:00,33.3009842158247,37.01739295147503,32.34254221821058,36.332794189453125,161173500,0.0,0.0,5456.89990234375,,463.7552185058594,36.332794189453125,0.05875901269180218,1.1776720367013034,0.09515387644904849,0.0,0.12003076406014834,1
2025-04-10 04:00:00+00:00,35.52104845071029,35.59929043696901,33.868225664218954,35.06138610839844,90451800,0.0,0.0,5268.0498046875,,444.03070068359375,35.06138610839844,-0.03562034059469826,0.8728743280616887,-0.03460757958472693,0.0,-0.04253217437814427,1
2025-04-11 04:00:00+00:00,34.42568551082907,35.43302679730837,34.044265168600326,35.15918731689453,63671900,0.0,0.0,5363.35986328125,,452.21112060546875,35.15918731689453,0.002785544662031973,0.6011125655495851,0.018092095201708958,0.0,0.01842309531588948,1
2025-04-14 04:00:00+00:00,35.68731669269534,36.17631799512272,35.47215492577646,35.86335372924805,46830600,0.0,0.0,5405.97021484375,,455.2762756347656,35.86335372924805,0.019830027953852615,0.5714280176263751,0.007944712390868913,0.0,0.006778150491285828,1
2025-04-15 04:00:00+00:00,36.96849688474464,37.89760008458807,36.96849688474464,37.154319763183594,84677800,0.0,0.0,5396.6298828125,,455.7838134765625,37.154319763183594,0.03536405670930545,0.5644386729360396,-0.0017277808903947145,0.0,0.0011147908840389853,0
2025-04-16 04:00:00+00:00,37.02717496608502,37.320574967702974,36.15675334461227,36.50883483886719,52872700,0.0,0.0,5275.7001953125,,442.0403137207031,36.50883483886719,-0.01752576168013657,0.45060218858845674,-0.0224083715440897,0.0,-0.030153549444919214,0
2025-04-17 04:00:00+00:00,36.684873039888245,37.036954545513055,36.420815641453196,36.587074279785156,47144400,0.0,0.0,5282.7001953125,,441.9607238769531,36.587074279785156,0.002140734597616113,0.3175378579995845,0.0013268380955802073,0.0,-0.0001800510977835179,0
2025-04-21 04:00:00+00:00,36.25455481296325,36.45993445637741,35.68731526485028,36.107852935791016,34928300,0.0,0.0,5158.2001953125,,431.02362060546875,36.107852935791016,-0.013184641747125239,0.35386664266329254,-0.023567493023827546,0.0,-0.024746776536028525,0
2025-04-22 04:00:00+00:00,36.74355647870741,37.64332078855783,36.577297831577866,37.47705841064453,42288900,0.0,0.0,5287.759765625,,442.33892822265625,37.47705841064453,0.037218595519705217,0.4150190896396953,0.025117204723895226,0.0,0.02625217523181811,0
2025-04-23 04:00:00+00:00,38.54307979107234,39.24724281077994,37.81935627295245,37.89759826660156,54428400,0.0,0.0,5375.85986328125,,452.37030029296875,37.89759826660156,0.011158769756937161,0.347506979723565,0.01666113847096007,0.0,0.022678022281735766,0
2025-04-24 04:00:00+00:00,37.809578665032035,38.82670221864138,37.750897168590996,38.70934295654297,42457100,0.0,0.0,5484.77001953125,,465.09869384765625,38.70934295654297,0.021193251158276475,0.30247481077411353,0.020259113708281262,0.0,0.02813711144706943,0
2025-04-25 04:00:00+00:00,38.67022308493215,38.91472373104712,38.455061322500164,38.81692123413086,32694200,0.0,0.0,5525.2099609375,,470.2835998535156,38.81692123413086,0.002775274876446284,0.3012417535459389,0.007373133469998461,0.0,0.01114796939756113,0
2025-04-28 04:00:00+00:00,38.92449824157722,39.19834147490605,38.591977246722024,38.904937744140625,37428000,0.0,0.0,5528.75,,470.13433837890625,38.904937744140625,0.0022649110248410174,0.23254575962626373,0.0006407067039131409,0.0,-0.0003173860935313799,0
2025-04-29 04:00:00+00:00,38.758239553142424,39.25701917930771,38.61153768797318,39.110321044921875,33792500,0.0,0.0,5560.830078125,,473.23931884765625,39.110321044921875,0.005265220636270415,0.12557311052355488,0.005802410694099036,0.0,0.006604453696057222,0
2025-04-30 04:00:00+00:00,38.49418099326553,39.120102028800964,37.96605872048864,39.002742767333984,40994600,0.0,0.0,5569.06005859375,,473.1795959472656,39.002742767333984,-0.0027544264775378716,0.14463434673165082,0.00147999135976562,0.0,-0.00012620020782727615,0
2025-05-01 04:00:00+00:00,38.94406228498677,39.550422837598326,38.709343755942704,39.28636169433594,33569100,0.0,0.0,5604.14013671875,,479.35968017578125,39.28636169433594,0.007245456943329064,0.059846643525812086,0.006299102138585644,0.0,0.013060758074624035,0
2025-05-02 04:00:00+00:00,40.01008468064541,40.32304520216709,39.80470503791876,40.16656494140625,41613000,0.0,0.0,5686.669921875,,486.4752502441406,40.16656494140625,0.022157503712635244,0.1485464257819164,0.01472657412963474,0.0,0.014843906074349267,0
2025-05-05 04:00:00+00:00,39.951400608423384,40.57732534190136,39.726460481254016,40.21546173095703,32829200,0.0,0.0,5650.3798828125,,483.5892028808594,40.21546173095703,0.0012166101703619972,0.15074869190831927,-0.006381597588933863,0.0,-0.005932567714046821,0
2025-05-06 04:00:00+00:00,39.75580834608411,40.36216893121461,39.66778796027614,39.941627502441406,29541800,0.0,0.0,5606.91015625,,479.09100341796875,39.941627502441406,-0.00683246600913224,0.17937605657876773,-0.007693239651855532,0.0,-0.009301695397857856,0
2025-05-07 04:00:00+00:00,40.1372210631601,40.430621049224,39.9611803253651,40.029640197753906,30925900,0.0,0.0,5631.27978515625,,480.97186279296875,40.029640197753906,0.002201108807645527,0.17049062179193694,0.00434635623313584,0.0,0.003925891660626846,0
2025-05-08 04:00:00+00:00,40.381723806222226,41.22280654660404,40.34260281113855,40.68490219116211,41861700,0.0,0.0,5663.93994140625,,485.9378662109375,40.68490219116211,0.016236885444995658,0.18831274366036946,0.005799775094835535,0.0,0.010324935411255787,0
2025-05-09 04:00:00+00:00,40.81204223364652,41.05654284879953,40.77292123983404,40.870723724365234,27222800,0.0,0.0,5659.91015625,,485.619384765625,40.870723724365234,0.004556935286214858,0.13210301518018708,-0.0007114809122162891,0.0,-0.0006553954064041356,0
2025-05-12 04:00:00+00:00,42.36707178066341,42.992992839569965,41.99542975289371,42.406192779541016,44875100,0.0,0.0,5844.18994140625,,505.40362548828125,42.406192779541016,0.03688040231362424,0.2672138197675411,0.032558782749008364,0.0,0.04074022031102564,0
2025-05-13 04:00:00+00:00,42.464867405077435,43.511333528314054,42.464867405077435,43.30595016479492,43232500,0.0,0.0,5886.5498046875,,513.1063842773438,43.30595016479492,0.020995635074366397,0.22198856073684028,0.0072482009835321826,0.0,0.015240806358721048,0
2025-05-14 04:00:00+00:00,43.21793209036781,43.9318735165461,43.15925432405248,43.755836486816406,42419500,0.0,0.0,5892.580078125,,516.1814575195312,43.755836486816406,0.010334966550487075,0.19568553009508413,0.001024415597859818,0.0,0.005993051999379162,0
2025-05-15 04:00:00+00:00,43.61891321688547,43.99055523884787,43.04189155020059,43.40375518798828,47379400,0.0,0.0,5916.93017578125,,516.748779296875,43.40375518798828,-0.008079046886723415,0.26997147849454006,0.004132332074135769,0.0,0.0010990743062913033,0
2025-05-16 04:00:00+00:00,43.36463267198061,43.80473456011381,42.69959064786457,43.706932067871094,49488100,0.0,0.0,5958.3798828125,,518.997802734375,43.706932067871094,0.00696075564463233,0.2657770248408583,0.007005272294898557,0.0,0.004352256894656126,0
2025-05-19 04:00:00+00:00,43.139693779217055,44.1470352282536,43.139693779217055,43.78517532348633,37915700,0.0,0.0,5963.60009765625,,519.4954833984375,43.78517532348633,0.0017885790800236288,0.17018682475964156,0.0008761131291423752,0.0,0.0009589263411915461,0
2025-05-20 04:00:00+00:00,43.609133306411984,43.92209382002146,43.43309255115871,43.706932067871094,33424300,0.0,0.0,5940.4599609375,,517.7638549804688,43.706932067871094,-0.001788579080023596,0.11500619736874901,-0.0038802294486252054,0.0,-0.003333288687402569,0
2025-05-21 04:00:00+00:00,43.39397250898848,43.511335502261886,42.20081192364504,42.29861068725586,55594100,0.0,0.0,5844.60986328125,,510.5686340332031,42.29861068725586,-0.032752476836831884,0.246361941776758,-0.01613513066101424,0.0,-0.013896723145220391,0
2025-05-22 04:00:00+00:00,42.23015079799777,42.61157119909968,42.014989041157236,42.35729217529297,29026200,0.0,0.0,5842.009765625,,511.5240173339844,42.35729217529297,0.0013863533540261572,0.25229638421980566,-0.00044487103794299543,0.0,0.0018712142444674562,0
2025-05-23 04:00:00+00:00,41.54554706687622,42.47465021743128,41.418405693233886,42.24971008300781,34875100,0.0,0.0,5802.81982421875,,506.78692626953125,42.24971008300781,-0.0025431027549663327,0.23243350548690928,-0.006708297825321674,0.0,-0.00926074026619983,0
2025-05-27 04:00:00+00:00,42.82673111072261,43.24727249145508,42.347508235893685,43.24727249145508,36322000,0.0,0.0,5921.5400390625,,518.7091674804688,43.24727249145508,0.0233366757689029,0.3173268095331059,0.0204590558452733,0.0,0.023525155431094902,0
2025-05-28 04:00:00+00:00,43.2374917533546,43.46243189170921,42.992991116345195,43.09079360961914,35673800,0.0,0.0,5888.5498046875,,516.4103393554688,43.09079360961914,-0.003624798660331412,0.31734534313458573,-0.005571225417268844,0.0,-0.004431824747123891,0
2025-05-29 04:00:00+00:00,43.39397190379741,43.48199228213305,42.934313244296746,43.2668342590332,28545100,0.0,0.0,5912.169921875,,517.4254760742188,43.2668342590332,0.004077020122154187,0.17395234337708748,0.004011194261904327,0.0,0.001965755991673257,0
2025-05-30 04:00:00+00:00,43.21793375001397,43.325514633434985,42.758275062829426,43.15925598144531,66537500,0.0,0.0,5911.68994140625,,516.609375,43.15925598144531,-0.0024894874417824057,0.18041620932681057,-8.118516130162234e-05,0.0,-0.0015772340403696905,0
2025-06-02 04:00:00+00:00,42.91475411567563,43.17881525911228,42.40619232803287,43.110355377197266,28582600,0.0,0.0,5935.93994140625,,520.6896362304688,43.110355377197266,-0.001133669404908675,0.1775734241787724,0.0041020419271569075,0.0,0.007898155604452173,0
2025-06-03 04:00:00+00:00,43.04189138460784,43.74605442755724,42.97343150329706,43.667816162109375,31320200,0.0,0.0,5970.3701171875,,524.7598876953125,43.667816162109375,0.012848126286647674,0.1075457654991447,0.005800290454605506,0.0,0.007817039521489821,0
2025-06-04 04:00:00+00:00,43.618915776913575,44.098138706842406,43.36463673482625,43.38419723510742,30591700,0.0,0.0,5970.81005859375,,526.2228393554688,43.38419723510742,-0.006516102717482497,0.1183766689105734,7.36874595066439e-05,0.0,0.0027878496326794178,0
2025-06-05 04:00:00+00:00,43.472215069562445,43.59935644853606,43.04189155020059,43.40375518798828,32020900,0.0,0.0,5939.2998046875,,522.2620239257812,43.40375518798828,0.00045070663993993697,0.11590109994119566,-0.005277383403094138,0.0,-0.0075268786024924594,0
2025-06-06 04:00:00+00:00,43.964498884654134,44.436706089571594,43.915311337786136,44.23995590209961,37013000,0.26,0.0,6000.35986328125,,527.3673095703125,44.23995590209961,0.019082397993463306,0.16853001185560604,0.010280683010067904,0.0,0.009775333856663515,0
2025-06-09 04:00:00+00:00,44.37768032671662,44.662973338235105,44.05303577855371,44.14157485961914,32414000,0.0,0.0,6005.8798828125,,528.1436157226562,44.14157485961914,-0.0022262814926746416,0.17117112898200856,0.0009199480792858594,0.0,0.0014720407166994853,0
2025-06-10 04:00:00+00:00,44.07271250595482,44.46622037542417,44.02352496046344,44.35800552368164,32229100,0.0,0.0,6038.81005859375,,531.6366577148438,44.35800552368164,0.004891121395123892,0.15604245767983702,0.00548298940767844,0.0,0.006613810880602866,0
2025-06-11 04:00:00+00:00,44.466220211548105,44.672810153512025,43.82677086420933,44.003849029541016,47873500,0.0,0.0,6022.240234375,,529.8452758789062,44.003849029541016,-0.008016092291645398,0.1621325117818747,-0.002743888954607865,0.0,-0.003369560413003625,0
2025-06-12 04:00:00+00:00,43.679207749961506,43.92514922658793,43.305375654713984,43.895633697509766,30165400,0.0,0.0,6045.259765625,,531.0892333984375,43.895633697509766,-0.002462253095169703,0.16610306860834095,0.0038224199557175265,0.0,0.0023477750508726913,0
2025-06-13 04:00:00+00:00,43.28570178965453,43.73823322588175,42.9512212166237,43.37424087524414,43281700,0.0,0.0,5976.97021484375,,524.4215698242188,43.37424087524414,-0.011949118262655437,0.10160583873262971,-0.011296379879250695,0.0,-0.01255469543517651,0
2025-06-16 04:00:00+00:00,43.91530683228976,44.161248294166626,43.63001383584806,43.68904113769531,34103600,0.0,0.0,6033.10986328125,,531.7162475585938,43.68904113769531,0.007231559092574208,0.12995848343219749,0.009392659896159117,0.0,0.013909949845922753,0
2025-06-17 04:00:00+00:00,43.551318243251764,43.944822364239165,43.34472829827569,43.511966705322266,27489600,0.0,0.0,5982.72021484375,,526.5313110351562,43.511966705322266,-0.004061298834590328,0.11439658528651082,-0.008352184790166306,0.0,-0.009751322340147528,0
2025-06-18 04:00:00+00:00,43.54147926399391,44.46622165809113,43.492291717083674,44.328495025634766,37684700,0.0,0.0,5980.8701171875,,526.4417724609375,44.328495025634766,0.018591701901333104,0.18656411198578418,-0.0003092402101070313,0.0,-0.0001700536555797605,0
2025-06-20 04:00:00+00:00,44.57443455321641,44.90891511137738,44.53508301631062,44.761348724365234,64591600,0.0,0.0,5967.83984375,,524.292236328125,44.761348724365234,0.009717316510331975,0.19038876586898648,-0.002178658486505891,0.0,-0.004083141280305624,0
2025-06-23 04:00:00+00:00,44.662975628644006,45.61722604820825,44.37768260249511,45.548362731933594,42683600,0.0,0.0,6025.169921875,,529.6832275390625,45.548362731933594,0.01742966329753364,0.14511146671012318,0.009606504133156335,0.0,0.010282416632169111,0
2025-06-24 04:00:00+00:00,45.99105831197274,46.4239139803826,45.813980140175694,45.90251922607422,45437600,0.0,0.0,6092.18017578125,,537.7831420898438,45.90251922607422,0.007745322014263433,0.14458753092280832,0.01112172017970181,0.0,0.015291997423467318,0
2025-06-25 04:00:00+00:00,45.82381826724046,46.21732238282595,45.70576365507257,46.08943176269531,33532400,0.0,0.0,6092.16015625,,539.157958984375,46.08943176269531,0.004063677133196472,0.09977830744663908,-3.2861029504172024e-06,0.0,0.0025564521959329234,0
2025-06-26 04:00:00+00:00,46.18781422728641,46.80758785506593,46.13862667807807,46.68953323364258,40127000,0.0,0.0,6141.02001953125,,544.19921875,46.68953323364258,0.01293633400199217,0.08075320037965399,0.008020121275230219,0.0,0.009350246401112816,0
2025-06-27 04:00:00+00:00,46.67969752987908,46.89612349836362,46.14846298831165,46.35505294799805,56705000,0.0,0.0,6173.06982421875,,546.0624389648438,46.35505294799805,-0.007189708508506769,0.149453078921507,0.005218970885222163,0.0,0.0034237833327350753,0
2025-06-30 04:00:00+00:00,46.846932617829964,46.846932617829964,46.26651056800317,46.55180358886719,47921200,0.0,0.0,6204.9501953125,,549.5992431640625,46.55180358886719,0.004235444881652682,0.11732995296632878,0.005164427424532603,0.0,0.006476922686576625,0
2025-07-01 04:00:00+00:00,46.25667533688568,47.6339454127693,46.1779722596967,47.36833190917969,48540900,0.0,0.0,6198.009765625,,544.9664916992188,47.36833190917969,0.0173881540704234,0.15022665441664976,-0.001118531087121899,0.0,-0.008429326500110967,0
2025-07-02 04:00:00+00:00,47.574922459058236,47.93891481373542,47.27979342140729,47.91923904418945,48003600,0.0,0.0,6227.419921875,,548.7622680664062,47.91923904418945,0.011563171730087946,0.15264984338937038,0.004745096791088033,0.0,0.006965155518740662,0
2025-07-03 04:00:00+00:00,48.15534166193044,48.50949798715584,48.01761503606926,48.13566589355469,21620300,0.0,0.0,6279.35009765625,,554.1622924804688,48.13566589355469,0.004506323039989893,0.1463345056665338,0.008338955206607324,0.0,0.009840371192228359,0
2025-07-07 04:00:00+00:00,47.94874777527495,48.411115159344305,47.58475171944677,47.87004470825195,35567900,0.0,0.0,6229.97998046875,,549.9878540039062,47.87004470825195,-0.005533459653510801,0.13703469417978617,-0.007862297279128794,0.0,-0.007532880770139472,0
2025-07-08 04:00:00+00:00,46.72888000815528,47.01417301834333,46.00089159470458,46.38456344604492,88086500,0.0,0.0,6225.52001953125,,550.2966918945312,46.38456344604492,-0.031523217827335324,0.3051565638409107,-0.0007158868810946961,0.0,0.0005615358382493607,1
2025-07-09 04:00:00+00:00,46.39440227846036,46.679695306018246,45.95170684824457,46.07959747314453,46227900,0.0,0.0,6263.259765625,,554.1921997070312,46.07959747314453,-0.006596438570360148,0.25959651380830967,0.0060621034026635545,0.0,0.007078922824501843,1
2025-07-10 04:00:00+00:00,46.138621886680355,46.45342667224526,46.020567277516726,46.20748519897461,44225000,0.0,0.0,6280.4599609375,,553.3952026367188,46.20748519897461,0.0027715213004783704,0.22883553757350567,0.0027462050044453346,0.0,-0.0014381239409970714,1
2025-07-11 04:00:00+00:00,45.882839248637644,46.050081396782986,45.499171162521044,45.971378326416016,31653000,0.0,0.0,6259.75,,552.1497802734375,45.971378326416016,-0.005122809717499248,0.206748158182784,-0.0032975229626984737,0.0,-0.0022505116729369945,1
2025-07-14 04:00:00+00:00,46.05008114033022,46.30585861206055,45.79429991583096,46.30585861206055,36381200,0.0,0.0,6268.56005859375,,554.1524047851562,46.30585861206055,0.007249496444200618,0.23851059075264167,0.001407413809457303,0.0,0.003626958813108594,1
2025-07-15 04:00:00+00:00,46.11894747027501,46.2468343381305,45.20404486267006,45.40079879760742,55145000,0.0,0.0,6243.759765625,,554.660400390625,45.40079879760742,-0.019738789431358525,0.16415027036841845,-0.003956298214731202,0.0,0.0009167073914724266,1
2025-07-16 04:00:00+00:00,45.4991750706585,45.80414386537229,44.27930364457264,45.282745361328125,61296600,0.0,0.0,6263.7001953125,,555.2283325195312,45.282745361328125,-0.0026036367251370944,0.16305567261125414,0.003193657417327689,0.0,0.0010239276654802065,0
2025-07-17 04:00:00+00:00,44.89907764960877,46.45342966204851,44.7023237077751,46.256675720214844,56480700,0.0,0.0,6297.35986328125,,559.7216796875,46.256675720214844,0.021279730610633305,0.24176693463981191,0.00537376740890938,0.0,0.008092791568432123,0
2025-07-18 04:00:00+00:00,46.24683479903643,46.61083089576743,46.13862369887313,46.55180358886719,48314200,0.0,0.0,6296.7900390625,,559.1836547851562,46.55180358886719,0.006359954729387618,0.2395349191883677,-9.048620868445933e-05,0.0,-0.0009612364892568337,0
2025-07-21 04:00:00+00:00,46.76823675340418,47.26011975564166,46.43375616177192,46.70920944213867,32199700,0.0,0.0,6305.60009765625,,562.0828857421875,46.70920944213867,0.0033756013927269965,0.23626175625156418,0.001399134882868358,0.0,0.00518475626428172,0
2025-07-22 04:00:00+00:00,46.82725704600614,47.388003329226926,46.68953041542829,46.99449920654297,34749400,0.0,0.0,6309.6201171875,,559.1736450195312,46.99449920654297,0.006089207140813396,0.13985481584729428,0.0006375316336257875,0.0,-0.005175821567338423,0
2025-07-23 04:00:00+00:00,47.230599372014325,47.525732145255844,47.03384919354544,47.358489990234375,31380100,0.0,0.0,6358.91015625,,561.7242431640625,47.358489990234375,0.00771554971341141,0.11211256218821647,0.007811886951519131,0.0,0.004561370456653391,0
2025-07-24 04:00:00+00:00,47.70280999369891,48.20452894991844,47.42735299067355,47.60443115234375,42967600,0.0,0.0,6363.35009765625,,562.9197998046875,47.60443115234375,0.005179741925118471,0.025489926703307287,0.0006982236416543941,0.0,0.0021283693114093616,0
2025-07-25 04:00:00+00:00,47.60443247138339,47.76183486914392,47.16173705494152,47.66345977783203,24461200,0.0,0.0,6388.64013671875,,564.2747802734375,47.66345977783203,0.0012392136000049182,0.03967252821879467,0.00397432777929585,0.0,0.0024070577535559856,0
2025-07-28 04:00:00+00:00,47.663458813600336,47.75199789509756,47.29946647978689,47.44702911376953,20590400,0.0,0.0,6389.77001953125,,566.0381469726562,47.44702911376953,-0.004551149724101442,0.07799564599062048,0.00017685810881817865,0.0,0.003125014196743381,0
2025-07-29 04:00:00+00:00,47.604433115115754,47.72248397684021,47.11255014636644,47.17157745361328,26216500,0.0,0.0,6370.85986328125,,565.1614379882812,47.17157745361328,-0.0058223735964949945,0.09380715522093451,-0.002959442388724254,0.0,-0.001548851414103325,0
2025-07-30 04:00:00+00:00,47.476544601668536,47.712650088375945,46.96498959387972,47.18141555786133,32265900,0.0,0.0,6362.89990234375,,565.918701171875,47.18141555786133,0.00020853825553807603,0.07108843002366792,-0.0012494327466496813,0.0,0.0013399059679111147,0
2025-07-31 04:00:00+00:00,46.984660096019375,47.2502773527117,46.42391380503644,46.50261688232422,40016300,0.0,0.0,6339.39013671875,,562.9197998046875,46.50261688232422,-0.014491488826327056,0.0993019207092468,-0.0036948193411530106,0.0,-0.00529917346957709,0
2025-08-01 04:00:00+00:00,45.60739151543158,45.65657906396634,44.58427399372318,44.91875457763672,52310400,0.0,0.0,6238.009765625,,551.8309936523438,44.91875457763672,-0.034653183905174204,0.2190992346797306,-0.015992133140148468,0.0,-0.01969873178415671,0
2025-08-04 04:00:00+00:00,45.21388196873994,45.36144836171907,44.89907716630244,45.10566711425781,31038900,0.0,0.0,6329.93994140625,,562.0130615234375,45.10566711425781,0.004152491106053398,0.2446219062087113,0.01473710033091602,0.0,0.01845142441837644,0
2025-08-05 04:00:00+00:00,45.20404546406264,45.25323301025907,44.023525591502036,44.820377349853516,36798300,0.0,0.0,6299.18994140625,,558.1973266601562,44.820377349853516,-0.0063450076833704685,0.24407080424951946,-0.004857865996303334,0.0,-0.006789406020098587,0
2025-08-06 04:00:00+00:00,44.96794073160929,45.19420645006768,44.653135927426376,44.682647705078125,27916800,0.0,0.0,6345.06005859375,,565.2212524414062,44.682647705078125,-0.003077655831298332,0.2362084095589376,0.007281907295092482,0.0,0.012583230778398846,0
2025-08-07 04:00:00+00:00,44.96794139447881,45.01712894221321,44.0530387460953,44.190765380859375,30609900,0.0,0.0,6340.0,,567.1341552734375,44.190765380859375,-0.011069392514963944,0.2341552854691572,-0.0007974800154801898,0.0,0.0033843434297078367,0
2025-08-08 04:00:00+00:00,44.41703359854042,45.54836217549566,44.24979143765272,45.26306915283203,37131600,0.0,0.0,6389.4501953125,,572.4244384765625,45.26306915283203,0.023975610281929998,0.21775777279109218,0.007799715348974834,0.0,0.009328098394240314,0
2025-08-11 04:00:00+00:00,45.312261806230175,45.764793250537465,45.06632031439761,45.41063690185547,35559400,0.0,0.0,6373.4501953125,,570.730712890625,45.41063690185547,0.003254921095172326,0.21716847902603928,-0.0025041278217863283,0.0,-0.0029588631653203468,0
2025-08-12 04:00:00+00:00,45.7254438663309,46.88628806271559,45.607392995462654,46.728885650634766,35481200,0.0,0.0,6445.759765625,,577.9041137695312,46.728885650634766,0.028616139278812854,0.27363843151214523,0.01134543584661274,0.0,0.012568801217258008,0
2025-08-13 04:00:00+00:00,46.90596206297016,46.9846613896555,46.22716489013541,46.473106384277344,29465100,0.0,0.0,6466.580078125,,578.1930541992188,46.473106384277344,-0.0054887219233810975,0.2804274854741506,0.0032300788824048965,0.0,0.0004999798804039557,0
2025-08-14 04:00:00+00:00,46.325536768726586,46.95514634955161,46.12878283652648,46.93547058105469,21073800,0.0,0.0,6468.5400390625,,577.7447509765625,46.93547058105469,0.00989990401479155,0.22537332266595814,0.00030309080129242716,0.0,-0.000775352141296759,0
2025-08-15 04:00:00+00:00,46.97482263160645,47.043685945713975,46.138623101575575,46.17797088623047,26276900,0.0,0.0,6449.7998046875,,575.2042236328125,46.17797088623047,-0.016270828239401514,0.26825811999486937,-0.0028971350972291088,0.0,-0.004397317914971555,0
2025-08-18 04:00:00+00:00,46.15829717796851,47.260117758411134,46.03041030478534,47.14206314086914,43125100,0.0,0.0,6449.14990234375,,574.9749755859375,47.14206314086914,0.020662799068746195,0.2925680872140226,-0.00010076318078544588,0.0,-0.00039855070157024386,0
2025-08-19 04:00:00+00:00,47.04368394980808,47.33881296242887,46.85676978412768,47.29946517944336,33783400,0.0,0.0,6411.3701171875,,567.1740112304688,47.29946517944336,0.003333325648485901,0.2247066619020331,-0.005858103118756786,0.0,-0.013567484997967227,0
2025-08-20 04:00:00+00:00,47.38800057695915,47.71264511826824,47.092871563894796,47.56507873535156,30822200,0.0,0.0,6395.77978515625,,563.8064575195312,47.56507873535156,0.0055998635327722335,0.2136121386336592,-0.0024316693228262354,0.0,-0.005937425982603939,0
2025-08-21 04:00:00+00:00,47.48637937214514,47.70280906614907,47.03384796901782,47.476539611816406,28713200,0.0,0.0,6370.169921875,,561.1962280273438,47.476539611816406,-0.0018631658569730012,0.21169663229762248,-0.004004181529308926,0.0,-0.004629655189958615,0
2025-08-22 04:00:00+00:00,47.732320587315996,48.85381308160011,47.6732932839651,48.676734924316406,45078900,0.0,0.0,6466.91015625,,569.85400390625,48.676734924316406,0.024965507528347287,0.18457246583581088,0.015186444876893468,0.0,0.01542735935581585,0
2025-08-25 04:00:00+00:00,48.588195845674555,48.85381308160011,48.41111768839086,48.676734924316406,34715700,0.0,0.0,6439.31982421875,,568.2100830078125,48.676734924316406,0.0,0.17096676152085327,-0.004266385548063467,0.0,-0.0028848106482866065,0
2025-08-26 04:00:00+00:00,48.45046875607315,49.444070626552964,48.45046875607315,49.434234619140625,40609300,0.0,0.0,6465.93994140625,,570.4916381835938,49.434234619140625,0.015441999009411822,0.17868865413432802,0.004133995191134998,0.0,0.0040153373620261945,0
2025-08-27 04:00:00+00:00,49.21780584948905,49.80806763003763,49.17845806633435,49.56212615966797,42428200,0.0,0.0,6481.39990234375,,571.368408203125,49.56212615966797,0.0025837639014158523,0.1833445398286799,0.0023909843081744153,0.0,0.0015368674330140664,0
2025-08-28 04:00:00+00:00,49.72936886262194,49.81790794972947,49.463751601299364,49.670345306396484,32949400,0.0,0.0,6501.85986328125,,574.9451293945312,49.670345306396484,0.0021811245458728382,0.17116812529799366,0.0031567194195349924,0.0,0.006259921164795568,0
2025-08-29 04:00:00+00:00,49.690013197832315,50.09335706055289,49.690013197832315,49.916282653808594,32496500,0.0,0.0,6460.259765625,,568.2899169921875,49.916282653808594,0.00493917411259984,0.09650180836091411,-0.00639818429357164,0.0,-0.011575387044938212,0
2025-09-02 04:00:00+00:00,49.404724584633165,49.6506660590644,48.863650338669174,49.60147476196289,52719800,0.0,0.0,6415.5400390625,,563.5274658203125,49.60147476196289,-0.006326688825945109,0.12385096010353969,-0.006922279936861564,0.0,-0.008380319673946368,0
2025-09-03 04:00:00+00:00,49.581798796513134,49.749037184474176,48.893161972412074,49.247318267822266,38344200,0.0,0.0,6448.259765625,,567.9611206054688,49.247318267822266,-0.007165651672162939,0.0885037364851791,0.0051000736279842585,0.0,0.007867681797376624,0
2025-09-04 04:00:00+00:00,49.42440087444294,50.004822910335996,49.306346263476506,49.7982292175293,34796900,0.0,0.0,6502.080078125,,573.1019287109375,49.7982292175293,0.011124510796683609,0.12290289856345811,0.008346486409699372,0.0,0.00905133805635927,0
2025-09-05 04:00:00+00:00,49.897154906954405,50.24339041247463,48.70017803544364,49.23436737060547,40063300,0.28,0.0,6481.5,,573.9288940429688,49.23436737060547,-0.011387522080609053,0.14926562593014298,-0.003165152978388819,0.0,0.001442963791609131,0
2025-09-08 04:00:00+00:00,49.26404104127354,49.37285780163389,48.353944088519185,48.92770004272461,48033100,0.0,0.0,6495.14990234375,,576.7284545898438,48.92770004272461,-0.006248204294260055,0.13834876337501628,0.0021059789159529885,0.0,0.004877887445522866,0
2025-09-09 04:00:00+00:00,48.96726911676068,50.01586250080264,48.92769870068908,49.7487678527832,40060100,0.0,0.0,6512.60986328125,,578.3624877929688,49.7487678527832,0.016641997377069107,0.19747892535315847,0.0026881536531127015,0.0,0.0028332800126658064,0
2025-09-10 04:00:00+00:00,49.82790720862575,50.0851111513071,49.432214350593846,49.590492248535156,31706300,0.0,0.0,6532.0400390625,,578.5517578125,49.590492248535156,-0.0031865697009847227,0.1894887585842535,0.002983469943562689,0.0,0.0003272515481658189,0
2025-09-11 04:00:00+00:00,49.600383602002445,50.41155831105525,49.452000193454424,50.203819274902344,28055200,0.0,0.0,6587.47021484375,,581.9192504882812,50.203819274902344,0.012291978158322938,0.19340840023941044,0.008485890387959882,0.0,0.005820555603380573,0
2025-09-12 04:00:00+00:00,50.15435582203101,50.381880056875936,49.916937096220906,50.035648345947266,27851100,0.0,0.0,6584.2900390625,,584.4896240234375,50.035648345947266,-0.0033553866700926365,0.16580639544737347,-0.00048276131466740146,0.0,0.004417062217823897,0
2025-09-15 04:00:00+00:00,50.30274385478834,50.54016260245612,49.91694169176579,50.0455436706543,29043600,0.0,0.0,6615.27978515625,,589.4911499023438,50.0455436706543,0.00019774594086845052,0.1479486367609336,0.004706619226962694,0.0,0.008557082407173233,0
2025-09-16 04:00:00+00:00,50.095002846086,50.3324215844503,49.66963027951361,50.11478805541992,31624400,0.0,0.0,6606.759765625,,588.992919921875,50.11478805541992,0.0013826710555765339,0.10155634657587442,-0.0012879303382402618,0.0,-0.0008451865317253837,0
2025-09-17 04:00:00+00:00,50.31263532604691,51.074348888127915,50.243388981643434,50.846824645996094,38337900,0.0,0.0,6600.35009765625,,587.8173217773438,50.846824645996094,0.014501539734935542,0.12535116268935823,-0.0009701681605103207,0.0,-0.0019959461391949596,0
2025-09-18 04:00:00+00:00,50.93585811187686,51.62832158191247,50.747900506887575,51.5689697265625,35246900,0.0,0.0,6631.9599609375,,593.11767578125,51.5689697265625,0.014102454670309959,0.13244136999605707,0.004789119185128365,0.0,0.009017008869149912,0
2025-09-19 04:00:00+00:00,51.58875320471587,52.09326282647187,51.202947289675684,51.68767547607422,98970700,0.0,0.0,6664.35986328125,,597.1326904296875,51.68767547607422,0.002299238011723962,0.11374773481992406,0.004885418870829605,0.0,0.0067693390576313295,0
2025-09-22 04:00:00+00:00,51.20294722999929,51.78659768707593,51.20294722999929,51.36122512817383,27468000,0.0,0.0,6693.75,,600.667724609375,51.36122512817383,-0.006335854881420832,0.1423922582768698,0.004410046474333074,0.0,0.005920014489817493,0
2025-09-23 04:00:00+00:00,51.440367243925536,52.31089759236581,50.96553353758798,51.14359664916992,28278200,0.0,0.0,6656.919921875,,596.6779174804688,51.14359664916992,-0.0042462159774234115,0.15675702028672836,-0.005502159197012135,0.0,-0.0066422865178928925,0
2025-09-24 04:00:00+00:00,51.291980059726306,51.68767670182903,50.90617790917972,51.14359664916992,27010400,0.0,0.0,6637.97021484375,,594.583251953125,51.14359664916992,0.0,0.12688825176630353,-0.002846617843333288,0.0,-0.0035105464204016057,0
2025-09-25 04:00:00+00:00,50.92596000997654,51.76681437970585,50.886389593453195,51.29197692871094,22957900,0.0,0.0,6604.72021484375,,592.0198364257812,51.29197692871094,0.002897047932404691,0.0645076861511973,-0.0050090613431266195,0.0,-0.0043112810845634675,0
2025-09-26 04:00:00+00:00,51.54918334890072,52.05369297615879,51.420581375818145,51.64810562133789,20025800,0.0,0.0,6643.7001953125,,594.4535522460938,51.64810562133789,0.0069191728743054496,0.0848670038455416,0.005901836747171263,0.0,0.004110868708396165,0
2025-09-29 04:00:00+00:00,51.79649454902413,51.98444838244537,51.5491850859548,51.8558464050293,23701000,0.0,0.0,6661.2099609375,,597.20654296875,51.8558464050293,0.004014166774841761,0.067368751839413,0.00263554421636214,0.0,0.004631128390526484,0
2025-09-30 04:00:00+00:00,51.915203519594385,52.004235079791606,50.47091711963323,51.03478240966797,29945000,0.0,0.0,6688.4599609375,,598.8424072265625,51.03478240966797,-0.015960276147799858,0.14335579439213667,0.0040908483833717035,0.0,0.0027391934617468916,0
2025-10-01 04:00:00+00:00,50.74790130480146,51.12381274704764,50.01586740392743,50.13457489013672,27709100,0.0,0.0,6711.2001953125,,601.7150268554688,50.13457489013672,-0.017796520658448535,0.1885687714183846,0.003399920834961989,0.0,0.004796954247462626,0
2025-10-02 04:00:00+00:00,50.104898011233125,50.302742559946765,49.531138253763515,49.93672561645508,22757200,0.0,0.0,6715.35009765625,,604.188720703125,49.93672561645508,-0.003954171285251025,0.17883713644104904,0.0006183547238911569,0.0,0.004111072081054212,0
2025-10-03 04:00:00+00:00,50.07521601201115,50.5797293995498,50.00596966841058,50.095001220703125,24565700,0.0,0.0,6715.7900390625,,601.645263671875,50.095001220703125,0.0031645107274487125,0.16397020812985202,6.551280273581206e-05,0.0,-0.0042097062459061085,0
2025-10-06 04:00:00+00:00,50.38188373885271,50.767685894551775,49.35307547455992,49.847694396972656,25386300,0.0,0.0,6740.27978515625,,606.1636962890625,49.847694396972656,-0.004948982553730065,0.13966198469216964,0.0036465919796933033,0.0,0.00751012746217139,0
2025-10-07 04:00:00+00:00,50.00596800996345,50.362094207322706,49.59048996213937,49.7487678527832,24107300,0.0,0.0,6714.58984375,,602.9718627929688,49.7487678527832,-0.0019865480055866543,0.12309987233279517,-0.0038114057910215715,0.0,-0.005265629590874843,1
2025-10-08 04:00:00+00:00,49.857586277977134,49.96639926535014,49.24425612927815,49.303611755371094,24014200,0.0,0.0,6753.72021484375,,609.88427734375,49.303611755371094,-0.008988357396432455,0.0705525120562092,0.0058276636405680815,0.0,0.011463908977050519,1
2025-10-09 04:00:00+00:00,49.461889420516925,49.73887479370616,49.13543913899302,49.254150390625,21816900,0.0,0.0,6735.10986328125,,609.1461181640625,49.254150390625,-0.0010037031649559416,0.07203530962362799,-0.002755570407195318,0.0,-0.001210326626064906,1
2025-10-10 04:00:00+00:00,49.39264612172827,49.600385164425,48.02749683295574,48.12642288208008,31831900,0.0,0.0,6552.509765625,,588.0000610351562,48.12642288208008,-0.023162277406528348,0.14315434851052672,-0.02711167321141361,0.0,-0.03471426066481298,1
2025-10-13 04:00:00+00:00,48.67050085638094,48.86834917249833,48.28469871545556,48.33415985107422,34462800,0.0,0.0,6654.72021484375,,600.4782104492188,48.33415985107422,0.004307195421551592,0.16849503829986628,0.015598671787557583,0.0,0.021221340338120287,1
2025-10-14 04:00:00+00:00,48.32426956084294,49.95651359365729,48.0077137369924,49.550926208496094,42462600,0.0,0.0,6644.31005859375,,596.4783935546875,49.550926208496094,0.024862399029524137,0.28082675923410855,-0.0015643266604626893,0.0,-0.006661052516025445,1
2025-10-15 04:00:00+00:00,51.01499584984654,52.281219095920996,50.67865482840265,51.71735382080078,69992200,0.0,0.0,6671.06005859375,,600.6876220703125,51.71735382080078,0.04279243603432254,0.4006929429418947,0.004026001159503689,0.0,0.007056799644560963,0
2025-10-16 04:00:00+00:00,52.03390538727227,52.1921832801189,49.461888685103915,49.897151947021484,49027700,0.0,0.0,6629.06982421875,,598.4633178710938,49.897151947021484,-0.03582946311852351,0.5177182553788638,-0.006294387099829435,0.0,-0.003702929971409308,0
2025-10-17 04:00:00+00:00,50.40166855781997,51.21284328239635,49.788342155403335,50.72811508178711,48915400,0.0,0.0,6664.009765625,,602.393310546875,50.72811508178711,0.016516369081381748,0.4675603243302156,0.0052707155502571545,0.0,0.006566806282733095,0
2025-10-20 04:00:00+00:00,50.88639353419249,51.71735347732078,50.817147186735376,51.47993850708008,25786000,0.0,0.0,6735.1298828125,,609.98388671875,51.47993850708008,0.014711893226035815,0.4646623280630719,0.010672270853256949,0.0,0.01260069798083241,0
2025-10-21 04:00:00+00:00,51.52939947977521,51.80638486871691,50.886393371282935,50.96553421020508,27303400,0.0,0.0,6735.35009765625,,609.8244018554688,50.96553421020508,-0.010042583757240582,0.4726871250589573,3.2696450934288634e-05,0.0,-0.00026145750199924045,0
2025-10-22 04:00:00+00:00,50.94574929241469,51.02489013179035,49.8971558125448,50.550052642822266,34955000,0.0,0.0,6699.39990234375,,603.9493408203125,50.550052642822266,-0.008185617601835801,0.34015575458977004,-0.005337539220865439,0.0,-0.009634020903854679,0
2025-10-23 04:00:00+00:00,50.92596033906045,51.242516126007565,50.559943417960845,51.202945709228516,26028800,0.0,0.0,6738.43994140625,,609.0264282226562,51.202945709228516,0.012833076906877842,0.2082384721383912,0.0058273934429324825,0.0,0.008406478919983362,0
2025-10-24 04:00:00+00:00,51.29198184287585,52.251543780465965,51.29198184287585,52.004234313964844,38923900,0.0,0.0,6791.68994140625,,615.52978515625,52.004234313964844,0.015528080607115646,0.20493698668322868,0.00790242258787388,0.0,0.010678283621570861,0
2025-10-27 04:00:00+00:00,52.231756880331815,52.49885154834825,51.96466221231539,52.44939041137695,27345800,0.0,0.0,6875.16015625,,626.4918823242188,52.44939041137695,0.008523568113095067,0.19061063850400267,0.012290050865671143,0.0,0.017809206690438284,0
2025-10-28 04:00:00+00:00,52.429604475699904,52.70658985781714,51.77670766525011,52.301002502441406,29575200,0.0,0.0,6890.89013671875,,631.3095703125,52.301002502441406,-0.002833173300174019,0.16260375769861932,0.0022879438603986557,0.0,0.007689944792912851,0
2025-10-29 04:00:00+00:00,52.09326288642381,52.439494610219256,51.75692188031848,52.01412582397461,29158800,0.0,0.0,6890.58984375,,634.15234375,52.01412582397461,-0.005500207041714895,0.14927601903384652,-4.3578255173426506e-05,0.0,0.004502978524613344,0
2025-10-30 04:00:00+00:00,52.103151903187005,52.864865444313324,51.99433891757694,52.45927810668945,37548600,0.0,0.0,6822.33984375,,624.45703125,52.45927810668945,0.008521881358658133,0.13910751155146525,-0.00990481243951924,0.0,-0.015288617310262875,0
2025-10-31 04:00:00+00:00,52.22186666301801,53.06271732051941,52.20208145331125,52.87476348876953,39295700,0.0,0.0,6840.2001953125,,627.4693603515625,52.87476348876953,0.007888950819972974,0.10960011201346231,0.0026179217059763005,0.0,0.004823917340689654,0
2025-11-03 05:00:00+00:00,52.68680716379787,53.062718610076125,52.14272709138959,52.98358154296875,31252300,0.0,0.0,6851.97021484375,,630.4716796875,52.98358154296875,0.0020559190207623734,0.09939867100269922,0.0017207127269924793,0.0,0.004784806280031528,0
2025-11-04 05:00:00+00:00,52.44939058008159,53.41884320768012,52.152619983656386,52.96379470825195,47226600,0.0,0.0,6771.5498046875,,617.6743774414062,52.96379470825195,-0.0003735219435719274,0.09316042699061297,-0.011736830084583816,0.0,-0.020297981112231467,0
2025-11-05 05:00:00+00:00,52.39003438082039,52.49885114550797,51.183166798681434,51.88552474975586,54353600,0.0,0.0,6796.2900390625,,621.6941528320312,51.88552474975586,-0.02056871669358089,0.18800920755749803,0.0036535556982648654,0.0,0.006507919929066963,0
2025-11-06 05:00:00+00:00,52.84508226875824,53.171532559074116,52.20207995315976,52.71648406982422,55296000,0.0,0.0,6720.31982421875,,610.1136474609375,52.71648406982422,0.015888352622844177,0.21552668231767624,-0.011178189042419073,0.0,-0.018627335191010785,0
2025-11-07 05:00:00+00:00,52.57799171400305,53.0033642790733,52.14272465747936,52.6274528503418,40537700,0.0,0.0,6728.7998046875,,608.1885375976562,52.6274528503418,-0.0016902964381803837,0.206725365964417,0.0012618418007710464,0.0,-0.003155329947613583,0
2025-11-10 05:00:00+00:00,52.835194425757116,53.40895420105422,52.76594807682719,52.84508514404297,26094600,0.0,0.0,6832.43017578125,,621.6442260742188,52.84508514404297,0.004126810764323447,0.20912350831572704,0.01540101862170995,0.0,0.022124205973549582,0
2025-11-11 05:00:00+00:00,53.171533410822256,53.39905765909189,52.70659042273401,53.052825927734375,22244300,0.0,0.0,6846.60986328125,,619.9884643554688,53.052825927734375,0.003923421115154175,0.21152872062649913,0.002075350517340535,0.0,-0.0026635198225943846,0
2025-11-12 05:00:00+00:00,53.31002303732911,54.101412501804326,53.191315561068485,53.52765655517578,40536700,0.0,0.0,6850.919921875,,619.4996948242188,53.52765655517578,0.008910332509950079,0.10438100032672605,0.0006295171887717999,0.0,-0.0007883526216219128,0
2025-11-13 05:00:00+00:00,53.21110325940819,53.62658133258406,52.202080229868905,52.301002502441406,37716100,0.0,0.0,6737.490234375,,606.8519897460938,52.301002502441406,-0.023182926094617133,0.20073579744509087,-0.01655685496159698,0.0,-0.020415998883927977,0
2025-11-14 05:00:00+00:00,52.29110979969018,52.33068021667423,51.47004062866325,52.043800354003906,32363100,0.0,0.0,6734.10986328125,,607.310791015625,52.043800354003906,-0.004929860660162843,0.2021578222393406,-0.0005017255648851471,0.0,0.0007560348771753489,0
2025-11-17 05:00:00+00:00,52.01412826085764,52.01412826085764,50.83693279751551,50.92596435546875,35546800,0.0,0.0,6672.41015625,,602.1240234375,50.92596435546875,-0.021712779821188657,0.23199397191572332,-0.00916226617680782,0.0,-0.008540549015193744,0
2025-11-18 05:00:00+00:00,50.728113743949834,51.61842928336724,50.599515545533926,51.0842399597168,35189500,0.0,0.0,6617.31982421875,,594.792724609375,51.0842399597168,0.003103135266112946,0.22953200458238365,-0.008256436690967983,0.0,-0.012175728824554977,0
2025-11-19 05:00:00+00:00,51.113916172367645,51.92509465373092,51.113916172367645,51.46015167236328,28112300,0.0,0.0,6642.16015625,,598.3436889648438,51.46015167236328,0.007331720254269058,0.22256240383559006,0.0037538357962292324,0.0,0.005970087071594188,0
2025-11-20 05:00:00+00:00,51.9349827485926,52.38014049830906,50.42145017319925,50.45112609863281,36661600,0.0,0.0,6538.759765625,,584.1798095703125,50.45112609863281,-0.019802686599500883,0.20878561195053857,-0.015567283563270418,0.0,-0.023671812130308,0
2025-11-21 05:00:00+00:00,50.738009397000766,51.22273382228192,50.15435892416224,51.005104064941406,43867200,0.0,0.0,6602.990234375,,588.568603515625,51.005104064941406,0.010920639788003282,0.24656006657914425,0.009823035415319481,0.0,0.007512745003187771,0
2025-11-24 05:00:00+00:00,51.09413506999255,51.67778553653779,50.84682561423003,51.37112045288086,52852100,0.0,0.0,6705.1201171875,,603.6201782226562,51.37112045288086,0.007150448244474688,0.19615938567182234,0.015467217001293498,0.0,0.02557318657013896,0
2025-11-25 05:00:00+00:00,51.68767503867215,52.310895909155526,51.301872900539536,51.915199279785156,41310100,0.0,0.0,6765.8798828125,,607.3406982421875,51.915199279785156,0.010535448660315036,0.2062486162895266,0.009061696817220577,0.0,0.0061636773483719764,0
2025-11-26 05:00:00+00:00,52.132832202345995,52.67691223122637,51.984445024631945,52.41971206665039,32045600,0.0,0.0,6812.60986328125,,612.70703125,52.41971206665039,0.009671100739207164,0.20981944033122904,0.006906711511012631,0.0,0.008835786936959966,0
2025-11-28 05:00:00+00:00,52.538423411732744,53.35948887422843,52.47906778154971,53.07261276245117,18920800,0.0,0.0,6849.08984375,,617.6743774414062,53.07261276245117,0.012378322943352735,0.030671880614241743,0.005354773163420257,0.0,0.008107212644960615,0
2025-12-01 05:00:00+00:00,52.924222875472,53.319919509231696,52.63734300467835,52.667022705078125,30536500,0.0,0.0,6812.6298828125,,615.599609375,52.667022705078125,-0.0076715234497603205,0.12850326156513922,-0.005323329342915684,0.0,-0.003358999728951928,0
2025-12-02 05:00:00+00:00,52.95389853051185,53.06271529291954,52.39992777446213,52.617557525634766,46073500,0.0,0.0,6829.3701171875,,620.4173583984375,52.617557525634766,-0.0009396472489042548,0.13805718290202806,0.002457235261999813,0.0,0.007826107993032627,0
2025-12-03 05:00:00+00:00,52.67691737551932,53.65626454205868,52.60767102546173,53.507877349853516,37134400,0.0,0.0,6849.72021484375,,621.9335327148438,53.507877349853516,0.016779025937261764,0.15981443483608407,0.0029797912994984355,0.0,0.0024437973823301373,0
2025-12-04 05:00:00+00:00,53.62658287232553,54.10141658686414,53.41884382977294,53.57712173461914,38529600,0.0,0.0,6857.1201171875,,621.35498046875,53.57712173461914,0.0012932604007788505,0.1588986113607747,0.0010803218396737702,0.0,-0.0009302477124336628,0
2025-12-05 05:00:00+00:00,53.62684048758677,54.521782783039725,53.43790991110381,53.646728515625,33986500,0.28,0.0,6870.39990234375,,623.8884887695312,53.646728515625,0.0012983452957792917,0.14231298056390462,0.001936641757662061,0.0,0.0040773927632637985,0
2025-12-08 05:00:00+00:00,53.597007751464844,53.90526268802375,53.18931267952138,53.597007751464844,34386600,0.0,0.0,6846.509765625,,622.6915893554688,53.597007751464844,-0.0009272479578438123,0.11915415077200878,-0.003477255626794018,0.0,-0.0019184508699994218,0
2025-12-09 05:00:00+00:00,53.666615859599375,53.97487080712905,52.970550060147666,53.23903274536133,47189300,0.0,0.0,6840.509765625,,623.4595947265625,53.23903274536133,-0.006701415442363748,0.13818299278246238,-0.0008763589340257116,0.0,0.001233363970579271,0
2025-12-10 05:00:00+00:00,53.28874997291621,54.24335253012895,53.04015531989705,53.775997161865234,54424400,0.0,0.0,6886.68017578125,,626.0130615234375,53.775997161865234,0.01003539266205335,0.09552425458253608,0.00674955693920154,0.0,0.004095641190661192,0
2025-12-11 05:00:00+00:00,53.646728138618656,54.34279394205114,53.44785165288745,54.253299713134766,35686900,0.0,0.0,6901.0,,623.98828125,54.253299713134766,0.008836596570330691,0.11077810662152641,0.002079350841514227,0.0,-0.0032344057942019777,0
2025-12-12 05:00:00+00:00,54.47205925540681,54.989136589823374,54.04447614797107,54.83003616333008,40539400,0.0,0.0,6827.41015625,,612.0587158203125,54.83003616333008,0.01057433419335143,0.12326475841572224,-0.010663649289958,0.0,-0.019118252358505283,0
2025-12-15 05:00:00+00:00,55.09851880606676,55.7548085390532,54.76042992584626,55.01897048950195,32881300,0.0,0.0,6816.509765625,,608.9865112304688,55.01897048950195,0.00343989478342745,0.11508310789398779,-0.0015965630269072495,0.0,-0.0050194605687891025,0
2025-12-16 05:00:00+00:00,54.83003505329456,55.03885364760446,54.38256392744954,54.50189208984375,32931900,0.0,0.0,6800.259765625,,610.1934204101562,54.50189208984375,-0.009442625441471614,0.13321510455135827,-0.0023839179519623555,0.0,0.00198183236809113,0
2025-12-17 05:00:00+00:00,54.8101503264773,55.25762147926561,54.15386056680562,54.24335479736328,35304100,0.0,0.0,6721.43017578125,,598.8822631835938,54.24335479736328,-0.0047549256081250765,0.13714038694843633,-0.011592143912241393,0.0,-0.018537002937461078,0
2025-12-18 05:00:00+00:00,54.49194812777897,54.83998292399107,53.467739353426225,53.95498275756836,87452700,0.0,0.0,6774.759765625,,607.5601806640625,53.95498275756836,-0.0053304464582358295,0.12743068832409093,0.007934262269941872,0.0,0.014490189497912143,0
2025-12-19 05:00:00+00:00,54.21352463427648,54.99908468078129,54.074312229732044,54.95930862426758,73001900,0.0,0.0,6834.5,,615.4799194335938,54.95930862426758,0.018443021973248205,0.17588764143891877,0.008818059450332205,0.0,0.013035315712881301,0
2025-12-22 05:00:00+00:00,55.05874458790202,55.79458645525413,55.02891444235176,55.565879821777344,33408800,0.0,0.0,6878.490234375,,618.4302368164062,55.565879821777344,0.010976272394151314,0.1913589811074576,0.006436496360377575,0.0,0.004793523378516795,0
2025-12-23 05:00:00+00:00,55.49627219203215,55.90396727482717,55.49627219203215,55.655372619628906,22274600,0.0,0.0,6909.7900390625,,621.3265380859375,55.655372619628906,0.0016092754792975488,0.16392165733568617,0.004550388765703239,0.0,0.004683311224304099,0
2025-12-24 05:00:00+00:00,55.8144715597509,56.18239057752821,55.575819028089235,55.93379592895508,13634400,0.0,0.0,6932.0498046875,,623.144287109375,55.93379592895508,0.0049901597209657,0.14378803603875068,0.0032214822012188726,0.0,0.0029255937289227596,0
2025-12-26 05:00:00+00:00,55.96362648527636,56.23210916290389,55.7150318348716,55.854244232177734,15259400,0.0,0.0,6929.93994140625,,623.1043090820312,55.854244232177734,-0.0014232597707492804,0.12569248450560597,-0.00030436354912266594,0.0,-6.415532994641371e-05,0
2025-12-29 05:00:00+00:00,55.79458640108404,55.9337988045214,54.95930818720638,55.038856506347656,21040100,0.0,0.0,6905.740234375,,620.088134765625,55.038856506347656,-0.014706098316780823,0.15181678946226845,-0.00349205148036813,0.0,-0.004840560837798935,0
2025-12-30 05:00:00+00:00,55.178072121550684,55.327226640838795,54.859867468578436,54.9692497253418,17427600,0.0,0.0,6896.240234375,,618.64990234375,54.9692497253418,-0.0012654847479800482,0.11881508271392455,-0.0013756671519022934,0.0,-0.0023194000033860407,0
2025-12-31 05:00:00+00:00,55.00902344753849,55.108459789512295,54.621216403286034,54.69082260131836,16293000,0.0,0.0,6845.5,,613.536376953125,54.69082260131836,-0.005078014566553487,0.11487250364612601,-0.007357666300846111,0.0,-0.008265620622022962,0
2026-01-02 05:00:00+00:00,54.7206562660983,55.67526265943332,54.571501743540686,55.6354866027832,25503600,0.0,0.0,6858.47021484375,,612.347900390625,55.6354866027832,0.017125327503595595,0.1832870407684156,0.0018947067188299638,0.0,-0.0019370922526258383,0
2026-01-05 05:00:00+00:00,55.85424425182346,57.226487784651276,55.82441410760546,56.57019805908203,36096600,0.0,0.0,6902.0498046875,,617.2117309570312,56.57019805908203,0.016661064567484982,0.2219707719090825,0.006354126864826393,0.0,0.007942920296294842,0
2026-01-06 05:00:00+00:00,56.689524338341734,57.08727730982571,56.43098756215458,56.92817687988281,31791900,0.0,0.0,6944.81982421875,,622.6348876953125,56.92817687988281,0.006308108077442764,0.16076061177735507,0.006196712678341321,0.0,0.008786541904950873,1
2026-01-07 05:00:00+00:00,56.37132150344318,56.49064966665969,55.12834825267112,55.32722473144531,49695500,0.0,0.0,6920.93017578125,,623.2341918945312,55.32722473144531,-0.02852532138453253,0.3013767366165798,-0.003439923431013958,0.0,0.0009625291018258153,1
2026-01-08 05:00:00+00:00,55.168127147722544,56.26194594067546,55.158185030235906,55.864192962646484,30933700,0.0,0.0,6921.4599609375,,619.6885986328125,55.864192962646484,0.009658522513326264,0.2998893800078701,7.65482590914246e-05,0.0,-0.005689022373661312,1
2026-01-09 05:00:00+00:00,55.85424593321147,56.29177495893085,55.47638478423094,55.53604507446289,30768800,0.0,0.0,6966.27978515625,,625.86083984375,55.53604507446289,-0.005891348942837984,0.2815692278320149,0.006475487031883276,0.0,0.009960230387576985,1
2026-01-12 05:00:00+00:00,54.97919706952873,55.13829750353676,54.42234365387384,54.879756927490234,45860600,0.0,0.0,6977.27001953125,,626.3801879882812,54.879756927490234,-0.011887716501112186,0.24318626287496173,0.001577633215136931,0.0,0.0008298140919966723,1
2026-01-13 05:00:00+00:00,54.95930580610407,55.20790045668718,53.99475734800054,54.2334098815918,43542200,0.0,0.0,6963.740234375,,625.4513549804688,54.2334098815918,-0.01184741722669258,0.21781196373104914,-0.0019391230550597216,0.0,-0.0014828582155441694,1
2026-01-14 05:00:00+00:00,52.58274289760112,53.17936855695054,51.3695997579034,52.18498992919922,84750000,0.0,0.0,6926.60009765625,,618.769775390625,52.18498992919922,-0.038502232727997195,0.27590874045457664,-0.005333360445499591,0.0,-0.010682812558703958,0
2026-01-15 05:00:00+00:00,52.42364284323547,52.74184370292782,51.936395643126495,52.29437255859375,51018300,0.0,0.0,6944.47021484375,,620.9970092773438,52.29437255859375,0.0020938617302679835,0.24219329525336677,0.0025799262171273263,0.0,0.0035994548785334146,0
2026-01-16 05:00:00+00:00,52.39380879962812,53.07993248398119,51.95628356674258,52.672237396240234,52178400,0.0,0.0,6940.009765625,,620.4776611328125,52.672237396240234,0.007199746091993169,0.28171251027751815,-0.0006423023039563436,0.0,-0.0008363134391510263,0
2026-01-20 05:00:00+00:00,52.025889603934104,53.17936866268901,51.6679126903113,51.807125091552734,49172700,0.0,0.0,6796.85986328125,,607.2942504882812,51.807125091552734,-0.016560822275309698,0.28500423622463844,-0.02062675805627745,0.0,-0.021247196265635315,0
2026-01-21 05:00:00+00:00,51.93639458554194,52.562854174852994,51.757406131453074,51.77729415893555,36340000,0.0,0.0,6875.6201171875,,615.50390625,51.77729415893555,-0.0005759733685379361,0.295246163013001,0.011587741323274559,0.0,0.013518415093042524,0
2026-01-22 05:00:00+00:00,52.17504702402713,52.83133675670185,52.03583462516482,52.15515899658203,31229200,0.0,0.0,6913.35009765625,,619.978271484375,52.15515899658203,0.007271386195135252,0.15546097039113652,0.005487502192628835,0.0,0.007269434343049719,0
2026-01-23 05:00:00+00:00,51.817071128221194,51.90656535684477,51.09117518194261,51.429264068603516,34553500,0.0,0.0,6915.60986328125,,621.935791015625,51.429264068603516,-0.014015752358098614,0.18101279026078507,0.0003268698377891788,0.0,0.0031574002207581664,0
2026-01-26 05:00:00+00:00,51.508812695248196,51.986113986348734,51.37954241018342,51.727577209472656,27728400,0.0,0.0,6950.22998046875,,624.67236328125,51.727577209472656,0.005783697304982397,0.176030767382707,0.005006083031276365,0.0,0.0044000880881227555,0
2026-01-27 05:00:00+00:00,51.916507928573566,51.95628398458854,51.51875874818431,51.876731872558594,26494300,0.0,0.0,6978.60009765625,,630.335205078125,51.876731872558594,0.0028793158789284542,0.13540573151539959,0.004081896177137168,0.0,0.009065299074749289,0
2026-01-28 05:00:00+00:00,51.65796926416924,51.84689983345942,51.021567564188295,51.51875686645508,35030200,0.0,0.0,6978.02978515625,,632.4225463867188,51.51875686645508,-0.00692441112859258,0.14505685432563284,-8.172305219089626e-05,0.0,0.0033114782290084577,0
2026-01-29 05:00:00+00:00,51.687801245813795,52.79156214300204,51.65797110045848,52.781620025634766,35200500,0.0,0.0,6969.009765625,,628.6373291015625,52.781620025634766,0.02421707217421443,0.2306021076723535,-0.001292631274007694,0.0,-0.005985266190749683,0
2026-01-30 05:00:00+00:00,52.57279698817722,53.10976235755474,52.47336064270142,52.900943756103516,34549100,0.0,0.0,6939.02978515625,,621.0868530273438,52.900943756103516,0.0022581545508381473,0.1813538169798641,-0.004301899620894223,0.0,-0.012010861787367544,0
2026-02-02 05:00:00+00:00,52.900944103723,53.78594048133467,52.652349445146534,53.72627639770508,34624500,0.0,0.0,6976.43994140625,,625.3515014648438,53.72627639770508,0.015481021145486364,0.1944246015038243,0.00539126612916796,0.0,0.006866428449922912,0
2026-02-03 05:00:00+00:00,53.895322426600245,54.810148944113756,53.37824508455866,54.143917083740234,41208400,0.0,0.0,6917.81005859375,,615.7435913085938,54.143917083740234,0.007743432349402734,0.190029089551365,-0.008403983020698336,0.0,-0.015364015491678096,0
2026-02-04 05:00:00+00:00,54.47206178170184,55.72498101754092,54.402455578961174,55.06869125366211,54522500,0.0,0.0,6882.72021484375,,604.9871826171875,55.06869125366211,0.01693570527054292,0.13515533064803514,-0.005072391906223106,0.0,-0.017468973844366742,0
2026-02-05 05:00:00+00:00,54.710712847492395,54.97919553361559,53.94504084482701,54.631160736083984,32959700,0.0,0.0,6798.39990234375,,596.2781982421875,54.631160736083984,-0.007976908440333729,0.16226378265403002,-0.012251015567674717,0.0,-0.014395320471625062,0
2026-02-06 05:00:00+00:00,55.23773244534418,56.55031194079071,54.97919566913648,56.212223052978516,42468000,0.0,0.0,6932.2998046875,,608.8822631835938,56.212223052978516,0.02852979588731724,0.2139831842133494,0.0196957966973359,0.0,0.021137893316513612,0
2026-02-09 05:00:00+00:00,56.073011294380414,56.40115806863437,55.86419268890254,56.092899322509766,31968400,0.0,0.0,6964.81982421875,,613.54638671875,56.092899322509766,-0.002124992571064535,0.23239101944313773,0.004691086716887227,0.0,0.007660140255637327,0
2026-02-10 05:00:00+00:00,56.122729169830706,56.5105400264118,53.96492933818589,55.07863235473633,48304700,0.0,0.0,6941.81005859375,,610.699951171875,55.07863235473633,-0.01824738933523872,0.3015413132566913,-0.003303712975458173,0.0,-0.004639315964515389,0
2026-02-11 05:00:00+00:00,55.65537238566653,55.7945847850718,52.94071921750365,53.54728698730469,48973500,0.0,0.0,6941.47021484375,,612.337890625,53.54728698730469,-0.028196710949834215,0.3416834405376584,-4.895607156218951e-05,0.0,0.0026820690749720377,0
2026-02-12 05:00:00+00:00,53.606951457760495,53.63678160263365,51.49886983739844,52.22476577758789,55481600,0.0,0.0,6832.759765625,,599.8836059570312,52.22476577758789,-0.025008309880312416,0.3694060365400966,-0.01566101212770199,0.0,-0.02033890905437341,0
2026-02-13 05:00:00+00:00,51.61819498829466,52.52307939787106,51.1508358142183,52.25459671020508,31772100,0.0,0.0,6836.169921875,,601.1619873046875,52.25459671020508,0.0005710397291387086,0.20884077460254813,0.0004990891480125548,0.0,0.0021310489817716327,0
2026-02-17 05:00:00+00:00,52.74184386912185,53.248975305462835,52.32420286867622,52.44353103637695,35542400,0.0,0.0,6843.22021484375,,600.542724609375,52.44353103637695,0.0036091291281618817,0.23299298872363713,0.0010313220779065713,0.0,-0.0010301095351836764,0
2026-02-18 05:00:00+00:00,52.69212431068929,53.30863798792215,52.49324782966965,53.06004333496094,30698900,0.0,0.0,6881.31005859375,,605.027099609375,53.06004333496094,0.011687174007037168,0.2852547436648975,0.005566070147410729,0.0,0.007467203941096567,0
2026-02-19 05:00:00+00:00,51.618195720575166,52.513138025491195,51.53864740083459,52.47336196899414,47148600,0.0,0.0,6861.89013671875,,602.7100219726562,52.47336196899414,-0.011118515661054075,0.22685687642574653,-0.0028221256867719813,0.0,-0.003829708848107294,0
2026-02-20 05:00:00+00:00,52.23470695355785,52.79156033842742,51.538644964037566,52.7617301940918,33552000,0.0,0.0,6909.509765625,,608.0433349609375,52.7617301940918,0.005480471218205529,0.13344768431866888,0.006939724763506794,0.0,0.008848887182637988,0
2026-02-23 05:00:00+00:00,52.54296767698131,52.960604886511184,50.60392856340556,50.78291702270508,50602500,0.0,0.0,6837.75,,600.652587890625,50.78291702270508,-0.03822610203326119,0.3176174599078907,-0.010385652247284827,0.0,-0.012154967656684001,0
2026-02-24 05:00:00+00:00,50.45477181971012,50.59398421675283,49.191910542853144,50.126625061035156,53062700,0.0,0.0,6890.06982421875,,607.1044921875,50.126625061035156,-0.013007713677850126,0.30867156102599885,0.0076516140863223114,0.0,0.010741490883328764,0
2026-02-25 05:00:00+00:00,50.047077589182564,51.478981431370656,50.02718956166216,51.39942932128906,41375000,0.0,0.0,6946.1298828125,,615.9033813476562,51.39942932128906,0.02507476442933938,0.37318813959375635,0.008136355657339944,0.0,0.014493203844452518,0
2026-02-26 05:00:00+00:00,51.58836332356563,52.373919542207126,51.44915092515456,52.00600051879883,52418500,0.0,0.0,6908.85986328125,,608.4727783203125,52.00600051879883,0.011732036815440987,0.3897221933466131,-0.005365580569328343,0.0,-0.012064559559788246,0
2026-02-27 05:00:00+00:00,50.79286188974006,51.12100486287794,49.04275338882664,49.549888610839844,77728700,0.0,0.0,6878.8798828125,,606.5252075195312,49.549888610839844,-0.04837909375813967,0.4987498583750979,-0.00433935281103115,0.0,-0.003200752556519526,0
2026-03-02 05:00:00+00:00,48.50578999118731,50.13657039238987,48.30691729309221,49.53000259399414,40595200,0.0,0.0,6881.6201171875,,607.32421875,49.53000259399414,-0.0004014137858027076,0.4455811121974012,0.0003983547353176853,0.0,0.0013173586531323167,0
2026-03-03 05:00:00+00:00,48.48590112787358,50.226063759017634,48.227364348849434,49.68910217285156,51242900,0.0,0.0,6816.6298828125,,600.8224487304688,49.68910217285156,0.0032070379105734515,0.4420698837911506,-0.009444031095625416,0.0,-0.01070559977488339,0
2026-03-04 05:00:00+00:00,49.60954736054731,50.12662468370891,48.93336961435548,50.017242431640625,34208500,0.0,0.0,6869.5,,609.9808959960938,50.017242431640625,0.006582157731435428,0.38749205549302906,0.007756049264286302,0.0,0.015243184213533878,0
2026-03-05 05:00:00+00:00,49.539944711597464,50.14651630324676,49.05270129070951,49.53000259399414,39073900,0.0,0.0,6830.7099609375,,608.1431274414062,49.53000259399414,-0.009789195642008806,0.3562252039237592,-0.005646704863891072,0.0,-0.0030128296914716524,0
2026-03-06 05:00:00+00:00,48.54999923706055,48.70000076293945,47.619998931884766,48.63999938964844,47016000,0.28,0.0,6740.02001953125,,598.9946899414062,48.63999938964844,-0.018132373862761068,0.16065482382656487,-0.013276795812569242,0.0,-0.015043230922446638,0
2026-03-09 04:00:00+00:00,47.939998626708984,48.150001525878906,46.77000045776367,47.900001525878906,62752800,0.0,0.0,6795.990234375,,606.99462890625,47.900001525878906,-0.0153306888371867,0.1755723320336797,0.008304161513105202,0.0,0.013355609155110137,0
2026-03-10 04:00:00+00:00,48.279998779296875,49.150001525878906,47.599998474121094,48.560001373291016,50271100,0.0,0.0,6781.47998046875,,607.004638671875,48.560001373291016,0.01368463875915652,0.22232377207986842,-0.0021351198877325173,0.0,1.6490698843574236e-05,0
2026-03-11 04:00:00+00:00,48.36000061035156,48.650001525878906,47.779998779296875,48.52000045776367,42185800,0.0,0.0,6775.7998046875,,606.9247436523438,48.52000045776367,-0.0008240815211501091,0.20435287681229056,-0.0008376012017449197,0.0,-0.00013162176108916235,0
2026-03-12 04:00:00+00:00,47.70000076293945,47.779998779296875,46.790000915527344,47.130001068115234,58354500,0.0,0.0,6672.6201171875,,596.5078735351562,47.130001068115234,-0.029066329911575168,0.26363327491137206,-0.015227676506708532,0.0,-0.017163363705524626,0
2026-03-13 04:00:00+00:00,47.52000045776367,47.81999969482422,46.65999984741211,46.720001220703125,45473100,0.0,0.0,6632.18994140625,,592.9722900390625,46.720001220703125,-0.008737398950775131,0.25346764823308116,-0.006059115470564369,0.0,-0.005927136342962935,0
2026-03-16 04:00:00+00:00,47.119998931884766,47.68000030517578,46.900001525878906,47.060001373291016,38055600,0.0,0.0,6699.3798828125,,599.6239013671875,47.060001373291016,0.007251047832885822,0.263143319986085,0.010130883162251969,0.0,0.011217406681325315,0
2026-03-17 04:00:00+00:00,47.65999984741211,48.08000183105469,47.20000076293945,47.279998779296875,33427800,0.0,0.0,6716.08984375,,602.5502319335938,47.279998779296875,0.004663934798327863,0.2318830034139064,0.0024942548757938,0.0,0.004880276719680499,0
2026-03-18 04:00:00+00:00,47.220001220703125,47.880001068115234,46.689998626708984,46.83000183105469,40251800,0.0,0.0,6624.7001953125,,594.15087890625,46.83000183105469,-0.009563284983762724,0.22944166740275243,-0.013607567880073446,0.0,-0.01393967271473795,0
2026-03-19 04:00:00+00:00,46.41999816894531,47.189998626708984,46.119998931884766,47.0099983215332,38601400,0.0,0.0,6606.490234375,,592.273193359375,47.0099983215332,0.003836247036089967,0.12688325185412283,-0.002748797741878972,0.0,-0.0031602840516394837,0
2026-03-20 04:00:00+00:00,47.130001068115234,47.459999084472656,46.689998626708984,47.15999984741211,78060900,0.0,0.0,6506.47998046875,,581.3269653320312,47.15999984741211,0.003185763102058213,0.1044221098764641,-0.015138182356779217,0.0,-0.018481721188927547,0
2026-03-23 04:00:00+00:00,48.34000015258789,48.38999938964844,47.47999954223633,47.52000045776367,42333200,0.0,0.0,6581.0,,588.0,47.52000045776367,0.007604612253829505,0.10559255239682483,0.011453200463990454,0.0,0.011478969781072212,0
2026-03-24 04:00:00+00:00,47.04999923706055,48.459999084472656,47.02000045776367,48.13999938964844,39804100,0.0,0.0,6556.3701171875,,583.97998046875,48.13999938964844,0.012962734988784334,0.13214921556312859,-0.0037425745042546366,0.0,-0.006836767910289088,0
2026-03-25 04:00:00+00:00,48.52000045776367,49.11000061035156,48.18000030517578,48.75,29988300,0.0,0.0,6591.89990234375,,587.8200073242188,48.75,0.01259177776760845,0.07376807403340853,0.005419124381509377,0.0,0.006575613863315066,0
2026-03-26 04:00:00+00:00,48.709999084472656,48.869998931884766,48.029998779296875,48.2400016784668,32502600,0.0,0.0,6477.16015625,,573.7899780273438,48.2400016784668,-0.010516610230838934,0.15303546001625146,-0.017406172392416708,0.0,-0.023867900245077234,0
2026-03-27 04:00:00+00:00,48.06999969482422,48.25,46.84000015258789,46.970001220703125,36781900,0.0,0.0,6368.85009765625,,562.5800170898438,46.970001220703125,-0.026679461185118245,0.27536081291820014,-0.01672184352107431,0.0,-0.019536696991535485,0
2026-03-30 04:00:00+00:00,47.54999923706055,47.86000061035156,46.93000030517578,47.22999954223633,43375900,0.0,0.0,6343.72021484375,,558.280029296875,47.22999954223633,0.005520148187904177,0.27172268202905425,-0.003945748828622642,0.0,-0.00764333545868201,0
2026-03-31 04:00:00+00:00,47.68000030517578,48.77000045776367,47.369998931884766,48.75,49060600,0.0,0.0,6528.52001953125,,577.1799926757812,48.75,0.03167592322805299,0.3534593109165447,0.02913114047102594,0.0,0.03385391270884219,0
2026-04-01 04:00:00+00:00,49.70000076293945,50.04999923706055,48.779998779296875,49.27000045776367,32947000,0.0,0.0,6575.31982421875,,584.3099975585938,49.27000045776367,0.010610188402936361,0.3501660396093341,0.007168516684867399,0.0,0.012353174006878076,0
2026-04-02 04:00:00+00:00,48.75,49.56999969482422,48.15999984741211,49.380001068115234,27548200,0.0,0.0,6582.68994140625,,584.97998046875,49.380001068115234,0.0022301197007638896,0.3324250633716614,0.0011208758485563575,0.0,0.0011466223630531847,0
