Date,Open,High,Low,Close,Volume,Dividends,Stock Splits,snp500,vix_close,qqq_close,close,log_ret,rv_5,snp500_change,vix_change,qqq_change,earnings_week
2021-04-12 04:00:00+00:00,84.18422326452095,84.33851291659639,82.43021929538597,82.64946746826172,7845900,0.0,0.0,4127.990234375,,326.7147521972656,82.64946746826172,-0.011138296957369181,0.11953287918502745,-0.00019607884876882142,0.0,-0.0013050642182081962,0
2021-04-13 04:00:00+00:00,82.47081494551253,83.31533764253342,82.25156677968431,83.02300262451172,6829900,0.0,0.0,4141.58984375,,330.5284423828125,83.02300262451172,0.004509328423693557,0.1312517128799318,0.0032944868090414303,0.0,0.011672843542871902,0
2021-04-14 04:00:00+00:00,83.35594630245735,85.53221477014445,83.31534180527932,84.67144775390625,10194800,0.0,0.0,4124.66015625,,326.5594482421875,84.67144775390625,0.019660736835663595,0.20380393020866974,-0.004087726727828533,0.0,-0.012008026032531816,0
2021-04-15 04:00:00+00:00,84.46032348683111,84.67144952953036,83.5833183705561,83.98121643066406,7860500,0.0,0.0,4170.419921875,,331.5086364746094,83.98121643066406,-0.008185286373081377,0.19375336615984318,0.01109419052516647,0.0,0.01515555057145801,0
2021-04-16 04:00:00+00:00,84.28979845186664,84.74453910658386,83.17730084114574,83.60768127441406,7459700,0.0,0.0,4185.47021484375,,331.8968200683594,83.60768127441406,-0.004457762774601351,0.19728197795965427,0.0036088195555097347,0.0,0.0011709607263270527,0
2021-04-19 04:00:00+00:00,83.85939615445103,84.3141429195775,82.99863544874384,83.85128021240234,7068700,0.0,0.0,4163.259765625,,328.8594665527344,83.85128021240234,0.0029093588978619713,0.1703334994079902,-0.005306560094486046,0.0,-0.009151499297279875,0
2021-04-20 04:00:00+00:00,83.50211051035642,83.63203374450089,81.61817714994,82.28404998779297,9783800,0.0,0.0,4134.93994140625,,326.46240234375,82.28404998779297,-0.018867470447348773,0.22754803161555978,-0.006802319771775922,0.0,-0.0072890229802765605,0
2021-04-21 04:00:00+00:00,81.4720303836764,83.63205503874147,81.31774069567969,83.42092895507812,8264400,0.0,0.0,4173.419921875,,329.25726318359375,83.42092895507812,0.013721938993179417,0.1936640732275755,0.009306055472153574,0.0,0.008561049663847298,0
2021-04-22 04:00:00+00:00,83.53458591478196,83.53458591478196,81.91050535321014,81.9754638671875,9899400,0.0,0.0,4134.97998046875,,325.2881774902344,81.9754638671875,-0.017479243229599997,0.21899694868096706,-0.009210657476561801,0.0,-0.012054664048963493,1
2021-04-23 04:00:00+00:00,82.09729320716123,82.96617629324794,81.78872004788708,82.46271514892578,6756000,0.0,0.0,4180.169921875,,329.3834228515625,82.46271514892578,0.005926272240467023,0.23213638264766642,0.010928696540176919,0.0,0.012589591767290909,1
2021-04-26 04:00:00+00:00,82.23532913204068,83.37218693871952,82.22721318865753,82.43833923339844,5639700,0.0,0.0,4187.6201171875,,331.5280456542969,82.43833923339844,-0.00029564293322685055,0.22829023001756035,0.001782270924804541,0.0,0.006511022273579581,1
2021-04-27 04:00:00+00:00,82.67382996011361,83.7213628045901,82.4302215608206,83.39654541015625,6898900,0.0,0.0,4186.72021484375,,330.0918273925781,83.39654541015625,0.011556275902157714,0.19866937672780036,-0.00021489588801437698,0.0,-0.0043321169371486334,1
2021-04-28 04:00:00+00:00,84.07865081338724,85.9625840034925,83.94060545353322,85.44287872314453,8718400,0.0,0.0,4183.18017578125,,328.9757995605469,85.44287872314453,0.024241180998773818,0.24428244977191765,-0.0008455399168898481,0.0,-0.003380961718582487,1
2021-04-29 04:00:00+00:00,86.41733915315227,87.41615158582024,85.87327356403414,86.80712127685547,9740300,0.0,0.0,4211.47021484375,,330.1597595214844,86.80712127685547,0.015840593096110144,0.14878372232466167,0.006762806734045723,0.0,0.0035989272235801284,1
2021-04-30 04:00:00+00:00,85.24800640868274,85.58093976081433,83.61580342228872,83.69700622558594,13730000,0.0,0.0,4181.169921875,,327.99566650390625,83.69700622558594,-0.0364854517195041,0.37726900368693533,-0.007194706699326425,0.0,-0.006554684376783637,0
2021-05-03 04:00:00+00:00,84.43594434927584,85.84889258980219,83.81879205067662,85.6946029663086,7938100,0.0,0.0,4192.66015625,,326.2488708496094,85.6946029663086,0.023586638790025684,0.4015559275859246,0.002748090747253684,0.0,-0.005325666869065437,0
2021-05-04 04:00:00+00:00,86.0438039624625,86.49042868097045,85.14243858174781,86.16561126708984,8704300,0.0,0.0,4164.66015625,,320.3777770996094,86.16561126708984,0.0054813091227526095,0.4002399786267632,-0.006678337608227225,0.0,-0.01799575193842251,0
2021-05-05 04:00:00+00:00,86.96140168626977,88.95090434286556,86.742153508713,88.47991943359375,12872400,0.0,0.0,4167.58984375,,319.3005676269531,88.47991943359375,0.026504470358586652,0.40681712842522644,0.0007034637617677753,0.0,-0.003362310215172415,0
2021-05-06 04:00:00+00:00,88.47179054298985,88.61795804866452,87.22936984244328,88.52863311767578,9654900,0.0,0.0,4201.6201171875,,321.7073059082031,88.52863311767578,0.0005504105266071174,0.40027903296714035,0.008165456466051824,0.0,0.007537532110064582,0
2021-05-07 04:00:00+00:00,87.77344474777139,89.86851048779904,87.45674948420637,89.34068298339844,10273000,0.0,0.0,4232.60009765625,,324.3176574707031,89.34068298339844,0.009130922921228241,0.18115858567822457,0.007373341616968343,0.0,0.008114057450858247,0
2021-05-10 04:00:00+00:00,90.49378326629338,91.8498892340324,88.9346610051794,88.97526550292969,13586500,0.0,0.0,4188.43017578125,,316.1273498535156,88.97526550292969,-0.004098545251799766,0.18626809269791253,-0.010435647322188157,0.0,-0.025253967610219807,0
2021-05-11 04:00:00+00:00,88.5611147349208,88.9833791679575,86.24680107719875,86.64469909667969,12754800,0.0,0.0,4152.10009765625,,315.69061279296875,86.64469909667969,-0.026542577152413708,0.30754389953707806,-0.00867391280271812,0.0,-0.0013815225438394974,0
2021-05-12 04:00:00+00:00,86.8883245538808,89.44625310458909,86.66095422855149,87.18878173828125,11661900,0.0,0.0,4063.0400390625,,307.5196228027344,87.18878173828125,0.006259834591904369,0.22463283729927,-0.021449400664502738,0.0,-0.025882904524604733,0
2021-05-13 04:00:00+00:00,86.1331110561685,87.59478601802921,85.62152791720504,86.62845611572266,9706300,0.0,0.0,4112.5,,309.897216796875,86.62845611572266,-0.006447318694501766,0.22327197366489096,0.012173141406923493,0.0,0.007731519609939674,0
2021-05-14 04:00:00+00:00,87.53795984107738,89.17827876514048,87.53795984107738,88.8940658569336,9124100,0.0,0.0,4173.85009765625,,316.7387390136719,88.8940658569336,0.02581703537229053,0.3036511688452555,0.014917956876899785,0.0,0.022076746243517187,0
2021-05-17 04:00:00+00:00,88.58547503007081,90.03902793803049,88.48803415726685,89.98218536376953,12692900,0.0,0.0,4163.2900390625,,314.8172912597656,89.98218536376953,0.012166320808641379,0.314947315339493,-0.0025300521932207776,0.0,-0.006066349067024968,0
2021-05-18 04:00:00+00:00,89.54655326107923,89.64518690263876,87.10527029306932,87.27788543701172,12759900,1.34,0.0,4127.830078125,,312.69207763671875,87.27788543701172,-0.030514596452217223,0.3382266216241952,-0.008517292959364653,0.0,-0.0067506254645119945,0
2021-05-19 04:00:00+00:00,85.3380068876627,85.72433868815848,83.81734436607938,84.82837677001953,14762700,0.0,0.0,4115.68017578125,,313.051025390625,84.82837677001953,-0.028466995339621503,0.3926306349858071,-0.002943411456817757,0.0,0.0011479272408150276,0
2021-05-20 04:00:00+00:00,84.72149903571916,85.54347923642322,83.81732206918694,85.124267578125,9706300,0.0,0.0,4159.1201171875,,319.10662841796875,85.124267578125,0.0034820418146928197,0.39740288014415337,0.010554741756143349,0.0,0.019343821090467728,0
2021-05-21 04:00:00+00:00,85.56815160798578,86.47232872212423,85.2229213724222,85.5845947265625,10352800,0.0,0.0,4155.85986328125,,317.3403625488281,85.5845947265625,0.005393138446080401,0.32171348325833143,-0.0007838806801412357,0.0,-0.005535033471091522,0
2021-05-24 04:00:00+00:00,86.26683608567478,86.99839810278486,85.48595725386008,86.8011245727539,6785600,0.0,0.0,4197.0498046875,,322.6777038574219,86.8011245727539,0.014114278685828643,0.32945313515346697,0.009911292190138532,0.0,0.016818980307846898,0
2021-05-25 04:00:00+00:00,86.66139200456546,86.8175702840767,85.16538795880233,85.37910461425781,7884000,0.0,0.0,4188.1298828125,,323.1241455078125,85.37910461425781,-0.016518183281405887,0.2780171236175139,-0.0021252837802967495,0.0,0.0013835528301264777,0
2021-05-26 04:00:00+00:00,85.91338184354937,86.23395994367243,85.20648452505777,85.5845947265625,9232400,0.0,0.0,4195.990234375,,324.2498779296875,85.5845947265625,0.002403904595577192,0.17806690841199346,0.0018768165702687245,0.0,0.003483900654053018,0
2021-05-27 04:00:00+00:00,85.58459410133166,86.23395931369771,84.3105220830722,84.67219543457031,11703400,0.0,0.0,4200.8798828125,,323.0368347167969,84.67219543457031,-0.010718022177092987,0.19701873766988034,0.0011653145418315525,0.0,-0.0037410753109170525,0
2021-05-28 04:00:00+00:00,85.1736193161366,85.58460955478985,84.62288763021908,85.3133544921875,7278200,0.0,0.0,4204.10986328125,,324.0556640625,85.3133544921875,0.00754372472800102,0.20198877331614923,0.0007688818911402162,0.0,0.0031539107501357133,0
2021-06-01 04:00:00+00:00,86.55454274930226,88.30535882702111,86.55454274930226,87.66421508789062,10260600,0.0,0.0,4202.0400390625,,322.9786376953125,87.66421508789062,0.027182776986960425,0.27146536829470047,-0.0004923335226864056,0.0,-0.003323584453625794,0
2021-06-02 04:00:00+00:00,88.12451259402398,89.234184812572,87.30253224380881,88.83963775634766,9141800,0.0,0.0,4208.1201171875,,323.60931396484375,88.83963775634766,0.013319143192488591,0.2214119181320214,0.0014469348384307246,0.0,0.0019526872552053653,0
2021-06-03 04:00:00+00:00,88.41221597932386,88.84786461829344,87.59023552203385,88.43687438964844,8809300,0.0,0.0,4192.85009765625,,320.24188232421875,88.43687438964844,-0.004543907760984197,0.23729328661747956,-0.0036287033416374515,0.0,-0.010405855132435526,0
2021-06-04 04:00:00+00:00,88.97116841523018,89.32462028446014,88.12452949552473,89.14378356933594,6699300,0.0,0.0,4229.89013671875,,325.67633056640625,89.14378356933594,0.007961598091616956,0.1823064537297363,0.008834095710505974,0.0,0.016969823568191433,0
2021-06-07 04:00:00+00:00,89.07802000852938,89.3492687798976,88.42043316673505,88.56838989257812,6748600,0.0,0.0,4226.52001953125,,326.64678955078125,88.56838989257812,-0.0064755911339796765,0.2190825073895767,-0.0007967387044511831,0.0,0.002979826574093458,0
2021-06-08 04:00:00+00:00,88.48620665258129,89.57944227917554,87.37653417447146,89.37394714355469,10559500,0.0,0.0,4227.259765625,,326.80206298828125,89.37394714355469,0.00905420000194702,0.1399138348083031,0.00017502486450582388,0.0,0.00047535577408708285,0
2021-06-09 04:00:00+00:00,89.64518202315749,90.03151382147247,88.48619289942546,88.59304809570312,10146900,0.0,0.0,4219.5498046875,,326.8795471191406,88.59304809570312,-0.008775830131344985,0.13362338028600074,-0.0018238673194856947,0.0,0.00023709804690597025,0
2021-06-10 04:00:00+00:00,89.64517546301467,90.62333409174528,88.15739302802433,89.11089324951172,13526200,0.0,0.0,4239.18017578125,,330.285888671875,89.11089324951172,0.0058281950949265245,0.1344076135169865,0.004652243012262192,0.0,0.010420785218149042,0
2021-06-11 04:00:00+00:00,89.46434112491995,89.57120258738946,88.6588038682176,88.69990539550781,7731700,0.0,0.0,4247.43994140625,,331.1495666503906,88.69990539550781,-0.004622762948417613,0.12582017576160864,0.0019484346695590737,0.0,0.002614940595823123,0
2021-06-14 04:00:00+00:00,88.92183692739751,89.56298061440567,87.81216467902085,88.74922180175781,9051900,0.0,0.0,4255.14990234375,,334.3229064941406,88.74922180175781,0.000555837138211237,0.11606003955754125,0.0018152018730952513,0.0,0.009582799324935332,0
2021-06-15 04:00:00+00:00,89.11088646084266,90.81238541433758,89.09444334312491,90.6644287109375,10540200,0.0,0.0,4246.58984375,,332.139404296875,90.6644287109375,0.021350434101816532,0.18570452419906874,-0.0020116937805257917,0.0,-0.0065311175359259455,0
2021-06-16 04:00:00+00:00,90.4424893306424,90.83704262492368,89.51365387058839,90.14657592773438,9283300,0.0,0.0,4223.7001953125,,330.9263916015625,90.14657592773438,-0.005728127004162486,0.1745945968253202,-0.005390124612855707,0.0,-0.0036521191994078883,0
2021-06-17 04:00:00+00:00,89.79314901869635,90.40141911043692,79.16494078985397,88.00945281982422,14337800,0.0,0.0,4221.85986328125,,335.1283874511719,88.00945281982422,-0.023992739867482477,0.25781360987902824,-0.00043571559205179966,0.0,0.012697675242138384,0
2021-06-18 04:00:00+00:00,86.51344200401233,87.35185930020438,84.5900107691648,84.68864440917969,22284500,0.0,0.0,4166.4501953125,,332.4984436035156,84.68864440917969,-0.038462702814912944,0.3650856263248461,-0.013124468779900589,0.0,-0.00784757109852241,0
2021-06-21 04:00:00+00:00,85.56816251709108,87.4916000069876,85.42842734743557,87.17102813720703,13591500,0.0,0.0,4224.7900390625,,334.56494140625,87.17102813720703,0.028890505274569402,0.4569237426805619,0.014002289962720793,0.0,0.006215060077690238,0
2021-06-22 04:00:00+00:00,86.57919100096366,87.91901670191712,85.74076753953771,87.45870971679688,10230100,0.0,0.0,4246.43994140625,,337.6837463378906,87.45870971679688,0.003294763462033472,0.41045532720597866,0.005124491902218642,0.0,0.009321971747941138,0
2021-06-23 04:00:00+00:00,88.24779887891238,88.88072090302244,87.31896346733976,87.35183715820312,7792800,0.0,0.0,4241.83984375,,337.8487854003906,87.35183715820312,-0.0012227245302905284,0.4127129615982022,-0.0010832833431588806,0.0,0.0004887385439478198,0
2021-06-24 04:00:00+00:00,88.06697845458984,88.5930454023237,87.42583475399,88.06697845458984,8724600,0.0,0.0,4266.490234375,,339.9377136230469,88.06697845458984,0.008153575268581544,0.3882596599874559,0.005811249724885448,0.0,0.0061830271793952285,0
2021-06-25 04:00:00+00:00,88.43686274006625,88.82319450749607,87.77106066415413,88.19849395751953,8102300,0.0,0.0,4280.7001953125,,339.51983642578125,88.19849395751953,0.0014922437790538345,0.1921260746565933,0.0033305973193167304,0.0,-0.0012292757776473096,0
2021-06-28 04:00:00+00:00,87.91079858382653,87.95190011105505,85.20648866917237,85.47773742675781,11348400,0.0,0.0,4290.60986328125,,343.64898681640625,85.47773742675781,-0.03133392649128054,0.2492240888586589,0.0023149642620619026,0.0,0.012161735332149481,0
2021-06-29 04:00:00+00:00,85.9709276303436,86.28328419811618,85.16539034455842,85.28868865966797,7225500,0.0,0.0,4291.7998046875,,344.8926696777344,85.28868865966797,-0.002214121928462316,0.2421405322933593,0.00027733619326086867,0.0,0.0036190499871677773,0
2021-06-30 04:00:00+00:00,85.35443186429559,86.20929213407386,85.25579824126751,86.0942153930664,7927500,0.0,0.0,4297.5,,344.34857177734375,86.0942153930664,0.009400385291521525,0.2634560287105391,0.0013281596467464851,0.0,-0.0015775861542636216,0
2021-07-01 04:00:00+00:00,87.9108151053091,88.03411343895408,86.91621941734337,87.30255126953125,10873200,0.0,0.0,4319.93994140625,,344.48455810546875,87.30255126953125,0.013937462155530322,0.2813377113386997,0.0052216268542757405,0.0,0.0003949089360908431,0
2021-07-02 04:00:00+00:00,86.88331924085678,87.45870924033477,86.34081547866518,87.18745422363281,7107700,0.0,0.0,4352.33984375,,348.4388122558594,87.18745422363281,-0.0013192396007550727,0.28000536945352306,0.007500081663913916,0.0,0.011478755890067971,0
2021-07-06 04:00:00+00:00,87.1052613283333,87.1052613283333,84.98455045607852,85.47773742675781,10162800,0.0,0.0,4343.5400390625,,349.94464111328125,85.47773742675781,-0.019804485917834416,0.20720345230679765,-0.0020218560598241897,0.0,0.004321645019028875,0
2021-07-07 04:00:00+00:00,85.45309185175964,86.22575552695935,83.94065074505177,84.60645294189453,8245000,0.0,0.0,4358.1298828125,,350.68310546875,84.60645294189453,-0.01024542145187316,0.22005619005926458,0.003358975310182588,0.0,0.0021102319301689043,0
2021-07-08 04:00:00+00:00,83.43101261177603,84.73795846910835,83.20085909762037,84.33518981933594,8695500,0.0,0.0,4320.81982421875,,348.5650939941406,84.33518981933594,-0.0032113261271087953,0.1973593686377184,-0.008561024934316985,0.0,-0.006039673544518953,0
2021-07-09 04:00:00+00:00,85.04209424532955,85.67502268615105,84.13791702965466,85.54350280761719,8567900,0.0,0.0,4369.5498046875,,350.7413635253906,85.54350280761719,0.014225837827783002,0.1990259987399274,0.011277947808795874,0.0,0.0062435096593078665,0
2021-07-12 04:00:00+00:00,85.12428337178599,86.32437393492916,84.86124990960683,85.71611022949219,9898600,0.0,0.0,4384.6298828125,,352.1112976074219,85.71611022949219,0.0020157406321199495,0.20329333830838878,0.0034511743312370946,0.0,0.0039058241328073784,0
2021-07-13 04:00:00+00:00,85.48594412710969,85.96269416675548,84.8448005495502,85.42840576171875,6738000,0.0,0.0,4369.2099609375,,352.1112976074219,85.42840576171875,-0.0033621262956881727,0.14483176385674165,-0.0035168126585656267,0.0,0.0,0
2021-07-14 04:00:00+00:00,85.88052509863782,86.57098570603779,83.61185717064139,83.81735229492188,9216600,0.0,0.0,4374.2998046875,,352.7428283691406,83.81735229492188,-0.019038611638421583,0.18999102078627816,0.0011649345752446916,0.0,0.0017935543846787638,0
2021-07-15 04:00:00+00:00,83.0611217218004,84.04749569086086,82.89672187948183,83.26661682128906,9665700,0.0,0.0,4360.02978515625,,350.2652282714844,83.26661682128906,-0.006592343611163114,0.1929828877871574,-0.0032622408541723713,0.0,-0.007023814230642467,0
2021-07-16 04:00:00+00:00,83.53786967746377,83.58719276818115,80.82533799410452,81.06371307373047,12199100,0.0,0.0,4327.16015625,,347.4283142089844,81.06371307373047,-0.026812283762985528,0.18808589728714545,-0.007538854211077806,0.0,-0.008099331116879105,0
2021-07-19 04:00:00+00:00,78.76215104443526,79.69098651340792,77.69357416020566,78.87722778320312,17385500,0.0,0.0,4258.490234375,,344.58172607421875,78.87722778320312,-0.027342861696252257,0.1776663006263878,-0.015869512427409305,0.0,-0.00819331073014773,0
2021-07-20 04:00:00+00:00,78.81968206711623,80.58694077805835,78.1292216988661,79.34574890136719,12114600,0.0,0.0,4323.06005859375,,348.5845642089844,79.34574890136719,0.005922306574920711,0.2267833427396654,0.015162609437855634,0.0,0.011616513099430792,0
2021-07-21 04:00:00+00:00,80.53765346987582,82.5843831924954,80.30749365828262,82.05009460449219,11478100,0.0,0.0,4358.68994140625,,351.2757263183594,82.05009460449219,0.03351509903025809,0.40296722087766795,0.008241819990835397,0.0,0.007720256103370016,0
2021-07-22 04:00:00+00:00,81.70484610507667,81.713067664321,80.46365405009539,81.22809600830078,7694300,0.0,0.0,4367.47998046875,,353.5977783203125,81.22809600830078,-0.010068773271263515,0.4049845020563451,0.0020166699583279435,0.0,0.006610340049083341,1
2021-07-23 04:00:00+00:00,81.21167713356391,81.47471064668323,80.50477339120319,81.26099395751953,7570800,0.0,0.0,4411.7900390625,,357.7268371582031,81.26099395751953,0.0004049250281995543,0.3555260897981931,0.010145452020822843,0.0,0.011677275964528944,1
2021-07-26 04:00:00+00:00,81.75417844323229,83.23374582757127,81.7377415928345,82.97892761230469,10227500,0.0,0.0,4422.2998046875,,358.0086364746094,82.97892761230469,0.020920569070815766,0.27306588323431047,0.0023821998626283314,0.0,0.0007877500012156702,1
2021-07-27 04:00:00+00:00,82.23914820663974,82.78987361426984,81.32674938685221,82.69945526123047,8332100,0.0,0.0,4401.4599609375,,354.0641174316406,82.69945526123047,-0.00337367629137039,0.28958434000496613,-0.0047124448070912095,0.0,-0.01101794381781207,1
2021-07-28 04:00:00+00:00,82.93782287284596,83.68582176912882,82.42819277176504,83.16797637939453,8546100,0.0,0.0,4400.64013671875,,355.42425537109375,83.16797637939453,0.005649359366215655,0.18544763759906396,-0.0001862618826539153,0.0,0.003841501785946333,1
2021-07-29 04:00:00+00:00,84.15434571401347,84.56533588773709,83.7926786255611,84.3105239868164,8681300,0.0,0.0,4419.14990234375,,356.05584716796875,84.3105239868164,0.013644322468948594,0.15671870503313484,0.004206152980007483,0.0,0.0017770081454220321,1
2021-07-30 04:00:00+00:00,84.71329702112169,85.52706212282632,82.83096117470936,83.68582153320312,12295300,0.0,0.0,4395.259765625,,354.2001037597656,83.68582153320312,-0.007437130029009139,0.18606607629238273,-0.0054060480514769305,0.0,-0.005211944763619303,0
2021-08-02 04:00:00+00:00,83.9077596228744,85.46952361637818,83.48032630867117,83.5378646850586,8911800,0.0,0.0,4387.16015625,,354.22918701171875,83.5378646850586,-0.0017695685354097545,0.13255286937792282,-0.001842805614891363,0.0,8.210966525545871e-05,0
2021-08-03 04:00:00+00:00,83.50498783937766,84.59000801390506,82.74876735823395,84.33518981933594,8437300,0.0,0.0,4423.14990234375,,356.3764343261719,84.33518981933594,0.009499215132302357,0.1351750295743275,0.0082034265474622,0.0,0.006061745878614078,0
2021-08-04 04:00:00+00:00,82.55971787384414,83.75980857058073,82.28024126161061,82.44464111328125,10389800,0.0,0.0,4402.66015625,,356.8913269042969,82.44464111328125,-0.022672162185746185,0.22916690819951344,-0.004632387901412294,0.0,0.001444799735702329,0
2021-08-05 04:00:00+00:00,82.97070847452939,84.1954575867979,82.74877024156532,83.2090835571289,7986100,0.0,0.0,4429.10009765625,,359.1550598144531,83.2090835571289,0.00922946793770321,0.211985901882865,0.006005446813494242,0.0,0.006342919369299427,0
2021-08-06 04:00:00+00:00,83.85843406561098,84.31874733436767,83.51320381745285,83.80089569091797,6475600,0.0,0.0,4436.52001953125,,357.58111572265625,83.80089569091797,0.007087176629606195,0.21627042089167262,0.001675266241764728,0.0,-0.004382352548812807,0
2021-08-09 04:00:00+00:00,82.9460363224395,83.33236180139332,82.14049285707097,82.40352630615234,9243100,0.0,0.0,4432.35009765625,,358.2417297363281,82.40352630615234,-0.016815464889367675,0.2491146810265482,-0.0009399082741974318,0.0,0.0018474521853224513,0
2021-08-10 04:00:00+00:00,82.80631115386555,84.10504180723441,82.67479753912153,83.90776824951172,9762600,0.0,0.0,4436.75,,356.40557861328125,83.90776824951172,0.0180899675960175,0.28110449413904903,0.0009926793341701323,0.0,-0.005125452929222729,0
2021-08-11 04:00:00+00:00,83.87489297631204,84.63933511042306,83.51321954088334,84.54069519042969,7079800,0.0,0.0,4442.41015625,,355.79345703125,84.54069519042969,0.007514819744523501,0.2063424287095137,0.0012757437876824707,0.0,-0.0017174859731795555,0
2021-08-12 04:00:00+00:00,84.54890156560508,84.86947340898803,83.66116125875419,84.3680648803711,7377600,0.0,0.0,4460.830078125,,357.0758972167969,84.3680648803711,-0.0020440665137005593,0.20737636255911535,0.004146380281677686,0.0,0.003604451291059574,0
2021-08-13 04:00:00+00:00,84.03105839637196,84.28587031159779,83.54608670312132,83.80912017822266,6572600,0.0,0.0,4468.0,,358.3292541503906,83.80912017822266,-0.006647117562285034,0.21221428947025,0.001607306655808216,0.0,0.0035100575069977324,0
2021-08-16 04:00:00+00:00,82.880278930202,83.18440764148274,82.1240585248387,82.95425415039062,9476600,0.0,0.0,4479.7099609375,,358.4847106933594,82.95425415039062,-0.010252533201498526,0.18243986469910697,0.002620850702215849,0.0,0.0004338371516368067,0
2021-08-17 04:00:00+00:00,82.36244078514986,83.57897464303242,81.89391216696274,82.798095703125,10937500,0.0,0.0,4448.080078125,,355.3271484375,82.798095703125,-0.0018842386681712166,0.10591157368519924,-0.00706069881494753,0.0,-0.008808080684256314,0
2021-08-18 04:00:00+00:00,82.21495096344886,82.82308310914198,80.43219748762222,80.5571517944336,12893600,1.34,0.0,4400.27001953125,,351.9071960449219,80.5571517944336,-0.027438169670900635,0.16724013481625322,-0.010748470745585936,0.0,-0.009624799027085018,0
2021-08-19 04:00:00+00:00,78.98264338282729,79.39917457899158,77.35817426009126,78.54945373535156,17423400,0.0,0.0,4405.7998046875,,353.607421875,78.54945373535156,-0.025238482379664876,0.18123400010928783,0.0012566922329095842,0.0,0.004831460820315492,0
2021-08-20 04:00:00+00:00,77.90799103846126,79.04095638455686,77.6497437343147,78.55778503417969,9707600,0.0,0.0,4441.669921875,,357.2702331542969,78.55778503417969,0.00010605875198608634,0.20408184322060727,0.008141567655737925,0.0,0.010358411766005604,0
2021-08-23 04:00:00+00:00,80.04897979551914,80.80706978967306,80.0239889351867,80.58214569091797,10277800,0.0,0.0,4479.52978515625,,362.61376953125,80.58214569091797,0.02544263841792385,0.34345316122689573,0.00852379036424833,0.0,0.014956567553293443,0
2021-08-24 04:00:00+00:00,81.22360532728887,82.14830534255292,81.13196793076624,81.50684356689453,8924900,0.0,0.0,4486.22998046875,,363.7213439941406,81.50684356689453,0.011409879375912996,0.3652816199360607,0.0014957363013194946,0.0,0.0030544192084112076,0
2021-08-25 04:00:00+00:00,80.99034334368832,82.23993718744629,80.57381206243566,82.06499481201172,9342300,0.0,0.0,4496.18994140625,,364.13909912109375,82.06499481201172,0.006824566098392238,0.2961669345507029,0.002220118224179668,0.0,0.0011485581856858218,0
2021-08-26 04:00:00+00:00,81.73177403818212,82.24827514990822,80.97368400431462,80.99034881591797,8124800,0.0,0.0,4470.0,,361.8268127441406,80.99034881591797,-0.013181555813161386,0.225976440610275,-0.005824918819612557,0.0,-0.006350008506458615,0
2021-08-27 04:00:00+00:00,81.75675517812185,82.85639744993873,81.68178260211197,82.17328643798828,10281200,0.0,0.0,4509.3701171875,,365.34381103515625,82.17328643798828,0.014500269584952975,0.22494446090012193,0.008807632480425154,0.0,0.009720115168752264,0
2021-08-30 04:00:00+00:00,82.54815275265318,82.7314275033197,81.61512690309559,81.96501159667969,8127200,0.0,0.0,4528.7900390625,,369.4438171386719,81.96501159667969,-0.0025377983759287772,0.17912664140775247,0.004306570844779589,0.0,0.011222322589504952,0
2021-08-31 04:00:00+00:00,81.75676901956106,81.98169949719679,80.50717502840523,80.61547088623047,15676900,0.0,0.0,4522.68017578125,,369.14263916015625,80.61547088623047,-0.016601890789221512,0.20826255191057993,-0.0013491160395050494,0.0,-0.0008152199726828568,0
2021-09-01 04:00:00+00:00,80.69042970834067,80.8653720607842,79.53247340709864,79.73240661621094,10557300,0.0,0.0,4524.08984375,,369.7546691894531,79.73240661621094,-0.011014466938062137,0.19781069486169686,0.0003116886257619189,0.0,0.0016579770646092395,0
2021-09-02 04:00:00+00:00,80.50716005511944,81.96501944032501,80.4321874803606,81.3985366821289,12340100,0.0,0.0,4536.9501953125,,369.5798950195313,81.3985366821289,0.020681185334447048,0.2555125422469981,0.002842638410522902,0.0,-0.0004726760322052437,0
2021-09-03 04:00:00+00:00,81.14029079059927,81.99834417003278,81.12362598095751,81.21526336669922,9097000,0.0,0.0,4535.43017578125,,370.716552734375,81.21526336669922,-0.002254093969573331,0.22571256489006988,-0.0003350311257153127,0.0,0.0030755399039863462,0
2021-09-07 04:00:00+00:00,80.82370951790224,81.62345499781905,80.59045306782716,80.8570327758789,9237800,0.0,0.0,4520.02978515625,,371.2411804199219,80.8570327758789,-0.004420634281428602,0.22620891789277434,-0.003395574405981705,0.0,0.0014151720004873525,0
2021-09-08 04:00:00+00:00,81.22359670667238,82.03166837800951,80.26557352564626,80.29889678955078,10775900,0.0,0.0,4514.06982421875,,369.9490051269531,80.29889678955078,-0.006926685470367638,0.19740246732285668,-0.001318566739775151,0.0,-0.003480689538555848,0
2021-09-09 04:00:00+00:00,79.88236926174795,81.32357030317326,79.43251471163421,79.97400665283203,10219400,0.0,0.0,4493.27978515625,,368.67626953125,79.97400665283203,-0.004054217210146858,0.18011083057202432,-0.004605608657393345,0.0,-0.003440300090187698,0
2021-09-10 04:00:00+00:00,81.30689503602841,81.39020001109235,79.88235898841988,80.03231048583984,11006000,0.0,0.0,4458.580078125,,365.878173828125,80.03231048583984,0.0007287691715039405,0.04508609703083836,-0.007722578759925436,0.0,-0.007589573656809012,0
2021-09-13 04:00:00+00:00,80.98200590510487,82.23159967119575,80.85704525734326,81.6151351928711,11500900,0.0,0.0,4468.72998046875,,365.62554931640625,81.6151351928711,0.019584290866636236,0.170827812887171,0.0022764876184568905,0.0,-0.0006904607319850875,0
2021-09-14 04:00:00+00:00,81.95668624053566,82.25658924818654,79.95734133054648,80.14060974121094,15294100,0.0,0.0,4443.0498046875,,364.5860900878906,80.14060974121094,-0.018232011446106183,0.21954162625817766,-0.00574663850657553,0.0,-0.002842961140049005,0
2021-09-15 04:00:00+00:00,80.7987443234655,82.08166156206951,80.7987443234655,81.84007263183594,11623400,0.0,0.0,4480.7001953125,,367.2966918945313,81.84007263183594,0.020984295499350505,0.26336551794516055,0.008473996979569742,0.0,0.007434737309882644,0
2021-09-16 04:00:00+00:00,81.9067090895906,82.13163317998368,80.73209420729285,81.07364654541016,10616700,0.0,0.0,4473.75,,367.5492858886719,81.07364654541016,-0.009409050933363418,0.2758756800759038,-0.0015511404489350067,0.0,0.0006877110513510143,0
2021-09-17 04:00:00+00:00,80.898710228535,81.95669694229153,80.28224567931693,80.60713958740234,16006100,0.0,0.0,4432.990234375,,363.19671630859375,80.60713958740234,-0.005770732116964596,0.28262409159547336,-0.009110872450405094,0.0,-0.011842138584365225,0
2021-09-20 04:00:00+00:00,78.84101339123683,79.34918188869617,77.73303903738216,78.9576416015625,15796100,0.0,0.0,4357.72998046875,,355.6919250488281,78.9576416015625,-0.020675699667217173,0.26359555685634795,-0.01697731100841482,0.0,-0.020663158345818,0
2021-09-21 04:00:00+00:00,79.61578196222568,79.88236170495308,78.33286496417432,79.01597595214844,10958400,0.0,0.0,4354.18994140625,,356.1295471191406,79.01597595214844,0.0007385328530258464,0.24467553727567304,-0.0008123585165593639,0.0,0.0012303401890623178,0
2021-09-22 04:00:00+00:00,80.17394392228823,82.2899237174282,80.17394392228823,81.3402328491211,13292800,0.0,0.0,4395.64013671875,,359.45599365234375,81.3402328491211,0.028990703875132036,0.295156615185277,0.009519611195260236,0.0,0.009340551942718545,0
2021-09-23 04:00:00+00:00,81.84005819416933,83.53117405170558,81.43185934891358,83.35623168945312,10094900,0.0,0.0,4448.97998046875,,362.772705078125,83.35623168945312,0.024482608583022984,0.33175506656600795,0.012134715784494876,0.0,0.009227030524880053,0
2021-09-24 04:00:00+00:00,83.01467687058133,84.1143190828962,83.01467687058133,83.80608367919922,8225300,0.0,0.0,4455.47998046875,,363.1130676269531,83.80608367919922,0.005382230734379014,0.31688728879574735,0.001461009046688222,0.0,0.0009382253517524752,0
2021-09-27 04:00:00+00:00,85.46387348626415,86.45521983318984,85.46387348626415,85.78044128417969,12697500,0.0,0.0,4443.10986328125,,360.21466064453125,85.78044128417969,0.023285420990145637,0.20045007943824145,-0.0027763826213396126,0.0,-0.00798210596320259,0
2021-09-28 04:00:00+00:00,86.56353362983106,87.37993137911582,85.70547385449287,86.1053466796875,15560800,0.0,0.0,4352.6298828125,,350.02142333984375,86.1053466796875,0.003780484545238313,0.18594722298827066,-0.020364110556098214,0.0,-0.028297674743301027,0
2021-09-29 04:00:00+00:00,85.98039823255851,86.83845177396503,85.25563141463306,86.08036804199219,10268100,0.0,0.0,4359.4599609375,,349.44757080078125,86.08036804199219,-0.00029013600705393066,0.18501156462657112,0.0015691842194003325,0.0,-0.001639478331317279,0
2021-09-30 04:00:00+00:00,86.15533264361142,86.18032350471162,84.51419830322266,84.51419830322266,15319800,0.0,0.0,4307.5400390625,,348.1636657714844,84.51419830322266,-0.018361824479895688,0.23607762853765732,-0.011909714125195148,0.0,-0.003674099168452405,0
2021-10-01 04:00:00+00:00,85.15565158056702,87.08835636749927,84.87240701953799,86.91341400146484,10854900,0.0,0.0,4357.0400390625,,350.32293701171875,86.91341400146484,0.027992834205380488,0.2982815088892993,0.01149147763018199,0.0,0.006201885643206673,0
2021-10-04 04:00:00+00:00,87.47157591582604,88.18801028416912,86.73015068557201,87.23831939697266,13305400,0.0,0.0,4300.4599609375,,342.9698791503906,87.23831939697266,0.003731295303550937,0.26232015265883973,-0.012985898136748442,0.0,-0.020989370333699187,0
2021-10-05 04:00:00+00:00,88.33793977106617,89.77913419830207,87.82143878264117,88.18798828125,13017300,0.0,0.0,4345.72021484375,,347.599609375,88.18798828125,0.01082708943686591,0.2677283006880788,0.010524514660609219,0.0,0.013498941178386348,0
2021-10-06 04:00:00+00:00,86.78845687054717,87.76313853043082,86.2886206107937,87.41325378417969,10630100,0.0,0.0,4363.5498046875,,349.826904296875,87.41325378417969,-0.008823850158556275,0.2842539016594833,0.004102792854185466,0.0,0.006407645065769074,0
2021-10-07 04:00:00+00:00,87.97974129241888,88.55455651763639,87.65484738836462,88.03805541992188,8830900,0.0,0.0,4399.759765625,,353.0365905761719,88.03805541992188,0.007122252660752998,0.21143445539332936,0.008298280656405366,0.0,0.009175069841320882,0
2021-10-08 04:00:00+00:00,88.97940332247803,90.32896685647744,88.80446096069778,90.01240539550781,10586700,0.0,0.0,4391.33984375,,351.2760925292969,90.01240539550781,0.022178329606186303,0.17856557616028523,-0.0019137230947889883,0.0,-0.004986729687145974,0
2021-10-11 04:00:00+00:00,91.27033695185006,91.32865107995796,89.0710521835474,89.2459945678711,9794800,0.0,0.0,4361.18994140625,,348.58203125,89.2459945678711,-0.008550957698077783,0.2110878770911822,-0.006865763848056816,0.0,-0.007669355633908359,0
2021-10-12 04:00:00+00:00,89.129364101293,89.62087433095321,88.44625303649985,89.26265716552734,9085000,0.0,0.0,4350.64990234375,,347.3661193847656,89.26265716552734,0.00018668672406451503,0.2045713074467858,-0.0024167805585421087,0.0,-0.0034881656431748898,0
2021-10-13 04:00:00+00:00,88.94608713986194,90.25399511078966,88.70450458943279,89.79581451416016,9220700,0.0,0.0,4363.7998046875,,350.14788818359375,89.79581451416016,0.005955137662834696,0.17864855743415803,0.00302251448379387,0.0,0.00800817536193521,0
2021-10-14 04:00:00+00:00,90.70385245711287,90.93711532101504,90.06239705973064,90.64553833007812,7648600,0.0,0.0,4438.259765625,,356.59637451171875,90.64553833007812,0.009418352099107541,0.1807914900285387,0.01706310194558336,0.0,0.018416465001622084,0
2021-10-15 04:00:00+00:00,91.44526789627422,91.66186592604832,91.16202969683016,91.31198120117188,9968100,0.0,0.0,4471.3701171875,,358.8431701660156,91.31198120117188,0.007325290572346359,0.11499078674706328,0.007460210377712606,0.0,0.006300668809023469,0
2021-10-18 04:00:00+00:00,91.82015667857917,91.9784405993378,90.77049606995368,91.27033233642578,10677400,0.0,0.0,4486.4599609375,,362.4516906738281,91.27033233642578,-0.00045622015256044146,0.06985580217916522,0.00337476955709759,0.0,0.01005598213320602,0
2021-10-19 04:00:00+00:00,91.77016705474882,93.0530776977539,91.4702640495428,93.0530776977539,10362800,0.0,0.0,4519.6298828125,,365.1944885253906,93.0530776977539,0.01934427051575049,0.1140163649133501,0.007393339551406308,0.0,0.007567347379352496,0
2021-10-20 04:00:00+00:00,92.54491778314356,94.27768945286488,92.28667042047576,94.26936340332033,10811400,0.0,0.0,4536.18994140625,,364.7178955078125,94.26936340332033,0.012986194193958665,0.11575216784497669,0.0036640298040166996,0.0,-0.0013050389109171556,0
2021-10-21 04:00:00+00:00,93.89448993424682,93.97779492757546,92.36165771855636,93.08641815185548,9372600,0.0,0.0,4549.77978515625,,366.9451904296875,93.08641815185548,-0.012627963348796671,0.19683202862011018,0.002995871849622578,0.0,0.006106897822421908,1
2021-10-22 04:00:00+00:00,93.48626654202918,94.03608443865988,92.84480491423778,93.96944427490234,8673800,0.0,0.0,4544.89990234375,,363.8619689941406,93.96944427490234,0.00944137939295136,0.19875792099635384,-0.0010725536274130976,0.0,-0.008402403181620888,1
2021-10-25 04:00:00+00:00,94.57759746408784,95.2607085527132,94.38599662227038,94.84417724609376,9579800,0.0,0.0,4566.47998046875,,367.5871887207031,94.84417724609376,0.009265636899172803,0.19152331617021534,0.004748196569493546,0.0,0.010238002440487337,1
2021-10-26 04:00:00+00:00,94.9524733890976,95.46896810862978,94.56093296896002,95.05243682861328,7463000,0.0,0.0,4574.7900390625,,368.7445983886719,95.05243682861328,0.00219340051984734,0.16218499133229541,0.0018197952535197182,0.0,0.0031486670468490185,1
2021-10-27 04:00:00+00:00,94.31934370717306,94.61924673611183,93.01143574709786,93.36132049560548,9096100,0.0,0.0,4551.68017578125,,369.6004943847656,93.36132049560548,-0.017951573935685663,0.20123561887414895,-0.005051568068462853,0.0,0.002321107888315632,1
2021-10-28 04:00:00+00:00,92.95310606366522,94.36097722722572,92.95310606366522,94.23602294921876,7538200,0.0,0.0,4596.419921875,,373.70501708984375,94.23602294921876,0.00932538570562362,0.18764399654429958,0.009829281576461124,0.0,0.01110529549455963,1
2021-10-29 04:00:00+00:00,95.66057152959392,96.04377952943776,94.26102622958204,95.37732696533205,15294200,0.0,0.0,4605.3798828125,,375.5433044433594,95.37732696533205,0.012038369660843276,0.19451561392490346,0.001949334719149265,0.0,0.004919086631030467,0
2021-11-01 04:00:00+00:00,95.82719875810623,95.87718048490252,95.0108008935356,95.4106674194336,11213800,0.0,0.0,4613.669921875,,376.82720947265625,95.4106674194336,0.000349502646101348,0.18648066230412905,0.0018000771431341267,0.0,0.0034187935561782457,0
2021-11-02 04:00:00+00:00,95.11906997347708,95.12740237751848,94.31099838703624,94.82749938964844,9189700,0.0,0.0,4630.64990234375,,378.4028625488281,94.82749938964844,-0.0061309448704843,0.19291481024640914,0.0036803630854131963,0.0,0.004181367577932749,0
2021-11-03 04:00:00+00:00,93.52792310119096,94.36098559248629,93.2780081672598,94.14439392089844,10416000,0.0,0.0,4660.56982421875,,382.4198303222656,94.14439392089844,-0.007229735938202402,0.1392782885268498,0.006461279195357994,0.0,0.010615585057629273,0
2021-11-04 04:00:00+00:00,95.1524019707341,95.1857252341974,94.06109210430242,94.56092834472656,9673000,0.0,0.0,4680.06005859375,,387.3218688964844,94.56092834472656,0.004414661921792894,0.12600550783524356,0.004181942361150437,0.0,0.012818473796423646,0
2021-11-05 04:00:00+00:00,95.19405376604372,95.8438478868816,94.9108155528624,95.5855941772461,8102100,0.0,0.0,4697.52978515625,,387.6915588378906,95.5855941772461,0.010777749050198565,0.11897339414331808,0.003732799652949259,0.0,0.0009544773251752847,0
2021-11-08 05:00:00+00:00,95.8771512149271,96.6269086668,95.5439313303275,95.92713928222656,7695900,0.0,0.0,4701.7001953125,,387.166259765625,95.92713928222656,0.0035668173171649244,0.12100082748687936,0.0008877879113036169,0.0,-0.0013549407003862202,0
2021-11-09 05:00:00+00:00,96.02711546013197,96.73522369836552,95.35233684169964,96.63525390625,10945900,0.0,0.0,4685.25,,384.5012817382813,96.63525390625,0.007354684413749824,0.10749320126751848,-0.003498775895770745,0.0,-0.006883290989656343,0
2021-11-10 05:00:00+00:00,96.43532456448764,96.810200177445,94.68589444441498,95.0940933227539,10305100,0.0,0.0,4646.7099609375,,378.8502197265625,95.0940933227539,-0.01607676445948747,0.16664002725619464,-0.008225823395229703,0.0,-0.01469712138844137,0
2021-11-11 05:00:00+00:00,94.6358976754618,95.52727428630946,94.61090681766198,95.1024169921875,7317500,0.0,0.0,4649.27001953125,,379.9006652832031,95.1024169921875,8.752704689617956e-05,0.16552982926008683,0.0005509400447352153,0.0,0.00277271993506778,0
2021-11-12 05:00:00+00:00,94.80251133935116,95.2273686216074,94.62756262811364,95.16072845458984,8682800,0.0,0.0,4682.85009765625,,383.8982238769531,95.16072845458984,0.0006129559572991989,0.1423604162630622,0.007222656026415475,0.0,0.010522641729963755,0
2021-11-15 05:00:00+00:00,95.76053774513665,97.42666284800644,95.19405495593038,97.31836700439452,11050400,0.0,0.0,4682.7998046875,,383.8106689453125,97.31836700439452,0.022420397668056664,0.22084205668737958,-1.0739820344718431e-05,0.0,-0.00022806808209852036,0
2021-11-16 05:00:00+00:00,97.55995712278448,98.36802882466849,97.35169148233037,97.70157623291016,10566300,0.0,0.0,4700.89990234375,,386.5438232421875,97.70157623291016,0.0039299541919847565,0.21778738003508596,0.003865229864862485,0.0,0.007121100370621525,0
2021-11-17 05:00:00+00:00,96.79989822834476,98.19876166687666,96.6229339250545,97.26337432861328,11108000,1.34,0.0,4688.669921875,,386.748046875,97.26337432861328,-0.004495194043048478,0.1659166188729634,-0.002601625374463401,0.0,0.0005283324180413995,0
2021-11-18 05:00:00+00:00,96.78305392177585,97.22967909475504,95.56958333066034,96.44597625732422,8368600,0.0,0.0,4704.5400390625,,390.75531005859375,96.44597625732422,-0.008439478222345156,0.18959332296648798,0.0033847802152713324,0.0,0.010361430952200656,0
2021-11-19 05:00:00+00:00,94.81115524788282,95.35047691118736,93.62295798923851,94.3055419921875,13532600,0.0,0.0,4697.9599609375,,392.9339904785156,94.3055419921875,-0.022443062337401266,0.2628828391796134,-0.001398665559303236,0.0,0.0055755619023967196,0
2021-11-22 05:00:00+00:00,94.39821434023398,97.06954888566302,94.25495845672704,95.99090576171876,9947100,0.0,0.0,4682.93994140625,,388.372314453125,95.99090576171876,0.01771349761870892,0.23633952201301617,-0.0031971365563219223,0.0,-0.011609268060101874,0
2021-11-23 05:00:00+00:00,97.06957164667696,98.46000655731812,96.96001770953728,98.00495910644533,10366800,0.0,0.0,4690.7001953125,,386.6022644042969,98.00495910644533,0.020764625185522682,0.29034923875098406,0.001657132912945114,0.0,-0.0045576112996637,0
2021-11-24 05:00:00+00:00,98.4347096018015,99.43751370413445,98.32516211308752,98.75493621826172,8500900,0.0,0.0,4701.4599609375,,387.84716796875,98.75493621826172,0.007623309035023541,0.2896440240054672,0.0022938506357221833,0.0,0.0032201145183961,0
2021-11-26 05:00:00+00:00,95.51899662574998,96.76618178287474,94.91225824818768,96.49652099609376,11861800,0.0,0.0,4594.6201171875,,380.4939575195313,96.49652099609376,-0.023134433711187743,0.340645140820217,-0.022724822637582465,0.0,-0.018959041231960683,0
2021-11-29 05:00:00+00:00,98.03864274658092,98.73807764047112,96.6650590828714,96.78303527832033,12003800,0.0,0.0,4655.27001953125,,388.7516479492187,96.78303527832033,0.002964767693152359,0.2763889353222694,0.013200199537034996,0.0,0.02170255339538074,0
2021-11-30 05:00:00+00:00,95.60327301180958,97.63416101767896,94.75215989435824,95.11451721191406,24451200,0.0,0.0,4567.0,,383.0422973632813,95.11451721191406,-0.017390113562455376,0.28825106391488337,-0.01896131033450521,0.0,-0.014686370118444314,0
2021-12-01 05:00:00+00:00,96.86729687306764,97.80268409800706,94.45720087015238,94.46562957763672,12302700,0.0,0.0,4513.0400390625,,376.5256042480469,94.46562957763672,-0.006845549803121761,0.2071001140999841,-0.011815187417889228,0.0,-0.017012985667882896,0
2021-12-02 05:00:00+00:00,95.4347424201362,97.4993325100754,94.322390712673,97.02742767333984,11392400,0.0,0.0,4577.10009765625,,379.23931884765625,97.02742767333984,0.0267576378847305,0.31218264627785275,0.01419443613158311,0.0,0.007207251164310202,0
2021-12-03 05:00:00+00:00,98.37571116174657,98.59481254536226,95.72123415352743,96.41224670410156,10445100,0.0,0.0,4538.43017578125,,372.6448059082031,96.41224670410156,-0.006360464006893747,0.2649594533327367,-0.008448563730297565,0.0,-0.01738879016946604,0
2021-12-06 05:00:00+00:00,97.7184179477979,98.9740253567553,96.95157271359876,97.92066192626952,9833900,0.0,0.0,4591.669921875,,375.63079833984375,97.92066192626952,0.015524344562598609,0.28830896008896634,0.011730872577451423,0.0,0.008012972096479887,0
2021-12-07 05:00:00+00:00,98.79707190253964,99.99369777695854,98.79707190253964,99.37010192871094,11419600,0.0,0.0,4686.75,,386.9425964355469,99.37010192871094,0.01469370438295952,0.23506088836832226,0.020707080374404274,0.0,0.03011413905807858,0
2021-12-08 05:00:00+00:00,99.76617491742678,100.4993183133354,99.15101416214254,99.81673431396484,8827900,0.0,0.0,4701.2099609375,,388.6738586425781,99.81673431396484,0.004484564765516152,0.1986298253214121,0.0030852853123166657,0.0,0.004474209412402175,0
2021-12-09 05:00:00+00:00,99.31111509852282,99.94313323418912,99.08359139854016,99.55549621582033,8334700,0.0,0.0,4667.4501953125,,382.9548034667969,99.55549621582033,-0.0026206081655063634,0.15715464004259957,-0.007181080169894716,0.0,-0.014714277918650653,0
2021-12-10 05:00:00+00:00,100.22123580780178,100.44875953741278,98.48529449313304,99.72404479980467,9090700,0.0,0.0,4712.02001953125,,387.11767578125,99.72404479980467,0.00169157981111692,0.12764416262853273,0.009549073338481762,0.0,0.010870401093726167,0
2021-12-13 05:00:00+00:00,98.98246936024933,99.31111828700976,97.42349252806402,97.65101623535156,8533000,0.0,0.0,4668.97021484375,,381.52496337890625,97.65101623535156,-0.021006755218623843,0.20781487449664146,-0.009136167611567658,0.0,-0.014447060292602232,0
2021-12-14 05:00:00+00:00,97.53302088948786,98.5273961835826,97.3054972268446,97.93751525878906,12245300,0.0,0.0,4634.08984375,,377.57611083984375,97.93751525878906,0.002929611732940683,0.1660255207176249,-0.0074706775774360246,0.0,-0.01035018129374865,0
2021-12-15 05:00:00+00:00,98.02180214969523,98.02180214969523,96.02462246495324,97.38135528564452,11069500,0.0,0.0,4709.85009765625,,386.1839294433594,97.38135528564452,-0.005694907765003124,0.15267586512587386,0.016348464630746795,0.0,0.022797572082537743,0
2021-12-16 05:00:00+00:00,97.91225742713247,99.59763922194756,97.68472728446852,98.29146575927734,11344700,0.0,0.0,4668.669921875,,376.2533264160156,98.29146575927734,0.009302436913032355,0.18428100514640994,-0.008743415379980468,0.0,-0.02571469776501989,0
2021-12-17 05:00:00+00:00,97.68470994128788,98.13976371660316,95.67067956839745,95.72966766357422,22727900,0.0,0.0,4620.64013671875,,374.3761291503906,95.72966766357422,-0.02640894771496142,0.24232097616069118,-0.010287680637092622,0.0,-0.0049891845037123295,0
2021-12-20 05:00:00+00:00,94.2634026173922,95.8223794639514,93.31116423482214,95.77182006835938,13464400,0.0,0.0,4568.02001953125,,370.74456787109375,95.77182006835938,0.00044023057956541097,0.21732123332924624,-0.01138805785140995,0.0,-0.009700301372147724,0
2021-12-21 05:00:00+00:00,96.42911979782738,97.81113235739232,96.31114358634412,97.3055191040039,11368200,0.0,0.0,4649.22998046875,,379.0419921875,97.3055191040039,0.015887222202001776,0.2584932218818459,0.017777934551572505,0.0,0.022380433957676305,0
2021-12-22 05:00:00+00:00,97.2633769708166,98.32516924862304,96.41226383604555,97.86168670654295,8345200,0.0,0.0,4696.56005859375,,383.658203125,97.86168670654295,0.005699411494275143,0.2589305474338375,0.010180197220578835,0.0,0.012178626729084208,0
2021-12-23 05:00:00+00:00,98.18193169482434,99.3701226795959,98.08923516908489,98.09766387939452,7416600,0.0,0.0,4725.7900390625,,386.5506896972656,98.09766387939452,0.0024084309956345514,0.24942874752819608,0.006223699921661829,0.0,0.007539227751956146,0
2021-12-27 05:00:00+00:00,97.8111358700724,100.12853592478002,97.2549632001378,100.10325622558594,7745500,0.0,0.0,4791.18994140625,,392.939208984375,100.10325622558594,0.02023866289616366,0.13778223105360055,0.01383893524747526,0.0,0.0165269897516227,0
2021-12-28 05:00:00+00:00,99.99370569124318,100.5667293335472,99.47123501657488,99.90943145751952,6516000,0.0,0.0,4786.35009765625,,391.1180114746094,99.90943145751952,-0.001938125335788544,0.1476977452392765,-0.0010101548486260992,0.0,-0.004634807288569798,0
2021-12-29 05:00:00+00:00,99.5049243945992,99.98525786054527,98.83919793667044,99.39537048339844,6957400,0.0,0.0,4793.06005859375,,391.0596923828125,99.39537048339844,-0.005158552218240008,0.15633433871512653,0.0014018951394270118,0.0,-0.00014910868353257278,0
2021-12-30 05:00:00+00:00,99.54705716883495,100.01896836632636,98.88133069689808,98.9571762084961,6016000,0.0,0.0,4778.72998046875,,389.8909912109375,98.9571762084961,-0.004418344962754686,0.1665893606840038,-0.0029897555945093135,0.0,-0.0029885493049766065,0
2021-12-31 05:00:00+00:00,98.91504257343188,99.51335226256988,98.70436987602189,98.88976287841795,5706600,0.0,0.0,4766.18017578125,,387.456298828125,98.88976287841795,-0.0006814695541731521,0.1678164004155849,-0.0026261799136575448,0.0,-0.006244546392956463,0
2022-01-03 05:00:00+00:00,98.94876634689632,100.86167833688816,98.83921884174576,100.49932098388672,10717700,0.0,0.0,4796.56005859375,,391.1862487792969,100.49932098388672,0.016145247649797728,0.13927645182519494,0.006374052530970564,0.0,0.009626762972890779,0
2022-01-04 05:00:00+00:00,101.08076424497553,102.79143206017577,100.83638955773928,102.32794952392578,16413100,0.0,0.0,4793.5400390625,,386.1123046875,102.32794952392578,0.01803187592265303,0.18064761334916754,-0.000629621957060511,0.0,-0.012970660670282297,0
2022-01-05 05:00:00+00:00,103.0105262198336,104.35883027456556,102.8672703204104,102.9936752319336,15487100,0.0,0.0,4700.580078125,,374.25054931640625,102.9936752319336,0.006484733809309543,0.15773457291120105,-0.019392757790687165,0.0,-0.030720998080322914,0
2022-01-06 05:00:00+00:00,104.17343296647472,104.76331392056215,102.50490245042424,103.87006378173828,13318500,0.0,0.0,4696.0498046875,,373.9876098632813,103.87006378173828,0.00847315046401124,0.1205258219409577,-0.0009637690162076495,0.0,-0.0007025759978314117,0
2022-01-07 05:00:00+00:00,104.11445447446654,105.7914074236698,103.60883483378788,105.36163330078124,14164600,0.0,0.0,4677.02978515625,,369.936279296875,105.36163330078124,0.01425782811731991,0.07906196395006894,-0.004050216740091761,0.0,-0.010832793545987651,0
2022-01-10 05:00:00+00:00,105.46277029807464,105.91782416799596,104.37569823591062,105.42906188964844,12626100,0.0,0.0,4670.2900390625,,370.17974853515625,105.42906188964844,0.0006397681938113255,0.1076807150335629,-0.0014410312534549607,0.0,0.000658138311668166,0
2022-01-11 05:00:00+00:00,106.06106375752842,107.86442154082648,105.19309326911736,107.83914184570312,14609000,0.0,0.0,4713.06982421875,,375.7405395507813,107.83914184570312,0.022602361865911698,0.13235064086431117,0.009159984668711818,0.0,0.015021867181091775,0
2022-01-12 05:00:00+00:00,107.85598485613755,108.22676440589292,106.5750977739263,107.29981231689452,12469200,0.0,0.0,4726.35009765625,,377.2305908203125,107.29981231689452,-0.0050137889785369484,0.17316332616410499,0.002817754443029452,0.0,0.003965638819044104,0
2022-01-13 05:00:00+00:00,107.13972227390506,107.94871120892616,106.55826348599037,106.85321044921876,9691300,0.0,0.0,4659.02978515625,,367.793701171875,106.85321044921876,-0.004170872858459531,0.19389409885537323,-0.0142436152864307,0.0,-0.02501623642959705,0
2022-01-14 05:00:00+00:00,106.8194999356068,108.87566135302656,106.8194999356068,108.67342376708984,13281000,0.0,0.0,4662.85009765625,,370.0824279785156,108.67342376708984,0.016891245038028486,0.2019808767757701,0.0008199802697488323,0.0,0.006222854821461565,0
2022-01-18 05:00:00+00:00,109.2885758500689,109.5498079501378,107.7548787959358,109.02734375,12905500,0.0,0.0,4577.10986328125,,360.8694458007813,109.02734375,0.0032514381896371833,0.19827685567522593,-0.018387945694007368,0.0,-0.024894405897783245,0
2022-01-19 05:00:00+00:00,109.50768718722694,109.67622280677934,108.3194898529506,108.63129425048828,12064300,0.0,0.0,4532.759765625,,356.9057922363281,108.63129425048828,-0.003639184185340617,0.14656023981830485,-0.009689541868338813,0.0,-0.010983621945764077,0
2022-01-20 05:00:00+00:00,108.09195890404928,110.27452511900198,107.76330355774448,108.24363708496094,11370400,0.0,0.0,4482.72998046875,,352.27020263671875,108.24363708496094,-0.0035749413360198507,0.14286321717222217,-0.01103737849414832,0.0,-0.012988272256842182,1
2022-01-21 05:00:00+00:00,107.66218590742793,108.20150111343588,106.37286992229548,106.9458999633789,13055700,0.0,0.0,4397.93994140625,,342.5022277832031,106.9458999633789,-0.012061486559111356,0.1715693889586428,-0.018914821867908604,0.0,-0.02772864346857329,1
2022-01-24 05:00:00+00:00,104.87288235744975,107.63691397388632,103.51614946275114,107.17343139648438,19513700,0.0,0.0,4410.1298828125,,344.0701599121094,107.17343139648438,0.0021252776879449042,0.0965465452731285,0.002771738943381896,0.0,0.0045778742493280955,1
2022-01-25 05:00:00+00:00,107.12284794583768,111.8587721644476,105.56386495147092,111.73236083984376,19984500,0.0,0.0,4356.4501953125,,336.0941162109375,111.73236083984376,0.04165799973303032,0.33593286266997024,-0.012171906253646725,0.0,-0.023181445619141483,1
2022-01-26 05:00:00+00:00,111.9936159089906,113.5188972451072,110.889692882981,111.81665802001952,17266500,0.0,0.0,4349.93017578125,,335.5682067871094,111.81665802001952,0.0007541718107392939,0.3302966301174356,-0.0014966358477518371,0.0,-0.0015647683147718139,1
2022-01-27 05:00:00+00:00,113.29979151017343,115.44865592573522,112.57507680535302,114.07506561279295,20654100,0.0,0.0,4326.509765625,,332.1888427734375,114.07506561279295,0.019996153973715545,0.33062598139796273,-0.00538408875771057,0.0,-0.01007057267441247,1
2022-01-28 05:00:00+00:00,109.54982366699974,111.28576496929507,107.9234363030733,110.0638656616211,24817800,0.0,0.0,4431.85009765625,,342.6093444824219,110.0638656616211,-0.03579590775065294,0.45294513002322156,0.024347646888076113,0.0,0.03136921042255314,0
2022-01-31 05:00:00+00:00,109.7099186231576,111.1172107329974,108.98520401214132,110.67058563232422,16401800,0.0,0.0,4515.5498046875,,353.5653991699219,110.67058563232422,0.005497297726595387,0.45187759225691154,0.018885951732779516,0.0,0.031978271649453216,0
2022-02-01 05:00:00+00:00,110.24926226602338,114.38687805670466,109.979594980836,113.58631134033205,16169700,0.0,0.0,4546.5400390625,,355.97088623046875,113.58631134033205,0.02600490830015297,0.38346658839800507,0.00686300355780145,0.0,0.006803513766319602,0
2022-02-02 05:00:00+00:00,113.21552959451265,114.43742884979946,111.9093561043331,114.10877990722656,10906700,0.0,0.0,4589.3798828125,,358.8633117675781,114.10877990722656,0.004589202876513247,0.3828340279203889,0.00942251544733641,0.0,0.00812545533635789,0
2022-02-03 05:00:00+00:00,113.63686810455302,114.0582135363705,112.23799818489285,113.089111328125,9447700,0.0,0.0,4477.43994140625,,344.3135986328125,113.089111328125,-0.008976099380178501,0.3615053769292328,-0.024391082077444004,0.0,-0.040543885812960756,0
2022-02-04 05:00:00+00:00,113.77170241255205,115.44866205983314,113.77170241255205,114.50485229492188,13034700,0.0,0.0,4500.52978515625,,348.6571044921875,114.50485229492188,0.012441096459811892,0.20235261257819415,0.0051569298644233985,0.0,0.012614970412502036,0
2022-02-07 05:00:00+00:00,114.04977099359267,117.49637331606124,113.6200033100809,116.75481414794922,18422500,0.0,0.0,4483.8701171875,,345.852294921875,116.75481414794922,0.01945893015286741,0.21569495312425094,-0.0037017126347429485,0.0,-0.00804460753609959,0
2022-02-08 05:00:00+00:00,116.44301177905643,116.65368448485884,113.77168341249484,114.97673797607422,11021600,0.0,0.0,4521.5400390625,,349.7380676269531,114.97673797607422,-0.015346300937541451,0.23017551859031063,0.008401207191663262,0.0,0.011235353247998292,0
2022-02-09 05:00:00+00:00,115.21268454582687,116.577839495621,114.69022037658532,116.1143569946289,10140800,0.0,0.0,4587.18017578125,,357.1492919921875,116.1143569946289,0.009845712216342721,0.23622281982796298,0.014517207887505545,0.0,0.02119078547989095,0
2022-02-10 05:00:00+00:00,115.92055745703291,116.95706365750276,114.09191975792469,114.63966369628906,11012700,0.0,0.0,4504.080078125,,349.0661315917969,114.63966369628906,-0.012781691697434653,0.25001227129656717,-0.01811572566845976,0.0,-0.022632441339313747,0
2022-02-11 05:00:00+00:00,115.33066298829075,117.50480678749832,114.84190078303251,116.97390747070312,12821200,0.0,0.0,4418.64013671875,,337.9930725097656,116.97390747070312,0.02015704690354052,0.273777718102926,-0.01896945434456343,0.0,-0.03172195203108463,0
2022-02-14 05:00:00+00:00,116.24079147835542,116.33348799701614,113.80541515184422,115.17057037353516,15945000,0.0,0.0,4401.669921875,,338.4118957519531,115.17057037353516,-0.015536646738317696,0.26398776568999566,-0.0038405967262932217,0.0,0.0012391474152932958,0
2022-02-15 05:00:00+00:00,113.3227058040683,114.82140836621691,112.55631362402086,114.3275146484375,11746800,1.42,0.0,4471.06982421875,,346.8262023925781,114.3275146484375,-0.007346985202357129,0.24535859455067216,0.01576672117072042,0.0,0.02486409829633307,0
2022-02-16 05:00:00+00:00,114.9150898459386,115.9454568958287,113.9017572000436,114.3615951538086,11348800,0.0,0.0,4475.009765625,,346.7386169433594,114.3615951538086,0.0002980509710571479,0.22713064880632708,0.0008812077558950637,0.0,-0.0002525341182832985,0
2022-02-17 05:00:00+00:00,114.2509149451408,114.60004883622032,112.78626773746444,113.77405548095705,10073900,0.0,0.0,4380.259765625,,336.4252014160156,113.77405548095705,-0.005150803657443241,0.21250542399716352,-0.021173138152195015,0.0,-0.029744063751135252,0
2022-02-18 05:00:00+00:00,113.10130565965513,114.02947914393104,112.44561763242696,113.61222076416016,10691800,0.0,0.0,4348.8701171875,,332.5881652832031,113.61222076416016,-0.0014234345783275752,0.09848349154862093,-0.0071661613961429005,0.0,-0.01140531718986093,0
2022-02-22 05:00:00+00:00,116.6607332563018,116.6607332563018,111.14276936526232,112.74365234375,19428700,0.0,0.0,4304.759765625,,329.2476806640625,112.74365234375,-0.007674399355700013,0.056573783197170824,-0.010142945264832837,0.0,-0.010043907053325696,0
2022-02-23 05:00:00+00:00,113.19498608872476,115.87733967449678,112.87992105862966,115.426025390625,16134200,0.0,0.0,4225.5,,320.8139953613281,115.426025390625,0.023513173668438702,0.19797409697479013,-0.018412122845487655,0.0,-0.025615018109541143,0
2022-02-24 05:00:00+00:00,117.45265942708338,117.7081234895518,112.16461440316408,114.8299331665039,22108900,0.0,0.0,4288.7001953125,,331.59478759765625,114.8299331665039,-0.005177660196366455,0.20449643375333462,0.014956856067329216,0.0,0.03360449479202399,0
2022-02-25 05:00:00+00:00,115.77515780499756,119.64113613082864,115.32383053324034,119.53895568847656,28028000,0.0,0.0,4384.64990234375,,336.73687744140625,119.53895568847656,0.04019011550688247,0.3336691723264048,0.022372677655603468,0.0,0.015507149195569392,0
2022-02-28 05:00:00+00:00,118.5937556636628,122.62152862548828,118.0657930243162,122.62152862548828,24394300,0.0,0.0,4373.93994140625,,337.73992919921875,122.62152862548828,0.025460301346707792,0.330837491653637,-0.002442603440647617,0.0,0.0029787404499141967,0
2022-03-01 05:00:00+00:00,123.48158080908274,127.69670635561644,123.21760597953876,127.4923324584961,31159900,0.0,0.0,4306.259765625,,332.5686340332031,127.4923324584961,0.038953616589417164,0.2903025681877912,-0.015473503680411893,0.0,-0.015311471102267271,0
2022-03-02 05:00:00+00:00,127.90105564694248,132.62709601702443,127.77333009374183,131.25611877441406,31329500,0.0,0.0,4386.5400390625,,338.1489562988281,131.25611877441406,0.029094294409000118,0.2917014040808825,0.018642691757321028,0.0,0.016779460522028167,0
2022-03-03 05:00:00+00:00,129.6552158734936,133.79369249909303,129.2209360215057,133.02731323242188,22492900,0.0,0.0,4363.490234375,,333.31854248046875,133.02731323242188,0.013403950168798546,0.17374871529674482,-0.005254666430088317,0.0,-0.014284869813676604,0
2022-03-04 05:00:00+00:00,132.6611573517853,136.2035601002693,132.06508308964726,135.0965576171875,29034400,0.0,0.0,4328.8701171875,,328.4881591796875,135.0965576171875,0.01543529459632658,0.16577716421204586,-0.007934042550334475,0.0,-0.014491792940275139,0
2022-03-07 05:00:00+00:00,136.16095459970506,138.03434905670738,132.6015311182845,137.98324584960938,34824700,0.0,0.0,4201.08984375,,316.3731689453125,137.98324584960938,0.021142506516057154,0.1669809892314712,-0.029518158313449172,0.0,-0.03688105612278081,0
2022-03-08 05:00:00+00:00,139.91626016642192,148.167668618434,139.7374443944178,145.21282958984375,57231000,0.0,0.0,4170.7001953125,,314.9025573730469,145.21282958984375,0.051068185644224176,0.2422947544517885,-0.00723375351819977,0.0,-0.004648344792221759,0
2022-03-09 05:00:00+00:00,138.60488228779914,144.56564993876336,137.27648471882074,141.58526611328125,43430000,0.0,0.0,4277.8798828125,,326.2384338378906,141.58526611328125,-0.025298333570691525,0.43221419438118364,0.02569824789143582,0.0,0.035998045107696,0
2022-03-10 05:00:00+00:00,143.6885766186911,148.81482780083718,143.30537399107249,145.45977783203125,34913600,0.0,0.0,4259.52001953125,,322.6156005859375,145.45977783203125,0.026997484404282412,0.4394668069331773,-0.004291813651667864,0.0,-0.011104863425605238,0
2022-03-11 05:00:00+00:00,141.2616759676729,147.2990788791204,141.25316526304144,145.5278778076172,28423600,0.0,0.0,4204.31005859375,,315.9251708984375,145.5278778076172,0.00046806093323464236,0.4571775292150198,-0.012961545123475138,0.0,-0.020738084814710733,0
2022-03-14 04:00:00+00:00,141.53419545913096,143.3564870159705,139.90775408544144,141.96847534179688,25156200,0.0,0.0,4173.10986328125,,309.8578796386719,141.96847534179688,-0.02476263999160266,0.5281762280555534,-0.007421002465963666,0.0,-0.019204836520342106,0
2022-03-15 04:00:00+00:00,135.4882572184985,136.40792012668194,132.20982961969943,134.78147888183594,28534400,0.0,0.0,4262.4501953125,,319.5771484375,134.78147888183594,-0.05195023630000029,0.47422638597799877,0.021408574170870942,0.0,0.031366860220439996,0
2022-03-16 04:00:00+00:00,135.2157312709498,136.67186716156058,133.01877437323452,134.29608154296875,22299700,0.0,0.0,4357.85986328125,,331.42919921875,134.29608154296875,-0.0036078658110561385,0.4692643188149307,0.02238376135718223,0.0,0.03708666542397632,0
2022-03-17 04:00:00+00:00,136.20354539782977,137.08915248607644,134.47492372750256,136.6208038330078,15750700,0.0,0.0,4411.669921875,,335.4415283203125,136.6208038330078,0.017162306792108357,0.42252585489782124,0.01234781757145198,0.0,0.012106142461256963,0
2022-03-18 04:00:00+00:00,137.00397983262496,137.71926879882812,135.20723371935455,137.71926879882812,23214700,0.0,0.0,4463.1201171875,,342.3074645996094,137.71926879882812,0.00800809612405225,0.44017025385276276,0.011662294827948783,0.0,0.020468354987760007,0
2022-03-21 04:00:00+00:00,138.81776262399552,140.9976983625134,138.56229856232252,140.19725036621094,13180600,0.0,0.0,4461.18017578125,,341.35577392578125,140.19725036621094,0.017833033059825112,0.45988227808698523,-0.00043466036210393355,0.0,-0.0027802217954588926,0
2022-03-22 04:00:00+00:00,139.38831746266376,140.72522594312096,138.4431093549492,139.7289276123047,11063900,0.0,0.0,4511.60986328125,,348.06427001953125,139.7289276123047,-0.00334604783471625,0.166680549700165,0.0113041136006502,0.0,0.019652505116871444,0
2022-03-23 04:00:00+00:00,141.35532932019638,142.5049109909598,140.45270098300588,141.23611450195312,10755000,0.0,0.0,4456.240234375,,343.06219482421875,141.23611450195312,0.010728746433840131,0.13638248112085563,-0.012272698789159042,0.0,-0.014371125180507094,0
2022-03-24 04:00:00+00:00,141.72153100124328,142.54752429644773,140.50383731470276,141.61083984375,9024800,0.0,0.0,4520.16015625,,350.68719482421875,141.61083984375,0.002649670115073346,0.12751288962851803,0.01434391292056647,0.0,0.02222629049495528,0
2022-03-25 04:00:00+00:00,140.69117649166964,144.49755420631354,140.64008626625616,144.17396545410156,10254700,0.0,0.0,4543.06005859375,,350.3947448730469,144.17396545410156,0.01793793295111658,0.14923730301032945,0.005066170567449069,0.0,-0.0008339339316865146,0
2022-03-28 04:00:00+00:00,141.2701787721539,141.89181099842486,140.61450372926095,141.65338134765625,9992000,0.0,0.0,4575.52001953125,,355.816162109375,141.65338134765625,-0.017637566713212077,0.2166191194968794,0.007144955276586762,0.0,0.015472313200052046,0
2022-03-29 04:00:00+00:00,139.2350172596547,140.06101041752763,136.6718917554627,139.92477416992188,15102600,0.0,0.0,4631.60009765625,,361.9396667480469,139.92477416992188,-0.012278146296855976,0.2388230508154175,0.012256547427530462,0.0,0.017209742813171003,0
2022-03-30 04:00:00+00:00,140.70822148043726,141.65342970200942,139.36278913843256,140.91258239746094,9906000,0.0,0.0,4602.4501953125,,357.9418640136719,140.91258239746094,0.007034764272980673,0.2299151134948066,-0.0062937001746978805,0.0,-0.011045494875691397,0
2022-03-31 04:00:00+00:00,139.2009593041623,141.49159928445286,138.5623056141977,138.65597534179688,10395900,0.0,0.0,4530.41015625,,353.5052490234375,138.65597534179688,-0.01614384739228303,0.2515980083543208,-0.015652540713177343,0.0,-0.012394792105303809,0
2022-04-01 04:00:00+00:00,138.61341281303697,141.3127878474621,138.23022315079922,139.83963012695312,8795300,0.0,0.0,4545.85986328125,,352.8324890136719,139.83963012695312,0.008500399210342973,0.20358048736303425,0.0034102225843584133,0.0,-0.001903111797134982,0
2022-04-04 04:00:00+00:00,140.50385011277226,140.8870398325724,138.80077314170836,139.96737670898438,8718600,0.0,0.0,4582.64013671875,,360.0968017578125,139.96737670898438,0.0009131050172879277,0.17841723764020717,0.008090938687879357,0.0,0.02058855964326778,0
2022-04-05 04:00:00+00:00,140.52935181824566,142.8199917156977,138.8858892856899,139.10728454589844,9538200,0.0,0.0,4525.1201171875,,352.10107421875,139.10728454589844,-0.006163905260279571,0.16156343876228774,-0.012551720801807331,0.0,-0.02220438365470434,0
2022-04-06 04:00:00+00:00,140.3590449004333,142.21539196385334,139.9332757948663,140.34201049804688,9269000,0.0,0.0,4481.14990234375,,344.45660400390625,140.34201049804688,0.008836908942795312,0.16771976185447923,-0.009716916613271898,0.0,-0.02171101077099946,0
2022-04-07 04:00:00+00:00,140.58897664545364,142.80296839975117,139.158385564013,142.29205322265625,8018400,0.0,0.0,4500.2099609375,,345.2755126953125,142.29205322265625,0.013799282668199835,0.12438479897713878,0.004253385628492534,0.0,0.0023773929194197407,0
2022-04-08 04:00:00+00:00,142.24945270577723,145.69818486408062,142.2239076003665,144.70187377929688,10801200,0.0,0.0,4488.27978515625,,340.44891357421875,144.70187377929688,0.016793924662744292,0.14970288548933325,-0.002651026482054286,0.0,-0.013978978941819653,0
2022-04-11 04:00:00+00:00,143.543821035556,143.7226368066721,140.42718766166738,140.98068237304688,10206100,0.0,0.0,4412.52978515625,,332.394775390625,140.98068237304688,-0.026052706415588125,0.2813952287635688,-0.01687729010355421,0.0,-0.023657406037919215,0
2022-04-12 04:00:00+00:00,143.8844317329627,147.043631640589,143.18616407000653,143.91848754882812,9528400,0.0,0.0,4397.4501953125,,330.9906311035156,143.91848754882812,0.02062420406987679,0.2994592870835148,-0.003417447717741773,0.0,-0.004224327188835142,0
2022-04-13 04:00:00+00:00,145.55343547118588,146.5327123128509,143.30537487754842,146.18357849121094,7330700,0.0,0.0,4446.58984375,,337.7187194824219,146.18357849121094,0.015616138169923147,0.3061564343277439,0.011174577597236057,0.0,0.020327126349392266,0
2022-04-14 04:00:00+00:00,145.34906875574322,147.26502985494517,145.23836462322097,146.11544799804688,9421100,0.0,0.0,4392.58984375,,329.99609375,146.11544799804688,-0.00046616983447514323,0.3063415117255724,-0.01214413784439794,0.0,-0.022867034863383817,0
2022-04-18 04:00:00+00:00,147.3161365051327,148.6274998644213,146.35389399896002,148.07400512695312,7639000,0.0,0.0,4391.68994140625,,330.24951171875,148.07400512695312,0.013315134478978023,0.299028939898526,-0.0002048682840329885,0.0,0.0007679423288629028,0
2022-04-19 04:00:00+00:00,147.38427780838418,147.90371678728536,145.6386213715231,146.31985473632812,6970200,0.0,0.0,4462.2099609375,,337.6309509277344,146.31985473632812,-0.011917172128610124,0.2118514122122718,0.016057604355527166,0.0,0.02235109802454649,0
2022-04-20 04:00:00+00:00,146.1409906270647,147.8100113178336,146.00475438178273,146.9158935546875,7495000,0.0,0.0,4459.4501953125,,332.706787109375,146.9158935546875,0.004065259046307506,0.1765817806801105,-0.0006184750715809706,0.0,-0.014584456208261876,0
2022-04-21 04:00:00+00:00,146.24321265211435,146.83928694629904,139.50754064421454,140.1461944580078,14594800,0.0,0.0,4393.66015625,,325.8227233886719,140.1461944580078,-0.047174146455513925,0.37276999131540983,-0.014752948498371943,0.0,-0.02069108292173205,1
2022-04-22 04:00:00+00:00,139.9758984675356,140.90407228546033,136.97847940188623,137.05511474609375,12160100,0.0,0.0,4271.77978515625,,317.290771484375,137.05511474609375,-0.022302981547253655,0.3755843781732474,-0.027740054250753654,0.0,-0.02618587130928607,1
2022-04-25 04:00:00+00:00,132.6100490017014,134.84959877344014,128.88883097995745,134.1087646484375,15449800,0.0,0.0,4296.1201171875,,321.36663818359375,134.1087646484375,-0.021731995144384137,0.29603193212780693,0.005697936985382235,0.0,0.012845840678412213,1
2022-04-26 04:00:00+00:00,135.24133576645627,136.56120989991396,133.17209068498812,133.2913055419922,9810600,0.0,0.0,4175.2001953125,,309.2366027832031,133.2913055419922,-0.006114146884381104,0.30839071172567933,-0.028146308431003852,0.0,-0.037745160695432434,1
2022-04-27 04:00:00+00:00,133.75964639977684,134.47493549974897,131.5797102893222,133.0443572998047,10396600,0.0,0.0,4183.9599609375,,308.86614990234375,133.0443572998047,-0.001854414165348781,0.2827135456134542,0.0020980468517017847,0.0,-0.0011979593538579136,1
2022-04-28 04:00:00+00:00,134.0747272224598,138.8007682492682,131.92884667639223,137.77040100097656,9366400,0.0,0.0,4287.5,,319.83575439453125,137.77040100097656,0.03490595255669742,0.36978440992671485,0.02474690007293945,0.0,0.03551572257321123,1
2022-04-29 04:00:00+00:00,137.33611508977657,138.32390277361716,133.08693370402025,133.4105224609375,14713200,0.0,0.0,4131.93017578125,,305.44354248046875,133.4105224609375,-0.03215752931928212,0.4063029025887418,-0.036284507106413955,0.0,-0.044998758632560754,0
2022-05-02 04:00:00+00:00,133.10395495249003,136.24613348493742,132.1161673662977,136.0332489013672,11559000,0.0,0.0,4155.3798828125,,310.54327392578125,136.0332489013672,0.019468323684042825,0.4071871088167807,0.005675242812353654,0.0,0.016696150797290477,0
2022-05-03 04:00:00+00:00,135.87997992908274,139.16690546660672,135.61599212767752,138.36647033691406,8827200,0.0,0.0,4175.47998046875,,310.8747863769531,138.36647033691406,0.01700641440825635,0.4082033450266916,0.004837126381486367,0.0,0.0010675241713691275,0
2022-05-04 04:00:00+00:00,140.47827855532745,142.96476890583287,139.20097106745828,142.7093048095703,9183200,0.0,0.0,4300.169921875,,321.3861389160156,142.7093048095703,0.030903980269376873,0.42686333020667433,0.02986242108440229,0.0,0.033812174546432594,0
2022-05-05 04:00:00+00:00,144.13138211835832,144.33575600804514,138.50271288349853,141.57676696777344,9807600,0.0,0.0,4146.8701171875,,305.19976806640625,141.57676696777344,-0.007967635038451774,0.40256265356671944,-0.035649708609806985,0.0,-0.05036424689690544,0
2022-05-06 04:00:00+00:00,143.28832409418385,145.58747443559943,140.8614352378092,145.3490447998047,10418100,0.0,0.0,4123.33984375,,301.5433044433594,145.3490447998047,0.02629596254703694,0.23931986377213146,-0.0056742248424840325,0.0,-0.011980558328115398,0
2022-05-09 04:00:00+00:00,142.84555892105942,142.84555892105942,134.9517947392395,135.60748291015625,14110700,0.0,0.0,3991.239990234375,,289.7447814941406,135.60748291015625,-0.06937349757157321,0.6550014980010159,-0.03203710063235676,0.0,-0.039127126271294554,0
2022-05-10 04:00:00+00:00,138.12804599242293,139.81408834245346,134.43235955742216,136.91033935546875,11636000,0.0,0.0,4001.050048828125,,293.2648620605469,136.91033935546875,0.00956169663118902,0.6444219232636273,0.0024578974498534745,0.0,0.012148900657516837,0
2022-05-11 04:00:00+00:00,139.29462569978398,142.59859820140363,138.38347355371045,138.93698120117188,9105500,0.0,0.0,3935.179931640625,,284.5671691894531,138.93698120117188,0.014694203354660047,0.6009007468763619,-0.01646320750393837,0.0,-0.029658148644136073,0
2022-05-12 04:00:00+00:00,138.98806982491897,140.37608128658394,135.2753626521698,140.25686645507812,8936400,0.0,0.0,3930.080078125,,283.894287109375,140.25686645507812,0.009455044213055713,0.6088115254532821,-0.0012959645058717717,0.0,-0.002364580854477105,0
2022-05-13 04:00:00+00:00,141.78112013167626,143.73113702778394,140.40163230991837,142.94772338867188,9229900,0.0,0.0,4023.889892578125,,294.41546630859375,142.94772338867188,0.019003490828205256,0.5894475114216404,0.02386969542307149,0.0,0.03706020049345082,0
2022-05-16 04:00:00+00:00,143.90998187307662,148.99366688759514,143.79076702321538,147.32464599609375,13296300,0.0,0.0,4008.010009765625,,291.002685546875,147.32464599609375,0.030159635129677734,0.1360625613151077,-0.003946400929555671,0.0,-0.011591716985892342,0
2022-05-17 04:00:00+00:00,148.88293538960934,149.57267925089835,146.9840088466193,148.1931915283203,12827600,0.0,0.0,4088.85009765625,,298.5400085449219,148.1931915283203,0.005878142858474742,0.1498394441263803,0.020169632234863677,0.0,0.025901214567426223,0
2022-05-18 04:00:00+00:00,149.48960681499446,149.4982006351734,142.33793708484967,144.28683471679688,13107500,1.42,0.0,3923.679931640625,,283.88458251953125,144.28683471679688,-0.02671354458842999,0.33887451278260816,-0.04039526078745259,0.0,-0.04909032493440624,0
2022-05-19 04:00:00+00:00,141.34202809955508,145.6433265467481,139.79664709745927,143.25657653808594,10958700,0.0,0.0,3900.7900390625,,282.3634338378906,143.25657653808594,-0.0071659620573068005,0.35324697215650863,-0.005833781800992588,0.0,-0.005358334954790878,0
2022-05-20 04:00:00+00:00,144.9908494209675,146.84529366707093,140.87841818232653,144.08079528808594,9615000,0.0,0.0,3901.360107421875,,281.4858703613281,144.08079528808594,0.0057369565633858645,0.33009495870463346,0.00014614176965843662,0.0,-0.0031079218177603174,0
2022-05-23 04:00:00+00:00,145.4630505461176,148.49372181240986,145.18832337855503,147.4291229248047,10216400,0.0,0.0,3973.75,,286.1662292480469,147.4291229248047,0.022973317128362578,0.29272249230172226,0.018555039930923556,0.0,0.016627331527194755,0
2022-05-24 04:00:00+00:00,146.54479117007455,149.02598134512922,145.78926870281893,148.2189483642578,9782700,0.0,0.0,3941.47998046875,,280.081787109375,148.2189483642578,0.0053430236496840805,0.2920858014694949,-0.008120797617175213,0.0,-0.021261915337319248,0
2022-05-25 04:00:00+00:00,148.6482247312349,151.09507900670113,148.50227390467626,150.5971221923828,10174500,0.0,0.0,3978.72998046875,,284.0015563964844,150.5971221923828,0.015917644836987384,0.18229835799393557,0.009450764734207695,0.0,0.013995088104670872,0
2022-05-26 04:00:00+00:00,151.52435248172182,152.76064416191272,150.25369862377352,151.61019897460938,11213900,0.0,0.0,4057.840087890625,,291.87042236328125,151.61019897460938,0.006704540268588098,0.12427166817114706,0.019883256167224195,0.0,0.027707122688480634,0
2022-05-27 04:00:00+00:00,151.55011004653807,153.1212463040108,150.83751733301756,153.06114196777344,10512300,0.0,0.0,4158.240234375,,301.3970031738281,153.06114196777344,0.009524715766267922,0.11616706584873765,0.02474226295510973,0.0,0.03263976093709653,0
2022-05-31 04:00:00+00:00,154.50351561753732,155.36205923752726,148.93156280768164,149.95323181152344,20547600,0.0,0.0,4132.14990234375,,300.59747314453125,149.95323181152344,-0.020514004712630964,0.22178602236483946,-0.006274368617659065,0.0,-0.0026527471105469713,0
2022-06-01 04:00:00+00:00,151.73044148663405,152.9324106619316,150.19365385505537,151.37844848632812,8824100,0.0,0.0,4101.22998046875,,298.37432861328125,151.37844848632812,0.009459525138919516,0.22594999686379252,-0.007482768681131846,0.0,-0.007395752559041235,0
2022-06-02 04:00:00+00:00,150.0219231811286,151.54153602016396,149.47245576524503,151.1036834716797,7441900,0.0,0.0,4176.81982421875,,306.5454406738281,151.1036834716797,-0.0018167360064699123,0.201897174474185,0.018431018038486124,0.0,0.027385439285352753,0
2022-06-03 04:00:00+00:00,151.1036657692964,153.035388769188,151.1036657692964,152.4773406982422,8435300,0.0,0.0,4108.5400390625,,298.5692138671875,152.4773406982422,0.009049752732669161,0.20693569561419486,-0.016347313992415624,0.0,-0.026019720890670617,0
2022-06-06 04:00:00+00:00,152.73490377621954,152.8207633778021,150.6829850616209,151.81626892089844,6734200,0.0,0.0,4121.43017578125,,299.5638732910156,151.81626892089844,-0.004344966811412808,0.19459164788276578,0.003137400778913113,0.0,0.0033314199107969955,0
2022-06-07 04:00:00+00:00,152.36574369592816,155.10450005493803,151.89354206500636,154.70956420898438,9668300,0.0,0.0,4160.68017578125,,302.1478576660156,154.70956420898438,0.01887854729105677,0.14953780325928134,0.009523393173235029,0.0,0.00862582108654264,0
2022-06-08 04:00:00+00:00,155.3534661997064,156.5983518348957,154.75248828275318,155.5080108642578,8715200,0.0,0.0,4115.77001953125,,299.9733581542969,155.5080108642578,0.005147667202409203,0.14680697124036607,-0.010793945785935621,0.0,-0.007196805989345689,0
2022-06-09 04:00:00+00:00,154.56360057106198,155.0873126819645,152.2970460305062,152.40866088867188,9764600,0.0,0.0,4017.820068359375,,291.9386901855469,152.40866088867188,-0.020131775488345046,0.23467627006480535,-0.02379869397635359,0.0,-0.02678460520022985,0
2022-06-10 04:00:00+00:00,151.42133511813603,153.3101415755129,149.08609540750288,150.5885467529297,9529700,0.0,0.0,3900.860107421875,,281.64190673828125,150.5885467529297,-0.012014209919518883,0.24079232605876894,-0.029110303335524668,0.0,-0.03527036255701954,0
2022-06-13 04:00:00+00:00,147.33466059717134,147.66949206097058,140.8526541104745,143.66009521484375,14614900,0.0,0.0,3749.6298828125,,268.5466003417969,143.66009521484375,-0.04710120227090319,0.4001178863037337,-0.038768430665237275,0.0,-0.0464962993190261,0
2022-06-14 04:00:00+00:00,145.41151089041568,147.91845638126134,142.38085333159762,143.84896850585938,10269300,0.0,0.0,3735.47998046875,,269.03411865234375,143.84896850585938,0.0013138599231706392,0.33078710351502155,-0.0037736797459957394,0.0,0.001815395577253076,0
2022-06-15 04:00:00+00:00,143.1879018456531,144.10654979406277,139.03255392842294,141.0243682861328,11565300,0.0,0.0,3789.989990234375,,275.75244140625,141.0243682861328,-0.01983121917865219,0.2808010455041311,0.014592504858983224,0.0,0.024972010195435157,0
2022-06-16 04:00:00+00:00,137.31548465625278,137.830603027988,132.00109693404127,133.4863739013672,18125900,0.0,0.0,3666.77001953125,,264.62677001953125,133.4863739013672,-0.05493329569359948,0.37739806421169075,-0.03251195148816344,0.0,-0.04034659250877837,0
2022-06-17 04:00:00+00:00,132.97124255828396,133.47778015952898,125.1670709494681,127.39070892333984,35575100,0.0,0.0,3674.840087890625,,267.8445129394531,127.39070892333984,-0.046740592386011325,0.37385426156962637,0.002200865698254617,0.0,0.012159551808323732,0
2022-06-21 04:00:00+00:00,130.54156441772028,133.9499837514209,130.0178522679484,132.72225952148438,13772000,0.0,0.0,3764.7900390625,,274.6020812988281,132.72225952148438,0.04099985837170571,0.6160498811228884,0.024477242280086964,0.0,0.025229444819362623,0
2022-06-22 04:00:00+00:00,127.12456955884052,129.46839014771214,125.63069883278484,126.95285034179688,13735800,0.0,0.0,3759.889892578125,,274.20159912109375,126.95285034179688,-0.0444429100877497,0.6214104118219697,-0.0013015723144006452,0.0,-0.0014584091127064491,0
2022-06-23 04:00:00+00:00,127.74267803501004,128.1204392605186,120.32486292608628,122.28234100341795,15713700,0.0,0.0,3795.72998046875,,278.28521728515625,122.28234100341795,-0.03748311892086214,0.6248055580725818,0.009532217409177868,0.0,0.014892758383437066,0
2022-06-24 04:00:00+00:00,124.6605340546214,126.28318101211734,122.42832844819657,124.29136657714844,11108300,0.0,0.0,3911.739990234375,,287.8202819824219,124.29136657714844,0.016295898312629786,0.6395586883056619,0.03056329358583576,0.0,0.03426364070030763,0
2022-06-27 04:00:00+00:00,125.22715916019597,127.7684537599602,125.00394255967436,126.69527435302734,9242400,0.0,0.0,3900.110107421875,,285.7100830078125,126.69527435302734,0.019156248941338515,0.5986010460238791,-0.0029730715337762392,0.0,-0.007331654878783844,0
2022-06-28 04:00:00+00:00,129.53705930489048,130.66174929657373,127.15888992455896,128.7300262451172,9183300,0.0,0.0,3821.550048828125,,277.00543212890625,128.7300262451172,0.015932602841269107,0.5069891686710132,-0.020143036075892073,0.0,-0.030466726225648166,0
2022-06-29 04:00:00+00:00,130.18098734483883,130.59308465882776,125.42464784043692,126.18875122070312,9082900,0.0,0.0,3818.830078125,,277.2593994140625,126.18875122070312,-0.01993857995713394,0.411024717862488,-0.0007117454091590814,0.0,0.000916831425306075,0
2022-06-30 04:00:00+00:00,124.10248065565246,126.99576841082914,123.12374147049556,124.29994201660156,10685000,0.0,0.0,3785.3798828125,,273.8205261230469,124.29994201660156,-0.015081279554544842,0.30305304938979033,-0.008759278267998716,0.0,-0.012403090024298735,0
2022-07-01 04:00:00+00:00,125.86245799448947,126.17153411871809,122.31666983324628,125.7851791381836,7684600,0.0,0.0,3825.330078125,,275.62786865234375,125.7851791381836,0.011877992396749852,0.29253301348305755,0.010553814029047315,0.0,0.0066004640151948735,0
2022-07-05 04:00:00+00:00,123.3297776242869,124.09388087158806,119.68956130021635,122.47982788085938,11513100,0.0,0.0,3831.389892578125,,280.3465576171875,122.47982788085938,-0.026629178369036267,0.3074117610901484,0.0015841285142366157,0.0,0.017119781783733634,0
2022-07-06 04:00:00+00:00,121.6212833248447,122.99494515467067,117.44876111737432,120.86576080322266,12421200,0.0,0.0,3845.080078125,,282.1441650390625,120.86576080322266,-0.01326583117364557,0.23228431889069845,0.0035731642904301975,0.0,0.006412090225590195,0
2022-07-07 04:00:00+00:00,123.71615762261442,124.74640748595404,122.84043934362374,123.21820068359376,12741800,0.0,0.0,3902.6201171875,,288.1817932128906,123.21820068359376,0.019276258118226582,0.30860542799477053,0.014964587965241805,0.0,0.021399089266978866,0
2022-07-08 04:00:00+00:00,124.38580739894348,124.8751704641008,121.13191965031784,122.57427978515624,7915500,0.0,0.0,3899.3798828125,,288.5432434082031,122.57427978515624,-0.00523956119681899,0.29550891839366705,-0.000830271529819071,0.0,0.001254243688620038,0
2022-07-11 04:00:00+00:00,121.8358950020582,122.64292788062497,120.13596966622646,121.49246978759766,7056800,0.0,0.0,3854.429931640625,,282.378662109375,121.49246978759766,-0.008864928009423142,0.265817295924109,-0.011527461422777274,0.0,-0.021364497140926142,0
2022-07-12 04:00:00+00:00,118.90830359542636,119.86986835658108,117.84370468104984,119.26889038085938,8653900,0.0,0.0,3818.800048828125,,279.64324951171875,119.26889038085938,-0.01847175667782496,0.23190553441908904,-0.009243878717321574,0.0,-0.009687037176331459,0
2022-07-13 04:00:00+00:00,118.144192944424,120.82284495718282,117.74067637835628,118.47044372558594,9414600,0.0,0.0,3801.780029296875,,279.0667419433594,118.47044372558594,-0.006717017697725829,0.2222150582678688,-0.0044569025122100925,0.0,-0.002061582281589147,0
2022-07-14 04:00:00+00:00,115.31101859726094,116.8993299075524,113.7913923647466,116.71044921875,10150200,0.0,0.0,3790.3798828125,,280.0632629394531,116.71044921875,-0.014967434993937134,0.08963950300233757,-0.00299863390215227,0.0,0.0035709056161770114,0
2022-07-15 04:00:00+00:00,119.30323101447976,119.30323101447976,117.13110353410936,118.17852783203124,7051900,0.0,0.0,3863.159912109375,,285.1434020996094,118.17852783203124,0.012500354408755203,0.1908972313845078,0.01920124935943668,0.0,0.018139255776844054,0
2022-07-18 04:00:00+00:00,120.67687926462196,122.033379645355,119.40623847900343,119.83551025390624,7943900,0.0,0.0,3830.85009765625,,282.7303161621094,119.83551025390624,0.013923625721240784,0.241109635121895,-0.008363571580831342,0.0,-0.00846271006003163,0
2022-07-19 04:00:00+00:00,119.9299660889627,124.49741155284374,119.698155632422,124.15399932861328,9152100,0.0,0.0,3936.68994140625,,291.4251708984375,124.15399932861328,0.035402670553624976,0.31252412198806306,0.02762829164595959,0.0,0.030753174453859167,0
2022-07-20 04:00:00+00:00,124.05956134627672,126.4291371790532,123.04648609541692,125.7938232421875,7856600,0.0,0.0,3959.89990234375,,296.0462341308594,125.7938232421875,0.013121518120005924,0.28398691056611625,0.005895806193263242,0.0,0.01585677454756418,0
2022-07-21 04:00:00+00:00,122.87475883594998,124.892341585279,121.4839223621446,124.83223724365234,6724200,0.0,0.0,3998.949951171875,,300.29595947265625,124.83223724365234,-0.007673509411340111,0.24196993248862905,0.00986137270919718,0.0,0.014354938019303987,1
2022-07-22 04:00:00+00:00,124.96960416391228,125.60493114323988,123.13232138621969,123.79340362548828,5889500,0.0,0.0,3961.6298828125,,295.0301513671875,123.79340362548828,-0.008356657503175291,0.2880673798650954,-0.00933246697634671,0.0,-0.01753539446456731,1
2022-07-25 04:00:00+00:00,125.08980462056137,127.58816973492502,123.78481463121976,127.47655487060548,6210900,0.0,0.0,3966.840087890625,,293.3498840332031,127.47655487060548,0.02931838799930119,0.3223788618606066,0.0013151670479691902,0.0,-0.00569523937196903,1
2022-07-26 04:00:00+00:00,128.3522474241732,129.36532242002997,125.80237229688366,126.48062896728516,6112800,0.0,0.0,3921.050048828125,,287.5859069824219,126.48062896728516,-0.00784329857358613,0.26952013374676603,-0.01154320266205866,0.0,-0.01964881312217892,1
2022-07-27 04:00:00+00:00,127.35636636193448,128.95325813093373,125.91401926752842,128.14622497558594,6223000,0.0,0.0,4023.610107421875,,299.7391662597656,128.14622497558594,0.013082828770405333,0.26943517615781215,0.026156273782937722,0.0,0.042259578728545355,1
2022-07-28 04:00:00+00:00,129.37392920958965,130.04359212830624,127.090200230205,129.11636352539062,6574300,0.0,0.0,4072.429931640625,,302.6700134277344,129.11636352539062,0.0075420460791343,0.2498961742560053,0.012133338697180918,0.0,0.00977799199397511,1
2022-07-29 04:00:00+00:00,134.39641359485626,141.36779675372435,133.84694619763704,140.61227416992188,17143700,0.0,0.0,4130.2900390625,,308.1897277832031,140.61227416992188,0.08529223347410247,0.5711591211441713,0.014207760082581844,0.0,0.018236740048867217,0
2022-08-01 04:00:00+00:00,138.3800474536553,138.9638638981937,136.63720504036007,137.80482482910156,8017800,0.0,0.0,4118.6298828125,,308.00408935546875,137.80482482910156,-0.020167902831913158,0.6524598243155948,-0.0028230841271976725,0.0,-0.000602351120102762,0
2022-08-02 04:00:00+00:00,138.13108293151453,138.62903980471842,135.90745809281304,136.62863159179688,5928300,0.0,0.0,4091.18994140625,,307.0857849121094,136.62863159179688,-0.008571844369978645,0.6541260315975004,-0.006662395550704803,0.0,-0.0029814683476476755,0
2022-08-03 04:00:00+00:00,136.77459147123116,137.33265272305175,132.51622215753136,133.3833465576172,8751400,0.0,0.0,4155.169921875,,315.44854736328125,133.3833465576172,-0.024039239580335384,0.7129787452706333,0.015638477163140152,0.0,0.02723265895738347,0
2022-08-04 04:00:00+00:00,133.34898794823494,133.4520089801763,129.40826317212645,129.76026916503906,10640000,0.0,0.0,4151.93994140625,,316.9237976074219,129.76026916503906,-0.02753862259510627,0.7565954866648459,-0.0007773401640558397,0.0,0.004676674711206363,0
2022-08-05 04:00:00+00:00,128.47248696748386,133.08286273948514,127.9401940315198,131.9066619873047,7170200,0.0,0.0,4145.18994140625,,314.3348083496094,131.9066619873047,0.016405901617332522,0.2827149045518607,-0.0016257460597355333,0.0,-0.008169122285413,0
2022-08-08 04:00:00+00:00,131.86372958273338,133.05710485460682,131.48596824193817,131.70919799804688,5966900,0.0,0.0,4140.06005859375,,313.3187561035156,131.70919799804688,-0.0014981194697504376,0.28305731160401104,-0.0012375507238541195,0.0,-0.0032323885840974675,0
2022-08-09 04:00:00+00:00,133.8812506775385,135.47814181564414,132.7308057447989,133.4262237548828,5842200,0.0,0.0,4122.47021484375,,309.77239990234375,133.4262237548828,0.012952247191551561,0.3236718661448263,-0.004248692893594086,0.0,-0.011318684668849555,0
2022-08-10 04:00:00+00:00,133.9328061011651,134.33632265475322,131.29707087242315,133.7782745361328,6145800,0.0,0.0,4210.240234375,,318.4184875488281,133.7782745361328,0.0026350678016981845,0.27526710713255037,0.021290637641290244,0.0,0.02791109746772169,0
2022-08-11 04:00:00+00:00,135.74429935481646,138.36285938070142,135.3236083669422,137.0406951904297,7888600,0.0,0.0,4207.27001953125,,316.6111145019531,137.0406951904297,0.02409416506894106,0.16471160562149403,-0.0007054739583503,0.0,-0.005676093309744945,0
2022-08-12 04:00:00+00:00,135.8645299033117,137.28971547797371,134.91154594680108,137.2382049560547,7244700,0.0,0.0,4280.14990234375,,322.77569580078125,137.2382049560547,0.0014402114027671222,0.16753927311469355,0.017322368774566943,0.0,0.019470514509654313,0
2022-08-15 04:00:00+00:00,133.228774246447,135.4695733089017,131.73491693836667,134.62820434570312,8975200,0.0,0.0,4297.14013671875,,325.3841857910156,134.62820434570312,-0.019201201103240684,0.2547217805539658,0.0039695418998517695,0.0,0.008081432475152583,0
2022-08-16 04:00:00+00:00,135.1433335266591,135.5811859892131,133.77825252546066,134.2847900390625,7218400,0.0,0.0,4305.2001953125,,324.62213134765625,134.2847900390625,-0.002554093706865175,0.2454816770244304,0.0018756797165810912,0.0,-0.002342014383725499,0
2022-08-17 04:00:00+00:00,134.4736990706988,136.8003450775542,133.51212125316746,135.392333984375,6741100,0.0,0.0,4274.0400390625,,320.91949462890625,135.392333984375,0.00821389783288654,0.25056017721470797,-0.007237794954094601,0.0,-0.01140598979921259,0
2022-08-18 04:00:00+00:00,136.14603999253035,138.3205732614118,136.09406143491654,137.76611328125,6477500,1.42,0.0,4283.740234375,,321.69122314453125,137.76611328125,0.017380674680410484,0.21610113619505616,0.002269561170191503,0.0,0.002404741776492525,0
2022-08-19 04:00:00+00:00,137.28095002483934,138.3898698847874,136.55321062601234,136.61386108398438,6834200,0.0,0.0,4228.47998046875,,315.4192199707031,136.61386108398438,-0.008399001957459715,0.22605858052924277,-0.012900001139847905,0.0,-0.01949696703727044,0
2022-08-22 04:00:00+00:00,135.74750318340838,136.65716742739474,133.78089773697937,135.92942810058594,9147000,0.0,0.0,4137.990234375,,307.1151123046875,135.92942810058594,-0.005022574023026273,0.16899906499778675,-0.0214000649197158,0.0,-0.026327208807335634,0
2022-08-23 04:00:00+00:00,137.83542190711995,140.6423697625428,137.49754806454612,140.3391571044922,10354800,0.0,0.0,4128.72998046875,,306.861083984375,140.3391571044922,0.03192620368011144,0.26272910520381765,-0.0022378626777133093,0.0,-0.0008271436674223143,0
2022-08-24 04:00:00+00:00,140.05324770411292,141.51737194749433,139.1955619350816,141.37875366210938,9468100,0.0,0.0,4140.77001953125,,307.7501525878906,141.37875366210938,0.0073804414761235075,0.2629167670207228,0.0029161604463010526,0.0,0.0028972999507519415,0
2022-08-25 04:00:00+00:00,142.011191487509,142.86020541183234,140.8762822865591,142.6176300048828,8050700,0.0,0.0,4199.1201171875,,313.1918029785156,142.6176300048828,0.008724647724865874,0.25175936744099264,0.014091605518061545,0.0,0.01768203961839121,0
2022-08-26 04:00:00+00:00,142.23644224236162,143.92582469473527,140.7463417743187,141.56936645507812,7765800,0.0,0.0,4057.659912109375,,300.3545837402344,141.56936645507812,-0.007377313650160504,0.2479174901327471,-0.03368805871951874,0.0,-0.040988362773855425,0
2022-08-29 04:00:00+00:00,141.9852125084944,144.53226768558363,141.7686263637673,142.62631225585938,8462600,0.0,0.0,4030.610107421875,,297.3945007324219,142.62631225585938,0.007438189621165749,0.22408555563850546,-0.006666355799502699,0.0,-0.009855294934911218,0
2022-08-30 04:00:00+00:00,140.62506387308096,140.83297811972395,137.54086594772298,139.1522674560547,8814300,0.0,0.0,3986.159912109375,,294.08251953125,139.1522674560547,-0.02465922599409616,0.2292193387021641,-0.011028155571448206,0.0,-0.011136659195160492,0
2022-08-31 04:00:00+00:00,136.54458053557107,139.83669284270144,135.27971153263917,136.93443298339844,13582700,0.0,0.0,3955.0,,292.37286376953125,136.93443298339844,-0.016066562983368414,0.23114268269762195,-0.007817025105971265,0.0,-0.005813523919897867,0
2022-09-01 04:00:00+00:00,135.56557131528655,135.91211701535423,132.74995194664962,134.75120544433594,8244400,0.0,0.0,3966.85009765625,,292.4999084472656,134.75120544433594,-0.016072064372007863,0.19286998341579883,0.0029962320243361873,0.0,0.0004345296485330774,0
2022-09-02 04:00:00+00:00,137.09034571870296,137.8613917233848,135.77349849946688,136.75247192382812,7526600,0.0,0.0,3924.260009765625,,288.3674011230469,136.75247192382812,0.014742361831489428,0.27004347208276613,-0.010736500458081055,0.0,-0.01412823459041801,0
2022-09-06 04:00:00+00:00,138.5198343398901,138.60647408562056,134.89852034150715,136.12005615234375,8550000,0.0,0.0,3908.18994140625,,286.2962341308594,136.12005615234375,-0.004635255210640431,0.241707404390162,-0.004095056983834944,0.0,-0.007182389493823993,0
2022-09-07 04:00:00+00:00,133.46904343589316,134.9938183520193,132.22150512974235,134.3787078857422,9442100,0.0,0.0,3979.8701171875,,292.0798034667969,134.3787078857422,-0.012875270083965636,0.20657369259332972,0.018341016392734,0.0,0.02020134618080216,0
2022-09-08 04:00:00+00:00,134.79454548664745,135.4789650846276,132.87993143222135,135.10643005371094,9232500,0.0,0.0,4006.179931640625,,293.59405517578125,135.10643005371094,0.005400846536113989,0.20328551730910863,0.006610721877456038,0.0,0.005184376636149457,0
2022-09-09 04:00:00+00:00,137.23764643233108,139.17824980768825,136.47525898094418,138.58914184570312,8261100,0.0,0.0,4067.360107421875,,300.0126647949219,138.58914184570312,0.0254509034196813,0.24124231449162686,0.015271449816332883,0.0,0.021862192050508877,0
2022-09-12 04:00:00+00:00,141.04954001042705,142.5396535454404,139.6980447622446,140.78097534179688,8920800,0.0,0.0,4110.41015625,,303.57855224609375,140.78097534179688,0.01569157425819791,0.24358714865272182,0.0105842727693497,0.0,0.011885789733607988,0
2022-09-13 04:00:00+00:00,139.83667775698748,140.91960845044156,137.52353938209382,138.10398864746094,10308300,0.0,0.0,3932.68994140625,,286.9313659667969,138.10398864746094,-0.019198373972120465,0.29863689245672165,-0.0432366134006168,0.0,-0.054836503290924044,0
2022-09-14 04:00:00+00:00,139.42952009270385,141.70801091592548,138.9183798851691,141.44810485839844,11160800,0.0,0.0,3946.010009765625,,289.20758056640625,141.44810485839844,0.023925957385276236,0.2903810411096605,0.0033870120853238816,0.0,0.007932958433944037,0
2022-09-15 04:00:00+00:00,139.20424601771543,140.08792122405723,138.25127487540576,139.1522674560547,9665000,0.0,0.0,3901.35009765625,,284.39117431640625,139.1522674560547,-0.01636411680865596,0.34857715198157324,-0.011317739184353415,0.0,-0.016653803612502793,0
2022-09-16 04:00:00+00:00,139.0656250745347,139.60275444296212,134.8118703385797,135.5395965576172,43741600,0.0,0.0,3873.330078125,,282.6521911621094,135.5395965576172,-0.02630495974037318,0.3591971754950211,-0.007182134089448455,0.0,-0.006114757810177784,0
2022-09-19 04:00:00+00:00,132.490039850228,135.97274796351218,132.37742406985916,135.92942810058594,6813800,0.0,0.0,3899.889892578125,,284.853271484375,135.92942810058594,0.002872016882363569,0.32368420050161856,0.006857100716286535,0.0,0.007787239551251934,0
2022-09-20 04:00:00+00:00,135.1843912845815,135.8861414407085,133.71160826406216,135.39231872558594,8955200,0.0,0.0,3855.929931640625,,282.5827331542969,135.39231872558594,-0.0039592114004701525,0.3050903481201678,-0.011272103097361819,0.0,-0.007970904874100015,0
2022-09-21 04:00:00+00:00,137.15099265344273,137.558175617007,134.2400746689021,134.29205322265625,6877000,0.0,0.0,3789.929931640625,,277.52288818359375,134.29205322265625,-0.008159698685368685,0.17945675847787634,-0.017116493600784488,0.0,-0.017905711768809063,0
2022-09-22 04:00:00+00:00,136.53589443459956,137.12500233181493,134.05814870937817,134.18809509277344,6981100,0.0,0.0,3757.989990234375,,274.107177734375,134.18809509277344,-0.0007744195295676452,0.18084672740399152,-0.00842758097968943,0.0,-0.012307851332820863,0
2022-09-23 04:00:00+00:00,129.73509208869174,130.10761388762293,124.45905712564644,125.4207000732422,13919700,0.0,0.0,3693.22998046875,,269.6441650390625,125.4207000732422,-0.06756882348434065,0.4663840382379275,-0.017232619015461026,0.0,-0.0162819986408288,0
2022-09-26 04:00:00+00:00,124.381109436837,125.66329583484548,122.059298869198,122.11994934082033,9444000,0.0,0.0,3655.0400390625,,268.5284423828125,122.11994934082033,-0.02666993389483784,0.43937057773440186,-0.010340526208282075,0.0,-0.004137759317314971,0
2022-09-27 04:00:00+00:00,123.27214582036818,124.55434512271482,121.6867471118869,122.1718978881836,10121000,0.0,0.0,3647.2900390625,,268.6361083984375,122.1718978881836,0.0004252990735101827,0.45129272026080197,-0.0021203598092424114,0.0,0.00040094827449044246,0
2022-09-28 04:00:00+00:00,123.09022806912614,126.86749061553188,122.50110693542427,126.2957000732422,8279800,0.0,0.0,3719.0400390625,,273.9798583984375,126.2957000732422,0.03319693132543489,0.595340527579379,0.019672139926234733,0.0,0.019892150879710524,0
2022-09-29 04:00:00+00:00,125.19544203726676,125.9751600382021,123.25483876959125,125.4207000732422,8197600,0.0,0.0,3640.469970703125,,266.08172607421875,125.4207000732422,-0.006952296504107353,0.589405836640281,-0.021126437880238824,0.0,-0.028827419542398758,0
2022-09-30 04:00:00+00:00,124.77960459881264,125.74124757901112,123.44543980705328,124.46772003173828,9402700,0.0,0.0,3585.6201171875,,261.5698547363281,124.46772003173828,-0.007627281497081864,0.34673876026615225,-0.015066695771983274,0.0,-0.01695671252760933,0
2022-10-03 04:00:00+00:00,129.05933353453474,131.97891009541894,128.47888434043605,131.450439453125,9597400,0.0,0.0,3678.429931640625,,267.706298828125,131.450439453125,0.05458348885710945,0.44220709790737295,0.025883894952576147,0.0,0.023460058491765468,0
2022-10-04 04:00:00+00:00,133.78957663471186,136.7784757764243,133.09651160064865,136.5618896484375,9520200,0.0,0.0,3790.929931640625,,276.1231689453125,136.5618896484375,0.038148021596019224,0.4464280948438418,0.030583700679551518,0.0,0.03144068762682117,0
2022-10-05 04:00:00+00:00,135.01111458924473,138.3811939378684,134.11012218661602,137.34158325195312,10633100,0.0,0.0,3783.280029296875,,275.9764404296875,137.34158325195312,0.005693215213783734,0.4467164925926566,-0.002017948757084831,0.0,-0.0005313879171583435,0
2022-10-06 04:00:00+00:00,136.3106495324119,140.29583978547834,136.1893618231117,139.8453369140625,9498300,0.0,0.0,3744.52001953125,,273.8037109375,139.8453369140625,0.01806594451009434,0.3953794525906312,-0.010245080846639998,0.0,-0.007872880340092148,0
2022-10-07 04:00:00+00:00,140.78962850661858,142.01983601042522,137.80074286813218,138.64109802246094,9972500,0.0,0.0,3639.659912109375,,263.37066650390625,138.64109802246094,-0.00864851027994217,0.4002005856605594,-0.028003617786773516,0.0,-0.03810410164957645,0
2022-10-10 04:00:00+00:00,139.48146519332704,139.88864816790047,135.53093636878884,136.1373748779297,5904500,0.0,0.0,3612.389892578125,,260.7379455566406,136.1373748779297,-0.018224080014882175,0.3527832059391118,-0.00749246363390188,0.0,-0.009996257298557465,0
2022-10-11 04:00:00+00:00,134.0668235602618,138.5544821328461,133.51236355864197,136.1633758544922,7533300,0.0,0.0,3588.840087890625,,257.1558532714844,136.1633758544922,0.000190972493256764,0.21939482912421232,-0.006519175777754405,0.0,-0.013738285302160258,0
2022-10-12 04:00:00+00:00,135.27103979366927,137.58417819492618,134.7339103937923,136.570556640625,4942000,0.0,0.0,3577.030029296875,,257.0677795410156,136.570556640625,0.0029859217364980348,0.21531848453296046,-0.0032907731480149582,0.0,-0.00034249164212396543,0
2022-10-13 04:00:00+00:00,135.45297231351134,143.8045330391553,135.45297231351134,143.18942260742188,10227500,0.0,0.0,3669.909912109375,,263.0966796875,143.18942260742188,0.047327007779982326,0.4003417367980877,0.02596564246086497,0.0,0.023452570202491918,0
2022-10-14 04:00:00+00:00,142.11514260126262,143.3453633952014,138.55446626172778,138.7364044189453,7327900,0.0,0.0,3583.070068359375,,255.18865966796875,138.7364044189453,-0.03159262566929776,0.47483851346234196,-0.02366266361565439,0.0,-0.030057467957878448,0
2022-10-17 04:00:00+00:00,141.46537349649168,142.8688604358544,139.56809033475747,139.75001525878906,5890400,0.0,0.0,3677.949951171875,,263.61541748046875,139.75001525878906,0.007279459565706501,0.4463737920041514,0.026480052302171098,0.0,0.0330216782495909,0
2022-10-18 04:00:00+00:00,140.65968833875402,141.48271293939567,137.71412243560468,140.97157287597656,5631200,0.0,0.0,3719.97998046875,,265.6999816894531,140.97157287597656,0.00870303802177166,0.4443963435703127,0.011427569666488724,0.0,0.007907595955152447,0
2022-10-19 04:00:00+00:00,141.7252857143758,146.59415052324766,141.7252857143758,145.54586791992188,9766800,0.0,0.0,3695.159912109375,,264.7311096191406,145.54586791992188,0.03193302112536443,0.474653686854265,-0.0066720972934503076,0.0,-0.0036464890368148595,0
2022-10-20 04:00:00+00:00,146.67213270517706,148.8553246390544,145.49390360650645,146.37757873535156,8871500,0.0,0.0,3665.780029296875,,263.38043212890625,146.37757873535156,0.005698158714966397,0.362170983197879,-0.007950909706564868,0.0,-0.005102073164644505,1
2022-10-21 04:00:00+00:00,146.5421815366022,150.6053397628819,146.28228873611593,150.04222106933594,7971300,0.0,0.0,3752.75,,269.5561218261719,150.04222106933594,0.024727289201880637,0.18864928695240452,0.02372481982226482,0.0,0.023447792409434065,1
2022-10-24 04:00:00+00:00,149.0805547982757,151.32438375497995,148.67337184852727,149.99021911621094,7007700,0.0,0.0,3797.340087890625,,272.5216369628906,149.99021911621094,-0.00034664220717966945,0.21582476309269805,0.011881976654619875,0.0,0.011001475746972966,1
2022-10-25 04:00:00+00:00,149.9295919538173,151.610302565933,149.15854580097104,151.54965209960938,7280600,0.0,0.0,3859.110107421875,,278.1589660644531,151.54965209960938,0.010343221808258394,0.21352208423661276,0.016266654579669915,0.0,0.02068580375630913,1
2022-10-26 04:00:00+00:00,151.88752396799637,154.62516253916246,151.75756436147594,153.4209442138672,6865300,0.0,0.0,3830.60009765625,,272.0126953125,153.4209442138672,0.01227210506355104,0.14770128788000245,-0.007387716072364547,0.0,-0.022096252509541392,1
2022-10-27 04:00:00+00:00,155.84672640081882,157.15490196128383,153.75883278456402,154.12269592285156,9177400,0.0,0.0,3807.300048828125,,267.0604248046875,154.12269592285156,0.004563599016956231,0.15024161197406796,-0.006082610618211248,0.0,-0.018206027119885393,1
2022-10-28 04:00:00+00:00,157.21557147794806,158.4197900646433,152.93582660714932,155.92471313476562,10773900,0.0,0.0,3901.06005859375,,275.232666015625,155.92471313476562,0.011624270679186565,0.08617524189250164,0.024626377895927698,0.0,0.030600719731926684,0
2022-10-31 04:00:00+00:00,154.2613251077454,159.26879608966587,154.2613251077454,156.72174072265625,13281000,0.0,0.0,3871.97998046875,,272.0322570800781,156.72174072265625,0.00509859814281502,0.058358570958952576,-0.00745440410765752,0.0,-0.011628012698773116,0
2022-11-01 04:00:00+00:00,159.2947585434485,159.840559807134,157.58805882562774,157.86529541015625,9185600,0.0,0.0,3856.10009765625,,269.252685546875,157.86529541015625,0.007270227906088112,0.057240968911068585,-0.004101230608784645,0.0,-0.010217801238126323,0
2022-11-02 04:00:00+00:00,156.74771273757543,158.454412554829,154.4432462864211,154.6425018310547,8087500,0.0,0.0,3759.68994140625,,260.02337646484375,154.6425018310547,-0.020626095504779226,0.201996321904021,-0.02500198485734284,0.0,-0.034277500568975716,0
2022-11-03 04:00:00+00:00,154.18333808462222,157.8393130830283,153.6981872597023,156.92098999023438,6607800,0.0,0.0,3719.889892578125,,254.9439697265625,156.92098999023438,0.01462641701604362,0.22289285304447637,-0.010585992315429671,0.0,-0.019534423432764014,0
2022-11-04 04:00:00+00:00,160.1351302119799,160.62028106536923,156.46183762524998,158.90492248535156,7491900,0.0,0.0,3770.550048828125,,259.04473876953125,158.90492248535156,0.012563621367102516,0.22511239371475122,0.013618724670070526,0.0,0.016084981525026798,0
2022-11-07 05:00:00+00:00,158.10786844146855,161.4692892719561,157.76999462124505,160.8022003173828,7578000,0.0,0.0,3806.800048828125,,261.8928527832031,160.8022003173828,0.011868988643505851,0.23260502808395817,0.009613981920559844,0.0,0.010994680020140368,0
2022-11-08 05:00:00+00:00,160.55098096650715,161.35667506583408,159.2861120863815,160.56829833984375,6308200,0.0,0.0,3828.110107421875,,263.80133056640625,160.56829833984375,-0.0014556533335706619,0.2357990623695488,0.005597892802462701,0.0,0.0072872465320119595,0
2022-11-09 05:00:00+00:00,159.06950988317686,159.24277613462974,153.53356920627309,154.14866638183594,8021700,0.0,0.0,3748.570068359375,,257.71368408203125,154.14866638183594,-0.04080188402024342,0.37038293102660047,-0.02077788695478977,0.0,-0.02307663297718876,0
2022-11-10 05:00:00+00:00,157.8739772366208,157.96061698682718,154.24399114451228,157.0682830810547,6981500,0.0,0.0,3956.3701171875,,276.73004150390625,157.0682830810547,0.01876313201614786,0.38210349470839616,0.05543448436034493,0.0,0.07378869884077255,0
2022-11-11 05:00:00+00:00,159.45072633565948,162.09308001055726,159.31210802695708,161.5386199951172,8428300,0.0,0.0,3992.929931640625,,281.8290710449219,161.5386199951172,0.02806361229225639,0.4269448935441892,0.009240746788147902,0.0,0.018426006491035984,0
2022-11-14 05:00:00+00:00,161.4086649382925,164.328242093795,161.29603590686534,161.61659240722656,9722400,0.0,0.0,3957.25,,279.36279296875,161.61659240722656,0.00048256943183967764,0.42012469962554344,-0.008935777048800997,0.0,-0.008750971172093003,0
2022-11-15 05:00:00+00:00,162.11035426330074,163.25393517684898,160.507625110627,162.9160614013672,7747300,0.0,0.0,3991.72998046875,,283.2286682128906,162.9160614013672,0.00800829083765048,0.42199323756404195,0.008713116550319144,0.0,0.013838189413337698,0
2022-11-16 05:00:00+00:00,161.60789909876448,162.71683223351965,159.13015327108485,160.26507568359375,7941100,0.0,0.0,3958.7900390625,,279.36279296875,160.26507568359375,-0.016405940036567118,0.27153279515388445,-0.008252046497990273,0.0,-0.013649307707914726,0
2022-11-17 05:00:00+00:00,158.46657956868458,160.84126582791004,157.3840110210194,160.7190399169922,6550500,1.42,0.0,3946.56005859375,,278.74615478515625,160.7190399169922,0.002828579446832763,0.2539298759681218,-0.0030893228355314273,0.0,-0.0022073024723185952,0
2022-11-18 05:00:00+00:00,157.98641513809807,160.12537524304597,156.8427136508931,159.75869750976562,7661500,0.0,0.0,3965.340087890625,,278.7559509277344,159.75869750976562,-0.0059932105702353725,0.14910378160484986,0.00475858190881473,0.0,3.514359717593507e-05,0
2022-11-21 05:00:00+00:00,156.91257259398594,158.63247448516734,153.49897245064807,158.2308807373047,8432900,0.0,0.0,3949.93994140625,,275.8883361816406,158.2308807373047,-0.009609299381704793,0.15470489860616846,-0.003883688698329779,0.0,-0.010287187543620013,0
2022-11-22 05:00:00+00:00,160.42222443988655,162.8754819039424,159.83728513848322,162.29054260253906,9018000,0.0,0.0,4003.580078125,,279.8619079589844,162.29054260253906,0.025332964836002014,0.25648659892679093,0.013579987927526016,0.0,0.014402826275075276,0
2022-11-23 05:00:00+00:00,159.95078492769005,161.6444832041925,159.40076161116065,160.8500213623047,5831200,0.0,0.0,4027.260009765625,,282.6708068847656,160.8500213623047,-0.00891581524158439,0.23206857332516867,0.0059146891478476515,0.0,0.010036731852028025,0
2022-11-25 05:00:00+00:00,161.41749757722962,161.7754496858005,160.03808310063155,160.37857055664062,2796400,0.0,0.0,4026.1201171875,,280.811279296875,160.37857055664062,-0.002935300007691167,0.23239008415110207,-0.0002830441976333642,0.0,-0.006578421055870476,0
2022-11-28 05:00:00+00:00,157.39275391478532,158.4316809321276,155.36729383762247,155.7165069580078,9365500,0.0,0.0,3963.93994140625,,276.69085693359375,155.7165069580078,-0.029499995552118772,0.3136071240827095,-0.015444192913123267,0.0,-0.014673279412416806,0
2022-11-29 05:00:00+00:00,157.3752819148654,158.76343530941065,156.84272327208416,158.0475311279297,6985400,0.0,0.0,3957.6298828125,,274.59649658203125,158.0475311279297,0.014858726776249923,0.33867338057681157,-0.0015918653377758885,0.0,-0.007569315353507133,0
2022-11-30 05:00:00+00:00,159.63647695234658,160.0642609947075,156.81652859487764,160.03807067871094,10936700,0.0,0.0,4080.110107421875,,287.1141052246094,160.03807067871094,0.0125159109617998,0.2858203834141544,0.030947872397389053,0.0,0.045585463756412814,0
2022-12-01 05:00:00+00:00,160.867471353421,161.12066218530686,158.40548825168182,159.3221893310547,5217400,0.0,0.0,4076.570068359375,,287.46649169921875,159.3221893310547,-0.004483228731688966,0.2815407518971898,-0.0008676332180498347,0.0,0.0012273394730422105,0
2022-12-02 05:00:00+00:00,158.48405416884464,160.31745626933773,157.08717510926644,158.0475311279297,6852300,0.0,0.0,4071.699951171875,,286.3212890625,158.0475311279297,-0.008032682230110826,0.28501589161656893,-0.001194660488065602,0.0,-0.003983777830763646,0
2022-12-05 05:00:00+00:00,159.47933181286427,159.72378365869713,152.46004692807162,154.14501953125,8162200,0.0,0.0,3998.840087890625,,281.5159606933594,154.14501953125,-0.02500197313625268,0.25921845048104036,-0.017894212283564803,0.0,-0.0167829936253594,0
2022-12-06 05:00:00+00:00,153.22831451432322,155.45458470893604,149.39564271073235,150.1726531982422,8765000,0.0,0.0,3941.260009765625,,275.6828308105469,150.1726531982422,-0.02610819107337037,0.2541852595305299,-0.014399194981406072,0.0,-0.02072042334099211,0
2022-12-07 05:00:00+00:00,149.34325159914664,152.41637735148473,149.15991939315464,150.61790466308594,6936300,0.0,0.0,3933.919921875,,274.557373046875,150.61790466308594,0.0029605436634839214,0.20453844480753922,-0.0018623708845491027,0.0,-0.004082436908975695,0
2022-12-08 05:00:00+00:00,153.87438377711229,154.00533537082498,150.19012796222233,151.5084228515625,8076600,0.0,0.0,3963.510009765625,,277.8066101074219,151.5084228515625,0.005895022619768313,0.23930712501134926,0.00752178195750397,0.0,0.01183445567128194,0
2022-12-09 05:00:00+00:00,150.42583838275252,151.2028488411202,146.61061805248858,146.67173767089844,10754300,0.0,0.0,3934.3798828125,,276.03509521484375,146.67173767089844,-0.03244420710860523,0.2847358277877602,-0.007349578247904498,0.0,-0.006376791725341335,0
2022-12-12 05:00:00+00:00,147.4836655336546,148.87181890301753,146.41856158904002,148.19956970214844,9364900,0.0,0.0,3990.56005859375,,279.499755859375,148.19956970214844,0.010362796688148736,0.31507345308706514,0.014279296218109305,0.0,0.012551522268697823,0
2022-12-13 05:00:00+00:00,151.53457834282773,152.31158863576292,150.58294821825723,151.49964904785156,7838800,0.0,0.0,4019.64990234375,,282.50445556640625,151.49964904785156,0.022023499067413178,0.32466036920694674,0.0072896644387934195,0.0,0.01075027667839179,0
2022-12-14 05:00:00+00:00,152.3378090194937,152.71321242404866,149.5265996919702,150.4520263671875,7045500,0.0,0.0,3995.320068359375,,280.4100646972656,150.4520263671875,-0.006939036737099455,0.32991750620260357,-0.006052724634100337,0.0,-0.007413656060544227,0
2022-12-15 05:00:00+00:00,148.94167655329798,149.61391248835605,146.72413190144837,149.3258056640625,7272900,0.0,0.0,3895.75,,270.99481201171875,149.3258056640625,-0.007513737717067097,0.32798661092027986,-0.024921675023714007,0.0,-0.03357672876582263,0
2022-12-16 05:00:00+00:00,147.13445785500903,148.548788271087,145.8860083290392,147.3003387451172,23876000,0.0,0.0,3852.360107421875,,268.4110107421875,147.3003387451172,-0.013656910815505994,0.23544120024264403,-0.011137750774080746,0.0,-0.009534504555089085,0
2022-12-19 05:00:00+00:00,148.51386143303654,149.1337299789272,146.8899952763145,148.3130645751953,7131600,0.0,0.0,3817.659912109375,,264.638916015625,148.3130645751953,0.0068517176870556565,0.2277011316100134,-0.009007516001852345,0.0,-0.014053427674715069,0
2022-12-20 05:00:00+00:00,148.251943425583,151.29013986358936,148.068611220379,150.7488555908203,6199100,0.0,0.0,3821.6201171875,,264.4328918457031,150.7488555908203,0.016289903292842786,0.19417715125963234,0.0010373383615349674,0.0,-0.0007785104814657107,0
2022-12-21 05:00:00+00:00,152.94894605990754,153.62119527671953,151.17666356964273,152.52114868164062,5479400,0.0,0.0,3878.43994140625,,268.268798828125,152.52114868164062,0.011688022170776175,0.20307130105983406,0.014867993802734736,0.0,0.014506164326411053,0
2022-12-22 05:00:00+00:00,152.92277912274474,152.96643409807902,146.95987184036576,150.23379516601562,5755000,0.0,0.0,3822.389892578125,,261.7055358886719,150.23379516601562,-0.01511055118553229,0.23227920475478087,-0.01445169956861636,0.0,-0.024465248914981363,0
2022-12-23 05:00:00+00:00,151.99731575625216,155.03551214272824,151.63936369475823,154.87835693359375,6079100,0.0,0.0,3844.820068359375,,262.2941589355469,154.87835693359375,0.030447299704046457,0.2633626177601814,0.005868102525282026,0.0,0.002249180724726463,0
2022-12-27 05:00:00+00:00,155.71649935483865,157.34909126144677,154.87836925655995,156.8252716064453,5168000,0.0,0.0,3829.25,,258.5857849121094,156.8252716064453,0.012492251058710874,0.26211107844147463,-0.004049622110409712,0.0,-0.014138225717595043,0
2022-12-28 05:00:00+00:00,156.1530345118216,156.5371769482732,153.5950023717927,154.51170349121094,4494400,0.0,0.0,3783.219970703125,,255.1717834472656,154.51170349121094,-0.014862421668105278,0.3122232344266741,-0.012020638322615351,0.0,-0.013202587551377487,0
2022-12-29 05:00:00+00:00,154.22359606459503,156.44986639692368,154.22359606459503,155.6815948486328,4142100,0.0,0.0,3849.280029296875,,261.3916015625,155.6815948486328,0.007543018567021826,0.30792895036186024,0.01746133164481911,0.0,0.02437502309701811,0
2022-12-30 05:00:00+00:00,155.42841067791773,157.1046577483546,155.14030383933252,156.70306396484375,5005100,0.0,0.0,3839.5,,261.234619140625,156.70306396484375,0.006539839444944575,0.2569709343638758,-0.0025407424823445934,0.0,-0.0006005641380083526,0
2023-01-03 05:00:00+00:00,155.43713244253357,156.27526261752902,149.7361420842835,151.90130615234375,7565400,0.0,0.0,3824.139892578125,,259.4687805175781,151.90130615234375,-0.031121693903632786,0.29376767265218967,-0.004000548879248611,0.0,-0.00675958886634509,0
2023-01-04 05:00:00+00:00,149.2472211295644,152.1631917695874,149.1599245166352,150.28614807128906,7684500,0.0,0.0,3852.969970703125,,260.7048645019531,150.28614807128906,-0.010689877685272612,0.2560414135786456,0.007538970575044379,0.0,0.004763902547001209,0
2023-01-05 05:00:00+00:00,149.72741729329954,153.822005938495,149.50043008619173,152.99261474609375,6088200,0.0,0.0,3808.10009765625,,256.6236572265625,152.99261474609375,0.01784851994995291,0.30551169498124137,-0.011645528874622113,0.0,-0.01565451140770735,0
2023-01-06 05:00:00+00:00,154.54662660461912,156.61574162885668,153.39419934144152,154.14501953125,7191200,0.0,0.0,3895.080078125,,263.70684814453125,154.14501953125,0.007504193980026184,0.3054355995684107,0.02284078102943865,0.0,0.027601472890378398,0
2023-01-09 05:00:00+00:00,155.6291842410906,155.6903038590352,152.24177462222903,152.94020080566406,8385600,0.0,0.0,3892.090087890625,,265.413818359375,152.94020080566406,-0.007846843988643038,0.29710525551289707,-0.0007676325452631305,0.0,0.006472984023183859,0
2023-01-10 05:00:00+00:00,154.00535247930438,154.27600800575613,151.6655949342001,153.69105529785156,8307000,0.0,0.0,3919.25,,267.6605224609375,153.69105529785156,0.004897452415655559,0.18568308099946257,0.006978233159061986,0.0,0.00846491006176775,0
2023-01-11 05:00:00+00:00,155.30615273679658,155.52441423725986,152.17192078733362,152.95765686035156,6962600,0.0,0.0,3969.610107421875,,272.2910461425781,152.95765686035156,-0.004783322458423193,0.16290290627985138,0.012849424614881588,0.0,0.017299987458241572,0
2023-01-12 05:00:00+00:00,153.64739717319864,155.72523795742788,153.5688128950376,154.59901428222656,6891400,0.0,0.0,3983.169921875,,273.7626647949219,154.59901428222656,0.01067362966683267,0.12720855620257576,0.0034159058663651987,0.0,0.005404579670141629,0
2023-01-13 05:00:00+00:00,154.60776410231955,155.39351375529793,153.3767656377938,155.01809692382812,5726300,0.0,0.0,3999.090087890625,,275.646240234375,155.01809692382812,0.0027071042417734824,0.1186116130170798,0.003996858363534361,0.0,0.006880322562845098,0
2023-01-17 05:00:00+00:00,155.78636349498015,158.30074077251058,155.55936296087515,157.57611083984375,10697700,0.0,0.0,3990.969970703125,,276.20550537109375,157.57611083984375,0.016366720517498275,0.12740385277141064,-0.0020304911890052235,0.0,0.0020289235080559465,0
2023-01-18 05:00:00+00:00,157.8641954404757,159.22614516672994,154.47677245452235,154.72994995117188,8899200,0.0,0.0,3928.860107421875,,272.61480712890625,154.72994995117188,-0.018227245926345954,0.21520936668658266,-0.015562598500411085,0.0,-0.013000096567094999,0
2023-01-19 05:00:00+00:00,154.1887037412344,157.10467511352397,153.7958355803308,156.27528381347656,5907200,0.0,0.0,3898.85009765625,,269.93658447265625,156.27528381347656,0.00993775288947961,0.21416278048604434,-0.007638350296294338,0.0,-0.009824200983270859,1
2023-01-20 05:00:00+00:00,156.10938816138517,158.33565862531228,154.98316443016176,157.93405151367188,10477900,0.0,0.0,3972.610107421875,,277.3238525390625,157.93405151367188,0.01055845847823739,0.2139480116537857,0.018918401045981525,0.0,0.02736667977346574,1
2023-01-23 05:00:00+00:00,158.20471116570647,159.37458990167403,157.17450970030555,157.7245330810547,8381300,0.0,0.0,4019.81005859375,,283.48492431640625,157.7245330810547,-0.0013275004933255398,0.21768772504008743,0.01188134498366522,0.0,0.022216162515180438,1
2023-01-24 05:00:00+00:00,158.09992727123478,158.89440248082948,156.01334746382963,157.87294006347656,5989000,0.0,0.0,4016.949951171875,,282.90606689453125,157.87294006347656,0.0009404827730849872,0.18519688494365805,-0.0007115031258156934,0.0,-0.0020419337051903463,1
2023-01-25 05:00:00+00:00,156.52842498915186,157.174483880701,153.9616807177695,156.3450927734375,6727500,0.0,0.0,4016.219970703125,,282.2781982421875,156.3450927734375,-0.009724835441456706,0.1342058414659938,-0.0001817250594663422,0.0,-0.0022193537920055517,1
2023-01-26 05:00:00+00:00,161.50480707465033,163.96679021403727,160.18649890320097,163.94932556152344,14307800,0.0,0.0,4060.429931640625,,287.7818603515625,163.94932556152344,0.04749169234985044,0.35536788691751414,0.011007853469181317,0.0,0.019497297855971762,1
2023-01-27 05:00:00+00:00,160.8412806663126,160.8412806663126,155.33236185904903,156.66812133789062,19654700,0.0,0.0,4070.56005859375,,290.6466064453125,156.66812133789062,-0.04542769846992891,0.5267013759115181,0.002494840970949097,0.0,0.009954574934814664,0
2023-01-30 05:00:00+00:00,155.4022030293164,155.69903550083384,151.62191188512048,152.08462524414062,11476000,0.0,0.0,4017.77001953125,,284.77008056640625,152.08462524414062,-0.029692580179855595,0.5629892847147298,-0.012968740984683369,0.0,-0.020218800937598314,0
2023-01-31 05:00:00+00:00,150.81871792679692,152.46004890290055,149.6575649832371,151.927490234375,14481300,0.0,0.0,4076.60009765625,,289.03759765625,151.927490234375,-0.0010337418527644174,0.5613446927979135,0.014642470285510134,0.0,0.014985833769318946,0
2023-02-01 05:00:00+00:00,151.30761604779835,151.6131875085978,148.01622855145254,149.6051788330078,11526400,0.0,0.0,4119.2099609375,,295.21826171875,149.6051788330078,-0.015403686286848493,0.5640906132416371,0.010452303944590291,0.0,0.021383598924907377,0
2023-02-02 05:00:00+00:00,149.40436386368327,149.6662670022127,145.64153779506552,147.55349731445312,10463400,0.0,0.0,4179.759765625,,305.8136901855469,147.55349731445312,-0.01380887912915288,0.26962478188726546,0.014699373244309921,0.0,0.03589015261153117,0
2023-02-03 05:00:00+00:00,148.2955893749034,149.77103919942255,147.09952065587575,147.93763732910156,8404900,0.0,0.0,4136.47998046875,,300.3786315917969,147.93763732910156,0.0026000118853830023,0.20389434527167724,-0.010354610691310495,0.0,-0.01777245024724816,0
2023-02-06 05:00:00+00:00,148.03370085302538,148.5226045582678,146.1217276816027,148.10354614257812,7659500,0.0,0.0,4111.080078125,,297.83770751953125,148.10354614257812,0.0011208496662544092,0.13663235765841836,-0.006140463017754394,0.0,-0.008459070669576296,0
2023-02-07 05:00:00+00:00,148.47893592575107,152.2504876248104,148.0773289142132,151.9885711669922,10256500,0.0,0.0,4164.0,,304.0085144042969,151.9885711669922,0.02589366309717303,0.26401656321429556,0.01287251059802652,0.0,0.020718689168533144,0
2023-02-08 05:00:00+00:00,150.58298193745398,151.97113530870854,147.95511807102216,148.41783142089844,9784700,0.0,0.0,4117.85986328125,,298.6028747558594,148.41783142089844,-0.023773846990876153,0.29927559374556595,-0.011080724476164705,0.0,-0.017781211355312965,0
2023-02-09 05:00:00+00:00,148.6186396627005,148.99405642757134,146.67175051391064,147.05589294433594,10123400,0.0,0.0,4081.5,,295.9638671875,147.05589294433594,-0.009218742714677298,0.2890726641898459,-0.00882979617773516,0.0,-0.00883785050802699,0
2023-02-10 05:00:00+00:00,149.11629389042875,150.8012666650543,149.0988292363418,150.13775634765625,11602400,0.0,0.0,4090.4599609375,,294.0213928222656,150.13775634765625,0.020740509675396174,0.32807868566934656,0.0021952617756952897,0.0,-0.006563214569715647,0
2023-02-13 05:00:00+00:00,149.57029237288282,150.07664748307113,148.21706799908546,149.2996368408203,9442900,0.0,0.0,4137.2900390625,,298.73040771484375,149.2996368408203,-0.0055979761686613845,0.33385839014016316,0.011448609342766147,0.0,0.016015892066141957,0
2023-02-14 05:00:00+00:00,148.8369137113273,151.48224265408714,148.40039060761606,150.44332885742188,8077300,0.0,0.0,4136.1298828125,,300.9377746582031,150.44332885742188,0.007631188703147135,0.2690526649081697,-0.0002804145319874607,0.0,0.007389160548618934,0
2023-02-15 05:00:00+00:00,149.2014228527237,149.30712367620626,147.5279765541354,148.85792541503906,8885700,1.51,0.0,4147.60009765625,,303.2432556152344,148.85792541503906,-0.010594130481908886,0.2122690334859629,0.002773175690496066,0.0,0.007660988919220069,0
2023-02-16 05:00:00+00:00,148.13572646319506,148.54968669422425,146.55915108815333,146.70889282226562,6727500,0.0,0.0,4090.409912109375,,297.5531921386719,146.70889282226562,-0.014542027937280985,0.23036244874099374,-0.013788741489130674,0.0,-0.018764023176766842,0
2023-02-17 05:00:00+00:00,145.0882305238854,145.18511508848442,142.55163968242246,143.43240356445312,9612100,0.0,0.0,4079.090087890625,,295.4537353515625,143.43240356445312,-0.022586433495391554,0.17853028963332487,-0.002767405825327751,0.0,-0.007055736058549589,0
2023-02-21 05:00:00+00:00,142.84228876856105,144.22509459975345,141.53876190558972,141.80299377441406,7259700,0.0,0.0,3997.340087890625,,288.4588317871094,141.80299377441406,-0.011425142388595905,0.17602660136234377,-0.020041234255327334,0.0,-0.023675123132661846,0
2023-02-22 05:00:00+00:00,141.1688698468219,142.38432861381372,139.96222732210282,141.23052978515625,6205900,0.0,0.0,3991.050048828125,,288.6746520996094,141.23052978515625,-0.004045208233245383,0.10710327824565073,-0.0015735561458868341,0.0,0.0007481841036480752,0
2023-02-23 05:00:00+00:00,142.9039670356241,143.4236145993903,141.415473641622,142.6221160888672,6445500,0.0,0.0,4012.320068359375,,291.1959533691406,142.6221160888672,0.009805069445540238,0.19416178781214063,0.005329429416074394,0.0,0.008734058398245814,0
2023-02-24 05:00:00+00:00,141.6004388654032,143.2122386757875,140.17359197787044,143.04489135742188,5330200,0.0,0.0,3970.0400390625,,286.32012939453125,143.04489135742188,0.002959918829965087,0.19985653696862543,-0.010537551485558128,0.0,-0.01674413369484029,0
2023-02-27 05:00:00+00:00,143.57333973603644,143.89041532450915,142.613310168497,143.406005859375,6386800,0.0,0.0,3982.239990234375,,288.37054443359375,143.406005859375,0.002521302581078677,0.1275278087205674,0.0030730045671669703,0.0,0.007161267506404112,0
2023-02-28 05:00:00+00:00,144.7271482663387,144.7271482663387,141.16885414744593,141.60043334960938,10854200,0.0,0.0,3970.14990234375,,287.9977111816406,141.60043334960938,-0.012670567519505188,0.13464254174209436,-0.0030360018281855305,0.0,-0.001292896445735936,0
2023-03-01 05:00:00+00:00,141.73256121878416,144.08419981709426,141.44190744514214,142.7278289794922,7470400,0.0,0.0,3951.389892578125,,285.6824951171875,142.7278289794922,0.007930281211398889,0.14030013448051526,-0.004725264845680033,0.0,-0.00803900855653994,0
2023-03-02 05:00:00+00:00,142.66617239526153,143.9961348549689,142.3226749164048,143.17701721191406,5582000,0.0,0.0,3981.35009765625,,288.0467529296875,143.17701721191406,0.0031422244708101776,0.12434121014510079,0.0075821940867943916,0.0,0.008275823170510233,0
2023-03-03 05:00:00+00:00,141.6884976158544,145.8369018882751,141.2921565114632,145.29083251953125,6007500,0.0,0.0,4045.639892578125,,294.00177001953125,145.29083251953125,0.014655727804988689,0.15991403735239787,0.0161477371607488,0.0,0.020673786561646645,0
2023-03-06 05:00:00+00:00,144.74475239287398,146.91143774408582,144.27794854848224,146.35655212402344,7703600,0.0,0.0,4048.419921875,,294.3352966308594,146.35655212402344,0.007308307250902586,0.16238491735786909,0.0006871667698291617,0.0,0.0011344374263664303,0
2023-03-07 05:00:00+00:00,145.94263063698898,146.73532650987428,144.07541476470047,144.4717559814453,7393000,0.0,0.0,3986.3701171875,,290.7250671386719,144.4717559814453,-0.012961754260026867,0.16427859123963084,-0.015326919115337678,0.0,-0.012265703548002493,0
2023-03-08 05:00:00+00:00,143.76711513166407,145.58148696238837,142.1377096686493,143.5557403564453,5435800,0.0,0.0,3992.010009765625,,292.1770324707031,143.5557403564453,-0.006360633793408477,0.17386923678640515,0.0014147940136839399,0.0,0.0049942901254493854,0
2023-03-09 05:00:00+00:00,144.26034995365745,145.75765971594183,141.0896071709591,141.37144470214844,6214700,0.0,0.0,3918.320068359375,,287.1148376464844,141.37144470214844,-0.015332608193543719,0.20690873119690809,-0.01845935787384867,0.0,-0.01732577944752156,0
2023-03-10 05:00:00+00:00,141.7501658838869,145.0354119700322,139.75082776224357,140.631591796875,7385800,0.0,0.0,3861.590087890625,,283.0826721191406,140.631591796875,-0.0052471392645689775,0.1402056779837472,-0.01447813845705137,0.0,-0.014043737900820141,0
2023-03-13 04:00:00+00:00,137.7867486114631,141.7589901715157,135.46153174519424,139.7860870361328,10106100,0.0,0.0,3855.760009765625,,285.1821594238281,139.7860870361328,-0.0060303424983274055,0.07338960437303282,-0.001509761003189447,0.0,0.007416516486052904,0
2023-03-14 04:00:00+00:00,139.38971882263323,144.46292853774798,139.05503761015626,141.5916290283203,10035200,0.0,0.0,3919.2900390625,,291.73553466796875,141.5916290283203,0.01283375811874403,0.1632548443245968,0.016476655480623936,0.0,0.022979611548565426,0
2023-03-15 04:00:00+00:00,137.03806367748908,139.11666719656066,133.88492703350985,135.4615020751953,14063100,0.0,0.0,3891.929931640625,,293.2659606933594,135.4615020751953,-0.044259580056011764,0.3319413055540925,-0.00698088356543769,0.0,0.005245936279693941,0
2023-03-16 04:00:00+00:00,132.25555006600308,136.93240562563142,132.03535902504584,135.89309692382812,12849600,0.0,0.0,3960.280029296875,,300.99664306640625,135.89309692382812,0.0031810421799979235,0.3446295399863444,0.017562006217166637,0.0,0.026360653499538422,0
2023-03-17 04:00:00+00:00,135.30295971673715,136.8531129388992,132.64306214578536,134.1755828857422,33161800,0.0,0.0,3916.639892578125,,299.5741271972656,134.1755828857422,-0.012719262330855827,0.34508210183840454,-0.011019457310067593,0.0,-0.004726019050075525,0
2023-03-20 04:00:00+00:00,133.64713204098487,137.2054126302182,133.25077749586873,136.14849853515625,8469200,0.0,0.0,3951.570068359375,,300.63726806640625,136.14849853515625,0.014596928765908693,0.3863690069786072,0.008918403718310097,0.0,0.003548840746319115,0
2023-03-21 04:00:00+00:00,138.42089194193855,140.54353669072427,137.8131625505158,140.3145294189453,9753500,0.0,0.0,4002.8701171875,,304.9311218261719,140.3145294189453,0.030140350357301834,0.4515105718010919,0.012982193897784988,0.0,0.014282506581376975,0
2023-03-22 04:00:00+00:00,140.80776970546535,140.97511705537548,137.33755657384026,137.46087646484375,6315000,0.0,0.0,3936.969970703125,,300.78466796875,137.46087646484375,-0.0205471995790606,0.32461929820437396,-0.01646322377571363,0.0,-0.013598001517816871,0
2023-03-23 04:00:00+00:00,138.2975828592403,139.83010379329397,134.88021384781217,136.09567260742188,7859400,0.0,0.0,3948.719970703125,,304.3514099121094,136.09567260742188,-0.009981228349750987,0.3371847149671732,0.0029845287333754023,0.0,0.011858124177160256,0
2023-03-24 04:00:00+00:00,133.9642233584058,137.9716892132096,133.72641329126444,137.45204162597656,6600100,0.0,0.0,3970.989990234375,,305.4715576171875,137.45204162597656,0.009916954623135358,0.31998638002571417,0.005639807253104534,0.0,0.003680441977914839,0
2023-03-27 04:00:00+00:00,138.6322260274429,139.58345260786635,137.12612735464822,138.8524169921875,7006800,0.0,0.0,3977.530029296875,,303.3786315917969,138.8524169921875,0.010136552727908433,0.3128932463122911,0.0016469543057482383,0.0,-0.00685145956538924,0
2023-03-28 04:00:00+00:00,138.5265737032928,141.0896004066546,137.9981098784824,140.4730682373047,5605400,0.0,0.0,3971.27001953125,,301.76727294921875,140.4730682373047,0.011604164437040756,0.23240160430951964,-0.0015738434957162095,0.0,-0.0053113781749343225,0
2023-03-29 04:00:00+00:00,141.46829931685474,142.08484482451397,140.33211975100292,141.6796875,7569700,0.0,0.0,4027.81005859375,,307.2696838378906,141.6796875,0.008553002541269282,0.14325967488855537,0.014237268879836451,0.0,0.018233955043885253,0
2023-03-30 04:00:00+00:00,142.90396103187717,143.5733368432135,142.31385075621372,143.0272674560547,6322400,0.0,0.0,4050.830078125,,310.17803955078125,143.0272674560547,0.009466505795984943,0.017670797936464193,0.005715269388667954,0.0,0.009465156720195766,0
2023-03-31 04:00:00+00:00,143.3003174511599,144.19870060289216,142.8158945046673,143.70547485351562,7041400,0.0,0.0,4109.31005859375,,315.3365478515625,143.70547485351562,0.004730597955245009,0.04098790597413649,0.014436542471763847,0.0,0.016630797938668174,0
2023-04-03 04:00:00+00:00,149.55375806044074,150.6987541640107,148.77868129382827,149.6858673095703,12868200,0.0,0.0,4124.509765625,,314.5701904296875,149.6858673095703,0.04077298867067209,0.23187371465371245,0.0036988464765423945,0.0,-0.0024302841744678894,0
2023-04-04 04:00:00+00:00,150.7339481264904,150.7339481264904,147.7217369050985,148.88433837890625,7521400,0.0,0.0,4100.60009765625,,313.5090026855469,148.88433837890625,-0.0053691282043609335,0.27495849578184245,-0.005796972083329965,0.0,-0.003373452973058577,0
2023-04-05 04:00:00+00:00,149.07812367336973,150.1174322785601,147.7393719451627,149.62420654296875,6478100,0.0,0.0,4090.3798828125,,310.413818359375,149.62420654296875,0.004957108878180641,0.2786545578531997,-0.002492370531228194,0.0,-0.00987271274399859,0
2023-04-06 04:00:00+00:00,149.157420342023,149.2102640429036,147.20212277307093,147.6601104736328,5803200,0.0,0.0,4105.02001953125,,312.5067138671875,147.6601104736328,-0.013213779100151693,0.32818226238899406,0.0035791630944272956,0.0,0.006742275581911983,0
2023-04-10 04:00:00+00:00,148.39991841915636,149.44801619981314,147.3606100001695,148.2237548828125,5923500,0.0,0.0,4109.10986328125,,312.3299255371094,148.2237548828125,0.0038099075817736045,0.3285378924418063,0.0009963029974375814,0.0,-0.0005657105023134656,0
2023-04-11 04:00:00+00:00,148.9107832253401,150.0293438837708,148.03001918219567,149.0428924560547,5469600,0.0,0.0,4108.93994140625,,310.3254089355469,149.0428924560547,0.005511143977029418,0.13022572942817393,-4.1352477946232646e-05,0.0,-0.0064179460169093705,0
2023-04-12 04:00:00+00:00,150.12622228319796,150.71633255507413,149.2630773194947,149.57135009765625,6157900,0.0,0.0,4091.949951171875,,307.5840759277344,149.57135009765625,0.0035394038058237627,0.1260883195531758,-0.004134884052006904,0.0,-0.008833736873869236,0
2023-04-13 04:00:00+00:00,149.95007612104533,151.90537334297335,149.57135403901952,151.5706787109375,6856600,0.0,0.0,4146.22021484375,,313.6072998046875,151.5706787109375,0.013278505147155674,0.15368911106945868,0.01326268999363811,0.0,0.01958236576060024,0
2023-04-14 04:00:00+00:00,151.93178045395516,152.2664750535314,150.80440367994086,151.87893676757812,4930700,0.0,0.0,4137.64013671875,,313.0177307128906,151.87893676757812,0.002031692557523973,0.07061248839656875,-0.0020693734728036706,0.0,-0.0018799597208485341,0
2023-04-17 04:00:00+00:00,151.83493128486484,151.9670405316105,149.92367469204257,150.5402069091797,7006000,0.0,0.0,4151.31982421875,,313.282958984375,150.5402069091797,-0.0088535308102968,0.12640854447116143,0.00330615690296554,0.0,0.0008473266702186955,0
2023-04-18 04:00:00+00:00,150.45209807272118,151.83489042767698,149.84436882243594,150.1878662109375,8045600,0.0,0.0,4154.8701171875,,313.3026123046875,150.1878662109375,-0.002343252199948127,0.1292424218999091,0.0008552202959737354,0.0,6.273344830565186e-05,0
2023-04-19 04:00:00+00:00,149.25427664724575,150.3816535169746,148.93720106267247,150.32879638671875,5506800,0.0,0.0,4154.52001953125,,313.1552429199219,150.32879638671875,0.0009379192813756986,0.12800869119493127,-8.42619976980652e-05,0.0,-0.00047037394192650517,0
2023-04-20 04:00:00+00:00,148.6377201370915,149.78271596592649,147.98596341191126,149.59776306152344,5851100,0.0,0.0,4129.7900390625,,310.7676086425781,149.59776306152344,-0.004874758502113313,0.07024109367092969,-0.00595254815297297,0.0,-0.007624442928309216,1
2023-04-21 04:00:00+00:00,149.58016714334548,150.24954301412734,148.70820585532982,148.95481872558594,7179000,0.0,0.0,4133.52001953125,,311.09185791015625,148.95481872558594,-0.004307082698966303,0.05695031493901301,0.0009031888869577287,0.0,0.0010433818022232977,1
2023-04-24 04:00:00+00:00,148.9371923839314,151.82609712419588,148.4791913574822,151.0334014892578,7177600,0.0,0.0,4137.0400390625,,310.4433288574219,151.0334014892578,0.01385798433668933,0.12260137540609034,0.0008515791660903549,0.0,-0.0020846866809406395,1
2023-04-25 04:00:00+00:00,150.01173453331864,150.0821838283454,148.34707763152684,148.84031677246094,5807200,0.0,0.0,4071.6298828125,,304.58721923828125,148.84031677246094,-0.014626982517778702,0.16515205946331638,-0.015810858882773227,0.0,-0.01886369934472054,1
2023-04-26 04:00:00+00:00,148.15332243484718,148.80507921159167,145.52863596617672,146.189208984375,5927400,0.0,0.0,4055.989990234375,,306.4344177246094,146.189208984375,-0.01797229711602981,0.19689665601348202,-0.003841187197329843,0.0,0.00606459618019306,1
2023-04-27 04:00:00+00:00,146.58551711384604,147.431056300158,145.3876912122707,147.04351806640625,6417200,0.0,0.0,4135.35009765625,,314.7666931152344,147.04351806640625,0.005826849600042309,0.2133014595855971,0.01956614972249704,0.0,0.027191055928035945,1
2023-04-28 04:00:00+00:00,144.8856982932477,148.79629315128338,144.48935712561303,148.47921752929688,10036300,0.0,0.0,4169.47998046875,,316.9381103515625,148.47921752929688,0.009716414916037183,0.23213058229594494,0.008253202753460531,0.0,0.006898497470738452,0
2023-05-01 04:00:00+00:00,147.71294088072986,148.61131051190256,146.52390406852908,147.29898071289062,6099800,0.0,0.0,4167.8701171875,,316.5745849609375,147.29898071289062,-0.00798059551049627,0.19501051232717775,-0.0003861064902076494,0.0,-0.0011469917272547425,0
2023-05-02 04:00:00+00:00,145.60792033962034,145.6607640327322,139.55706212984686,140.9574737548828,10701700,0.0,0.0,4119.580078125,,313.8136291503906,140.9574737548828,-0.04400616332971534,0.3422586787452638,-0.011586262936400304,0.0,-0.008721343852942431,0
2023-05-03 04:00:00+00:00,139.2928353742671,140.54353220798384,138.05096822205036,138.13023376464844,7538100,0.0,0.0,4090.75,,311.7599792480469,138.13023376464844,-0.020261277248142733,0.3456149007060427,-0.006998305064656485,0.0,-0.006544170525364823,0
2023-05-04 04:00:00+00:00,138.37685133041353,139.3368809950627,136.88835781839006,137.5929718017578,7500400,0.0,0.0,4061.219970703125,,310.6595153808594,137.5929718017578,-0.0038971158902603308,0.32121787979641575,-0.007218732334382416,0.0,-0.0035298432782866485,0
2023-05-05 04:00:00+00:00,140.30567943147852,141.90866259788214,139.8476784813392,141.107177734375,5802000,0.0,0.0,4136.25,,317.2624206542969,141.107177734375,0.02521988023193587,0.4002851578224749,0.018474751389515376,0.0,0.021254476191860938,0
2023-05-08 04:00:00+00:00,142.3050321574441,142.9479860521839,140.49946344432362,140.55230712890625,5028200,0.0,0.0,4138.1201171875,,318.0484313964844,140.55230712890625,-0.0039400151821093014,0.4027075508090397,0.0004521286642489297,0.0,0.0024774782357346314,0
2023-05-09 04:00:00+00:00,139.25758900825215,141.2921515873611,139.0814389057052,140.14715576171875,5019800,0.0,0.0,4119.169921875,,316.0342102050781,140.14715576171875,-0.0028867290615094184,0.26071897961641405,-0.004579421277258522,0.0,-0.006333064378158504,0
2023-05-10 04:00:00+00:00,141.30978737718374,141.30978737718374,137.29350542978918,138.35922241210938,6161200,0.0,0.0,4137.64013671875,,319.47320556640625,138.35922241210938,-0.012839619141701923,0.22996046309941348,0.004483965263404999,0.0,0.010881718656649664,0
2023-05-11 04:00:00+00:00,136.85313316694894,137.6810535894515,135.54078979091895,137.5929718017578,6666100,0.0,0.0,4130.6201171875,,320.5147399902344,137.5929718017578,-0.0055535168466150555,0.2321693112675183,-0.0016966239932159066,0.0,0.003260162059542937,0
2023-05-12 04:00:00+00:00,138.27994608080397,139.09905013852736,137.01164378810407,137.94525146484375,4898900,0.0,0.0,4124.080078125,,319.3650817871094,137.94525146484375,0.0025570307513428313,0.08816133092565825,-0.0015833068345566526,0.0,-0.0035869121125600145,0
2023-05-15 04:00:00+00:00,138.4825223091646,139.3016398315616,137.6017582942044,138.4561004638672,5096700,0.0,0.0,4136.27978515625,,321.09442138671875,138.4561004638672,0.0036964332998311532,0.10621518434972475,0.0029581644391338813,0.0,0.005414930116756311,0
2023-05-16 04:00:00+00:00,137.82195552280973,138.29757563842978,135.04755412613338,135.20608520507812,7007700,0.0,0.0,4109.89990234375,,321.4580078125,135.20608520507812,-0.02375313971454027,0.18142351576487184,-0.006377683373153031,0.0,0.001132334919463851,0
2023-05-17 04:00:00+00:00,136.33345360413463,137.76910322429222,135.60243131102774,137.14376831054688,6169600,0.0,0.0,4158.77001953125,,325.3489685058594,137.14376831054688,0.014229607806276108,0.2248031300692798,0.011890829058788244,0.0,0.012104102553976093,0
2023-05-18 04:00:00+00:00,135.96088958199144,137.17936171781864,134.76911160099158,136.97479248046875,7477700,1.51,0.0,4198.0498046875,,331.3917541503906,136.97479248046875,-0.0012328669098040253,0.22229414173973966,0.009445048649426635,0.0,0.018573243592202804,0
2023-05-19 04:00:00+00:00,137.7574559802262,139.1360115875162,136.95701134167,138.05984497070312,8100900,0.0,0.0,4191.97998046875,,330.64501953125,138.05984497070312,0.007890337956455098,0.23059006726194176,-0.0014458676054706077,0.0,-0.0022533289069158746,0
2023-05-22 04:00:00+00:00,136.7790969072716,137.7040688544749,135.26713866891558,135.57843017578125,11661000,0.0,0.0,4192.6298828125,,331.7553405761719,135.57843017578125,-0.018136957008957687,0.2597792564373953,0.0001550346964389604,0.0,0.003358045575572177,0
2023-05-23 04:00:00+00:00,137.09037621741737,140.23880630256545,136.82355688827045,139.50062561035156,10436200,0.0,0.0,4145.580078125,,327.5499267578125,139.50062561035156,0.02851879256012055,0.2764376869418973,-0.011222026747550129,0.0,-0.012676250549744528,0
2023-05-24 04:00:00+00:00,140.47895387650215,141.03038414362845,139.00256525738305,139.87417602539062,7064000,0.0,0.0,4115.240234375,,325.8697814941406,139.87417602539062,0.0026741899087955982,0.26746014137199803,-0.007318600335353365,0.0,-0.005129432573233839,0
2023-05-25 04:00:00+00:00,137.5706505339702,138.41558073519178,136.5211782833941,137.46392822265625,7037700,0.0,0.0,4151.27978515625,,333.799072265625,137.46392822265625,-0.01738173333162526,0.3085604582013072,0.008757581265902425,0.0,0.024332697358828037,0
2023-05-26 04:00:00+00:00,138.1132013483448,138.4156038993351,136.48563154444645,137.03704833984375,7736200,0.0,0.0,4205.4501953125,,342.3277282714844,137.03704833984375,-0.0031102273826286407,0.3022584639257167,0.01304908677799732,0.0,0.025550268752911887,0
2023-05-30 04:00:00+00:00,134.89361631498764,136.30774144543528,134.48450501019047,136.1832275390625,7814800,0.0,0.0,4205.52001953125,,343.88031005859375,136.1832275390625,-0.006250074797442779,0.2711908018182153,1.660326849850513e-05,0.0,0.0045353667228442696,0
2023-05-31 04:00:00+00:00,134.7779834466863,135.56064999534297,133.72851109371237,133.95974731445312,13346400,0.0,0.0,4179.830078125,,341.9249572753906,133.95974731445312,-0.016461878662360593,0.13758598016043025,-0.006108624209833935,0.0,-0.005686143480765016,0
2023-06-01 04:00:00+00:00,134.56451663413327,136.7346272917095,133.1770723962717,135.3293914794922,9887700,0.0,0.0,4221.02001953125,,345.8749084472656,135.3293914794922,0.010172381862476492,0.1787408926478203,0.009854453563032717,0.0,0.011552099628380219,0
2023-06-02 04:00:00+00:00,137.48173951540295,139.4117118240972,136.61903118589936,138.9759063720703,9464300,0.0,0.0,4282.3701171875,,348.4688720703125,138.9759063720703,0.026588839143037002,0.2639947361002034,0.014534424705965554,0.0,0.0074997161103473875,0
2023-06-05 04:00:00+00:00,140.92367404868804,140.92367404868804,138.0687431668511,138.30886840820312,6443800,0.0,0.0,4273.7900390625,,348.7145080566406,138.30886840820312,-0.004811221612173609,0.26641049152752455,-0.0020035816359177394,0.0,0.0007049007989401446,0
2023-06-06 04:00:00+00:00,136.3699877164681,138.88695967453108,136.25436282857595,138.55787658691406,6176400,0.0,0.0,4283.85009765625,,348.6555480957031,138.55787658691406,0.0017987587917418593,0.2569578930982471,0.0023538963079141606,0.0,-0.00016907802679644313,0
2023-06-07 04:00:00+00:00,139.23383694721556,142.48900362356414,139.18936478739704,142.15103149414062,9900000,0.0,0.0,4267.52001953125,,342.740478515625,142.15103149414062,0.025601974615534647,0.22277912327194258,-0.0038120096998572883,0.0,-0.016965367717178825,0
2023-06-08 04:00:00+00:00,142.44453317778562,142.7380331509223,139.71410266984614,141.6262969970703,7142200,0.0,0.0,4293.93017578125,,346.9949645996094,141.6262969970703,-0.003698217175543493,0.24958835458147535,0.0061886426142414575,0.0,0.012413141577003461,0
2023-06-09 04:00:00+00:00,141.66184121282458,142.64906328348545,141.0748413716758,141.28829956054688,6669500,0.0,0.0,4298.85986328125,,348.3214416503906,141.28829956054688,-0.002389396669132029,0.2018573342512206,0.001148059539441082,0.0,0.003822755907457731,0
2023-06-12 04:00:00+00:00,139.6874277095445,141.70634444607026,138.94923324515844,139.9275665283203,7159600,0.0,0.0,4338.93017578125,,354.2071228027344,139.9275665283203,-0.009677573823545598,0.21659556228440904,0.009321148810237156,0.0,0.01689726915591727,0
2023-06-13 04:00:00+00:00,140.9859228375174,142.81806167812823,140.76357562732682,140.97702026367188,7660800,0.0,0.0,4369.009765625,,356.92877197265625,140.97702026367188,0.007471993462090724,0.21944956600291024,0.006932489951473775,0.0,0.0076837787687222825,0
2023-06-14 04:00:00+00:00,142.2844293927716,142.9870542085708,138.87806834977602,139.71409606933594,7721100,0.0,0.0,4372.58984375,,359.5227355957031,139.71409606933594,-0.008998736640965177,0.10942109390308477,0.0008194255259321714,0.0,0.007267454536407092,0
2023-06-15 04:00:00+00:00,139.91867043876525,142.11544857062228,139.91867043876525,140.77247619628906,7705400,0.0,0.0,4425.83984375,,363.8067932128906,140.77247619628906,0.007546779452842777,0.13418734654756373,0.01217813742034668,0.0,0.011915957443106251,0
2023-06-16 04:00:00+00:00,141.0304062844694,141.62629522696662,139.86529541015625,139.86529541015625,22908100,0.0,0.0,4409.58984375,,361.5173950195313,139.86529541015625,-0.006465159275040031,0.13946135730311401,-0.0036716195284263176,0.0,-0.00629289566899216,0
2023-06-20 04:00:00+00:00,138.87806599878255,139.25162126498344,135.40056584664825,136.6812744140625,10438700,0.0,0.0,4388.7099609375,,360.9998779296875,136.6812744140625,-0.023028032504542578,0.20323905380144977,-0.0047351076976228645,0.0,-0.0014315136615095092,0
2023-06-21 04:00:00+00:00,135.78301011231406,138.70910737361342,135.63181561850507,137.74856567382812,7328200,0.0,0.0,4365.68994140625,,356.0802307128906,137.74856567382812,0.007778284172717888,0.20440250304286312,-0.005245281583003636,0.0,-0.013627836233659596,0
2023-06-22 04:00:00+00:00,136.3877892102374,136.60123385448708,135.1604282218128,135.75631713867188,7088600,0.0,0.0,4381.89013671875,,360.2816162109375,135.75631713867188,-0.014568542624793245,0.21542405182331575,0.003710798414438443,0.0,0.011798985553439723,0
2023-06-23 04:00:00+00:00,134.30660626405344,134.92028674607604,133.52395329902194,134.6090087890625,15172700,0.0,0.0,4348.330078125,,356.7099609375,134.6090087890625,-0.008487147769729182,0.1802967965066773,-0.007658808766684566,0.0,-0.009913509634492113,0
2023-06-26 04:00:00+00:00,134.8491533524769,137.82861187597544,134.7780006052681,136.97479248046875,7371800,0.0,0.0,4328.81982421875,,351.9281005859375,136.97479248046875,0.017422567352667357,0.26221701790567836,-0.004486838293256468,0.0,-0.013405457865529935,0
2023-06-27 04:00:00+00:00,136.5211862419052,137.59735270404084,135.91640834787614,136.54786682128906,6581700,0.0,0.0,4378.41015625,,357.9792785644531,136.54786682128906,-0.003121686568608986,0.20358334947871426,0.011455854954693034,0.0,0.01719435864439589,0
2023-06-28 04:00:00+00:00,136.4678118446555,137.87304769687023,135.35607590818768,137.7841033935547,5773800,0.0,0.0,4376.85986328125,,358.6778259277344,137.7841033935547,0.009012766099209328,0.20679273869089085,-0.00035407668843834283,0.0,0.001951362565125292,0
2023-06-29 04:00:00+00:00,138.237728636948,138.98482572647768,137.35724219403713,138.95814514160156,5633500,0.0,0.0,4396.43994140625,,357.95953369140625,138.95814514160156,0.008484781761179207,0.1645637518361713,0.004473544672805918,0.0,-0.00200261121375489,0
2023-06-30 04:00:00+00:00,140.04317633534532,140.45228761255564,139.27830137034658,139.94534301757812,6346600,0.0,0.0,4450.3798828125,,363.4794006347656,139.94534301757812,0.007079165665800503,0.11620242040381482,0.012269004495714109,0.0,0.015420365778322953,0
2023-07-03 04:00:00+00:00,139.79415240308143,140.6124022015457,139.36724949549043,139.8208465576172,3272600,0.0,0.0,4455.58984375,,364.3353271484375,139.8208465576172,-0.0008900036731947704,0.09025082074212232,0.0011706778016009611,0.0,0.0023548143641074493,0
2023-07-05 04:00:00+00:00,140.25662045549754,140.25662045549754,137.96199556903358,139.02037048339844,6318700,0.0,0.0,4446.81982421875,,364.3255310058594,139.02037048339844,-0.00574146305661925,0.10430354691385366,-0.0019683184132291975,0.0,-2.688770988745759e-05,0
2023-07-06 04:00:00+00:00,138.03313193283265,138.59345119067763,134.85802113736685,135.96975708007812,9203000,0.0,0.0,4411.58984375,,361.5508728027344,135.96975708007812,-0.022187986037524553,0.19652160725422563,-0.007922511336500904,0.0,-0.007615876371509067,0
2023-07-07 04:00:00+00:00,135.31161442711849,138.73576680986395,135.15153095372077,137.1615447998047,6602200,0.0,0.0,4398.9501953125,,360.3504638671875,137.1615447998047,0.008726903692686902,0.19739154779878293,-0.0028651005386203243,0.0,-0.0033201660564150526,0
2023-07-10 04:00:00+00:00,136.90363677169967,138.5579007882715,136.89474776761543,138.07763671875,5167900,0.0,0.0,4409.52978515625,,360.468505859375,138.07763671875,0.006656721595422549,0.19610474963008384,0.002405026057131332,0.0,0.00032757552445117355,0
2023-07-11 04:00:00+00:00,138.74467254784344,140.8881031179618,138.44228356984277,140.6301727294922,5060500,0.0,0.0,4439.259765625,,362.2494201660156,140.6301727294922,0.018317444252226096,0.24779089258400197,0.0067422110558885695,0.0,0.00494055452194031,0
2023-07-12 04:00:00+00:00,141.60849870381185,142.6046099077094,140.81694314264385,141.98204040527344,6464000,0.0,0.0,4472.16015625,,366.82470703125,141.98204040527344,0.009567017446951523,0.24476617032618497,0.007411233485312474,0.0,0.01263021170092582,0
2023-07-13 04:00:00+00:00,142.15992433467085,142.83586861176195,139.25163228381197,140.087646484375,8143900,0.0,0.0,4510.0400390625,,373.0528259277344,140.087646484375,-0.01343230054226914,0.18613143851851888,0.008470153458069118,0.0,0.016978460766422065,0
2023-07-14 04:00:00+00:00,139.6429435440465,139.65184611830907,136.34331839000694,136.59234619140625,7065700,0.0,0.0,4505.419921875,,372.97412109375,136.59234619140625,-0.02526735828373659,0.2847224795978344,-0.0010244071333035398,0.0,-0.00021097503762002034,0
2023-07-17 04:00:00+00:00,136.38777747915816,137.09038865770862,135.75630546190726,136.4678192138672,4351700,0.0,0.0,4522.7900390625,,376.4572448730469,136.4678192138672,-0.0009120846022124732,0.27715099001190074,0.0038553825145495324,0.0,0.009338781385374917,1
2023-07-18 04:00:00+00:00,135.7830038765536,138.80693432685683,135.51618448814483,136.74354553222656,6798300,0.0,0.0,4554.97998046875,,379.536865234375,136.74354553222656,0.0020184110000277173,0.21855642431797728,0.007117275205842377,0.0,0.008180531529859758,1
2023-07-19 04:00:00+00:00,136.81471474277276,138.54902061969807,136.32554806697345,137.57958984375,5653100,0.0,0.0,4565.72021484375,,379.4483337402344,137.57958984375,0.006095343718303731,0.20429765883937673,0.002357910335732072,0.0,-0.0002332619101070854,1
2023-07-20 04:00:00+00:00,138.88695820556015,139.80302758348816,138.48673595993077,139.10040283203125,5866600,0.0,0.0,4534.8701171875,,370.7012634277344,139.10040283203125,0.01099341004051924,0.22328246303181234,-0.006756896218903741,0.0,-0.023052072007484825,1
2023-07-21 04:00:00+00:00,140.10542117959417,141.261629371765,139.68740734418623,141.13711547851562,8760100,0.0,0.0,4536.33984375,,369.5895080566406,141.13711547851562,0.014535873143094949,0.10038122632101322,0.0003240945218980773,0.0,-0.0029990601078986323,1
2023-07-24 04:00:00+00:00,142.72024842288835,145.89535997377013,142.3111235273945,143.92092895507812,9722100,0.0,0.0,4554.64013671875,,370.1798095703125,143.92092895507812,0.019532176227280568,0.10922281463484919,0.004034153877153557,0.0,0.0015971814697224307,0
2023-07-25 04:00:00+00:00,144.00095843603543,145.423972517428,142.8892223235424,144.5790557861328,6767600,0.0,0.0,4567.4599609375,,372.6888427734375,144.5790557861328,0.0045624125301345604,0.09743612220489312,0.002814673351556163,0.0,0.006777876962110296,0
2023-07-26 04:00:00+00:00,143.0848919975888,144.16104497753165,142.79139202915044,143.49400329589844,6056400,0.0,0.0,4566.75,,371.4490661621094,143.49400329589844,-0.007533211366696512,0.1659043139815812,-0.00015543889679858758,0.0,-0.0033265729183146187,0
2023-07-27 04:00:00+00:00,144.16105611346788,144.49902826765515,141.60851409062911,141.99984741210938,6470100,0.0,0.0,4537.41015625,,370.5635681152344,141.99984741210938,-0.01046726240966638,0.20921955449563912,-0.006424666064487883,0.0,-0.0023839016638920185,0
2023-07-28 04:00:00+00:00,140.88811461229923,141.4128508647576,139.19826737131586,141.29722595214844,6542300,0.0,0.0,4582.22998046875,,377.313232421875,141.29722595214844,-0.0049603258676370965,0.19328184830601927,0.009877842794752345,0.0,0.01821459227891964,0
2023-07-31 04:00:00+00:00,143.30722048738613,145.84197040357526,142.85362351774478,145.557373046875,13056300,0.0,0.0,4588.9599609375,,377.5100402832031,145.557373046875,0.029704668192168767,0.2594564612300748,0.0014687129405193122,0.0,0.0005216033905433015,0
2023-08-01 04:00:00+00:00,145.53960198968656,145.53960198968656,142.79139349027585,144.3478240966797,7531400,0.0,0.0,4576.72998046875,,376.63433837890625,144.3478240966797,-0.008344493169283112,0.26827485820561436,-0.002665087639215691,0.0,-0.0023196784478630716,0
2023-08-02 04:00:00+00:00,143.34279482908744,143.38726698439166,140.57679504952142,142.06207275390625,7067100,0.0,0.0,4513.39013671875,,368.3694458007813,142.06207275390625,-0.015961738036688232,0.28846503390260786,-0.013839541336347905,0.0,-0.021944076086366282,0
2023-08-03 04:00:00+00:00,142.2221862549047,143.81418645942807,141.279436165757,142.00872802734375,6680700,0.0,0.0,4501.89013671875,,367.7791137695313,142.00872802734375,-0.0003755734629735959,0.2785422124971084,-0.0025479738404268204,0.0,-0.0016025542779931623,0
2023-08-04 04:00:00+00:00,142.8892333792364,144.98819186486472,141.4484140376874,141.6885528564453,10185400,0.0,0.0,4478.02978515625,,366.05718994140625,141.6885528564453,-0.0022571616184415043,0.2761526774475008,-0.005300074155050516,0.0,-0.004681951105043214,0
2023-08-07 04:00:00+00:00,143.2004873447125,143.5295704325341,141.48397345630377,142.20437622070312,13927400,0.0,0.0,4518.43994140625,,369.1565856933594,142.20437622070312,0.003633932930807802,0.12147474693050041,0.00902409277936278,0.0,0.008466971383485733,0
2023-08-08 04:00:00+00:00,140.47007372375705,142.11543491363943,138.94032385328487,141.9909210205078,6451300,0.0,0.0,4499.3798828125,,366.0179138183594,141.9909210205078,-0.001502172924086338,0.11806801227798276,-0.004218283044793103,0.0,-0.00850227788596769,0
2023-08-09 04:00:00+00:00,143.06709271839136,143.5829398862733,141.68853726968925,142.17770385742188,10531500,0.0,0.0,4467.7099609375,,361.99365234375,142.17770385742188,0.001314591742092429,0.037476602479047966,-0.007038730380597102,0.0,-0.010994711796009193,0
2023-08-10 04:00:00+00:00,142.59572607564598,144.50790681054332,141.96425397606254,143.04042053222656,8647100,0.0,0.0,4468.830078125,,362.6627197265625,143.04042053222656,0.0060495405592838405,0.055220713271643226,0.00025071394456976925,0.0,0.0018482848483132308,0
2023-08-11 04:00:00+00:00,142.74688549651813,146.01094037748302,142.46227460014242,145.99314880371094,6682600,0.0,0.0,4464.0498046875,,360.3504638671875,145.99314880371094,0.02043244322198087,0.1356622214134402,-0.0010696923700230787,0.0,-0.006375774882839802,0
2023-08-14 04:00:00+00:00,145.65522312346184,146.08212599315155,144.62352874829728,145.88645935058594,6060100,0.0,0.0,4489.72021484375,,364.3943481445313,145.88645935058594,-0.000731051124477005,0.14372870067458127,0.005750475751703066,0.0,0.011222087059208574,0
2023-08-15 04:00:00+00:00,145.32614460313124,145.33504717780076,141.50178309067883,141.6262969970703,7876500,0.0,0.0,4437.85986328125,,360.527587890625,141.6262969970703,-0.02963676620762658,0.289830424332378,-0.011550909428841738,0.0,-0.01061147153789721,0
2023-08-16 04:00:00+00:00,142.76469985150518,143.92979705609656,140.94145002226827,141.08375549316406,7920500,0.0,0.0,4404.330078125,,356.7099609375,141.08375549316406,-0.00383815265966556,0.2900904465432673,-0.007555395210577687,0.0,-0.0105890009013212,0
2023-08-17 04:00:00+00:00,142.93349747742775,145.59139502508907,142.7449385221838,143.44532775878906,8270500,1.51,0.0,4370.35986328125,,352.81365966796875,143.44532775878906,0.016600246762599573,0.3160042613660554,-0.007712913029036983,0.0,-0.010922883283917995,0
2023-08-18 04:00:00+00:00,142.21517636685178,144.85511166697336,142.01762925586155,144.47796630859375,5999200,0.0,0.0,4369.7099609375,,352.370849609375,144.47796630859375,0.007173042256283578,0.2748234859366043,-0.00014870682600087726,0.0,-0.0012550819574572714,0
2023-08-21 04:00:00+00:00,144.74732041081774,145.5285342634002,143.1759319771054,143.99305725097656,6802300,0.0,0.0,4399.77001953125,,358.048095703125,143.99305725097656,-0.0033619287536053766,0.27464060579304106,0.006879188518795987,0.0,0.016111565698591734,0
2023-08-22 04:00:00+00:00,144.1098036477375,144.79223031235713,142.74493661707746,142.8077850341797,6080800,0.0,0.0,4387.5498046875,,357.5364685058594,142.8077850341797,-0.00826551941324575,0.1602401601870328,-0.002777466728829614,0.0,-0.0014289342783988523,0
2023-08-23 04:00:00+00:00,141.99965847909064,143.14004151723705,140.70662790062886,142.99636840820312,4975600,0.0,0.0,4436.009765625,,363.17431640625,142.99636840820312,0.0013196687250383416,0.15311282542071175,0.011044879965972587,0.0,0.015768595365812876,0
2023-08-24 04:00:00+00:00,141.63146522151516,143.57101059547713,141.47881772005772,141.82003784179688,5989600,0.0,0.0,4376.31005859375,,355.4111328125,141.82003784179688,-0.008260319485021277,0.10502365280361156,-0.013457974663146133,0.0,-0.021375915760149855,0
2023-08-25 04:00:00+00:00,142.834737558047,143.5890007814577,141.55965592140674,142.87962341308594,5291800,0.0,0.0,4405.7099609375,,358.1661682128906,142.87962341308594,0.00744356673244975,0.1065637817874647,0.006717966037625089,0.0,0.007751685712794165,0
2023-08-28 04:00:00+00:00,143.24777935924607,145.28609863244992,142.9694212935836,143.85838317871094,4386100,0.0,0.0,4433.31005859375,,360.8621520996094,143.85838317871094,0.006826884085746457,0.12299699733334027,0.006264619755036449,0.0,0.007527187450927286,0
2023-08-29 04:00:00+00:00,144.48696331338755,144.52287474421686,142.86170046524907,143.63392639160156,5374800,0.0,0.0,4497.6298828125,,368.7433166503906,143.63392639160156,-0.0015614806048282546,0.1028084149699432,0.01450830719454621,0.0,0.02183982028851217,0
2023-08-30 04:00:00+00:00,144.19960864228318,144.79224997704227,143.6069673075241,143.83145141601562,5534900,0.0,0.0,4514.8701171875,,370.7996826171875,143.83145141601562,0.0013742528370351086,0.1028146977148773,0.003833182103508026,0.0,0.005576686746424642,0
2023-08-31 04:00:00+00:00,144.57673756525028,144.78327280617953,143.60696459074245,144.65756225585938,7003700,0.0,0.0,4507.66015625,,371.9114685058594,144.65756225585938,0.005727171980647972,0.06181381974539287,-0.0015969365120942491,0.0,0.002998346386988926,0
2023-09-01 04:00:00+00:00,146.0403369878671,147.88110886211936,146.0403369878671,147.53091430664062,6663000,0.0,0.0,4515.77001953125,,371.5179748535156,147.53091430664062,0.01966843260223859,0.12928938590232755,0.0017991292600010311,0.0,-0.001058030433760515,0
2023-09-05 04:00:00+00:00,148.41093264438945,150.45822661681598,148.3390960855331,149.4705047607422,9755800,0.0,0.0,4496.830078125,,371.990234375,149.4705047607422,0.01306133845684881,0.13785684248889352,-0.004194177587506065,0.0,0.0012711619718281941,0
2023-09-06 04:00:00+00:00,149.30885522457598,150.3504646792149,148.68030251968054,149.62313842773438,7195500,0.0,0.0,4465.47998046875,,368.7137451171875,149.62313842773438,0.001020641419289447,0.12783712204458209,-0.006971599351452862,0.0,-0.00880799804682375,0
2023-09-07 04:00:00+00:00,150.0810634594686,150.76349007324035,149.30883774061803,149.63209533691406,7925900,0.0,0.0,4451.14013671875,,366.0768432617187,149.63209533691406,5.9861336890809955e-05,0.13249501590776186,-0.0032112659361860363,0.0,-0.00715162342166209,0
2023-09-08 04:00:00+00:00,150.33251038714815,151.2933089114685,149.6949832161849,150.14395141601562,7434400,0.0,0.0,4457.490234375,,366.5885009765625,150.14395141601562,0.003414926456417556,0.1358661540218213,0.0014266227216406246,0.0,0.0013976784499258876,0
2023-09-11 04:00:00+00:00,150.92515827644704,151.38310092771914,146.2469034017111,147.0460662841797,7155100,0.0,0.0,4487.4599609375,,370.9078979492187,147.0460662841797,-0.02084859623875077,0.19696584949184542,0.006723453106275201,0.0,0.011782685384701619,0
2023-09-12 04:00:00+00:00,148.42886545234373,150.12596442349923,148.24928094191742,149.7847442626953,7521100,0.0,0.0,4461.89990234375,,366.795166015625,149.7847442626953,0.01845331142447152,0.2226698326328907,-0.005695885604828921,0.0,-0.011088283523573716,0
2023-09-13 04:00:00+00:00,150.32353912441607,150.62883421839516,148.68031383422652,149.23703002929688,5759500,0.0,0.0,4467.43994140625,,368.1922912597656,149.23703002929688,-0.003663377673666557,0.22435052655582535,0.0012416323054647016,0.0,0.003809006697981232,0
2023-09-14 04:00:00+00:00,150.5839269431845,151.30227878154145,150.06312220291127,150.16189575195312,8822800,0.0,0.0,4505.10009765625,,371.2030944824219,150.16189575195312,0.00617816955800844,0.22948714531610473,0.00842991886716793,0.0,0.008177257629036205,0
2023-09-15 04:00:00+00:00,149.24599793514338,151.18552992335177,148.94967731299835,149.5063934326172,17439700,0.0,0.0,4450.31982421875,,364.8469848632813,149.5063934326172,-0.004374859726483522,0.23035773100000512,-0.012159612938677844,0.0,-0.017122997393119954,0
2023-09-18 04:00:00+00:00,150.73656143629617,151.17655515329656,149.41659398671555,150.1529083251953,7027600,0.0,0.0,4453.52978515625,,365.2273559570313,150.1529083251953,0.004315006355031382,0.14688048970028073,0.0007212876971294246,0.0,0.0010425496428112524,0
2023-09-19 04:00:00+00:00,151.47286337402215,151.7153099901877,149.44351874483243,150.1349334716797,6615100,0.0,0.0,4443.9501953125,,364.4488525390625,150.1349334716797,-0.00011971749125459467,0.07457322456757522,-0.002151010615372817,0.0,-0.0021315583437852004,0
2023-09-20 04:00:00+00:00,150.0182221268239,151.31123887160936,149.59619097559224,149.677001953125,5939100,0.0,0.0,4402.2001953125,,359.197021484375,149.677001953125,-0.0030547941596453946,0.07254726478212004,-0.0093947947580596,0.0,-0.014410337741767476,0
2023-09-21 04:00:00+00:00,150.06311923067082,150.73657149677507,148.20439810096218,148.33010864257812,7150000,0.0,0.0,4330.0,,352.61492919921875,148.33010864257812,-0.009039398282436778,0.07884951523482259,-0.01640093410321941,0.0,-0.018324462318634716,0
2023-09-22 04:00:00+00:00,149.26392308383998,150.3324692996191,149.00352762773286,149.30882263183594,5963000,0.0,0.0,4320.06005859375,,352.6641845703125,149.30882263183594,0.006576542339989809,0.0980426885167458,-0.002295598477193961,0.0,0.00013968600593750047,0
2023-09-25 04:00:00+00:00,149.353736826635,151.55367787999648,149.0484417925923,151.49082946777344,5510000,0.0,0.0,4337.43994140625,,354.33929443359375,151.49082946777344,0.014508295437885867,0.1439818070099545,0.0040230650909416354,0.0,0.004749872361782925,0
2023-09-26 04:00:00+00:00,150.35046368147246,151.22146303155515,149.93740693447003,150.67372131347656,5659200,0.0,0.0,4273.52978515625,,349.0184326171875,150.67372131347656,-0.005408378606441092,0.15297871809248326,-0.014734533990868215,0.0,-0.015016290600543103,0
2023-09-27 04:00:00+00:00,152.0834861618129,153.75364844108583,151.58064396184642,153.58303833007812,9124400,0.0,0.0,4274.509765625,,349.8362731933594,153.58303833007812,0.019124674132426793,0.19405288732049447,0.00022931406074522265,0.0,0.0023432589793013214,0
2023-09-28 04:00:00+00:00,153.1430436535897,154.17566495138718,152.13734564812793,153.178955078125,7151800,0.0,0.0,4299.7001953125,,352.7627258300781,153.178955078125,-0.002634508148677532,0.16814010605864027,0.005893173970516585,0.0,0.00836520641500571,0
2023-09-29 04:00:00+00:00,153.0891537396433,153.0981281694882,150.69166563476654,151.41000366210938,7396100,0.0,0.0,4288.0498046875,,353.01898193359375,151.41000366210938,-0.011615465721783038,0.21124074199594545,-0.002709582086142026,0.0,0.0007264262484441009,0
2023-10-02 04:00:00+00:00,151.1586162044096,151.3651514495179,148.3660333430436,149.54232788085938,6839600,0.0,0.0,4288.39013671875,,355.96514892578125,149.54232788085938,-0.012411930812023438,0.2035099625095909,7.936755559079245e-05,0.0,0.008345633359573057,0
2023-10-03 04:00:00+00:00,148.9855910893805,150.2786215695557,148.6174339134988,149.8925018310547,6168600,0.0,0.0,4229.4501953125,,349.7180480957031,149.8925018310547,0.0023389003220929704,0.20417955790962133,-0.013744071674259506,0.0,-0.017549754095114056,0
2023-10-04 04:00:00+00:00,147.89009834451826,148.14151939961138,145.00773064097936,146.39952087402344,9664700,0.0,0.0,4263.75,,354.47723388671875,146.39952087402344,-0.023579053913620685,0.1584345283622299,0.008109754957160709,0.0,0.013608636491397874,0
2023-10-05 04:00:00+00:00,144.94487475963354,147.93500425924117,144.91793776695943,147.1717529296875,8073000,0.0,0.0,4258.18994140625,,353.4327697753906,147.1717529296875,0.0052609632188720685,0.18749225993210777,-0.001304030159777203,0.0,-0.0029464913723116215,0
2023-10-06 04:00:00+00:00,147.53991995154644,147.59379394049256,142.76290567889723,145.67221069335938,10190400,0.0,0.0,4308.5,,359.3547058105469,145.67221069335938,-0.010241326639266827,0.1860719124305752,0.011814893014644445,0.0,0.01675548093324708,0
2023-10-09 04:00:00+00:00,149.398653904753,151.0239165017535,148.11459780288908,149.70394897460938,8183500,0.0,0.0,4335.66015625,,361.18743896484375,149.70394897460938,0.027300704950521934,0.30110345731204957,0.00630385429964031,0.0,0.0051000672167713645,0
2023-10-10 04:00:00+00:00,149.74886312596763,150.31455376314324,148.7701019985755,149.54232788085938,6512900,0.0,0.0,4358.240234375,,363.1876525878906,149.54232788085938,-0.0010801879385995204,0.30056269921761675,0.005207990781392224,0.0,0.005537882570832098,0
2023-10-11 04:00:00+00:00,148.22237092737913,148.23134535903688,144.10083236036527,144.65756225585938,12570700,0.0,0.0,4376.9501953125,,365.7791442871094,144.65756225585938,-0.033210172658336395,0.35079763001583547,0.00429300817103373,0.0,0.007135406946665368,0
2023-10-12 04:00:00+00:00,146.59707101287736,146.59707101287736,144.4779408603178,144.77426147460938,7397000,0.0,0.0,4349.60986328125,,364.5080261230469,144.77426147460938,0.0008064021680120393,0.34606723466946143,-0.00624643434611849,0.0,-0.0034750974294608383,0
2023-10-13 04:00:00+00:00,146.73177656315656,148.01581891728043,145.7350667051735,147.3154296875,8042800,0.0,0.0,4327.77978515625,,359.9261779785156,147.3154296875,0.017400356162898152,0.3661190223327688,-0.005018858888767519,0.0,-0.01256995132113925,0
2023-10-16 04:00:00+00:00,148.46478751217717,148.8868186777008,147.12687116742515,148.51866149902344,5446000,0.0,0.0,4373.6298828125,,363.99560546875,148.51866149902344,0.008134548939913099,0.3033898850210016,0.01059436938392988,0.0,0.011306283730430078,0
2023-10-17 04:00:00+00:00,148.00685374562977,151.03289493286638,147.84521807403456,150.4851531982422,7538300,0.0,0.0,4373.2001953125,,362.8033752441406,150.4851531982422,0.013153812469695925,0.3212021227416252,-9.824505308242415e-05,0.0,-0.0032753973034208572,0
2023-10-18 04:00:00+00:00,151.27534420794746,152.3798021275151,150.47618137160632,151.67941284179688,6893500,0.0,0.0,4314.60009765625,,358.0441589355469,151.67941284179688,0.007904737989614493,0.09905741502344366,-0.013399820506516447,0.0,-0.013117894246135742,0
2023-10-19 04:00:00+00:00,151.481866417093,152.80183400793908,150.41331991960598,151.84104919433594,6580200,0.0,0.0,4278.0,,354.69403076171875,151.84104919433594,0.0010650772388433932,0.09763731724106108,-0.008482848196321058,0.0,-0.009356745781827436,1
2023-10-20 04:00:00+00:00,151.2214447541064,151.84102294901376,149.14721424170838,149.80270385742188,7458300,0.0,0.0,4224.16015625,,349.40277099609375,149.80270385742188,-0.013515124002858927,0.164476594098857,-0.012585283719027562,0.0,-0.014917814529502582,1
2023-10-23 04:00:00+00:00,146.6330289035822,147.64768780195135,143.8943199183615,144.28042602539062,16232400,0.0,0.0,4217.0400390625,,350.45709228515625,144.28042602539062,-0.037560311903603955,0.3236255274113513,-0.0016855698941634634,0.0,0.0030174954996973202,1
2023-10-24 04:00:00+00:00,144.46895173074827,144.63956179750429,140.50007545166466,140.6616973876953,17689900,0.0,0.0,4247.68017578125,,353.8663330078125,140.6616973876953,-0.02540111068299863,0.29601164079917686,0.007265792222727274,0.0,0.009727983247325156,1
2023-10-25 04:00:00+00:00,140.92211733436582,141.3441484681805,139.33276633471107,139.96131896972656,10502400,0.0,0.0,4186.77001953125,,345.20513916015625,139.96131896972656,-0.004991606756184203,0.24743001562526779,-0.014339628627712542,0.0,-0.024475891148042717,1
2023-10-26 04:00:00+00:00,139.18910120614623,139.34174873327808,137.94995842665818,138.9556427001953,10830400,0.0,0.0,4137.22998046875,,338.623046875,138.9556427001953,-0.00721132642279906,0.21631913091456684,-0.011832519778109618,0.0,-0.01906719089168174,1
2023-10-27 04:00:00+00:00,135.33694515666582,135.81285024654017,129.26690137733132,129.61709594726562,24524300,0.0,0.0,4117.3701171875,,340.2488098144531,129.61709594726562,-0.06957007654541775,0.4187454156320874,-0.004800280229768528,0.0,0.004801099495313599,0
2023-10-30 04:00:00+00:00,130.79341359488106,131.49380286015068,129.59018215982002,131.1795196533203,13857100,0.0,0.0,4166.81982421875,,344.0818176269531,131.1795196533203,0.011982075729989982,0.4952615203937968,0.012010022325859904,0.0,0.011265308509353034,0
2023-10-31 04:00:00+00:00,131.18850797796117,131.565639605857,129.50935766393687,130.85626220703125,14261300,0.0,0.0,4193.7998046875,,345.72735595703125,130.85626220703125,-0.002467278384492733,0.5033948033630468,0.006474957307233353,0.0,0.004782404200916579,0
2023-11-01 04:00:00+00:00,131.08072348581226,131.10766047587262,129.14119169436984,129.28485107421875,10819600,0.0,0.0,4237.85986328125,,351.7281494140625,129.28485107421875,-0.0120813678889154,0.4974825886356304,0.010505999486313922,0.0,0.017357010816861917,0
2023-11-02 04:00:00+00:00,129.78767400657958,133.79247492213412,129.1501470673281,133.57696533203125,11099100,0.0,0.0,4317.77978515625,,358.1131286621094,133.57696533203125,0.032659713209608456,0.6091853411380328,0.01885855702012762,0.0,0.01815316533147393,0
2023-11-03 04:00:00+00:00,133.16396610347817,133.3974246266267,131.23339469158762,132.5443878173828,13160000,0.0,0.0,4358.33984375,,362.3204956054687,132.5443878173828,-0.00776023933708751,0.28867428302983783,0.009393730253031363,0.0,0.011748709015717562,0
2023-11-06 05:00:00+00:00,133.55003823426418,134.0888053987042,131.71825453772075,131.99661254882812,10634200,0.0,0.0,4365.97998046875,,363.798583984375,131.99661254882812,-0.004141331972640164,0.28489812551785143,0.0017529924220356374,0.0,0.004079505291127106,0
2023-11-07 05:00:00+00:00,130.34444224441634,130.7485108566413,128.62040611788103,129.67098999023438,15054600,0.0,0.0,4378.3798828125,,367.2374267578125,129.67098999023438,-0.017775863526694604,0.3164378086010598,0.0028401189192852616,0.0,0.009452600765442298,0
2023-11-08 05:00:00+00:00,129.1950440948107,129.88644499276649,127.73140393938232,127.8660888671875,12654100,0.0,0.0,4382.77978515625,,367.4739074707031,127.8660888671875,-0.01401686065602508,0.3206621234346115,0.0010049156221052513,0.0,0.0006439450221029652,0
2023-11-09 05:00:00+00:00,128.4498044319309,129.22203028201375,127.30942137044784,127.45309448242188,10359500,0.0,0.0,4347.35009765625,,364.6460266113281,127.45309448242188,-0.003235125066189477,0.10034195405978141,-0.008083839306732843,0.0,-0.007695460281354705,0
2023-11-10 05:00:00+00:00,128.66531098112927,128.80000967271712,127.26453227772424,128.36001586914062,11988200,0.0,0.0,4415.240234375,,372.8440551757813,128.36001586914062,0.007090529372304343,0.15564669554333513,0.015616441094852496,0.0,0.022482155203054965,0
2023-11-13 05:00:00+00:00,128.53955943095693,129.5721942647894,128.2701895365317,129.3028106689453,8747700,0.0,0.0,4411.5498046875,,371.6813354492187,129.3028106689453,0.007318083248803822,0.1847384737960875,-0.0008358389332403515,0.0,-0.0031185148600919588,0
2023-11-14 05:00:00+00:00,129.73382102384608,130.6497198031937,129.1771049527815,130.2456512451172,11224400,0.0,0.0,4495.7001953125,,379.6823120117187,130.2456512451172,0.007265269202269829,0.15052387779284476,0.019075017703661823,0.0,0.0215264416030736,0
2023-11-15 05:00:00+00:00,130.07507576017673,131.6734015581508,129.6710070946526,130.70362854003906,10052100,0.0,0.0,4502.8798828125,,379.9681091308594,130.70362854003906,0.003510090278975822,0.07233380966332381,0.0015970120755575135,0.0,0.0007527269775260415,0
2023-11-16 05:00:00+00:00,129.76905869384083,130.21365084587913,127.70030406809768,128.63487243652344,14031300,1.51,0.0,4508.240234375,,380.2932739257813,128.63487243652344,-0.01595443775612314,0.16001827613801803,0.0011904273935798848,0.0,0.0008557686477048687,0
2023-11-17 05:00:00+00:00,129.70553201687702,131.737998686441,129.20648731619767,131.0756378173828,11075600,0.0,0.0,4514.02001953125,,380.3818664550781,131.0756378173828,0.01879659965030806,0.2006187914137278,0.0012820490603360213,0.0,0.00023295844384074726,0
2023-11-20 05:00:00+00:00,131.22985843515372,132.19164592640476,130.90321232066813,131.00302124023438,8062400,0.0,0.0,4547.3798828125,,385.0129699707031,131.00302124023438,-0.0005541586580752173,0.20066312237834694,0.007390278097329839,0.0,0.012174879835319175,0
2023-11-21 05:00:00+00:00,130.50398354238698,130.93043859898629,129.47867493672763,130.69451904296875,6783300,0.0,0.0,4538.18994140625,,382.7762756347656,130.69451904296875,-0.0023577014888189534,0.19822098928406623,-0.0020209310950652926,0.0,-0.0058093999693249465,0
2023-11-22 05:00:00+00:00,128.60764172418308,131.01211083948004,127.6821419432753,130.95767211914062,7216100,0.0,0.0,4556.6201171875,,384.343017578125,130.95767211914062,0.002011473045420015,0.19715953703993064,0.00406112922094648,0.0,0.004093100965469221,0
2023-11-24 05:00:00+00:00,130.93042207717986,132.41847341295124,130.83968166784737,131.47482299804688,3861000,0.0,0.0,4559.33984375,,383.8010559082031,131.47482299804688,0.0039412158017376065,0.13361549718627555,0.0005968736678840791,0.0,-0.0014100989093985827,0
2023-11-27 05:00:00+00:00,131.24800361070223,131.40226509648645,129.61478678167254,130.98487854003906,9850800,0.0,0.0,4550.43017578125,,383.466064453125,130.98487854003906,-0.0037334876496843347,0.049750837249729264,-0.001954157460090089,0.0,-0.0008728257776295933,0
2023-11-28 05:00:00+00:00,131.36595955804503,132.94475147110626,130.71266730747104,132.0283203125,9746500,0.0,0.0,4554.89013671875,,384.4710388183594,132.0283203125,0.007934561849834354,0.07524853666476018,0.0009801185306033133,0.0,0.0026207648039666687,0
2023-11-29 05:00:00+00:00,132.8268052635597,132.9175456918145,129.80533175727538,130.5765838623047,16417100,0.0,0.0,4550.580078125,,384.0966491699219,130.5765838623047,-0.011056543242763896,0.11734245557330207,-0.0009462486392383118,0.0,-0.0009737785441217284,0
2023-11-30 05:00:00+00:00,131.5474353714139,132.48200360044618,128.87075897238816,130.29530334472656,16276000,0.0,0.0,4567.7998046875,,383.1309814453125,130.29530334472656,-0.002156465609183502,0.1161620403123526,0.0037840728581564065,0.0,-0.0025141269175252834,0
2023-12-01 05:00:00+00:00,130.19549516004687,132.9356787962629,129.3879552144655,131.3931884765625,11906500,0.0,0.0,4594.6298828125,,384.2247924804687,131.3931884765625,0.008390828084658892,0.13141430566586906,0.005873742123607695,0.0,0.002854927134918528,0
2023-12-04 05:00:00+00:00,130.65825788376063,132.20074843699,129.97774612394937,131.44764709472656,11842800,0.0,0.0,4569.77978515625,,380.6578674316406,131.44764709472656,0.00041438476502307604,0.1274775515133728,-0.005408509126972105,0.0,-0.009283432820148874,0
2023-12-05 05:00:00+00:00,131.347812845539,131.62910261524394,129.41516923462785,129.6238555908203,9597600,0.0,0.0,4567.18017578125,,381.6136169433594,129.6238555908203,-0.013971813497957519,0.1431183436354938,-0.0005688697261614362,0.0,0.002510783549982465,0
2023-12-06 05:00:00+00:00,128.7527981587778,130.685455667939,128.25376736001996,129.32443237304688,18079700,0.0,0.0,4549.33984375,,379.4063720703125,129.32443237304688,-0.0023126111670790906,0.12729795017046217,-0.003906202808869552,0.0,-0.0057839782833915,0
2023-12-07 05:00:00+00:00,130.21363158103696,130.6673060168437,127.92712239300336,129.22462463378906,14786700,0.0,0.0,4585.58984375,,384.7074890136719,129.22462463378906,-0.0007720604002274682,0.12752003930636888,0.007968189065892917,0.0,0.01397213471780323,0
2023-12-08 05:00:00+00:00,130.2136474641046,131.2661756063713,129.8597819148137,130.9395294189453,10821700,0.0,0.0,4604.3701171875,,386.4220275878906,130.9395294189453,0.013183442809930902,0.15324003693493665,0.00409549786994079,0.0,0.004456733032711657,0
2023-12-11 05:00:00+00:00,131.42040690445688,131.9285200560494,130.49492102621838,130.97581481933594,9849600,0.0,0.0,4622.43994140625,,389.7229614257813,130.97581481933594,0.0002770773184618065,0.15318068579275446,0.003924494286698943,0.0,0.00854230246266141,0
2023-12-12 05:00:00+00:00,129.9051174288926,130.28620223824197,128.61668387965153,129.2971954345703,9863900,0.0,0.0,4643.7001953125,,392.8268127441406,129.2971954345703,-0.012899091289091906,0.1474145702304033,0.00459935752021523,0.0,0.007964250571749876,0
2023-12-13 05:00:00+00:00,128.99778232369314,131.27522291732475,128.52595705246685,131.2117156982422,10641300,0.0,0.0,4707.08984375,,397.822509765625,131.2117156982422,0.014698573835780347,0.18011281055691575,0.013650676351045998,0.0,0.012717301516631085,0
2023-12-14 05:00:00+00:00,132.33684691051766,136.038818359375,132.33684691051766,136.038818359375,14960500,0.0,0.0,4719.5498046875,,397.47760009765625,136.038818359375,0.036128105118164056,0.289835543469068,0.0026470624846992585,0.0,-0.0008669938465069027,0
2023-12-15 05:00:00+00:00,133.67064090242403,135.9390130558452,133.67064090242403,135.51255798339844,30850900,0.0,0.0,4719.18994140625,,399.3990783691406,135.51255798339844,-0.0038759592523580884,0.3040167647840308,-7.62494933082003e-05,0.0,0.004834180016716205,0
2023-12-18 05:00:00+00:00,136.8554100256849,138.02588379059165,135.48531843342306,135.81195068359375,11561700,0.0,0.0,4740.56005859375,,401.9147033691406,135.81195068359375,0.002206898471352511,0.30168163789316044,0.004528344366900416,0.0,0.006298524799486227,0
2023-12-19 05:00:00+00:00,136.06606857859506,137.76280685857105,135.63961342078596,137.5904083251953,8738100,0.0,0.0,4768.3701171875,,403.9683532714844,137.5904083251953,0.013010002789655755,0.24302506289392367,0.005866407818910568,0.0,0.005109666019004866,0
2023-12-20 05:00:00+00:00,138.0531507513847,138.87884169971932,136.15679458260982,136.32919311523438,9370000,0.0,0.0,4698.35009765625,,397.9654235839844,136.32919311523438,-0.009208717564963836,0.28468347739070576,-0.014684266911006771,0.0,-0.014859900878091192,0
2023-12-21 05:00:00+00:00,136.8100587338593,136.8282095875035,135.3945967405993,136.74655151367188,7264700,0.0,0.0,4746.75,,402.5959167480469,136.74655151367188,0.0030567249681779456,0.13231967498897618,0.010301467821202559,0.0,0.011635415766428459,0
2023-12-22 05:00:00+00:00,137.68112666530354,138.27089791055084,136.78284627272896,137.0550537109375,6396100,0.0,0.0,4754.6298828125,,403.1982421875,137.0550537109375,0.002253473478097815,0.12492834468427112,0.0016600585268868873,0.0,0.001496104193799086,0
2023-12-26 05:00:00+00:00,137.98055194232865,138.8334482665835,137.8262904478422,138.28904724121094,5165600,0.0,0.0,4774.75,,405.6664733886719,138.28904724121094,0.00896334286979579,0.1336394118944075,0.0042316894655107795,0.0,0.006121631849833387,0
2023-12-27 05:00:00+00:00,138.16201907834792,138.79716053105827,137.3181774129257,137.8353729248047,5337200,0.0,0.0,4781.580078125,,406.4923095703125,137.8353729248047,-0.003286016675823953,0.10932937898503003,0.0014304577464787638,0.0,0.002035751623105986,0
2023-12-28 05:00:00+00:00,137.17299764450536,137.93518122933867,135.55791773850646,135.89364624023438,8148000,0.0,0.0,4783.35009765625,,406.2947998046875,135.89364624023438,-0.014187456340923119,0.13857207357080728,0.0003701746080437829,0.0,-0.0004858880745709504,0
2023-12-29 05:00:00+00:00,136.1295532909601,136.31102030052674,134.8955582428435,135.3401641845703,7658600,0.0,0.0,4769.830078125,,404.536376953125,135.3401641845703,-0.00408122293491091,0.13581370027729853,-0.0028264750133749628,0.0,-0.004327948210038124,0
2024-01-02 05:00:00+00:00,136.0932652183389,137.4452062058254,135.4127535497237,135.63050842285156,8879700,0.0,0.0,4742.830078125,,397.6907653808594,135.63050842285156,0.0021429946392557534,0.13559434315041433,-0.005660579005492328,0.0,-0.016922116186003366,0
2024-01-03 05:00:00+00:00,135.54883820558547,138.9967664534461,134.9046144585069,138.21644592285156,10255300,0.0,0.0,4704.81005859375,,393.4825744628906,138.21644592285156,0.018886566573146177,0.1927916129362879,-0.008016314922730805,0.0,-0.010581565588878239,0
2024-01-04 05:00:00+00:00,139.42324936728477,140.0493223866748,136.63768131754583,136.70120239257812,8220300,0.0,0.0,4688.68017578125,,391.4575500488281,136.70120239257812,-0.011023365602100198,0.2080553938877098,-0.0034283812973570083,0.0,-0.0051464144678495805,0
2024-01-05 05:00:00+00:00,137.8988839402379,137.94425415490335,135.94808931503582,136.46527099609375,7455400,0.0,0.0,4697.240234375,,391.92181396484375,136.46527099609375,-0.0017273822239085306,0.17729161967780901,0.0018256861788026324,0.0,0.001185987895642171,0
2024-01-08 05:00:00+00:00,134.66872786630074,135.8301334006285,132.99920914133537,135.64866638183594,10038200,0.0,0.0,4763.5400390625,,400.02203369140625,135.64866638183594,-0.006001949576939983,0.18113290651500918,0.014114629309846638,0.0,0.02066794814153705,0
2024-01-09 05:00:00+00:00,136.05696211954262,136.05696211954262,132.10092043927142,132.2007293701172,11784700,0.0,0.0,4756.5,,400.8123168945313,132.2007293701172,-0.025746763165311205,0.25706362390467374,-0.0014779006799081618,0.0,0.0019755991834558007,0
2024-01-10 05:00:00+00:00,132.4910974977844,132.4910974977844,130.75805768122973,131.11192321777344,8490400,0.0,0.0,4783.4501953125,,403.5288391113281,131.11192321777344,-0.008270110436032645,0.14525106441289531,0.00566597189372442,0.0,0.006777541762798656,0
2024-01-11 05:00:00+00:00,132.07369768616945,132.6271810438998,131.22078754359697,131.81964111328125,8612500,0.0,0.0,4780.240234375,,404.3685607910156,131.81964111328125,0.0053832989313459395,0.1835592728157727,-0.0006710555783868699,0.0,0.0020809458910961975,0
2024-01-12 05:00:00+00:00,134.13337250363918,134.7412945279831,132.62717019822634,133.62525939941406,9386900,0.0,0.0,4783.830078125,,404.5759582519531,133.62525939941406,0.013604677522928732,0.23717941103358503,0.0007509755941104146,0.0,0.0005128921509915951,0
2024-01-16 05:00:00+00:00,132.9356695776448,132.9991906401613,130.27714420179134,130.376953125,9380400,0.0,0.0,4765.97998046875,,404.536376953125,130.376953125,-0.024609416559178452,0.2791321185701787,-0.0037313402367431525,0.0,-9.783403591046014e-05,0
2024-01-17 05:00:00+00:00,129.22464544390215,130.6764094102913,128.87984838674907,129.8597869873047,8167000,0.0,0.0,4739.2099609375,,402.2545166015625,129.8597869873047,-0.003974587279973664,0.23004933961271484,-0.005616897183990499,0.0,-0.0056406802492001695,0
2024-01-18 05:00:00+00:00,129.75088656335765,129.92328506141124,126.68404299599122,128.6802215576172,11187800,0.0,0.0,4780.93994140625,,407.9641723632813,128.6802215576172,-0.009124882611982021,0.23122582694832258,0.008805260963896,0.0,0.014194137109899252,0
2024-01-19 05:00:00+00:00,128.5985530243257,129.07037831904665,127.9452607224183,129.06130981445312,11192500,0.0,0.0,4839.81005859375,,416.0545349121094,129.06130981445312,0.0029571371948827366,0.2257693795065732,0.012313502764936146,0.0,0.019831061394341765,0
2024-01-22 05:00:00+00:00,128.76186776385788,129.44237934394937,127.8635874939214,129.2881317138672,9184600,0.0,0.0,4850.43017578125,,416.5978698730469,129.2881317138672,0.001755931472908582,0.17726348794611257,0.0021943252026270788,0.0,0.001305922458103348,0
2024-01-23 05:00:00+00:00,128.83447483336815,130.05031903219864,128.75280291042637,128.92520141601562,6767200,0.0,0.0,4864.60009765625,,418.3265075683594,128.92520141601562,-0.002811090600542648,0.07683747546468163,0.002921374261968035,0.0,0.004149415588320826,0
2024-01-24 05:00:00+00:00,129.4786806223801,131.54743493266275,129.0431570425956,131.4929962158203,8100000,0.0,0.0,4868.5498046875,,420.64794921875,131.4929962158203,0.019721187274658977,0.1703604454372061,0.0008119284117831249,0.0,0.005549353455712502,0
2024-01-25 05:00:00+00:00,132.6725344834427,134.9136869892018,131.77425424247653,134.8048095703125,9773600,0.0,0.0,4894.16015625,,421.16162109375,134.8048095703125,0.02487428766348266,0.19360766335668736,0.005260365527706368,0.0,0.0012211443701413138,1
2024-01-26 05:00:00+00:00,134.31484845356556,135.43088365660068,133.36212939705257,135.32200622558594,9151900,0.0,0.0,4890.97021484375,,418.6524963378906,135.32200622558594,0.0038292924435610297,0.19189917454981906,-0.0006517852510764532,0.0,-0.005957629162275602,1
2024-01-29 05:00:00+00:00,135.27661611032394,135.39457587326362,133.48006953769308,135.26754760742188,10494800,0.0,0.0,4927.93017578125,,422.9396667480469,135.26754760742188,-0.00040251826523178525,0.19788664090155708,0.007556774896180896,0.0,0.010240403312192559,1
2024-01-30 05:00:00+00:00,134.45093801900674,136.38359538595512,134.02449682209448,136.21119689941406,9902900,0.0,0.0,4924.97021484375,,420.1244201660156,136.21119689941406,0.00695194825818288,0.17141124694126805,-0.0006006499345398986,0.0,-0.006656378683223219,1
2024-01-31 05:00:00+00:00,136.43803929709816,136.44712164623724,133.68877344656934,133.7704315185547,10428000,0.0,0.0,4845.64990234375,,411.8957214355469,133.7704315185547,-0.0180814664563397,0.24462358053652378,-0.016105744611597972,0.0,-0.019586337607361948,1
2024-02-01 05:00:00+00:00,134.46002785769048,135.21312906213694,132.94475694454326,134.1878204345703,8641100,0.0,0.0,4906.18994140625,,416.7459716796875,134.1878204345703,0.003115330470671522,0.15786775599160738,0.012493688211609788,0.0,0.01177543244983581,1
2024-02-02 05:00:00+00:00,136.88266539938328,139.16918866755714,135.69404047056506,138.1348114013672,12839100,0.0,0.0,4958.60986328125,,423.7892150878906,138.1348114013672,0.028989638921840397,0.26809670137449504,0.01068444607751462,0.0,0.01690056746035351,0
2024-02-05 05:00:00+00:00,137.572222175773,139.2871108732949,136.81912100188163,138.21644592285156,8277800,0.0,0.0,4942.81005859375,,423.2360534667969,138.21644592285156,0.0005908026230772135,0.26713333098246994,-0.0031863375266721894,0.0,-0.0013052753619013924,0
2024-02-06 05:00:00+00:00,138.3707006723482,139.31433739167105,137.7446277459022,138.23460388183594,6198200,0.0,0.0,4954.22998046875,,422.3865356445313,138.23460388183594,0.0001313647318272512,0.2672773149896225,0.0023104108269635937,0.0,-0.0020071962568098956,0
2024-02-07 05:00:00+00:00,138.8425129979836,139.5320930806366,137.16391223140434,138.03497314453125,6252000,0.0,0.0,4995.06005859375,,426.7329406738281,138.03497314453125,-0.001445188241127654,0.20322997067747509,0.008241457963390042,0.0,0.01029011263975188,0
2024-02-08 05:00:00+00:00,137.87167172910273,140.00394732352513,137.5994642720419,139.7861785888672,9237000,0.0,0.0,4997.91015625,,427.5233154296875,139.7861785888672,0.012606877677210238,0.20509146491500588,0.0005705832608251526,0.0,0.00185215313964604,0
2024-02-09 05:00:00+00:00,140.11281851026197,140.9294408449704,136.9915360114739,137.0459747314453,9194500,0.0,0.0,5026.60986328125,,431.73138427734375,137.0459747314453,-0.019797507795937294,0.18458243648961817,0.0057423415255595245,0.0,0.009842899078911893,0
2024-02-12 05:00:00+00:00,137.57222221999177,138.47050252661828,137.36353587018547,137.98960876464844,6713000,0.0,0.0,5021.83984375,,430.0422058105469,137.98960876464844,0.006861932000773378,0.19434557769177213,-0.0009489536011326738,0.0,-0.003912568157685148,0
2024-02-13 05:00:00+00:00,138.47957850211404,138.88789656491207,135.73939491494264,136.64674377441406,6987100,0.0,0.0,4953.169921875,,423.3348693847656,136.64674377441406,-0.009779300371890533,0.2052956346001332,-0.013674255653625456,0.0,-0.015596925918327509,0
2024-02-14 05:00:00+00:00,137.2637258464557,138.0984850840307,136.1749100515772,137.01873779296875,5995100,0.0,0.0,5000.6201171875,,427.947998046875,137.01873779296875,0.0027186055437881155,0.20850452967194608,0.009579763275017639,0.0,0.010897114780111572,0
2024-02-15 05:00:00+00:00,137.5049016958844,142.25624827895925,137.2847567359898,141.6783905029297,8950300,1.63,0.0,5029.72998046875,,429.2223205566406,141.6783905029297,0.03344194463633645,0.3198880139806843,0.005821250684729495,0.0,0.0029777508379091877,0
2024-02-16 05:00:00+00:00,142.51307586241984,142.87998412580845,141.33899741181452,141.83432006835938,7570200,0.0,0.0,5005.56982421875,,425.3302917480469,141.83432006835938,0.0010999830013820927,0.25520396620323743,-0.0048034698371121065,0.0,-0.0090676291101226,0
2024-02-20 05:00:00+00:00,142.60482805727847,142.7332424699123,141.1005389395158,141.2564697265625,6977900,0.0,0.0,4975.509765625,,422.1198425292969,141.2564697265625,-0.004082443973326539,0.26678677807005136,-0.006005322001165325,0.0,-0.007548132077674352,0
2024-02-21 05:00:00+00:00,141.77928306143855,142.69653269812935,141.34817461250435,142.57728576660156,6628900,0.0,0.0,4981.7998046875,,420.4306335449219,142.57728576660156,0.009307036592058343,0.2340150331871545,0.001264199922982101,0.0,-0.004001728452880715,0
2024-02-22 05:00:00+00:00,142.0085911504996,143.66881070302466,141.10050899919813,142.56809997558594,8874900,0.0,0.0,5087.02978515625,,432.7389526367187,142.56809997558594,-6.442882457938726e-05,0.2391227132106615,0.02112288421741404,0.0,0.02927550494600606,0
2024-02-23 05:00:00+00:00,142.05446152973934,142.1003268155678,140.56852144251494,141.86184692382812,6561600,0.0,0.0,5088.7998046875,,431.4646911621094,141.86184692382812,-0.004966105087988236,0.0900899942499289,0.0003479475462115911,0.0,-0.00294464241512149,0
2024-02-26 05:00:00+00:00,141.75176908848303,142.67820028619187,141.10052960894785,141.66921997070312,6900800,0.0,0.0,5069.52978515625,,431.2374572753906,141.66921997070312,-0.0013587716144930957,0.09033438141105725,-0.003786751350190576,0.0,-0.0005266569695581147,0
2024-02-27 05:00:00+00:00,140.52264380638766,141.14638084737092,137.49571715730409,139.56871032714844,15093800,0.0,0.0,5078.18017578125,,432.2747497558594,139.56871032714844,-0.014937876268591627,0.1391572684504473,0.0017063496993998672,0.0,0.002405385856373732,0
2024-02-28 05:00:00+00:00,139.75214407620138,141.12801842166303,139.22013764975543,139.73379516601562,6715900,0.0,0.0,5069.759765625,,429.9730529785156,139.73379516601562,0.0011821222856559044,0.10345426857954901,-0.001658155060430544,0.0,-0.0053246153716906,0
2024-02-29 05:00:00+00:00,140.25665495365288,140.5593490341173,138.9449806049738,139.43112182617188,9334400,0.0,0.0,5096.27001953125,,433.65765380859375,139.43112182617188,-0.002168420457008218,0.09937239449097876,0.005229094697149161,0.0,0.008569376161027042,0
2024-03-01 05:00:00+00:00,140.38507722988282,141.5775047057476,139.6512746296491,140.16493225097656,7459100,0.0,0.0,5137.080078125,,440.1872253417969,140.16493225097656,0.0052490877391750375,0.12028961128353022,0.00800782894888763,0.0,0.015056972881389852,0
2024-03-04 05:00:00+00:00,139.8805742031362,139.96312331408913,135.45025663244684,136.5601348876953,12503200,0.0,0.0,5130.9501953125,,438.6165161132813,136.5601348876953,-0.02605475047596652,0.20480981656167974,-0.0011932620709189656,0.0,-0.003568275356687023,0
2024-03-05 05:00:00+00:00,136.51429044898802,138.15616144514817,136.02814917099036,137.21139526367188,6985500,0.0,0.0,5078.64990234375,,430.7434997558594,137.21139526367188,0.004757701460741078,0.20653718921670988,-0.010193100883444606,0.0,-0.017949657772094896,0
2024-03-06 05:00:00+00:00,138.34877303893268,139.79802923512716,135.88136912245494,136.05564880371094,14692100,0.0,0.0,5104.759765625,,433.4502258300781,136.05564880371094,-0.008458783276505916,0.20437139515751127,0.005141103203274655,0.0,0.006283846594905995,0
2024-03-07 05:00:00+00:00,136.21159493322784,138.2754069776707,136.1657296441271,137.0095977783203,8739300,0.0,0.0,5157.35986328125,,440.0292053222656,137.0095977783203,0.0069869957263254,0.22281208834926783,0.010304127925951478,0.0,0.015178166027225881,0
2024-03-08 05:00:00+00:00,137.00958018043775,137.57828449922292,136.11067941322938,137.47738647460938,7528400,0.0,0.0,5123.68994140625,,433.6773986816406,137.47738647460938,0.003408461428102651,0.2186000507200576,-0.0065285190034379825,0.0,-0.014434966051794507,0
2024-03-11 04:00:00+00:00,138.04607677459717,139.49533294784487,137.21137620712398,139.4219512939453,7577100,0.0,0.0,5117.93994140625,,432.0672302246094,139.4219512939453,0.014045514178365907,0.1294211352438959,-0.001122238087346461,0.0,-0.0037128253903156994,0
2024-03-12 04:00:00+00:00,139.2660121837775,139.94478194459012,138.3120647363587,139.321044921875,6432900,0.0,0.0,5175.27001953125,,438.2609558105469,139.321044921875,-0.0007240101301059244,0.13357834628315546,0.011201787981366396,0.0,0.0143350968383269,0
2024-03-13 04:00:00+00:00,140.5593414215787,142.0636302879156,140.47677831601834,141.15554809570312,8065600,0.0,0.0,5165.31005859375,,434.8924865722656,141.15554809570312,0.013081514681512684,0.09993908562898343,-0.0019245297153407392,0.0,-0.0076859898049813635,0
2024-03-14 04:00:00+00:00,141.0454953729626,142.84329701195088,140.1190641850458,142.81578063964844,9047200,0.0,0.0,5150.47998046875,,433.7959899902344,142.81578063964844,0.011693092172661396,0.10432184841854086,-0.0028710915621273925,0.0,-0.0025213049567115453,0
2024-03-15 04:00:00+00:00,142.34801213723745,144.04491602973104,141.64172580565898,142.67822265625,20387200,0.0,0.0,5117.08984375,,428.6395263671875,142.67822265625,-0.0009636489205048946,0.12058874348914521,-0.006482917484461503,0.0,-0.011886840224509587,0
2024-03-18 04:00:00+00:00,143.1184798046153,143.7055190947452,142.1186809191961,142.54978942871094,7242700,0.0,0.0,5149.419921875,,432.7276306152344,142.54978942871094,-0.0009005653777157534,0.11547849230707327,0.006318059504952345,0.0,0.009537394469181226,0
2024-03-19 04:00:00+00:00,142.44890543680685,143.86146405676087,142.182895140737,143.65966796875,7736700,0.0,0.0,5178.509765625,,433.8057556152344,143.65966796875,0.007755747231704919,0.10698030293250543,0.0056491496501236416,0.0,0.0024914632755648203,0
2024-03-20 04:00:00+00:00,142.87082020270108,143.4853758736524,141.4674291638186,141.76095581054688,8449100,0.0,0.0,5224.6201171875,,438.9493103027344,141.76095581054688,-0.013304856124415279,0.1530831827506751,0.008904173912846591,0.0,0.011856815224144057,0
2024-03-21 04:00:00+00:00,142.1278371992784,142.80660701102693,141.6325285231135,142.0452880859375,7899100,0.0,0.0,5241.52978515625,,441.0265197753906,142.0452880859375,0.0020037076465693757,0.12221116079386486,0.0032365354015160275,0.0,0.004732230861061559,0
2024-03-22 04:00:00+00:00,142.24709013177073,142.43053727896435,141.40322205778403,141.86184692382812,5974700,0.0,0.0,5234.18017578125,,441.5309143066406,141.86184692382812,-0.0012922619055069362,0.1222133919469628,-0.0014021878490156903,0.0,0.0011436829955415728,0
2024-03-25 04:00:00+00:00,142.61398195137178,144.2925506114993,142.42136734880302,143.52206420898438,6058700,0.0,0.0,5218.18994140625,,439.9285278320313,143.52206420898438,0.0116351059031002,0.15246765281688496,-0.0030549644525015296,0.0,-0.003629160320802516,0
2024-03-26 04:00:00+00:00,143.56793363827168,143.87979519170332,141.85266710215697,142.42137145996094,6677900,0.0,0.0,5203.580078125,,438.5041809082031,142.42137145996094,-0.00769871273991173,0.15109184870683048,-0.002799795225030266,0.0,-0.0032376780174893094,0
2024-03-27 04:00:00+00:00,142.05446286997162,143.49455168107448,142.03612795236342,143.41200256347656,7416900,0.0,0.0,5248.490234375,,439.9977416992187,143.41200256347656,0.006931556353472807,0.11814533744068503,0.008630626525532925,0.0,0.0034060354633842493,0
2024-03-28 04:00:00+00:00,144.14579320938518,145.0997407911525,143.43033952111995,144.68698120117188,8331600,0.0,0.0,5254.35009765625,,439.1866760253906,144.68698120117188,0.008851034075822876,0.1266966419982102,0.0011164855071790214,0.0,-0.001843340537830529,0
2024-04-01 04:00:00+00:00,145.17312186077666,146.38388425287212,143.95317801366352,145.9160919189453,6285700,0.0,0.0,5243.77001953125,,440.116455078125,145.9160919189453,0.008459084990171808,0.12136176869534937,-0.0020135845401164643,0.0,0.0021170474959504304,0
2024-04-02 04:00:00+00:00,146.80582785966052,147.87900840643476,145.86106172029207,146.55816650390625,8815400,0.0,0.0,5205.81005859375,,436.3181457519531,146.55816650390625,0.0043906470258549485,0.10907535751792821,-0.0072390590731691296,0.0,-0.008630237025556431,0
2024-04-03 04:00:00+00:00,146.851666936648,147.631320700985,146.5031076089925,147.1635284423828,7819700,0.0,0.0,5211.490234375,,437.29742431640625,147.1635284423828,0.004122016221715991,0.035178116547092075,0.001091122364688113,0.0,0.00224441402217046,0
2024-04-04 04:00:00+00:00,147.4937660767159,148.54859771563773,146.59486521943606,147.3928680419922,9269700,0.0,0.0,5147.2099609375,,430.61083984375,147.3928680419922,0.0015571866623103748,0.0493503269334,-0.012334336350379616,0.0,-0.015290701707445176,0
2024-04-05 04:00:00+00:00,147.9798929880491,148.75037936244075,146.631534834804,148.22755432128906,7432800,0.0,0.0,5204.33984375,,435.68511962890625,148.22755432128906,0.005647028650642472,0.03987886656393931,0.011099194174331695,0.0,0.01178391093683917,0
2024-04-08 04:00:00+00:00,148.27341109762074,149.0530789552191,147.0626487496284,147.92486572265625,7253200,0.0,0.0,5202.39013671875,,435.813720703125,147.92486572265625,-0.0020441413511794694,0.048522743277272275,-0.00037463099831791524,0.0,0.0002951697646416118,0
2024-04-09 04:00:00+00:00,148.4568548026167,149.08057781854748,147.18187840605862,148.5944366455078,6576200,0.0,0.0,5209.91015625,,437.4260559082031,148.5944366455078,0.004516212304296275,0.048800130922409896,0.0014454931932483817,0.0,0.0036995971638451586,0
2024-04-10 04:00:00+00:00,148.787072630501,149.30073019769637,147.68636184808918,149.20899963378906,7525800,0.0,0.0,5160.64013671875,,433.6079406738281,149.20899963378906,0.0041273120845583215,0.048809458740619455,-0.009456980649108493,0.0,-0.008728595799917915,0
2024-04-11 04:00:00+00:00,150.080383510523,150.080383510523,146.57649711952152,148.49354553222656,7682500,0.0,0.0,5199.06005859375,,440.5319213867187,148.49354553222656,-0.004806512343149938,0.07340585349673287,0.007444797710585593,0.0,0.015968297771785878,0
2024-04-12 04:00:00+00:00,148.86042854823324,150.3096845677533,144.96211782358765,145.80599975585938,11071000,0.0,0.0,5123.41015625,,433.5090026855469,145.80599975585938,-0.01826452355191779,0.14722305314388529,-0.01455068829580164,0.0,-0.01594190650036187,0
2024-04-15 04:00:00+00:00,146.70491984346552,147.2094099797049,144.33841392847697,144.54937744140625,7236900,0.0,0.0,5061.81982421875,,426.3773193359375,144.54937744140625,-0.008655807737402552,0.15111692347492378,-0.01202135494776202,0.0,-0.016451061697517866,0
2024-04-16 04:00:00+00:00,144.2833769092336,144.75116920563448,142.55894303869653,143.3477783203125,5541900,0.0,0.0,5051.41015625,,426.4169006347656,143.3477783203125,-0.00834746765881493,0.1279587647728715,-0.0020565070133361507,0.0,9.283162361861663e-05,0
2024-04-17 04:00:00+00:00,143.0817782455731,144.6594487666088,142.7607352689446,143.4578399658203,6733900,0.0,0.0,5022.2099609375,,421.2140197753906,143.4578399658203,0.0007674999643885805,0.1102343069525316,-0.005780602724641426,0.0,-0.01220139457800562,0
2024-04-18 04:00:00+00:00,144.1366117431719,144.96213084290875,143.4486744946848,144.53103637695312,4979200,0.0,0.0,5011.1201171875,,418.8104553222656,144.53103637695312,0.007453075220214978,0.1563503981440831,-0.002208160119998248,0.0,-0.005706278376979679,1
2024-04-19 04:00:00+00:00,145.61338663101196,147.44788599014282,145.06303122482495,146.75994873046875,7734700,0.0,0.0,4967.22998046875,,410.14556884765625,146.75994873046875,0.015303981039177334,0.163909007047073,-0.00875854812743615,0.0,-0.020689279277762873,1
2024-04-22 04:00:00+00:00,146.714074253704,149.2365107144452,145.32903236295422,148.52105712890625,6779200,0.0,0.0,5010.60009765625,,414.2703247070313,148.52105712890625,0.011928496893758148,0.14962848394435221,0.008731248071466746,0.0,0.010056809515128773,1
2024-04-23 04:00:00+00:00,147.96154265462832,149.37411499023438,147.31030322399846,149.37411499023438,5597600,0.0,0.0,5070.5498046875,,420.4524230957031,149.37411499023438,0.005727250878553157,0.08919304373536646,0.011964576270872662,0.0,0.014922860798788129,1
2024-04-24 04:00:00+00:00,148.48439160663602,150.28219324972443,148.08996694253423,150.0345458984375,7610300,0.0,0.0,5071.6298828125,,421.8767395019531,150.0345458984375,0.004411575652831244,0.07207953263780924,0.0002130100613548791,0.0,0.0033875804443295188,1
2024-04-25 04:00:00+00:00,150.15377115688122,151.896553962107,149.20900509773884,151.60302734375,9702600,0.0,0.0,5048.419921875,,419.8392028808594,151.60302734375,0.010399868725351757,0.07121647652760174,-0.004576430353515626,0.0,-0.004829696521071902,1
2024-04-26 04:00:00+00:00,151.55714852189988,153.1623353328387,149.78686349997267,152.16253662109375,9736400,0.0,0.0,5099.9599609375,,426.3179931640625,152.16253662109375,0.0036838271118001986,0.05881127756023995,0.01020914263474304,0.0,0.015431599142592844,0
2024-04-29 04:00:00+00:00,152.1809036496307,153.28160050894851,151.06185787709023,152.56614685058594,6364000,0.0,0.0,5116.169921875,,428.0489807128906,152.56614685058594,0.002648982438467295,0.04801402813545762,0.0031784486665891176,0.0,0.004060320175512722,0
2024-04-30 04:00:00+00:00,152.2359365916755,152.37351845072467,147.63133909519146,147.92486572265625,8457300,0.0,0.0,5035.68994140625,,419.97760009765625,147.92486572265625,-0.0308937710221121,0.26128174473330845,-0.01573051358686217,0.0,-0.018856208001691632,0
2024-05-01 04:00:00+00:00,147.47540958767277,148.08996522356276,145.75097562682802,146.4205780029297,7713700,0.0,0.0,5018.39013671875,,416.9409484863281,146.4205780029297,-0.010221329044130097,0.25948206555391,-0.0034354388154940185,0.0,-0.007230508509553868,0
2024-05-02 04:00:00+00:00,147.1360222969418,148.39264986073016,146.65904855166042,147.42953491210938,8597100,0.0,0.0,5064.2001953125,,422.2625427246094,147.42953491210938,0.006867180442532862,0.24730575779303243,0.009128437077573048,0.0,0.012763424311286409,0
2024-05-03 04:00:00+00:00,147.36531823382143,147.36531823382143,144.04486529652738,146.98924255371094,11664500,0.0,0.0,5127.7900390625,,430.7493591308594,146.98924255371094,-0.0029909280271678855,0.23582192229699112,0.012556739721478527,0.0,0.020098435327674524,0
2024-05-06 04:00:00+00:00,147.429540161076,150.44729950778853,147.429540161076,148.86962890625,8430300,0.0,0.0,5180.740234375,,435.4674987792969,148.86962890625,0.012711544954679351,0.2698981629447755,0.01032612390701182,0.0,0.010953329467413342,0
2024-05-07 04:00:00+00:00,148.87878919828933,149.6492755490824,148.6127929567485,149.20899963378906,6869900,0.0,0.0,5187.7001953125,,435.5368041992187,149.20899963378906,0.0022770560629403855,0.1402909670411004,0.0013434298232750663,0.0,0.0001591517624532912,0
2024-05-08 04:00:00+00:00,148.54857826194646,149.58507484690472,148.172502545761,149.08975219726562,6706400,0.0,0.0,5187.669921875,,435.279541015625,149.08975219726562,-0.0007995168745671118,0.09984552080608097,-5.835618166138978e-06,0.0,-0.0005906806981942347,0
2024-05-09 04:00:00+00:00,149.53003186799802,151.81397438633346,149.26402164945037,151.75894165039062,6683300,0.0,0.0,5214.080078125,,436.2291259765625,151.75894165039062,0.017744863427460594,0.1428030306620217,0.005090947698625836,0.0,0.0021815520176340364,0
2024-05-10 04:00:00+00:00,152.30014022006836,152.64869959899414,151.36455556524697,152.09835815429688,5490900,0.0,0.0,5222.68017578125,,437.2578430175781,152.09835815429688,0.0022340529274311274,0.12644628604237268,0.001649398844549843,0.0,0.0023582034755535997,0
2024-05-13 04:00:00+00:00,152.7037034298824,153.0981280202133,149.49332995726837,150.91506958007812,6848300,0.0,0.0,5221.419921875,,438.2667541503906,150.91506958007812,-0.007810179225401639,0.1483757289438079,-0.00024130405535727206,0.0,0.002307359716751778,0
2024-05-14 04:00:00+00:00,150.74080108063197,151.52963632356145,149.5300388450418,150.0712127685547,4924000,0.0,0.0,5246.68017578125,,441.0858459472656,150.0712127685547,-0.005607292239126579,0.15999248989325504,0.004837813139759728,0.0,0.006432365152451602,0
2024-05-15 04:00:00+00:00,149.63093780285777,150.245493380279,146.91587271831446,149.55755615234375,7603100,0.0,0.0,5308.14990234375,,447.9801025390625,149.55755615234375,-0.003428623501340485,0.16307229535628426,0.011715927882596233,0.0,0.015630192297354073,0
2024-05-16 04:00:00+00:00,149.65948334091945,150.09494511515086,148.68664290620137,149.25181579589844,6409400,1.63,0.0,5297.10009765625,,447.070068359375,149.25181579589844,-0.002046391390926361,0.060382689551248286,-0.0020816677921287052,0.0,-0.0020314165172283793,0
2024-05-17 04:00:00+00:00,149.86329376635263,150.9936393696512,149.34444938532033,150.71568298339844,5497900,0.0,0.0,5303.27001953125,,446.8524475097656,150.71568298339844,0.009760249456395646,0.10853065687055503,0.0011647735102702228,0.0,-0.00048677123567675284,0
2024-05-20 04:00:00+00:00,150.7620321199548,151.0214543461177,149.23329299167696,149.2981414794922,4913800,0.0,0.0,5308.1298828125,,449.9682922363281,149.2981414794922,-0.009449911552559786,0.11467646494095338,0.0009163899374069473,0.0,0.006972871568515782,0
2024-05-21 04:00:00+00:00,148.77929947552337,149.59463456399618,148.0010327842273,148.21412658691406,4783300,0.0,0.0,5321.41015625,,450.8485412597656,148.21412658691406,-0.007287226820708941,0.1184221709142191,0.002501874243978186,0.0,0.0019562467814402407,0
2024-05-22 04:00:00+00:00,147.79718923738193,147.79718923738193,145.01765340590822,145.99049377441406,6260500,0.0,0.0,5307.009765625,,450.7595825195313,145.99049377441406,-0.015116520964140071,0.14930012525007186,-0.002706123039226127,0.0,-0.00019731402476264037,0
2024-05-23 04:00:00+00:00,146.31477714148886,146.94481266931768,144.84162641623766,145.40679931640625,6718400,0.0,0.0,5267.83984375,,448.73187255859375,145.40679931640625,-0.00400618161193605,0.14763888333573325,-0.0073807894850155265,0.0,-0.0044984289620724205,0
2024-05-24 04:00:00+00:00,146.46300771372856,147.28760276662211,145.74032953871847,146.15725708007812,4477700,0.0,0.0,5304.72021484375,,452.9752502441406,146.15725708007812,0.0051478184945658425,0.11901053299551546,0.0070010425881694704,0.0,0.00945637683668843,0
2024-05-28 04:00:00+00:00,146.50007342210424,147.70454185375533,146.34256807805426,147.3524627685547,6928300,0.0,0.0,5306.0400390625,,454.6864318847656,147.3524627685547,0.008144277440017353,0.14977582424200273,0.0002488018529340774,0.0,0.0037776493079979545,0
2024-05-29 04:00:00+00:00,146.4074234647238,146.84288521569155,144.94353287555882,145.36972045898438,5909600,0.0,0.0,5266.9501953125,,451.4816284179687,145.36972045898438,-0.013547129302831014,0.16758950531728545,-0.007367046509680453,0.0,-0.007048381570376683,0
2024-05-30 04:00:00+00:00,145.3233897741335,146.81507442271618,145.2863213830482,146.6297607421875,6369600,0.0,0.0,5235.47998046875,,446.6447143554687,146.6297607421875,0.008630481802281374,0.15123970548565902,-0.005975035585443322,0.0,-0.01071342388714458,0
2024-05-31 04:00:00+00:00,146.97259708245247,150.63231650551995,146.8614060335261,150.37289428710938,10334200,0.0,0.0,5277.509765625,,445.8139343261719,150.37289428710938,0.025207395842095366,0.218914375708427,0.00802787620486467,0.0,-0.0018600467051215208,0
2024-06-03 04:00:00+00:00,149.6224224125969,149.79844781060044,144.9620683566757,145.88858032226562,9009900,0.0,0.0,5283.39990234375,,448.20758056640625,145.88858032226562,-0.030274989233889,0.3437527334079845,0.0011160825806737495,0.0,0.005369159768081833,0
2024-06-04 04:00:00+00:00,144.27645297252755,144.86016006946454,142.78476805392862,144.6563262939453,6360500,0.0,0.0,5291.33984375,,449.43414306640625,144.6563262939453,-0.008482416237784637,0.3380325032183359,0.0015028090913065117,0.0,0.0027365947234760934,0
2024-06-05 04:00:00+00:00,144.6841117821816,145.4809126372205,143.17389275592802,143.5908203125,7058500,0.0,0.0,5354.02978515625,,458.4945373535156,143.5908203125,-0.007393036476492921,0.3294449510330437,0.011847649793331305,0.0,0.02015955936345204,0
2024-06-06 04:00:00+00:00,143.14610293660024,144.5544051246246,142.11767405874215,144.47100830078125,5215100,0.0,0.0,5352.9599609375,,458.33636474609375,144.47100830078125,0.006111123655613682,0.32454972248490394,-0.00019981663563317653,0.0,-0.0003449825342192181,0
2024-06-07 04:00:00+00:00,144.26718045760467,146.10167014107807,143.72980183568816,144.6099853515625,5887700,0.0,0.0,5346.990234375,,457.9307861328125,144.6099853515625,0.0009615095045330235,0.22111181572137914,-0.0011152197300303701,0.0,-0.0008848929399393191,0
2024-06-10 04:00:00+00:00,144.91573069758437,146.5741807898437,144.83234801898217,145.2214813232422,7074700,0.0,0.0,5360.7900390625,,459.780517578125,145.2214813232422,0.004219672115208384,0.10603983845547955,0.0025808546645145203,0.0,0.004039325376949066,0
2024-06-11 04:00:00+00:00,144.69336231010175,145.23074091076313,143.1275549307944,144.98985290527344,5132000,0.0,0.0,5375.31982421875,,462.9358520507813,144.98985290527344,-0.0015962744375143682,0.08408256795920056,0.0027103813151374556,0.0,0.006862697204476742,0
2024-06-12 04:00:00+00:00,145.9163865679131,146.04609768828064,141.20042953019163,142.88668823242188,10017400,0.0,0.0,5421.02978515625,,468.9992370605469,142.88668823242188,-0.014611833838271275,0.12976784457411875,0.008503672791998707,0.0,0.013097678615525465,0
2024-06-13 04:00:00+00:00,142.46975678886005,142.76623328277597,141.04292036594478,141.60809326171875,6163000,0.0,0.0,5433.740234375,,471.5413513183594,141.60809326171875,-0.008988590740572608,0.12179340231827433,0.0023446558536817097,0.0,0.005420295081384863,0
2024-06-14 04:00:00+00:00,141.87678512467073,142.02501629816075,140.8020278265248,141.35794067382812,6159100,0.0,0.0,5431.60009765625,,473.9844970703125,141.35794067382812,-0.0017680754794353792,0.116196716161106,-0.000393860697500914,0.0,0.005181190886276443,0
2024-06-17 04:00:00+00:00,141.29306232606135,142.61796753435624,140.76494376614562,141.93235778808594,6321400,0.0,0.0,5473.22998046875,,479.7907409667969,141.93235778808594,0.00405533055385867,0.11541864848351098,0.007664386564552705,0.0,0.012249860348540142,0
2024-06-18 04:00:00+00:00,142.2659065049546,144.48952943236424,141.60807682885314,142.06207275390625,6942900,0.0,0.0,5487.02978515625,,479.9391174316406,142.06207275390625,0.0009135036528232766,0.12076042493428281,0.0025213273947457537,0.0,0.000309252455653386,0
2024-06-20 04:00:00+00:00,142.4141567533424,145.8422481095203,141.98795503975964,145.1288299560547,8336000,0.0,0.0,5473.169921875,,476.2397155761719,145.1288299560547,0.021357736252587266,0.1790496648918364,-0.0025259318472709014,0.0,-0.007708064879699439,0
2024-06-21 04:00:00+00:00,145.27707653604995,146.0831374082804,143.81318595907425,143.8687744140625,21289800,0.0,0.0,5464.6201171875,,474.9637451171875,143.8687744140625,-0.008720235100515186,0.1779134342307861,-0.001562130321101196,0.0,-0.0026792609210272156,0
2024-06-24 04:00:00+00:00,144.78604023821913,147.81572442563723,144.71191757863298,147.60263061523438,7971600,0.0,0.0,5447.8701171875,,469.5564880371094,147.60263061523438,0.025622139295284573,0.22897697018998014,-0.003065171894990004,0.0,-0.011384568055281763,0
2024-06-25 04:00:00+00:00,147.426565831732,147.64893377242905,146.0831264331297,146.81507873535156,5985400,0.0,0.0,5469.2998046875,,474.9261169433594,146.81507873535156,-0.00534990751765193,0.24965700196984056,0.003933590015736899,0.0,0.011435533408763465,0
2024-06-26 04:00:00+00:00,146.8150864599887,146.8150864599887,144.3412871691052,144.48953247070312,8637800,0.0,0.0,5477.89990234375,,475.9068908691406,144.48953247070312,-0.015966761806843078,0.2985542500464373,0.0015724312002203256,0.0,0.0020651084259033503,0
2024-06-27 04:00:00+00:00,145.18441660450665,145.40678455719024,144.20231622069193,144.8323516845703,5568700,0.0,0.0,5482.8701171875,,477.1353759765625,144.8323516845703,0.0023698129528492273,0.25360428872709573,0.0009073212238914774,0.0,0.0025813559983935974,0
2024-06-28 04:00:00+00:00,145.94417189062182,146.92627233309935,144.69337505542063,144.9250030517578,11283400,0.0,0.0,5460.47998046875,,474.6585693359375,144.9250030517578,0.0006395100509492333,0.2427524171474096,-0.004083652583445674,0.0,-0.005190993511130171,0
2024-07-01 04:00:00+00:00,145.61062150163727,147.0374436846162,144.5173300488128,145.0176544189453,5584100,0.0,0.0,5475.08984375,,477.4425048828125,145.0176544189453,0.0006391013392051492,0.11973395675122797,0.0026755639309195,0.0,0.0058651328064502906,0
2024-07-02 04:00:00+00:00,146.09239270751982,146.1294611012786,144.02627508514271,145.23074340820312,7216800,0.0,0.0,5509.009765625,,482.4554748535156,145.23074340820312,0.0014683218177082556,0.12295888013803136,0.006195317856513505,0.0,0.010499630676857219,0
2024-07-03 04:00:00+00:00,145.40680414126436,146.14801661258946,145.05472503645822,145.19371032714844,3264200,0.0,0.0,5537.02001953125,,486.477783203125,145.19371032714844,-0.00025502729387342284,0.01572935220861968,0.005084444409779065,0.0,0.008337159715786413,0
2024-07-05 04:00:00+00:00,145.04543871308508,145.04543871308508,142.3863399843741,142.9700469970703,6183100,0.0,0.0,5567.18994140625,,491.5501708984375,142.9700469970703,-0.015433637385511612,0.11440056136590654,0.005448765178485582,0.0,0.01042676124264963,0
2024-07-08 04:00:00+00:00,142.05282963423585,143.86878527571977,142.05282963423585,142.9886016845703,4990700,0.0,0.0,5572.85009765625,,492.71923828125,142.9886016845703,0.00012977182268535635,0.11354852902410165,0.0010166989647510949,0.0,0.002378327690692794,0
2024-07-09 04:00:00+00:00,141.75632716608132,143.38698309498028,141.15410005859115,141.73779296875,5301600,0.0,0.0,5576.97998046875,,493.145263671875,141.73779296875,-0.008786096306470438,0.11583010593071819,0.0007410719362856977,0.0,0.0008646412754473864,0
2024-07-10 04:00:00+00:00,141.29306651191155,144.0170137938709,141.10776695709083,143.72979736328125,5416600,0.0,0.0,5633.91015625,,498.2870178222656,143.72979736328125,0.013956307442218286,0.1754596555472985,0.010208065293514812,0.0,0.010426449424062234,0
2024-07-11 04:00:00+00:00,143.609331743442,145.16586481120214,142.88665365663218,143.8502197265625,8322500,0.0,0.0,5584.5400390625,,487.3594970703125,143.8502197265625,0.0008374877471558056,0.17634385751942327,-0.008763028841120457,0.0,-0.021930173496614858,0
2024-07-12 04:00:00+00:00,144.68412451162766,144.9435467535389,143.20169958289037,144.156005859375,6446300,0.0,0.0,5615.35009765625,,490.2226867675781,144.156005859375,0.002123469706897367,0.1288558182390999,0.0055170270744306915,0.0,0.005874902847851082,0
2024-07-15 04:00:00+00:00,145.41605441768806,147.79719702475478,144.8786757654615,146.4259490966797,5661200,0.0,0.0,5631.22021484375,,491.5403137207031,146.4259490966797,0.015623746575484697,0.16040849950003702,0.0028262026252154904,0.0,0.0026878130871770267,0
2024-07-16 04:00:00+00:00,145.4716231829443,146.6760914378219,144.67482241163597,146.17578125,6924200,0.0,0.0,5667.2001953125,,491.72857666015625,146.17578125,-0.001709955080168045,0.12721999929050537,0.006389375498743188,0.0,0.00038300610183550354,0
2024-07-17 04:00:00+00:00,146.85215687621735,149.61315876940995,146.65758312927804,149.38153076171875,7296600,0.0,0.0,5588.27001953125,,477.29388427734375,149.38153076171875,0.021693763641977275,0.16369790299018644,-0.013927543241993745,0.0,-0.02935500003041025,0
2024-07-18 04:00:00+00:00,149.38152994217702,152.20739444799656,148.4642920847211,150.06715393066406,6577700,0.0,0.0,5544.58984375,,475.0350646972656,150.06715393066406,0.004579244472193909,0.1557586961601773,-0.007816403936922511,0.0,-0.004732555045196429,0
2024-07-19 04:00:00+00:00,150.53967839406874,150.74351218211544,146.76878159011008,147.4543914794922,6427700,0.0,0.0,5505.0,,470.8245544433594,147.4543914794922,-0.017563969126813635,0.2439655168091575,-0.007140265531926926,0.0,-0.008863577800492628,0
2024-07-22 04:00:00+00:00,146.59273080958764,147.29687484509398,145.32341388457905,145.453125,5577300,0.0,0.0,5564.41015625,,477.83880615234375,145.453125,-0.013665047899164551,0.2485833809249376,0.01079203564940956,0.0,0.014897803529548392,0
2024-07-23 04:00:00+00:00,144.86014610535844,145.09177408817004,142.53459210996184,142.76622009277344,6238700,0.0,0.0,5555.740234375,,476.1546020507813,142.76622009277344,-0.018645401806812824,0.2775839497115329,-0.001558102589770738,0.0,-0.003524628137936303,0
2024-07-24 04:00:00+00:00,143.32213054267575,144.25790248831882,142.14545645091374,143.67420959472656,5971700,0.0,0.0,5427.1298828125,,459.07476806640625,143.67420959472656,0.006339835086934906,0.19450918137121134,-0.02314909375473495,0.0,-0.035870353685153566,0
2024-07-25 04:00:00+00:00,143.95217799337846,146.62979735112924,143.2572939302516,145.96270751953125,5432100,0.0,0.0,5399.22021484375,,454.0122375488281,145.96270751953125,0.015802858095705814,0.2483474882663582,-0.005142620237842288,0.0,-0.011027681915303678,1
2024-07-26 04:00:00+00:00,146.13872947982057,147.35245790193537,145.51796815467222,146.2406463623047,5232500,0.0,0.0,5459.10009765625,,458.6685791015625,146.2406463623047,0.0019023664369540584,0.22649201852142417,0.011090468702846357,0.0,0.010255982477198389,1
2024-07-29 04:00:00+00:00,146.62050530754448,146.62050530754448,143.47963059346853,145.09176635742188,5072000,0.0,0.0,5463.5400390625,,459.5899353027344,145.09176635742188,-0.007887113897199875,0.21032418740694417,0.0008133101292933098,0.0,0.0020087624117977043,1
2024-07-30 04:00:00+00:00,144.96206834001262,148.32529716125097,144.94353414221678,147.84352111816406,5740900,0.0,0.0,5436.43994140625,,453.2791442871094,147.84352111816406,0.018788011024500367,0.17106481492517997,-0.004960171878030217,0.0,-0.013731351648221035,1
2024-07-31 04:00:00+00:00,149.8077138316095,149.8077138316095,148.28823485617008,148.6773681640625,6209200,0.0,0.0,5522.2998046875,,466.69329833984375,148.6773681640625,0.005624219230729767,0.17131121371598612,0.0157933986591674,0.0,0.029593583163486148,1
2024-08-01 04:00:00+00:00,147.04671969096407,147.77865792037358,140.85761243410985,141.4042510986328,16689900,0.0,0.0,5446.68017578125,,455.3893432617187,141.4042510986328,-0.050155826570314616,0.4173453210660154,-0.013693502993456064,0.0,-0.02422137861918383,1
2024-08-02 04:00:00+00:00,140.02376449702294,140.86687968106827,136.21579957309712,137.63336181640625,13278600,0.0,0.0,5346.56005859375,,444.5807189941406,137.63336181640625,-0.02702946618445873,0.4316213697853583,-0.018381860868696753,0.0,-0.023734908221965556,0
2024-08-05 04:00:00+00:00,134.82602141464156,135.05764939955114,132.8710806565069,134.0292205810547,13037200,0.0,0.0,5186.330078125,,431.3249816894531,134.0292205810547,-0.02653551095673035,0.44028395857448555,-0.02996879838863975,0.0,-0.02981626673931892,0
2024-08-06 04:00:00+00:00,133.87171400785726,134.4276126840212,132.6023830488436,132.7042999267578,9692700,0.0,0.0,5240.02978515625,,435.4463806152344,132.7042999267578,-0.0099344960362672,0.33170842136351464,0.010354085880061037,0.0,0.009555205705076952,0
2024-08-07 04:00:00+00:00,133.95510946376513,135.02059263111377,131.82412899161636,131.944580078125,8867900,0.0,0.0,5199.5,,430.7305908203125,131.944580078125,-0.0057413576472844915,0.2784695204943999,-0.007734647858502863,0.0,-0.010829782964917545,0
2024-08-08 04:00:00+00:00,132.55607406214264,134.17747000631886,132.2225291881284,133.87171936035156,7531100,0.0,0.0,5319.31005859375,,443.9070129394531,133.87171936035156,0.0145000366902733,0.2723441666937575,0.023042611519136447,0.0,0.03059086677369849,0
2024-08-09 04:00:00+00:00,133.6122979875837,135.37266508315815,132.66725181564178,134.33497619628906,7653100,0.0,0.0,5344.16015625,,446.2252807617187,134.33497619628906,0.0034544797299923633,0.24338994796899513,0.004671676849538509,0.0,0.005222417656604472,0
2024-08-12 04:00:00+00:00,135.12249487327398,135.95636408283963,129.4244522264334,134.36276245117188,8442200,0.0,0.0,5344.39013671875,,447.186279296875,134.36276245117188,0.00020682165113644342,0.14905333256001133,4.303397765514916e-05,0.0,0.002153617413867437,0
2024-08-13 04:00:00+00:00,133.49185317040963,133.92731494960634,132.53754692343426,133.55670166015625,7794800,0.0,0.0,5434.43017578125,,458.28216552734375,133.55670166015625,-0.006017205399829208,0.13357200707231187,0.016847579753558328,0.0,0.024812671461913238,0
2024-08-14 04:00:00+00:00,133.77906044993554,134.56660126568252,132.88960275376778,134.03848266601562,5874200,0.0,0.0,5455.2099609375,,458.4307861328125,134.03848266601562,0.003600823592054021,0.118214261271003,0.0038237284285767004,0.0,0.0003242993436101127,0
2024-08-15 04:00:00+00:00,134.89087716281418,136.6790526540833,134.78896027846773,136.011962890625,6304200,0.0,0.0,5543.22021484375,,470.0121765136719,136.011962890625,0.014615901502448476,0.11891594384541186,0.016133247764330783,0.0,0.025263116551478948,0
2024-08-16 04:00:00+00:00,135.31708764043165,136.77170420649392,134.9372143071946,136.4474334716797,6874400,0.0,0.0,5554.25,,470.6165161132813,136.4474334716797,0.0031965933836713752,0.11889146353408972,0.001989779357261412,0.0,0.0012857956236200785,0
2024-08-19 04:00:00+00:00,136.794052003712,138.40548920173407,136.68163080709337,137.5623016357422,5967400,1.63,0.0,5608.25,,476.7984924316406,137.5623016357422,0.008137479609622932,0.11997286131386027,0.009722284736913167,0.0,0.013135910251121041,0
2024-08-20 04:00:00+00:00,137.0938734140505,137.26250522434398,135.435589134445,135.55738830566406,7497600,0.0,0.0,5597.1201171875,,475.7979431152344,135.55738830566406,-0.01468183670457445,0.17287302941103205,-0.0019845553982971165,0.0,-0.002098474161072783,0
2024-08-21 04:00:00+00:00,136.25067202710233,137.38430495170306,135.42622601397923,136.1476287841797,5985000,0.0,0.0,5620.85009765625,,478.01708984375,136.1476287841797,0.004344722179336733,0.17312350307980426,0.004239676828782013,0.0,0.004664052799358442,0
2024-08-22 04:00:00+00:00,136.1757178099474,137.0938575832149,135.96960275738266,136.53172302246094,4027000,0.0,0.0,5570.64013671875,,470.4381713867187,136.53172302246094,0.002817187951843385,0.14107265475133376,-0.008932805548120926,0.0,-0.015854911085937617,0
2024-08-23 04:00:00+00:00,137.2812318930621,138.74276460566716,137.08449480249843,138.30242919921875,4824100,0.0,0.0,5634.60986328125,,475.5403442382813,138.30242919921875,0.012885812506644405,0.16614552400447305,0.01148337085011919,0.0,0.010845575809724117,0
2024-08-26 04:00:00+00:00,139.56722750475862,140.61653012974244,138.23685759217526,139.12689208984375,5780300,0.0,0.0,5616.83984375,,470.9236755371094,139.12689208984375,0.005943606205035009,0.1623084365981598,-0.0031537266931381813,0.0,-0.009708258735790065,0
2024-08-27 04:00:00+00:00,139.28618109405684,140.11064144907607,137.4780065285094,137.67474365234375,5100000,0.0,0.0,5625.7998046875,,472.3304443359375,137.67474365234375,-0.010492436260220386,0.13522058755063643,0.0015951960865450143,0.0,0.0029872543511932914,0
2024-08-28 04:00:00+00:00,137.1969286320884,137.8527428204902,136.29751610536803,136.78469848632812,5614400,0.0,0.0,5592.18017578125,,466.970703125,136.78469848632812,-0.006485827407707746,0.14999218780969747,-0.00597597320797616,0.0,-0.0113474396478358,0
2024-08-29 04:00:00+00:00,137.21568346951415,138.82710664651214,136.26006024835053,138.11508178710938,4466700,0.0,0.0,5591.9599609375,,466.2871398925781,138.11508178710938,0.009679117865360043,0.16278603055891525,-3.937906806072977e-05,0.0,-0.00146382466361894,0
2024-08-30 04:00:00+00:00,136.99080193461526,138.73340194202694,136.50361959499588,138.61160278320312,6414800,0.0,0.0,5648.39990234375,,471.8450012207031,138.61160278320312,0.0035885337888306784,0.13587532648399983,0.010093051774424433,0.0,0.011919396553388584,0
2024-09-03 04:00:00+00:00,136.36309022914904,136.5692052801985,135.17324685184997,135.52926635742188,7944700,0.0,0.0,5528.93017578125,,457.5193481445313,135.52926635742188,-0.022488192541108197,0.1987744815468849,-0.02115107439771169,0.0,-0.030360930049296186,0
2024-09-04 04:00:00+00:00,135.51056161576344,136.3443857144766,132.7280219648003,133.102783203125,9820700,0.0,0.0,5520.06982421875,,456.33050537109375,133.102783203125,-0.018065969075924948,0.2177489444052191,-0.0016025435809103872,0.0,-0.002598453547940416,0
2024-09-05 04:00:00+00:00,134.1333181220933,134.1333181220933,131.72554018193608,132.03469848632812,9371100,0.0,0.0,5503.41015625,,456.7565307617187,132.03469848632812,-0.0080568804359815,0.21791241917797435,-0.003018017615584734,0.0,0.0009335895488260526,0
2024-09-06 04:00:00+00:00,132.16585122051038,133.1402014777515,129.16781963831664,129.81427001953125,7836400,0.0,0.0,5408.419921875,,444.521240234375,129.81427001953125,-0.016960018619094127,0.16443041059800645,-0.01726024985928465,0.0,-0.026787335710207083,0
2024-09-09 04:00:00+00:00,129.88924659346955,133.0559105406965,129.7955527280802,131.44447326660156,9892300,0.0,0.0,5471.0498046875,,450.2376098632813,131.44447326660156,0.012479769170299046,0.22120048566311898,0.0115800702824842,0.0,0.012859609646306946,0
2024-09-10 04:00:00+00:00,132.0065988660333,132.17524497136233,128.43708260496552,129.505126953125,8202500,0.0,0.0,5495.52001953125,,454.3986206054687,129.505126953125,-0.014864035187146685,0.20113805131086065,0.004472672652839682,0.0,0.00924181065960017,0
2024-09-11 04:00:00+00:00,129.48640345750576,129.7393511794879,126.82564902897155,129.17723083496094,9534000,0.0,0.0,5554.1298828125,,464.26605224609375,129.17723083496094,-0.002535126837252234,0.18723009410858663,0.010665025888896507,0.0,0.021715364424911954,0
2024-09-12 04:00:00+00:00,129.50512465342536,130.6668628501021,128.74625293211375,130.42327880859375,6591500,0.0,0.0,5595.759765625,,468.8233337402344,130.42327880859375,0.009599808140553792,0.21485662077933063,0.007495302358939249,0.0,0.009816098920204741,0
2024-09-13 04:00:00+00:00,131.04161159711688,132.59683832717914,130.89172142095453,131.7349090576172,5900700,0.0,0.0,5626.02001953125,,470.9236755371094,131.7349090576172,0.010006486572993982,0.18311781901707688,0.005407711405364557,0.0,0.004480028287241256,0
2024-09-16 04:00:00+00:00,132.74674359235422,134.13332422596423,132.16588163010084,133.12149047851562,6864300,0.0,0.0,5633.08984375,,468.8431091308594,133.12149047851562,0.010470534909659253,0.1769740570223138,0.0012566297656613212,0.0,-0.004418054377658964,0
2024-09-17 04:00:00+00:00,132.8497898787483,135.0420889980392,132.79357928015258,134.35816955566406,7338800,0.0,0.0,5634.580078125,,469.0907897949219,134.35816955566406,0.009246967705709258,0.08808929326732394,0.00026455008109871336,0.0,0.0005282804828286025,0
2024-09-18 04:00:00+00:00,134.27385531044314,136.4099438574297,134.15205614820246,134.8734588623047,6180300,0.0,0.0,5618.259765625,,467.0599060058594,134.8734588623047,0.003827855879023119,0.04323002502582609,-0.002896455862498093,0.0,-0.004329404527320557,0
2024-09-19 04:00:00+00:00,136.60669060418417,137.51546681199545,135.78223030125994,135.8384552001953,7247400,0.0,0.0,5713.64013671875,,478.869140625,135.8384552001953,0.007129353198996717,0.0432973133515222,0.01697685316676334,0.0,0.02528419688200012,0
2024-09-20 04:00:00+00:00,136.06329997140858,136.7003868426219,134.38628833054332,136.48489379882812,23162900,0.0,0.0,5702.5498046875,,477.9576721191406,136.48489379882812,0.0047475900631708074,0.04504724803677767,-0.0019410273951238066,0.0,-0.0019033769949547974,0
2024-09-23 04:00:00+00:00,137.01890728904547,139.05193824923774,136.737840004702,138.22747802734375,6960600,0.0,0.0,5718.56982421875,,479.2245788574219,138.22747802734375,0.012686779193189087,0.056765804880377316,0.0028092730585327352,0.0,0.0026506672288868494,0
2024-09-24 04:00:00+00:00,139.48293659264874,139.68905168743123,137.637278704801,138.1431884765625,6014200,0.0,0.0,5732.93017578125,,481.5361633300781,138.1431884765625,-0.000609974672500299,0.07735573899998757,0.0025111788443470395,0.0,0.004823593310192109,0
2024-09-25 04:00:00+00:00,137.674730565148,138.1057023358526,134.4424923197323,134.88282775878906,7888400,0.0,0.0,5722.259765625,,481.9826049804687,134.88282775878906,-0.02388428585034314,0.22522115303437323,-0.0018612489301417234,0.0,0.0009271196732207887,0
2024-09-26 04:00:00+00:00,132.00658987397173,134.1801616881604,131.75364217672453,133.02780151367188,8046200,0.0,0.0,5745.3701171875,,485.6037902832031,133.02780151367188,-0.013848318716149227,0.23258597916050872,0.00403867571712313,0.0,0.007513103720581782,0
2024-09-27 04:00:00+00:00,133.9553032207352,136.56921042308005,133.82414039200768,136.306884765625,8049200,0.0,0.0,5738.169921875,,482.9053039550781,136.306884765625,0.024350708965667565,0.3090618136638033,-0.0012532169669905446,0.0,-0.005556971304839342,0
2024-09-30 04:00:00+00:00,136.19446483719497,138.1712854575804,135.17326738999245,137.97454833984375,7491700,0.0,0.0,5762.47998046875,,484.21484375,137.97454833984375,0.012160386547245692,0.3076920557460369,0.004236552581176722,0.0,0.0027117941844840843,0
2024-10-01 04:00:00+00:00,137.11263009345882,141.01942471309542,136.26942806242883,140.2511749267578,9489100,0.0,0.0,5708.75,,477.4685363769531,140.2511749267578,0.016365685914602874,0.32966211822340363,-0.009324107094664358,0.0,-0.013932467085891354,0
2024-10-02 04:00:00+00:00,142.10619127954473,142.6683259461605,139.83893957003696,141.42227172851562,8105400,0.0,0.0,5709.5400390625,,478.1432189941406,141.42227172851562,0.008315328005407609,0.22746865471773753,0.00013839090212397487,0.0,0.0014130409980666059,0
2024-10-03 04:00:00+00:00,141.75953396555684,142.565252607422,140.5509631505975,141.7033233642578,6553300,0.0,0.0,5699.93994140625,,477.7860412597656,141.7033233642578,0.001985350197438184,0.13363745813796052,-0.001681413492255035,0.0,-0.000747009933815157,0
2024-10-04 04:00:00+00:00,142.85568959134335,142.87443122445757,140.66339027433722,141.22552490234375,7892400,0.0,0.0,5751.06982421875,,483.4707946777344,141.22552490234375,-0.003377519959905504,0.12521631817955559,0.008970249395274354,0.0,0.011898115321619551,0
2024-10-07 04:00:00+00:00,141.93751666027185,143.10861828288134,141.17864509612872,141.5814971923828,5895900,0.0,0.0,5695.93994140625,,478.29205322265625,141.5814971923828,0.002517423191247942,0.1191842426567498,-0.009586022165882668,0.0,-0.0107115910869654,0
2024-10-08 04:00:00+00:00,139.78272359668114,140.15748479193186,138.40550658245016,139.3611297607422,5892700,0.0,0.0,5751.1298828125,,485.4351501464844,139.3611297607422,-0.015806883325809706,0.1447505656333999,0.009689347495581924,0.0,0.01493459252709517,0
2024-10-09 04:00:00+00:00,138.19938928404176,140.87887103050917,138.05886277287362,140.20431518554688,4973500,0.0,0.0,5792.0400390625,,489.2547302246094,140.20431518554688,0.006032133060565488,0.1358565078249652,0.007113411987488272,0.0,0.007868363213855423,0
2024-10-10 04:00:00+00:00,141.16929348681276,141.9843900893662,140.3916944444343,141.1130828857422,4420900,0.0,0.0,5780.0498046875,,488.6991271972656,141.1130828857422,0.0064608223137930685,0.14683854966165352,-0.002070122839989974,0.0,-0.0011356109466508224,0
2024-10-11 04:00:00+00:00,140.88822898341874,142.71514484749923,140.76642982725485,141.86257934570312,5051300,0.0,0.0,5815.02978515625,,489.4630432128906,141.86257934570312,0.005297262716407273,0.1502498190052122,0.006051847587953629,0.0,0.0015631622262273215,0
2024-10-14 04:00:00+00:00,141.01940931817248,142.3122960848559,140.70085873908596,142.1998748779297,4214700,0.0,0.0,5859.85009765625,,493.57037353515625,142.1998748779297,0.0023747995254642623,0.15015648507966897,0.0077076668832223305,0.0,0.008391502441746468,0
2024-10-15 04:00:00+00:00,139.40797240311633,140.49475839235188,138.24623417713929,138.40550231933594,6704600,0.0,0.0,5815.259765625,,486.972900390625,138.40550231933594,-0.027045838430816323,0.22919812100650366,-0.007609466332438197,0.0,-0.013366833785580345,0
2024-10-16 04:00:00+00:00,138.98635625246106,139.62342871890405,138.8551934331537,139.3423614501953,4303700,0.0,0.0,5842.47021484375,,487.0324096679687,139.3423614501953,0.006746137818735112,0.23070317992318487,0.004679145956573816,0.0,0.0001222024414417877,0
2024-10-17 04:00:00+00:00,139.83891143510763,141.77826277863318,139.56722212150223,141.65646362304688,6593100,0.0,0.0,5841.47021484375,,487.3697204589844,141.65646362304688,0.016470919323629967,0.26072706540379564,-0.00017116047891174713,0.0,0.0006925838698201847,0
2024-10-18 04:00:00+00:00,141.30046710344172,141.54405113391635,139.95135552858684,141.23487854003906,5208200,0.0,0.0,5864.669921875,,490.5643005371094,141.23487854003906,-0.002980546466255345,0.2582803964708784,0.00397155273894878,0.0,0.006554736463965094,0
2024-10-21 04:00:00+00:00,142.40599218937726,142.85569131981714,140.99130622920305,141.356689453125,5074000,0.0,0.0,5853.97998046875,,491.50677490234375,141.356689453125,0.0008620987632100147,0.25729828937468324,-0.0018227694906369774,0.0,0.001921204547910449,0
2024-10-22 04:00:00+00:00,141.70332238094946,142.10617455124813,140.7383356102077,141.39414978027344,4416400,0.0,0.0,5851.2001953125,,492.04254150390625,141.39414978027344,0.0002649705830700073,0.12173225602759637,-0.0004748538883844189,0.0,0.0010900492707734966,0
2024-10-23 04:00:00+00:00,140.8694971341885,141.4691006977692,139.86702710837886,140.98191833496094,5248600,0.0,0.0,5797.419921875,,484.5025329589844,140.98191833496094,-0.002919735662551872,0.12851143426486422,-0.009191323428069387,0.0,-0.015323895616578542,0
2024-10-24 04:00:00+00:00,141.59089846685117,141.8906930978484,139.95135592525514,140.9538116455078,5474300,0.0,0.0,5809.85986328125,,488.4312744140625,140.9538116455078,-0.0001993836648387185,0.028964287070923234,0.002145772011323821,0.0,0.008108815099653333,1
2024-10-25 04:00:00+00:00,141.83448488593257,142.51840435486622,140.96319198251146,141.2910919189453,6839900,0.0,0.0,5808.1201171875,,491.4075927734375,141.2910919189453,0.002389984228052269,0.03080062423774748,-0.00029944716993013376,0.0,0.006093627732879137,1
2024-10-28 04:00:00+00:00,138.89267941469254,141.18803618163471,138.80836351245213,141.0381317138672,8892000,0.0,0.0,5823.52001953125,,491.4869384765625,141.0381317138672,-0.0017919524554569069,0.032280261432303045,0.0026514435020339455,0.0,0.0001614661724642641,1
2024-10-29 04:00:00+00:00,140.56969473647985,140.92571428303805,138.5366635858743,139.14564514160156,6014700,0.0,0.0,5832.919921875,,496.2093505859375,139.14564514160156,-0.013509100165043308,0.0967531824594351,0.001614127248163344,0.0,0.009608418331548796,1
2024-10-30 04:00:00+00:00,139.67029379477336,140.2043088086011,138.33992379874,138.70530700683594,5784000,0.0,0.0,5813.669921875,,492.4592590332031,138.70530700683594,-0.003169602263451015,0.09672285799255412,-0.003300233889343751,0.0,-0.007557478609192203,1
2024-10-31 04:00:00+00:00,139.37048713762516,140.1293731628675,138.55540480522964,139.4267120361328,8400900,0.0,0.0,5705.4501953125,,480.0281982421875,139.4267120361328,0.005187512387436374,0.11354529285235584,-0.018614700871699585,0.0,-0.025242820726775084,1
2024-11-01 04:00:00+00:00,142.85567635754418,146.0879144299616,142.12490998623852,143.408447265625,11728000,0.0,0.0,5728.7998046875,,483.5798950195313,143.408447265625,0.02815773198086475,0.2473662388350799,0.004092509543626166,0.0,0.007398933625878179,0
2024-11-04 05:00:00+00:00,144.67322646827606,144.67322646827606,142.9868370612147,144.2516326904297,6130000,0.0,0.0,5712.68994140625,,482.1711120605469,144.2516326904297,0.005862390358707466,0.244019558967242,-0.002812083478299976,0.0,-0.0029132372406167617,0
2024-11-05 05:00:00+00:00,144.77629241789495,144.9074552518701,142.92127111005306,143.72698974609375,5978900,0.0,0.0,5782.759765625,,488.3221435546875,143.72698974609375,-0.0036436282688490497,0.20507915030101584,0.012265644545291332,0.0,0.012756947358074422,0
2024-11-06 05:00:00+00:00,147.1840764500905,148.59876224448132,146.26592236778825,147.7649383544922,12118900,0.0,0.0,5929.0400390625,,501.5865173339844,147.7649383544922,0.027707161256384553,0.22928231212976644,0.025295927786425976,0.0,0.027163162585133405,0
2024-11-07 05:00:00+00:00,147.97105802476167,148.03663229229917,146.52825259081973,146.87490844726562,8143200,0.0,0.0,5973.10009765625,,509.4836120605469,146.87490844726562,-0.006041495229076562,0.2636089394583387,0.007431229727488331,0.0,0.015744232457716167,0
2024-11-08 05:00:00+00:00,146.71565246809922,147.63379235940167,145.84434521648393,147.02481079101562,6041500,0.0,0.0,5995.5400390625,,510.0790100097656,147.02481079101562,0.001020091867643716,0.214279935298573,0.0037568333092317108,0.0,0.0011686302270070836,0
2024-11-11 05:00:00+00:00,147.22155180374702,147.97105982961557,146.05981364886696,146.6219482421875,7771700,0.0,0.0,6001.35009765625,,509.7813415527344,146.6219482421875,-0.0027438600235830703,0.22066495448392862,0.0009690634297987444,0.0,-0.0005835732331458399,0
2024-11-12 05:00:00+00:00,147.37146805766736,147.5307362028583,145.32905888117622,145.4883270263672,5681900,0.0,0.0,5983.990234375,,508.8585815429687,145.4883270263672,-0.007761636634210149,0.2304985997327143,-0.00289265965137242,0.0,-0.0018101094225124736,0
2024-11-13 05:00:00+00:00,146.21909782668752,148.98289530295327,144.77629235788223,148.7018280029297,8824000,0.0,0.0,5985.3798828125,,508.2038879394531,148.7018280029297,0.021847289847737518,0.1902668593574937,0.00023222772482434095,0.0,-0.0012865924389648953,0
2024-11-14 05:00:00+00:00,149.75112371728045,151.61552290166804,149.60121925814178,151.58741760253906,10111200,0.0,0.0,5949.169921875,,504.6719970703125,151.58741760253906,0.019219325801020776,0.21239005027471705,-0.006049734794859041,0.0,-0.006949751768844048,0
2024-11-15 05:00:00+00:00,151.32509339791193,152.1308120039131,150.61305435801364,151.2313995361328,9022800,0.0,0.0,5870.6201171875,,492.6477355957031,151.2313995361328,-0.00235136134407111,0.2189343190647435,-0.013203489851361216,0.0,-0.023825893935886633,0
2024-11-18 05:00:00+00:00,151.9601597727098,152.8687470661849,150.54997568253643,152.14944458007812,6075400,1.63,0.0,5893.6201171875,,496.0704040527344,152.14944458007812,0.006052114785326252,0.2062467153477616,0.003917814394541086,0.0,0.0069474965776359365,0
2024-11-19 05:00:00+00:00,151.4112267746186,151.8371212101593,150.2471114664059,151.0515899658203,4657400,0.0,0.0,5916.97998046875,,499.4832763671875,151.0515899658203,-0.007241791993536171,0.20385818324246638,0.003963584828470035,0.0,0.0068798144105575165,0
2024-11-20 05:00:00+00:00,151.34497818203542,152.79302787604024,151.2219365604844,152.6889190673828,6391300,0.0,0.0,5917.10986328125,,499.1956176757813,152.6889190673828,0.010781209040900623,0.16653041778104224,2.195086225209586e-05,0.0,-0.000575912558070768,0
2024-11-21 05:00:00+00:00,153.34198033571445,153.9382268114043,152.65106978542133,152.97286987304688,7945200,0.0,0.0,5948.7099609375,,500.9913024902344,152.97286987304688,0.0018579416703037276,0.11161140346567983,0.0053404615405816536,0.0,0.0035971566072907635,0
2024-11-22 05:00:00+00:00,152.85926363383538,153.9003516698393,152.5185452258254,153.6637420654297,7005900,0.0,0.0,5969.33984375,,501.79486083984375,153.6637420654297,0.004506137457259418,0.10593990250778762,0.003467959094991535,0.0,0.001603936726276789,0
2024-11-25 05:00:00+00:00,153.46497710578913,154.43034829427623,151.26924757998927,151.77085876464844,10702400,0.0,0.0,5987.3701171875,,502.5885620117187,151.77085876464844,-0.012394846749938848,0.14739078815538553,0.003020480305938378,0.0,0.0015817243934035385,0
2024-11-26 05:00:00+00:00,153.61641313568907,154.2126739440887,152.75515073277936,153.8246307373047,7369500,0.0,0.0,6021.6298828125,,505.2870788574219,153.8246307373047,0.013441316800763423,0.1603452796878929,0.005722005647630368,0.0,0.005369236488195872,0
2024-11-27 05:00:00+00:00,154.04230318446955,155.85946311342175,152.95390484064254,153.4271240234375,7674500,0.0,0.0,5998.740234375,,501.3087158203125,153.4271240234375,-0.002587499856314782,0.15061997912788758,-0.003801238017440034,0.0,-0.007873470752716272,0
2024-11-29 05:00:00+00:00,153.55964214543127,154.03286138162673,152.05480844029086,153.25677490234375,5077000,0.0,0.0,6032.3798828125,,505.7136840820313,153.25677490234375,-0.0011109102186956641,0.15098488144445127,0.005607785488815242,0.0,0.008786937315683252,0
2024-12-02 05:00:00+00:00,153.5974766530396,154.2221294429564,151.5342479391672,153.5217742919922,6229600,0.0,0.0,6047.14990234375,,511.2198181152344,153.5217742919922,0.0017276270212258787,0.14743741874279748,0.0024484564662998753,0.0,0.010887848611804474,0
2024-12-03 05:00:00+00:00,154.25055227362722,154.45876991188916,152.74571843105747,153.24732971191406,5900100,0.0,0.0,6049.8798828125,,512.7872924804688,153.24732971191406,-0.001789258759858285,0.10531123851244673,0.0004514491145146682,0.0,0.0030661455399232374,0
2024-12-04 05:00:00+00:00,153.1621428324384,153.17160201841273,149.40478086537203,149.84014892578125,7862700,0.0,0.0,6086.490234375,,519.126953125,149.84014892578125,-0.022484098238397008,0.1551117154175043,0.006051417924264779,0.0,0.012363139136823964,0
2024-12-05 05:00:00+00:00,150.7581701424148,152.0642597882766,150.19031575315196,150.79603576660156,6358400,0.0,0.0,6075.10986328125,,517.6883544921875,150.79603576660156,0.006359115174396638,0.17633434645567433,-0.0018697756269248078,0.0,-0.002771188481261788,0
2024-12-06 05:00:00+00:00,150.2471036167477,150.3228204255666,146.85885224000046,146.92510986328125,9701700,0.0,0.0,6090.27001953125,,522.3214111328125,146.92510986328125,-0.02600516695923583,0.23443786077040987,0.0024954538421815275,0.0,0.008949509102188946,0
2024-12-09 05:00:00+00:00,148.5908633775953,151.5058960609137,148.42051135787568,148.6665802001953,9404500,0.0,0.0,6052.85009765625,,518.2538452148438,148.6665802001953,0.0117830814895489,0.27006913023699447,-0.006144213927296471,0.0,-0.00778747688927206,0
2024-12-10 05:00:00+00:00,150.54049645349454,150.97586449159598,148.30690115004938,148.59083557128906,9126200,0.0,0.0,6034.91015625,,516.4878540039062,148.59083557128906,-0.0005096231516983423,0.27160204018421985,-0.002963883313944371,0.0,-0.0034075795621070215,0
2024-12-11 05:00:00+00:00,148.45833411596135,148.75172772140422,147.45511168128397,147.84315490722656,13764700,0.0,0.0,6084.18994140625,,525.7342529296875,147.84315490722656,-0.005044510910369481,0.23076139476720825,0.008165786048233592,0.0,0.01790245182747574,0
2024-12-12 05:00:00+00:00,147.52136538239213,148.1460182626245,146.00707243694146,146.4235076904297,7621500,0.0,0.0,6051.25,,522.34130859375,146.4235076904297,-0.009648787383778208,0.21892284756210756,-0.005414022527810203,0.0,-0.006453725084546225,0
2024-12-13 05:00:00+00:00,146.5749174495109,146.66010788515882,144.8713398006262,145.62847900390625,5816200,0.0,0.0,6051.08984375,,526.3395385742188,145.62847900390625,-0.005444446102723994,0.130801945630908,-2.6466639124200775e-05,0.0,0.007654439567938542,0
2024-12-16 05:00:00+00:00,145.6474270986323,145.6474270986323,141.2559528279074,141.3600616455078,11961200,0.0,0.0,6074.080078125,,533.9191284179688,141.3600616455078,-0.02974845009006835,0.181946808339184,0.0037993543260221863,0.0,0.014400570901973442,0
2024-12-17 05:00:00+00:00,140.07289314407393,140.68807237114527,139.04127868079834,140.177001953125,11909300,0.0,0.0,6050.60986328125,,531.5678100585938,140.177001953125,-0.00840434037944623,0.16348317641384824,-0.003863994965801476,0.0,-0.0044038848473964,0
2024-12-18 05:00:00+00:00,139.84574057807092,140.70700303602638,136.26820438203026,136.36285400390625,10174500,0.0,0.0,5872.16015625,,512.3905639648438,136.36285400390625,-0.02758654674987952,0.18317369204534606,-0.02949284635160343,0.0,-0.036076763360889275,0
2024-12-19 05:00:00+00:00,136.8266149532351,137.0064261295859,133.4004979113396,133.58978271484375,16544300,0.0,0.0,5867.080078125,,510.1086730957031,133.58978271484375,-0.02054559547803168,0.17489509521959484,-0.0008651123249070469,0.0,-0.004453420944139808,0
2024-12-20 05:00:00+00:00,133.2774616826978,135.19873046875,133.02191927249024,135.19873046875,32209200,0.0,0.0,5930.85009765625,,514.563232421875,135.19873046875,0.011971992047985335,0.27237485027778363,0.010869123768910471,0.0,0.008732569276147517,0
2024-12-23 05:00:00+00:00,134.8485568189562,135.6719681548346,133.958902295999,135.31231689453125,8156500,0.0,0.0,5974.06982421875,,519.5764770507812,135.31231689453125,0.0008397914507666377,0.252927788728761,0.007287273468533639,0.0,0.0097427183153187,0
2024-12-24 05:00:00+00:00,135.43534123552897,136.32498120341754,134.64032200152687,136.1356964111328,3556100,0.0,0.0,6040.0400390625,,526.6217651367188,136.1356964111328,0.006066591034102449,0.27413071688455987,0.01104275925539211,0.0,0.013559674845035286,0
2024-12-26 05:00:00+00:00,135.97481012703494,136.58053015625447,135.24604847826149,136.26820373535156,4492600,0.0,0.0,6037.58984375,,526.2640380859375,136.26820373535156,0.0009728739904151405,0.19503836085068907,-0.00040565878647391695,0.0,-0.0006792864907290141,0
2024-12-27 05:00:00+00:00,136.56160069504404,137.90555603306467,135.7098118473174,136.28713989257812,5296500,0.0,0.0,5970.83984375,,519.2683715820312,136.28713989257812,0.0001389527499625558,0.08011576958946379,-0.011055736101235558,0.0,-0.01329307343391739,0
2024-12-30 05:00:00+00:00,136.0883742816351,136.2681998923719,134.72551508545442,135.40695190429688,6194800,0.0,0.0,5906.93994140625,,512.3621826171875,135.40695190429688,-0.006479280147223041,0.07098496083634931,-0.010701995701766776,0.0,-0.013299845210681727,0
2024-12-31 05:00:00+00:00,135.8328468496456,137.55535727419772,135.64356205287672,137.08213806152344,6137800,0.0,0.0,5881.6298828125,,508.0097961425781,137.08213806152344,0.012295591446660578,0.11144971872079174,-0.004284800394927402,0.0,-0.008494745752656852,0
2025-01-02 05:00:00+00:00,137.68786006818902,140.13914660085086,137.68786006818902,138.85198974609375,7170300,0.0,0.0,5868.5498046875,,507.0160827636719,138.85198974609375,0.012828249769036144,0.13296486561799756,-0.0022238866412221947,0.0,-0.001956090977874303,0
2025-01-03 05:00:00+00:00,139.6375458801251,140.5461332981337,139.41040985675323,139.9309539794922,5809000,0.0,0.0,5942.47021484375,,515.3134155273438,139.9309539794922,0.007740571257927468,0.13209197116755875,0.01259602672149196,0.0,0.016365028735270792,0
2025-01-06 05:00:00+00:00,140.4514673866933,142.27810119819767,139.00341763945414,139.37252807617188,5888700,0.0,0.0,5975.3798828125,,521.2359008789062,139.37252807617188,-0.003998708811629384,0.14492877027181023,0.005538045085450305,0.0,0.011492977231151169,0
2025-01-07 05:00:00+00:00,140.5555578349863,142.43897539967745,139.72270188542984,141.5777130126953,7736000,0.0,0.0,5909.02978515625,,511.9348754882813,141.5777130126953,0.015698368612989698,0.1231935315501523,-0.01110391288210788,0.0,-0.0178441764562679,0
2025-01-08 05:00:00+00:00,140.1107498207501,143.0825661465588,140.1012906346492,142.2497100830078,7640900,0.0,0.0,5918.25,,512.0243530273438,142.2497100830078,0.004735260029827836,0.12179901849327755,0.001560360190925314,0.0,0.00017478305024076768,0
2025-01-10 05:00:00+00:00,145.19313399177975,146.073314866317,142.78917211054946,144.93759155273438,11074700,0.0,0.0,5827.0400390625,,503.9952087402344,144.93759155273438,0.018719211762415946,0.14357115953030417,-0.01541164380306681,0.0,-0.01568117656833523,0
2025-01-13 05:00:00+00:00,145.84617250570506,148.9220975016141,145.75152288307515,147.0292205810547,11774100,0.0,0.0,5836.22021484375,,502.37548828125,147.0292205810547,0.014328099801682799,0.14867394584737437,0.0015754440882007614,0.0,-0.0032137616209347852,0
2025-01-14 05:00:00+00:00,146.8967164716856,148.50565892968726,146.18688764243447,148.49618530273438,6830200,0.0,0.0,5842.91015625,,501.8985290527344,148.49618530273438,0.009927923228058397,0.086582185707439,0.0011462798112440442,0.0,-0.0009494078426226515,0
2025-01-15 05:00:00+00:00,148.4772915579259,150.19034310600054,148.00407225993814,149.84962463378906,7900000,0.0,0.0,5949.91015625,,513.4453125,149.84962463378906,0.009073019097450211,0.08479716680141086,0.018312792279639112,0.0,0.023006210974673813,0
2025-01-16 05:00:00+00:00,149.56567081442472,151.33550613861817,149.56567081442472,150.84336853027344,5578900,0.0,0.0,5937.33984375,,509.84814453125,150.84336853027344,0.006609715137974503,0.07618256218814523,-0.0021126894641922966,0.0,-0.007005941784208991,0
2025-01-17 05:00:00+00:00,150.60676375826952,153.10536083109412,150.29443731897828,152.82142639160156,9260400,0.0,0.0,5996.66015625,,518.4535522460938,152.82142639160156,0.013028088026572883,0.04924927010915272,0.009991058969353706,0.0,0.016878374094615012,0
2025-01-21 05:00:00+00:00,152.51855989920426,152.7551695263774,149.0546059329337,149.76443481445312,10131400,0.0,0.0,6049.240234375,,521.4943237304688,149.76443481445312,-0.02020646687671449,0.21513535068581,0.008768227105582893,0.0,0.0058650798537331905,0
2025-01-22 05:00:00+00:00,149.2344066090553,149.95370906756915,147.89993938132136,148.03244018554688,7232200,0.0,0.0,6086.3701171875,,528.1619873046875,148.03244018554688,-0.011632184912731118,0.2296860064544587,0.006137941522227575,0.0,0.0127856877262289,0
2025-01-23 05:00:00+00:00,149.18709444802798,149.48048805089545,147.28474395981547,147.6538543701172,5979800,0.0,0.0,6118.7099609375,,529.2849731445312,147.6538543701172,-0.0025607275634770277,0.2129796029235552,0.00531348622041139,0.0,0.002126214810676874,1
2025-01-24 05:00:00+00:00,148.07975281621233,149.03565036510807,146.95348885217973,147.31312561035156,8003800,0.0,0.0,6101.240234375,,526.2938842773438,147.31312561035156,-0.002310285112856569,0.19652862530685242,-0.002855132319398823,0.0,-0.005651187959138881,1
2025-01-27 05:00:00+00:00,147.95672860472496,149.4331703158325,147.1901157502272,148.8085174560547,7141000,0.0,0.0,6012.27978515625,,510.9710083007813,148.8085174560547,0.01009993421694904,0.18028173611099582,-0.014580715690809543,0.0,-0.029114676104591952,1
2025-01-28 05:00:00+00:00,149.2628125656956,150.4079949896181,146.8683100288937,147.84315490722656,6425400,0.0,0.0,6067.7001953125,,518.5231323242188,147.84315490722656,-0.00650841405221785,0.12754757376324505,0.009217869449967608,0.0,0.014779946221512352,1
2025-01-29 05:00:00+00:00,147.37942044515816,148.19335822156788,146.5181578502872,147.3510284423828,5630600,0.0,0.0,6039.31005859375,,517.5493774414062,147.3510284423828,-0.0033342589287172356,0.10137424236152644,-0.004678895760321544,0.0,-0.0018779391354205588,1
2025-01-30 05:00:00+00:00,148.1744016107273,149.01673125464362,147.1901119757314,147.947265625,6931900,0.0,0.0,6071.169921875,,519.7552490234375,147.947265625,0.0040382081768734574,0.10540175893190344,0.005275414405311762,0.0,0.004262147107463088,1
2025-01-31 05:00:00+00:00,145.52435828895258,146.10168627118878,140.68805765000772,141.1991424560547,16726800,0.0,0.0,6040.52978515625,,519.0000610351562,141.1991424560547,-0.046684645141541255,0.3542434916649811,-0.005046825754019935,0.0,-0.0014529684687171196,0
2025-02-03 05:00:00+00:00,141.0193246325333,142.77970067204927,139.88360141641107,141.3411102294922,7605000,0.0,0.0,5994.56982421875,,514.846435546875,141.3411102294922,0.0010049384753915028,0.32919284614731226,-0.007608597684666707,0.0,-0.008003131020826393,0
2025-02-04 05:00:00+00:00,140.75433248634852,145.17419847335108,140.75433248634852,145.0133056640625,8458100,0.0,0.0,6037.8798828125,,521.1663208007812,145.0133056640625,0.02564931115233254,0.41933011017736205,0.007224881828679752,0.0,0.012275282137659493,0
2025-02-05 05:00:00+00:00,144.79563903808594,145.56225195334014,144.13312049953944,144.79563903808594,6533700,0.0,0.0,6061.47998046875,,523.5313720703125,144.79563903808594,-0.0015021390532252096,0.41967785733971663,0.003908672930614365,0.0,0.004537997132848748,0
2025-02-06 05:00:00+00:00,145.95975189962596,146.94404162093122,142.9690026655929,143.76400756835938,6420500,0.0,0.0,6083.56982421875,,526.2640380859375,143.76400756835938,-0.007150243473884794,0.41450367684040634,0.003644298722618622,0.0,0.005219679586380144,0
2025-02-07 05:00:00+00:00,144.31293376226424,145.5716986594751,143.78293053007127,144.4454345703125,4724900,0.0,0.0,6025.990234375,,519.6261596679688,144.4454345703125,0.004728701923552924,0.19942961952999674,-0.009464770111542897,0.0,-0.012613209221194799,0
2025-02-10 05:00:00+00:00,146.02598793503049,147.45511929423674,145.80831112644807,147.42672729492188,5653800,0.0,0.0,6066.43994140625,,525.916259765625,147.42672729492188,0.02042946744202179,0.22387880839147592,0.006712541085862833,0.0,0.012105048948412245,0
2025-02-11 05:00:00+00:00,147.9756639524015,150.20925937045115,147.7579727014289,149.0072784423828,6011800,0.0,0.0,6068.5,,524.6641845703125,149.0072784423828,0.010663865109515742,0.17008447836526278,0.00033958278885926063,0.0,-0.002380750113849861,0
2025-02-12 05:00:00+00:00,148.35423425502728,149.0356711275,146.29100526557212,146.6033172607422,6693500,0.0,0.0,6051.97021484375,,524.9722900390625,146.6033172607422,-0.016264736190137918,0.22981364507566585,-0.0027238667143857365,0.0,0.00058724318871195,0
2025-02-13 05:00:00+00:00,146.48976503712422,148.0419237601204,145.10797277134463,147.53085327148438,7836400,0.0,0.0,6115.06982421875,,532.5243530273438,147.53085327148438,0.006306911458957739,0.21356510131120918,0.010426292122230674,0.0,0.014385641169211594,0
2025-02-14 05:00:00+00:00,148.4016382951856,150.66957196806092,148.21025401337786,148.6504364013672,5828800,1.71,0.0,6114.6298828125,,534.76025390625,148.6504364013672,0.007560156576303539,0.21413935478987053,-7.194380749464546e-05,0.0,0.004198682869986037,0
2025-02-18 05:00:00+00:00,148.6504555080225,150.5356208595904,148.11457360940784,149.43515014648438,5981500,0.0,0.0,6129.580078125,,535.9724731445312,149.43515014648438,0.005265035233215573,0.17139589865165358,0.0024449877750611915,0.0,0.002266846179061366,0
2025-02-19 05:00:00+00:00,149.77964420696725,151.5404031470938,149.28203334069278,150.4590606689453,4945800,0.0,0.0,6144.14990234375,,536.12158203125,150.4590606689453,0.006828504613605547,0.16208755413065515,0.0023769693899173827,0.0,0.0002782025088787776,0
2025-02-20 05:00:00+00:00,150.71743266034437,152.10498705656278,150.3059571545888,151.95187377929688,6256200,0.0,0.0,6117.52001953125,,533.845947265625,151.95187377929688,0.009872825787629401,0.02743566238094949,-0.0043341850761716705,0.0,-0.004244624432023669,0
2025-02-21 05:00:00+00:00,151.32029830699278,152.10497825462284,150.0667144505024,150.1623992919922,6689800,0.0,0.0,6013.1298828125,,522.7662963867188,150.1623992919922,-0.011846480451476427,0.13902662783023842,-0.01706412670256352,0.0,-0.02075439728568995,0
2025-02-24 05:00:00+00:00,150.32507024061132,151.51167611752336,149.99971551041563,151.0906219482422,5925000,0.0,0.0,5983.25,,516.5953369140625,151.0906219482422,0.006162431765221081,0.1368143278431304,-0.00496910650440241,0.0,-0.011804432526176578,0
2025-02-25 05:00:00+00:00,151.18632599300065,152.14326200626982,148.76527904756446,149.68392944335938,6810900,0.0,0.0,5955.25,,510.0866088867187,149.68392944335938,-0.009353868237114352,0.16059112465412193,-0.004679730915472358,0.0,-0.012599277543278609,0
2025-02-26 05:00:00+00:00,149.87530655354917,149.94229908008083,147.75090753761776,148.45904541015625,6005200,0.0,0.0,5956.06005859375,,511.31878662109375,148.45904541015625,-0.008216802192884464,0.1577464130088216,0.00013602428004699796,0.0,0.002415624548670836,0
2025-02-27 05:00:00+00:00,148.9853787390542,151.47340375443977,148.14327032681123,149.9231719970703,7517200,0.0,0.0,5861.56982421875,,497.1188354492187,149.9231719970703,0.009813844475331172,0.1574510873621112,-0.015864553655509872,0.0,-0.027771229110730378,0
2025-02-28 05:00:00+00:00,149.95188426543484,151.83704955453953,148.24853917198277,151.78919982910156,8828500,0.0,0.0,5954.5,,504.9690551757813,151.78919982910156,0.012369738861911101,0.16248833032829627,0.01585414463498891,0.0,0.015791434897993284,0
2025-03-03 05:00:00+00:00,152.5930378953846,153.19589771304916,145.22461819745502,146.49734497070312,9059800,0.0,0.0,5849.72021484375,,493.9190673828125,146.49734497070312,-0.03548540983353854,0.30462150368254015,-0.0175967394669998,0.0,-0.021882504838088068,0
2025-03-04 05:00:00+00:00,144.69831158687043,147.5116914064795,143.5882622257892,145.45428466796875,8826300,0.0,0.0,5778.14990234375,,492.4285278320313,145.45428466796875,-0.00714546270584437,0.3035710390860412,-0.012234826602200433,0.0,-0.0030177809467435424,0
2025-03-05 05:00:00+00:00,143.68393995212534,144.85140308407776,141.37773520284827,144.31552124023438,9288300,0.0,0.0,5842.6298828125,,498.8478393554687,144.31552124023438,-0.007859820222377887,0.30339754387780615,0.011159277893187936,0.0,0.013036026876223294,0
2025-03-06 05:00:00+00:00,144.02844639477914,146.72701319135606,143.03323928076978,146.36337280273438,7314700,0.0,0.0,5738.52001953125,,485.1248474121094,146.36337280273438,0.01409036215405522,0.3182931459630035,-0.017819007085749905,0.0,-0.027509374323621327,0
2025-03-07 05:00:00+00:00,147.32031458623948,150.66959104790246,147.09065925966198,149.60739135742188,8562600,0.0,0.0,5770.2001953125,,488.6922302246094,149.60739135742188,0.02192208733740833,0.35578390244021346,0.00552061780274804,0.0,0.0073535355517866385,0
2025-03-10 04:00:00+00:00,150.42076822634576,153.46381761762925,149.4446894435051,150.78440856933594,11750300,0.0,0.0,5614.56005859375,,469.7523193359375,150.78440856933594,0.00783658698929878,0.20803636465866726,-0.0269730913054258,0.0,-0.0387563167926096,0
2025-03-11 04:00:00+00:00,151.60736503023315,151.99971229867214,147.1671825286403,147.4447021484375,10466300,0.0,0.0,5572.06982421875,,468.62939453125,147.4447021484375,-0.022397853980081445,0.28252877254277015,-0.007567865323653167,0.0,-0.0023904614377954214,0
2025-03-12 04:00:00+00:00,147.02367298118705,148.1241437390545,145.6648253682329,146.09544372558594,9710200,0.0,0.0,5599.2998046875,,473.9158935546875,146.09544372558594,-0.009193072526849902,0.28581306477487234,0.004886869929446425,0.0,0.011280767030684036,0
2025-03-13 04:00:00+00:00,145.70306468936067,147.77961397999815,145.3777099658545,146.99493408203125,9022800,0.0,0.0,5521.52001953125,,465.3899230957031,146.99493408203125,0.006137991886275519,0.2705816175317698,-0.013890984206835322,0.0,-0.017990471674275144,0
2025-03-14 04:00:00+00:00,147.35858735830612,150.46862951578726,146.42077951760606,150.2581024169922,6671500,0.0,0.0,5638.93994140625,,476.63861083984375,150.2581024169922,0.021956374039661934,0.27074980494024053,0.021265869083087807,0.0,0.024170458331620237,0
2025-03-17 04:00:00+00:00,150.4494685371876,152.58343157906214,150.0092715833172,151.88487243652344,7615200,0.0,0.0,5675.1201171875,,479.72900390625,151.88487243652344,0.01076831748186711,0.2762477647248302,0.006416130719105961,0.0,0.006483723718816892,0
2025-03-18 04:00:00+00:00,152.8609585319371,154.15281334249093,151.98057918351753,153.88487243652344,9289500,0.0,0.0,5614.66015625,,471.5508728027344,153.88487243652344,0.013081925574717438,0.1820080953788507,-0.010653512117636543,0.0,-0.017047397670193476,0
2025-03-19 04:00:00+00:00,154.0380019431195,157.4542561553413,153.97100940872014,156.98536682128906,11503900,0.0,0.0,5675.2900390625,,477.8608703613281,156.98536682128906,0.01994785479035837,0.10381199468469518,0.010798495567894584,0.0,0.01338137181485699,0
2025-03-20 04:00:00+00:00,156.10497248665388,158.19108593291045,155.4159774067545,157.67434692382812,9545900,0.0,0.0,5662.89013671875,,476.2411804199219,157.67434692382812,0.00437921458337239,0.11295563899988706,-0.0021848931523151816,0.0,-0.0033894592377516908,0
2025-03-21 04:00:00+00:00,157.40641428884655,157.7891828637169,156.0858378826792,157.65521240234375,21625500,0.0,0.0,5667.56005859375,,477.8112182617187,157.65521240234375,-0.00012136205402850497,0.12355827230225178,0.0008246534476661349,0.0,0.0032967284358158544,0
2025-03-24 04:00:00+00:00,157.5977988320003,159.26285819724163,157.24373716958652,157.91358947753906,8068000,0.0,0.0,5767.56982421875,,488.29644775390625,157.91358947753906,0.001637532806747327,0.13467481559252367,0.017646000146633645,0.0,0.021944293251072944,0
2025-03-25 04:00:00+00:00,158.9279462975301,160.593020337307,157.9997171295821,158.79397583007812,7869200,0.0,0.0,5776.64990234375,,491.08294677734375,158.79397583007812,0.0055596311340052745,0.1263674908920235,0.0015743334544251475,0.0,0.005706572382934594,0
2025-03-26 04:00:00+00:00,160.16237430501576,161.6839136485428,160.0475466570834,160.73654174804688,10076100,0.0,0.0,5712.2001953125,,482.0466918945313,160.73654174804688,0.012159025468699078,0.07492219743470241,-0.011156934922627149,0.0,-0.018400669259870384,0
2025-03-27 04:00:00+00:00,160.047556148958,160.97578529595376,158.7078515046783,159.473388671875,6862700,0.0,0.0,5693.31005859375,,479.2999877929687,159.473388671875,-0.007889571860716964,0.11717871527074984,-0.003306980860763864,0.0,-0.005698004255080713,0
2025-03-28 04:00:00+00:00,159.52124687088678,159.93273699171942,158.18154215542623,158.93751525878906,4923000,0.0,0.0,5580.93994140625,,466.6810607910156,158.93751525878906,-0.003365926935293795,0.1234449651788028,-0.01973722070834405,0.0,-0.02632782667084843,0
2025-03-31 04:00:00+00:00,159.03319460112394,161.6456257667774,158.97578077796211,160.0858154296875,10675300,0.0,0.0,5611.85009765625,,466.6611633300781,160.0858154296875,0.007198878699734972,0.12965202748905902,0.005538521570653376,0.0,-4.263610120314176e-05,0
2025-04-01 04:00:00+00:00,160.08583269594766,161.3394312441549,159.0045048391752,161.2532958984375,6378600,0.0,0.0,5633.06982421875,,470.4229736328125,161.2532958984375,0.0072663772601935465,0.13253096642216067,0.0037812354559083605,0.0,0.008061117140947038,0
2025-04-02 04:00:00+00:00,160.1911063341101,160.74613105561582,158.7078669768042,159.30116271972656,7044900,0.0,0.0,5670.97021484375,,473.8563232421875,159.30116271972656,-0.012179879326746603,0.13985246452470224,0.006728194715792668,0.0,0.0072984309904364775,0
2025-04-03 04:00:00+00:00,153.22457911397106,154.4016208416313,149.09062341707818,149.39683532714844,15501000,0.0,0.0,5396.52001953125,,448.4891052246094,149.39683532714844,-0.06419042589532407,0.4717596685057279,-0.04839563335990149,0.0,-0.053533564444201764,0
2025-04-04 04:00:00+00:00,145.2246162268055,145.8944831732992,136.60262728490466,137.10980224609375,20374700,0.0,0.0,5074.080078125,,420.6339416503906,137.10980224609375,-0.0858240088587505,0.681604947129371,-0.05974960534553109,0.0,-0.0621088968488287,0
2025-04-07 04:00:00+00:00,132.75573084190827,139.89448002294344,131.37774062774818,134.1145782470703,17817000,0.0,0.0,5062.25,,421.6490478515625,134.1145782470703,-0.02208758492706317,0.6100998719081333,-0.0023314724921273955,0.0,0.0024132769628362194,0
2025-04-08 04:00:00+00:00,137.94232848673326,138.26769784742964,129.06196293576758,131.0332489013672,12904400,0.0,0.0,4982.77001953125,,414.0557556152344,131.0332489013672,-0.02324339673471285,0.5050793416855793,-0.015700524562941354,0.0,-0.018008560140283514,0
2025-04-09 04:00:00+00:00,129.20551748408616,141.1193691169662,128.11461090424456,139.7413787841797,16846800,0.0,0.0,5456.89990234375,,463.7551879882813,139.7413787841797,0.0643423204534493,0.9126758400791185,0.09515387644904849,0.0,0.12003077290689967,0
2025-04-10 04:00:00+00:00,137.0523792026675,137.4447264788507,127.70311011351576,129.16722106933594,20991200,0.0,0.0,5268.0498046875,,444.03070068359375,129.16722106933594,-0.07868556759230082,0.955484594794197,-0.03460757958472693,0.0,-0.04253211137162738,0
2025-04-11 04:00:00+00:00,129.1959353048823,131.2150710240119,126.35383397033291,129.78924560546875,17224400,0.0,0.0,5363.35986328125,,452.2110900878906,129.78924560546875,0.004804094992840748,0.8241148995095996,0.018092095201708958,0.0,0.018423026587357505,0
2025-04-14 04:00:00+00:00,132.51650645263078,132.57392028210674,128.32513628234034,129.4925994873047,9628200,0.0,0.0,5405.97021484375,,455.2762756347656,129.4925994873047,-0.0022882145681481256,0.8192665645143753,0.007944712390868913,0.0,0.006778218433960204,0
2025-04-15 04:00:00+00:00,128.53565754600254,130.74617749041272,128.4686650135366,128.7461700439453,9334800,0.0,0.0,5396.6298828125,,455.7838439941406,128.7461700439453,-0.005780940820575786,0.8067576074726529,-0.0017277808903947145,0.0,0.001114857914938261,0
2025-04-16 04:00:00+00:00,129.5691395487782,131.62656088428986,128.99498666109196,129.53086853027344,8637200,0.0,0.0,5275.7001953125,,442.0403137207031,129.53086853027344,0.006076427893929265,0.5689797219760178,-0.0224083715440897,0.0,-0.030153614382202987,0
2025-04-17 04:00:00+00:00,130.80360736282756,134.20073368534716,130.57393742550929,131.9327850341797,8434400,0.0,0.0,5282.7001953125,,441.9607238769531,131.9327850341797,0.018373368847498954,0.14774374266912443,0.0013268380955802073,0.0,-0.0001800510977835179,0
2025-04-21 04:00:00+00:00,130.16245357204318,130.42081580813482,126.63135699526188,127.97106170654295,9967500,0.0,0.0,5158.2001953125,,431.0236206054687,127.97106170654295,-0.030488430669369557,0.2865004909262178,-0.023567493023827546,0.0,-0.024746776536028636,0
2025-04-22 04:00:00+00:00,129.435156253727,132.28683600618854,129.1289443309788,131.38731384277344,7984700,0.0,0.0,5287.759765625,,442.3388977050781,131.38731384277344,0.026345397350067194,0.3540182001385339,0.025117204723895226,0.0,0.026252104429252965,0
2025-04-23 04:00:00+00:00,131.30121118256395,132.58350207634803,129.3299105139617,130.7940216064453,10002000,0.0,0.0,5375.85986328125,,452.3703002929687,130.7940216064453,-0.004525823686233058,0.35218549100272567,0.01666113847096007,0.0,0.022678092837720154,0
2025-04-24 04:00:00+00:00,131.98061527031635,133.3968765037219,131.31076297084647,133.0811004638672,7745800,0.0,0.0,5484.77001953125,,465.0987243652344,133.0811004638672,0.017334988700764112,0.36683193944483417,0.020259113708281262,0.0,0.028137178908567595,1
2025-04-25 04:00:00+00:00,132.37296871620254,133.06196385682404,131.33947600527026,132.7557373046875,6878500,0.0,0.0,5525.2099609375,,470.28363037109375,132.7557373046875,-0.0024478422507098812,0.3498580720057529,0.007373133469998461,0.0,0.011147968666084251,1
2025-04-28 04:00:00+00:00,132.9853995706344,134.41123949385766,132.70787994851045,134.06674194335938,6715500,0.0,0.0,5528.75,,470.1343688964844,134.06674194335938,0.009826872101458765,0.20766944502693135,0.0006407067039131409,0.0,-0.0003173860729356326,1
2025-04-29 04:00:00+00:00,132.71746166907826,133.98060964848048,132.60263401686493,133.3011932373047,7343800,0.0,0.0,5560.830078125,,473.23931884765625,133.3011932373047,-0.005726571495038151,0.1615987029331126,0.005802410694099036,0.0,0.006604388354886526,1
2025-04-30 04:00:00+00:00,132.0571568723766,132.200691419608,128.36338363956017,130.20069885253906,13858000,0.0,0.0,5569.06005859375,,473.1795959472656,130.20069885253906,-0.023534081371177247,0.24918090791102465,0.00147999135976562,0.0,-0.00012620020782727615,1
2025-05-01 04:00:00+00:00,129.58826713441354,132.00931396718812,129.3011834234551,130.39208984375,10199800,0.0,0.0,5604.14013671875,,479.3596801757813,130.39208984375,0.0014688896540930667,0.19571852803338524,0.006299102138585644,0.0,0.013060758074624257,1
2025-05-02 04:00:00+00:00,131.94234884559893,133.76052152195993,129.46387334878048,132.53564453125,12393200,0.0,0.0,5686.669921875,,486.4752197265625,132.53564453125,0.01630563763315095,0.24473204890981387,0.01472657412963474,0.0,0.014843842411134567,0
2025-05-05 04:00:00+00:00,130.880153625731,131.10024483881313,129.35861413944443,129.6648406982422,9665000,0.0,0.0,5650.3798828125,,483.5892028808594,129.6648406982422,-0.02189865174584355,0.2646000404038952,-0.006381597588933863,0.0,-0.005932505354178774,0
2025-05-06 04:00:00+00:00,130.47824591385373,131.39689641289212,129.22464733016898,129.7605438232422,9916200,0.0,0.0,5606.91015625,,479.0909729003906,129.7605438232422,0.0007378085187612952,0.2699877888890281,-0.007693239651855532,0.0,-0.009301758504267066,0
2025-05-07 04:00:00+00:00,130.2103078482285,130.43039907241194,128.82273876100595,129.94235229492188,8422100,0.0,0.0,5631.27978515625,,480.9718933105469,129.94235229492188,0.001400126868802546,0.21726891690181696,0.00434635623313584,0.0,0.003926019308544415,0
2025-05-08 04:00:00+00:00,130.80358518674376,132.90884148267023,130.59305809698265,131.1385040283203,8669300,0.0,0.0,5663.93994140625,,485.9378662109375,131.1385040283203,0.009163139110372504,0.22803223743341114,0.005799775094835535,0.0,0.010324871306324424,0
2025-05-09 04:00:00+00:00,132.91840994913653,133.368171055509,131.77008962290932,132.5260772705078,5965700,0.0,0.0,5659.91015625,,485.6194152832031,132.5260772705078,0.010525388320126172,0.2064909127335873,-0.0007114809122162891,0.0,-0.0006553326050046104,0
2025-05-12 04:00:00+00:00,136.31552937890692,137.52127807601758,134.51649963994018,135.52127075195312,8028200,0.0,0.0,5844.18994140625,,505.4036254882813,135.52127075195312,0.022349172068391387,0.1389449758866521,0.032558782749008364,0.0,0.04074015490822269,0
2025-05-13 04:00:00+00:00,135.43515408561558,137.0619424034004,134.8514225278692,136.2198486328125,8536800,0.0,0.0,5886.5498046875,,513.1063842773438,136.2198486328125,0.00514150689711302,0.12565892188584313,0.0072482009835321826,0.0,0.015240806358721048,0
2025-05-14 04:00:00+00:00,135.6552430506502,136.10500414192558,134.6696001319024,135.56912231445312,6453600,0.0,0.0,5892.580078125,,516.1814575195312,135.56912231445312,-0.004788476585299087,0.15557872483123014,0.001024415597859818,0.0,0.005993051999379162,0
2025-05-15 04:00:00+00:00,133.97105763920374,136.3251269338918,133.50215368085938,136.13372802734375,7545400,0.0,0.0,5916.93017578125,,516.7487182617188,136.13372802734375,0.004156058906815172,0.15822817005697135,0.004132332074135769,0.0,0.001098956062686618,0
2025-05-16 04:00:00+00:00,136.55477421866905,136.84185795990106,134.64090207936974,135.98062133789062,8200100,0.0,0.0,5958.3798828125,,518.997802734375,135.98062133789062,-0.0011253115167737281,0.16553548007682392,0.007005272294898557,0.0,0.004352375522520768,0
2025-05-19 04:00:00+00:00,135.0895205387903,135.1379530922306,132.81332354295895,134.1403045654297,7713600,1.71,0.0,5963.60009765625,,519.4954223632812,134.1403045654297,-0.01362608424760938,0.12105104804477883,0.0008761131291423752,0.0,0.000958808739236483,0
2025-05-20 04:00:00+00:00,133.9465712898682,134.39213007997776,132.7261507805871,132.9586181640625,6503900,0.0,0.0,5940.4599609375,,517.7637939453125,132.9586181640625,-0.008848362989620238,0.10882802537621866,-0.0038802294486252054,0.0,-0.003333289079028412,0
2025-05-21 04:00:00+00:00,132.32901211194675,132.82300340798443,131.23451338564018,131.30230712890625,9073200,0.0,0.0,5844.60986328125,,510.5686340332031,131.30230712890625,-0.012535585598069584,0.12170396677950752,-0.01613513066101424,0.0,-0.01389660690115646,0
2025-05-22 04:00:00+00:00,130.7502362326262,131.71882820915772,129.56855283889448,131.04080200195312,8877600,0.0,0.0,5842.009765625,,511.5239562988281,131.04080200195312,-0.00199361221594072,0.0924211188444346,-0.00044487103794299543,0.0,0.0018710947009779044,0
2025-05-23 04:00:00+00:00,130.16905929459546,132.4936738435721,129.84942220769184,132.25152587890625,7025900,0.0,0.0,5802.81982421875,,506.7869262695313,132.25152587890625,0.009196868139013195,0.14955313760394556,-0.006708297825321674,0.0,-0.009260622050963119,0
2025-05-27 04:00:00+00:00,133.06515894307807,133.636624612658,132.12562362483476,133.5010223388672,8348900,0.0,0.0,5921.5400390625,,518.7091674804688,133.5010223388672,0.00940352727145614,0.1602958587632242,0.0204590558452733,0.0,0.02352515543109468,0
2025-05-28 04:00:00+00:00,134.4211718776747,134.4308524752611,131.39917012242225,131.74786376953125,6876300,0.0,0.0,5888.5498046875,,516.4102783203125,131.74786376953125,-0.013219162763013326,0.17608066014022775,-0.005571225417268844,0.0,-0.004431942414518497,0
2025-05-29 04:00:00+00:00,132.21278840504667,133.60756304305687,131.8253575742833,133.57850646972656,7554300,0.0,0.0,5912.169921875,,517.4254150390625,133.57850646972656,0.013799395425388427,0.17445247676977757,0.004011194261904327,0.0,0.001965756224008297,0
2025-05-30 04:00:00+00:00,132.58084834739924,133.1329379798525,130.96330183893053,132.406494140625,12858900,0.0,0.0,5911.68994140625,,516.609375,132.406494140625,-0.008812676741883619,0.1935034587501507,-8.118516130162234e-05,0.0,-0.0015771162670873418,0
2025-06-02 04:00:00+00:00,134.14030530905538,134.33402074435017,132.14499346485204,133.51071166992188,9076600,0.0,0.0,5935.93994140625,,520.689697265625,133.51071166992188,0.008305020148832967,0.19152862275502067,0.0041020419271569075,0.0,0.007898273750113427,0
2025-06-03 04:00:00+00:00,133.32665885155754,136.17432118289693,132.30964925854062,135.1669921875,9001300,0.0,0.0,5970.3701171875,,524.7598876953125,135.1669921875,0.012329281327340492,0.1997061315022786,0.005800290454605506,0.0,0.007816921385350728,0
2025-06-04 04:00:00+00:00,135.04108206593415,136.21308477783828,133.0167285249121,133.0554656982422,8735600,0.0,0.0,5970.81005859375,,526.2228393554688,133.0554656982422,-0.015744916564868813,0.2126037635877775,7.36874595066439e-05,0.0,0.0027878496326794178,0
2025-06-05 04:00:00+00:00,133.81095955160248,133.9465618208254,132.40650431046387,132.6002197265625,6342600,0.0,0.0,5939.2998046875,,522.261962890625,132.6002197265625,-0.003427341798366164,0.18571995714159367,-0.005277383403094138,0.0,-0.007526994589773239,0
2025-06-06 04:00:00+00:00,133.75286460015417,136.19372055775398,133.75286460015417,135.80628967285156,6563500,0.0,0.0,6000.35986328125,,527.3672485351562,135.80628967285156,0.023890794944430718,0.24112149608764635,0.010280683010067904,0.0,0.00977533499907679,0
2025-06-09 04:00:00+00:00,136.13559323724263,137.67565079685772,135.3026036197932,136.3389892578125,7159500,0.0,0.0,6005.8798828125,,528.1435546875,136.3389892578125,0.003914822754911048,0.2394196974855093,0.0009199480792858594,0.0,0.0014720408870669832,0
2025-06-10 04:00:00+00:00,137.753127523428,140.38769841221557,137.452866428966,138.84764099121094,9841500,0.0,0.0,6038.81005859375,,531.63671875,138.84764099121094,0.018232871475311784,0.255207551577175,0.00548298940767844,0.0,0.006614042775864082,0
2025-06-11 04:00:00+00:00,139.6612614055957,140.5620447331385,138.13088450697597,140.23272705078125,9256700,0.0,0.0,6022.240234375,,529.8453369140625,140.23272705078125,0.009926154546893681,0.1733113745348333,-0.002743888954607865,0.0,-0.0033695600261574032,0
2025-06-12 04:00:00+00:00,139.9615239485203,140.63953529547732,138.92512356281972,140.41676330566406,6999400,0.0,0.0,6045.259765625,,531.0892944335938,140.41676330566406,0.001311502693471615,0.1511563929382428,0.0038224199557175265,0.0,0.0023477747804223625,0
2025-06-13 04:00:00+00:00,142.46050605920323,142.96417801246324,140.00027422483112,141.32725524902344,14148000,0.0,0.0,5976.97021484375,,524.4215698242188,141.32725524902344,0.006463279097106162,0.10415761929871481,-0.011296379879250695,0.0,-0.012554808916805826,0
2025-06-16 04:00:00+00:00,141.1528856766154,142.25707979063503,139.2253973606514,141.44346618652344,10105100,0.0,0.0,6033.10986328125,,531.7161865234375,141.44346618652344,0.000821944672720282,0.11362718554381843,0.009392659896159117,0.0,0.013909833460251875,0
2025-06-17 04:00:00+00:00,142.70264765976103,145.2694103055945,141.89871460212234,144.17491149902344,11330300,0.0,0.0,5982.72021484375,,526.5314331054688,144.17491149902344,0.01912712065886413,0.11906949013083107,-0.008352184790166306,0.0,-0.009750979092565615,0
2025-06-18 04:00:00+00:00,144.74636909049636,145.45343700595816,143.0610139431571,143.53562927246094,9841900,0.0,0.0,5980.8701171875,,526.4417724609375,143.53562927246094,-0.0044439336627882745,0.14229042005217402,-0.0003092402101070313,0.0,-0.00017028545475894497,0
2025-06-20 04:00:00+00:00,143.85527206495007,145.19191882700184,143.2547350412938,144.85292053222656,23705900,0.0,0.0,5967.83984375,,524.292236328125,144.85292053222656,0.009135594477002925,0.1415442103635398,-0.002178658486505891,0.0,-0.004083141280305624,0
2025-06-23 04:00:00+00:00,147.34219404271673,147.37125061714534,141.72437288660473,142.24740600585938,10540600,0.0,0.0,6025.169921875,,529.6832275390625,142.24740600585938,-0.0181510490908945,0.22320023395656233,0.009606504133156335,0.0,0.010282416632169111,0
2025-06-24 04:00:00+00:00,140.00026307425196,141.79216395436643,138.6636163371751,139.04136657714844,10778400,0.0,0.0,6092.18017578125,,537.783203125,139.04136657714844,-0.022796347249818643,0.2816898342233964,0.01112172017970181,0.0,0.015292112653010337,0
2025-06-25 04:00:00+00:00,138.90576902366007,139.6709501277088,138.0340274390483,138.73141479492188,7386100,0.0,0.0,6092.16015625,,539.157958984375,138.73141479492188,-0.0022316938998655587,0.20407630346712655,-3.2861029504172024e-06,0.0,0.002556338411810577,0
2025-06-26 04:00:00+00:00,139.18666374245086,140.52332539635574,138.89608319427057,139.90342712402344,7415700,0.0,0.0,6141.02001953125,,544.1992797851562,139.90342712402344,0.008412582095725294,0.23504946507297375,0.008020121275230219,0.0,0.00935035960570385,0
2025-06-27 04:00:00+00:00,140.00995825239727,140.1261845477499,138.0921504813839,139.27381896972656,9213500,0.0,0.0,6173.06982421875,,546.0623779296875,139.27381896972656,-0.004510462299602672,0.20027914404508082,0.005218970885222163,0.0,0.0034235586369515403,0
2025-06-30 04:00:00+00:00,138.5473750807455,139.57409488145575,137.92747687289466,138.6926727294922,6980300,0.0,0.0,6204.9501953125,,549.5992431640625,138.6926727294922,-0.004181418295595075,0.1783961493564469,0.005164427424532603,0.0,0.006477035183753976,0
2025-07-01 04:00:00+00:00,138.83795430565732,141.67593615390686,138.03402128460476,140.9979248046875,8508200,0.0,0.0,6198.009765625,,544.9664306640625,140.9979248046875,0.016484674841282545,0.14769953598307106,-0.001118531087121899,0.0,-0.008429437554041574,0
2025-07-02 04:00:00+00:00,142.39269426011495,143.3612861897847,140.90106919142113,143.3322296142578,8228700,0.0,0.0,6227.419921875,,548.7623291015625,143.3322296142578,0.016420047051597098,0.1659396533842909,0.004745096791088033,0.0,0.0069653802948459465,0
2025-07-03 04:00:00+00:00,143.19662366907048,144.30081784944207,142.73170369300337,143.70997619628906,5173300,0.0,0.0,6279.35009765625,,554.1622924804688,143.70997619628906,0.0026319948248116087,0.16686919372493866,0.008338955206607324,0.0,0.00984025887445128,0
2025-07-07 04:00:00+00:00,142.7704315185547,143.51625137474534,141.00760205246786,142.7704315185547,9460900,0.0,0.0,6229.97998046875,,549.9878540039062,142.7704315185547,-0.006559248178865988,0.17494921635011637,-0.007862297279128794,0.0,-0.007532880770139472,0
2025-07-08 04:00:00+00:00,142.6929553571868,148.42701721191406,142.63482743262855,148.42701721191406,14082100,0.0,0.0,6225.52001953125,,550.2966918945312,148.42701721191406,0.03885540457687737,0.2727456099028193,-0.0007158868810946961,0.0,0.0005615358382493607,0
2025-07-09 04:00:00+00:00,148.1364391015312,149.12440692145196,147.69088034994698,148.21392822265625,9495900,0.0,0.0,6263.259765625,,554.1921997070312,148.21392822265625,-0.0014366797921158102,0.2898069191372345,0.0060621034026635545,0.0,0.007078922824501843,0
2025-07-10 04:00:00+00:00,147.99114307559728,150.40294211604734,146.91600552497962,149.3278045654297,8395100,0.0,0.0,6280.4599609375,,553.3952026367188,149.3278045654297,0.007487229007238237,0.2841897683675653,0.0027462050044453346,0.0,-0.0014381239409970714,0
2025-07-11 04:00:00+00:00,149.4440237931324,150.9937766002345,148.7466512874284,150.43199157714844,8333200,0.0,0.0,6259.75,,552.1497802734375,150.43199157714844,0.007367178788476531,0.28031121376880735,-0.0032975229626984737,0.0,-0.0022505116729369945,0
2025-07-14 04:00:00+00:00,150.03487113343084,150.03487113343084,146.39297111068112,146.88694763183594,10706300,0.0,0.0,6268.56005859375,,554.1524047851562,146.88694763183594,-0.0238478716821203,0.35755213134984754,0.001407413809457303,0.0,0.003626958813108594,0
2025-07-15 04:00:00+00:00,146.8385296703238,147.5262216039968,145.53092476725513,145.9571075439453,7346300,0.0,0.0,6243.759765625,,554.660400390625,145.9571075439453,-0.006350432568709628,0.20470259452322437,-0.003956298214731202,0.0,0.0009167073914724266,0
2025-07-16 04:00:00+00:00,146.02491740375555,146.72230479175397,144.5332923002558,145.2113037109375,7923400,0.0,0.0,6263.7001953125,,555.2283325195312,145.2113037109375,-0.005122845990318071,0.20419716764481982,0.003193657417327689,0.0,0.0010239276654802065,0
2025-07-17 04:00:00+00:00,144.47516736386297,147.0709864900446,143.9327582795587,146.6254425048828,8359600,0.0,0.0,6297.35986328125,,559.7216186523438,146.6254425048828,0.009691376295719083,0.21250300575091557,0.00537376740890938,0.0,0.008092681640403221,0
2025-07-18 04:00:00+00:00,150.1511127019564,151.013158857141,141.92776257609933,145.3275146484375,45782600,0.0,0.0,6296.7900390625,,559.1836547851562,145.3275146484375,-0.008891407848448368,0.1894877104303031,-9.048620868445933e-05,0.0,-0.0009611275485174042,0
2025-07-21 04:00:00+00:00,146.45108454888867,146.9063239000828,144.446107107695,144.97882080078125,17982200,0.0,0.0,6305.60009765625,,562.0828857421875,144.97882080078125,-0.0024022487473688977,0.11533029460632659,0.001399134882868358,0.0,0.00518475626428172,0
2025-07-22 04:00:00+00:00,144.57201418791792,146.19925618102536,143.8165137273983,145.3275146484375,26196500,0.0,0.0,6309.6201171875,,559.1737060546875,145.3275146484375,0.0024022487473690005,0.11420481161495456,0.0006375316336257875,0.0,-0.005175712979872404,0
2025-07-23 04:00:00+00:00,146.17019609663046,148.33015173163832,145.7440133282081,148.31077575683594,13162800,0.0,0.0,6358.91015625,,561.7242431640625,148.31077575683594,0.020319991327603405,0.17893412153718305,0.007811886951519131,0.0,0.0045612608063612115,0
2025-07-24 04:00:00+00:00,147.8943060952129,151.10034306081533,147.41969072265667,150.93568420410156,15701000,0.0,0.0,6363.35009765625,,562.9197387695312,150.93568420410156,0.01754390527242052,0.20133238025857103,0.0006982236416543941,0.0,0.0021282606546138005,1
2025-07-25 04:00:00+00:00,150.935672131464,151.29404639214457,149.12441007294683,149.9767608642578,7875500,0.0,0.0,6388.64013671875,,564.2747192382812,149.9767608642578,-0.006373459134650525,0.19024981907180366,0.00397432777929585,0.0,0.0024070580145436615,1
2025-07-28 04:00:00+00:00,150.5191706798661,151.63306019804276,150.0833072942922,151.3715362548828,8755400,0.0,0.0,6389.77001953125,,566.0382690429688,151.3715362548828,0.009256965205820995,0.17396812286155888,0.00017685810881817865,0.0,0.0031253390317895757,1
2025-07-29 04:00:00+00:00,151.75896362600946,152.27233090254234,150.56759979143226,152.0979766845703,6446000,0.0,0.0,6370.85986328125,,565.1614990234375,152.0979766845703,0.004787576914766839,0.16935151349783023,-0.002959442388724254,0.0,-0.0015489589087566147,1
2025-07-30 04:00:00+00:00,151.23592234100212,151.40058117267387,147.9039642001347,148.73695373535156,9191700,0.0,0.0,6362.89990234375,,565.9186401367188,148.73695373535156,-0.022345562044198287,0.24524693006476908,-0.0012494327466496813,0.0,0.0013396898312951766,1
2025-07-31 04:00:00+00:00,147.22596723103592,149.09534248393533,146.3929776147314,146.8772735595703,10237100,0.0,0.0,6339.39013671875,,562.9197387695312,146.8772735595703,-0.012581970265377234,0.20364596063009652,-0.0036948193411530106,0.0,-0.005299174041100696,1
2025-08-01 04:00:00+00:00,147.74898469548356,149.7927139573665,145.6277810966289,146.64479064941406,10706500,0.0,0.0,6238.009765625,,551.8309936523438,146.64479064941406,-0.0015840918766893868,0.2051128028969986,-0.015992133140148468,0.0,-0.019698625493975497,0
2025-08-04 04:00:00+00:00,146.49952285974612,147.30345589923192,145.11444355597828,146.29611206054688,10116600,0.0,0.0,6329.93994140625,,562.0131225585938,146.29611206054688,-0.0023805398993734035,0.1695124585496671,0.01473710033091602,0.0,0.018451535023175536,0
2025-08-05 04:00:00+00:00,146.28644236804126,148.29143481711264,145.19192872504829,148.23330688476562,8604100,0.0,0.0,6299.18994140625,,558.1973266601562,148.23330688476562,0.01315469786621288,0.21095319848503896,-0.004857865996303334,0.0,-0.006789513883707743,0
2025-08-06 04:00:00+00:00,149.62806374826005,150.28671388677162,147.43905150400815,147.98146057128906,7840900,0.0,0.0,6345.06005859375,,565.2212524414062,147.98146057128906,-0.0017004309158736629,0.14575907489583018,0.007281907295092482,0.0,0.012583230778398846,0
2025-08-07 04:00:00+00:00,148.95973590382275,150.27702142688074,148.02989599315765,148.3495330810547,6510400,0.0,0.0,6340.0,,567.1340942382812,148.3495330810547,0.002484199809935248,0.10360765760114175,-0.0007974800154801898,0.0,0.0033842354451689705,0
2025-08-08 04:00:00+00:00,149.15346540400066,150.85818175196025,148.6788500733605,150.14141845703125,6332800,0.0,0.0,6389.4501953125,,572.4244995117188,150.14141845703125,0.012006440345362562,0.11796225176833443,0.007799715348974834,0.0,0.009328314638785917,0
2025-08-11 04:00:00+00:00,150.46105488089842,151.0325205270144,148.18487289432937,148.6304168701172,6169700,0.0,0.0,6373.4501953125,,570.730712890625,148.6304168701172,-0.010114838755002584,0.15441073294051524,-0.0025041278217863283,0.0,-0.002958969475517881,0
2025-08-12 04:00:00+00:00,149.250327122246,151.14877381027765,148.54325915078513,149.58934020996094,6641600,0.0,0.0,6445.759765625,,577.9041137695312,149.58934020996094,0.006431006812879801,0.1328867735245876,0.01134543584661274,0.0,0.012568801217258008,0
2025-08-13 04:00:00+00:00,149.71525339533935,151.11001328222585,149.3568643510661,150.9744110107422,6581900,0.0,0.0,6466.580078125,,578.193115234375,150.9744110107422,0.009216551228754468,0.13719090577313744,0.0032300788824048965,0.0,0.0005000854950809597,0
2025-08-14 04:00:00+00:00,150.80976104621382,150.80976104621382,149.2600228207882,150.28672790527344,7337300,0.0,0.0,6468.5400390625,,577.7447509765625,150.28672790527344,-0.004565370112908006,0.15058750930762602,0.00030309080129242716,0.0,-0.0007754576213360176,0
2025-08-15 04:00:00+00:00,150.59665626990443,153.5605449577189,150.4126214542035,151.633056640625,11617000,0.0,0.0,6449.7998046875,,575.2042236328125,151.633056640625,0.008918512321177241,0.1396255338742927,-0.0028971350972291088,0.0,-0.004397317914971555,0
2025-08-18 04:00:00+00:00,151.22625321605025,151.57494688002484,149.88959170755783,150.4416961669922,8174300,0.0,0.0,6449.14990234375,,574.9750366210938,150.4416961669922,-0.007887892911563476,0.1278760252787297,-0.00010076318078544588,0.0,-0.0003984445911597856,0
2025-08-19 04:00:00+00:00,150.2947763784859,150.7648718260094,148.71798326552073,148.86488342285156,8567500,1.71,0.0,6411.3701171875,,567.1740112304688,148.86488342285156,-0.010536536378426666,0.1493071190103621,-0.005858103118756786,0.0,-0.013567589710448358,0
2025-08-20 04:00:00+00:00,149.27623569529183,150.324173416356,148.79633688694472,150.0597381591797,8076300,0.0,0.0,6395.77978515625,,563.8065185546875,150.0597381591797,0.007994397340932014,0.14421896276055787,-0.0024316693228262354,0.0,-0.005937318369851896,0
2025-08-21 04:00:00+00:00,149.66798715966345,152.45919493816282,149.57983211549114,152.3416748046875,7533600,0.0,0.0,6370.169921875,,561.1962280273438,152.3416748046875,0.01509238953601704,0.17882263560686812,-0.004004181529308926,0.0,-0.00462976294427242,0
2025-08-22 04:00:00+00:00,152.116423284921,155.51483835371138,152.116423284921,154.91741943359375,9084300,0.0,0.0,6466.91015625,,569.85400390625,154.91741943359375,0.016766338350344887,0.20301384910655823,0.015186444876893468,0.0,0.01542735935581585,0
2025-08-25 04:00:00+00:00,154.6431964390881,155.05454679705431,153.9282573823613,154.93701171875,7030000,0.0,0.0,6439.31982421875,,568.210205078125,154.93701171875,0.0001264612231589225,0.17932866431667657,-0.004266385548063467,0.0,-0.0028845964349764053,0
2025-08-26 04:00:00+00:00,154.2612342677764,156.69988155432912,153.32104334712696,154.1143341064453,10270000,0.0,0.0,6465.93994140625,,570.4915771484375,154.1143341064453,-0.0053239021060860455,0.15079891532412862,0.004133995191134998,0.0,0.004015014249874049,0
2025-08-27 04:00:00+00:00,154.1535214481866,156.6901124501049,153.96745286898627,155.95558166503906,7483000,0.0,0.0,6481.39990234375,,571.368408203125,155.95558166503906,0.01187647757701815,0.15498372140389846,0.0023909843081744153,0.0,0.0015369745843931693,0
2025-08-28 04:00:00+00:00,155.7303017027732,156.22979215881952,154.5942388748921,156.03392028808594,6502000,0.0,0.0,6501.85986328125,,574.9451293945312,156.03392028808594,0.0005021875685099511,0.14550867565101308,0.0031567194195349924,0.0,0.006259921164795568,0
2025-08-29 04:00:00+00:00,156.40607551014764,157.77720852103656,156.1612319307817,157.2875213623047,6934800,0.0,0.0,6460.259765625,,568.2898559570312,157.2875213623047,0.00800205537748512,0.10871121344636728,-0.00639818429357164,0.0,-0.01157549320316631,0
2025-09-02 04:00:00+00:00,157.1699804663553,158.52152175654427,156.09267772344916,158.4921417236328,8947300,0.0,0.0,6415.5400390625,,563.527587890625,158.4921417236328,0.0076295363225439995,0.10910633159096952,-0.006922279936861564,0.0,-0.00837999836964598,0
2025-09-03 04:00:00+00:00,156.69988473368073,158.51173312854013,153.7813535648543,154.79989624023438,9556100,0.0,0.0,6448.259765625,,567.9610595703125,154.79989624023438,-0.023571722184868357,0.2266265441605881,0.0051000736279842585,0.0,0.007867355165845025,0
2025-09-04 04:00:00+00:00,154.79990950877254,156.35711116021193,154.25146225624547,154.4375457763672,7243000,0.0,0.0,6502.080078125,,573.1019287109375,154.4375457763672,-0.0023435107168214477,0.20460228045449233,0.008346486409699372,0.0,0.009051446492677417,0
2025-09-05 04:00:00+00:00,152.84113851471756,153.4875290870537,150.32415453804802,150.4906463623047,11011700,0.0,0.0,6481.5,,573.9288940429688,150.4906463623047,-0.02588884831492381,0.2622783277838584,-0.003165152978388819,0.0,0.001442963791609131,0
2025-09-08 04:00:00+00:00,150.73549881751055,151.83239322752607,149.72674450600013,150.82363891601562,9462000,0.0,0.0,6495.14990234375,,576.728515625,150.82363891601562,0.002210268185373138,0.24364210011096268,0.0021059789159529885,0.0,0.004877993791721602,0
2025-09-09 04:00:00+00:00,151.71487273642916,153.7519730245314,151.41126910181018,151.65611267089844,7769200,0.0,0.0,6512.60986328125,,578.3624267578125,151.65611267089844,0.0055043410499767634,0.23515678320483652,0.0026881536531127015,0.0,0.002833068052898069,0
2025-09-10 04:00:00+00:00,151.8519854565324,154.6627848645788,151.8030137536052,154.53546142578125,7440800,0.0,0.0,6532.0400390625,,578.5517578125,154.53546142578125,0.01880805271642592,0.25891339357471665,0.002983469943562689,0.0,0.000327357113685256,0
2025-09-11 04:00:00+00:00,153.27207221201434,155.64215613599853,152.7921734431164,154.98597717285156,6417400,0.0,0.0,6587.47021484375,,581.9192504882812,154.98597717285156,0.002911049181323246,0.2590415412743844,0.008485890387959882,0.0,0.005820555603380573,0
2025-09-12 04:00:00+00:00,155.57360818038495,156.48441907489848,153.8597032143489,153.86949157714844,5546300,0.0,0.0,6584.2900390625,,584.4896850585938,153.86949157714844,-0.007229857146582845,0.14871896060606993,-0.00048276131466740146,0.0,0.0044171671037789295,0
2025-09-15 04:00:00+00:00,154.13393202645548,155.0545462589706,153.27207786085566,154.06536865234375,5030500,0.0,0.0,6615.27978515625,,589.4910888671875,154.06536865234375,0.0012721982919898225,0.14975085400695134,0.004706619226962694,0.0,0.008556872664215343,0
2025-09-16 04:00:00+00:00,154.98597294104133,156.79782125636666,154.8586495081833,156.24935913085938,8011000,0.0,0.0,6606.759765625,,588.992919921875,156.24935913085938,0.014076202926160372,0.16577061586255687,-0.0012879303382402618,0.0,-0.0008450830805090126,0
2025-09-17 04:00:00+00:00,155.9163823908857,157.3560637780451,155.33855515224772,156.78802490234375,5736800,0.0,0.0,6600.35009765625,,587.8173217773438,156.78802490234375,0.003441546157956698,0.1204959023335301,-0.0009701681605103207,0.0,-0.0019959461391949596,0
2025-09-18 04:00:00+00:00,156.7292700791216,156.98390202058138,154.8292815212722,155.56381225585938,6244200,0.0,0.0,6631.9599609375,,593.11767578125,155.56381225585938,-0.007838717557387274,0.1425502569786191,0.004789119185128365,0.0,0.009017008869149912,0
2025-09-19 04:00:00+00:00,155.72051537800837,155.72051537800837,152.34167699541194,152.98806762695312,16734000,0.0,0.0,6664.35986328125,,597.1326904296875,152.98806762695312,-0.016696086661381768,0.1853321334021336,0.004885418870829605,0.0,0.0067693390576313295,0
2025-09-22 04:00:00+00:00,152.4102211506432,153.87928257526158,151.94991404207084,152.83135986328125,5244000,0.0,0.0,6693.75,,600.667724609375,152.83135986328125,-0.0010248386027905637,0.1841553097977416,0.004410046474333074,0.0,0.005920014489817493,0
2025-09-23 04:00:00+00:00,153.8792804334777,156.53339127906898,153.751971940414,154.173095703125,7181400,0.0,0.0,6656.919921875,,596.6779174804688,154.173095703125,0.008740878890983217,0.15749246173712067,-0.005502159197012135,0.0,-0.0066422865178928925,0
2025-09-24 04:00:00+00:00,155.0545571989381,157.1797977853618,154.98599381998886,155.8968048095703,6285200,0.0,0.0,6637.97021484375,,594.583251953125,155.8968048095703,0.011118311452886536,0.18355075687656194,-0.002846617843333288,0.0,-0.0035105464204016057,0
2025-09-25 04:00:00+00:00,156.15144660048642,157.68905653785598,156.06330649677858,157.40504455566406,6311000,0.0,0.0,6604.72021484375,,592.0198364257812,157.40504455566406,0.009628104017465807,0.18526991095238912,-0.0050090613431266195,0.0,-0.0043112810845634675,0
2025-09-26 04:00:00+00:00,157.25814496641627,157.97308405036617,156.21999561287194,156.85659790039062,7015200,0.0,0.0,6643.7001953125,,594.4535522460938,156.85659790039062,-0.0034903859585795993,0.1068533732741237,0.005901836747171263,0.0,0.004110868708396165,0
2025-09-29 04:00:00+00:00,155.84782807829237,155.84782807829237,152.35145485746062,152.8803253173828,8315100,0.0,0.0,6661.2099609375,,597.20654296875,152.8803253173828,-0.02567657092863316,0.246460204194059,0.00263554421636214,0.0,0.004631128390526484,0
2025-09-30 04:00:00+00:00,151.69527715121956,152.5179479355468,150.75507129479905,152.08702087402344,7755700,0.0,0.0,6688.4599609375,,598.8424072265625,152.08702087402344,-0.00520256507858393,0.23515381724363169,0.0040908483833717035,0.0,0.0027391934617468916,0
2025-10-01 04:00:00+00:00,151.63652142622013,151.8911533589223,150.03034820626002,151.3916778564453,6768400,0.0,0.0,6711.2001953125,,601.7150268554688,151.3916778564453,-0.004582491208061171,0.20083872753281964,0.003399920834961989,0.0,0.004796954247462626,0
2025-10-02 04:00:00+00:00,150.78446140968973,153.37000875140853,150.15766250697197,150.2066192626953,7562400,0.0,0.0,6715.35009765625,,604.188720703125,150.2066192626953,-0.007858563552054589,0.14700985687260426,0.0006183547238911569,0.0,0.004111072081054212,0
2025-10-03 04:00:00+00:00,150.4122993435442,151.09785833080343,149.09013812635018,150.38291931152344,7249300,0.0,0.0,6715.7900390625,,601.645263671875,150.38291931152344,0.0011730286415159606,0.1617347818368913,6.551280273581206e-05,0.0,-0.0042097062459061085,0
2025-10-06 04:00:00+00:00,150.79425949822524,151.46022683728938,149.76591351260865,150.84323120117188,4778900,0.0,0.0,6740.27978515625,,606.1636962890625,150.84323120117188,0.003056256883196213,0.0729842301283375,0.0036465919796933033,0.0,0.00751012746217139,0
2025-10-07 04:00:00+00:00,150.48085310271725,151.7638459707031,148.15974082643612,151.71487426757812,5479600,0.0,0.0,6714.58984375,,602.9718627929688,151.71487426757812,0.0057618385500658575,0.08890833443497966,-0.0038114057910215715,0.0,-0.005265629590874843,0
2025-10-08 04:00:00+00:00,151.17622280796454,151.48961482395896,149.68756963580844,150.5690155029297,5678000,0.0,0.0,6753.72021484375,,609.8842163085938,150.5690155029297,-0.007581378246246657,0.09952059307791106,0.0058276636405680815,0.0,0.011463807753162802,0
2025-10-09 04:00:00+00:00,150.9509766665448,151.77364755205676,148.4339773585518,148.5123291015625,6178600,0.0,0.0,6735.10986328125,,609.1461181640625,148.5123291015625,-0.013753574796573116,0.12916453832154048,-0.002755570407195318,0.0,-0.0012102266705616982,0
2025-10-10 04:00:00+00:00,147.5917036284187,148.2283058881641,145.8190385411866,145.82882690429688,7796600,0.0,0.0,6552.509765625,,588.0000610351562,145.82882690429688,-0.018234463624949838,0.16507666281671948,-0.02711167321141361,0.0,-0.03471426066481298,0
2025-10-13 04:00:00+00:00,146.90613344259728,148.84529021970144,146.34788296236437,148.80612182617188,5978800,0.0,0.0,6654.72021484375,,600.4782104492188,148.80612182617188,0.020210747433201746,0.24896068599668322,0.015598671787557583,0.0,0.021221340338120287,0
2025-10-14 04:00:00+00:00,146.7200690716293,150.29479441774205,146.57316889666663,149.24685668945312,6419400,0.0,0.0,6644.31005859375,,596.4784545898438,149.24685668945312,0.002957428486120193,0.243682012262923,-0.0015643266604626893,0.0,-0.006660950871777316,0
2025-10-15 04:00:00+00:00,149.7463248559112,151.02931774504123,147.9246880557262,148.97262573242188,5824900,0.0,0.0,6671.06005859375,,600.6876831054688,148.97262573242188,-0.001839122193493712,0.2406882127347466,0.004026001159503689,0.0,0.007056798922467911,0
2025-10-16 04:00:00+00:00,149.0019953294052,149.57982254075935,147.13138695631133,148.58087158203125,5276800,0.0,0.0,6629.06982421875,,598.46337890625,148.58087158203125,-0.0026331693647110737,0.21881351165171853,-0.006294387099829435,0.0,-0.0037029295951590546,0
2025-10-17 04:00:00+00:00,149.11952856520992,151.00972877349457,149.06076849706764,149.92262268066406,7735500,0.0,0.0,6664.009765625,,602.393310546875,149.92262268066406,0.00898991241937419,0.1495608026571542,0.0052707155502571545,0.0,0.006566703626556647,0
2025-10-20 04:00:00+00:00,150.2654008814303,151.52880217450587,150.02055729143066,151.2937469482422,5676500,0.0,0.0,6735.1298828125,,609.9839477539062,151.2937469482422,0.009103978906793108,0.08972624334606057,0.010672270853256949,0.0,0.012600799301938137,0
2025-10-21 04:00:00+00:00,151.54838323031998,152.08702713533464,150.04994176001094,150.6179656982422,6304900,0.0,0.0,6735.35009765625,,609.8244018554688,150.6179656982422,-0.004476688715865601,0.10569721643223175,3.2696450934288634e-05,0.0,-0.0002615575361040179,0
2025-10-22 04:00:00+00:00,151.4602295826773,152.7627991955268,150.44168688562712,152.36126708984375,6036700,0.0,0.0,6699.39990234375,,603.9493408203125,152.36126708984375,0.011507855600582628,0.11824350928738767,-0.005337539220865439,0.0,-0.009634020903854679,0
2025-10-23 04:00:00+00:00,154.93701435061374,155.3189697374426,152.89991397283777,153.33084106445312,9810900,0.0,0.0,6738.43994140625,,609.0264282226562,153.33084106445312,0.006343488759025409,0.09988282722114569,0.0058273934429324825,0.0,0.008406478919983362,1
2025-10-24 04:00:00+00:00,154.17309238824433,154.3787675557948,152.22413225408508,152.35145568847656,4979900,0.0,0.0,6791.68994140625,,615.52978515625,152.35145568847656,-0.006407886472918808,0.12920937275474526,0.00790242258787388,0.0,0.010678283621570861,1
2025-10-27 04:00:00+00:00,152.58651881017687,153.27207783083065,151.67569294097078,152.07723999023438,4884400,0.0,0.0,6875.16015625,,626.4918823242188,152.07723999023438,-0.0018015106742377952,0.12081371433225224,0.012290050865671143,0.0,0.017809206690438284,1
2025-10-28 04:00:00+00:00,151.70508100132923,153.00765068152498,150.71591828662417,150.9509735107422,5066500,0.0,0.0,6890.89013671875,,631.3095703125,150.9509735107422,-0.007433444249733263,0.13072578584476452,0.0022879438603986557,0.0,0.007689944792912851,1
2025-10-29 04:00:00+00:00,150.68652572596693,152.92928622807452,150.68652572596693,151.9009552001953,7344400,0.0,0.0,6890.58984375,,634.15234375,151.9009552001953,0.00627359257227356,0.10569648358364915,-4.3578255173426506e-05,0.0,0.004502978524613344,1
2025-10-30 04:00:00+00:00,152.02826782046583,152.02826782046583,150.07932253515713,150.35354614257812,8971200,0.0,0.0,6822.33984375,,624.45703125,150.35354614257812,-0.010239202857728584,0.10253000008378857,-0.00990481243951924,0.0,-0.015288617310262875,1
2025-10-31 04:00:00+00:00,152.5179586686564,155.89679708382977,151.91075137235998,154.4669189453125,11136100,0.0,0.0,6840.2001953125,,627.4694213867188,154.4669189453125,0.026990461479584324,0.23721018691095339,0.0026179217059763005,0.0,0.004824015081852373,0
2025-11-03 05:00:00+00:00,154.16330972867448,154.4669133658563,150.40251606230785,150.86280822753906,8512200,0.0,0.0,6851.97021484375,,630.4716796875,150.86280822753906,-0.023609087508343472,0.30457475453469407,0.0017207127269924793,0.0,0.0047847085426828695,0
2025-11-04 05:00:00+00:00,150.26539520417134,150.58859052404807,149.01179726626137,150.22622680664062,6976800,0.0,0.0,6771.5498046875,,617.67431640625,150.22622680664062,-0.00422853239645873,0.30154474896785444,-0.011736830084583816,0.0,-0.020298077920951396,0
2025-11-05 05:00:00+00:00,150.36332705854193,151.21537787196664,149.5112762451172,149.5112762451172,5894700,0.0,0.0,6796.2900390625,,621.6941528320312,149.5112762451172,-0.004770520272834116,0.2949697054856819,0.0036535556982648654,0.0,0.006508019386607167,0
2025-11-06 05:00:00+00:00,149.75612716879746,151.59734068307742,149.53086032101888,149.78550720214844,6466300,0.0,0.0,6720.31982421875,,610.1136474609375,149.78550720214844,0.0018325023784962712,0.2891389119206277,-0.011178189042419073,0.0,-0.018627335191010785,0
2025-11-07 05:00:00+00:00,150.26539999643128,152.94889110688683,150.26539999643128,151.82261657714844,9835900,0.0,0.0,6728.7998046875,,608.1885375976562,151.82261657714844,0.013508524419448822,0.21360432157001746,0.0012618418007710464,0.0,-0.003155329947613583,0
2025-11-10 05:00:00+00:00,152.21435380542815,152.76280102919733,149.22725916447183,152.43960571289062,8436800,0.0,0.0,6832.43017578125,,621.6442260742188,152.43960571289062,0.004055646322427719,0.11807657320492386,0.01540101862170995,0.0,0.022124205973549582,0
2025-11-11 05:00:00+00:00,153.51691629200891,154.73134576247588,152.68444218775943,153.01744079589844,6361400,0.0,0.0,6846.60986328125,,619.9884643554688,153.01744079589844,0.0037834175304508008,0.10396779230564078,0.002075350517340535,0.0,-0.0026635198225943846,0
2025-11-12 05:00:00+00:00,152.37104952029367,152.5767097466979,148.9432396022803,150.1576690673828,11670900,0.0,0.0,6850.919921875,,619.4996948242188,150.1576690673828,-0.01886603786103313,0.18930075845595803,0.0006295171887717999,0.0,-0.0007883526216219128,0
2025-11-13 05:00:00+00:00,150.8236348616347,152.9782552279879,150.75507149081906,152.3710479736328,7998700,0.0,0.0,6737.490234375,,606.8519897460938,152.3710479736328,0.014632782114071692,0.21367411454960425,-0.01655685496159698,0.0,-0.020415998883927977,0
2025-11-14 05:00:00+00:00,153.00764309560466,154.69216809143398,151.61693337933923,154.3689727783203,8484800,0.0,0.0,6734.10986328125,,607.310791015625,154.3689727783203,0.01302701260960614,0.21226495439258466,-0.0005017255648851471,0.0,0.0007560348771753489,0
2025-11-17 05:00:00+00:00,154.4669190543197,154.6334108955486,151.2545724779908,151.62673950195312,8745000,0.0,0.0,6672.41015625,,602.1240234375,151.62673950195312,-0.017923824294715257,0.2595869339212692,-0.00916226617680782,0.0,-0.008540549015193744,0
2025-11-18 05:00:00+00:00,151.02264507868776,152.78539998941727,150.28980844294745,152.1317901611328,10813400,1.71,0.0,6617.31982421875,,594.7926635742188,152.1317901611328,0.0033253461237180136,0.2590672994616802,-0.008256436690967983,0.0,-0.012175830190974346,0
2025-11-19 05:00:00+00:00,149.69563039322455,150.48788335861272,148.79444245620843,150.2303924560547,7539900,0.0,0.0,6642.16015625,,598.3436279296875,150.2303924560547,-0.012577120278541732,0.23469049806725775,0.0037538357962292324,0.0,0.005970087684219916,0
2025-11-20 05:00:00+00:00,151.0622436931798,151.55739988284154,148.59637553968363,148.85385131835938,7623400,0.0,0.0,6538.759765625,,584.1797485351562,148.85385131835938,-0.009205104490227612,0.20014842955395326,-0.015567283563270418,0.0,-0.02367181454499534,0
2025-11-21 05:00:00+00:00,148.9826041990594,149.5470744257439,147.30897377671522,148.5270538330078,9248400,0.0,0.0,6602.990234375,,588.568603515625,148.5270538330078,-0.002197838605237026,0.13338578929669848,0.009823035415319481,0.0,0.00751285026821602,0
2025-11-24 05:00:00+00:00,148.3686150118012,148.66569665101713,146.3087633510831,148.29928588867188,14181100,0.0,0.0,6705.1201171875,,603.6201782226562,148.29928588867188,-0.0015346885269957118,0.10123893422883361,0.015467217001293498,0.0,0.02557318657013896,0
2025-11-25 05:00:00+00:00,147.4575057117534,148.44781808083428,146.8336191946904,147.09109497070312,11447900,0.0,0.0,6765.8798828125,,607.3407592773438,147.09109497070312,-0.008180345290376962,0.075278399588894,0.009061696817220577,0.0,0.006163778463540881,0
2025-11-26 05:00:00+00:00,146.82370924609825,149.0024085890834,146.76429292055644,148.0615997314453,7578900,0.0,0.0,6812.60986328125,,612.70703125,148.0615997314453,0.006576313046435633,0.10033444264499676,0.006906711511012631,0.0,0.008835685553265638,0
2025-11-28 05:00:00+00:00,148.01210410879776,150.05214531989023,147.81402953178522,149.66592407226562,3848600,0.0,0.0,6849.08984375,,617.67431640625,149.66592407226562,0.010777235834009437,0.1197395529183911,0.005354773163420257,0.0,0.00810711302939704,0
2025-12-01 05:00:00+00:00,150.27990048576248,152.4585846534779,150.0323223960001,151.06224060058594,8209000,0.0,0.0,6812.6298828125,,615.599609375,151.06224060058594,0.009286303889466035,0.12739615589177913,-0.005323329342915684,0.0,-0.003358901246406143,0
2025-12-02 05:00:00+00:00,150.54729071973566,150.98303058029413,147.81401890749345,148.79443359375,9196300,0.0,0.0,6829.3701171875,,620.4172973632812,148.79443359375,-0.015126228240943257,0.18429661415198004,0.002457235261999813,0.0,0.00782600884554241,0
2025-12-03 05:00:00+00:00,149.57678509381228,151.02264791282028,149.51736876484748,150.1214599609375,8060200,0.0,0.0,6849.72021484375,,621.9334716796875,150.1214599609375,0.008878986457094656,0.17209379837970218,0.0029797912994984355,0.0,0.0024437976227449365,0
2025-12-04 05:00:00+00:00,150.27990401072864,151.45837816339466,149.75503965699858,150.7849578857422,7254700,0.0,0.0,6857.1201171875,,621.35498046875,150.7849578857422,0.004410002318116311,0.17079523655497184,0.0010803218396737702,0.0,-0.0009301496659684938,0
2025-12-05 05:00:00+00:00,150.52748453776042,151.15138618418325,148.3785084468204,148.54685974121094,12659800,0.0,0.0,6870.39990234375,,623.8884887695312,148.54685974121094,-0.01495423955133926,0.19854029556793967,0.001936641757662061,0.0,0.0040773927632637985,0
2025-12-08 05:00:00+00:00,147.80412544958838,148.6161888694772,146.2295323628884,147.2693634033203,10237200,0.0,0.0,6846.509765625,,622.6915283203125,147.2693634033203,-0.008637148200357561,0.1767699504420625,-0.003477255626794018,0.0,-0.0019185487002324475,0
2025-12-09 05:00:00+00:00,147.6060709570453,148.6459020324533,146.78410982547393,147.05149841308594,8916700,0.0,0.0,6840.509765625,,623.4595336914062,147.05149841308594,-0.0014804593101699901,0.15286968518085328,-0.0008763589340257116,0.0,0.001233364091471456,0
2025-12-10 05:00:00+00:00,147.73479921579246,150.32942802556468,147.25945348637862,149.94320678710938,10976300,0.0,0.0,6886.68017578125,,626.0130615234375,149.94320678710938,0.019473746213336217,0.20982201944335493,0.00674955693920154,0.0,0.00409573948915698,0
2025-12-11 05:00:00+00:00,149.36882266488865,150.46807004480468,148.64589883641156,149.2598876953125,8414200,0.0,0.0,6901.0,,623.98828125,149.2598876953125,-0.004567601688644588,0.20695434086889195,0.002079350841514227,0.0,-0.0032344057942019777,0
2025-12-12 05:00:00+00:00,149.6857076440149,150.0818416558508,148.18044373194076,148.53695678710938,5848100,0.0,0.0,6827.41015625,,612.0586547851562,148.53695678710938,-0.0048552047594551725,0.17756295042699077,-0.010663649289958,0.0,-0.019118350173092713,0
2025-12-15 05:00:00+00:00,148.388406506385,148.64589740160758,146.99206239465153,148.3488006591797,7503000,0.0,0.0,6816.509765625,,608.9865112304688,148.3488006591797,-0.0012675323649050108,0.16204338434328738,-0.0015965630269072495,0.0,-0.005019361348245099,0
2025-12-16 05:00:00+00:00,147.1009910960969,147.378292458592,145.0708628497618,145.32833862304688,11290500,0.0,0.0,6800.259765625,,610.1934204101562,145.32833862304688,-0.020570675351049963,0.22737623679904098,-0.0023839179519623555,0.0,0.00198183236809113,0
2025-12-17 05:00:00+00:00,146.07108261574743,148.41811822633466,145.92254179645775,148.07151794433594,8805300,0.0,0.0,6721.43017578125,,598.8822631835938,148.07151794433594,0.0186997995822885,0.2227133206650209,-0.011592143912241393,0.0,-0.018537002937461078,0
2025-12-18 05:00:00+00:00,147.4080128843418,147.8239422962374,145.655155632735,146.25924682617188,6998800,0.0,0.0,6774.759765625,,607.5601196289062,146.25924682617188,-0.012314676124896269,0.2337357233614068,0.007934262269941872,0.0,0.014490087582794464,0
2025-12-19 05:00:00+00:00,146.5266215337201,147.56643740945793,145.76407679534074,146.3186492919922,21701400,0.0,0.0,6834.5,,615.47998046875,146.3186492919922,0.00040606257290563125,0.2355874562638478,0.008818059450332205,0.0,0.013035517941304642,0
2025-12-22 05:00:00+00:00,147.36838594245808,149.03211863347343,147.25945097393344,148.3488006591797,8143600,0.0,0.0,6878.490234375,,618.4302368164062,148.3488006591797,0.01377948932075208,0.2649813501489331,0.006436496360377575,0.0,0.004793423736397351,0
2025-12-23 05:00:00+00:00,148.5864623743917,149.61639570846205,148.39831571600223,149.05191040039062,4663700,0.0,0.0,6909.7900390625,,621.3265380859375,149.05191040039062,0.004728375051213296,0.19209500944376745,0.004550388765703239,0.0,0.004683311224304099,0
2025-12-24 05:00:00+00:00,148.9231900474013,149.5272812422062,148.64590377217635,149.04202270507812,2227600,0.0,0.0,6932.0498046875,,623.144287109375,149.04202270507812,-6.633946027094347e-05,0.14965809764398755,0.0032214822012188726,0.0,0.0029255937289227596,0
2025-12-26 05:00:00+00:00,148.92317870626314,149.67581066584782,148.2002397978677,148.56666564941406,3706900,0.0,0.0,6929.93994140625,,623.1043090820312,148.56666564941406,-0.0031945133224469784,0.1045798534712461,-0.00030436354912266594,0.0,-6.415532994641371e-05,0
2025-12-29 05:00:00+00:00,149.53716513962564,150.1709644404145,148.63597727274808,149.5272674560547,5589100,0.0,0.0,6905.740234375,,620.088134765625,149.5272674560547,0.006444982772633816,0.10344969053018098,-0.00349205148036813,0.0,-0.004840560837798935,0
2025-12-30 05:00:00+00:00,150.03232206494468,151.19098570915986,150.00261390311613,150.83447265625,5150500,0.0,0.0,6896.240234375,,618.64990234375,150.83447265625,0.008704260755520594,0.07721827319363019,-0.0013756671519022934,0.0,-0.0023194000033860407,0
2025-12-31 05:00:00+00:00,150.91370697685954,151.0721605884844,150.20068083551584,150.9335174560547,4953100,0.0,0.0,6845.5,,613.536376953125,150.9335174560547,0.0006564301490318131,0.07795808576053657,-0.007357666300846111,0.0,-0.008265620622022962,0
2026-01-02 05:00:00+00:00,150.69583326236415,154.3896942138672,149.7847476848041,154.3896942138672,6862100,0.0,0.0,6858.47021484375,,612.347900390625,154.3896942138672,0.022640429928986638,0.15714799023424414,0.0018947067188299638,0.0,-0.0019370922526258383,0
2026-01-05 05:00:00+00:00,164.1442828574286,164.1442828574286,157.76666848430816,162.2626953125,35094900,0.0,0.0,6902.0498046875,,617.2117309570312,162.2626953125,0.049736709857231984,0.31237108137115566,0.006354126864826393,0.0,0.007942920296294842,0
2026-01-06 05:00:00+00:00,163.28271554673378,163.4510668436851,154.5976714506855,155.02349853515625,20564900,0.0,0.0,6944.81982421875,,622.6348876953125,155.02349853515625,-0.04563988901946783,0.5547516851447452,0.006196712678341321,0.0,0.008786541904950873,0
2026-01-07 05:00:00+00:00,155.91479272885633,156.4792629610747,153.39939067302618,153.6964874267578,13537900,0.0,0.0,6920.93017578125,,623.2341918945312,153.6964874267578,-0.00859691203465831,0.5653310402431977,-0.003439923431013958,0.0,0.0009625291018258153,0
2026-01-08 05:00:00+00:00,153.9935734867114,158.88571901073217,153.70638954832717,157.70724487304688,12929600,0.0,0.0,6921.4599609375,,619.6885986328125,157.70724487304688,0.025760636923529714,0.5844205527282945,7.65482590914246e-05,0.0,-0.005689022373661312,0
2026-01-09 05:00:00+00:00,159.00456347200392,161.12383149614067,158.39057459269296,160.53955078125,12549600,0.0,0.0,6966.27978515625,,625.86083984375,160.53955078125,0.0177999007560666,0.5781650639244861,0.006475487031883276,0.0,0.009960230387576985,0
2026-01-12 05:00:00+00:00,161.1238165176667,161.9754857441354,159.15310460980243,160.76730346679688,9796800,0.0,0.0,6977.27001953125,,626.3801879882812,160.76730346679688,0.0014176648937301568,0.443508486530809,0.001577633215136931,0.0,0.0008298140919966723,0
2026-01-13 05:00:00+00:00,161.8863670516483,164.5206016267223,161.71801575923695,162.28248596191406,12068600,0.0,0.0,6963.740234375,,625.4513549804688,162.28248596191406,0.00938055776770624,0.21379506781836896,-0.0019391230550597216,0.0,-0.0014828582155441694,0
2026-01-14 05:00:00+00:00,162.5102773331301,167.72921300833124,162.5102773331301,165.61985778808594,16414900,0.0,0.0,6926.60009765625,,618.769775390625,165.61985778808594,0.020356591753691804,0.15233854242910583,-0.005333360445499591,0.0,-0.010682812558703958,0
2026-01-15 05:00:00+00:00,164.1640870048572,165.70897189558465,163.50057952542772,164.55030822753906,8097400,0.0,0.0,6944.47021484375,,620.9970092773438,164.55030822753906,-0.0064788003994032594,0.17790184248831287,0.0025799262171273263,0.0,0.0035994548785334146,0
2026-01-16 05:00:00+00:00,164.97614268098556,165.66935835388364,164.20370020104653,164.6493377685547,9745800,0.0,0.0,6940.009765625,,620.4776611328125,164.6493377685547,0.0006016382168523937,0.1624599702769224,-0.0006423023039563436,0.0,-0.0008363134391510263,0
2026-01-20 05:00:00+00:00,165.0949829940108,166.0258639350399,163.55008299290705,163.69863891601562,11142500,0.0,0.0,6796.85986328125,,607.2942504882812,163.69863891601562,-0.0057908169182598525,0.17976734067877292,-0.02062675805627745,0.0,-0.021247196265635315,0
2026-01-21 05:00:00+00:00,165.38216518131492,166.84782325244967,164.45126913918625,165.11477661132812,10918500,0.0,0.0,6875.6201171875,,615.50390625,165.11477661132812,0.008613678057781933,0.1782939060495122,0.011587741323274559,0.0,0.013518415093042524,0
2026-01-22 05:00:00+00:00,164.64933715767114,165.93674632311576,164.12447278506937,165.04547119140625,8957400,0.0,0.0,6913.35009765625,,619.978271484375,165.04547119140625,-0.00041982898547638406,0.09650479240060136,0.005487502192628835,0.0,0.007269434343049719,1
2026-01-23 05:00:00+00:00,166.32296896925217,166.80822749807135,164.8276026455385,165.10488891601562,8368700,0.0,0.0,6915.60986328125,,621.935791015625,165.10488891601562,0.0003599434223336845,0.08177015447687612,0.0003268698377891788,0.0,0.0031574002207581664,1
2026-01-26 05:00:00+00:00,166.69928040327645,166.77850720493203,165.15439554840995,165.8773193359375,8912600,0.0,0.0,6950.22998046875,,624.67236328125,165.8773193359375,0.004667512651676022,0.08650444127108074,0.005006083031276365,0.0,0.0044000880881227555,1
2026-01-27 05:00:00+00:00,166.14470912537365,167.70940446991105,165.0355490049994,167.4123077392578,9784900,0.0,0.0,6978.60009765625,,630.335205078125,167.4123077392578,0.009211203300534838,0.07120991707279517,0.004081896177137168,0.0,0.009065299074749289,1
2026-01-28 05:00:00+00:00,168.31350623379564,168.76904148669854,166.5705466965159,168.28378295898438,9200200,0.0,0.0,6978.02978515625,,632.4225463867188,168.28378295898438,0.005192060328406516,0.06230236409504025,-8.172305219089626e-05,0.0,0.0033114782290084577,1
2026-01-29 05:00:00+00:00,170.9774333652342,173.2254467909757,169.38302976369442,169.53158569335938,16786600,0.0,0.0,6969.009765625,,628.6373291015625,169.53158569335938,0.00738751711796392,0.05291882989784221,-0.001292631274007694,0.0,-0.005985266190749683,1
2026-01-30 05:00:00+00:00,170.9477280171557,175.58239807941547,169.61081529396105,175.18626403808594,22946600,0.0,0.0,6939.02978515625,,621.0868530273438,175.18626403808594,0.03281051808592427,0.1881876767026049,-0.004301899620894223,0.0,-0.012010861787367544,0
2026-02-02 05:00:00+00:00,171.7597897293655,174.56237571064676,170.9774344500174,172.3440704345703,14235300,0.0,0.0,6976.43994140625,,625.3515014648438,172.3440704345703,-0.016356885657639278,0.2770010585578754,0.00539126612916796,0.0,0.006866428449922912,0
2026-02-03 05:00:00+00:00,172.19552789428866,177.08767365176274,172.0667824445757,176.31521606445312,18425400,0.0,0.0,6917.81005859375,,615.7435913085938,176.31521606445312,0.0227805053136385,0.29779302275415204,-0.008403983020698336,0.0,-0.015364015491678096,0
2026-02-04 05:00:00+00:00,177.1470792272229,180.82112960896117,177.1470792272229,179.47430419921875,16170500,0.0,0.0,6882.72021484375,,604.9871826171875,179.47430419921875,0.017758652111980768,0.2974098238632717,-0.005072391906223106,0.0,-0.017468973844366742,0
2026-02-05 05:00:00+00:00,177.89971456198748,178.71177796330625,175.6913221953011,177.49368286132812,10474100,0.0,0.0,6798.39990234375,,596.2781982421875,177.49368286132812,-0.011097026819101456,0.3441748114992985,-0.012251015567674717,0.0,-0.014395320471625062,0
2026-02-06 05:00:00+00:00,178.5533223909423,180.33588766972895,177.77096716062908,179.10789489746094,9901800,0.0,0.0,6932.2998046875,,608.8822631835938,179.10789489746094,0.009053370272806033,0.27597829829313786,0.0196957966973359,0.0,0.021137893316513612,0
2026-02-09 05:00:00+00:00,179.25644644882368,181.04892462968243,178.20671769701838,180.8310546875,12021300,0.0,0.0,6964.81982421875,,613.54638671875,180.8310546875,0.009574806819352293,0.2052903936240864,0.004691086716887227,0.0,0.007660140255637327,0
2026-02-10 05:00:00+00:00,180.9597870426526,181.17765698726163,179.1079076244447,180.4943389892578,7458200,0.0,0.0,6941.81005859375,,610.699951171875,180.4943389892578,-0.0018637815199540506,0.17852155613767895,-0.003303712975458173,0.0,-0.004639315964515389,0
2026-02-11 05:00:00+00:00,182.15805959510064,184.71306732076616,181.77183837557956,184.0198516845703,10502100,0.0,0.0,6941.47021484375,,612.337890625,184.0198516845703,0.019344227038670142,0.1860335973844441,-4.895607156218951e-05,0.0,0.0026820690749720377,0
2026-02-12 05:00:00+00:00,184.00005165958544,184.00005165958544,180.32598591256385,180.6329803466797,9673700,0.0,0.0,6832.759765625,,599.8836059570312,180.6329803466797,-0.018576401638541244,0.22934683683544513,-0.01566101212770199,0.0,-0.02033890905437341,0
2026-02-13 05:00:00+00:00,180.77161973922844,183.04934129266192,179.95957142492458,181.9600067138672,9034700,0.0,0.0,6836.169921875,,601.1619873046875,181.9600067138672,0.007319679858454992,0.2270236986265609,0.0004990891480125548,0.0,0.0021310489817716327,0
2026-02-17 05:00:00+00:00,183.3000030517578,183.8000030517578,178.74000549316406,180.5500030517578,9849000,1.78,0.0,6843.22021484375,,600.542724609375,180.5500030517578,-0.007779154973262177,0.22954513552713365,0.0010313220779065713,0.0,-0.0010301095351836764,0
2026-02-18 05:00:00+00:00,183.22999572753903,183.9199981689453,181.97999572753903,183.8699951171875,10313400,0.0,0.0,6881.31005859375,,605.027099609375,183.8699951171875,0.018221194983933146,0.2628559091157862,0.005566070147410729,0.0,0.007467203941096567,0
2026-02-19 05:00:00+00:00,185.2899932861328,187.8999938964844,184.7400054931641,184.77999877929688,10773300,0.0,0.0,6861.89013671875,,602.7100219726562,184.77999877929688,0.004936962026384614,0.22619956143212944,-0.0028221256867719813,0.0,-0.003829708848107294,0
2026-02-20 05:00:00+00:00,184.58999633789065,184.88999938964844,182.32000732421875,183.92999267578125,9566200,0.0,0.0,6909.509765625,,608.0433349609375,183.92999267578125,-0.004610711014328141,0.16388117680014214,0.006939724763506794,0.0,0.008848887182637988,0
2026-02-23 05:00:00+00:00,184.6699981689453,186.6300048828125,184.0500030517578,184.91000366210935,7047200,0.0,0.0,6837.75,,600.652587890625,184.91000366210935,0.005314029401695513,0.16162988439907627,-0.010385652247284827,0.0,-0.012154967656684001,0
2026-02-24 05:00:00+00:00,185.2899932861328,185.9600067138672,183.8500061035156,185.33999633789065,7451800,0.0,0.0,6890.06982421875,,607.1044921875,185.33999633789065,0.0023227163759581633,0.13142226379170505,0.0076516140863223114,0.0,0.010741490883328764,0
2026-02-25 05:00:00+00:00,185.83999633789065,185.97999572753903,182.5099945068359,184.22000122070312,9440700,0.0,0.0,6946.1298828125,,615.9033813476562,184.22000122070312,-0.006061254213250221,0.08522173314582768,0.008136355657339944,0.0,0.014493203844452518,0
2026-02-26 05:00:00+00:00,182.8999938964844,186.2599945068359,181.7599945068359,184.16000366210935,7133800,0.0,0.0,6908.85986328125,,608.4727783203125,184.16000366210935,-0.00032573732737407353,0.07508083288747482,-0.005365580569328343,0.0,-0.012064559559788246,0
2026-02-27 05:00:00+00:00,186.0,187.5500030517578,183.77000427246097,186.7599945068359,12035500,0.0,0.0,6878.8798828125,,606.5252075195312,186.7599945068359,0.01401937583072875,0.11783346273508577,-0.00433935281103115,0.0,-0.003200752556519526,0
2026-03-02 05:00:00+00:00,190.3300018310547,191.44000244140625,187.22000122070312,189.6000061035156,15809100,0.0,0.0,6881.6201171875,,607.32421875,189.6000061035156,0.015092281322681388,0.14658917681490058,0.0003983547353176853,0.0,0.0013173586531323167,0
2026-03-03 05:00:00+00:00,190.52000427246097,191.55999755859375,187.4199981689453,188.77000427246097,14004200,0.0,0.0,6816.6298828125,,600.8224487304688,188.77000427246097,-0.004387256598660146,0.16133543348959842,-0.009444031095625416,0.0,-0.01070559977488339,0
2026-03-04 05:00:00+00:00,187.4499969482422,188.4600067138672,184.1499938964844,186.02999877929688,11054400,0.0,0.0,6869.5,,609.9808959960938,186.02999877929688,-0.014621420945764164,0.20053798968565897,0.007756049264286302,0.0,0.015243184213533878,0
2026-03-05 05:00:00+00:00,186.6000061035156,189.97000122070312,186.4900054931641,189.8999938964844,13567200,0.0,0.0,6830.7099609375,,608.1431274414062,189.8999938964844,0.020589641209522728,0.2371738278382177,-0.005646704863891072,0.0,-0.0030128296914716524,0
2026-03-06 05:00:00+00:00,190.8800048828125,192.41000366210935,188.1199951171875,189.94000244140625,13073100,0.0,0.0,6740.02001953125,,598.9946899414062,189.94000244140625,0.0002106599908146471,0.22836341415605205,-0.013276795812569242,0.0,-0.015043230922446638,0
2026-03-09 04:00:00+00:00,191.0,191.6499938964844,188.11000061035156,189.44000244140625,15987500,0.0,0.0,6795.990234375,,606.99462890625,189.44000244140625,-0.0026358810852404406,0.20450053859768394,0.008304161513105202,0.0,0.013355609155110137,0
2026-03-10 04:00:00+00:00,188.6300048828125,189.17999267578125,185.63999938964844,186.2899932861328,11999600,0.0,0.0,6781.47998046875,,607.004638671875,186.2899932861328,-0.016767801321383936,0.23690962648489236,-0.0021351198877325173,0.0,1.6490698843574236e-05,0
2026-03-11 04:00:00+00:00,186.58999633789065,191.86000061035156,186.4900054931641,191.7899932861328,11371700,0.0,0.0,6775.7998046875,,606.9247436523438,191.7899932861328,0.029096425178650364,0.2940772982370744,-0.0008376012017449197,0.0,-0.00013162176108916235,0
2026-03-12 04:00:00+00:00,192.5800018310547,198.8800048828125,191.77000427246097,196.97000122070312,27151800,0.0,0.0,6672.6201171875,,596.5078735351562,196.97000122070312,0.026650450634611418,0.31527618346939057,-0.015227676506708532,0.0,-0.017163363705524626,0
2026-03-13 04:00:00+00:00,196.0,197.6300048828125,194.69000244140625,196.82000732421875,13017000,0.0,0.0,6632.18994140625,,592.9722900390625,196.82000732421875,-0.0007617963913939147,0.316728127491873,-0.006059115470564369,0.0,-0.005927136342962935,0
2026-03-16 04:00:00+00:00,196.6000061035156,197.83999633789065,195.5800018310547,196.83999633789065,12683900,0.0,0.0,6699.3798828125,,599.6239013671875,196.83999633789065,0.00010155470966384822,0.31197868010486995,0.010130883162251969,0.0,0.011217406681325315,0
2026-03-17 04:00:00+00:00,197.4900054931641,200.5800018310547,196.4600067138672,197.97000122070312,14018600,0.0,0.0,6716.08984375,,602.5502319335938,197.97000122070312,0.00572431283626196,0.2314921068510379,0.0024942548757938,0.0,0.004880276719680499,0
2026-03-18 04:00:00+00:00,199.22000122070312,200.72999572753903,198.5099945068359,198.61000061035156,13305000,0.0,0.0,6624.7001953125,,594.15087890625,198.61000061035156,0.0032275956542746178,0.1792189022644168,-0.013607567880073446,0.0,-0.01393967271473795,0
2026-03-19 04:00:00+00:00,199.7899932861328,202.44000244140625,199.0,201.44000244140625,16918400,0.0,0.0,6606.490234375,,592.273193359375,201.44000244140625,0.014148476531989631,0.09499641607695489,-0.002748797741878972,0.0,-0.0031602840516394837,0
2026-03-20 04:00:00+00:00,201.3999938964844,205.0800018310547,201.0,201.72999572753903,35849500,0.0,0.0,6506.47998046875,,581.3269653320312,201.72999572753903,0.0014385660513475983,0.08839029468780256,-0.015138182356779217,0.0,-0.018481721188927547,0
2026-03-23 04:00:00+00:00,198.6300048828125,205.36000061035156,197.3699951171875,205.2100067138672,15735700,0.0,0.0,6581.0,,588.0,205.2100067138672,0.017103729302575407,0.10973780505683287,0.011453200463990454,0.0,0.011478969781072212,0
2026-03-24 04:00:00+00:00,206.0500030517578,209.7899932861328,205.80999755859375,206.7899932861328,16695500,0.0,0.0,6556.3701171875,,583.97998046875,206.7899932861328,0.0076698753288619035,0.10767896291107494,-0.0037425745042546366,0.0,-0.006836767910289088,0
2026-03-25 04:00:00+00:00,206.0,207.2400054931641,204.6199951171875,205.1499938964844,8865000,0.0,0.0,6591.89990234375,,587.8200073242188,205.1499938964844,-0.007962363961873766,0.16014437929760547,0.005419124381509377,0.0,0.006575613863315066,0
2026-03-26 04:00:00+00:00,206.02999877929688,209.2100067138672,205.16000366210935,207.7899932861328,11085600,0.0,0.0,6477.16015625,,573.7899780273438,207.7899932861328,0.012786532864241858,0.15628084213777874,-0.017406172392416708,0.0,-0.023867900245077234,0
2026-03-27 04:00:00+00:00,208.1499938964844,212.4600067138672,206.25,211.1499938964844,13907800,0.0,0.0,6368.85009765625,,562.5800170898438,211.1499938964844,0.016040830472928307,0.16246979361495964,-0.01672184352107431,0.0,-0.019536696991535485,0
2026-03-30 04:00:00+00:00,213.2599945068359,214.7100067138672,210.2899932861328,210.7100067138672,10409000,0.0,0.0,6343.72021484375,,558.280029296875,210.7100067138672,-0.002085940082103064,0.16022086013295786,-0.003945748828622642,0.0,-0.00764333545868201,0
2026-03-31 04:00:00+00:00,210.8999938964844,213.1000061035156,201.9600067138672,206.8999938964844,17403900,0.0,0.0,6528.52001953125,,577.1799926757812,206.8999938964844,-0.018247257140120994,0.22749059875065106,0.02913114047102594,0.0,0.03385391270884219,0
2026-04-01 04:00:00+00:00,201.9900054931641,204.77999877929688,194.91000366210935,197.41000366210935,23051900,0.0,0.0,6575.31982421875,,584.3099975585938,197.41000366210935,-0.046952752423307584,0.4098933181944131,0.007168516684867399,0.0,0.012353174006878076,0
2026-04-02 04:00:00+00:00,202.5099945068359,205.47999572753903,198.0399932861328,198.97000122070312,11528000,0.0,0.0,6582.68994140625,,584.97998046875,198.97000122070312,0.00787126289791237,0.3956608624698558,0.0011208758485563575,0.0,0.0011466223630531847,0
