Date,Open,High,Low,Close,Volume,Dividends,Stock Splits,snp500,vix_close,qqq_close
2021-04-05 04:00:00+00:00,106.47746082606572,110.53592048261828,106.38125583923181,110.03852844238281,48510000,0.0,0.0,4077.909912109375,,321.2608337402344
2021-04-06 04:00:00+00:00,109.63982255502079,110.48682596318324,109.18706739203486,109.55750274658203,35240000,0.0,0.0,4073.93994140625,,321.0376892089844
2021-04-07 04:00:00+00:00,109.74794750975937,111.30507774335658,109.74794750975937,111.03382110595703,24134000,0.0,0.0,4079.949951171875,,321.81402587890625
2021-04-08 04:00:00+00:00,112.27207187647824,112.658382510487,111.23117534122576,111.59913635253906,28664000,0.0,0.0,4097.169921875,,325.1717834472656
2021-04-09 04:00:00+00:00,111.35168748380296,112.76649260885407,110.94603596033518,112.60284423828125,26146000,0.0,0.0,4128.7998046875,,327.1416320800781
2021-04-12 04:00:00+00:00,111.78213236335719,111.91949348539603,110.47790920494737,111.31102752685547,25024000,0.0,0.0,4127.990234375,,326.7147521972656
2021-04-13 04:00:00+00:00,111.62691342728266,112.24579894520419,111.23316455138779,111.79750061035156,25682000,0.0,0.0,4141.58984375,,330.5285339355469
2021-04-14 04:00:00+00:00,112.44216174007808,112.44216174007808,110.88453990540746,111.17662048339844,21002000,0.0,0.0,4124.66015625,,326.5595397949219
2021-04-15 04:00:00+00:00,112.1704155210859,113.8589591031954,111.63583238423234,113.32585906982422,29174000,0.0,0.0,4170.419921875,,331.50860595703125
2021-04-16 04:00:00+00:00,113.5237224246354,113.77167310788025,112.61523075801729,113.2018814086914,26282000,0.0,0.0,4185.47021484375,,331.8968505859375
2021-04-19 04:00:00+00:00,112.5785359848576,114.26013311386431,112.5785359848576,113.54950714111328,30290000,0.0,0.0,4163.259765625,,328.8593444824219
2021-04-20 04:00:00+00:00,113.9328401922627,114.00772178331093,111.93089265988128,113.01641845703125,22288000,0.0,0.0,4134.93994140625,,326.46246337890625
2021-04-21 04:00:00+00:00,112.67127568827584,113.06551638343237,111.32093263815867,112.98369598388672,23204000,0.0,0.0,4173.419921875,,329.2572326660156
2021-04-22 04:00:00+00:00,112.83738588276698,113.50586445062164,111.09776618737759,111.70276641845703,24146000,0.0,0.0,4134.97998046875,,325.2882080078125
2021-04-23 04:00:00+00:00,112.42083028712631,114.3607975663134,112.13568853501279,114.0538330078125,29066000,0.0,0.0,4180.169921875,,329.3834533691406
2021-04-26 04:00:00+00:00,114.28146844023216,115.27377066190553,113.92441882355446,114.54975128173828,32038000,0.0,0.0,4187.6201171875,,331.5281066894531
2021-04-27 04:00:00+00:00,114.93158197534504,114.97224624824679,113.37097889164538,113.6100082397461,44386000,0.0,0.0,4186.72021484375,,330.091796875
2021-04-28 04:00:00+00:00,118.6444052488308,120.57247005777245,116.69650771409113,116.98512268066406,81106000,0.0,0.0,4183.18017578125,,328.97589111328125
2021-04-29 04:00:00+00:00,118.48225123764739,119.22263014493893,117.71955010871437,118.65730285644531,41234000,0.0,0.0,4211.47021484375,,330.15972900390625
2021-04-30 04:00:00+00:00,117.43043490062821,118.1162643027293,116.36623251844566,116.71038818359375,44856000,0.0,0.0,4181.169921875,,327.99560546875
2021-05-03 04:00:00+00:00,117.2762012400106,118.10138178756102,115.8177582594562,116.19364929199219,28242000,0.0,0.0,4192.66015625,,326.2489929199219
2021-05-04 04:00:00+00:00,114.72926326113381,115.29657305551342,111.9090738290094,114.3960189819336,44818000,0.0,0.0,4164.66015625,,320.37774658203125
2021-05-05 04:00:00+00:00,115.47709216813345,115.79297809431026,114.46793099267961,114.7897720336914,26636000,0.0,0.0,4167.58984375,,319.30059814453125
2021-05-06 04:00:00+00:00,114.371219210084,115.90950775146484,113.71216888819075,115.90950775146484,25190000,0.0,0.0,4201.6201171875,,321.7072448730469
2021-05-07 04:00:00+00:00,117.22563540770174,117.59061507127338,116.34639717350244,116.63253021240234,28898000,0.0,0.0,4232.60009765625,,324.3177490234375
2021-05-10 04:00:00+00:00,115.45278230823058,115.59461543086714,113.29065197517465,113.64820098876953,30914000,0.0,0.0,4188.43017578125,,316.1272888183594
2021-05-11 04:00:00+00:00,111.23415327092532,113.07939883944981,110.78039927471382,112.57258605957031,34186000,0.0,0.0,4152.10009765625,,315.6906433105469
2021-05-12 04:00:00+00:00,110.39707540750636,111.47764498191353,108.78192267103177,109.11070251464844,46376000,0.0,0.0,4063.0400390625,,307.5196228027344
2021-05-13 04:00:00+00:00,110.39359947423983,111.05414048585153,109.43154957142508,110.53840637207031,33204000,0.0,0.0,4112.5,,309.8971862792969
2021-05-14 04:00:00+00:00,112.00131096781348,113.29957888960938,111.577809256897,112.98517608642578,31996000,0.0,0.0,4173.85009765625,,316.7386474609375
2021-05-17 04:00:00+00:00,112.25074645700623,113.55050506879931,111.85105006420112,113.50785827636719,21598000,0.0,0.0,4163.2900390625,,314.8171691894531
2021-05-18 04:00:00+00:00,114.17386326279856,114.43818107942103,112.1823199599926,112.19620513916016,22204000,0.0,0.0,4127.830078125,,312.69195556640625
2021-05-19 04:00:00+00:00,110.50815409240448,112.81706629241613,110.35988157512777,112.64399719238281,23684000,0.0,0.0,4115.68017578125,,313.051025390625
2021-05-20 04:00:00+00:00,113.61100662106799,114.65239495545593,113.24007185238473,114.40196990966797,32352000,0.0,0.0,4159.1201171875,,319.10650634765625
2021-05-21 04:00:00+00:00,114.92067995406296,114.99407844296304,113.52669887961433,113.76622009277344,40632000,0.0,0.0,4155.85986328125,,317.3403625488281
2021-05-24 04:00:00+00:00,114.79571714938808,117.30795076933327,114.65041840397706,117.08430480957031,31832000,0.0,0.0,4197.0498046875,,322.6777038574219
2021-05-25 04:00:00+00:00,117.62780399643341,118.22288412982375,116.78477317689254,117.175048828125,22440000,0.0,0.0,4188.1298828125,,323.1241149902344
2021-05-26 04:00:00+00:00,117.3560548531477,118.47034990255696,117.35308107918044,118.03990936279297,21572000,0.0,0.0,4195.990234375,,324.24981689453125
2021-05-27 04:00:00+00:00,118.47332287279623,118.47332287279623,116.84726630527486,117.16563415527344,35224000,0.0,0.0,4200.8798828125,,323.0367431640625
2021-05-28 04:00:00+00:00,117.74781887099097,117.82963927117555,116.67816071964592,116.87651824951172,21482000,0.0,0.0,4204.10986328125,,324.0556945800781
2021-06-01 04:00:00+00:00,117.74880281061728,118.30768309931028,116.74906245910415,118.08303833007812,23354000,0.0,0.0,4202.0400390625,,322.9786071777344
2021-06-02 04:00:00+00:00,118.478278661861,118.70094093106418,116.65385700275765,117.55789184570312,21158000,0.0,0.0,4208.1201171875,,323.609375
2021-06-03 04:00:00+00:00,116.3250761646754,116.88494774617168,115.52121891925472,116.41681671142578,18696000,0.0,0.0,4192.85009765625,,320.24188232421875
2021-06-04 04:00:00+00:00,117.49243481948021,118.96823639262553,117.15224415049533,118.69747161865234,24458000,0.0,0.0,4229.89013671875,,325.67633056640625
2021-06-07 04:00:00+00:00,118.49266700644799,119.23999231025896,118.07412912075807,119.1303939819336,24120000,0.0,0.0,4226.52001953125,,326.64678955078125
2021-06-08 04:00:00+00:00,119.61190790368995,119.98432577535812,118.757466274763,118.93896484375,24240000,0.0,0.0,4227.259765625,,326.8020935058594
2021-06-09 04:00:00+00:00,119.58314141281689,119.65504166013505,118.86259530140607,119.41007232666016,17942000,0.0,0.0,4219.5498046875,,326.87969970703125
2021-06-10 04:00:00+00:00,119.35950068179913,120.80158431684347,119.20378994220064,120.75843811035156,25904000,0.0,0.0,4239.18017578125,,330.285888671875
2021-06-11 04:00:00+00:00,120.99992773077977,121.08522130896714,119.95654936765875,120.51394653320312,21958000,0.0,0.0,4247.43994140625,,331.14959716796875
2021-06-14 04:00:00+00:00,120.61610768688743,121.44227956527116,119.90895486343989,121.44178771972656,22098000,0.0,0.0,4255.14990234375,,334.3228454589844
2021-06-15 04:00:00+00:00,121.44625717538425,121.76908949058003,120.06368677320248,120.42420959472656,21562000,0.0,0.0,4246.58984375,,332.1393737792969
2021-06-16 04:00:00+00:00,120.5754393849675,120.88686840654948,118.49067266185558,119.7824935913086,26472000,0.0,0.0,4223.7001953125,,330.92633056640625
2021-06-17 04:00:00+00:00,119.70812106140869,121.51815815207105,119.51223788888802,120.74554443359375,25842000,0.0,0.0,4221.85986328125,,335.1283264160156
2021-06-18 04:00:00+00:00,120.37212004101573,120.60618554839238,119.03120533837755,119.12641906738281,46116000,0.0,0.0,4166.4501953125,,332.49847412109375
2021-06-21 04:00:00+00:00,119.51273077628596,120.99993548875224,118.91566055698493,120.81397247314453,27414000,0.0,0.0,4224.7900390625,,334.56500244140625
2021-06-22 04:00:00+00:00,120.75198140176597,121.39665468442757,120.07160770069062,121.32772064208984,22390000,0.0,0.0,4246.43994140625,,337.6837158203125
2021-06-23 04:00:00+00:00,121.0926742086513,122.08645953120904,120.83580218507122,121.12590026855469,19148000,0.0,0.0,4241.83984375,,337.84881591796875
2021-06-24 04:00:00+00:00,121.69419186972272,122.04677701360374,121.29747683144915,121.49583435058594,21362000,0.0,0.0,4266.490234375,,339.9376220703125
2021-06-25 04:00:00+00:00,120.99994158468905,121.62775596535607,120.5685097881372,121.5042724609375,34594000,0.0,0.0,4280.7001953125,,339.5199279785156
2021-06-28 04:00:00+00:00,121.67288132884134,121.77851462630447,120.41032128479314,121.53155517578125,28526000,0.0,0.0,4290.60986328125,,343.6490173339844
2021-06-29 04:00:00+00:00,121.66493508583213,122.01256393063309,120.69346452054683,121.27019500732422,23108000,0.0,0.0,4291.7998046875,,344.8926086425781
2021-06-30 04:00:00+00:00,120.99447687115277,121.2548296268427,120.35972373185534,121.08869934082031,24474000,0.0,0.0,4297.5,,344.3484802246094
2021-07-01 04:00:00+00:00,120.72718855138434,121.58212203987887,120.53527798763021,121.4407958984375,18110000,0.0,0.0,4319.93994140625,,344.4845275878906
2021-07-02 04:00:00+00:00,122.14052074770464,124.3760421604454,122.05076271213034,124.23074340820312,25982000,0.0,0.0,4352.33984375,,348.43878173828125
2021-07-06 04:00:00+00:00,124.61852879829608,125.39164190205774,123.56126516970392,125.15559387207031,26404000,0.0,0.0,4343.5400390625,,349.9446716308594
2021-07-07 04:00:00+00:00,126.11963498147594,126.24062899525266,125.11890325477182,125.43727111816406,24060000,0.0,0.0,4358.1298828125,,350.68304443359375
2021-07-08 04:00:00+00:00,123.00933654007592,124.56596723994673,123.00537150808182,124.01898956298828,23790000,0.0,0.0,4320.81982421875,,348.5650939941406
2021-07-09 04:00:00+00:00,124.00013909575392,124.70381872081973,123.53051741103474,124.48959350585938,18632000,0.0,0.0,4369.5498046875,,350.74139404296875
2021-07-12 04:00:00+00:00,125.14368334235166,126.02787781640319,124.58132987577834,125.93464660644531,17668000,0.0,0.0,4384.6298828125,,352.11126708984375
2021-07-13 04:00:00+00:00,125.99714317447354,127.00778748498041,125.63612851420876,126.29766082763672,19240000,0.0,0.0,4369.2099609375,,352.11126708984375
2021-07-14 04:00:00+00:00,126.90910159126689,128.2663910341705,126.865955385297,127.1858139038086,23742000,0.0,0.0,4374.2998046875,,352.74273681640625
2021-07-15 04:00:00+00:00,127.59443383506836,127.64501069030976,125.49280054236102,125.96390533447266,24218000,0.0,0.0,4360.02978515625,,350.2652893066406
2021-07-16 04:00:00+00:00,126.61650398488521,126.76378522590034,125.11937927369718,125.92918395996094,20424000,0.0,0.0,4327.16015625,,347.4283447265625
2021-07-19 04:00:00+00:00,125.05590815567551,125.17046276091699,122.49259090531656,123.55680084228516,27968000,0.0,0.0,4258.490234375,,344.5817565917969
2021-07-20 04:00:00+00:00,124.49851053248894,126.00159043894895,123.33116437738677,125.1749267578125,26312000,0.0,0.0,4323.06005859375,,348.58453369140625
2021-07-21 04:00:00+00:00,125.09955486427575,126.55006794062126,124.99045595333612,126.50345611572266,20746000,0.0,0.0,4358.68994140625,,351.2757263183594
2021-07-22 04:00:00+00:00,126.79602416530378,127.4297860202273,126.4538510284207,127.36878204345703,14302000,0.0,0.0,4367.47998046875,,353.5978088378906
2021-07-23 04:00:00+00:00,129.36133455179797,132.30550704776215,128.73650906326645,131.92465209960938,41506000,0.0,0.0,4411.7900390625,,357.7268371582031
2021-07-26 04:00:00+00:00,132.23557346986715,133.13661932706722,131.2169841004671,132.936279296875,30572000,0.0,0.0,4422.2998046875,,358.0085754394531
2021-07-27 04:00:00+00:00,133.1500131960715,133.29729444563313,129.0375036233096,130.8187713623047,54710000,0.0,0.0,4401.4599609375,,354.0640869140625
2021-07-28 04:00:00+00:00,135.1946241311871,137.16335335815197,134.16860398036314,134.97840881347656,95130000,0.0,0.0,4400.64013671875,,355.4241943359375
2021-07-29 04:00:00+00:00,135.0339491373532,135.54076195696248,134.43193014711593,134.6645050048828,31716000,0.0,0.0,4419.14990234375,,356.0557861328125
2021-07-30 04:00:00+00:00,133.92810471351868,134.1953963144615,133.15449968254848,133.62213134765625,25576000,0.0,0.0,4395.259765625,,354.2001647949219
2021-08-02 04:00:00+00:00,134.00942969336194,134.22712811804664,132.69727646334016,133.74908447265625,21634000,0.0,0.0,4387.16015625,,354.2292175292969
2021-08-03 04:00:00+00:00,134.02726631580427,134.61937271017896,132.22665752851483,134.51821899414062,20762000,0.0,0.0,4423.14990234375,,356.37640380859375
2021-08-04 04:00:00+00:00,134.24001564188015,134.53755950866824,133.38458270000555,134.01785278320312,19676000,0.0,0.0,4402.66015625,,356.8913269042969
2021-08-05 04:00:00+00:00,134.56830968720467,135.23233153572974,133.74064701893116,135.13462829589844,17870000,0.0,0.0,4429.10009765625,,359.1550598144531
2021-08-06 04:00:00+00:00,134.9268333121691,135.35380063089553,134.10165272092112,134.6258087158203,20488000,0.0,0.0,4436.52001953125,,357.5810852050781
2021-08-09 04:00:00+00:00,134.82816095664558,136.0594850166339,134.23009186471586,135.7906951904297,17760000,0.0,0.0,4432.35009765625,,358.2418518066406
2021-08-10 04:00:00+00:00,136.21614977140976,136.64313217691176,135.24666937590175,135.685546875,19414000,0.0,0.0,4436.75,,356.4055480957031
2021-08-11 04:00:00+00:00,136.05700947405194,136.55389460315365,135.15446522499255,135.1619110107422,15352000,0.0,0.0,4442.41015625,,355.7934875488281
2021-08-12 04:00:00+00:00,134.86089454269305,136.17454612725479,134.3154150349117,136.0694122314453,16506000,0.0,0.0,4460.830078125,,357.0758972167969
2021-08-13 04:00:00+00:00,136.1249619852807,136.7264968014449,135.9097454556271,136.59854125976562,15948000,0.0,0.0,4468.0,,358.3291931152344
2021-08-16 04:00:00+00:00,136.39768127335614,137.22832524277518,134.1899301812805,137.17575073242188,22384000,0.0,0.0,4479.7099609375,,358.48468017578125
2021-08-17 04:00:00+00:00,136.62082272063034,137.1320999211298,134.96649653381414,135.54124450683594,21716000,0.0,0.0,4448.080078125,,355.32708740234375
2021-08-18 04:00:00+00:00,135.38107897385382,135.98063113741676,134.21224206544025,134.3386993408203,19258000,0.0,0.0,4400.27001953125,,351.9072570800781
2021-08-19 04:00:00+00:00,133.33348946705797,135.23476744461345,133.1495089814083,134.56777954101562,21782000,0.0,0.0,4405.7998046875,,353.6074523925781
2021-08-20 04:00:00+00:00,134.8851617373076,136.42642391817594,134.14130974243275,136.30294799804688,31194000,0.0,0.0,4441.669921875,,357.2702331542969
2021-08-23 04:00:00+00:00,136.83853312618544,139.71971902868404,136.47950099945666,138.8935546875,28454000,0.0,0.0,4479.52978515625,,362.61376953125
2021-08-24 04:00:00+00:00,139.45886528917006,140.9153334065435,139.1881081082897,140.10354614257812,19268000,0.0,0.0,4486.22998046875,,363.7213134765625
2021-08-25 04:00:00+00:00,140.4640639174662,141.02393547801682,140.21711205572637,140.91433715820312,15848000,0.0,0.0,4496.18994140625,,364.1390380859375
2021-08-26 04:00:00+00:00,140.58803917062994,141.2500632657939,140.198255364594,140.2810821533203,20610000,0.0,0.0,4470.0,,361.82684326171875
2021-08-27 04:00:00+00:00,140.49133697664018,143.3278934785733,140.3371093469741,142.8235626220703,28780000,0.0,0.0,4509.3701171875,,365.3437805175781
2021-08-30 04:00:00+00:00,143.21629858007987,144.77393543856923,142.98124183306933,143.40524291992188,24434000,0.0,0.0,4528.7900390625,,369.4438781738281
2021-08-31 04:00:00+00:00,143.9571917138558,143.98148131585134,143.0982932268432,143.51136779785156,22448000,0.0,0.0,4522.68017578125,,369.1426696777344
2021-09-01 04:00:00+00:00,143.81141309150524,145.05513168478024,143.6958672121198,144.025146484375,21936000,0.0,0.0,4524.08984375,,369.75469970703125
2021-09-02 04:00:00+00:00,144.02564581736442,144.32665531830855,142.0112884210009,142.11245727539062,32342000,0.0,0.0,4536.9501953125,,369.579833984375
2021-09-03 04:00:00+00:00,141.90762370846002,142.97330911300233,141.23319004017313,142.56121826171875,19850000,0.0,0.0,4535.43017578125,,370.716552734375
2021-09-07 04:00:00+00:00,142.65546562838,143.37997686078998,142.44173224208836,143.09780883789062,20124000,0.0,0.0,4520.02978515625,,371.24127197265625
2021-09-08 04:00:00+00:00,142.91879692732815,143.2163256757529,141.8278077374024,142.5131378173828,18344000,0.0,0.0,4514.06982421875,,369.9490661621094
2021-09-09 04:00:00+00:00,142.66140907531098,143.12755759724692,142.0038493948319,142.36436462402344,15314000,0.0,0.0,4493.27978515625,,368.6763610839844
2021-09-10 04:00:00+00:00,143.030343356749,143.53220739667623,139.58433740573318,139.72120666503906,36840000,0.0,0.0,4458.580078125,,365.8782043457031
2021-09-13 04:00:00+00:00,140.78588503191912,141.77818710345173,140.09212560958235,141.16575622558594,22094000,0.0,0.0,4468.72998046875,,365.6256408691406
2021-09-14 04:00:00+00:00,141.82332937621524,142.18782475783476,140.5880403778888,141.3760223388672,19674000,0.0,0.0,4443.0498046875,,364.5861511230469
2021-09-15 04:00:00+00:00,141.60116132377672,143.2663989340108,140.18883824930154,143.24557495117188,27408000,0.0,0.0,4480.7001953125,,367.2966613769531
2021-09-16 04:00:00+00:00,142.77052431927007,143.1171619764454,141.23422561732042,142.4328155517578,26190000,0.0,0.0,4473.75,,367.5492858886719
2021-09-17 04:00:00+00:00,141.8580280226532,142.27408389785296,139.31851630513904,139.64581298828125,53384000,0.0,0.0,4432.990234375,,363.19671630859375
2021-09-20 04:00:00+00:00,137.028942390243,137.86056989011584,135.2045285382964,137.58236694335938,46518000,0.0,0.0,4357.72998046875,,355.69183349609375
2021-09-21 04:00:00+00:00,138.60394429145055,138.86380522550456,137.1445098358899,137.89332580566406,25332000,0.0,0.0,4354.18994140625,,356.1295471191406
2021-09-22 04:00:00+00:00,138.16208194134197,139.73209820488628,137.41574800022835,139.133544921875,25056000,0.0,0.0,4395.64013671875,,359.45599365234375
2021-09-23 04:00:00+00:00,139.83179860304818,140.534986416547,139.25060362210317,140.0584259033203,20952000,0.0,0.0,4448.97998046875,,362.772705078125
2021-09-24 04:00:00+00:00,139.38645403348636,141.16377175943416,139.091392141108,141.04920959472656,22984000,0.0,0.0,4455.47998046875,,363.113037109375
2021-09-27 04:00:00+00:00,139.65030981604136,140.7750169200493,138.9193515942972,139.91561889648438,21882000,0.0,0.0,4443.10986328125,,360.21466064453125
2021-09-28 04:00:00+00:00,137.51840770698303,137.95628643744843,134.25041949465725,134.71656799316406,45772000,0.0,0.0,4352.6298828125,,350.021484375
2021-09-29 04:00:00+00:00,135.85714754159193,136.02675103167505,132.76769140885952,133.25218200683594,30848000,0.0,0.0,4359.4599609375,,349.44757080078125
2021-09-30 04:00:00+00:00,133.1609107915046,134.43140060858275,132.46118872527043,132.5802001953125,37996000,0.0,0.0,4307.5400390625,,348.1636962890625
2021-10-01 04:00:00+00:00,133.3453939422307,135.7882166913334,132.97396732571667,135.42372131347656,35360000,0.0,0.0,4357.0400390625,,350.32293701171875
2021-10-04 04:00:00+00:00,134.84600656635544,134.84600656635544,129.9757666568725,132.56387329101562,51202000,0.0,0.0,4300.4599609375,,342.9698181152344
2021-10-05 04:00:00+00:00,132.94224164734214,136.09964809191845,132.94224164734214,134.90798950195312,32404000,0.0,0.0,4345.72021484375,,347.599609375
2021-10-06 04:00:00+00:00,133.64542025587158,136.62082849904496,133.44706273306846,136.43734741210938,24364000,0.0,0.0,4363.5498046875,,349.826904296875
2021-10-07 04:00:00+00:00,137.75347740127893,138.89405973958108,137.51445558203253,138.08375549316406,25110000,0.0,0.0,4399.759765625,,353.03662109375
2021-10-08 04:00:00+00:00,138.43286154368056,139.180678709359,138.0763113266695,138.63966369628906,26526000,0.0,0.0,4391.33984375,,351.27618408203125
2021-10-11 04:00:00+00:00,138.15019117218512,139.55854921153343,137.72072679461957,137.77528381347656,17954000,0.0,0.0,4361.18994140625,,348.5820007324219
2021-10-12 04:00:00+00:00,138.33663473843401,138.36342140161824,134.64712752694697,135.3304901123047,36332000,0.0,0.0,4350.64990234375,,347.3662109375
2021-10-13 04:00:00+00:00,136.27619065855683,136.86879650740957,135.39993366753524,136.4542236328125,19654000,0.0,0.0,4363.7998046875,,350.14788818359375
2021-10-14 04:00:00+00:00,138.33070229242213,140.17892171906655,137.68702021920703,139.99395751953125,31894000,0.0,0.0,4438.259765625,,356.5964660644531
2021-10-15 04:00:00+00:00,140.45363726334713,140.5562892000621,139.60118579773,140.2091522216797,30274000,0.0,0.0,4471.3701171875,,358.8431701660156
2021-10-18 04:00:00+00:00,139.92006032333015,141.62546275603327,139.9131139513097,141.60760498046875,20396000,0.0,0.0,4486.4599609375,,362.4516296386719
2021-10-19 04:00:00+00:00,142.21211472454237,142.4848695628123,141.43107913400408,142.06285095214844,20164000,0.0,0.0,4519.6298828125,,365.1945495605469
2021-10-20 04:00:00+00:00,142.1630420742844,142.36934482672316,140.2176186204073,140.60690307617188,23288000,0.0,0.0,4536.18994140625,,364.7178955078125
2021-10-21 04:00:00+00:00,140.6068856243596,140.99072189641535,139.3482906803263,140.72293090820312,26292000,0.0,0.0,4549.77978515625,,366.94525146484375
2021-10-22 04:00:00+00:00,138.00935869132704,139.43061082473707,134.94072652552163,136.4388427734375,50588000,0.0,0.0,4544.89990234375,,363.8619689941406
2021-10-25 04:00:00+00:00,136.42249557119888,136.8688038613959,134.31391552734996,136.32034301757812,34412000,0.0,0.0,4566.47998046875,,367.5871276855469
2021-10-26 04:00:00+00:00,138.1219203768164,138.9346913152146,137.17078194335667,138.1665496826172,49236000,0.0,0.0,4574.7900390625,,368.7445983886719
2021-10-27 04:00:00+00:00,138.26226450047915,147.4314763034353,138.26226450047915,145.0189208984375,85782000,0.0,0.0,4551.68017578125,,369.6005554199219
2021-10-28 04:00:00+00:00,145.92838121033233,145.9516871178596,143.44142900528485,144.65341186523438,36206000,0.0,0.0,4596.419921875,,373.7050476074219
2021-10-29 04:00:00+00:00,143.88878516538037,147.0268510185373,143.46380028291566,146.83245849609375,43320000,0.0,0.0,4605.3798828125,,375.5432434082031
2021-11-01 04:00:00+00:00,146.8324309481015,146.8324309481015,142.05143515277334,142.32070922851562,46924000,0.0,0.0,4613.669921875,,376.8272705078125
2021-11-02 04:00:00+00:00,143.39432146275416,145.4071801058205,143.15231836090632,144.24032592773438,33482000,0.0,0.0,4630.64990234375,,378.40277099609375
2021-11-03 04:00:00+00:00,144.7045091916116,145.46671841466951,143.40574947129778,145.39630126953125,27494000,0.0,0.0,4660.56982421875,,382.41986083984375
2021-11-04 04:00:00+00:00,145.9184578093512,148.5060795043872,145.10865316738833,147.05209350585938,38412000,0.0,0.0,4680.06005859375,,387.3219909667969
2021-11-05 04:00:00+00:00,147.9467383281665,149.0952508155655,146.98222150325446,147.63185119628906,38354000,0.0,0.0,4697.52978515625,,387.6915283203125
2021-11-08 05:00:00+00:00,148.59682386943936,149.38035641071258,147.21375439543775,147.80934143066406,23052000,0.0,0.0,4701.7001953125,,387.166259765625
2021-11-09 05:00:00+00:00,148.00972059814333,148.60629148213926,146.03800993877508,147.6977996826172,19530000,0.0,0.0,4685.25,,384.5012512207031
2021-11-10 05:00:00+00:00,146.29090824279103,146.85624308458767,143.35269859682205,144.69757080078125,29970000,0.0,0.0,4646.7099609375,,378.85028076171875
2021-11-11 05:00:00+00:00,145.28869002419106,146.32612090055292,144.40696987833476,144.5716094970703,16518000,0.0,0.0,4649.27001953125,,379.90069580078125
2021-11-12 05:00:00+00:00,145.4136656401591,147.62986135268545,144.219040793597,147.45925903320312,22360000,0.0,0.0,4682.85009765625,,383.89825439453125
2021-11-15 05:00:00+00:00,147.67994786333566,148.32363001536405,146.36531261112202,147.23512268066406,23508000,0.0,0.0,4682.7998046875,,383.8106689453125
2021-11-16 05:00:00+00:00,146.9351207972759,147.54308742658827,146.10497613582916,146.6638641357422,18904000,0.0,0.0,4700.89990234375,,386.54388427734375
2021-11-17 05:00:00+00:00,146.81409417641225,147.34173099742802,146.0330585046554,146.83343505859375,19594000,0.0,0.0,4688.669921875,,386.748046875
2021-11-18 05:00:00+00:00,147.02635065516242,149.34618212111218,146.6722823464295,148.61026000976562,35608000,0.0,0.0,4704.5400390625,,390.7552795410156
2021-11-19 05:00:00+00:00,148.74610077592874,149.72898972518277,147.67843279309778,147.70570373535156,33682000,0.0,0.0,4697.9599609375,,392.9339599609375
2021-11-22 05:00:00+00:00,148.10836700924503,148.60128697238446,144.94947812815403,145.1027069091797,30594000,0.0,0.0,4682.93994140625,,388.3723449707031
2021-11-23 05:00:00+00:00,144.9549360689054,145.45778377770264,142.93364778882065,144.58697509765625,27218000,0.0,0.0,4690.7001953125,,386.6021423339844
2021-11-24 05:00:00+00:00,144.2810105888424,145.0506504792178,143.18953724894834,144.92221069335938,18040000,0.0,0.0,4701.4599609375,,387.84710693359375
2021-11-26 05:00:00+00:00,143.16524773270095,143.37253416299765,140.67979308519273,141.0175018310547,30470000,0.0,0.0,4594.6201171875,,380.4940490722656
2021-11-29 05:00:00+00:00,142.81959849591408,145.0982659592094,142.7139652055701,144.33755493164062,32596000,0.0,0.0,4655.27001953125,,388.7517395019531
2021-11-30 05:00:00+00:00,143.81981989380787,144.80319311094968,140.44075042064517,140.7343292236328,42068000,0.0,0.0,4567.0,,383.04229736328125
2021-12-01 05:00:00+00:00,142.81961122468087,144.75412317905503,139.7569265486594,139.89527893066406,34020000,0.0,0.0,4513.0400390625,,376.5257568359375
2021-12-02 05:00:00+00:00,140.09214564508795,142.68521600548834,139.06512670151332,141.79408264160156,29194000,0.0,0.0,4577.10009765625,,379.2392883300781
2021-12-03 05:00:00+00:00,142.50320033510963,143.21630064924545,139.15090244069415,140.83746337890625,41230000,0.0,0.0,4538.43017578125,,372.6448669433594
2021-12-06 05:00:00+00:00,141.86795825434288,142.67329857712156,139.00114949695094,141.9815216064453,30618000,0.0,0.0,4591.669921875,,375.6308288574219
2021-12-07 05:00:00+00:00,144.40301145252772,146.32166315012472,144.0370329543183,146.0623016357422,32240000,0.0,0.0,4686.75,,386.9425964355469
2021-12-08 05:00:00+00:00,146.38658085355377,147.17656029717736,145.20584912574702,146.97174072265625,24270000,0.0,0.0,4701.2099609375,,388.67388916015625
2021-12-09 05:00:00+00:00,146.3811419446522,147.87777474199387,145.9090459619528,146.42825317382812,23270000,0.0,0.0,4667.4501953125,,382.95477294921875
2021-12-10 05:00:00+00:00,147.4810447383532,147.7562663299005,145.5014045541288,146.78826904296875,24458000,0.0,0.0,4712.02001953125,,387.1176452636719
2021-12-13 05:00:00+00:00,146.57007966602828,146.7570414903442,144.32464606078113,144.63111877441406,27070000,0.0,0.0,4668.97021484375,,381.5250244140625
2021-12-14 05:00:00+00:00,142.78784526013442,143.29564167577516,140.05740665054037,142.7273406982422,38446000,0.0,0.0,4634.08984375,,377.5761413574219
2021-12-15 05:00:00+00:00,142.2334415962049,145.51828889506476,140.51662819810505,145.24058532714844,36370000,0.0,0.0,4709.85009765625,,386.1839599609375
2021-12-16 05:00:00+00:00,145.96410864255435,146.46645697869997,142.42981251292935,143.26095581054688,33650000,0.0,0.0,4668.669921875,,376.25335693359375
2021-12-17 05:00:00+00:00,141.33190408361676,142.65546811563613,140.1417437075494,140.56326293945312,50416000,0.0,0.0,4620.64013671875,,374.3760986328125
2021-12-20 05:00:00+00:00,138.85237592178575,140.61233535579893,138.17894105107746,140.44619750976562,27192000,0.0,0.0,4568.02001953125,,370.74456787109375
2021-12-21 05:00:00+00:00,140.88905801007334,142.68968194664052,139.35077693447047,142.2964324951172,28756000,0.0,0.0,4649.22998046875,,379.0419921875
2021-12-22 05:00:00+00:00,141.89474965551238,145.2991078691126,141.89474965551238,145.2147979736328,26322000,0.0,0.0,4696.56005859375,,383.658203125
2021-12-23 05:00:00+00:00,145.29909901208103,147.028306818594,145.25148836497797,145.71218872070312,26384000,0.0,0.0,4725.7900390625,,386.550537109375
2021-12-27 05:00:00+00:00,146.0488961608223,147.12797496363228,145.96310316847794,146.69406127929688,15976000,0.0,0.0,4791.18994140625,,392.9391784667969
2021-12-28 05:00:00+00:00,147.02088732134416,147.08337441512606,144.85728115771545,145.48458862304688,18200000,0.0,0.0,4786.35009765625,,391.1180419921875
2021-12-29 05:00:00+00:00,145.44243834865856,146.20861273327162,144.45361680844815,145.45285034179688,17788000,0.0,0.0,4793.06005859375,,391.05963134765625
2021-12-30 05:00:00+00:00,145.49151435657527,146.09254961389885,144.79775486353165,145.00205993652344,15688000,0.0,0.0,4778.72998046875,,389.89105224609375
2021-12-31 05:00:00+00:00,144.85280491667777,145.4959875927401,143.6646270751953,143.6646270751953,18136000,0.0,0.0,4766.18017578125,,387.456298828125
2022-01-03 05:00:00+00:00,143.8659193516871,144.6553994298771,142.5349249798288,143.80294799804688,28646000,0.0,0.0,4796.56005859375,,391.1862487792969
2022-01-04 05:00:00+00:00,144.2041576289817,145.2842353697018,142.53843558316575,143.21583557128906,28400000,0.0,0.0,4793.5400390625,,386.1122741699219
2022-01-05 05:00:00+00:00,143.23617997015938,143.3150266095695,136.55936784960983,136.64564514160156,54618000,0.0,0.0,4700.580078125,,374.25048828125
2022-01-06 05:00:00+00:00,135.87550910453731,138.7928950463076,135.43911342349688,136.6183624267578,37348000,0.0,0.0,4696.0498046875,,373.9876403808594
2022-01-07 05:00:00+00:00,137.01307300645394,137.31359818480337,134.65357655381717,135.89382934570312,29760000,0.0,0.0,4677.02978515625,,369.93621826171875
2022-01-10 05:00:00+00:00,133.97072480010584,137.68155536055949,132.07291243739996,137.53277587890625,44408000,0.0,0.0,4670.2900390625,,370.17974853515625
2022-01-11 05:00:00+00:00,136.87571483847339,139.06660657340043,135.57199131832226,138.5905303955078,28730000,0.0,0.0,4713.06982421875,,375.7405090332031
2022-01-12 05:00:00+00:00,139.9929457226333,141.4390018146242,139.54118939726052,140.27114868164062,26108000,0.0,0.0,4726.35009765625,,377.2305908203125
2022-01-13 05:00:00+00:00,140.37975480829834,141.67902912526233,137.27442366179454,137.4509735107422,31436000,0.0,0.0,4659.02978515625,,367.79376220703125
2022-01-14 05:00:00+00:00,135.9553241572003,139.5883072001904,135.87549384235362,138.33714294433594,29662000,0.0,0.0,4662.85009765625,,370.08233642578125
2022-01-18 05:00:00+00:00,135.05876027547475,136.00741694604665,134.32830144930435,134.88320922851562,34872000,0.0,0.0,4577.10986328125,,360.8695373535156
2022-01-19 05:00:00+00:00,135.40435982173292,136.82859294560305,133.90872587033735,134.00889587402344,28648000,0.0,0.0,4532.759765625,,356.9057922363281
2022-01-20 05:00:00+00:00,135.1331212999803,136.49784887181025,131.8745463034307,132.21473693847656,29908000,0.0,0.0,4482.72998046875,,352.2701721191406
2022-01-21 05:00:00+00:00,131.5066158303364,133.7599798995472,129.02016235439484,129.28298950195312,55652000,0.0,0.0,4397.93994140625,,342.5022277832031
2022-01-24 05:00:00+00:00,124.94532175448224,130.12749709636913,123.47944046052136,129.7317657470703,76622000,0.0,0.0,4410.1298828125,,344.0700988769531
2022-01-25 05:00:00+00:00,127.68470512760926,128.33829981975202,125.46356069451652,125.89449310302734,46960000,0.0,0.0,4356.4501953125,,336.09405517578125
2022-01-26 05:00:00+00:00,130.04418655853962,131.9097642410679,126.09978210305361,128.17364501953125,49130000,0.0,0.0,4349.93017578125,,335.56817626953125
2022-01-27 05:00:00+00:00,130.22769119645346,131.56513295183782,127.8756248860706,127.94754028320312,31950000,0.0,0.0,4326.509765625,,332.1888427734375
2022-01-28 05:00:00+00:00,128.59616648080828,132.26336732239355,127.43179389269864,132.25790405273438,34362000,0.0,0.0,4431.85009765625,,342.60931396484375
2022-01-31 05:00:00+00:00,133.06222894230496,134.3624868099739,131.12573488414426,134.19436645507812,39986000,0.0,0.0,4515.5498046875,,353.5653381347656
2022-02-01 05:00:00+00:00,136.46660753981268,136.6634819687619,133.26705377749363,136.5157012939453,68644000,0.0,0.0,4546.5400390625,,355.97088623046875
2022-02-02 05:00:00+00:00,150.01014748135128,150.30421054385434,144.32960458845056,146.7867889404297,123200000,0.0,0.0,4589.3798828125,,358.8632507324219
2022-02-03 05:00:00+00:00,144.5111378369467,148.4480970136978,141.49604864905484,141.9170684814453,71518000,0.0,0.0,4477.43994140625,,344.31353759765625
2022-02-04 05:00:00+00:00,142.26867081780298,143.6874410729593,139.36317994593287,142.118408203125,57998000,0.0,0.0,4500.52978515625,,348.6570739746094
2022-02-07 05:00:00+00:00,143.06756034988416,143.06756034988416,137.76140907718417,138.05995178222656,54974000,0.0,0.0,4483.8701171875,,345.8523254394531
2022-02-08 05:00:00+00:00,137.8868730262489,138.8523885484705,135.8908729676065,138.25631713867188,54284000,0.0,0.0,4521.5400390625,,349.738037109375
2022-02-09 05:00:00+00:00,139.80797789700927,141.3561864794341,139.03783863725855,140.4313201904297,40144000,0.0,0.0,4587.18017578125,,357.1492919921875
2022-02-10 05:00:00+00:00,138.55833324032872,140.3247247602678,136.82614390542432,137.48370361328125,39330000,0.0,0.0,4504.080078125,,349.0660705566406
2022-02-11 05:00:00+00:00,137.46386044180338,138.01578678020195,132.30647428852177,133.18174743652344,39958000,0.0,0.0,4418.64013671875,,337.99310302734375
2022-02-14 05:00:00+00:00,132.16417235989616,135.1827270188193,132.16417235989616,134.41506958007812,34302000,0.0,0.0,4401.669921875,,338.411865234375
2022-02-15 05:00:00+00:00,136.4427979327925,136.9763973849014,134.7081419187358,135.4886932373047,26680000,0.0,0.0,4471.06982421875,,346.826171875
2022-02-16 05:00:00+00:00,135.5263729022058,136.95407185843112,133.81798904852437,136.6089324951172,25022000,0.0,0.0,4475.009765625,,346.7385559082031
2022-02-17 05:00:00+00:00,135.12619300415574,135.98955606011734,131.3925552622797,131.4525604248047,38950000,0.0,0.0,4380.259765625,,336.4251708984375
2022-02-18 05:00:00+00:00,132.37292423632954,132.97099324127743,129.1292409403073,129.33404541015625,45620000,0.0,0.0,4348.8701171875,,332.5881652832031
2022-02-22 05:00:00+00:00,128.77367925061782,131.09697591573786,127.17241181915688,128.7493896484375,44990000,0.0,0.0,4304.759765625,,329.2476806640625
2022-02-23 05:00:00+00:00,130.56935363366216,130.96855064132313,126.48213198505229,126.5421371459961,32786000,0.0,0.0,4225.5,,320.8140563964844
2022-02-24 05:00:00+00:00,123.92923223959937,131.90977476291786,123.92923223959937,131.60330200195312,54456000,0.0,0.0,4288.7001953125,,331.5947265625
2022-02-25 05:00:00+00:00,132.45723763350745,134.16264009522365,130.67149031409218,133.3572998046875,36406000,0.0,0.0,4384.64990234375,,336.7369079589844
2022-02-28 05:00:00+00:00,131.95936863524972,134.63871633436403,131.50561460625966,133.94992065429688,38864000,0.0,0.0,4373.93994140625,,337.7398986816406
2022-03-01 05:00:00+00:00,133.77285909543676,135.13857036774974,132.12647806196426,132.96255493164062,26496000,0.0,0.0,4306.259765625,,332.5685729980469
2022-03-02 05:00:00+00:00,133.52443917740345,134.15372912259033,131.9806947822643,133.46839904785156,23520000,0.0,0.0,4386.5400390625,,338.14892578125
2022-03-03 05:00:00+00:00,134.8950837847723,135.32106741558047,131.93505144439177,132.80189514160156,24604000,0.0,0.0,4363.490234375,,333.3185119628906
2022-03-04 05:00:00+00:00,131.83786771432526,132.75428947542676,129.26908704703752,130.82522583007812,30430000,0.0,0.0,4328.8701171875,,328.4881286621094
2022-03-07 05:00:00+00:00,130.41016532100002,130.6551346655655,125.25972533418172,125.34254455566406,45112000,0.0,0.0,4201.08984375,,316.373046875
2022-03-08 05:00:00+00:00,125.21509629053482,130.17411000501144,124.64431332771989,126.06259155273438,40428000,0.0,0.0,4170.7001953125,,314.9026184082031
2022-03-09 05:00:00+00:00,130.17409924594682,132.63922887603567,128.83565901257037,132.32630920410156,37026000,0.0,0.0,4277.8798828125,,326.2384948730469
2022-03-10 05:00:00+00:00,130.18998790766506,132.17954098140794,129.8393852677274,131.3439483642578,27102000,0.0,0.0,4259.52001953125,,322.61553955078125
2022-03-11 05:00:00+00:00,132.39426221843516,132.698752456179,128.56888416798853,128.80592346191406,31526000,0.0,0.0,4204.31005859375,,315.9251403808594
2022-03-14 04:00:00+00:00,129.18231231398767,129.34000556632407,124.2480949884942,124.91854858398438,38812000,0.0,0.0,4173.10986328125,,309.8579406738281
2022-03-15 04:00:00+00:00,125.93514541675391,128.79005910986243,124.68993626243409,128.13893127441406,30920000,0.0,0.0,4262.4501953125,,319.5771179199219
2022-03-16 04:00:00+00:00,129.66135482928354,132.240032982956,127.67923236827228,132.18797302246094,35576000,0.0,0.0,4357.85986328125,,331.4292297363281
2022-03-17 04:00:00+00:00,132.05755123913005,132.98141880336502,131.10144887364655,132.7418975830078,28264000,0.0,0.0,4411.669921875,,335.44158935546875
2022-03-18 04:00:00+00:00,132.33078043484574,135.1271719338952,131.17433810969047,135.0096435546875,44566000,0.0,0.0,4463.1201171875,,342.3074035644531
2022-03-21 04:00:00+00:00,135.04732810159504,135.92656630102422,132.99330550843302,134.98583984375,26832000,0.0,0.0,4461.18017578125,,341.355712890625
2022-03-22 04:00:00+00:00,134.9858461376951,139.89378371835335,134.9858461376951,138.72146606445312,35496000,0.0,0.0,4511.60986328125,,348.0643005371094
2022-03-23 04:00:00+00:00,137.56551524552734,138.44425402347676,136.70513365586095,137.1420135498047,25154000,0.0,0.0,4456.240234375,,343.0621337890625
2022-03-24 04:00:00+00:00,138.058933800913,140.458110844999,136.62132231474047,140.4114990234375,26396000,0.0,0.0,4520.16015625,,350.687255859375
2022-03-25 04:00:00+00:00,140.7526925700073,140.8707203771551,138.59205274099185,140.51168823242188,24126000,0.0,0.0,4543.06005859375,,350.3947448730469
2022-03-28 04:00:00+00:00,139.74550107592432,140.83847267217368,138.66542339972597,140.29595947265625,35050000,0.0,0.0,4575.52001953125,,355.816162109375
2022-03-29 04:00:00+00:00,141.4781907391212,142.61479282683288,140.87417414180615,141.33734130859375,34318000,0.0,0.0,4631.60009765625,,361.9397277832031
2022-03-30 04:00:00+00:00,141.29223395375402,141.55059664678325,140.43928293794912,140.77500915527344,19884000,0.0,0.0,4602.4501953125,,357.94189453125
2022-03-31 04:00:00+00:00,140.88855215145054,140.9431091731122,137.88488921822,137.9275360107422,37524000,0.0,0.0,4530.41015625,,353.5052490234375
2022-04-01 04:00:00+00:00,138.3564676186564,139.31950107652258,137.17373813332352,139.0016326904297,25942000,0.0,0.0,4545.85986328125,,352.8323974609375
2022-04-04 04:00:00+00:00,139.20794293991247,142.53395362091976,139.1603322944685,141.7995147705078,25942000,0.0,0.0,4582.64013671875,,360.09674072265625
2022-04-05 04:00:00+00:00,141.69786404034355,141.81835862566132,139.23175060773136,139.43853759765625,21418000,0.0,0.0,4525.1201171875,,352.10113525390625
2022-04-06 04:00:00+00:00,137.6126258686909,138.21812553888182,134.40612601563646,135.42868041992188,32468000,0.0,0.0,4481.14990234375,,344.45648193359375
2022-04-07 04:00:00+00:00,134.89507649085877,136.04012309209003,133.12718701050363,134.7745819091797,26234000,0.0,0.0,4500.2099609375,,345.2755126953125
2022-04-08 04:00:00+00:00,134.47208496943966,134.5578779659387,131.87554910979466,132.19491577148438,25142000,0.0,0.0,4488.27978515625,,340.44891357421875
2022-04-11 04:00:00+00:00,130.7429022435412,131.0096943800276,127.6137659968596,127.76749420166016,36884000,0.0,0.0,4412.52978515625,,332.3948059082031
2022-04-12 04:00:00+00:00,130.52125805208976,130.52125805208976,125.74969005200958,126.6676025390625,32710000,0.0,0.0,4397.4501953125,,330.99072265625
2022-04-13 04:00:00+00:00,126.95075200878496,129.26561926423614,126.6938724329844,128.8292236328125,27928000,0.0,0.0,4446.58984375,,337.7187194824219
2022-04-14 04:00:00+00:00,129.40993832117093,129.40993832117093,125.56322179244722,125.69116973876953,31598000,0.0,0.0,4392.58984375,,329.99603271484375
2022-04-18 04:00:00+00:00,125.95895269585907,127.16150750964877,125.14765723721159,126.6299057006836,20808000,0.0,0.0,4391.68994140625,,330.24957275390625
2022-04-19 04:00:00+00:00,126.64479041088664,129.26463241184499,125.95846151250545,128.94329833984375,26490000,0.0,0.0,4462.2099609375,,337.6310119628906
2022-04-20 04:00:00+00:00,129.81904388797793,130.3218916355038,126.45485065417712,126.99041748046875,31696000,0.0,0.0,4459.4501953125,,332.7067565917969
2022-04-21 04:00:00+00:00,128.1905009821093,129.03204110665789,123.50571776803207,123.7913589477539,36446000,0.0,0.0,4393.66015625,,325.8227233886719
2022-04-22 04:00:00+00:00,123.97534345046293,124.37404857874347,117.95014478551222,118.65481567382812,56884000,0.0,0.0,4271.77978515625,,317.29083251953125
2022-04-25 04:00:00+00:00,118.1247001432462,122.26696285548644,117.53954013860086,122.06513214111328,46128000,0.0,0.0,4296.1201171875,,321.3666076660156
2022-04-26 04:00:00+00:00,121.29203242122978,121.50576580824183,117.53954577935023,117.67740631103516,73054000,0.0,0.0,4175.2001953125,,309.2366027832031
2022-04-27 04:00:00+00:00,113.53115828563,116.28093039770941,111.81237005693657,113.35759735107422,91820000,0.0,0.0,4183.9599609375,,308.86614990234375
2022-04-28 04:00:00+00:00,115.46071897101857,118.66870208583143,113.17956960106591,117.55094146728516,48884000,0.0,0.0,4287.5,,319.8357238769531
2022-04-29 04:00:00+00:00,115.77759257193108,116.95337579484945,112.88153042406998,113.17411041259766,42676000,0.0,0.0,4131.93017578125,,305.443603515625
2022-05-02 04:00:00+00:00,112.47539163673035,115.78850866046761,111.67699010622513,115.6273422241211,35534000,0.0,0.0,4155.3798828125,,310.5432434082031
2022-05-03 04:00:00+00:00,115.47608756923125,117.47110390717961,115.08333755024837,116.37218475341797,24968000,0.0,0.0,4175.47998046875,,310.8747253417969
2022-05-04 04:00:00+00:00,116.07215712779917,121.84742219771121,114.17235467476033,121.2587890625,49916000,0.0,0.0,4300.169921875,,321.3861389160156
2022-05-05 04:00:00+00:00,119.21866011890872,120.04681450711568,114.06277194925556,115.55047607421875,45840000,0.0,0.0,4146.8701171875,,305.1998291015625
2022-05-06 04:00:00+00:00,114.24030932144473,116.60774359414943,113.08089313905965,114.79769897460938,39710000,0.0,0.0,4123.33984375,,301.5433044433594
2022-05-09 04:00:00+00:00,112.32165521736495,114.13368219175439,111.08240126088768,111.58871459960938,40802000,0.0,0.0,3991.239990234375,,289.74481201171875
2022-05-10 04:00:00+00:00,114.56065130362705,115.29706511899676,111.97501939704058,113.45726776123047,39900000,0.0,0.0,4001.050048828125,,293.2648010253906
2022-05-11 04:00:00+00:00,112.30829034622435,115.41064811914042,112.30829034622435,112.6712875366211,37534000,0.0,0.0,3935.179931640625,,284.5671081542969
2022-05-12 04:00:00+00:00,110.4645054940696,113.35808557765253,108.92423453859938,111.91898345947266,53836000,0.0,0.0,3930.080078125,,283.8943176269531
2022-05-13 04:00:00+00:00,113.594142514748,116.90875017939355,112.67375572924637,115.09920501708984,35038000,0.0,0.0,4023.889892578125,,294.4154357910156
2022-05-16 04:00:00+00:00,114.01318748987721,115.2177324454328,112.95593136795685,113.50687408447266,25990000,0.0,0.0,4008.010009765625,,291.0026550292969
2022-05-17 04:00:00+00:00,115.88272204406621,115.94173593854345,113.92837768916225,115.51823425292969,23054000,0.0,0.0,4088.85009765625,,298.5400390625
2022-05-18 04:00:00+00:00,114.05732544136315,114.45404808670412,110.64105684052672,110.98223876953125,35126000,0.0,0.0,3923.679931640625,,283.88458251953125
2022-05-19 04:00:00+00:00,110.51807047133238,112.08362994881233,109.0983015778271,109.47915649414062,34144000,0.0,0.0,3900.7900390625,,282.36346435546875
2022-05-20 04:00:00+00:00,111.03332188964714,111.26392181263742,104.92927571810837,108.01526641845703,48962000,0.0,0.0,3901.360107421875,,281.48590087890625
2022-05-23 04:00:00+00:00,108.68918571926903,111.22819834582448,107.84962051186193,110.57410430908203,37184000,0.0,0.0,3973.75,,286.166259765625
2022-05-24 04:00:00+00:00,104.90495862013972,105.58583172037198,101.04932107319485,105.10133361816406,76780000,0.0,0.0,3941.47998046875,,280.08172607421875
2022-05-25 04:00:00+00:00,104.1249121947519,105.62700102602575,103.00516898284764,104.93769836425781,40258000,0.0,0.0,3978.72998046875,,284.0016174316406
2022-05-26 04:00:00+00:00,104.8107448453719,107.75887468895839,104.3624465360755,106.90890502929688,37948000,0.0,0.0,4057.840087890625,,291.8704833984375
2022-05-27 04:00:00+00:00,108.58554373009294,111.39730365863458,108.24386241128829,111.39581298828125,37914000,0.0,0.0,4158.240234375,,301.39697265625
2022-05-31 04:00:00+00:00,111.82228915461961,114.78629421531303,111.15976563053904,112.8294677734375,50012000,0.0,0.0,4132.14990234375,,300.5974426269531
2022-06-01 04:00:00+00:00,113.91350798260179,116.14159098002285,112.3216612422036,112.9583969116211,36606000,0.0,0.0,4101.22998046875,,298.3742370605469
2022-06-02 04:00:00+00:00,113.06551449385536,116.93304735382672,112.02065295107872,116.65831756591797,37992000,0.0,0.0,4176.81982421875,,306.5453796386719
2022-06-03 04:00:00+00:00,115.11110111753601,115.36798068092384,112.5879563145143,113.6020736694336,26136000,0.0,0.0,4108.5400390625,,298.5693054199219
2022-06-06 04:00:00+00:00,115.74783051092322,118.36867082594705,115.21176432715514,115.86288452148438,33542000,0.0,0.0,4121.43017578125,,299.56378173828125
2022-06-07 04:00:00+00:00,114.53387621473067,116.72625878645412,114.10889140185589,116.18919372558594,31590000,0.0,0.0,4160.68017578125,,302.1477966308594
2022-06-08 04:00:00+00:00,115.80437996795135,117.59855692060148,115.64420478456094,116.23333740234375,26108000,0.0,0.0,4115.77001953125,,299.9734191894531
2022-06-09 04:00:00+00:00,115.37393150433296,117.32927476403499,113.83515114216875,113.8941650390625,25798000,0.0,0.0,4017.820068359375,,291.938720703125
2022-06-10 04:00:00+00:00,111.52325408711977,112.35041717414056,109.46129391687555,110.25027465820312,41452000,0.0,0.0,3900.860107421875,,281.6418762207031
2022-06-13 04:00:00+00:00,105.91113796225396,107.89969964994525,105.24911389802193,105.52037048339844,47252000,0.0,0.0,3749.6298828125,,268.54656982421875
2022-06-14 04:00:00+00:00,105.66171972879,107.03982566560859,104.93274403233468,105.84073638916016,33706000,0.0,0.0,3735.47998046875,,269.03411865234375
2022-06-15 04:00:00+00:00,107.65523726592659,110.5101436125187,106.7869179368398,108.86474609375,39698000,0.0,0.0,3789.989990234375,,275.7524108886719
2022-06-16 04:00:00+00:00,106.34208771365974,107.75788407901256,104.27616231851945,105.16432189941406,51684000,0.0,0.0,3666.77001953125,,264.6267395019531
2022-06-17 04:00:00+00:00,105.16431896946578,107.80846549966309,104.18491071395393,106.26522064208984,51376000,0.0,0.0,3674.840087890625,,267.8445129394531
2022-06-21 04:00:00+00:00,108.03657603615589,111.56739902352787,107.70977872020165,110.62964630126953,47416000,0.0,0.0,3764.7900390625,,274.6021423339844
2022-06-22 04:00:00+00:00,109.6502478770662,112.41737098859431,109.47767062090766,110.57361602783203,30774000,0.0,0.0,3759.889892578125,,274.20159912109375
2022-06-23 04:00:00+00:00,111.31151793905035,111.81833075860875,109.5947120241901,111.32192993164062,28362000,0.0,0.0,3795.72998046875,,278.2851867675781
2022-06-24 04:00:00+00:00,112.06877544661702,117.11110120864745,112.02662049243202,117.00794982910156,41164000,0.0,0.0,3911.739990234375,,287.82025146484375
2022-06-27 04:00:00+00:00,117.30348914348141,117.60747238809732,114.23534152789627,114.88398742675781,36420000,0.0,0.0,3900.110107421875,,285.7100524902344
2022-06-28 04:00:00+00:00,114.8532296266053,116.34788004318068,110.93114755882172,111.08934020996094,35792000,0.0,0.0,3821.550048828125,,277.0054626464844
2022-06-29 04:00:00+00:00,110.63759325554062,112.2329057759541,109.96365886170436,110.7858657836914,24716000,0.0,0.0,3818.830078125,,277.2594299316406
2022-06-30 04:00:00+00:00,109.09829563062534,109.97901690144941,105.87493689608415,108.06979370117188,43170000,0.0,0.0,3785.3798828125,,273.820556640625
2022-07-01 04:00:00+00:00,107.0482435979797,108.35444913580423,105.85560141078064,107.84615325927734,35476000,0.0,0.0,3825.330078125,,275.6278991699219
2022-07-05 04:00:00+00:00,106.22257357959492,112.4476205204141,104.8647923311928,112.33455657958984,39342000,0.0,0.0,3831.389892578125,,280.3465881347656
2022-07-06 04:00:00+00:00,112.37324154606672,114.64198891272858,110.5622056578975,113.63282775878906,37432000,0.0,0.0,3845.080078125,,282.1441955566406
2022-07-07 04:00:00+00:00,114.13666235926765,118.21247285733529,113.8921848578157,117.8093032836914,40936000,0.0,0.0,3902.6201171875,,288.1817626953125
2022-07-08 04:00:00+00:00,116.28888724501087,118.70392482738345,115.94324085534676,118.3751449584961,38238000,0.0,0.0,3899.3798828125,,288.54327392578125
2022-07-11 04:00:00+00:00,117.03075205965408,117.03075205965408,114.38511466684228,114.72827911376953,31196000,0.0,0.0,3854.429931640625,,282.3786926269531
2022-07-12 04:00:00+00:00,115.26235327439865,116.01513422724025,112.75805737728307,113.08584594726562,29960000,0.0,0.0,3818.800048828125,,279.6431884765625
2022-07-13 04:00:00+00:00,110.78535950872107,113.25991018567453,110.28995752777116,110.44071197509766,43722000,0.0,0.0,3801.780029296875,,279.0668029785156
2022-07-14 04:00:00+00:00,109.30708070983803,110.18234634307093,107.48464162453597,109.4627914428711,37004000,0.0,0.0,3790.3798828125,,280.06329345703125
2022-07-15 04:00:00+00:00,111.08241574521796,112.2130703596854,109.99093473931617,110.86123657226562,46770000,0.0,0.0,3863.159912109375,,285.1434326171875
2022-07-18 04:00:00+00:00,111.71666191412223,112.74813768915693,107.48166747224792,108.1362533569336,43164600,0.0,20.0,3830.85009765625,,282.7303466796875
2022-07-19 04:00:00+00:00,109.94133979066089,113.08535287704044,108.66191325988503,112.8770751953125,36530900,0.0,0.0,3936.68994140625,,291.42523193359375
2022-07-20 04:00:00+00:00,112.24230458539213,114.45402783417869,111.55796589929847,112.96632385253906,35600400,0.0,0.0,3959.89990234375,,296.04620361328125
2022-07-21 04:00:00+00:00,113.34322710024298,113.61101810390477,110.19921392026373,113.4027328491211,32676200,0.0,0.0,3998.949951171875,,300.29595947265625
2022-07-22 04:00:00+00:00,110.09011304726145,111.41912519430015,105.62700035615626,107.0155258178711,48901200,0.0,0.0,3961.6298828125,,295.0302734375
2022-07-25 04:00:00+00:00,107.52135488788926,108.96938619860533,105.42865018559648,106.62873077392578,34690900,0.0,0.0,3966.840087890625,,293.349853515625
2022-07-26 04:00:00+00:00,105.72617651509084,106.32125667917839,103.21691665250424,104.15912628173828,47991000,0.0,0.0,3921.050048828125,,287.5857849121094
2022-07-27 04:00:00+00:00,108.36437830874573,112.97626293838638,107.12462478286679,112.13322448730469,59858500,0.0,0.0,4023.610107421875,,299.7391662597656
2022-07-28 04:00:00+00:00,111.44888817788124,113.40273342218575,110.54634395877491,113.28372192382812,32816600,0.0,0.0,4072.429931640625,,302.66998291015625
2022-07-29 04:00:00+00:00,112.15305449933629,115.75329568436271,112.13321420730232,115.36649322509766,37223400,0.0,0.0,4130.2900390625,,308.18975830078125
2022-08-01 04:00:00+00:00,114.35486795138794,115.76322613701662,113.40273058719856,113.91847229003906,26034300,0.0,0.0,4118.6298828125,,308.0041198730469
2022-08-02 04:00:00+00:00,113.0655143870716,115.39624935448683,112.78781082558956,114.18624877929688,20236000,0.0,0.0,4091.18994140625,,307.0857849121094
2022-08-03 04:00:00+00:00,114.76150045832908,117.64765022278551,114.53339005300344,117.11207580566406,28499000,0.0,0.0,4155.169921875,,315.44854736328125
2022-08-04 04:00:00+00:00,116.51698947915064,117.80632850385459,115.93182192650802,117.2211685180664,21602900,0.0,0.0,4151.93994140625,,316.9237365722656
2022-08-05 04:00:00+00:00,115.27723913427396,117.1418256153438,115.04912116805919,116.50707244873047,19159500,0.0,0.0,4145.18994140625,,314.3348388671875
2022-08-08 04:00:00+00:00,117.4195241692398,119.16509908636492,115.92189993370644,116.33846282958984,19138300,0.0,0.0,4140.06005859375,,313.3187561035156
2022-08-09 04:00:00+00:00,116.17977937135981,116.35830417801051,114.76150106487229,115.67395782470703,19086500,0.0,0.0,4122.47021484375,,309.7724304199219
2022-08-10 04:00:00+00:00,117.80632384689984,119.92878102588605,117.43936168959127,118.71878051757812,30930400,0.0,0.0,4210.240234375,,318.4184265136719
2022-08-11 04:00:00+00:00,120.28583048192732,120.49410814131456,117.58812592192379,117.86582946777344,24293700,0.0,0.0,4207.27001953125,,316.61114501953125
2022-08-12 04:00:00+00:00,119.27421317643834,120.68257141113281,118.48076786758934,120.68257141113281,19096300,0.0,0.0,4280.14990234375,,322.7757568359375
2022-08-15 04:00:00+00:00,120.13708263103192,121.29749777559655,119.62134845211311,121.07929992675781,19494800,0.0,0.0,4297.14013671875,,325.3841247558594
2022-08-16 04:00:00+00:00,120.5238677790755,121.42641192061868,119.65108407641937,120.702392578125,19041200,0.0,0.0,4305.2001953125,,324.6221008300781
2022-08-17 04:00:00+00:00,119.13535751738875,120.2957650012785,118.40141798211481,118.57003021240234,22847000,0.0,0.0,4274.0400390625,,320.9195556640625
2022-08-18 04:00:00+00:00,118.45100459562921,119.82960983443398,117.74682554009155,119.1849365234375,17987700,0.0,0.0,4283.740234375,,321.6913146972656
2022-08-19 04:00:00+00:00,118.08403247971835,118.17329866159419,115.8028907047583,116.24919891357422,21809500,0.0,0.0,4228.47998046875,,315.4192810058594
2022-08-22 04:00:00+00:00,114.25567281481072,114.68214829640736,112.91674062691341,113.30354309082031,21456600,0.0,0.0,4137.990234375,,307.11505126953125
2022-08-23 04:00:00+00:00,112.54977631975122,114.06723327503279,112.50018315686643,112.9266586303711,15870400,0.0,0.0,4128.72998046875,,306.8611755371094
2022-08-24 04:00:00+00:00,112.56961931409134,113.83912570446977,111.94478626575493,112.75806427001953,17734600,0.0,0.0,4140.77001953125,,307.7502136230469
2022-08-25 04:00:00+00:00,113.3035459506188,115.76322014148404,113.17461431501371,115.69379425048828,16956800,0.0,0.0,4199.1201171875,,313.1918029785156
2022-08-26 04:00:00+00:00,113.77961742600252,114.17634005588431,109.28675199221415,109.43551635742188,37245700,0.0,0.0,4057.659912109375,,300.3545837402344
2022-08-29 04:00:00+00:00,109.08838330000286,110.040513040239,107.90814316272662,108.52305603027344,21191200,0.0,0.0,4030.610107421875,,297.3945007324219
2022-08-30 04:00:00+00:00,109.26691024996742,109.59420698279374,106.91634250859858,108.0469970703125,27513300,0.0,0.0,3986.159912109375,,294.0824890136719
2022-08-31 04:00:00+00:00,109.74297432432968,109.94133184491908,107.24362719051874,107.33289337158203,28627000,0.0,0.0,3955.0,,292.3728942871094
2022-09-01 04:00:00+00:00,107.39240764031874,109.5446179336816,106.47995086620014,108.84043884277344,28360900,0.0,0.0,3966.85009765625,,292.4999084472656
2022-09-02 04:00:00+00:00,109.6834567691589,109.83222868726963,106.38075953474187,106.9659194946289,24160700,0.0,0.0,3924.260009765625,,288.3674011230469
2022-09-06 04:00:00+00:00,106.42045236173269,107.1444642288094,104.91290774228816,105.93446350097656,25068300,0.0,0.0,3908.18994140625,,286.29620361328125
2022-09-07 04:00:00+00:00,106.18240264265648,109.07847249571734,106.02371813346193,108.55281066894531,23167000,0.0,0.0,3979.8701171875,,292.079833984375
2022-09-08 04:00:00+00:00,107.15437545780347,108.70158540495544,106.28159171756349,107.49158477783203,24238300,0.0,0.0,4006.179931640625,,293.5940856933594
2022-09-09 04:00:00+00:00,108.17591568145532,110.0801749701095,108.12632252177895,109.74296569824219,23197700,0.0,0.0,4067.360107421875,,300.0126953125
2022-09-12 04:00:00+00:00,110.08017215782019,110.70501265962278,109.02886378785257,109.95124053955078,22966800,0.0,0.0,4110.41015625,,303.5785827636719
2022-09-13 04:00:00+00:00,106.91633578916247,107.41223714705868,103.23674105474096,103.46485900878906,38172900,0.0,0.0,3932.68994140625,,286.9312744140625
2022-09-14 04:00:00+00:00,103.71282956255435,104.41700871768852,102.81029285299148,104.1393051147461,26395100,0.0,0.0,3946.010009765625,,289.20751953125
2022-09-15 04:00:00+00:00,103.17723571198333,104.40706896560022,101.51100684033769,102.06642150878906,34188300,0.0,0.0,3901.35009765625,,284.3912048339844
2022-09-16 04:00:00+00:00,101.23330943767259,102.28461796293107,100.11257502049808,101.95732879638672,42797200,0.0,0.0,3873.330078125,,282.6522521972656
2022-09-19 04:00:00+00:00,100.91592600767855,102.48297610964131,100.71756849189899,102.22510528564453,23036800,0.0,0.0,3899.889892578125,,284.85333251953125
2022-09-20 04:00:00+00:00,101.24321763980454,101.53084132005358,99.69600034029746,100.31092071533203,26517100,0.0,0.0,3855.929931640625,,282.5827331542969
2022-09-21 04:00:00+00:00,100.83657912239514,102.03665948648352,98.45625111888704,98.46617126464844,31487300,0.0,0.0,3789.929931640625,,277.5227966308594
2022-09-22 04:00:00+00:00,98.00994304598551,100.41010377703378,97.98019017551985,99.31912231445312,34298600,0.0,0.0,3757.989990234375,,274.10711669921875
2022-09-23 04:00:00+00:00,98.81330688401681,98.84306732316416,96.67101684353818,97.93060302734375,31625400,0.0,0.0,3693.22998046875,,269.64422607421875
2022-09-26 04:00:00+00:00,97.29584663330873,99.06125428806656,96.99831035340091,97.36527252197266,27072700,0.0,0.0,3655.0400390625,,268.5284729003906
2022-09-27 04:00:00+00:00,98.61495489564797,99.18028220152245,96.0759420926826,96.70077514648438,30072800,0.0,0.0,3647.2900390625,,268.6361083984375
2022-09-28 04:00:00+00:00,96.84953796570939,99.87453174796886,96.31396358421772,99.22986602783203,32466300,0.0,0.0,3719.0400390625,,273.9798583984375
2022-09-29 04:00:00+00:00,97.83142237621783,97.83142237621783,95.17339071110857,96.62142181396484,31047200,0.0,0.0,3640.469970703125,,266.0816955566406
2022-09-30 04:00:00+00:00,96.25446166796625,98.08929527552542,94.77667009540615,94.86593627929688,32941500,0.0,0.0,3585.6201171875,,261.56988525390625
2022-10-03 04:00:00+00:00,95.9668344859771,98.47609418773558,95.72879638211501,97.8314208984375,27982000,0.0,0.0,3678.429931640625,,267.7063293457031
2022-10-04 04:00:00+00:00,99.61667108123069,101.00518888401722,99.5571577705009,100.80683135986328,28850800,0.0,0.0,3790.929931640625,,276.123291015625
2022-10-05 04:00:00+00:00,99.0116735801322,101.09445790974014,97.99011792498692,100.59855651855469,22176900,0.0,0.0,3783.280029296875,,275.9764099121094
2022-10-06 04:00:00+00:00,99.85470635132027,102.08626265455283,99.76544016442644,100.58863830566406,22324000,0.0,0.0,3744.52001953125,,273.8037414550781
2022-10-07 04:00:00+00:00,99.03150112865876,99.70592728808386,97.49421143647145,97.87109375,27502800,0.0,0.0,3639.659912109375,,263.37066650390625
2022-10-10 04:00:00+00:00,98.18847005614693,98.28764881556005,96.21478474646479,97.05781555175781,18225100,0.0,0.0,3612.389892578125,,260.73797607421875
2022-10-11 04:00:00+00:00,96.63133537448569,98.43641594865333,95.52051364928485,96.38338470458984,26507100,0.0,0.0,3588.840087890625,,257.1558837890625
2022-10-12 04:00:00+00:00,96.50241351977157,97.94052452401523,95.94699881751596,96.7602767944336,21876400,0.0,0.0,3577.030029296875,,257.0677795410156
2022-10-13 04:00:00+00:00,94.37003338415455,98.96207740272202,93.6063410275305,98.24797821044922,34574500,0.0,0.0,3669.909912109375,,263.0965881347656
2022-10-14 04:00:00+00:00,99.17036238714927,99.86462890500115,95.58004100220128,95.76847839355469,25410700,0.0,0.0,3583.070068359375,,255.18870544433594
2022-10-17 04:00:00+00:00,98.04961114220063,100.10264233670719,98.01985827322795,99.1505126953125,28419200,0.0,0.0,3677.949951171875,,263.6153259277344
2022-10-18 04:00:00+00:00,102.28460943852185,102.62182629033514,99.15051685012314,99.94395446777344,24060700,0.0,0.0,3719.97998046875,,265.7000427246094
2022-10-19 04:00:00+00:00,99.19019861679422,100.1919139812081,98.10912964670428,98.81330871582031,23811100,0.0,0.0,3695.159912109375,,264.7310485839844
2022-10-20 04:00:00+00:00,99.18026556428518,101.48124742270245,98.57526533899474,99.1505126953125,25323200,0.0,0.0,3665.780029296875,,263.38037109375
2022-10-21 04:00:00+00:00,97.04789091631268,100.47952728786818,96.91895929172544,100.3010025024414,32458700,0.0,0.0,3752.75,,269.5561218261719
2022-10-24 04:00:00+00:00,100.96551960605208,101.90772916035505,99.1604389639881,101.67961120605469,27176400,0.0,0.0,3797.340087890625,,272.5216064453125
2022-10-25 04:00:00+00:00,102.05649280400968,103.96075204994759,101.87796802677465,103.62354278564453,40611400,0.0,0.0,3859.110107421875,,278.158935546875
2022-10-26 04:00:00+00:00,95.6395366616455,97.50412305253043,93.91380204631294,94.1518325805664,88114100,0.0,0.0,3830.60009765625,,272.0126647949219
2022-10-27 04:00:00+00:00,93.74519206481907,94.64773619425107,91.04749495639449,91.46405029296875,60710900,0.0,0.0,3807.300048828125,,267.0603942871094
2022-10-28 04:00:00+00:00,91.51362808644829,95.7585498263694,91.37477631943048,95.50067901611328,43697300,0.0,0.0,3901.06005859375,,275.2326354980469
2022-10-31 04:00:00+00:00,94.63781949338367,95.24281979479946,93.20962863501363,93.73528289794922,31675000,0.0,0.0,3871.97998046875,,272.0322265625
2022-11-01 04:00:00+00:00,94.66756687746879,95.2428142728165,89.62921479576478,89.7283935546875,47161400,0.0,0.0,3856.10009765625,,269.25274658203125
2022-11-02 04:00:00+00:00,90.19454589639709,90.43257644134617,86.16782152387951,86.25708770751953,57038300,0.0,0.0,3759.68994140625,,260.0234375
2022-11-03 04:00:00+00:00,85.61241063994241,85.81076815755338,82.6568351996716,82.74610137939453,61288000,0.0,0.0,3719.889892578125,,254.94395446777344
2022-11-04 04:00:00+00:00,84.69994994578491,85.92978314388307,83.02380100389072,85.87027740478516,51124900,0.0,0.0,3770.550048828125,,259.0447692871094
2022-11-07 05:00:00+00:00,86.56453757303696,88.1712606549143,86.13806211366017,87.76461791992188,34078900,0.0,0.0,3806.800048828125,,261.8927917480469
2022-11-08 05:00:00+00:00,88.17127227783203,89.5796304672484,86.87200543719126,88.17127227783203,30429000,0.0,0.0,3828.110107421875,,263.80133056640625
2022-11-09 05:00:00+00:00,87.72495193475426,88.70684212468586,86.56454451049467,86.60421752929688,31769100,0.0,0.0,3748.570068359375,,257.71368408203125
2022-11-10 05:00:00+00:00,91.49380333022981,93.61626060159357,90.85905017805679,93.16995239257812,51620100,0.0,0.0,3956.3701171875,,276.7300109863281
2022-11-11 05:00:00+00:00,93.91379579403652,96.13543162182418,93.15010351248674,95.61969757080078,33090500,0.0,0.0,3992.929931640625,,281.8291320800781
2022-11-14 05:00:00+00:00,94.31051943427285,95.99658864167773,93.73527959271193,94.91551971435547,30179500,0.0,0.0,3957.25,,279.3628234863281
2022-11-15 05:00:00+00:00,97.4545394739204,99.31912590340235,95.91724219824151,97.63306427001953,41640800,0.0,0.0,3991.72998046875,,283.22869873046875
2022-11-16 05:00:00+00:00,97.09747864197374,98.82321309326261,96.83960784038001,98.03968811035156,29105200,0.0,0.0,3958.7900390625,,279.3628234863281
2022-11-17 05:00:00+00:00,96.17511335721086,98.46617527590662,95.99658856050377,97.55371856689453,26052600,0.0,0.0,3946.56005859375,,278.7462158203125
2022-11-18 05:00:00+00:00,97.96035978371822,98.08929899123865,95.5800391036644,96.63134765625,28342300,0.0,0.0,3965.340087890625,,278.7559814453125
2022-11-21 05:00:00+00:00,96.49249435141179,97.5933960537091,94.57831466395251,94.81634521484375,21647400,0.0,0.0,3949.93994140625,,275.88836669921875
2022-11-22 05:00:00+00:00,95.16347408012261,96.42306785300386,93.27905484436155,96.25446319580078,23438500,0.0,0.0,4003.580078125,,279.8619079589844
2022-11-23 05:00:00+00:00,96.29412816473291,97.95044455619234,96.29412816473291,97.65290069580078,18868100,0.0,0.0,4027.260009765625,,282.67083740234375
2022-11-25 05:00:00+00:00,97.43469959629758,97.83142220785665,96.60158892219253,96.66109466552734,9701400,0.0,0.0,4026.1201171875,,280.8113098144531
2022-11-28 05:00:00+00:00,96.24453206128982,96.7801064114265,94.82625393968354,95.26264953613281,26237500,0.0,0.0,3963.93994140625,,276.69085693359375
2022-11-29 05:00:00+00:00,94.94528050830175,95.33208297513312,93.33855733056448,94.40970611572266,20061700,0.0,0.0,3957.6298828125,,274.596435546875
2022-11-30 05:00:00+00:00,94.04274131301841,100.21175594756679,93.64601867914251,100.16216278076172,43647500,0.0,0.0,4080.110107421875,,287.1141662597656
2022-12-01 05:00:00+00:00,100.19191565410281,101.4118364290716,99.42823082654697,100.16216278076172,28687100,0.0,0.0,4076.570068359375,,287.46649169921875
2022-12-02 05:00:00+00:00,98.23807103454332,99.94396550598155,98.08929910016103,99.6166763305664,21480700,0.0,0.0,4071.699951171875,,286.3214111328125
2022-12-05 05:00:00+00:00,98.58518949074,100.54895459128153,98.18846689898945,98.66453552246094,24405100,0.0,0.0,3998.840087890625,,281.5158996582031
2022-12-06 05:00:00+00:00,98.48601782310948,98.9620789139917,95.62962101039767,96.1850357055664,24910700,0.0,0.0,3941.260009765625,,275.68280029296875
2022-12-07 05:00:00+00:00,95.61970972120518,96.08585067198514,93.94356060039664,94.16175842285156,31045400,0.0,0.0,3933.919921875,,274.55731201171875
2022-12-08 05:00:00+00:00,94.59813448405295,94.79649955511114,92.68395505775045,92.94182586669922,32213300,0.0,0.0,3963.510009765625,,277.80657958984375
2022-12-09 05:00:00+00:00,93.0013431152763,93.48733192437892,91.98970761165849,92.06905364990234,28225400,0.0,0.0,3934.3798828125,,276.03509521484375
2022-12-12 05:00:00+00:00,91.9500324704772,92.79306329851202,90.85905095379364,92.54511260986328,29420000,0.0,0.0,3990.56005859375,,279.4997863769531
2022-12-13 05:00:00+00:00,96.958644678424,98.71413232006631,94.25101968178204,94.84609985351562,40593700,0.0,0.0,4019.64990234375,,282.50439453125
2022-12-14 05:00:00+00:00,94.41962683487034,96.07594331959717,92.83274381275208,94.29069519042969,28733600,0.0,0.0,3995.320068359375,,280.40997314453125
2022-12-15 05:00:00+00:00,92.36660072509676,92.87242231937816,89.27218054091779,90.1152114868164,40107000,0.0,0.0,3895.75,,270.994873046875
2022-12-16 05:00:00+00:00,90.01601241882409,90.5813396378672,88.78617166028681,89.52011108398438,58011800,0.0,0.0,3852.360107421875,,268.41107177734375
2022-12-19 05:00:00+00:00,89.52012290883614,89.81765920892968,87.48692414068339,87.71504211425781,29493000,0.0,0.0,3817.659912109375,,264.6388854980469
2022-12-20 05:00:00+00:00,87.38773902543626,88.44896764240224,86.7232330132954,88.29027557373047,23453800,0.0,0.0,3821.6201171875,,264.432861328125
2022-12-21 05:00:00+00:00,88.349786515183,89.48044099017838,87.59601434290138,88.84568786621094,24745600,0.0,0.0,3878.43994140625,,268.2687683105469
2022-12-22 05:00:00+00:00,87.43734154375588,87.8142238968935,85.61242039304902,87.04061889648438,27658300,0.0,0.0,3822.389892578125,,261.70556640625
2022-12-23 05:00:00+00:00,86.39593360126003,88.81593460502073,86.35626058532988,88.4985580444336,23003000,0.0,0.0,3844.820068359375,,262.2941589355469
2022-12-27 05:00:00+00:00,88.07209058240402,88.21094236734609,86.29676268423916,86.67364501953125,20097300,0.0,0.0,3829.25,,258.5857849121094
2022-12-28 05:00:00+00:00,86.26701007977196,87.31831861670652,85.23553426923881,85.31487274169922,19523200,0.0,0.0,3783.219970703125,,255.17172241210938
2022-12-29 05:00:00+00:00,85.9099593646084,88.12167532237186,85.9000392181079,87.7249526977539,23333500,0.0,0.0,3849.280029296875,,261.3915710449219
2022-12-30 05:00:00+00:00,86.26701373187004,87.57619316857544,85.8603709383056,87.50676727294922,23986300,0.0,0.0,3839.5,,261.234619140625
2023-01-03 05:00:00+00:00,88.85559860680175,90.30363718067711,87.79437004023141,88.38945770263672,28131200,0.0,0.0,3824.139892578125,,259.46881103515625
2023-01-04 05:00:00+00:00,89.60936749638965,89.90691131674406,86.55461353258538,87.35797882080078,34854800,0.0,0.0,3852.969970703125,,260.704833984375
2023-01-05 05:00:00+00:00,86.75298665837843,86.85216541875592,85.19585666320351,85.49339294433594,27194400,0.0,0.0,3808.10009765625,,256.6236877441406
2023-01-06 05:00:00+00:00,86.07857453002329,86.9711986526789,84.16439463188344,86.62406158447266,41381500,0.0,0.0,3895.080078125,,263.7068176269531
2023-01-09 05:00:00+00:00,87.63568639320383,89.31183536259933,87.13978504764104,87.29846954345703,29003900,0.0,0.0,3892.090087890625,,265.4139099121094
2023-01-10 05:00:00+00:00,85.2752044746708,87.94314874861813,85.12643254757823,87.69519805908203,30467800,0.0,0.0,3919.25,,267.6604919433594
2023-01-11 05:00:00+00:00,88.44897568545483,90.84913669096524,88.28037102229985,90.76979064941406,26862000,0.0,0.0,3969.610107421875,,272.2911071777344
2023-01-12 05:00:00+00:00,90.730102039367,91.11690443464055,89.01428027129603,90.38296508789062,30258100,0.0,0.0,3983.169921875,,273.76263427734375
2023-01-13 05:00:00+00:00,90.10528201196577,91.43430168612433,89.39118279204233,91.36487579345703,26329200,0.0,0.0,3999.090087890625,,275.64630126953125
2023-01-17 05:00:00+00:00,91.30535652243567,91.49380146174484,89.3118384915669,90.54167175292969,32602400,0.0,0.0,3990.969970703125,,276.2054748535156
2023-01-18 05:00:00+00:00,91.38470524390696,92.0392986943226,89.89700111134908,90.3730697631836,29116700,0.0,0.0,3928.860107421875,,272.6148376464844
2023-01-19 05:00:00+00:00,89.97633709754706,92.8426461340969,89.88707092480017,92.28723907470703,37000400,0.0,0.0,3898.85009765625,,269.9365234375
2023-01-20 05:00:00+00:00,94.3204372009586,97.49421044649547,94.24109116727796,97.21649932861328,63191100,0.0,0.0,3972.610107421875,,277.3238525390625
2023-01-23 05:00:00+00:00,97.1470790758333,99.21995081656387,96.70077085248677,98.97200012207031,40005100,0.0,0.0,4019.81005859375,,283.48486328125
2023-01-24 05:00:00+00:00,97.29584675272618,98.79347100071968,96.40322277819845,96.89912414550781,33078500,0.0,0.0,4016.949951171875,,282.9060974121094
2023-01-25 05:00:00+00:00,94.78659786716852,95.37176548216979,92.99143713393819,94.43946838378906,42330000,0.0,0.0,4016.219970703125,,282.2781677246094
2023-01-26 05:00:00+00:00,95.70896843494373,96.77019710869844,94.59814659536165,96.7206039428711,30114000,0.0,0.0,4060.429931640625,,287.7818908691406
2023-01-27 05:00:00+00:00,96.51233145386189,99.49766010597479,96.51233145386189,98.55545043945312,33879800,0.0,0.0,4070.56005859375,,290.64654541015625
2023-01-30 05:00:00+00:00,96.68093725731849,97.48429507886306,95.60978845068932,96.1453628540039,27226200,0.0,0.0,4017.77001953125,,284.77008056640625
2023-01-31 05:00:00+00:00,96.07593999568378,98.0694581762873,96.02634682892345,98.02978515625,29870700,0.0,0.0,4076.60009765625,,289.03765869140625
2023-02-01 05:00:00+00:00,97.90085604626204,100.36053038415385,96.78012157695186,99.60675811767578,35531100,0.0,0.0,4119.2099609375,,295.21826171875
2023-02-02 05:00:00+00:00,104.93272708957909,106.96591805351979,104.74428215805406,106.85681915283203,69883800,0.0,0.0,4179.759765625,,305.8136291503906
2023-02-03 05:00:00+00:00,102.0862481346533,106.92624239319605,101.73911871689424,103.92108154296875,65309300,0.0,0.0,4136.47998046875,,300.378662109375
2023-02-06 05:00:00+00:00,101.56060951901542,103.50454212360086,101.04486781904797,102.05651092529297,31999600,0.0,0.0,4111.080078125,,297.83770751953125
2023-02-07 05:00:00+00:00,102.3738930595634,107.29323436787847,102.27471428631476,106.75765991210938,49010200,0.0,0.0,4164.0,,304.00848388671875
2023-02-08 05:00:00+00:00,101.21348233996603,102.29454379804132,97.23635085283868,98.55545043945312,94743500,0.0,0.0,4117.85986328125,,298.6029052734375
2023-02-09 05:00:00+00:00,99.18028778419213,99.21004065983053,92.86250072827113,94.23119354248047,119455000,0.0,0.0,4081.5,,295.9638366699219
2023-02-10 05:00:00+00:00,94.66757593087634,95.95692262073939,93.47741557627583,93.79479217529297,54980700,0.0,0.0,4090.4599609375,,294.0213928222656
2023-02-13 05:00:00+00:00,93.9634043087449,94.4196327331756,93.07078018839977,93.83447265625,50076100,0.0,0.0,4137.2900390625,,298.73040771484375
2023-02-14 05:00:00+00:00,93.65593419962755,94.0724895395363,91.50372404324449,93.90388488769531,54726100,0.0,0.0,4136.1298828125,,300.9378356933594
2023-02-15 05:00:00+00:00,93.7154415296958,96.32388765510876,93.37823222030585,96.1453628540039,50169000,0.0,0.0,4147.60009765625,,303.2433166503906
2023-02-16 05:00:00+00:00,94.58823713954602,96.8792992195654,93.96339652364621,94.72708892822266,42462600,0.0,0.0,4090.409912109375,,297.5531311035156
2023-02-17 05:00:00+00:00,94.07250822512454,94.77668741108528,92.44595199366613,93.57660675048828,34284100,0.0,0.0,4079.090087890625,,295.4537353515625
2023-02-21 05:00:00+00:00,92.23765518012942,92.33683394114578,90.96814887866952,91.0375747680664,33629300,0.0,0.0,3997.340087890625,,288.4587707519531
2023-02-22 05:00:00+00:00,90.94831301648848,91.35495579337403,89.86725160509873,90.89872741699219,30884000,0.0,0.0,3991.050048828125,,288.6746520996094
2023-02-23 05:00:00+00:00,91.16649105140725,91.18633134038276,89.024201420095,90.14493560791016,41206400,0.0,0.0,4012.320068359375,,291.1959533691406
2023-02-24 05:00:00+00:00,88.70683991186095,89.15314812025682,87.85388894602733,88.39937591552734,36585100,0.0,0.0,3970.0400390625,,286.3201599121094
2023-02-27 05:00:00+00:00,89.13331604003906,89.42093974612138,88.60765422535826,89.13331604003906,27502300,0.0,0.0,3982.239990234375,,288.37054443359375
2023-02-28 05:00:00+00:00,88.59775024323443,90.48217716813194,88.58783009603324,89.32176208496094,30142000,0.0,0.0,3970.14990234375,,287.9976806640625
2023-03-01 05:00:00+00:00,89.24241090828541,90.28379921055803,88.93494692364422,89.61929321289062,31111200,0.0,0.0,3951.389892578125,,285.6824645996094
2023-03-02 05:00:00+00:00,88.92503489270483,91.52355315835904,88.85560143860462,91.245849609375,32204400,0.0,0.0,3981.35009765625,,288.0467224121094
2023-03-03 05:00:00+00:00,91.72191687766424,92.96167025066717,91.69215644055474,92.88232421875,35160100,0.0,0.0,4045.639892578125,,294.0018005371094
2023-03-06 05:00:00+00:00,93.24929513438325,95.18331511806566,93.22946240796787,94.3501968383789,32639300,0.0,0.0,4048.419921875,,294.33526611328125
2023-03-07 05:00:00+00:00,94.20144393401961,94.88578279800367,92.76332517115746,93.09062194824219,27835500,0.0,0.0,3986.3701171875,,290.72503662109375
2023-03-08 05:00:00+00:00,93.3484777291188,95.1733911604508,93.229458674828,93.47740936279297,34103300,0.0,0.0,3992.010009765625,,292.177001953125
2023-03-09 05:00:00+00:00,93.27905456209555,94.74691844025844,91.14667706997915,91.563232421875,28813500,0.0,0.0,3918.320068359375,,287.11480712890625
2023-03-10 05:00:00+00:00,91.41445442058324,92.02937482791765,89.65896694454361,89.88707733154297,35941000,0.0,0.0,3861.590087890625,,283.08270263671875
2023-03-13 04:00:00+00:00,89.35150093708918,91.81117494395599,88.68699494914536,90.36314392089844,37335600,0.0,0.0,3855.760009765625,,285.18212890625
2023-03-14 04:00:00+00:00,91.80126150060728,93.58650950422467,91.6822500116025,93.19970703125,36050200,0.0,0.0,3919.2900390625,,291.7354736328125
2023-03-15 04:00:00+00:00,92.45585699442236,96.13544442535732,91.88060956204423,95.3221664428711,50622100,0.0,0.0,3891.929931640625,,293.2658996582031
2023-03-16 04:00:00+00:00,95.41143478331126,100.36053664176083,94.7171757885666,99.49766540527344,65492000,0.0,0.0,3960.280029296875,,300.9966735839844
2023-03-17 04:00:00+00:00,99.43813510487313,101.99698017297794,99.27944304990501,100.7869873046875,61028500,0.0,0.0,3916.639892578125,,299.57415771484375
2023-03-20 04:00:00+00:00,99.29929255271749,100.91592828670724,99.05134186896636,100.39027404785156,32960400,0.0,0.0,3951.570068359375,,300.6373291015625
2023-03-21 04:00:00+00:00,100.42002246352078,104.23846131049126,100.39026959348749,104.0599365234375,42110300,0.0,0.0,4002.8701171875,,304.9311828613281
2023-03-22 04:00:00+00:00,103.41527577821408,105.71625799716358,102.48298628129344,102.52265930175781,43427400,0.0,0.0,3936.969970703125,,300.7846374511719
2023-03-23 04:00:00+00:00,104.19880816609637,105.42864918560569,103.60372795138356,104.73438262939453,40797800,0.0,0.0,3948.719970703125,,304.3514099121094
2023-03-24 04:00:00+00:00,104.12937541633211,104.62527682377592,102.98880066584036,104.57569122314453,30393300,0.0,0.0,3970.989990234375,,305.4715270996094
2023-03-27 04:00:00+00:00,103.76240714497641,103.90125892558605,101.09445530767543,101.62010955810547,31120900,0.0,0.0,3977.530029296875,,303.3786926269531
2023-03-28 04:00:00+00:00,101.60027347597008,101.61018605507579,98.92240158084621,100.20182800292969,32057900,0.0,0.0,3971.27001953125,,301.7672424316406
2023-03-29 04:00:00+00:00,101.44157984306125,101.64985750388202,99.8249441518215,100.55887603759766,28779600,0.0,0.0,4027.81005859375,,307.2696228027344
2023-03-30 04:00:00+00:00,100.08281331374553,100.33076398682465,98.96207142864132,100.06297302246094,33086200,0.0,0.0,4050.830078125,,310.1781005859375
2023-03-31 04:00:00+00:00,100.46961878932184,103.0383842078249,100.2117479628211,102.87969970703125,36863400,0.0,0.0,4109.31005859375,,315.33660888671875
2023-04-03 04:00:00+00:00,101.55067181728566,103.67312886389983,101.09444351040028,103.50452423095703,25035400,0.0,0.0,4124.509765625,,314.5701599121094
2023-04-04 04:00:00+00:00,103.47477744759011,104.71453082187777,103.18715375673288,103.86157989501953,24420100,0.0,0.0,4100.60009765625,,313.50897216796875
2023-04-05 04:00:00+00:00,104.91290680452715,105.23028342154355,102.8102895543644,103.6136474609375,28290500,0.0,0.0,4090.3798828125,,310.41387939453125
2023-04-06 04:00:00+00:00,104.39716471996435,108.27510972849137,103.47478781441008,107.53125762939453,48711500,0.0,0.0,4105.02001953125,,312.5067138671875
2023-04-10 04:00:00+00:00,106.10306402969181,106.7080567599706,104.25831026578564,105.56748962402344,27067400,0.0,0.0,4109.10986328125,,312.32989501953125
2023-04-11 04:00:00+00:00,105.67657981839106,105.85510460555605,103.82190606100231,104.48641204833984,26311800,0.0,0.0,4108.93994140625,,310.325439453125
2023-04-12 04:00:00+00:00,105.70633385627954,105.87493849967197,103.48469035438097,103.78223419189453,24370300,0.0,0.0,4091.949951171875,,307.5840759277344
2023-04-13 04:00:00+00:00,104.97239950361016,106.6088755556612,104.97239950361016,106.54936981201172,24843600,0.0,0.0,4146.22021484375,,313.6072998046875
2023-04-14 04:00:00+00:00,106.01378928840569,108.04698783654497,105.96419612699583,107.9775619506836,26578000,0.0,0.0,4137.64013671875,,313.0176696777344
2023-04-17 04:00:00+00:00,103.80207449899135,105.28977855307458,103.66321515910445,105.10133361816406,37571200,0.0,0.0,4151.31982421875,,313.2829895019531
2023-04-18 04:00:00+00:00,105.61706440974724,105.66665757008278,103.21690375984336,103.64337921142578,26596400,0.0,0.0,4154.8701171875,,313.3026428222656
2023-04-19 04:00:00+00:00,102.7309239306776,104.11944920307992,102.225102442597,103.32600402832031,20905700,0.0,0.0,4154.52001953125,,313.15521240234375
2023-04-20 04:00:00+00:00,103.05822535639409,105.37904011363008,103.01855233915232,104.42691040039062,27820800,0.0,0.0,4129.7900390625,,310.7676086425781
2023-04-21 04:00:00+00:00,104.6054346972307,105.13108893118996,103.92108839505883,104.54592895507812,25800100,0.0,0.0,4133.52001953125,,311.0918884277344
2023-04-24 04:00:00+00:00,104.62526499144161,105.75591946719655,103.84173994826861,105.10133361816406,23542800,0.0,0.0,4137.0400390625,,310.4433288574219
2023-04-25 04:00:00+00:00,104.96249889083178,105.81544995903873,102.98880574375589,102.99872589111328,46664100,0.0,0.0,4071.6298828125,,304.5872497558594
2023-04-26 04:00:00+00:00,104.05994371224027,105.47822196102051,101.788714484929,102.85986328125,53347600,0.0,0.0,4055.989990234375,,306.4344482421875
2023-04-27 04:00:00+00:00,103.59378617149903,107.48165840059524,102.69124967380353,106.70804595947266,50089200,0.0,0.0,4135.35009765625,,314.7666931152344
2023-04-28 04:00:00+00:00,106.16256199648849,106.47001841232823,104.22854218991014,106.46009826660156,36139800,0.0,0.0,4169.47998046875,,316.93817138671875
2023-05-01 04:00:00+00:00,105.96419371928604,107.10476830411024,105.94436099528517,106.32124328613281,26681700,0.0,0.0,4167.8701171875,,316.5745849609375
2023-05-02 04:00:00+00:00,106.26174573640694,106.3212514798493,102.85986201062076,104.4566650390625,30997200,0.0,0.0,4119.580078125,,313.8135681152344
2023-05-03 04:00:00+00:00,104.66494043938329,106.60887287386203,104.09961318837087,104.54592895507812,21795400,0.0,0.0,4090.75,,311.7599792480469
2023-05-04 04:00:00+00:00,104.62527054996112,104.73436945840507,103.117733691147,103.83183288574219,23419500,0.0,0.0,4061.219970703125,,310.6595458984375
2023-05-05 04:00:00+00:00,103.96076069275621,105.01206915340022,103.25658167035746,104.7046127319336,26639300,0.0,0.0,4136.25,,317.2623596191406
2023-05-08 04:00:00+00:00,104.31780842718317,107.07501872614742,104.29797570257264,106.8865737915039,26511400,0.0,0.0,4138.1201171875,,318.0484313964844
2023-05-09 04:00:00+00:00,107.50149988087897,109.2470748463162,106.31133960304034,106.47002410888672,36360100,0.0,0.0,4119.169921875,,316.0342102050781
2023-05-10 04:00:00+00:00,107.08494078998831,112.01420151452291,107.04526777320253,110.83395385742188,63153400,0.0,0.0,4137.64013671875,,319.47320556640625
2023-05-11 04:00:00+00:00,114.45404112299883,116.95338077292648,113.4721584998331,115.61444854736328,78900000,0.0,0.0,4130.6201171875,,320.51470947265625
2023-05-12 04:00:00+00:00,115.72354718741605,117.06247940985591,115.15821991274791,116.54674530029297,41102300,0.0,0.0,4124.080078125,,319.3651428222656
2023-05-15 04:00:00+00:00,115.15822426414559,117.50879963545604,115.05904549704219,115.55494689941406,36266800,0.0,0.0,4136.27978515625,,321.09442138671875
2023-05-16 04:00:00+00:00,115.5350937281414,119.76017532413435,115.47558798788296,118.53034210205078,45035600,0.0,0.0,4109.89990234375,,321.4580078125
2023-05-17 04:00:00+00:00,118.62953592633984,120.67264731450432,117.91543668511788,119.84944915771484,33323600,0.0,0.0,4158.77001953125,,325.34893798828125
2023-05-18 04:00:00+00:00,119.95854884860573,122.29920412469264,119.83953735220288,121.8231430053711,35234200,0.0,0.0,4198.0498046875,,331.39178466796875
2023-05-19 04:00:00+00:00,122.53722528891174,124.93738598095622,121.1487000105305,121.75370025634766,41353400,0.0,0.0,4191.97998046875,,330.6449890136719
2023-05-22 04:00:00+00:00,121.93224352318924,125.39363331471273,121.73387841515391,124.02494812011719,35253000,0.0,0.0,4192.6298828125,,331.75531005859375
2023-05-23 04:00:00+00:00,123.14224182358522,123.60838279305526,121.20822178352526,121.55535125732422,34046300,0.0,0.0,4145.580078125,,327.5498962402344
2023-05-24 04:00:00+00:00,120.12714861556921,120.91067367529489,118.87747506501967,119.90895080566406,34182600,0.0,0.0,4115.240234375,,325.8697204589844
2023-05-25 04:00:00+00:00,123.49927982509996,124.29272508219533,120.96026710936242,122.46781158447266,42317000,0.0,0.0,4151.27978515625,,333.7991027832031
2023-05-26 04:00:00+00:00,122.16034076709491,124.23321241314245,121.44624158887478,123.58853912353516,35635900,0.0,0.0,4205.4501953125,,342.3277893066406
2023-05-30 04:00:00+00:00,124.61009496844295,124.62993526057318,120.99993361988649,122.65624237060547,35076700,0.0,0.0,4205.52001953125,,343.8802185058594
2023-05-31 04:00:00+00:00,121.74378917189807,123.04304837018027,121.49583848112029,121.86280822753906,37325800,0.0,0.0,4179.830078125,,341.9249572753906
2023-06-01 04:00:00+00:00,121.81320947582672,123.40009231065325,121.61485195904373,122.7058334350586,30772700,0.0,0.0,4221.02001953125,,345.8748474121094
2023-06-02 04:00:00+00:00,122.97361463292732,125.1159120966453,122.74550424940523,123.64804077148438,26980100,0.0,0.0,4282.3701171875,,348.46881103515625
2023-06-05 04:00:00+00:00,122.99346805796284,126.38543183753264,122.82485583017811,124.9770736694336,32305500,0.0,0.0,4273.7900390625,,348.7144775390625
2023-06-06 04:00:00+00:00,124.97705663721925,127.2383579485679,124.3323833879781,126.26639556884766,26638300,0.0,0.0,4283.85009765625,,348.65545654296875
2023-06-07 04:00:00+00:00,125.92919376166726,127.98221754198133,121.11895203748432,121.49583435058594,52539000,0.0,0.0,4267.52001953125,,342.740478515625
2023-06-08 04:00:00+00:00,121.22805249747213,122.21985523958173,120.24616233464845,121.13878631591797,29389200,0.0,0.0,4293.93017578125,,346.9949645996094
2023-06-09 04:00:00+00:00,121.2478905876319,122.74551491320051,120.9106812724846,121.22805786132812,23778300,0.0,0.0,4298.85986328125,,348.3215026855469
2023-06-12 04:00:00+00:00,121.78344935610956,123.03312282465018,120.66271507597186,122.62648010253906,28306400,0.0,0.0,4338.93017578125,,354.20709228515625
2023-06-13 04:00:00+00:00,123.95550842884325,124.1340332227792,122.17026048948374,122.81493377685547,22278300,0.0,0.0,4369.009765625,,356.92877197265625
2023-06-14 04:00:00+00:00,122.09091511456377,123.03313225253616,120.45443908912067,122.65624237060547,30592300,0.0,0.0,4372.58984375,,359.5227966308594
2023-06-15 04:00:00+00:00,122.13060083541116,124.43158311632118,121.39666885419425,124.06461334228516,35246300,0.0,0.0,4425.83984375,,363.8067932128906
2023-06-16 04:00:00+00:00,124.89771540429278,125.07624019452584,122.26943671297158,122.51738739013672,45535600,0.0,0.0,4409.58984375,,361.5174865722656
2023-06-20 04:00:00+00:00,121.92232245860355,123.54887849797753,121.13879731318417,122.09092712402344,26097500,0.0,0.0,4388.7099609375,,360.9998474121094
2023-06-21 04:00:00+00:00,121.39665450345422,121.65452532950529,119.11550521954592,119.56182098388672,30306300,0.0,0.0,4365.68994140625,,356.0802917480469
2023-06-22 04:00:00+00:00,119.01633037340913,122.22976917477193,117.85592296831348,122.14051055908203,26952200,0.0,0.0,4381.89013671875,,360.28155517578125
2023-06-23 04:00:00+00:00,120.38501322694266,121.78345871511222,120.06763665447824,121.33714294433594,34913600,0.0,0.0,4348.330078125,,356.7099609375
2023-06-26 04:00:00+00:00,119.77010249354858,120.99993578775403,117.30050819204033,117.36993408203125,33969900,0.0,0.0,4328.81982421875,,351.9281311035156
2023-06-27 04:00:00+00:00,116.12026248820283,118.10386789770331,115.14829250813179,117.36001586914062,39535900,0.0,0.0,4378.41015625,,357.9792175292969
2023-06-28 04:00:00+00:00,116.1301877388727,119.4031400484243,115.89215718247867,119.19486236572266,27091400,0.0,0.0,4376.85986328125,,358.6778564453125
2023-06-29 04:00:00+00:00,118.26255477904468,119.0758327106557,117.33026536325183,118.12370300292969,24090900,0.0,0.0,4396.43994140625,,357.95953369140625
2023-06-30 04:00:00+00:00,119.18492899866601,120.08747309044965,118.70886793868348,118.71878051757812,29532200,0.0,0.0,4450.3798828125,,363.4793395996094
2023-07-03 04:00:00+00:00,118.26255895127434,119.2047761131289,117.84600360823359,118.91715240478516,14467900,0.0,0.0,4455.58984375,,364.3353576660156
2023-07-05 04:00:00+00:00,118.26256411758469,121.60494228794853,118.25265153768966,120.75199127197266,27584800,0.0,0.0,4446.81982421875,,364.3254699707031
2023-07-06 04:00:00+00:00,118.81797081927608,119.31387218735846,117.42944547527459,119.12542724609375,24745200,0.0,0.0,4411.58984375,,361.5508117675781
2023-07-07 04:00:00+00:00,119.11551561978513,120.0577328266466,118.4212566815545,118.50060272216797,21709500,0.0,0.0,4398.9501953125,,360.3504638671875
2023-07-10 04:00:00+00:00,117.33027892845527,117.34019150871362,115.18798116324814,115.49543762207031,35315200,0.0,0.0,4409.52978515625,,360.468505859375
2023-07-11 04:00:00+00:00,115.33674818852833,116.74510634443534,114.40445113781433,116.17977905273438,23078800,0.0,0.0,4439.259765625,,362.2494812011719
2023-07-12 04:00:00+00:00,117.82617700118566,119.34363409167489,117.4393745101533,117.95510864257812,30404400,0.0,0.0,4472.16015625,,366.8246765136719
2023-07-13 04:00:00+00:00,119.93870320943425,123.80673533006852,119.46263457450904,123.51911163330078,44297900,0.0,0.0,4510.0400390625,,373.0528259277344
2023-07-14 04:00:00+00:00,123.77698624657505,125.74075145445121,122.47771949840582,124.39189910888672,33283100,0.0,0.0,4505.419921875,,372.9742126464844
2023-07-17 04:00:00+00:00,124.90764611490182,126.05813341949313,123.18190380773267,123.62821960449219,25716200,0.0,0.0,4522.7900390625,,376.45721435546875
2023-07-18 04:00:00+00:00,123.57861693621366,123.65796296956178,121.95206108684837,122.7455062866211,26193600,0.0,0.0,4554.97998046875,,379.53692626953125
2023-07-19 04:00:00+00:00,123.57861089837822,124.15385826176514,120.80156796856357,121.02967834472656,37224000,0.0,0.0,4565.72021484375,,379.4483337402344
2023-07-20 04:00:00+00:00,120.42469622569655,123.07280793107658,117.25093023799634,118.22289276123047,37906800,0.0,0.0,4534.8701171875,,370.7012634277344
2023-07-21 04:00:00+00:00,119.6312510365837,119.99821321316037,117.75674443491287,119.03616333007812,72937900,0.0,0.0,4536.33984375,,369.5895080566406
2023-07-24 04:00:00+00:00,120.6627297925078,121.99174188501857,119.98830359973758,120.5337905883789,29686100,0.0,0.0,4554.64013671875,,370.1799011230469
2023-07-25 04:00:00+00:00,120.36517540126466,122.14050312936536,120.02795855095499,121.20820617675781,52509600,0.0,0.0,4567.4599609375,,372.6888122558594
2023-07-26 04:00:00+00:00,129.00377226018543,129.90630113026324,127.26811769923354,128.2103271484375,61682100,0.0,0.0,4566.75,,371.4490966796875
2023-07-27 04:00:00+00:00,130.59066029279523,132.14779780312753,127.73426366088836,128.33926391601562,44952100,0.0,0.0,4537.41015625,,370.5635986328125
2023-07-28 04:00:00+00:00,129.70797692151828,132.64372004824634,129.4997067956334,131.49322509765625,36591200,0.0,0.0,4582.22998046875,,377.313232421875
2023-07-31 04:00:00+00:00,131.64197739889866,132.43542264148525,130.6997677943249,131.63206481933594,28055500,0.0,0.0,4588.9599609375,,377.5100402832031
2023-08-01 04:00:00+00:00,129.70795684787504,131.54279790983335,129.60877052366334,130.47164916992188,23166800,0.0,0.0,4576.72998046875,,376.6343078613281
2023-08-02 04:00:00+00:00,128.38884236267515,129.0235954154901,126.5143360712602,127.32762145996094,26273300,0.0,0.0,4513.39013671875,,368.3694763183594
2023-08-03 04:00:00+00:00,126.92099551059741,128.32935355941024,126.37550098690372,127.39705657958984,20089500,0.0,0.0,4501.89013671875,,367.7790832519531
2023-08-04 04:00:00+00:00,128.2202600170075,130.43197594152576,126.86149507419762,127.05985260009766,26147200,0.0,0.0,4478.02978515625,,366.05718994140625
2023-08-07 04:00:00+00:00,128.10124510100812,130.53115877911966,127.962393323222,130.45181274414062,22746300,0.0,0.0,4518.43994140625,,369.15655517578125
2023-08-08 04:00:00+00:00,129.54927103822243,130.43197488498015,128.4781222465879,130.3228759765625,23535200,0.0,0.0,4499.3798828125,,366.0177917480469
2023-08-09 04:00:00+00:00,130.58074278541653,130.95761750800182,127.94254405878128,128.59713745117188,24912900,0.0,0.0,4467.7099609375,,361.9936828613281
2023-08-10 04:00:00+00:00,130.24356620341507,130.96757809471208,128.38888445942726,128.62692260742188,20857800,0.0,0.0,4468.830078125,,362.6626281738281
2023-08-11 04:00:00+00:00,127.60532379343039,128.86490217591898,127.11933508026378,128.49794006347656,19591100,0.0,0.0,4464.0498046875,,360.3504638671875
2023-08-14 04:00:00+00:00,128.3293488553076,130.29311393491162,127.9028809647762,130.25344848632812,24695600,0.0,0.0,4489.72021484375,,364.3944091796875
2023-08-15 04:00:00+00:00,130.02535827661376,130.34272731563817,128.22026984503316,128.71617126464844,19770700,0.0,0.0,4437.85986328125,,360.527587890625
2023-08-16 04:00:00+00:00,127.64501953125,129.2120697982791,126.82182894388471,127.64501953125,25216100,0.0,0.0,4404.330078125,,356.7099609375
2023-08-17 04:00:00+00:00,128.73599949955613,130.90804993539842,128.23017041335734,128.85501098632812,33446300,0.0,0.0,4370.35986328125,,352.813720703125
2023-08-18 04:00:00+00:00,127.45657242122108,128.19051194159474,125.34403518060337,126.4151840209961,30504800,0.0,0.0,4369.7099609375,,352.3708801269531
2023-08-21 04:00:00+00:00,126.13748589734027,127.67477576414439,125.52256541050552,127.3177261352539,25248700,0.0,0.0,4399.77001953125,,358.048095703125
2023-08-22 04:00:00+00:00,127.45654635875187,129.21204119379448,127.26811657753724,128.02188110351562,22054900,0.0,0.0,4387.5498046875,,357.5364990234375
2023-08-23 04:00:00+00:00,129.11287688798097,132.31641072027463,128.80542045173755,131.28492736816406,27819700,0.0,0.0,4436.009765625,,363.1743469238281
2023-08-24 04:00:00+00:00,132.85198728819475,133.14953116670597,128.5079011432878,128.71617126464844,28500700,0.0,0.0,4376.31005859375,,355.4112243652344
2023-08-25 04:00:00+00:00,128.47811371877063,129.68811421046675,126.20689221900474,128.81533813476562,26762900,0.0,0.0,4405.7099609375,,358.1661376953125
2023-08-28 04:00:00+00:00,130.23362480291482,131.4535380240542,129.07321732909296,129.9360809326172,20543300,0.0,0.0,4433.31005859375,,360.8621520996094
2023-08-29 04:00:00+00:00,131.15600145683445,135.45050919179718,131.15600145683445,133.46690368652344,43075600,0.0,0.0,4497.6298828125,,368.7432861328125
2023-08-30 04:00:00+00:00,133.67518514236738,135.16288939766932,132.97101360306888,134.76617431640625,28315800,0.0,0.0,4514.8701171875,,370.7997131347656
2023-08-31 04:00:00+00:00,134.89509514927343,136.8687881952977,134.67689731971456,135.0537872314453,30053800,0.0,0.0,4507.66015625,,371.9115295410156
2023-09-01 04:00:00+00:00,136.3332062668677,136.3332062668677,133.74460060567057,134.54795837402344,21543700,0.0,0.0,4515.77001953125,,371.5179138183594
2023-09-05 04:00:00+00:00,134.32977722585983,135.30173975827023,133.47682618982745,134.65707397460938,19403100,0.0,0.0,4496.830078125,,371.99029541015625
2023-09-06 04:00:00+00:00,134.9050132008134,135.41082715108524,132.57427070368973,133.35780334472656,18684500,0.0,0.0,4465.47998046875,,368.7137756347656
2023-09-07 04:00:00+00:00,132.49493620985484,134.46862928644677,131.86018300504648,134.1512451171875,18844300,0.0,0.0,4451.14013671875,,366.07684326171875
2023-09-08 04:00:00+00:00,133.80410329196144,135.53975798327252,133.74459755250976,135.26205444335938,23558300,0.0,0.0,4457.490234375,,366.5885009765625
2023-09-11 04:00:00+00:00,135.42074803161276,136.35304508761172,134.676895929534,135.79763793945312,20763400,0.0,0.0,4487.4599609375,,370.9079895019531
2023-09-12 04:00:00+00:00,135.14304760406196,135.74804793318728,134.08182644991697,134.2305908203125,18405500,0.0,0.0,4461.89990234375,,366.79510498046875
2023-09-13 04:00:00+00:00,133.9826247837674,135.7777852717878,133.05032781273377,135.58935546875,20749500,0.0,0.0,4467.43994140625,,368.1922912597656
2023-09-14 04:00:00+00:00,136.47207040513118,137.563044397484,135.1232180009584,136.9679718017578,24751000,0.0,0.0,4505.10009765625,,371.20306396484375
2023-09-15 04:00:00+00:00,136.84894433199983,137.3845263119322,135.36124015129133,136.27369689941406,38919600,0.0,0.0,4450.31982421875,,364.84698486328125
2023-09-18 04:00:00+00:00,135.49019668646415,138.0192971438985,135.49019668646415,137.07708740234375,21861300,0.0,0.0,4453.52978515625,,365.2273864746094
2023-09-19 04:00:00+00:00,136.29353439301667,137.2754245802509,135.5000891528616,136.908447265625,20353700,0.0,0.0,4443.9501953125,,364.44891357421875
2023-09-20 04:00:00+00:00,136.94811189062173,136.94811189062173,132.5246654075392,132.64369201660156,29927500,0.0,0.0,4402.2001953125,,359.1970520019531
2023-09-21 04:00:00+00:00,130.3625454686309,131.14606291971518,129.00378065244968,129.37074279785156,31503900,0.0,0.0,4330.0,,352.61492919921875
2023-09-22 04:00:00+00:00,129.68811066252235,130.94770428096794,128.53763107597587,129.1822967529297,26397300,0.0,0.0,4320.06005859375,,352.6642150878906
2023-09-25 04:00:00+00:00,128.76577182393018,130.09478407268804,127.90290814706238,130.0352783203125,20094600,0.0,0.0,4337.43994140625,,354.3393249511719
2023-09-26 04:00:00+00:00,128.7062429989617,129.2914029707038,126.17714304040305,127.51608276367188,25718700,0.0,0.0,4273.52978515625,,349.0184020996094
2023-09-27 04:00:00+00:00,127.51608742320651,129.82697452376246,127.51608742320651,129.4699249267578,22746500,0.0,0.0,4274.509765625,,349.8363037109375
2023-09-28 04:00:00+00:00,128.77566411264445,132.20730825142687,128.72607094890918,131.2254180908203,22513100,0.0,0.0,4299.7001953125,,352.7627868652344
2023-09-29 04:00:00+00:00,132.18745302372233,132.95114528457344,129.29139116656413,129.78729248046875,30859800,0.0,0.0,4288.0498046875,,353.0188903808594
2023-10-02 04:00:00+00:00,130.1344474612235,133.31812586216128,130.09476687574428,133.07017517089844,22288000,0.0,0.0,4288.39013671875,,355.9651184082031
2023-10-03 04:00:00+00:00,132.8420685488848,133.15943757319482,130.75927662958244,131.3444366455078,22989400,0.0,0.0,4229.4501953125,,349.71795654296875
2023-10-04 04:00:00+00:00,131.7014648766572,134.45869011730207,131.44360164040873,134.1313934326172,26752300,0.0,0.0,4263.75,,354.4772644042969
2023-10-05 04:00:00+00:00,133.96279907226562,134.37935439370042,132.3560683939219,133.96279907226562,19832600,0.0,0.0,4258.18994140625,,353.4327392578125
2023-10-06 04:00:00+00:00,132.91148163496393,137.02747214489506,132.91148163496393,136.4522247314453,27597600,0.0,0.0,4308.5,,359.3547058105469
2023-10-09 04:00:00+00:00,135.8174603789753,137.80106572376255,134.49836100864687,137.2853240966797,19278100,0.0,0.0,4335.66015625,,361.1874084472656
2023-10-10 04:00:00+00:00,137.36467931785276,138.57467986983306,136.20427192955205,136.92828369140625,27786600,0.0,0.0,4358.240234375,,363.1876525878906
2023-10-11 04:00:00+00:00,137.44403543423456,139.95329533664227,137.44403543423456,139.39788818359375,25884300,0.0,0.0,4376.9501953125,,365.77911376953125
2023-10-12 04:00:00+00:00,139.89379277540957,140.06239744116,137.12665439341535,137.83084106445312,24765500,0.0,0.0,4349.60986328125,,364.5079650878906
2023-10-13 04:00:00+00:00,138.23745432331978,138.85236710628996,135.500069400509,136.2340087890625,23420500,0.0,0.0,4327.77978515625,,359.92620849609375
2023-10-16 04:00:00+00:00,137.03739334313434,138.4854321140924,136.85887610034075,137.95977783203125,28501900,0.0,0.0,4373.6298828125,,363.99566650390625
2023-10-17 04:00:00+00:00,137.49363032645,138.75320901659043,136.05550412475992,138.57469177246094,23515800,0.0,0.0,4373.2001953125,,362.8033447265625
2023-10-18 04:00:00+00:00,138.30689326315832,139.56648701861894,136.25386939858822,136.82911682128906,23375000,0.0,0.0,4314.60009765625,,358.044189453125
2023-10-19 04:00:00+00:00,137.36468644323884,138.51518131196565,136.25387216099756,136.62083435058594,26066000,0.0,0.0,4278.0,,354.69403076171875
2023-10-20 04:00:00+00:00,136.2042789444492,136.73984579212933,133.97272266731449,134.48846435546875,26335700,0.0,0.0,4224.16015625,,349.4027099609375
2023-10-23 04:00:00+00:00,133.93301925405814,136.53155241147599,132.85195802947536,135.3810577392578,26317900,0.0,0.0,4217.0400390625,,350.45709228515625
2023-10-24 04:00:00+00:00,136.70017196237376,138.21762892713875,136.2935292113691,137.67213439941406,44814300,0.0,0.0,4247.68017578125,,353.8663330078125
2023-10-25 04:00:00+00:00,127.10945300008548,127.2582173695509,124.04477835256257,124.58035278320312,84366200,0.0,0.0,4186.77001953125,,345.2051696777344
2023-10-26 04:00:00+00:00,122.25951622711595,123.31083224083282,120.27591081531207,121.27763366699219,57061100,0.0,0.0,4137.22998046875,,338.62310791015625
2023-10-27 04:00:00+00:00,121.87272000373477,122.29919549173574,119.22460845972752,121.16854095458984,44566500,0.0,0.0,4117.3701171875,,340.24884033203125
2023-10-30 04:00:00+00:00,122.20002763263162,124.37207828472111,121.7437992319236,123.43978118896484,28940100,0.0,0.0,4166.81982421875,,344.0818176269531
2023-10-31 04:00:00+00:00,124.03485926262917,124.34232328480618,121.68429140278461,123.06289672851562,26292300,0.0,0.0,4193.7998046875,,345.7274169921875
2023-11-01 04:00:00+00:00,123.05297186152897,125.45313279745749,122.70584239837481,125.41345977783203,30082400,0.0,0.0,4237.85986328125,,351.7281799316406
2023-11-02 04:00:00+00:00,127.36730789447058,127.92271501549958,125.88952390924445,126.44493103027344,27124600,0.0,0.0,4317.77978515625,,358.1131591796875
2023-11-03 04:00:00+00:00,126.970599202535,128.4682159884043,126.81190712180837,128.041748046875,26393100,0.0,0.0,4358.33984375,,362.3205261230469
2023-11-06 05:00:00+00:00,127.9921365850185,129.2715553604388,127.61524673059205,129.1822967529297,19052700,0.0,0.0,4365.97998046875,,363.798583984375
2023-11-07 05:00:00+00:00,129.63854481279463,130.8287050924927,128.8153467097953,129.8964080810547,29757300,0.0,0.0,4378.3798828125,,367.2374267578125
2023-11-08 05:00:00+00:00,129.89641375169958,131.1262546701782,129.70796879855988,130.75927734375,26425800,0.0,0.0,4382.77978515625,,367.4739074707031
2023-11-09 05:00:00+00:00,130.8783111759331,131.46347122727005,129.00380438860708,129.1724090576172,23747800,0.0,0.0,4347.35009765625,,364.6459655761719
2023-11-10 05:00:00+00:00,129.03354879478132,131.71141329610631,128.34920244954847,131.5031280517578,26913300,0.0,0.0,4415.240234375,,372.843994140625
2023-11-13 05:00:00+00:00,130.69976098599605,131.50311876629735,130.1741067560777,131.00721740722656,18324800,0.0,0.0,4411.5498046875,,371.6813659667969
2023-11-14 05:00:00+00:00,133.0899929477425,134.58760942147106,132.22712953091224,132.524658203125,32395200,0.0,0.0,4495.7001953125,,379.6823425292969
2023-11-15 05:00:00+00:00,133.76444546334056,133.92313755134404,132.47511386601616,133.51649475097656,23861500,0.0,0.0,4502.8798828125,,379.96807861328125
2023-11-16 05:00:00+00:00,134.0818138246226,136.09517216084916,133.21895029015656,135.8075408935547,28013200,0.0,0.0,4508.240234375,,380.293212890625
2023-11-17 05:00:00+00:00,134.88516720728182,134.94467294789172,132.5544248086727,134.20082092285156,37240600,0.0,0.0,4514.02001953125,,380.3819274902344
2023-11-20 05:00:00+00:00,132.59412016100978,135.53977571897755,132.524686700092,135.1331329345703,27815500,0.0,0.0,4547.3798828125,,385.0129699707031
2023-11-21 05:00:00+00:00,135.17279523893023,136.05549911438757,134.84551363674532,135.84722900390625,22635300,0.0,0.0,4538.18994140625,,382.7762756347656
2023-11-22 05:00:00+00:00,136.3431389603489,138.27715149054157,136.3431389603489,137.3547821044922,17813900,0.0,0.0,4556.6201171875,,384.3429870605469
2023-11-24 05:00:00+00:00,136.8985310833705,136.99771741092056,134.87526015124462,135.56951904296875,12514300,0.0,0.0,4559.33984375,,383.80108642578125
2023-11-27 05:00:00+00:00,134.914934431914,137.28534253189412,134.88518155844346,135.2918243408203,23436500,0.0,0.0,4550.43017578125,,383.466064453125
2023-11-28 05:00:00+00:00,134.964518417708,136.1249258052487,134.309924978467,136.07533264160156,18730000,0.0,0.0,4554.89013671875,,384.47100830078125
2023-11-29 05:00:00+00:00,136.44230617886066,137.15639020757226,133.7346738823066,133.88345336914062,23967200,0.0,0.0,4550.580078125,,384.09661865234375
2023-11-30 05:00:00+00:00,133.94295042197072,134.4388517451667,130.2038502076351,131.443603515625,38988300,0.0,0.0,4567.7998046875,,383.1310119628906
2023-12-01 05:00:00+00:00,130.7790985107422,131.02704917414542,129.59885093154966,130.7790985107422,31442300,0.0,0.0,4594.6298828125,,384.2247619628906
2023-12-04 05:00:00+00:00,128.8153273436033,128.9640916810593,126.85155485379651,128.2103271484375,36669900,0.0,0.0,4569.77978515625,,380.6578369140625
2023-12-05 05:00:00+00:00,127.89297349238338,131.05682698082634,127.1987145294908,129.916259765625,27384800,0.0,0.0,4567.18017578125,,381.61358642578125
2023-12-06 05:00:00+00:00,130.36255115310777,130.75926618523522,128.81534134061891,128.95419311523438,23576200,0.0,0.0,4549.33984375,,379.40643310546875
2023-12-07 05:00:00+00:00,133.9330343345262,137.42418419027493,133.59582503757497,135.8075408935547,56767100,0.0,0.0,4585.58984375,,384.70751953125
2023-12-08 05:00:00+00:00,133.09992075278979,135.281883689647,132.93131610801126,133.88345336914062,32260100,0.0,0.0,4604.3701171875,,386.4220886230469
2023-12-11 05:00:00+00:00,131.29485865478858,132.24698086173262,130.28321556791462,132.1973876953125,31138000,0.0,0.0,4622.43994140625,,389.7229309082031
2023-12-12 05:00:00+00:00,130.7295139721899,131.90976162921305,130.18401944998905,131.43370056152344,29032800,0.0,0.0,4643.7001953125,,392.8268127441406
2023-12-13 05:00:00+00:00,132.28663404214686,132.4056455099315,130.49147377909813,131.4832763671875,30104800,0.0,0.0,4707.08984375,,397.8224792480469
2023-12-14 05:00:00+00:00,132.28662702758902,132.6238362575692,128.62687325020627,130.85842895507812,38722400,0.0,0.0,4719.5498046875,,397.47760009765625
2023-12-15 05:00:00+00:00,130.54106870618423,132.41557523506742,130.10467308952005,131.51304626464844,50847100,0.0,0.0,4719.18994140625,,399.3990173339844
2023-12-18 05:00:00+00:00,131.54280052592037,136.02573795572846,131.34442787355178,134.6868133544922,32258000,0.0,0.0,4740.56005859375,,401.9147033691406
2023-12-19 05:00:00+00:00,135.71829114427823,136.34313174933595,134.96452646649996,135.52984619140625,25476800,0.0,0.0,4768.3701171875,,403.96832275390625
2023-12-20 05:00:00+00:00,137.83083424971508,140.5384516154751,136.93821779664987,137.20599365234375,49107200,0.0,0.0,4698.35009765625,,397.9654846191406
2023-12-21 05:00:00+00:00,138.34659720706435,139.53675770538266,138.03912558410573,139.2689666748047,27488300,0.0,0.0,4746.75,,402.5959167480469
2023-12-22 05:00:00+00:00,139.61608570312794,140.8260863411753,139.5565799559633,140.33018493652344,26532200,0.0,0.0,4754.6298828125,,403.1982116699219
2023-12-26 05:00:00+00:00,140.42934263685476,141.5104039629761,140.03262760475596,140.35992431640625,16780300,0.0,0.0,4774.75,,405.66650390625
2023-12-27 05:00:00+00:00,140.42934564037535,140.9153344287429,138.74328401733115,139.21934509277344,19628600,0.0,0.0,4781.580078125,,406.49237060546875
2023-12-28 05:00:00+00:00,139.62601526809934,139.98306492823093,138.6044594609446,139.0805206298828,16045700,0.0,0.0,4783.35009765625,,406.29473876953125
2023-12-29 05:00:00+00:00,138.4854161342685,139.20942786934887,137.6423777840169,138.544921875,18733000,0.0,0.0,4769.830078125,,404.5364074707031
2024-01-02 05:00:00+00:00,137.41427392066478,138.30689034141093,135.36123496575607,137.03738403320312,23711200,0.0,0.0,4742.830078125,,397.6907653808594
2024-01-03 05:00:00+00:00,136.12494105781897,138.48543668179107,135.95633638949388,137.78125,24212100,0.0,0.0,4704.81005859375,,393.4825744628906
2024-01-04 05:00:00+00:00,137.28533097133266,138.01927043379123,135.2323072061994,135.27197265625,27137700,0.0,0.0,4688.68017578125,,391.4575500488281
2024-01-05 05:00:00+00:00,135.6290289280703,136.03567169625202,134.0421384410589,134.6173858642578,22513900,0.0,0.0,4697.240234375,,391.92181396484375
2024-01-08 05:00:00+00:00,135.17280399831742,137.87050896561743,135.1430511234635,137.701904296875,21404000,0.0,0.0,4763.5400390625,,400.0220947265625
2024-01-09 05:00:00+00:00,137.3646876105234,140.33018342656837,137.01755057751834,139.7946014404297,24759600,0.0,0.0,4756.5,,400.8122863769531
2024-01-10 05:00:00+00:00,139.84415669236466,141.82776175183082,139.75489809677802,141.11366271972656,21320200,0.0,0.0,4783.4501953125,,403.52880859375
2024-01-11 05:00:00+00:00,142.31377441409103,144.02958884214235,139.48713067468557,140.9153289794922,24008700,0.0,0.0,4780.240234375,,404.3684997558594
2024-01-12 05:00:00+00:00,141.5005074082221,142.0261616954496,140.6574840861167,141.4806671142578,18785500,0.0,0.0,4783.830078125,,404.57586669921875
2024-01-16 05:00:00+00:00,140.83600213102596,143.16674483949535,140.29050754673418,141.32199096679688,22670500,0.0,0.0,4765.97998046875,,404.5364074707031
2024-01-17 05:00:00+00:00,140.19132176728564,140.67729541881693,137.76139297479475,140.31033325195312,20968600,0.0,0.0,4739.2099609375,,402.2545166015625
2024-01-18 05:00:00+00:00,140.88559276545064,143.02789047593322,140.826087018,142.30386352539062,25746400,0.0,0.0,4780.93994140625,,407.96417236328125
2024-01-19 05:00:00+00:00,143.55354349190839,145.24951781414885,143.19649387664043,145.1800994873047,34271900,0.0,0.0,4839.81005859375,,416.0545349121094
2024-01-22 05:00:00+00:00,145.89419084442545,147.17360973542569,144.64450969157375,144.7932891845703,32200400,0.0,0.0,4850.43017578125,,416.59783935546875
2024-01-23 05:00:00+00:00,144.6941039011729,145.9735228014156,144.30730143052193,145.8346710205078,21636100,0.0,0.0,4864.60009765625,,418.3265075683594
2024-01-24 05:00:00+00:00,147.32238701526538,148.62166144639897,146.88600647851376,147.4810791015625,25233500,0.0,0.0,4868.5498046875,,420.6479187011719
2024-01-25 05:00:00+00:00,148.83985855855067,151.79542676635216,148.3141891335314,150.62509155273438,29149100,0.0,0.0,4894.16015625,,421.16162109375
2024-01-26 05:00:00+00:00,149.861412918024,151.2895962737746,149.77213916215013,150.94247436523438,26115500,0.0,0.0,4890.97021484375,,418.65252685546875
2024-01-29 05:00:00+00:00,150.8135368633547,152.51943895245324,150.18869623371097,152.25164794921875,27784300,0.0,0.0,4927.93017578125,,422.939697265625
2024-01-30 05:00:00+00:00,151.54745682095233,152.3607271720474,149.95065385559957,150.21844482421875,36331800,0.0,0.0,4924.97021484375,,420.1243896484375
2024-01-31 05:00:00+00:00,142.44271896094438,142.81960888272778,138.7234583129567,138.9515838623047,71910000,0.0,0.0,4845.64990234375,,411.895751953125
2024-02-01 05:00:00+00:00,140.95499074150428,141.88728767351694,139.63589137319994,140.00286865234375,40466500,0.0,0.0,4906.18994140625,,416.7459716796875
2024-02-02 05:00:00+00:00,138.11845552974717,141.45091361668173,135.38108518943704,141.212890625,62499600,0.0,0.0,4958.60986328125,,423.7892150878906
2024-02-05 05:00:00+00:00,141.64927668377285,144.27754793012062,141.60959609870966,142.50221252441406,38505400,0.0,0.0,4942.81005859375,,423.2360534667969
2024-02-06 05:00:00+00:00,143.46424153576635,144.16842804795627,142.01621819950975,142.91876220703125,29128200,0.0,0.0,4954.22998046875,,422.38653564453125
2024-02-07 05:00:00+00:00,143.57336464859975,144.4263156427516,142.7501665270815,144.3469696044922,25208900,0.0,0.0,4995.06005859375,,426.73291015625
2024-02-08 05:00:00+00:00,144.63461269549572,145.13051412482938,143.91060084610757,144.71395874023438,22563800,0.0,0.0,4997.91015625,,427.5232849121094
2024-02-09 05:00:00+00:00,145.47765062024953,148.21503646999923,144.98174914123254,147.7786407470703,26829500,0.0,0.0,5026.60986328125,,431.7314147949219
2024-02-12 05:00:00+00:00,147.20338267503428,148.1158395150447,146.1619866169241,146.3206787109375,21564100,0.0,0.0,5021.83984375,,430.04217529296875
2024-02-13 05:00:00+00:00,143.7320585231407,145.46771340579025,142.51214532877424,143.95025634765625,27837700,0.0,0.0,4953.169921875,,423.3348083496094
2024-02-14 05:00:00+00:00,144.88254990203635,145.31894554055629,142.90885694916992,144.7436981201172,22704200,0.0,0.0,5000.6201171875,,427.9480285644531
2024-02-15 05:00:00+00:00,141.96666314928402,142.34355308517448,139.30863870421265,141.59970092773438,37590700,0.0,0.0,5029.72998046875,,429.2223205566406
2024-02-16 05:00:00+00:00,141.81787214200648,142.01622965333587,138.9912284210113,139.3681182861328,31468900,0.0,0.0,5005.56982421875,,425.3302917480469
2024-02-20 05:00:00+00:00,138.51520249806177,140.9153638014181,138.34659781398392,139.96322631835938,25144700,0.0,0.0,4975.509765625,,422.11981201171875
2024-02-21 05:00:00+00:00,140.29048076624125,141.52032149117545,139.5267884940164,141.3814697265625,23223300,0.0,0.0,4981.7998046875,,420.4305725097656
2024-02-22 05:00:00+00:00,143.7419853056174,143.8114187719645,141.62945544492516,142.90887451171875,27191900,0.0,0.0,5087.02978515625,,432.7389831542969
2024-02-23 05:00:00+00:00,142.4923064572686,143.49402183711422,142.2542683371376,142.77993774414062,19493800,0.0,0.0,5088.7998046875,,431.4646911621094
2024-02-26 05:00:00+00:00,140.9748370483321,141.27238088903258,136.26377416065105,136.4423065185547,53641800,0.0,0.0,5069.52978515625,,431.2374572753906
2024-02-27 05:00:00+00:00,136.88862613854664,138.10853934016288,135.96624166875657,137.7415771484375,33099200,0.0,0.0,5078.18017578125,,432.27471923828125
2024-02-28 05:00:00+00:00,136.76958362182845,136.87868252205917,134.30000463233606,135.26205444335938,37328600,0.0,0.0,5069.759765625,,429.97308349609375
2024-02-29 05:00:00+00:00,136.1546619911694,137.7217119413849,135.28187084580713,137.3249969482422,42133000,0.0,0.0,5096.27001953125,,433.6576843261719
2024-03-01 05:00:00+00:00,137.29525760665743,137.7316532704347,135.79764079115824,136.01583862304688,31151100,0.0,0.0,5137.080078125,,440.18719482421875
2024-03-04 05:00:00+00:00,134.54797432652032,134.54797432652032,130.8287137478375,132.2569122314453,55999400,0.0,0.0,5130.9501953125,,438.6165466308594
2024-03-05 05:00:00+00:00,130.79895621305897,132.14780860687847,129.59886818360178,131.5824737548828,40194800,0.0,0.0,5078.64990234375,,430.7435302734375
2024-03-06 05:00:00+00:00,132.0287779261609,132.48501385237356,129.77739656818326,130.3228759765625,35318600,0.0,0.0,5104.759765625,,433.4502258300781
2024-03-07 05:00:00+00:00,131.70149485455573,133.8338800794751,130.53117474630065,133.27847290039062,37738200,0.0,0.0,5157.35986328125,,440.0291748046875
2024-03-08 05:00:00+00:00,133.1098731227402,136.95805806227605,132.90158785607315,134.30003356933594,39370400,0.0,0.0,5123.68994140625,,433.67742919921875
2024-03-11 04:00:00+00:00,135.01410391751668,137.9597590931876,135.01410391751668,136.54147338867188,32437800,0.0,0.0,5117.93994140625,,432.0672302246094
2024-03-12 04:00:00+00:00,135.90673376099352,138.23747634796243,135.90673376099352,137.36468505859375,27563400,0.0,0.0,5175.27001953125,,438.260986328125
2024-03-13 04:00:00+00:00,137.86058646627538,139.9334506450809,137.85067388660744,138.64410400390625,23347200,0.0,0.0,5165.31005859375,,434.8924255371094
2024-03-14 04:00:00+00:00,140.03263971476812,142.41296038062768,139.30862790840655,141.92698669433594,42753400,0.0,0.0,5150.47998046875,,433.7959899902344
2024-03-15 04:00:00+00:00,141.33187657175912,142.0062951045536,138.8821228338187,140.02268981933594,49475400,0.0,0.0,5117.08984375,,428.6395263671875
2024-03-18 04:00:00+00:00,147.39179044961523,150.902765124804,145.9635922313326,146.4694061279297,69273700,0.0,0.0,5149.419921875,,432.72760009765625
2024-03-19 04:00:00+00:00,146.9454947247472,147.57032014783982,144.882543249734,145.8247528076172,24070400,0.0,0.0,5178.509765625,,433.8057556152344
2024-03-20 04:00:00+00:00,146.7868124427757,147.63976344475103,145.53714637957398,147.520751953125,21311500,0.0,0.0,5224.6201171875,,438.94921875
2024-03-21 04:00:00+00:00,148.24475722928597,149.13737364463717,145.6958169152109,146.3900909423828,24755600,0.0,0.0,5241.52978515625,,441.0264587402344
2024-03-22 04:00:00+00:00,147.89760470002383,150.33744585104463,147.75875293589795,149.53408813476562,29211800,0.0,0.0,5234.18017578125,,441.5309143066406
2024-03-25 04:00:00+00:00,148.71090455162476,149.14730017654827,146.60828759558476,148.83984375,19229300,0.0,0.0,5218.18994140625,,439.92852783203125
2024-03-26 04:00:00+00:00,148.9886282589288,151.01189945376663,148.7505901221258,149.4349365234375,22149100,0.0,0.0,5203.580078125,,438.50421142578125
2024-03-27 04:00:00+00:00,149.94075726317328,150.39699326241234,147.6794478301186,149.63330078125,22879200,0.0,0.0,5248.490234375,,439.9977722167969
2024-03-28 04:00:00+00:00,149.61344863987313,150.1886809085542,148.93901491049212,149.69277954101562,24485400,0.0,0.0,5254.35009765625,,439.1866455078125
2024-04-01 04:00:00+00:00,149.45476709366227,154.4633742852125,149.3754210532241,154.21542358398438,31730800,0.0,0.0,5243.77001953125,,440.116455078125
2024-04-02 04:00:00+00:00,152.24173645140743,153.43189683666333,150.90279655942555,153.2930450439453,24586000,0.0,0.0,5205.81005859375,,436.3181457519531
2024-04-03 04:00:00+00:00,152.34091364414047,153.80877752671594,151.47803493131784,153.65008544921875,24705000,0.0,0.0,5211.490234375,,437.2974548339844
2024-04-04 04:00:00+00:00,152.24170609339924,153.501299690698,149.216704997701,149.29605102539062,34724700,0.0,0.0,5147.2099609375,,430.6108093261719
2024-04-05 04:00:00+00:00,148.80018464435562,152.16239579697978,148.37371667079992,151.24993896484375,23459200,0.0,0.0,5204.33984375,,435.6850891113281
2024-04-08 04:00:00+00:00,151.52763410967862,153.9972285874499,151.35902944578888,153.58067321777344,20702000,0.0,0.0,5202.39013671875,,435.813720703125
2024-04-09 04:00:00+00:00,154.81050082482042,157.26025503704565,153.9178843271403,155.3163299560547,31079500,0.0,0.0,5209.91015625,,437.4259948730469
2024-04-10 04:00:00+00:00,154.92952562487014,155.32624070054823,153.41205338281176,154.86009216308594,22838600,0.0,0.0,5160.64013671875,,433.6079406738281
2024-04-11 04:00:00+00:00,155.6237647430745,158.3710473161656,155.17745655638205,158.103271484375,27166400,0.0,0.0,5199.06005859375,,440.5318908691406
2024-04-12 04:00:00+00:00,156.66518304426685,158.90665201136972,155.85189745243298,156.4370574951172,25353700,0.0,0.0,5123.41015625,,433.5090026855469
2024-04-15 04:00:00+00:00,157.5577715629048,157.93466141742405,153.32276995678504,153.59056091308594,27136500,0.0,0.0,5061.81982421875,,426.3772888183594
2024-04-16 04:00:00+00:00,152.9260835145476,154.37410719737133,152.1723036646899,153.1343536376953,20779500,0.0,0.0,5051.41015625,,426.4168701171875
2024-04-17 04:00:00+00:00,154.3443209821668,155.792359485905,153.3128529021601,154.195556640625,21763100,0.0,0.0,5022.2099609375,,421.21405029296875
2024-04-18 04:00:00+00:00,154.0666341164594,155.6535245551475,153.3525349324206,154.73114013671875,19883000,0.0,0.0,5011.1201171875,,418.8104248046875
2024-04-19 04:00:00+00:00,154.91959354072858,155.07828562000708,151.0515686940003,152.82688903808594,32615600,0.0,0.0,4967.22998046875,,410.14556884765625
2024-04-22 04:00:00+00:00,153.04509433151492,156.34779961582007,152.79714362068458,154.9989471435547,26446200,0.0,0.0,5010.60009765625,,414.2702941894531
2024-04-23 04:00:00+00:00,155.67339110483704,157.6669095018619,154.99895725783972,156.9627227783203,21151600,0.0,0.0,5070.5498046875,,420.452392578125
2024-04-24 04:00:00+00:00,156.19900577262248,158.26195711355743,155.88162165845978,157.8255615234375,22779100,0.0,0.0,5071.6298828125,,421.8767395019531
2024-04-25 04:00:00+00:00,150.08951991120836,155.2072260039545,149.63328396324783,154.7212371826172,57109700,0.0,0.0,5048.419921875,,419.83917236328125
2024-04-26 04:00:00+00:00,172.94064243070838,173.27786687075127,168.2593321924788,170.5404815673828,64665300,0.0,0.0,5099.9599609375,,426.3180236816406
2024-04-29 04:00:00+00:00,167.6741590817137,168.16014784427256,163.85572783432124,164.7880096435547,45610000,0.0,0.0,5116.169921875,,428.0489501953125
2024-04-30 04:00:00+00:00,164.25243622887484,166.72203025682094,161.2671157231008,161.4456329345703,33562900,0.0,0.0,5035.68994140625,,419.97760009765625
2024-05-01 04:00:00+00:00,162.95316496052317,165.7500403329513,161.75307719432863,162.5167694091797,33493200,0.0,0.0,5018.39013671875,,416.94097900390625
2024-05-02 04:00:00+00:00,163.43916484164697,165.36326455481128,162.54654844018515,165.25416564941406,24294500,0.0,0.0,5064.2001953125,,422.2625427246094
2024-05-03 04:00:00+00:00,166.18647914228734,166.5832093530068,161.71345384411,165.86911010742188,34662400,0.0,0.0,5127.7900390625,,430.74932861328125
2024-05-06 04:00:00+00:00,166.08730795373265,166.76172661144676,164.6690220425713,166.72206115722656,21871300,0.0,0.0,5180.740234375,,435.46746826171875
2024-05-07 04:00:00+00:00,167.1187643454893,170.35203588113026,167.00966543700736,169.84622192382812,28039700,0.0,0.0,5187.7001953125,,435.5367431640625
2024-05-08 04:00:00+00:00,167.61464153648018,168.75520848753564,167.35677830532777,167.9915313720703,19569100,0.0,0.0,5187.669921875,,435.2795715332031
2024-05-09 04:00:00+00:00,168.00146814371737,169.2908147525702,166.80138015076668,168.56680297851562,15346700,0.0,0.0,5214.080078125,,436.2290954589844
2024-05-10 04:00:00+00:00,166.65258906406663,168.4576770537119,164.8276759187619,167.2675018310547,29799900,0.0,0.0,5222.68017578125,,437.2578430175781
2024-05-13 04:00:00+00:00,162.9134926423517,167.8923460239163,162.65562940971472,167.7534942626953,31327600,0.0,0.0,5221.419921875,,438.26678466796875
2024-05-14 04:00:00+00:00,168.37836010153808,169.8462239602229,167.41631020621995,168.9436798095703,25127100,0.0,0.0,5246.68017578125,,441.0858459472656
2024-05-15 04:00:00+00:00,169.23129226677884,171.2347227383607,169.11226565697544,171.0958709716797,26948400,0.0,0.0,5308.14990234375,,447.9801025390625
2024-05-16 04:00:00+00:00,171.8694782348091,173.68447893916473,171.27440571230892,172.75218200683594,27867900,0.0,0.0,5297.10009765625,,447.070068359375
2024-05-17 04:00:00+00:00,172.75219674772163,174.8250760090424,172.2662230829347,174.61679077148438,24479300,0.0,0.0,5303.27001953125,,446.8524475097656
2024-05-20 04:00:00+00:00,174.7457452424878,177.30459839219796,174.63664632446375,175.46975708007812,22554400,0.0,0.0,5308.1298828125,,449.96826171875
2024-05-21 04:00:00+00:00,175.44991084467418,176.68966435582567,174.36884941504044,176.3921356201172,16989400,0.0,0.0,5321.41015625,,450.8485107421875
2024-05-22 04:00:00+00:00,175.19205213168274,175.69786612928917,173.7737813421162,174.93418884277344,17880000,0.0,0.0,5307.009765625,,450.75958251953125
2024-05-23 04:00:00+00:00,175.61853049301604,176.78885054238378,171.53229263275466,172.12738037109375,21024900,0.0,0.0,5267.83984375,,448.7318420410156
2024-05-24 04:00:00+00:00,173.5456447964723,174.32917746118142,172.22654529374813,173.55557250976562,16579400,0.0,0.0,5304.72021484375,,452.9752197265625
2024-05-28 04:00:00+00:00,173.01996737259077,175.81685807916702,172.94062134541406,174.9539794921875,20572200,0.0,0.0,5306.0400390625,,454.6864318847656
2024-05-29 04:00:00+00:00,173.9919356394942,175.39038104034756,173.2877642166244,174.4580841064453,23388700,0.0,0.0,5266.9501953125,,451.4816589355469
2024-05-30 04:00:00+00:00,173.7638553909168,173.78369568525272,170.381804057889,170.69918823242188,22931500,0.0,0.0,5235.47998046875,,446.6447448730469
2024-05-31 04:00:00+00:00,170.4512300886902,171.64139042387083,168.05106912485823,171.0859832763672,37638900,0.0,0.0,5277.509765625,,445.8138732910156
2024-06-03 04:00:00+00:00,171.12566288057238,173.09935606710764,169.75698519210337,171.75050354003906,27459100,0.0,0.0,5283.39990234375,,448.2075500488281
2024-06-04 04:00:00+00:00,171.85958824102724,172.42492310208857,170.480982952228,172.3654022216797,26879600,0.0,0.0,5291.33984375,,449.4341125488281
2024-06-05 04:00:00+00:00,173.7638369582265,175.2019479039631,172.50424324144495,173.9721221923828,22068500,0.0,0.0,5354.02978515625,,458.49462890625
2024-06-06 04:00:00+00:00,174.45811286491957,175.69786641038863,174.3093484929474,175.28131103515625,23251000,0.0,0.0,5352.9599609375,,458.33636474609375
2024-06-07 04:00:00+00:00,175.5986571248054,176.4119274047294,172.87119991627856,173.02989196777344,19661400,0.0,0.0,5346.990234375,,457.9308166503906
2024-06-10 04:00:00+00:00,173.73488619485127,175.8101292272444,171.54047994095143,173.77459716796875,23726700,0.2,0.0,5360.7900390625,,459.780517578125
2024-06-11 04:00:00+00:00,174.9760900997619,175.59170876242746,172.54338732033756,175.37326049804688,21540600,0.0,0.0,5375.31982421875,,462.935791015625
2024-06-12 04:00:00+00:00,176.99173266950717,179.1364888587314,174.86683954251944,176.53497314453125,27864700,0.0,0.0,5421.02978515625,,468.99920654296875
2024-06-13 04:00:00+00:00,174.86685975128964,175.49241749987627,173.64554642645388,173.92356872558594,20913300,0.0,0.0,5433.740234375,,471.5413513183594
2024-06-14 04:00:00+00:00,172.99018739624864,175.8101362841722,172.92067425165644,175.5420379638672,18063600,0.0,0.0,5431.60009765625,,473.9844970703125
2024-06-17 04:00:00+00:00,174.2214273884837,177.10095011007647,173.57600667428076,175.98886108398438,19618500,0.0,0.0,5473.22998046875,,479.7907409667969
2024-06-18 04:00:00+00:00,175.88958192240335,176.13781719186318,172.87104771224654,173.8540496826172,21869900,0.0,0.0,5487.02978515625,,479.9391174316406
2024-06-20 04:00:00+00:00,174.13206841253606,176.03851342488448,173.7547611134038,175.05551147460938,20160100,0.0,0.0,5473.169921875,,476.2397766113281
2024-06-21 04:00:00+00:00,175.75055979188994,179.57338876304848,175.3633134017814,178.36199951171875,57759000,0.0,0.0,5464.6201171875,,474.9637756347656
2024-06-24 04:00:00+00:00,178.8882466857276,179.61308934299385,177.4087592034553,177.9548797607422,18298000,0.0,0.0,5447.8701171875,,469.55645751953125
2024-06-25 04:00:00+00:00,178.35206806848578,182.98910099326696,178.15348288701358,182.73094177246094,23130200,0.0,0.0,5469.2998046875,,474.9261474609375
2024-06-26 04:00:00+00:00,181.3408244497642,183.20754327614856,181.19187420519867,182.58200073242188,19839000,0.0,0.0,5477.89990234375,,475.9068908691406
2024-06-27 04:00:00+00:00,182.87989825318604,184.7367085522993,182.7210391800813,184.10122680664062,18848900,0.0,0.0,5482.8701171875,,477.1353759765625
2024-06-28 04:00:00+00:00,183.01890751714419,183.82318736943728,180.67556595744807,180.8642120361328,29156600,0.0,0.0,5460.47998046875,,474.6585998535156
2024-07-01 04:00:00+00:00,181.7379989393426,182.58200489120532,180.02021516731907,181.6982879638672,16006100,0.0,0.0,5475.08984375,,477.4425354003906
2024-07-02 04:00:00+00:00,180.76490422906483,184.26006063956154,180.27835770580916,183.93238830566406,17372500,0.0,0.0,5509.009765625,,482.4555358886719
2024-07-03 04:00:00+00:00,183.545146815405,184.77638393795382,182.7011409192061,184.50830078125,10242100,0.0,0.0,5537.02001953125,,486.477783203125
2024-07-05 04:00:00+00:00,184.54803142014995,189.51273686548802,184.48845737897847,189.25457763671875,20967500,0.0,0.0,5567.18994140625,,491.5501708984375
2024-07-08 04:00:00+00:00,188.55950207105113,188.8276004007438,186.4544718628467,187.69564819335938,21035900,0.0,0.0,5572.85009765625,,492.7192077636719
2024-07-09 04:00:00+00:00,188.96662487953267,190.00921610095705,187.3878521119617,187.64601135253906,15121400,0.0,0.0,5576.97998046875,,493.145263671875
2024-07-10 04:00:00+00:00,187.8147905079295,190.3964432565855,187.69564243220248,189.83045959472656,15952500,0.0,0.0,5633.91015625,,498.2870178222656
2024-07-11 04:00:00+00:00,188.50987272919218,189.51273777959946,183.77353946919203,184.2600860595703,25625800,0.0,0.0,5584.5400390625,,487.3594665527344
2024-07-12 04:00:00+00:00,183.77351953652854,185.78918852634615,183.18768799095292,183.7635955810547,22898400,0.0,0.0,5615.35009765625,,490.2226257324219
2024-07-15 04:00:00+00:00,183.61466683145176,186.9112385638258,183.61466683145176,185.2133026123047,16474000,0.0,0.0,5631.22021484375,,491.5402526855469
2024-07-16 04:00:00+00:00,186.03740796917208,187.34808208100193,182.07556831656274,182.62168884277344,18290700,0.0,0.0,5667.2001953125,,491.7284851074219
2024-07-17 04:00:00+00:00,181.6784348799773,182.2543425380115,178.63009842037727,179.74220275878906,20734100,0.0,0.0,5588.27001953125,,477.2938537597656
2024-07-18 04:00:00+00:00,180.64575986268414,181.21174353968178,175.22431015700485,176.43569946289062,25315700,0.0,0.0,5544.58984375,,475.03509521484375
2024-07-19 04:00:00+00:00,177.61730362532302,179.01733902058587,175.87965675110726,176.40591430664062,18881900,0.0,0.0,5505.0,,470.8245849609375
2024-07-22 04:00:00+00:00,179.31522557776697,181.41033185766577,178.9577661837674,180.38760375976562,24100300,0.0,0.0,5564.41015625,,477.8387756347656
2024-07-23 04:00:00+00:00,180.76494931220915,182.31393516708002,180.25853960121495,180.50677490234375,36352700,0.0,0.0,5555.740234375,,476.1545715332031
2024-07-24 04:00:00+00:00,172.37457678491225,174.9462905344622,170.60714288242724,171.4114227294922,49585200,0.0,0.0,5427.1298828125,,459.07476806640625
2024-07-25 04:00:00+00:00,171.30219882616154,172.19583973492487,166.0098210682456,166.09918212890625,44852000,0.0,0.0,5399.22021484375,,454.0122375488281
2024-07-26 04:00:00+00:00,165.97008682721892,166.90345381803442,162.90190268589552,165.82115173339844,41336900,0.0,0.0,5459.10009765625,,458.6686096191406
2024-07-29 04:00:00+00:00,167.63824201341453,169.22693862858085,166.80417515412134,168.3332977294922,20293800,0.0,0.0,5463.5400390625,,459.58990478515625
2024-07-30 04:00:00+00:00,169.03828621199597,170.0212881339037,167.25098932978506,169.08792114257812,18959700,0.0,0.0,5436.43994140625,,453.2791442871094
2024-07-31 04:00:00+00:00,172.01711347343624,173.01997848256258,168.80990296351985,170.3291015625,25729100,0.0,0.0,5522.2998046875,,466.6933288574219
2024-08-01 04:00:00+00:00,169.0482015028782,172.82138024945738,167.68787721137585,169.55459594726562,24531400,0.0,0.0,5446.68017578125,,455.3893127441406
2024-08-02 04:00:00+00:00,165.26513327016306,167.32051364473287,163.50762313025547,165.48358154296875,29130100,0.0,0.0,5346.56005859375,,444.5806579589844
2024-08-05 04:00:00+00:00,154.4023257364845,163.26928160754815,153.83634209310054,158.1258544921875,53630700,0.0,0.0,5186.330078125,,431.32501220703125
2024-08-06 04:00:00+00:00,158.20527443608682,159.43652659885458,155.30588884415857,157.172607421875,49004600,0.0,0.0,5240.02978515625,,435.4463195800781
2024-08-07 04:00:00+00:00,160.11174561926643,161.82952940748444,157.35137068982363,157.81805419921875,25138600,0.0,0.0,5199.5,,430.7305603027344
2024-08-08 04:00:00+00:00,159.37697100848436,162.53453159498838,159.0791007984094,160.88624572753906,25578800,0.0,0.0,5319.31005859375,,443.906982421875
2024-08-09 04:00:00+00:00,158.88048081312152,162.63379650679866,157.9371899119943,162.5146484375,28602300,0.0,0.0,5344.16015625,,446.2252197265625
2024-08-12 04:00:00+00:00,163.1898651801224,163.73597062856854,160.69757348531624,161.14439392089844,15895300,0.0,0.0,5344.39013671875,,447.186279296875
2024-08-13 04:00:00+00:00,162.25649966122157,163.56717396094234,161.81960317762199,163.00120544433594,18551700,0.0,0.0,5434.43017578125,,458.2821960449219
2024-08-14 04:00:00+00:00,161.25363005478357,162.0678490367502,156.59674898008666,159.2379608154297,40591100,0.0,0.0,5455.2099609375,,458.4308166503906
2024-08-15 04:00:00+00:00,159.3670211694173,160.49897323710096,158.48330433720005,160.161376953125,31524300,0.0,0.0,5543.22021484375,,470.0122375488281
2024-08-16 04:00:00+00:00,160.33018953302678,163.89484419906685,159.9925932186499,161.80967712402344,24208600,0.0,0.0,5554.25,,470.6165466308594
2024-08-19 04:00:00+00:00,164.1132970310061,165.5133475605536,163.1004929084528,165.4934844970703,22416200,0.0,0.0,5608.25,,476.7984924316406
2024-08-20 04:00:00+00:00,165.72185564699794,167.44957853320707,165.642433695725,165.9998779296875,18341500,0.0,0.0,5597.1201171875,,475.79791259765625
2024-08-21 04:00:00+00:00,163.98421986679392,165.6722318912375,163.50761237161458,164.67929077148438,22902000,0.0,0.0,5620.85009765625,,478.0171203613281
2024-08-22 04:00:00+00:00,166.07930514645545,166.406977492495,162.15719125168386,162.64373779296875,22493300,0.0,0.0,5570.64013671875,,470.43817138671875
2024-08-23 04:00:00+00:00,163.55725630307884,165.00694179876172,162.67353934579646,164.45089721679688,13955700,0.0,0.0,5634.60986328125,,475.54034423828125
2024-08-26 04:00:00+00:00,165.20553931092914,166.36727853932712,163.29909428347517,164.98709106445312,14190400,0.0,0.0,5616.83984375,,470.9236755371094
2024-08-27 04:00:00+00:00,164.6693476557718,165.26511837355505,163.29909924659626,163.5175323486328,11821900,0.0,0.0,5625.7998046875,,472.3304443359375
2024-08-28 04:00:00+00:00,163.87498286647468,164.4310425767687,160.38976526426643,161.70045471191406,16407400,0.0,0.0,5592.18017578125,,466.9706726074219
2024-08-29 04:00:00+00:00,163.15012461387778,164.7984102225247,159.11878679232862,160.6379852294922,19699800,0.0,0.0,5591.9599609375,,466.287109375
2024-08-30 04:00:00+00:00,161.472070186267,162.50473737235887,160.54864227379994,162.22671508789062,22123800,0.0,0.0,5648.39990234375,,471.8450012207031
2024-09-03 04:00:00+00:00,160.57843019098567,160.70751737773818,155.37541355771157,156.24920654296875,38945300,0.0,0.0,5528.93017578125,,457.5193176269531
2024-09-04 04:00:00+00:00,155.55413584223268,157.8776140734706,154.85908019413716,155.34561157226562,19353800,0.0,0.0,5520.06982421875,,456.3304748535156
2024-09-05 04:00:00+00:00,155.19668368087028,158.32444181781332,154.87893528354047,156.1300506591797,18688700,0.0,0.0,5503.41015625,,456.7565002441406
2024-09-06 04:00:00+00:00,156.18962872176218,156.71588626121135,149.48727669749047,149.8546600341797,37912100,0.0,0.0,5408.419921875,,444.521240234375
2024-09-09 04:00:00+00:00,151.63437166613713,152.51926120186218,146.37475041538113,147.856201171875,39260500,0.2,0.0,5471.0498046875,,450.2376403808594
2024-09-10 04:00:00+00:00,149.58618882434916,150.40148807942415,147.4883027750186,147.8064727783203,31118800,0.0,0.0,5495.52001953125,,454.39862060546875
2024-09-11 04:00:00+00:00,149.0592434246133,150.63017379029483,146.67302891819028,150.29212951660156,29607700,0.0,0.0,5554.1298828125,,464.2660827636719
2024-09-12 04:00:00+00:00,152.91699025153633,153.931138367879,151.7735836501272,153.8018798828125,29621500,0.0,0.0,5595.759765625,,468.8233642578125
2024-09-13 04:00:00+00:00,154.53759521680126,157.47067000170316,154.31887229884703,156.5559539794922,29591200,0.0,0.0,5626.02001953125,,470.9236755371094
2024-09-16 04:00:00+00:00,156.4068328344505,157.34143843484944,155.70091765708278,157.15252685546875,18379800,0.0,0.0,5633.08984375,,468.8431396484375
2024-09-17 04:00:00+00:00,158.107008079676,159.628222536102,157.47068317745328,158.40528869628906,20715600,0.0,0.0,5634.580078125,,469.0908203125
2024-09-18 04:00:00+00:00,158.9421872798641,159.57851220454893,157.68942685128602,158.89247131347656,23677300,0.0,0.0,5618.259765625,,467.05987548828125
2024-09-19 04:00:00+00:00,162.77008449382728,162.8496118323656,160.41368126049775,161.20909118652344,26587700,0.0,0.0,5713.64013671875,,478.86907958984375
2024-09-20 04:00:00+00:00,162.56130770595448,162.7899829734501,161.12957266023724,162.65078735351562,40896400,0.0,0.0,5702.5498046875,,477.95770263671875
2024-09-23 04:00:00+00:00,163.40640761812853,164.53986181971814,160.74178667068307,160.92076110839844,24150900,0.0,0.0,5718.56982421875,,479.2245788574219
2024-09-24 04:00:00+00:00,162.09398745781283,162.28289902982328,159.7674258440889,161.3582305908203,23332100,0.0,0.0,5732.93017578125,,481.53619384765625
2024-09-25 04:00:00+00:00,160.5429462723237,161.87524922923666,160.37392412147798,160.56283569335938,18869200,0.0,0.0,5722.259765625,,481.9826354980469
2024-09-26 04:00:00+00:00,162.70049439754706,163.13797065652983,161.34830194759303,161.79571533203125,20319300,0.0,0.0,5745.3701171875,,485.6037902832031
2024-09-27 04:00:00+00:00,161.87524329123835,164.7486500925775,161.69628402203105,163.00869750976562,21101300,0.0,0.0,5738.169921875,,482.9053039550781
2024-09-30 04:00:00+00:00,162.38232355982177,165.19606207708327,162.32265529939457,164.89779663085938,20413900,0.0,0.0,5762.47998046875,,484.2148742675781
2024-10-01 04:00:00+00:00,166.72721266688677,168.18877389639653,163.6350680810018,166.03123474121094,28338100,0.0,0.0,5708.75,,477.4685363769531
2024-10-02 04:00:00+00:00,165.46452779504156,166.5582184121097,163.7842281975384,164.90774536132812,17760200,0.0,0.0,5709.5400390625,,478.1431884765625
2024-10-03 04:00:00+00:00,163.4660733087808,165.6832659184552,162.9788810936898,164.90774536132812,15073100,0.0,0.0,5699.93994140625,,477.7860412597656
2024-10-04 04:00:00+00:00,167.0950886229922,167.26411075507784,164.52989975669306,166.100830078125,19047400,0.0,0.0,5751.06982421875,,483.4707946777344
2024-10-07 04:00:00+00:00,166.75705707061962,167.51268816069472,161.81559051224986,162.0442657470703,22463100,0.0,0.0,5695.93994140625,,478.2920227050781
2024-10-08 04:00:00+00:00,162.99877252706997,163.78423021907105,161.93490844359246,163.43624877929688,23072700,0.0,0.0,5751.1298828125,,485.43511962890625
2024-10-09 04:00:00+00:00,162.5115774919813,163.89359644421285,158.8228863013817,160.9307098388672,31181800,0.0,0.0,5792.0400390625,,489.25469970703125
2024-10-10 04:00:00+00:00,159.94638493252756,162.13376610989224,159.4790821511072,161.14944458007812,14144100,0.0,0.0,5780.0498046875,,488.6991271972656
2024-10-11 04:00:00+00:00,161.19915249290503,162.9589793006072,160.3142629412503,162.3027801513672,15344300,0.0,0.0,5815.02978515625,,489.4630432128906
2024-10-14 04:00:00+00:00,162.7004954092269,165.27562183830673,162.4618678561569,164.01292419433594,19016100,0.0,0.0,5859.85009765625,,493.5703430175781
2024-10-15 04:00:00+00:00,164.83814757105517,166.71729595706415,163.6848189785555,164.5100555419922,20247200,0.0,0.0,5815.259765625,,486.972900390625
2024-10-16 04:00:00+00:00,163.58537367338423,164.84808640066018,162.7999160190336,164.21176147460938,16406000,0.0,0.0,5842.47021484375,,487.03240966796875
2024-10-17 04:00:00+00:00,164.77847983302945,165.4148047545223,161.82553046438127,161.9945526123047,21453400,0.0,0.0,5841.47021484375,,487.36968994140625
2024-10-18 04:00:00+00:00,162.25307524146882,163.76435267205474,162.14370618061358,162.48175048828125,19757700,0.0,0.0,5864.669921875,,490.5643005371094
2024-10-21 04:00:00+00:00,162.01445640921125,163.5555604691452,161.6863492090046,163.12803649902344,20946500,0.0,0.0,5853.97998046875,,491.5068054199219
2024-10-22 04:00:00+00:00,162.0442768634266,164.8182671012252,162.0442768634266,164.19187927246094,16568100,0.0,0.0,5851.2001953125,,492.0425109863281
2024-10-23 04:00:00+00:00,163.8140255377703,164.8679522950324,161.0002721529637,161.84539794921875,18280500,0.0,0.0,5797.419921875,,484.5025329589844
2024-10-24 04:00:00+00:00,161.89512038935888,162.3922496608961,160.08556255879625,161.78575134277344,22412500,0.0,0.0,5809.85986328125,,488.4312744140625
2024-10-25 04:00:00+00:00,162.7303165163636,164.63929136354844,162.48175184608664,164.32113647460938,19828900,0.0,0.0,5808.1201171875,,491.4075927734375
2024-10-28 04:00:00+00:00,167.78114595500233,167.78114595500233,163.00870143582344,165.76280212402344,32138600,0.0,0.0,5823.52001953125,,491.4869689941406
2024-10-29 04:00:00+00:00,166.76697893071042,169.40177313699868,166.13065407857997,168.70578002929688,42169000,0.0,0.0,5832.919921875,,496.2093811035156
2024-10-30 04:00:00+00:00,179.64261737988735,180.97493529169347,173.06063100562596,173.45834350585938,68890800,0.0,0.0,5813.669921875,,492.459228515625
2024-10-31 04:00:00+00:00,172.13600066532192,175.80481742033143,170.01822493850247,170.12759399414062,44769000,0.0,0.0,5705.4501953125,,480.0281982421875
2024-11-01 04:00:00+00:00,169.09355238654865,171.33063403813247,167.91038233009985,170.30653381347656,31796500,0.0,0.0,5728.7998046875,,483.57989501953125
2024-11-04 05:00:00+00:00,168.95436679599575,169.7497767581588,167.04539198951443,168.26834106445312,21492700,0.0,0.0,5712.68994140625,,482.171142578125
2024-11-05 05:00:00+00:00,168.45722424913848,169.55091475770118,167.87061532690117,168.7654571533203,18242100,0.0,0.0,5782.759765625,,488.3221740722656
2024-11-06 05:00:00+00:00,172.80214969030013,175.92412112315387,172.50386907265272,175.49658203125,33695500,0.0,0.0,5929.0400390625,,501.58648681640625
2024-11-07 05:00:00+00:00,176.3914145518733,180.0403416420051,176.17267645525013,179.7122344970703,25352900,0.0,0.0,5973.10009765625,,509.4836120605469
2024-11-08 05:00:00+00:00,179.612801825818,179.86136646447602,177.05756522942787,177.32601928710938,22006200,0.0,0.0,5995.5400390625,,510.0789489746094
2024-11-11 05:00:00+00:00,177.55470270682915,179.513393363608,177.44533365392132,179.31454467773438,17450400,0.0,0.0,6001.35009765625,,509.7813415527344
2024-11-12 05:00:00+00:00,178.787601775427,181.44227061052396,178.36006265722634,180.57725524902344,25134900,0.0,0.0,5983.990234375,,508.858642578125
2024-11-13 05:00:00+00:00,179.423911961303,179.9210412566759,177.51492211643085,177.8529815673828,23184000,0.0,0.0,5985.3798828125,,508.203857421875
2024-11-14 05:00:00+00:00,177.2564251654299,177.79333331489727,173.3191695348543,174.57192993164062,31007500,0.0,0.0,5949.169921875,,504.6720275878906
2024-11-15 05:00:00+00:00,172.73255057874763,173.1402002652983,170.236966835199,171.4996795654297,32504600,0.0,0.0,5870.6201171875,,492.6477355957031
2024-11-18 05:00:00+00:00,172.4243223269658,174.43272892051993,171.90730361382492,174.2935333251953,20135300,0.0,0.0,5893.6201171875,,496.07049560546875
2024-11-19 05:00:00+00:00,172.72260407260165,177.8430297605378,172.56351905656155,177.0973358154297,23434900,0.0,0.0,5916.97998046875,,499.4832458496094
2024-11-20 05:00:00+00:00,176.32181201959514,176.65985629395433,172.7822539205829,174.96961975097656,18997100,0.0,0.0,5917.10986328125,,499.195556640625
2024-11-21 05:00:00+00:00,172.90156244724747,173.13025284582125,162.7601278802168,166.66757202148438,59734400,0.0,0.0,5948.7099609375,,500.9913330078125
2024-11-22 05:00:00+00:00,164.89779453956643,165.5042928911672,162.9589781366054,163.8140411376953,38604600,0.0,0.0,5969.33984375,,501.79486083984375
2024-11-25 05:00:00+00:00,165.13641317917185,167.6618386099698,164.65917328191838,166.6874542236328,33135300,0.0,0.0,5987.3701171875,,502.58856201171875
2024-11-26 05:00:00+00:00,166.66756653684672,168.84499520108912,166.61785057482837,168.1490020751953,20486700,0.0,0.0,6021.6298828125,,505.2870788574219
2024-11-27 05:00:00+00:00,168.02973232334207,168.50697228555944,167.05536297555267,168.25840759277344,19266500,0.0,0.0,5998.740234375,,501.3087463378906
2024-11-29 05:00:00+00:00,167.53259758783784,168.45725093330546,166.20029451813454,167.98001098632812,14257200,0.0,0.0,6032.3798828125,,505.71368408203125
2024-12-02 05:00:00+00:00,167.80101718271035,171.0920105058346,167.60216850996696,170.50540161132812,23789100,0.0,0.0,6047.14990234375,,511.2198791503906
2024-12-03 05:00:00+00:00,170.50541009739786,171.68856506902026,169.86908521024029,170.35626220703125,22248700,0.0,0.0,6049.8798828125,,512.7874145507812
2024-12-04 05:00:00+00:00,170.16736706139073,173.9057894087997,170.0778874212496,173.36888122558594,31615100,0.0,0.0,6086.490234375,,519.126953125
2024-12-05 05:00:00+00:00,174.35320380974355,175.04918185581036,171.3406012044101,171.64881896972656,21356200,0.0,0.0,6075.10986328125,,517.6883544921875
2024-12-06 05:00:00+00:00,171.04230353586647,174.07479526094843,170.8732813965907,173.70692443847656,21462400,0.0,0.0,6090.27001953125,,522.3214721679688
2024-12-09 05:00:00+00:00,173.15947313956298,175.44887679032834,172.85088694703188,174.56297302246094,25389600,0.2,0.0,6052.85009765625,,518.2538452148438
2024-12-10 05:00:00+00:00,182.00855531536865,185.502397306232,180.21683563214248,184.31787109375,54813000,0.0,0.0,6034.91015625,,516.48779296875
2024-12-11 05:00:00+00:00,184.4572441868518,194.7098490277896,183.99936950512352,194.5008087158203,67894100,0.0,0.0,6084.18994140625,,525.7342529296875
2024-12-12 05:00:00+00:00,194.10264873841155,194.28181312365592,190.82779534779633,191.07664489746094,34817500,0.0,0.0,6051.25,,522.3412475585938
2024-12-13 05:00:00+00:00,190.13098313311997,191.84306905787375,188.7672926142497,188.94647216796875,25143500,0.0,0.0,6051.08984375,,526.3394775390625
2024-12-16 05:00:00+00:00,191.98243736831273,198.08423292115103,191.73358782946704,195.7550048828125,44934900,0.0,0.0,6074.080078125,,533.9191284179688
2024-12-17 05:00:00+00:00,196.3422712265007,200.4930793963414,194.082713332717,194.52069091796875,43504000,0.0,0.0,6050.60986328125,,531.5678100585938
2024-12-18 05:00:00+00:00,194.32159578937086,196.09340298706192,186.87602311656974,187.53297424316406,34166100,0.0,0.0,5872.16015625,,512.3905029296875
2024-12-19 05:00:00+00:00,190.748138909751,192.1416901461699,187.513095150107,187.64248657226562,32265200,0.0,0.0,5867.080078125,,510.1086730957031
2024-12-20 05:00:00+00:00,184.92506321844033,192.00234452424112,184.36764269628742,190.52915954589844,63462900,0.0,0.0,5930.85009765625,,514.5632934570312
2024-12-23 05:00:00+00:00,191.73359960532437,194.20219811806004,189.2749647954396,193.73435974121094,25675000,0.0,0.0,5974.06982421875,,519.5764770507812
2024-12-24 05:00:00+00:00,193.94335970742864,195.20751953125,192.88824016493578,195.20751953125,10403300,0.0,0.0,6040.0400390625,,526.621826171875
2024-12-26 05:00:00+00:00,194.25194880473947,195.84459196860374,193.48550314170072,194.69989013671875,12046600,0.0,0.0,6037.58984375,,526.2640380859375
2024-12-27 05:00:00+00:00,194.05286442098586,194.42117206113832,189.77264937982267,191.87294006347656,18891400,0.0,0.0,5970.83984375,,519.2683715820312
2024-12-30 05:00:00+00:00,188.9265638700057,191.66390866604786,188.24968525874627,190.3599395751953,14264700,0.0,0.0,5906.93994140625,,512.3621826171875
2024-12-31 05:00:00+00:00,190.2006709297877,191.07662611886298,187.6424905201336,188.42886352539062,17466900,0.0,0.0,5881.6298828125,,508.0097961425781
2025-01-02 05:00:00+00:00,189.7726449747486,191.11643850843902,186.63714698089748,188.55825805664062,20370800,0.0,0.0,5868.5498046875,,507.0160827636719
2025-01-03 05:00:00+00:00,190.489329030918,192.32087307336826,189.10572628313417,190.9073944091797,18596200,0.0,0.0,5942.47021484375,,515.3134155273438
2025-01-06 05:00:00+00:00,193.0873348986171,197.30782865396526,192.95794346331456,195.9640350341797,29563600,0.0,0.0,5975.3798828125,,521.2359008789062
2025-01-07 05:00:00+00:00,196.20293323603758,200.0750314967655,193.70448930563006,194.59039306640625,26487200,0.0,0.0,5909.02978515625,,511.93487548828125
2025-01-08 05:00:00+00:00,191.683825506133,195.38669258245946,191.49469743094454,193.05746459960938,24864800,0.0,0.0,5918.25,,512.0242919921875
2025-01-10 05:00:00+00:00,193.40585949210492,195.61564455345277,189.4342154897214,191.15625,26665200,0.0,0.0,5827.0400390625,,503.9952087402344
2025-01-13 05:00:00+00:00,189.19532001022134,190.3001972959748,186.49778453538255,190.1309814453125,21823700,0.0,0.0,5836.22021484375,,502.37548828125
2025-01-14 05:00:00+00:00,190.3599316953501,191.09651654383717,187.44340746260227,188.78720092773438,17174900,0.0,0.0,5842.91015625,,501.89849853515625
2025-01-15 05:00:00+00:00,192.20141470890871,195.4563707355863,190.97707930364396,194.6501007080078,21776000,0.0,0.0,5949.91015625,,513.4453125
2025-01-16 05:00:00+00:00,193.2465827004133,194.58041248274841,191.92270143099617,192.02224731445312,17815400,0.0,0.0,5937.33984375,,509.8481750488281
2025-01-17 05:00:00+00:00,195.6255822249555,196.32235783888785,192.85837679493184,195.0980224609375,27735100,0.0,0.0,5996.66015625,,518.4534912109375
2025-01-21 05:00:00+00:00,198.15390588987137,201.3590737795005,196.9594160260543,197.1385955810547,29971300,0.0,0.0,6049.240234375,,521.4942016601562
2025-01-22 05:00:00+00:00,198.14394994474472,199.5574134711185,196.62099201618707,197.45712280273438,26200600,0.0,0.0,6086.3701171875,,528.1620483398438
2025-01-23 05:00:00+00:00,197.22817603032425,199.37823954000908,194.30170322912596,197.06890869140625,26951400,0.0,0.0,6118.7099609375,,529.284912109375
2025-01-24 05:00:00+00:00,197.18839021308668,199.9754930323733,197.08884431729592,199.28868103027344,23877500,0.0,0.0,6101.240234375,,526.2938842773438
2025-01-27 05:00:00+00:00,191.5245367578076,195.97396712425268,189.8522601854155,190.9272918701172,41728900,0.0,0.0,6012.27978515625,,510.97100830078125
2025-01-28 05:00:00+00:00,191.8629920734772,194.58042475121238,189.80251062684363,194.40126037597656,24157900,0.0,0.0,6067.7001953125,,518.5231323242188
2025-01-29 05:00:00+00:00,194.66006109436606,195.88439657430914,192.5398581602494,194.51075744628906,18218300,0.0,0.0,6039.31005859375,,517.5493774414062
2025-01-30 05:00:00+00:00,197.08882990069444,200.47317747002577,196.76034669489817,199.94561767578125,24354700,0.0,0.0,6071.169921875,,519.7552490234375
2025-01-31 05:00:00+00:00,201.0704225036096,204.5344037474068,200.87134591508243,203.0811309814453,32001100,0.0,0.0,6040.52978515625,,519.0000610351562
2025-02-03 05:00:00+00:00,199.76644678798675,202.8123625387659,199.17916555521708,200.303955078125,27838300,0.0,0.0,5994.56982421875,,514.846435546875
2025-02-04 05:00:00+00:00,202.4540365472158,206.09719755510824,201.8767037764101,205.43028259277344,43856400,0.0,0.0,6037.8798828125,,521.1663208007812
2025-02-05 05:00:00+00:00,190.19074112078758,191.86300280413045,187.16472209106553,190.4495391845703,70373900,0.0,0.0,6061.47998046875,,523.5313720703125
2025-02-06 05:00:00+00:00,188.62795003909466,191.21599131294843,187.85154069465264,190.71829223632812,29297400,0.0,0.0,6083.56982421875,,526.2640380859375
2025-02-07 05:00:00+00:00,190.17080550398342,190.3001969256679,182.39674895869484,184.48707580566406,49315000,0.0,0.0,6025.990234375,,519.6261596679688
2025-02-10 05:00:00+00:00,186.48783259444508,187.33391183220394,185.00468401733505,185.61187744140625,23105600,0.0,0.0,6066.43994140625,,525.916259765625
2025-02-11 05:00:00+00:00,184.17851963260873,186.07973375626966,183.43197101543439,184.46719360351562,21239500,0.0,0.0,6068.5,,524.6641845703125
2025-02-12 05:00:00+00:00,182.37685574217417,184.25815769470228,180.9932528796119,182.7650604248047,22072600,0.0,0.0,6051.97021484375,,524.9722290039062
2025-02-13 05:00:00+00:00,183.47179995722882,185.42277188580212,182.2972222059454,185.28341674804688,21402500,0.0,0.0,6115.06982421875,,532.5243530273438
2025-02-14 05:00:00+00:00,184.208362887473,185.54219264503521,183.47177804242145,184.37757873535156,20448400,0.0,0.0,6114.6298828125,,534.76025390625
2025-02-18 05:00:00+00:00,184.74589678490392,185.10424071494356,180.90365944170068,182.92431640625,29916700,0.0,0.0,6129.580078125,,535.9724731445312
2025-02-19 05:00:00+00:00,183.22294469175932,184.60654751219354,182.74514264416922,184.41741943359375,19549400,0.0,0.0,6144.14990234375,,536.1216430664062
2025-02-20 05:00:00+00:00,183.9495791218272,184.4572267048234,181.87914917011352,183.71067810058594,20441500,0.0,0.0,6117.52001953125,,533.845947265625
2025-02-21 05:00:00+00:00,184.29796286054517,184.48709094071828,178.255903940123,178.83323669433594,35199200,0.0,0.0,6013.1298828125,,522.7662353515625
2025-02-24 05:00:00+00:00,181.15250613186586,182.27729565940143,178.06676593885823,178.42510986328125,29854200,0.0,0.0,5983.25,,516.5953369140625
2025-02-25 05:00:00+00:00,177.2206855678133,177.91747644578498,173.8861107726199,174.6127471923828,41913400,0.0,0.0,5955.25,,510.0866394042969
2025-02-26 05:00:00+00:00,174.26436286262216,175.26970953461128,170.79041782229913,171.93511962890625,35431300,0.0,0.0,5956.06005859375,,511.3188171386719
2025-02-27 05:00:00+00:00,173.1893356179125,173.75670468511518,167.16717356296937,167.72459411621094,39991000,0.0,0.0,5861.56982421875,,497.1187744140625
2025-02-28 05:00:00+00:00,167.90374066525882,169.82486685567105,166.00254187779413,169.4963836669922,48130600,0.0,0.0,5954.5,,504.96905517578125
2025-03-03 05:00:00+00:00,171.13879690224084,172.57217267061702,165.1664079930538,166.24143981933594,40770500,0.0,0.0,5849.72021484375,,493.9190673828125
2025-03-04 05:00:00+00:00,165.4749823837437,172.49252670098738,165.03700479811678,170.13343811035156,45388000,0.0,0.0,5778.14990234375,,492.42852783203125
2025-03-05 05:00:00+00:00,169.73530516145718,172.98029782260173,168.28201710781593,172.2238006591797,30954900,0.0,0.0,5842.6298828125,,498.84783935546875
2025-03-06 05:00:00+00:00,169.7452376648565,174.0055403400316,169.71537693678601,171.55686950683594,28302000,0.0,0.0,5738.52001953125,,485.1248474121094
2025-03-07 05:00:00+00:00,170.47189505527146,174.16482916403365,169.4864605302611,173.0599365234375,27385800,0.0,0.0,5770.2001953125,,488.6922607421875
2025-03-10 04:00:00+00:00,167.6785699397653,167.87789100205225,163.12436954047675,165.2968292236328,43604000,0.2,0.0,5614.56005859375,,469.7523193359375
2025-03-11 04:00:00+00:00,164.340133201267,166.17377116466406,160.8123576698439,163.47312927246094,39587400,0.0,0.0,5572.06982421875,,468.6294250488281
2025-03-12 04:00:00+00:00,166.0043948548276,167.06072965689114,162.96493090148982,166.53256225585938,28372400,0.0,0.0,5599.2998046875,,473.9158935546875
2025-03-13 04:00:00+00:00,165.46625097868807,165.5559515451144,161.54983818219623,162.1975860595703,31756200,0.0,0.0,5521.52001953125,,465.3899230957031
2025-03-14 04:00:00+00:00,162.70583694230132,165.91471168879448,161.88866309227078,164.9181671142578,31995900,0.0,0.0,5638.93994140625,,476.63861083984375
2025-03-17 04:00:00+00:00,164.4597537744784,165.72536967150563,163.10445251309577,163.72230529785156,31184300,0.0,0.0,5675.1201171875,,479.7289733886719
2025-03-18 04:00:00+00:00,163.11441622190455,163.6824539546305,156.1784741770312,160.1148223876953,42074800,0.0,0.0,5614.66015625,,471.5508728027344
2025-03-19 04:00:00+00:00,161.20102488744715,165.29682318848322,160.44365657902026,163.32366943359375,34275600,0.0,0.0,5675.2900390625,,477.86090087890625
2025-03-20 04:00:00+00:00,161.0117117252994,164.32023175461748,160.4038189359583,162.23745727539062,28138500,0.0,0.0,5662.89013671875,,476.24114990234375
2025-03-21 04:00:00+00:00,160.65294731947398,163.67247597151626,160.33404577702316,163.42333984375,36625800,0.0,0.0,5667.56005859375,,477.8111572265625
2025-03-24 04:00:00+00:00,166.49272355185173,167.73840437615397,164.5693844519754,167.10060119628906,30879100,0.0,0.0,5767.56982421875,,488.29644775390625
2025-03-25 04:00:00+00:00,168.3960847024039,170.04039224469534,167.7383768915496,169.9706268310547,24174400,0.0,0.0,5776.64990234375,,491.08294677734375
2025-03-26 04:00:00+00:00,168.41602720143118,169.0239199788623,164.27039826701778,164.48963928222656,28901600,0.0,0.0,5712.2001953125,,482.04669189453125
2025-03-27 04:00:00+00:00,164.06113851285755,164.84840203770966,161.44022141043914,161.6793975830078,24508300,0.0,0.0,5693.31005859375,,479.2999572753906
2025-03-28 04:00:00+00:00,159.935424629148,161.26083057547865,153.09912907789933,153.7967071533203,48669300,0.0,0.0,5580.93994140625,,466.6810607910156
2025-03-31 04:00:00+00:00,152.58093987828155,155.00253588696825,150.13940872047658,154.10565185546875,54603500,0.0,0.0,5611.85009765625,,466.6611633300781
2025-04-01 04:00:00+00:00,153.0891615011919,157.55369181763876,153.0891615011919,156.52725219726562,30672900,0.0,0.0,5633.06982421875,,470.4229431152344
2025-04-02 04:00:00+00:00,154.61387643325034,157.86262130532444,154.1654344397735,156.49734497070312,25041700,0.0,0.0,5670.97021484375,,473.8563232421875
2025-04-03 04:00:00+00:00,150.58783997911712,152.25206746912303,149.87032672274708,150.19918823242188,46883400,0.0,0.0,5396.52001953125,,448.4891052246094
2025-04-04 04:00:00+00:00,147.49855413182192,150.54799324363788,144.8776522919314,145.09689331054688,62259500,0.0,0.0,5074.080078125,,420.6339416503906
2025-04-07 04:00:00+00:00,141.0608910476278,152.32184805897472,140.04441129882048,146.242919921875,76794100,0.0,0.0,5062.25,,421.6490478515625
2025-04-08 04:00:00+00:00,150.69745588802078,151.7139355045659,142.5357542501846,144.19998168945312,52200200,0.0,0.0,4982.77001953125,,414.0557861328125
2025-04-09 04:00:00+00:00,143.9209605893895,158.99868434001036,143.41272834835817,158.16159057617188,70406200,0.0,0.0,5456.89990234375,,463.75518798828125
2025-04-10 04:00:00+00:00,155.99907817143998,157.17500865516934,149.41191804525613,152.2919464111328,48022000,0.0,0.0,5268.0498046875,,444.0306701660156
2025-04-11 04:00:00+00:00,152.37166086891528,157.12518279409443,152.29195068350106,156.59701538085938,33636200,0.0,0.0,5363.35986328125,,452.21112060546875
2025-04-14 04:00:00+00:00,159.44711904636745,161.16117679260088,157.0155480479404,158.5203399658203,30333000,0.0,0.0,5405.97021484375,,455.2762756347656
2025-04-15 04:00:00+00:00,158.58014524074957,159.09833747842598,154.6736922783896,155.76988220214844,27551500,0.0,0.0,5396.6298828125,,455.7838134765625
2025-04-16 04:00:00+00:00,152.57096991980188,155.35132240030543,150.98645259897873,152.8001708984375,28187400,0.0,0.0,5275.7001953125,,442.040283203125
2025-04-17 04:00:00+00:00,153.75685420118594,154.14550597318726,147.98686786207978,150.63768005371094,33046600,0.0,0.0,5282.7001953125,,441.9607238769531
2025-04-21 04:00:00+00:00,148.36555457655837,148.43530478654532,145.59516199807078,147.15972900390625,26049100,0.0,0.0,5158.2001953125,,431.02362060546875
2025-04-22 04:00:00+00:00,148.3755226432022,151.6641228147109,148.02672595604838,150.9466094970703,26971800,0.0,0.0,5287.759765625,,442.3388977050781
2025-04-23 04:00:00+00:00,155.07229801307963,156.98566172409713,153.27851478210604,154.81320190429688,31128800,0.0,0.0,5375.85986328125,,452.37030029296875
2025-04-24 04:00:00+00:00,155.6104249592094,159.03854063446718,155.2516683139833,158.7296142578125,45894000,0.0,0.0,5484.77001953125,,465.0987243652344
2025-04-25 04:00:00+00:00,164.49961422965615,165.52605388757996,160.4835257508864,161.40036010742188,56034000,0.0,0.0,5525.2099609375,,470.2835998535156
2025-04-28 04:00:00+00:00,161.86872639451175,162.5862396977989,158.0519740918863,160.05502319335938,29745800,0.0,0.0,5528.75,,470.13433837890625
2025-04-29 04:00:00+00:00,159.76601814888411,160.18456500527563,156.97569056687874,159.6065673828125,26809000,0.0,0.0,5560.830078125,,473.23931884765625
2025-04-30 04:00:00+00:00,157.43410788690483,158.71965890557001,154.86302105563792,158.25128173828125,34981100,0.0,0.0,5569.06005859375,,473.1795654296875
2025-05-01 04:00:00+00:00,159.8955762805081,161.39039316416392,158.3609043039561,160.74264526367188,30203200,0.0,0.0,5604.14013671875,,479.35968017578125
2025-05-02 04:00:00+00:00,162.84534306658284,164.39995007912242,161.3106559960053,163.46319580078125,25715000,0.0,0.0,5686.669921875,,486.4752197265625
2025-05-05 04:00:00+00:00,162.436752596043,164.81849332954616,162.15772135408076,163.642578125,21341800,0.0,0.0,5650.3798828125,,483.5892028808594
2025-05-06 04:00:00+00:00,161.6096198520829,164.23053675483612,160.63301049910467,162.66595458984375,21277200,0.0,0.0,5606.91015625,,479.09100341796875
2025-05-07 04:00:00+00:00,163.5130144970414,164.4298335624806,147.32912722252786,150.85690307617188,127490100,0.0,0.0,5631.27978515625,,480.9718933105469
2025-05-08 04:00:00+00:00,154.464385147347,155.39116415932176,152.3716357822811,153.7468719482422,57498700,0.0,0.0,5663.93994140625,,485.9378967285156
2025-05-09 04:00:00+00:00,153.6372746936992,154.5142387821615,151.67408067225014,152.22218322753906,32435300,0.0,0.0,5659.91015625,,485.6194152832031
2025-05-12 04:00:00+00:00,156.94581087118723,158.5502482480448,155.7100901217978,157.91246032714844,44138800,0.0,0.0,5844.18994140625,,505.40362548828125
2025-05-13 04:00:00+00:00,158.24129609505388,160.01515931291138,155.62039437316713,158.97874450683594,42382100,0.0,0.0,5886.5498046875,,513.1063842773438
2025-05-14 04:00:00+00:00,159.4072742222668,166.4229412214118,159.0584775444673,164.79856872558594,48755900,0.0,0.0,5892.580078125,,516.1814575195312
2025-05-15 04:00:00+00:00,165.26694125278715,165.6356730691148,161.80893051621783,163.39344787597656,33146700,0.0,0.0,5916.93017578125,,516.748779296875
2025-05-16 04:00:00+00:00,167.15039440077075,168.76480673115492,165.04768502743337,165.61572265625,42846900,0.0,0.0,5958.3798828125,,518.997802734375
2025-05-19 04:00:00+00:00,163.94152401470697,166.06416858529283,163.65253281131433,165.96450805664062,30426100,0.0,0.0,5963.60009765625,,519.4954833984375
2025-05-20 04:00:00+00:00,165.8548915457752,167.91774593119885,162.337090725838,163.41336059570312,46607700,0.0,0.0,5940.4599609375,,517.7638549804688
2025-05-21 04:00:00+00:00,163.1243721968136,172.54171471286378,162.9948165454298,167.9775390625,73416000,0.0,0.0,5844.60986328125,,510.5686340332031
2025-05-22 04:00:00+00:00,171.25618084668935,176.15917803179707,170.12012070875053,170.27955627441406,74864400,0.0,0.0,5842.009765625,,511.5240173339844
2025-05-23 04:00:00+00:00,168.47580548761593,169.3727046333075,167.30985028367255,167.88784790039062,35211400,0.0,0.0,5802.81982421875,,506.78692626953125
2025-05-27 04:00:00+00:00,169.5720138436325,172.5716072803838,169.41256307598843,172.3025360107422,37995700,0.0,0.0,5921.5400390625,,518.7091674804688
2025-05-28 04:00:00+00:00,172.56165823831284,174.66436785084326,171.31597754856884,171.76441955566406,34784000,0.0,0.0,5888.5498046875,,516.4103393554688
2025-05-29 04:00:00+00:00,173.39874848808273,173.81729536660228,170.04039828273065,171.26614379882812,29317300,0.0,0.0,5912.169921875,,517.4254760742188
2025-05-30 04:00:00+00:00,170.7579241400477,171.61495310854446,166.86143108525064,171.14657592773438,52639900,0.0,0.0,5911.68994140625,,516.609375
2025-06-02 04:00:00+00:00,167.26003241267054,169.28301661805224,166.81159040962694,168.4459228515625,38612300,0.0,0.0,5935.93994140625,,520.6896362304688
2025-06-03 04:00:00+00:00,166.91124474262,167.89781407143477,164.70887469424017,165.6057586669922,45084900,0.0,0.0,5970.3701171875,,524.7598876953125
2025-06-04 04:00:00+00:00,166.1638436483944,167.63872532387313,165.78515185366567,167.4693145751953,26900800,0.0,0.0,5970.81005859375,,526.2228393554688
2025-06-05 04:00:00+00:00,169.75139851627495,170.33935616350743,167.01090094696792,167.62876892089844,36379100,0.0,0.0,5939.2998046875,,522.2620239257812
2025-06-06 04:00:00+00:00,170.239706414102,173.897023068816,170.239706414102,173.07984924316406,35731800,0.0,0.0,6000.35986328125,,527.3673095703125
2025-06-09 04:00:00+00:00,174.14745263351276,176.0731199779413,173.9778367906517,175.6939697265625,28935900,0.21,0.0,6005.8798828125,,528.1436157226562
2025-06-10 04:00:00+00:00,175.8037071645682,180.70266778284787,174.51661519040564,178.1983184814453,61766100,0.0,0.0,6038.81005859375,,531.63671875
2025-06-11 04:00:00+00:00,179.36569688795734,179.96433833777158,176.352484683136,176.95114135742188,31646800,0.0,0.0,6022.240234375,,529.8453369140625
2025-06-12 04:00:00+00:00,175.78375628436552,176.32255032681226,174.3569797237004,175.30484008789062,20941900,0.0,0.0,6045.259765625,,531.0892944335938
2025-06-13 04:00:00+00:00,172.05216517338764,176.7316192634362,172.00227458420645,174.2771453857422,27663100,0.0,0.0,5976.97021484375,,524.4215698242188
2025-06-16 04:00:00+00:00,174.33703117902292,176.5420676284148,174.25720927061568,176.37245178222656,27389200,0.0,0.0,6033.10986328125,,531.7162475585938
2025-06-17 04:00:00+00:00,175.30483777675101,176.96110799729416,174.1873615915514,175.5542755126953,24973000,0.0,0.0,5982.72021484375,,526.5313720703125
2025-06-18 04:00:00+00:00,175.6141436330853,176.16290971424257,172.81046582918458,172.93020629882812,28707500,0.0,0.0,5980.8701171875,,526.4417724609375
2025-06-20 04:00:00+00:00,173.55876981570484,173.94789206625825,165.08787423262584,166.2652130126953,75659900,0.0,0.0,5967.83984375,,524.292236328125
2025-06-23 04:00:00+00:00,165.89603893694584,166.96362443515676,161.63563852290417,164.81846618652344,57671000,0.0,0.0,6025.169921875,,529.6832275390625
2025-06-24 04:00:00+00:00,166.5445998017471,167.84167918331357,165.75638318822968,166.3949432373047,40524300,0.0,0.0,6092.18017578125,,537.7831420898438
2025-06-25 04:00:00+00:00,167.25298407095676,171.9723414475006,167.17316217400943,170.29611206054688,35479000,0.0,0.0,6092.16015625,,539.157958984375
2025-06-26 04:00:00+00:00,172.0421997468365,173.29937576602373,169.5578094698184,173.1497039794922,31796700,0.0,0.0,6141.02001953125,,544.19921875
2025-06-27 04:00:00+00:00,173.14968136313868,178.27812028762878,171.34375470263782,178.1284637451172,108140200,0.0,0.0,6173.06982421875,,546.0624389648438
2025-06-30 04:00:00+00:00,180.3734342799105,180.82241920920578,174.1873807915227,175.8336639404297,63378900,0.0,0.0,6204.9501953125,,549.5992431640625
2025-07-01 04:00:00+00:00,175.3447530851258,175.6939567742825,173.139716841545,175.44451904296875,35904500,0.0,0.0,6198.009765625,,544.9664916992188
2025-07-02 04:00:00+00:00,175.14518633422566,178.4577266308603,174.67625741761273,178.23822021484375,29128900,0.0,0.0,6227.419921875,,548.7622680664062
2025-07-03 04:00:00+00:00,178.09853847776557,179.265905222364,176.65180269468908,179.126220703125,21689700,0.0,0.0,6279.35009765625,,554.1622924804688
2025-07-07 04:00:00+00:00,178.65729408356307,178.8967598076696,175.28489078530595,176.39239501953125,34175600,0.0,0.0,6229.97998046875,,549.9878540039062
2025-07-08 04:00:00+00:00,177.45002146146976,177.54978742679873,172.421347895151,173.96786499023438,40442500,0.0,0.0,6225.52001953125,,550.2966918945312
2025-07-09 04:00:00+00:00,174.85586430994886,179.03644347316074,172.3814460707259,176.2227783203125,43025600,0.0,0.0,6263.259765625,,554.1921997070312
2025-07-10 04:00:00+00:00,175.2349902719471,178.02868052999747,173.98780168372105,177.2205047607422,29252400,0.0,0.0,6280.4599609375,,553.3952026367188
2025-07-11 04:00:00+00:00,176.39238193299045,181.0219456842772,176.08308157759498,179.7847442626953,34282900,0.0,0.0,6259.75,,552.1497802734375
2025-07-14 04:00:00+00:00,180.60289104600895,183.2569121837853,179.27588047712075,181.1516571044922,32536600,0.0,0.0,6268.56005859375,,554.1524047851562
2025-07-15 04:00:00+00:00,182.39885886185957,183.8056914333515,181.19158867102598,181.59068298339844,33448300,0.0,0.0,6243.759765625,,554.660400390625
2025-07-16 04:00:00+00:00,182.82788394956327,183.91542879782378,181.62059863833602,182.55848693847656,33104200,0.0,0.0,6263.7001953125,,555.2283325195312
2025-07-17 04:00:00+00:00,181.73036564766983,183.64604573142148,180.07409534184728,183.16712951660156,31992600,0.0,0.0,6297.35986328125,,559.7216796875
2025-07-18 04:00:00+00:00,184.98301522964096,186.00072543502688,183.2968289565469,184.64378356933594,34014500,0.0,0.0,6296.7900390625,,559.1836547851562
2025-07-21 04:00:00+00:00,185.83110772544197,189.86201471908177,185.73132654425748,189.67245483398438,45803100,0.0,0.0,6305.60009765625,,562.0828857421875
2025-07-22 04:00:00+00:00,191.0693117786785,191.21896833519165,187.03840453704987,190.90966796875,44660200,0.0,0.0,6309.6201171875,,559.1736450195312
2025-07-23 04:00:00+00:00,191.06930248089483,192.09698471753413,188.7545130229886,189.80215454101562,58681900,0.0,0.0,6358.91015625,,561.7242431640625
2025-07-24 04:00:00+00:00,196.58686306155585,197.50479208340965,190.5704262162467,191.73779296875,74881700,0.0,0.0,6363.35009765625,,562.9197998046875
2025-07-25 04:00:00+00:00,191.54821586623893,193.8929365997576,190.82983399147875,192.74551391601562,39785900,0.0,0.0,6388.64013671875,,564.2747802734375
2025-07-28 04:00:00+00:00,193.2144667106556,193.61357622809174,190.41078895772904,192.14688110351562,38139500,0.0,0.0,6389.77001953125,,566.0381469726562
2025-07-29 04:00:00+00:00,191.99721287217557,195.47936925683575,191.64800916549822,195.30975341796875,41389200,0.0,0.0,6370.85986328125,,565.1614379882812
2025-07-30 04:00:00+00:00,195.1600963397073,197.155598285003,194.2521393007246,196.08799743652344,32445400,0.0,0.0,6362.89990234375,,565.918701171875
2025-07-31 04:00:00+00:00,195.26984291287636,195.54921195775628,190.66022322341527,191.46839904785156,51329200,0.0,0.0,6339.39013671875,,562.9197998046875
2025-08-01 04:00:00+00:00,188.6048544387261,190.40080913246982,187.39758435603645,188.7046356201172,34832200,0.0,0.0,6238.009765625,,551.8309936523438
2025-08-04 04:00:00+00:00,189.86200183955253,194.8308120156372,189.69238602262155,194.601318359375,31547400,0.0,0.0,6329.93994140625,,562.0130615234375
2025-08-05 04:00:00+00:00,194.27208103659058,197.41499022677854,193.45391800516853,194.23216247558594,31602300,0.0,0.0,6299.18994140625,,558.1973266601562
2025-08-06 04:00:00+00:00,194.06255127051267,196.18776557270928,193.23441619136784,195.6489715576172,21562900,0.0,0.0,6345.06005859375,,565.2212524414062
2025-08-07 04:00:00+00:00,196.6167969951023,197.09571318148866,193.8929412029117,196.07801818847656,26321800,0.0,0.0,6340.0,,567.1341552734375
2025-08-08 04:00:00+00:00,196.77642933858343,202.15430596097147,196.72653874979915,200.96697998046875,39161800,0.0,0.0,6389.4501953125,,572.4244384765625
2025-08-11 04:00:00+00:00,200.48808049350347,201.02685931355308,198.62229106869012,200.54794311523438,25832400,0.0,0.0,6373.4501953125,,570.730712890625
2025-08-12 04:00:00+00:00,200.91710457512625,204.04006993048975,200.1388600495838,202.88267517089844,30397900,0.0,0.0,6445.759765625,,577.9041137695312
2025-08-13 04:00:00+00:00,203.6709007567403,204.06999503609887,197.06577929471834,201.5057830810547,28342900,0.0,0.0,6466.580078125,,578.1930541992188
2025-08-14 04:00:00+00:00,201.04680257921203,203.9801926061093,200.777405578413,202.4835662841797,25230400,0.0,0.0,6468.5400390625,,577.7447509765625
2025-08-15 04:00:00+00:00,203.39153088363753,205.97570210941166,200.82730371462006,203.44140625,34931400,0.0,0.0,6449.7998046875,,575.2042236328125
2025-08-18 04:00:00+00:00,203.74073522255918,204.80833601681928,202.0345896716843,203.0423126220703,18526600,0.0,0.0,6449.14990234375,,574.9749755859375
2025-08-19 04:00:00+00:00,202.57337657986534,202.98245812812408,199.51028904350812,201.11666870117188,24240200,0.0,0.0,6411.3701171875,,567.1740112304688
2025-08-20 04:00:00+00:00,200.27853657760338,200.82730262485018,196.15783565803162,198.87171936035156,28955500,0.0,0.0,6395.77978515625,,563.8064575195312
2025-08-21 04:00:00+00:00,199.30075073242188,202.02460654215824,198.9814631231269,199.30075073242188,19774600,0.0,0.0,6370.169921875,,561.1962280273438
2025-08-22 04:00:00+00:00,202.27403645691825,208.07096677186306,200.84725997228378,205.62648010253906,42827000,0.0,0.0,6466.91015625,,569.85400390625
2025-08-25 04:00:00+00:00,205.96572314134983,210.04653613391585,204.81831562838462,208.02110290527344,29928900,0.0,0.0,6439.31982421875,,568.2100830078125
2025-08-26 04:00:00+00:00,207.0432962842493,207.38254318133843,205.23736948208096,206.67413330078125,28464100,0.0,0.0,6465.93994140625,,570.4916381835938
2025-08-27 04:00:00+00:00,205.2373711930947,208.4401585010209,205.18748059977113,207.01336669921875,23022900,0.0,0.0,6481.39990234375,,571.368408203125
2025-08-28 04:00:00+00:00,206.78389053195886,211.742714118765,206.43467159929352,211.1640167236328,32339300,0.0,0.0,6501.85986328125,,574.9451293945312
2025-08-29 04:00:00+00:00,210.0365409975429,214.167229203444,209.72724064780297,212.43115234375,39728400,0.0,0.0,6460.259765625,,568.2899169921875
2025-09-02 04:00:00+00:00,207.97120545801465,211.20390871469678,205.73623790289355,210.87466430664062,47523000,0.0,0.0,6415.5400390625,,563.5274658203125
2025-09-03 04:00:00+00:00,225.7012467158241,230.78976737242826,224.28442698424496,230.1412353515625,103336100,0.0,0.0,6448.259765625,,567.9611206054688
2025-09-04 04:00:00+00:00,229.13349303754427,231.84737676203946,225.60146147412655,231.7775421142578,51684200,0.0,0.0,6502.080078125,,573.1019287109375
2025-09-05 04:00:00+00:00,231.677760445174,235.22975128240526,231.37843212445287,234.47146606445312,46588900,0.0,0.0,6481.5,,573.9288940429688
2025-09-08 04:00:00+00:00,235.15054099905157,237.8069358559837,233.3529799966882,233.72247314453125,32474700,0.21,0.0,6495.14990234375,,576.7284545898438
2025-09-09 04:00:00+00:00,233.85231685973005,240.14377315813266,232.91358965088386,239.30491638183594,38061000,0.0,0.0,6512.60986328125,,578.3624877929688
2025-09-10 04:00:00+00:00,238.5758820575914,241.33214736167037,237.5273187664355,238.84552001953125,35141100,0.0,0.0,6532.0400390625,,578.5517578125
2025-09-11 04:00:00+00:00,239.55457404217233,241.9213539288796,235.92949376965038,240.0438995361328,30599300,0.0,0.0,6587.47021484375,,581.9192504882812
2025-09-12 04:00:00+00:00,240.04388783032,241.75157459718335,237.67710805902945,240.4733123779297,26771600,0.0,0.0,6584.2900390625,,584.4896240234375
2025-09-15 04:00:00+00:00,244.32807821701437,252.06756394348793,244.32807821701437,251.26864624023438,58383800,0.0,0.0,6615.27978515625,,589.4911499023438
2025-09-16 04:00:00+00:00,251.73800966841424,252.696698721273,249.13154999644232,250.8192596435547,34109700,0.0,0.0,6606.759765625,,588.992919921875
2025-09-17 04:00:00+00:00,250.87917693990602,251.25866627901078,245.94587648389523,249.19146728515625,34108000,0.0,0.0,6600.35009765625,,587.8173217773438
2025-09-18 04:00:00+00:00,251.338548569648,253.64542748570952,249.46110945180462,251.68807983398438,31239500,0.0,0.0,6631.9599609375,,593.11767578125
2025-09-19 04:00:00+00:00,252.90642848071656,255.65269769422878,251.4683796180924,254.3744354248047,55571400,0.0,0.0,6664.35986328125,,597.1326904296875
2025-09-22 04:00:00+00:00,254.0848093772248,255.4329839373953,249.96042287972912,252.18739318847656,32290500,0.0,0.0,6693.75,,600.667724609375
2025-09-23 04:00:00+00:00,252.69670571321294,254.01492224497756,250.1401811840686,251.31858825683594,26628000,0.0,0.0,6656.919921875,,596.6779174804688
2025-09-24 04:00:00+00:00,251.31857470864836,252.00764101873446,246.10565550148698,246.80470275878906,28201000,0.0,0.0,6637.97021484375,,594.583251953125
2025-09-25 04:00:00+00:00,244.06842931794486,246.1556055061487,240.41340622781078,245.45654296875,31020400,0.0,0.0,6604.72021484375,,592.0198364257812
2025-09-26 04:00:00+00:00,246.73481561544992,249.08161830530747,245.63630185383965,246.2055206298828,18503200,0.0,0.0,6643.7001953125,,594.4535522460938
2025-09-29 04:00:00+00:00,247.51375020937843,250.80926093832198,242.4406403715287,243.71890258789062,32505800,0.0,0.0,6661.2099609375,,597.20654296875
2025-09-30 04:00:00+00:00,242.48058753408858,242.9599320717839,238.92541967317948,242.77020263671875,34724300,0.0,0.0,6688.4599609375,,598.8424072265625
2025-10-01 04:00:00+00:00,240.42338523813993,245.96585884887978,238.2862890899911,244.5677490234375,31658200,0.0,0.0,6711.2001953125,,601.7150268554688
2025-10-02 04:00:00+00:00,244.81739828037135,246.47514981131818,241.97127402542458,245.35667419433594,25483300,0.0,0.0,6715.35009765625,,604.188720703125
2025-10-03 04:00:00+00:00,244.15831699237452,245.96585900937905,241.3321544964398,245.01715087890625,30249600,0.0,0.0,6715.7900390625,,601.645263671875
2025-10-06 04:00:00+00:00,244.44791178946252,250.97904766602093,244.24818617214953,250.09024047851562,28894700,0.0,0.0,6740.27978515625,,606.1636962890625
2025-10-07 04:00:00+00:00,247.93317917084852,250.1002333278666,245.18691006468788,245.42657470703125,23181300,0.0,0.0,6714.58984375,,602.9718627929688
2025-10-08 04:00:00+00:00,244.62768203424937,245.67624536262252,243.48922922331397,244.2881317138672,21307100,0.0,0.0,6753.72021484375,,609.88427734375
2025-10-09 04:00:00+00:00,244.13833003954065,244.42792989328805,238.82554034163272,241.2023162841797,27892100,0.0,0.0,6735.10986328125,,609.1461181640625
2025-10-10 04:00:00+00:00,241.10246136059908,243.75885638035138,235.5200485827795,236.2490692138672,33180300,0.0,0.0,6552.509765625,,588.0000610351562
2025-10-13 04:00:00+00:00,239.88411429337978,244.16828735447277,239.38479264234815,243.81875610351562,24995000,0.0,0.0,6654.72021484375,,600.4782104492188
2025-10-14 04:00:00+00:00,240.9027132904423,246.78472157869837,240.1836889124138,245.1169891357422,22111600,0.0,0.0,6644.31005859375,,596.4783935546875
2025-10-15 04:00:00+00:00,246.91455220927548,251.7679591837619,245.65626715592245,250.68942260742188,27007700,0.0,0.0,6671.06005859375,,600.6876220703125
2025-10-16 04:00:00+00:00,251.42842769264908,256.6113736152233,249.76069521164578,251.1188507080078,27997200,0.0,0.0,6629.06982421875,,598.4633178710938
2025-10-17 04:00:00+00:00,250.4197821526697,253.87509458891947,247.4737875390444,252.9563446044922,29671600,0.0,0.0,6664.009765625,,602.393310546875
2025-10-20 04:00:00+00:00,254.3444728441902,256.98087539491434,253.88509020638818,256.2019348144531,22350200,0.0,0.0,6735.1298828125,,609.98388671875
2025-10-21 04:00:00+00:00,254.39440086428343,254.53421031738455,243.81875668908756,250.12020874023438,47312100,0.0,0.0,6735.35009765625,,609.8244018554688
2025-10-22 04:00:00+00:00,254.02489806023604,256.01218852739623,248.95178813355238,251.34854125976562,35029400,0.0,0.0,6699.39990234375,,603.9493408203125
2025-10-23 04:00:00+00:00,252.63679338694976,254.69399627404513,251.50833675008087,252.73666381835938,19901400,0.0,0.0,6738.43994140625,,609.0264282226562
2025-10-24 04:00:00+00:00,256.23188733462473,261.32497431611404,254.9736174865258,259.5673828125,28655100,0.0,0.0,6791.68994140625,,615.52978515625
2025-10-27 04:00:00+00:00,264.4607188078389,269.7735083332291,263.92144290721717,268.9046630859375,35235200,0.0,0.0,6875.16015625,,626.4918823242188
2025-10-28 04:00:00+00:00,269.3241367489819,270.3627344019799,266.1384619149823,267.1071472167969,29738600,0.0,0.0,6890.89013671875,,631.3095703125
2025-10-29 04:00:00+00:00,267.38675485794886,274.96645416764926,267.3068768000952,274.197509765625,43580300,0.0,0.0,6890.58984375,,634.15234375
2025-10-30 04:00:00+00:00,291.1944142933695,291.1944142933695,279.6800575475708,281.09814453125,74876000,0.0,0.0,6822.33984375,,624.45703125
2025-10-31 04:00:00+00:00,282.82575062167336,285.6119738650845,276.6541425566326,280.8085021972656,39267900,0.0,0.0,6840.2001953125,,627.4693603515625
2025-11-03 05:00:00+00:00,281.797163766903,285.14262497278366,279.42038779718166,283.3350830078125,29786000,0.0,0.0,6851.97021484375,,630.4716796875
2025-11-04 05:00:00+00:00,276.374515458966,280.88837191256465,275.8851900258856,277.1634521484375,30078400,0.0,0.0,6771.5498046875,,617.6743774414062
2025-11-05 05:00:00+00:00,278.49163374098424,286.0314084420774,276.96371081227676,283.92425537109375,31010300,0.0,0.0,6796.2900390625,,621.6941528320312
2025-11-06 05:00:00+00:00,284.9428776795432,287.9587999323025,280.7585903155872,284.3636779785156,37173600,0.0,0.0,6720.31982421875,,610.1136474609375
2025-11-07 05:00:00+00:00,282.8257840870045,283.3950181298404,274.8166751233446,278.45172119140625,34479600,0.0,0.0,6728.7998046875,,608.1885375976562
2025-11-10 05:00:00+00:00,284.03413439651047,290.40545290698407,282.47622284552773,289.7064208984375,29557300,0.0,0.0,6832.43017578125,,621.6442260742188
2025-11-11 05:00:00+00:00,287.35962699643375,291.52398321941854,286.9302176656824,290.914794921875,19842100,0.0,0.0,6846.60986328125,,619.9884643554688
2025-11-12 05:00:00+00:00,291.2842728658537,291.613842224268,283.30512258449664,286.3210144042969,24829900,0.0,0.0,6850.919921875,,619.4996948242188
2025-11-13 05:00:00+00:00,281.9569519907634,282.45627365196606,276.8638649512614,278.19207763671875,29494000,0.0,0.0,6737.490234375,,606.8519897460938
2025-11-14 05:00:00+00:00,271.04178706348836,278.1820807042813,270.3327588398133,276.0350036621094,31647200,0.0,0.0,6734.10986328125,,607.310791015625
2025-11-17 05:00:00+00:00,285.392279437324,293.55120856159544,283.1852862901624,284.63330078125,52670200,0.0,0.0,6672.41015625,,602.1240234375
2025-11-18 05:00:00+00:00,287.52939388700526,288.4081743957296,277.8225797399186,283.8943176269531,49158700,0.0,0.0,6617.31982421875,,594.792724609375
2025-11-19 05:00:00+00:00,286.77042153983126,303.39782684502376,286.2411417953812,292.4127502441406,68198900,0.0,0.0,6642.16015625,,598.3436889648438
2025-11-20 05:00:00+00:00,304.1268355762142,306.0042898345543,288.2783714658303,289.05731201171875,62025200,0.0,0.0,6538.759765625,,584.1798095703125
2025-11-21 05:00:00+00:00,296.0178842040454,303.50770955644725,293.4513634023398,299.25347900390625,74137700,0.0,0.0,6602.990234375,,588.568603515625
2025-11-24 05:00:00+00:00,310.70789188393536,319.0465694557707,309.17996886834777,318.14776611328125,85165100,0.0,0.0,6705.1201171875,,603.6201782226562
2025-11-25 05:00:00+00:00,325.767421144808,328.3838617048627,317.2190369667809,323.0011901855469,88632100,0.0,0.0,6765.8798828125,,607.3406982421875
2025-11-26 05:00:00+00:00,320.2449508538883,324.0597758686898,316.36024396458464,319.5159606933594,51373400,0.0,0.0,6812.60986328125,,612.70703125
2025-11-28 05:00:00+00:00,322.9313108653273,326.40660086319315,316.36025071335513,319.7456359863281,26018600,0.0,0.0,6849.08984375,,617.6743774414062
2025-12-01 05:00:00+00:00,317.2690150587685,319.41609223758667,313.464186206563,314.46282958984375,41183000,0.0,0.0,6812.6298828125,,615.599609375
2025-12-02 05:00:00+00:00,316.3102616947243,317.948051296999,313.4841146313127,315.38153076171875,35854700,0.0,0.0,6829.3701171875,,620.4173583984375
2025-12-03 05:00:00+00:00,315.4614340573081,321.1436861691208,313.6738540884245,319.19635009765625,41838300,0.0,0.0,6849.72021484375,,621.9335327148438
2025-12-04 05:00:00+00:00,321.7928484740126,321.92264650582644,314.27306548179905,317.1890869140625,31240900,0.0,0.0,6857.1201171875,,621.35498046875
2025-12-05 05:00:00+00:00,319.05652267664885,322.72155681925386,318.73697999805336,320.8341064453125,28851700,0.0,0.0,6870.39990234375,,623.8884887695312
2025-12-08 05:00:00+00:00,319.82486263347363,320.21460294317257,311.0010871288888,313.49932861328125,33909400,0.21,0.0,6846.509765625,,622.6915893554688
2025-12-09 05:00:00+00:00,312.15025542764414,317.7662971049956,311.6805848338384,316.85693359375,30194000,0.0,0.0,6840.509765625,,623.4595947265625
2025-12-10 05:00:00+00:00,315.6078174223929,321.0839735202244,314.45863248382005,319.9847412109375,33428900,0.0,0.0,6886.68017578125,,626.0130615234375
2025-12-11 05:00:00+00:00,319.85481737290655,320.8940942947929,308.3829128168011,312.210205078125,42353700,0.0,0.0,6901.0,,623.98828125
2025-12-12 05:00:00+00:00,313.47935032153816,314.6485102459599,305.34506149685063,309.07244873046875,35940200,0.0,0.0,6827.41015625,,612.0587158203125
2025-12-15 05:00:00+00:00,311.1009991314403,311.2009348824072,304.66552711937686,308.003173828125,29151900,0.0,0.0,6816.509765625,,608.9865112304688
2025-12-16 05:00:00+00:00,304.7354841263937,310.5513666605185,302.37712849550337,306.3543395996094,30585000,0.0,0.0,6800.259765625,,610.1934204101562
2025-12-17 05:00:00+00:00,307.7933270972379,307.87325739956634,295.9116769824828,296.5112609863281,43930400,0.0,0.0,6721.43017578125,,598.8822631835938
2025-12-18 05:00:00+00:00,301.50775321966603,303.7461677101471,299.0195145942255,302.2472229003906,33518000,0.0,0.0,6774.759765625,,607.5601806640625
2025-12-19 05:00:00+00:00,301.5177661333593,307.03387224107576,300.7582909786616,306.9439392089844,59943200,0.0,0.0,6834.5,,615.4799194335938
2025-12-22 05:00:00+00:00,309.66200850448513,309.9118326328777,305.0852133945127,309.56207275390625,26429900,0.0,0.0,6878.490234375,,618.4302368164062
2025-12-23 05:00:00+00:00,309.41219480947996,314.7184570357758,309.1024153195162,314.1288757324219,25478700,0.0,0.0,6909.7900390625,,621.3265380859375
2025-12-24 05:00:00+00:00,314.5485634057752,314.8583428959372,311.70059264113144,313.8690490722656,10097400,0.0,0.0,6932.0498046875,,623.144287109375
2025-12-26 05:00:00+00:00,314.25877806497726,314.86833429915043,312.0603135401851,313.2894592285156,10899000,0.0,0.0,6929.93994140625,,623.1043090820312
2025-12-29 05:00:00+00:00,311.15095467052413,313.79908436732376,310.4014822754237,313.33941650390625,19621800,0.0,0.0,6905.740234375,,620.088134765625
2025-12-30 05:00:00+00:00,312.28018544302313,316.72706748217655,312.24020504037514,313.6292419433594,17380900,0.0,0.0,6896.240234375,,618.64990234375
2025-12-31 05:00:00+00:00,312.62992729269524,314.3586907819443,311.22091551782626,312.7798156738281,16377700,0.0,0.0,6845.5,,613.536376953125
2026-01-02 05:00:00+00:00,316.67708324131615,322.2731502440002,310.11169732658084,314.9283142089844,32009400,0.0,0.0,6858.47021484375,,612.347900390625
2026-01-05 05:00:00+00:00,317.4365596004392,318.79558832967825,314.4086921415047,316.3173522949219,30195600,0.0,0.0,6902.0498046875,,617.2117309570312
2026-01-06 05:00:00+00:00,316.17741436833177,320.71422913013345,311.5606693028291,314.1188659667969,31212100,0.0,0.0,6944.81982421875,,622.6348876953125
2026-01-07 05:00:00+00:00,314.13884430323384,325.9205589972494,313.96898096999803,321.7535095214844,35104400,0.0,0.0,6920.93017578125,,623.2341918945312
2026-01-08 05:00:00+00:00,328.7385750407063,330.0876314322289,321.2738288701313,325.2110595703125,31896100,0.0,0.0,6921.4599609375,,619.6885986328125
2026-01-09 05:00:00+00:00,326.8598973489763,330.5972566011106,325.5707962902668,328.3388671875,26214200,0.0,0.0,6966.27978515625,,625.86083984375
2026-01-12 05:00:00+00:00,325.57079145505844,333.80501545240315,324.77136644379436,331.62652587890625,33923900,0.0,0.0,6977.27001953125,,626.3801879882812
2026-01-13 05:00:00+00:00,334.7144015630273,340.25048265726696,333.38532003422745,335.7336730957031,33517600,0.0,0.0,6963.740234375,,625.4513549804688
2026-01-14 05:00:00+00:00,334.8243096530742,336.2832741209541,330.2475447349911,335.603759765625,28525600,0.0,0.0,6926.60009765625,,618.769775390625
2026-01-15 05:00:00+00:00,337.4124676651339,337.4524480652932,330.507324974913,332.5458984375,28442400,0.0,0.0,6944.47021484375,,620.9970092773438
2026-01-16 05:00:00+00:00,334.1747541117482,334.4145755186536,327.46948297740045,329.7678527832031,40341600,0.0,0.0,6940.009765625,,620.4776611328125
2026-01-20 05:00:00+00:00,320.6442885211675,327.49947891315526,320.20459558658575,321.77349853515625,35361000,0.0,0.0,6796.85986328125,,607.2942504882812
2026-01-21 05:00:00+00:00,320.6942733516965,332.24613943011235,319.12537039479025,328.1490173339844,35386600,0.0,0.0,6875.6201171875,,615.50390625
2026-01-22 05:00:00+00:00,334.2147483456718,334.9142376434696,328.5187457270175,330.3074951171875,26253600,0.0,0.0,6913.35009765625,,619.978271484375
2026-01-23 05:00:00+00:00,332.25610013077164,333.45526818914374,327.21966747627397,327.6993103027344,27280000,0.0,0.0,6915.60986328125,,621.935791015625
2026-01-26 05:00:00+00:00,327.5793954045391,335.60374537803585,326.7699676491338,333.02557373046875,26042100,0.0,0.0,6950.22998046875,,624.67236328125
2026-01-27 05:00:00+00:00,335.1340666902067,337.6722883721735,333.2454121385867,334.31463623046875,21636200,0.0,0.0,6978.60009765625,,630.335205078125
2026-01-28 05:00:00+00:00,335.82360375323316,337.30257365930305,331.7065067534381,335.7736511230469,27434400,0.0,0.0,6978.02978515625,,632.4225463867188
2026-01-29 05:00:00+00:00,340.06060015063264,342.0492210013424,326.3103005061971,338.0120544433594,39785600,0.0,0.0,6969.009765625,,628.6373291015625
2026-01-30 05:00:00+00:00,339.76083067041884,339.76083067041884,332.0562627255977,337.7622375488281,31024000,0.0,0.0,6939.02978515625,,621.0868530273438
2026-02-02 05:00:00+00:00,335.983495554882,344.5874244246442,335.3939142353609,343.4482421875,32006100,0.0,0.0,6976.43994140625,,625.3515014648438
2026-02-03 05:00:00+00:00,347.09564553860224,348.7544814019383,337.2325938809106,339.47100830078125,36506700,0.0,0.0,6917.81005859375,,615.7435913085938
2026-02-04 05:00:00+00:00,342.7187296036167,343.0684894885568,328.2888852617291,332.80572509765625,70618400,0.0,0.0,6882.72021484375,,604.9871826171875
2026-02-05 05:00:00+00:00,312.0003564748562,332.45595718246585,306.24439883874277,331.0169677734375,88205800,0.0,0.0,6798.39990234375,,596.2781982421875
2026-02-06 05:00:00+00:00,326.94984200428365,330.147603202773,319.694969697787,322.63287353515625,56380500,0.0,0.0,6932.2998046875,,608.8822631835938
2026-02-09 05:00:00+00:00,320.70422803551696,327.4694850607409,317.03682684844796,324.09185791015625,39640100,0.0,0.0,6964.81982421875,,613.54638671875
2026-02-10 05:00:00+00:00,320.7441987510988,321.4437184993816,314.38865715458337,318.3558654785156,39170000,0.0,0.0,6941.81005859375,,610.699951171875
2026-02-11 05:00:00+00:00,318.7456164455411,320.8341425405983,309.44216816023624,310.7412414550781,45406400,0.0,0.0,6941.47021484375,,612.337890625
2026-02-12 05:00:00+00:00,311.87044586439265,316.0175203045161,306.9839017615506,308.7826232910156,47761300,0.0,0.0,6832.759765625,,599.8836059570312
2026-02-13 05:00:00+00:00,307.5135396808651,308.41290048065196,303.4963480144474,305.50494384765625,38499700,0.0,0.0,6836.169921875,,601.1619873046875
2026-02-17 05:00:00+00:00,299.82893803190484,304.22583664461854,296.04159566157676,301.8075256347656,39247600,0.0,0.0,6843.22021484375,,600.542724609375
2026-02-18 05:00:00+00:00,301.87748970860525,305.1651838815364,301.0380842700908,303.1166076660156,28482100,0.0,0.0,6881.31005859375,,605.027099609375
2026-02-19 05:00:00+00:00,301.6076886754516,305.25511494304027,299.828942056139,302.636962890625,25834400,0.0,0.0,6861.89013671875,,602.7100219726562
2026-02-20 05:00:00+00:00,304.1059184917761,316.2773425544253,303.68620054308417,314.7584228515625,53210800,0.0,0.0,6909.509765625,,608.0433349609375
2026-02-23 05:00:00+00:00,318.82555353627805,319.29522413676915,309.65201848441603,311.2708740234375,31423000,0.0,0.0,6837.75,,600.652587890625
2026-02-24 05:00:00+00:00,310.3015673465962,312.05033638585,305.71479964031533,310.6813049316406,25615600,0.0,0.0,6890.06982421875,,607.1044921875
2026-02-25 05:00:00+00:00,311.84046520002283,313.4193707572093,309.22231323387047,312.67987060546875,29963600,0.0,0.0,6946.1298828125,,615.9033813476562
2026-02-26 05:00:00+00:00,312.42009761480955,312.9197459051382,302.1373272609355,307.1637878417969,36431200,0.0,0.0,6908.85986328125,,608.4727783203125
2026-02-27 05:00:00+00:00,303.92607541564644,312.1502667227519,303.5862877430576,311.54071044921875,44640600,0.0,0.0,6878.8798828125,,606.5252075195312
2026-03-02 05:00:00+00:00,303.0166882830762,308.27296712894787,301.088022863519,306.3043518066406,34790200,0.0,0.0,6881.6201171875,,607.32421875
2026-03-03 05:00:00+00:00,298.37994467731505,303.72618716624237,296.5012623376298,303.3664245605469,35497000,0.0,0.0,6816.6298828125,,600.8224487304688
2026-03-04 05:00:00+00:00,302.6769571429086,305.2551289128473,300.5384478137644,302.9167785644531,29536200,0.0,0.0,6869.5,,609.9808959960938
2026-03-05 05:00:00+00:00,302.82681905445145,303.08661540637286,297.78035344585857,300.6683349609375,35752300,0.0,0.0,6830.7099609375,,608.1431274414062
2026-03-06 05:00:00+00:00,295.88171424137005,300.31859339921897,294.97235071392555,298.30999755859375,25576900,0.0,0.0,6740.02001953125,,598.9946899414062
2026-03-09 04:00:00+00:00,294.3599853515625,306.79998779296875,294.0799865722656,306.3599853515625,29312100,0.21,0.0,6795.990234375,,606.99462890625
2026-03-10 04:00:00+00:00,306.1700134277344,309.510009765625,305.57000732421875,307.0400085449219,23239700,0.0,0.0,6781.47998046875,,607.004638671875
2026-03-11 04:00:00+00:00,306.75,311.4200134277344,305.9200134277344,308.70001220703125,24125700,0.0,0.0,6775.7998046875,,606.9247436523438
2026-03-12 04:00:00+00:00,306.82000732421875,308.94000244140625,301.0299987792969,303.54998779296875,24928300,0.0,0.0,6672.6201171875,,596.5078735351562
2026-03-13 04:00:00+00:00,307.010009765625,307.69000244140625,300.44000244140625,302.2799987792969,23693100,0.0,0.0,6632.18994140625,,592.9722900390625
2026-03-16 04:00:00+00:00,304.3500061035156,306.489990234375,303.0199890136719,305.55999755859375,23519700,0.0,0.0,6699.3798828125,,599.6239013671875
2026-03-17 04:00:00+00:00,305.8599853515625,311.4200134277344,305.5,310.9200134277344,21955200,0.0,0.0,6716.08984375,,602.5502319335938
2026-03-18 04:00:00+00:00,309.2699890136719,312.4700012207031,306.92999267578125,307.69000244140625,20009800,0.0,0.0,6624.7001953125,,594.15087890625
2026-03-19 04:00:00+00:00,304.010009765625,308.05999755859375,302.3500061035156,307.1300048828125,25075800,0.0,0.0,6606.490234375,,592.273193359375
2026-03-20 04:00:00+00:00,305.4599914550781,306.0,298.2699890136719,301.0,44364100,0.0,0.0,6506.47998046875,,581.3269653320312
2026-03-23 04:00:00+00:00,302.1099853515625,305.9800109863281,300.92999267578125,302.05999755859375,29326900,0.0,0.0,6581.0,,588.0
2026-03-24 04:00:00+00:00,299.20001220703125,299.9200134277344,290.3299865722656,290.44000244140625,36864300,0.0,0.0,6556.3701171875,,583.97998046875
2026-03-25 04:00:00+00:00,293.44000244140625,296.0,289.239990234375,290.92999267578125,29460700,0.0,0.0,6591.89990234375,,587.8200073242188
2026-03-26 04:00:00+00:00,287.9100036621094,287.95001220703125,278.5,280.9200134277344,39080600,0.0,0.0,6477.16015625,,573.7899780273438
2026-03-27 04:00:00+00:00,277.2799987792969,279.3699951171875,273.95001220703125,274.3399963378906,35890600,0.0,0.0,6368.85009765625,,562.5800170898438
2026-03-30 04:00:00+00:00,276.4200134277344,277.0899963378906,272.1099853515625,273.5,35141200,0.0,0.0,6343.72021484375,,558.280029296875
2026-03-31 04:00:00+00:00,278.0400085449219,288.0799865722656,277.0899963378906,287.55999755859375,43875400,0.0,0.0,6528.52001953125,,577.1799926757812
2026-04-01 04:00:00+00:00,290.8399963378906,300.5199890136719,290.4100036621094,297.3900146484375,37684500,0.0,0.0,6575.31982421875,,584.3099975585938
2026-04-02 04:00:00+00:00,290.69000244140625,298.0799865722656,289.45001220703125,295.7699890136719,21666500,0.0,0.0,6582.68994140625,,584.97998046875
