Date,Open,High,Low,Close,Volume,Dividends,Stock Splits,snp500,vix_close,qqq_close,close,log_ret,rv_5,snp500_change,vix_change,qqq_change,earnings_week
2021-04-12 04:00:00+00:00,111.7821323633572,111.91949348539605,110.47790920494737,111.31102752685548,25024000,0.0,0.0,4127.990234375,,326.7147521972656,111.31102752685548,-0.011538642371243423,0.1609167181698283,-0.00019607884876882142,0.0,-0.0013048778906501468,0
2021-04-13 04:00:00+00:00,111.62691342728266,112.2457989452042,111.2331645513878,111.79750061035156,25682000,0.0,0.0,4141.58984375,,330.5285339355469,111.79750061035156,0.00436087189050117,0.1496238366946804,0.0032944868090414303,0.0,0.011673123765095772,0
2021-04-14 04:00:00+00:00,112.44216174007808,112.44216174007808,110.88453990540746,111.17662048339844,21002000,0.0,0.0,4124.66015625,,326.5595397949219,111.17662048339844,-0.005569092310912281,0.13488679422239958,-0.004087726727828533,0.0,-0.012008022706441857,0
2021-04-15 04:00:00+00:00,112.1704155210859,113.8589591031954,111.63583238423234,113.32585906982422,29174000,0.0,0.0,4170.419921875,,331.50860595703125,113.32585906982422,0.019147265123501823,0.19161666141070052,0.01109419052516647,0.0,0.015155172515301185,0
2021-04-16 04:00:00+00:00,113.5237224246354,113.77167310788025,112.61523075801728,113.2018814086914,26282000,0.0,0.0,4185.47021484375,,331.8968505859375,113.2018814086914,-0.0010945915343470074,0.18535787849041122,0.0036088195555097347,0.0,0.0011711449474605118,0
2021-04-19 04:00:00+00:00,112.5785359848576,114.26013311386431,112.5785359848576,113.54950714111328,30290000,0.0,0.0,4163.259765625,,328.8593444824219,113.54950714111328,0.0030661422361070775,0.14805962766280123,-0.005306560094486046,0.0,-0.009151958200727561,1
2021-04-20 04:00:00+00:00,113.9328401922627,114.00772178331091,111.93089265988128,113.01641845703124,22288000,0.0,0.0,4134.93994140625,,326.46246337890625,113.01641845703124,-0.004705823847387307,0.16010026644416014,-0.006802319771775922,0.0,-0.007288468896293532,1
2021-04-21 04:00:00+00:00,112.67127568827584,113.06551638343235,111.32093263815868,112.98369598388672,23204000,0.0,0.0,4173.419921875,,329.2572326660156,112.98369598388672,-0.00028957926374627074,0.1479511089451411,0.009306055472153574,0.0,0.008560767624502308,1
2021-04-22 04:00:00+00:00,112.83738588276698,113.50586445062164,111.0977661873776,111.70276641845705,24146000,0.0,0.0,4134.97998046875,,325.2882080078125,111.70276641845705,-0.011402052701949387,0.0873867691799853,-0.009210657476561801,0.0,-0.012054479794006978,1
2021-04-23 04:00:00+00:00,112.42083028712632,114.3607975663134,112.1356885350128,114.0538330078125,29066000,0.0,0.0,4180.169921875,,329.3834533691406,114.0538330078125,0.020829084028680077,0.19185249056344134,0.010928696540176919,0.0,0.012589590586172594,1
2021-04-26 04:00:00+00:00,114.28146844023216,115.27377066190552,113.92441882355446,114.54975128173828,32038000,0.0,0.0,4187.6201171875,,331.5281066894531,114.54975128173828,0.004338681332610378,0.19271787746059535,0.001782270924804541,0.0,0.006511114320939981,1
2021-04-27 04:00:00+00:00,114.93158197534504,114.9722462482468,113.37097889164538,113.6100082397461,44386000,0.0,0.0,4186.72021484375,,330.091796875,113.6100082397461,-0.00823763452500237,0.20160246992734654,-0.00021489588801437698,0.0,-0.004332392293358467,0
2021-04-28 04:00:00+00:00,118.6444052488308,120.57247005777243,116.69650771409113,116.98512268066406,81106000,0.0,0.0,4183.18017578125,,328.97589111328125,116.98512268066406,0.029275167028750264,0.28233901782618887,-0.0008455399168898481,0.0,-0.003380592223990675,0
2021-04-29 04:00:00+00:00,118.4822512376474,119.22263014493892,117.71955010871436,118.65730285644533,41234000,0.0,0.0,4211.47021484375,,330.15972900390625,118.65730285644533,0.014192760420226595,0.2313295309183174,0.006762806734045723,0.0,0.0035985551604367227,0
2021-04-30 04:00:00+00:00,117.4304349006282,118.1162643027293,116.36623251844566,116.71038818359376,44856000,0.0,0.0,4181.169921875,,327.99560546875,116.71038818359376,-0.016543979086092446,0.28759002949280354,-0.007194706699326425,0.0,-0.006554777415420765,0
2021-05-03 04:00:00+00:00,117.2762012400106,118.10138178756102,115.8177582594562,116.1936492919922,28242000,0.0,0.0,4192.66015625,,326.2489929199219,116.1936492919922,-0.004437361800098352,0.29476137545529923,0.002748090747253684,0.0,-0.005325109604233824,0
2021-05-04 04:00:00+00:00,114.7292632611338,115.29657305551342,111.9090738290094,114.3960189819336,44818000,0.0,0.0,4164.66015625,,320.37774658203125,114.3960189819336,-0.015591910439965892,0.31604463145474415,-0.006678337608227225,0.0,-0.01799621290886777,0
2021-05-05 04:00:00+00:00,115.47709216813344,115.79297809431026,114.4679309926796,114.7897720336914,26636000,0.0,0.0,4167.58984375,,319.30059814453125,114.7897720336914,0.0034361069019809213,0.2066682353947202,0.0007034637617677753,0.0,-0.0033621200254749795,0
2021-05-06 04:00:00+00:00,114.371219210084,115.90950775146484,113.71216888819076,115.90950775146484,25190000,0.0,0.0,4201.6201171875,,321.7072448730469,115.90950775146484,0.009707394941633675,0.1832028957920151,0.008165456466051824,0.0,0.00753724466067629,0
2021-05-07 04:00:00+00:00,117.22563540770174,117.59061507127338,116.34639717350244,116.63253021240234,28898000,0.0,0.0,4232.60009765625,,324.3177490234375,116.63253021240234,0.006218443745904918,0.16021031512571976,0.007373341616968343,0.0,0.00811453329694456,0
2021-05-10 04:00:00+00:00,115.45278230823058,115.59461543086714,113.29065197517464,113.64820098876952,30914000,0.0,0.0,4188.43017578125,,316.1272888183594,113.64820098876952,-0.025920504046776333,0.24612667267608018,-0.010435647322188157,0.0,-0.025254430970061525,0
2021-05-11 04:00:00+00:00,111.23415327092532,113.0793988394498,110.78039927471382,112.57258605957033,34186000,0.0,0.0,4152.10009765625,,315.6906433105469,112.57258605957033,-0.009509497769195518,0.2321393694192211,-0.00867391280271812,0.0,-0.001381233203386567,0
2021-05-12 04:00:00+00:00,110.39707540750636,111.47764498191351,108.78192267103177,109.11070251464844,46376000,0.0,0.0,4063.0400390625,,307.5196228027344,109.11070251464844,-0.031235236767633175,0.29227511644675824,-0.021449400664502738,0.0,-0.025882998691775017,0
2021-05-13 04:00:00+00:00,110.39359947423983,111.05414048585152,109.43154957142508,110.53840637207033,33204000,0.0,0.0,4112.5,,309.8971862792969,110.53840637207033,0.01300004331057749,0.306934175732875,0.012173141406923493,0.0,0.007731420372115938,0
2021-05-14 04:00:00+00:00,112.00131096781348,113.29957888960938,111.577809256897,112.98517608642578,31996000,0.0,0.0,4173.85009765625,,316.7386474609375,112.98517608642578,0.021893595483233257,0.370966805040428,0.014917956876899785,0.0,0.022076551464635497,0
2021-05-17 04:00:00+00:00,112.25074645700624,113.55050506879932,111.85105006420112,113.5078582763672,21598000,0.0,0.0,4163.2900390625,,314.8171691894531,113.5078582763672,0.004615445408943794,0.33065100261170294,-0.0025300521932207776,0.0,-0.006066447169890576,0
2021-05-18 04:00:00+00:00,114.17386326279856,114.43818107942104,112.1823199599926,112.19620513916016,22204000,0.0,0.0,4127.830078125,,312.69195556640625,112.19620513916016,-0.011622900212407253,0.33469636917283263,-0.008517292959364653,0.0,-0.006750628082066057,0
2021-05-19 04:00:00+00:00,110.50815409240448,112.81706629241611,110.35988157512776,112.6439971923828,23684000,0.0,0.0,4115.68017578125,,313.051025390625,112.6439971923828,0.003983207990676842,0.19723063667221816,-0.002943411456817757,0.0,0.0011483180741516108,0
2021-05-20 04:00:00+00:00,113.611006621068,114.65239495545592,113.24007185238472,114.40196990966795,32352000,0.0,0.0,4159.1201171875,,319.10650634765625,114.40196990966795,0.01548592006938737,0.2031915980986365,0.010554741756143349,0.0,0.01934343115303716,0
2021-05-21 04:00:00+00:00,114.92067995406296,114.99407844296304,113.52669887961432,113.76622009277344,40632000,0.0,0.0,4155.85986328125,,317.3403625488281,113.76622009277344,-0.0055726563998941825,0.1652849232138926,-0.0007838806801412357,0.0,-0.005534653050614957,0
2021-05-24 04:00:00+00:00,114.79571714938808,117.30795076933327,114.65041840397706,117.08430480957033,31832000,0.0,0.0,4197.0498046875,,322.6777038574219,117.08430480957033,0.028748587363707882,0.2579097518996118,0.009911292190138532,0.0,0.016818980307846898,0
2021-05-25 04:00:00+00:00,117.6278039964334,118.22288412982375,116.78477317689254,117.175048828125,22440000,0.0,0.0,4188.1298828125,,323.1241149902344,117.175048828125,0.000774731268436629,0.21544345137984175,-0.0021252837802967495,0.0,0.001383458254090364,0
2021-05-26 04:00:00+00:00,117.3560548531477,118.47034990255696,117.35308107918044,118.03990936279295,21572000,0.0,0.0,4195.990234375,,324.24981689453125,118.03990936279295,0.007353821703009547,0.21211336828412725,0.0018768165702687245,0.0,0.003483806537716516,0
2021-05-27 04:00:00+00:00,118.47332287279625,118.47332287279625,116.84726630527486,117.16563415527344,35224000,0.0,0.0,4200.8798828125,,323.0367431640625,117.16563415527344,-0.0074341720095528014,0.23188782551813134,0.0011653145418315525,0.0,-0.0037411701326058866,0
2021-05-28 04:00:00+00:00,117.74781887099095,117.82963927117557,116.67816071964592,116.87651824951172,21482000,0.0,0.0,4204.10986328125,,324.0556945800781,116.87651824951172,-0.0024706323186249888,0.2240822911118378,0.0007688818911402162,0.0,0.0031542895276719385,0
2021-06-01 04:00:00+00:00,117.74880281061728,118.30768309931028,116.74906245910417,118.08303833007812,23354000,0.0,0.0,4202.0400390625,,322.9786071777344,118.08303833007812,0.010270113741652577,0.11422365774371974,-0.0004923335226864056,0.0,-0.003323772488366461,0
2021-06-02 04:00:00+00:00,118.478278661861,118.70094093106418,116.65385700275765,117.55789184570312,21158000,0.0,0.0,4208.1201171875,,323.609375,117.55789184570312,-0.00445718282799106,0.1226204996985782,0.0014469348384307246,0.0,0.00195297090348312,0
2021-06-03 04:00:00+00:00,116.3250761646754,116.88494774617168,115.52121891925472,116.41681671142578,18696000,0.0,0.0,4192.85009765625,,320.24188232421875,116.41681671142578,-0.009753910480383482,0.12385938551528052,-0.0036287033416374515,0.0,-0.01040604177731641,0
2021-06-04 04:00:00+00:00,117.4924348194802,118.96823639262551,117.15224415049532,118.69747161865234,24458000,0.0,0.0,4229.89013671875,,325.67633056640625,118.69747161865234,0.019401002459777376,0.1893727244253631,0.008834095710505974,0.0,0.016969823568191433,0
2021-06-07 04:00:00+00:00,118.492667006448,119.23999231025896,118.07412912075807,119.1303939819336,24120000,0.0,0.0,4226.52001953125,,326.64678955078125,119.1303939819336,0.003640640177802928,0.18396057809621227,-0.0007967387044511831,0.0,0.002979826574093458,0
2021-06-08 04:00:00+00:00,119.61190790368995,119.98432577535812,118.757466274763,118.93896484375,24240000,0.0,0.0,4227.259765625,,326.8020935058594,118.93896484375,-0.0016081799050889547,0.17691569697038997,0.00017502486450582388,0.0,0.00047544920092956744,0
2021-06-09 04:00:00+00:00,119.58314141281689,119.65504166013504,118.86259530140607,119.41007232666016,17942000,0.0,0.0,4219.5498046875,,326.87969970703125,119.41007232666016,0.003953094184903852,0.169145320267696,-0.0018238673194856947,0.0,0.00023747155454034719,0
2021-06-10 04:00:00+00:00,119.35950068179912,120.80158431684347,119.20378994220064,120.75843811035156,25904000,0.0,0.0,4239.18017578125,,330.285888671875,120.75843811035156,0.01122861567689561,0.12940742412873787,0.004652243012262192,0.0,0.010420313552345295,0
2021-06-11 04:00:00+00:00,120.99992773077976,121.08522130896714,119.95654936765877,120.51394653320312,21958000,0.0,0.0,4247.43994140625,,331.14959716796875,120.51394653320312,-0.0020266858239591417,0.08531155583768554,0.0019484346695590737,0.0,0.002615032993286137,0
2021-06-14 04:00:00+00:00,120.61610768688745,121.44227956527116,119.90895486343987,121.44178771972656,22098000,0.0,0.0,4255.14990234375,,334.3228454589844,121.44178771972656,0.007669549452967623,0.09166428488160186,0.0018152018730952513,0.0,0.00958252197240661,0
2021-06-15 04:00:00+00:00,121.44625717538425,121.76908949058004,120.06368677320248,120.42420959472656,21562000,0.0,0.0,4246.58984375,,332.1393737792969,120.42420959472656,-0.008414445521469742,0.12414607244444312,-0.0020116937805257917,0.0,-0.006531027446508686,0
2021-06-16 04:00:00+00:00,120.5754393849675,120.88686840654948,118.49067266185558,119.7824935913086,26472000,0.0,0.0,4223.7001953125,,330.92633056640625,119.7824935913086,-0.00534304431603782,0.13433034542882716,-0.005390124612855707,0.0,-0.0036522114168152653,0
2021-06-17 04:00:00+00:00,119.70812106140868,121.51815815207104,119.51223788888802,120.74554443359376,25842000,0.0,0.0,4221.85986328125,,335.1283264160156,120.74554443359376,0.008007848037520601,0.1194296447167886,-0.00043571559205179966,0.0,0.01269767758406326,0
2021-06-18 04:00:00+00:00,120.37212004101572,120.60618554839238,119.03120533837756,119.1264190673828,46116000,0.0,0.0,4166.4501953125,,332.49847412109375,119.1264190673828,-0.013500118424866264,0.15426305228226883,-0.013124468779900589,0.0,-0.007847299340662972,0
2021-06-21 04:00:00+00:00,119.51273077628596,120.99993548875224,118.91566055698492,120.81397247314452,27414000,0.0,0.0,4224.7900390625,,334.56500244140625,120.81397247314452,0.014066670653959504,0.1841422698840894,0.014002289962720793,0.0,0.006215151289866938,0
2021-06-22 04:00:00+00:00,120.75198140176596,121.39665468442756,120.07160770069062,121.32772064208984,22390000,0.0,0.0,4246.43994140625,,337.6837158203125,121.32772064208984,0.004243374474047752,0.17382950017944118,0.005124491902218642,0.0,0.009321696400245605,0
2021-06-23 04:00:00+00:00,121.0926742086513,122.08645953120904,120.83580218507122,121.12590026855467,19148000,0.0,0.0,4241.83984375,,337.84881591796875,121.12590026855467,-0.0016648167133257788,0.16652165767789323,-0.0010832833431588806,0.0,0.0004889193346360177,0
2021-06-24 04:00:00+00:00,121.69419186972272,122.04677701360374,121.29747683144916,121.49583435058594,21362000,0.0,0.0,4266.490234375,,339.9376220703125,121.49583435058594,0.003049474271454387,0.15924572143657997,0.005811249724885448,0.0,0.006182665304503843,0
2021-06-25 04:00:00+00:00,120.99994158468904,121.62775596535607,120.5685097881372,121.5042724609375,34594000,0.0,0.0,4280.7001953125,,339.5199279785156,121.5042724609375,6.944943741534934e-05,0.09715563234573525,0.0033305973193167304,0.0,-0.0012287374644001092,0
2021-06-28 04:00:00+00:00,121.67288132884134,121.77851462630449,120.41032128479314,121.53155517578124,28526000,0.0,0.0,4290.60986328125,,343.6490173339844,121.53155517578124,0.00022451599193115579,0.03816354744295876,0.0023149642620619026,0.0,0.012161552283699972,0
2021-06-29 04:00:00+00:00,121.66493508583213,122.01256393063308,120.69346452054684,121.27019500732422,23108000,0.0,0.0,4291.7998046875,,344.8926086425781,121.27019500732422,-0.002152869731844713,0.0324516301610124,0.00027733619326086867,0.0,0.0036187832522889263,0
2021-06-30 04:00:00+00:00,120.99447687115276,121.2548296268427,120.35972373185534,121.08869934082033,24474000,0.0,0.0,4297.5,,344.3484802246094,121.08869934082033,-0.0014977432614566863,0.031960371700105905,0.0013281596467464851,0.0,-0.0015776749177384142,0
2021-07-01 04:00:00+00:00,120.72718855138434,121.58212203987888,120.5352779876302,121.4407958984375,18110000,0.0,0.0,4319.93994140625,,344.4845275878906,121.4407958984375,0.0029035380181965747,0.03106984798947752,0.0052216268542757405,0.0,0.0003950862893093987,0
2021-07-02 04:00:00+00:00,122.14052074770464,124.3760421604454,122.05076271213034,124.23074340820312,25982000,0.0,0.0,4352.33984375,,348.43878173828125,124.23074340820312,0.022713802868801442,0.16512266046088092,0.007500081663913916,0.0,0.011478756906960763,0
2021-07-06 04:00:00+00:00,124.61852879829608,125.39164190205774,123.56126516970392,125.15559387207033,26404000,0.0,0.0,4343.5400390625,,349.9446716308594,125.15559387207033,0.007417043883108504,0.16141275550716352,-0.0020218560598241897,0.0,0.004321820565051926,0
2021-07-07 04:00:00+00:00,126.11963498147594,126.24062899525266,125.11890325477182,125.43727111816406,24060000,0.0,0.0,4358.1298828125,,350.68304443359375,125.43727111816406,0.0022480876679021175,0.15025862399886725,0.003358975310182588,0.0,0.002109970125543814,0
2021-07-08 04:00:00+00:00,123.00933654007592,124.56596723994672,123.00537150808182,124.01898956298828,23790000,0.0,0.0,4320.81982421875,,348.5650939941406,124.01898956298828,-0.0113711063694882,0.19431934219511607,-0.008561024934316985,0.0,-0.006039500549203769,0
2021-07-09 04:00:00+00:00,124.00013909575392,124.70381872081973,123.53051741103474,124.48959350585938,18632000,0.0,0.0,4369.5498046875,,350.74139404296875,124.48959350585938,0.0037874305958591485,0.19388178601944014,0.011277947808795874,0.0,0.006243597211328167,0
2021-07-12 04:00:00+00:00,125.14368334235166,126.0278778164032,124.58132987577834,125.93464660644533,17668000,0.0,0.0,4384.6298828125,,352.11126708984375,125.93464660644533,0.011540968552116067,0.13742983183902122,0.0034511743312370946,0.0,0.003905649775421738,0
2021-07-13 04:00:00+00:00,125.99714317447354,127.0077874849804,125.63612851420876,126.29766082763672,19240000,0.0,0.0,4369.2099609375,,352.11126708984375,126.29766082763672,0.002878413756931886,0.13130740653334175,-0.0035168126585656267,0.0,0.0,0
2021-07-14 04:00:00+00:00,126.90910159126688,128.2663910341705,126.865955385297,127.1858139038086,23742000,0.0,0.0,4374.2998046875,,352.74273681640625,127.1858139038086,0.0070076103511276236,0.1365357714229908,0.0011649345752446916,0.0,0.0017933811995893834,0
2021-07-15 04:00:00+00:00,127.59443383506836,127.64501069030976,125.49280054236102,125.96390533447266,24218000,0.0,0.0,4360.02978515625,,350.2652893066406,125.96390533447266,-0.009653718460143082,0.1254230861444917,-0.0032622408541723713,0.0,-0.007023383478070189,0
2021-07-16 04:00:00+00:00,126.6165039848852,126.76378522590034,125.11937927369718,125.92918395996094,20424000,0.0,0.0,4327.16015625,,347.4283447265625,125.92918395996094,-0.00027568342449474766,0.1273470955527847,-0.007538854211077806,0.0,-0.00809941683257831,0
2021-07-19 04:00:00+00:00,125.05590815567552,125.170462760917,122.49259090531656,123.55680084228516,27968000,0.0,0.0,4258.490234375,,344.5817565917969,123.55680084228516,-0.019018740705432254,0.16643681046993988,-0.015869512427409305,0.0,-0.008193310010459753,1
2021-07-20 04:00:00+00:00,124.49851053248894,126.00159043894897,123.33116437738676,125.1749267578125,26312000,0.0,0.0,4323.06005859375,,348.58453369140625,125.1749267578125,0.013011196914482742,0.20351497085054918,0.015162609437855634,0.0,0.011616334942395667,1
2021-07-21 04:00:00+00:00,125.09955486427576,126.55006794062126,124.99045595333612,126.50345611572266,20746000,0.0,0.0,4358.68994140625,,351.2757263183594,126.50345611572266,0.010557455769764596,0.21444487688336483,0.008241819990835397,0.0,0.007720344326394013,1
2021-07-22 04:00:00+00:00,126.79602416530378,127.4297860202273,126.4538510284207,127.36878204345705,14302000,0.0,0.0,4367.47998046875,,353.5978088378906,127.36878204345705,0.006817045338496804,0.20459162377533863,0.0020166699583279435,0.0,0.006610426925505175,1
2021-07-23 04:00:00+00:00,129.36133455179797,132.30550704776215,128.73650906326645,131.92465209960938,41506000,0.0,0.0,4411.7900390625,,357.7268371582031,131.92465209960938,0.035144267975113615,0.30652565658722847,0.010145452020822843,0.0,0.011677188650808246,1
2021-07-26 04:00:00+00:00,132.23557346986715,133.13661932706722,131.2169841004671,132.936279296875,30572000,0.0,0.0,4422.2998046875,,358.0085754394531,132.936279296875,0.007638968203332721,0.18613800479666331,0.0023821998626283314,0.0,0.0007875793817655463,1
2021-07-27 04:00:00+00:00,133.1500131960715,133.29729444563313,129.0375036233096,130.8187713623047,54710000,0.0,0.0,4401.4599609375,,354.0640869140625,130.8187713623047,-0.01605696971374078,0.28840273181120235,-0.0047124448070912095,0.0,-0.011017860453618411,0
2021-07-28 04:00:00+00:00,135.1946241311871,137.16335335815197,134.16860398036314,134.97840881347656,95130000,0.0,0.0,4400.64013671875,,355.4241943359375,134.97840881347656,0.031301890262050915,0.3307654832617853,-0.0001862618826539153,0.0,0.003841415924810132,0
2021-07-29 04:00:00+00:00,135.0339491373532,135.54076195696248,134.4319301471159,134.6645050048828,31716000,0.0,0.0,4419.14990234375,,356.0557861328125,134.6645050048828,-0.002328293712253648,0.3474336530991432,0.004206152980007483,0.0,0.0017770084505783768,0
2021-07-30 04:00:00+00:00,133.92810471351868,134.1953963144615,133.15449968254848,133.62213134765625,25576000,0.0,0.0,4395.259765625,,354.2001647949219,133.62213134765625,-0.007770636036975129,0.28936719270657146,-0.0054060480514769305,0.0,-0.005211602816639682,0
2021-08-02 04:00:00+00:00,134.00942969336194,134.22712811804664,132.69727646334016,133.74908447265625,21634000,0.0,0.0,4387.16015625,,354.2292175292969,133.74908447265625,0.0009496395051440096,0.28584131200526763,-0.001842805614891363,0.0,8.202349197605763e-05,0
2021-08-03 04:00:00+00:00,134.02726631580427,134.61937271017896,132.22665752851483,134.51821899414062,20762000,0.0,0.0,4423.14990234375,,356.37640380859375,134.51821899414062,0.005734106385465346,0.24125337612791878,0.0082034265474622,0.0,0.006061573052254854,0
2021-08-04 04:00:00+00:00,134.24001564188015,134.53755950866824,133.38458270000555,134.01785278320312,19676000,0.0,0.0,4402.66015625,,356.8913269042969,134.01785278320312,-0.00372662627188532,0.08066069275188444,-0.004632387901412294,0.0,0.0014448854924180576,0
2021-08-05 04:00:00+00:00,134.56830968720467,135.23233153572974,133.74064701893116,135.13462829589844,17870000,0.0,0.0,4429.10009765625,,359.1550598144531,135.13462829589844,0.008298507352611787,0.1048464409938846,0.006005446813494242,0.0,0.006342919369299427,0
2021-08-06 04:00:00+00:00,134.9268333121691,135.3538006308955,134.10165272092112,134.6258087158203,20488000,0.0,0.0,4436.52001953125,,357.5810852050781,134.6258087158203,-0.003772385521965519,0.08679083975885625,0.001675266241764728,0.0,-0.004382437519293569,0
2021-08-09 04:00:00+00:00,134.82816095664558,136.0594850166339,134.23009186471586,135.7906951904297,17760000,0.0,0.0,4432.35009765625,,358.2418518066406,135.7906951904297,0.008615551664535936,0.09983039781776702,-0.0009399082741974318,0.0,0.0018478790654812283,0
2021-08-10 04:00:00+00:00,136.21614977140976,136.64313217691176,135.24666937590175,135.685546875,19414000,0.0,0.0,4436.75,,356.4055480957031,135.685546875,-0.0007746410506327871,0.09941559810308771,0.0009926793341701323,0.0,-0.005125877118144828,0
2021-08-11 04:00:00+00:00,136.05700947405194,136.55389460315365,135.15446522499255,135.1619110107422,15352000,0.0,0.0,4442.41015625,,355.7934875488281,135.1619110107422,-0.003866652622490586,0.09990339588368854,0.0012757437876824707,0.0,-0.0017173148682596562,0
2021-08-12 04:00:00+00:00,134.86089454269305,136.1745461272548,134.3154150349117,136.0694122314453,16506000,0.0,0.0,4460.830078125,,357.0758972167969,136.0694122314453,0.006691738965080362,0.0936746251784242,0.004146380281677686,0.0,0.0036043652086037437,0
2021-08-13 04:00:00+00:00,136.1249619852807,136.7264968014449,135.9097454556271,136.59854125976562,15948000,0.0,0.0,4468.0,,358.3291931152344,136.59854125976562,0.003881128572254018,0.08221767577482612,0.001607306655808216,0.0,0.003509886576512855,0
2021-08-16 04:00:00+00:00,136.39768127335614,137.22832524277518,134.1899301812805,137.17575073242188,22384000,0.0,0.0,4479.7099609375,,358.48468017578125,137.17575073242188,0.004216687576540991,0.06761898106173173,0.002620850702215849,0.0,0.00043392239185169323,0
2021-08-17 04:00:00+00:00,136.62082272063034,137.1320999211298,134.96649653381414,135.54124450683594,21716000,0.0,0.0,4448.080078125,,355.32708740234375,135.54124450683594,-0.011986974230348106,0.12194347260049236,-0.00706069881494753,0.0,-0.008808166563461506,0
2021-08-18 04:00:00+00:00,135.38107897385382,135.98063113741676,134.21224206544025,134.3386993408203,19258000,0.0,0.0,4400.27001953125,,351.9072570800781,134.3386993408203,-0.008911763561663988,0.13592547751509496,-0.010748470745585936,0.0,-0.009624457136850006,0
2021-08-19 04:00:00+00:00,133.33348946705797,135.23476744461345,133.1495089814083,134.56777954101562,21782000,0.0,0.0,4405.7998046875,,353.6074523925781,134.56777954101562,0.0017037912702168045,0.12147482583497145,0.0012566922329095842,0.0,0.004831373261828142,0
2021-08-20 04:00:00+00:00,134.8851617373076,136.42642391817594,134.14130974243275,136.30294799804688,31194000,0.0,0.0,4441.669921875,,357.2702331542969,136.30294799804688,0.012811957998192423,0.16012770697596176,0.008141567655737925,0.0,0.01035832456848862,0
2021-08-23 04:00:00+00:00,136.83853312618544,139.71971902868404,136.47950099945666,138.8935546875,28454000,0.0,0.0,4479.52978515625,,362.61376953125,138.8935546875,0.0188278789315226,0.21204061827530693,0.00852379036424833,0.0,0.014956567553293443,0
2021-08-24 04:00:00+00:00,139.45886528917006,140.9153334065435,139.1881081082897,140.10354614257812,19268000,0.0,0.0,4486.22998046875,,363.7213134765625,140.10354614257812,0.00867391838695401,0.16967836883867823,0.0014957363013194946,0.0,0.0030543350484020237,0
2021-08-25 04:00:00+00:00,140.4640639174662,141.02393547801682,140.21711205572635,140.91433715820312,15848000,0.0,0.0,4496.18994140625,,364.1390380859375,140.91433715820312,0.005770403334337072,0.10449930042711696,0.002220118224179668,0.0,0.001148474378315223,0
2021-08-26 04:00:00+00:00,140.58803917062994,141.2500632657939,140.198255364594,140.2810821533203,20610000,0.0,0.0,4470.0,,361.8268432617187,140.2810821533203,-0.004504028386841018,0.13786042059061585,-0.005824918819612557,0.0,-0.006349758148350815,0
2021-08-27 04:00:00+00:00,140.49133697664018,143.3278934785733,140.3371093469741,142.8235626220703,28780000,0.0,0.0,4509.3701171875,,365.3437805175781,142.8235626220703,0.017961901169677,0.15251091145052434,0.008807632480425154,0.0,0.009719945662836071,0
2021-08-30 04:00:00+00:00,143.2162985800799,144.77393543856925,142.98124183306933,143.40524291992188,24434000,0.0,0.0,4528.7900390625,,369.4438781738281,143.40524291992188,0.004064448352898553,0.12886665734941127,0.004306570844779589,0.0,0.011222574120302475,0
2021-08-31 04:00:00+00:00,143.9571917138558,143.98148131585134,143.0982932268432,143.51136779785156,22448000,0.0,0.0,4522.68017578125,,369.1426696777344,143.51136779785156,0.000739761162686952,0.13228538820098304,-0.0013491160395050494,0.0,-0.0008153024420992638,0
2021-09-01 04:00:00+00:00,143.81141309150524,145.05513168478024,143.6958672121198,144.025146484375,21936000,0.0,0.0,4524.08984375,,369.7546997070313,144.025146484375,0.0035736625283752364,0.13219621304489435,0.0003116886257619189,0.0,0.001657976927541993,0
2021-09-02 04:00:00+00:00,144.02564581736442,144.32665531830855,142.0112884210009,142.11245727539062,32342000,0.0,0.0,4536.9501953125,,369.579833984375,142.11245727539062,-0.013369215878126547,0.17704823859150393,0.002842638410522902,0.0,-0.0004729235971708823,0
2021-09-03 04:00:00+00:00,141.90762370846002,142.97330911300233,141.23319004017313,142.56121826171875,19850000,0.0,0.0,4535.43017578125,,370.716552734375,142.56121826171875,0.003152812477047693,0.11714864393889242,-0.0003350311257153127,0.0,0.003075705559324682,0
2021-09-07 04:00:00+00:00,142.65546562838,143.37997686078998,142.44173224208836,143.09780883789062,20124000,0.0,0.0,4520.02978515625,,371.24127197265625,143.09780883789062,0.0037568650481060854,0.11643368344934499,-0.003395574405981705,0.0,0.0014154189620370072,0
2021-09-08 04:00:00+00:00,142.91879692732817,143.2163256757529,141.8278077374024,142.5131378173828,18344000,0.0,0.0,4514.06982421875,,369.9490661621094,142.5131378173828,-0.004094183672293288,0.11841663397021447,-0.001318566739775151,0.0,-0.003480770884337625,0
2021-09-09 04:00:00+00:00,142.66140907531098,143.12755759724692,142.0038493948319,142.36436462402344,15314000,0.0,0.0,4493.27978515625,,368.6763610839844,142.36436462402344,-0.001044471434980774,0.11047900128787783,-0.004605608657393345,0.0,-0.0034402170313015956,0
2021-09-10 04:00:00+00:00,143.030343356749,143.53220739667623,139.58433740573318,139.72120666503906,36840000,0.0,0.0,4458.580078125,,365.8782043457031,139.72120666503906,-0.018740663023762243,0.145389657901366,-0.007722578759925436,0.0,-0.007589737324232293,0
2021-09-13 04:00:00+00:00,140.78588503191912,141.77818710345173,140.09212560958235,141.16575622558594,22094000,0.0,0.0,4468.72998046875,,365.6256408691406,141.16575622558594,0.010285719787722388,0.17200663165888638,0.0022764876184568905,0.0,-0.0006902938561594851,0
2021-09-14 04:00:00+00:00,141.82332937621524,142.18782475783476,140.5880403778888,141.3760223388672,19674000,0.0,0.0,4443.0498046875,,364.5861511230469,141.3760223388672,0.0014883898102895472,0.16795683798256864,-0.00574663850657553,0.0,-0.002843043894905084,0
2021-09-15 04:00:00+00:00,141.60116132377672,143.2663989340108,140.18883824930154,143.24557495117188,27408000,0.0,0.0,4480.7001953125,,367.2966613769531,143.24557495117188,0.013137298916554616,0.19885119646238208,0.008473996979569742,0.0,0.007434484951106768,0
2021-09-16 04:00:00+00:00,142.77052431927007,143.1171619764454,141.23422561732042,142.4328155517578,26190000,0.0,0.0,4473.75,,367.5492858886719,142.4328155517578,-0.005690046004873669,0.20455072122473394,-0.0015511404489350067,0.0,0.0006877941954921418,0
2021-09-17 04:00:00+00:00,141.8580280226532,142.27408389785296,139.31851630513904,139.64581298828125,53384000,0.0,0.0,4432.990234375,,363.19671630859375,139.64581298828125,-0.01976110895994812,0.21051233665957592,-0.009110872450405094,0.0,-0.011842138584365225,0
2021-09-20 04:00:00+00:00,137.028942390243,137.86056989011584,135.2045285382964,137.58236694335938,46518000,0.0,0.0,4357.72998046875,,355.69183349609375,137.58236694335938,-0.01488653968596415,0.2080513982087875,-0.01697731100841482,0.0,-0.0206634104206036,0
2021-09-21 04:00:00+00:00,138.60394429145057,138.86380522550456,137.1445098358899,137.89332580566406,25332000,0.0,0.0,4354.18994140625,,356.1295471191406,137.89332580566406,0.002257614755601818,0.20966134152526522,-0.0008123585165593639,0.0,0.0012305978991549171,0
2021-09-22 04:00:00+00:00,138.16208194134197,139.73209820488628,137.41574800022835,139.133544921875,25056000,0.0,0.0,4395.64013671875,,359.45599365234375,139.133544921875,0.008953841905463892,0.18784441325547727,0.009519611195260236,0.0,0.009340551942718545,0
2021-09-23 04:00:00+00:00,139.83179860304818,140.534986416547,139.25060362210317,140.0584259033203,20952000,0.0,0.0,4448.97998046875,,362.772705078125,140.0584259033203,0.006625436698308711,0.20770061851278201,0.012134715784494876,0.0,0.009227030524880053,0
2021-09-24 04:00:00+00:00,139.38645403348636,141.16377175943416,139.091392141108,141.04920959472656,22984000,0.0,0.0,4455.47998046875,,363.113037109375,141.04920959472656,0.007049170275177791,0.15482046468582955,0.001461009046688222,0.0,0.0009381412286151303,0
2021-09-27 04:00:00+00:00,139.65030981604136,140.7750169200493,138.9193515942972,139.91561889648438,21882000,0.0,0.0,4443.10986328125,,360.21466064453125,139.91561889648438,-0.008069314976969142,0.10865882035487513,-0.0027763826213396126,0.0,-0.007982022589760995,0
2021-09-28 04:00:00+00:00,137.51840770698303,137.95628643744843,134.25041949465725,134.71656799316406,45772000,0.0,0.0,4352.6298828125,,350.021484375,134.71656799316406,-0.03786644367191596,0.3139074814713443,-0.020364110556098214,0.0,-0.028297505302234627,0
2021-09-29 04:00:00+00:00,135.85714754159193,136.02675103167505,132.76769140885952,133.25218200683594,30848000,0.0,0.0,4359.4599609375,,349.44757080078125,133.25218200683594,-0.010929636861692692,0.29043590369324956,0.0015691842194003325,0.0,-0.0016396524208893704,0
2021-09-30 04:00:00+00:00,133.1609107915046,134.43140060858275,132.46118872527043,132.5802001953125,37996000,0.0,0.0,4307.5400390625,,348.1636962890625,132.5802001953125,-0.005055691389275128,0.2622303093804998,-0.011909714125195148,0.0,-0.0036740118375316877,0
2021-10-01 04:00:00+00:00,133.3453939422307,135.7882166913334,132.97396732571667,135.42372131347656,35360000,0.0,0.0,4357.0400390625,,350.32293701171875,135.42372131347656,0.021220792663832682,0.33327182693352136,0.01149147763018199,0.0,0.006201797446634183,0
2021-10-04 04:00:00+00:00,134.84600656635544,134.84600656635544,129.9757666568725,132.56387329101562,51202000,0.0,0.0,4300.4599609375,,342.9698181152344,132.56387329101562,-0.021343947627116104,0.34616912646296333,-0.012985898136748442,0.0,-0.020989544559106066,0
2021-10-05 04:00:00+00:00,132.94224164734214,136.09964809191845,132.94224164734214,134.90798950195312,32404000,0.0,0.0,4345.72021484375,,347.599609375,134.90798950195312,0.017528394981403416,0.29246863889983477,0.010524514660609219,0.0,0.013499121541389103,0
2021-10-06 04:00:00+00:00,133.64542025587158,136.62082849904496,133.44706273306846,136.43734741210938,24364000,0.0,0.0,4363.5498046875,,349.826904296875,136.43734741210938,0.011272529110909075,0.28109089614800226,0.004102792854185466,0.0,0.006407645065769074,0
2021-10-07 04:00:00+00:00,137.75347740127893,138.89405973958108,137.51445558203253,138.08375549316406,25110000,0.0,0.0,4399.759765625,,353.03662109375,138.08375549316406,0.011994908979454313,0.26954254983111053,0.008298280656405366,0.0,0.009175157077544682,0
2021-10-08 04:00:00+00:00,138.43286154368056,139.180678709359,138.0763113266695,138.63966369628906,26526000,0.0,0.0,4391.33984375,,351.27618408203125,138.63966369628906,0.0040177947538632235,0.2433171610431943,-0.0019137230947889883,0.0,-0.004986556369887873,0
2021-10-11 04:00:00+00:00,138.15019117218512,139.55854921153343,137.72072679461957,137.77528381347656,17954000,0.0,0.0,4361.18994140625,,348.5820007324219,137.77528381347656,-0.006254239925542592,0.14551073406896756,-0.006865763848056816,0.0,-0.007669701140286311,0
2021-10-12 04:00:00+00:00,138.336634738434,138.36342140161824,134.64712752694695,135.3304901123047,36332000,0.0,0.0,4350.64990234375,,347.3662109375,135.3304901123047,-0.017904118054681315,0.20155123156145174,-0.0024167805585421087,0.0,-0.0034878157574611546,0
2021-10-13 04:00:00+00:00,136.27619065855683,136.86879650740957,135.39993366753524,136.4542236328125,19654000,0.0,0.0,4363.7998046875,,350.14788818359375,136.4542236328125,0.00826933868801986,0.19248002465754305,0.00302251448379387,0.0,0.00800790968870091,0
2021-10-14 04:00:00+00:00,138.33070229242213,140.17892171906655,137.68702021920703,139.99395751953125,31894000,0.0,0.0,4438.259765625,,356.5964660644531,139.99395751953125,0.025610060724511923,0.25870111340317054,0.01706310194558336,0.0,0.018416726470382727,0
2021-10-15 04:00:00+00:00,140.45363726334713,140.5562892000621,139.60118579773,140.2091522216797,30274000,0.0,0.0,4471.3701171875,,358.8431701660156,140.2091522216797,0.0015359911219807315,0.2585334610012499,0.007460210377712606,0.0,0.006300410450944982,0
2021-10-18 04:00:00+00:00,139.92006032333015,141.62546275603327,139.9131139513097,141.60760498046875,20396000,0.0,0.0,4486.4599609375,,362.4516296386719,141.60760498046875,0.009924635081546049,0.2503856367115683,0.00337476955709759,0.0,0.010055812044539758,1
2021-10-19 04:00:00+00:00,142.21211472454235,142.4848695628123,141.43107913400408,142.06285095214844,20164000,0.0,0.0,4519.6298828125,,365.1945495605469,142.06285095214844,0.003209684709776726,0.15143357464265983,0.007393339551406308,0.0,0.007567685444287875,1
2021-10-20 04:00:00+00:00,142.1630420742844,142.36934482672316,140.2176186204073,140.60690307617188,23288000,0.0,0.0,4536.18994140625,,364.7178955078125,140.60690307617188,-0.010301496574983521,0.20900903861751519,0.0036640298040166996,0.0,-0.0013052058233288255,1
2021-10-21 04:00:00+00:00,140.6068856243596,140.99072189641535,139.3482906803263,140.72293090820312,26292000,0.0,0.0,4549.77978515625,,366.94525146484375,140.72293090820312,0.0008248527144567927,0.11572235987311033,0.002995871849622578,0.0,0.006107065171370385,1
2021-10-22 04:00:00+00:00,138.00935869132704,139.43061082473707,134.94072652552163,136.4388427734375,50588000,0.0,0.0,4544.89990234375,,363.8619689941406,136.4388427734375,-0.030916452219825037,0.25384580409729796,-0.0010725536274130976,0.0,-0.008402568117163778,1
2021-10-25 04:00:00+00:00,136.42249557119888,136.8688038613959,134.31391552734996,136.32034301757812,34412000,0.0,0.0,4566.47998046875,,367.5871276855469,136.32034301757812,-0.000868896590750117,0.22225581795180277,0.004748196569493546,0.0,0.010237834697877535,1
2021-10-26 04:00:00+00:00,138.1219203768164,138.9346913152146,137.17078194335667,138.1665496826172,49236000,0.0,0.0,4574.7900390625,,368.7445983886719,138.1665496826172,0.013452259873663086,0.2620099739243904,0.0018197952535197182,0.0,0.003148833612354185,0
2021-10-27 04:00:00+00:00,138.26226450047915,147.4314763034353,138.26226450047915,145.0189208984375,85782000,0.0,0.0,4551.68017578125,,369.6005554199219,145.0189208984375,0.04840438364342459,0.45528960651742983,-0.005051568068462853,0.0,0.0023212734098081445,0
2021-10-28 04:00:00+00:00,145.92838121033233,145.9516871178596,143.44142900528485,144.65341186523438,36206000,0.0,0.0,4596.419921875,,373.7050476074219,144.65341186523438,-0.00252360467910095,0.4583805850253518,0.009829281576461124,0.0,0.011105211091570588,0
2021-10-29 04:00:00+00:00,143.88878516538037,147.0268510185373,143.46380028291566,146.83245849609375,43320000,0.0,0.0,4605.3798828125,,375.5432434082031,146.83245849609375,0.014951580478230338,0.3250058155283067,0.001949334719149265,0.0,0.004918841242712579,0
2021-11-01 04:00:00+00:00,146.8324309481015,146.8324309481015,142.05143515277334,142.32070922851562,46924000,0.0,0.0,4613.669921875,,376.8272705078125,142.32070922851562,-0.031209171979382666,0.4598664079489902,0.0018000771431341267,0.0,0.0034191191617676253,0
2021-11-02 04:00:00+00:00,143.39432146275416,145.4071801058205,143.15231836090632,144.24032592773438,33482000,0.0,0.0,4630.64990234375,,378.40277099609375,144.24032592773438,0.013397811831398862,0.45983048767280454,0.0036803630854131963,0.0,0.004180961972731101,0
2021-11-03 04:00:00+00:00,144.7045091916116,145.46671841466951,143.40574947129778,145.39630126953125,27494000,0.0,0.0,4660.56982421875,,382.41986083984375,145.39630126953125,0.0079822879510021,0.3018033883228365,0.006461279195357994,0.0,0.010615910219620162,0
2021-11-04 04:00:00+00:00,145.9184578093512,148.5060795043872,145.10865316738833,147.05209350585938,38412000,0.0,0.0,4680.06005859375,,387.3219909667969,147.05209350585938,0.011323775128188357,0.30893279923971734,0.004181942361150437,0.0,0.012818712177206093,0
2021-11-05 04:00:00+00:00,147.9467383281665,149.0952508155655,146.98222150325446,147.63185119628906,38354000,0.0,0.0,4697.52978515625,,387.6915283203125,147.63185119628906,0.003934781306283035,0.29217776989271,0.003732799652949259,0.0,0.0009540830681811219,0
2021-11-08 05:00:00+00:00,148.59682386943936,149.38035641071258,147.21375439543775,147.80934143066406,23052000,0.0,0.0,4701.7001953125,,387.166259765625,147.80934143066406,0.001201526802338505,0.08016093886926934,0.0008877879113036169,0.0,-0.0013548620909082931,0
2021-11-09 05:00:00+00:00,148.00972059814333,148.60629148213926,146.03800993877508,147.6977996826172,19530000,0.0,0.0,4685.25,,384.5012512207031,147.6977996826172,-0.0007549174813438701,0.07826220220977298,-0.003498775895770745,0.0,-0.006883369812584306,0
2021-11-10 05:00:00+00:00,146.29090824279103,146.85624308458767,143.35269859682205,144.69757080078125,29970000,0.0,0.0,4646.7099609375,,378.8502807617187,144.69757080078125,-0.02052244655497019,0.18820725877786496,-0.008225823395229703,0.0,-0.014696884447173875,0
2021-11-11 05:00:00+00:00,145.28869002419106,146.32612090055292,144.40696987833476,144.5716094970703,16518000,0.0,0.0,4649.27001953125,,379.9006958007813,144.5716094970703,-0.0008708934117528492,0.15503959318876348,0.0005509400447352153,0.0,0.00277263893522961,0
2021-11-12 05:00:00+00:00,145.4136656401591,147.62986135268545,144.219040793597,147.45925903320312,22360000,0.0,0.0,4682.85009765625,,383.8982543945313,147.45925903320312,0.019776975429233234,0.22656625825644036,0.007222656026415475,0.0,0.010522640884675472,0
2021-11-15 05:00:00+00:00,147.67994786333566,148.32363001536405,146.36531261112202,147.23512268066406,23508000,0.0,0.0,4682.7998046875,,383.8106689453125,147.23512268066406,-0.001521144681851657,0.22630384750973626,-1.0739820344718431e-05,0.0,-0.00022814755789124508,0
2021-11-16 05:00:00+00:00,146.9351207972759,147.54308742658827,146.10497613582916,146.6638641357422,18904000,0.0,0.0,4700.89990234375,,386.54388427734375,146.6638641357422,-0.0038874531044052526,0.22737346648005882,0.003865229864862485,0.0,0.007121259394747836,0
2021-11-17 05:00:00+00:00,146.81409417641223,147.34173099742802,146.0330585046554,146.83343505859375,19594000,0.0,0.0,4688.669921875,,386.748046875,146.83343505859375,0.001155519605700022,0.15220220074121504,-0.002601625374463401,0.0,0.0005281744349363571,0
2021-11-18 05:00:00+00:00,147.02635065516242,149.34618212111218,146.6722823464295,148.61026000976562,35608000,0.0,0.0,4704.5400390625,,390.7552795410156,148.61026000976562,0.0120283248785119,0.15928899290122026,0.0033847802152713324,0.0,0.010361352044037098,0
2021-11-19 05:00:00+00:00,148.74610077592874,149.72898972518277,147.67843279309778,147.70570373535156,33682000,0.0,0.0,4697.9599609375,,392.9339599609375,147.70570373535156,-0.00610536855859654,0.11229456324645197,-0.001398665559303236,0.0,0.005575562337842177,0
2021-11-22 05:00:00+00:00,148.10836700924503,148.60128697238446,144.94947812815403,145.1027069091797,30594000,0.0,0.0,4682.93994140625,,388.3723449707031,145.1027069091797,-0.01777999063239743,0.17243473860514125,-0.0031971365563219223,0.0,-0.011609113629903245,0
2021-11-23 05:00:00+00:00,144.9549360689054,145.45778377770264,142.93364778882065,144.58697509765625,27218000,0.0,0.0,4690.7001953125,,386.6021423339844,144.58697509765625,-0.00356058491839354,0.17233452395760362,0.001657132912945114,0.0,-0.00455800383225613,0
2021-11-24 05:00:00+00:00,144.2810105888424,145.0506504792178,143.18953724894834,144.92221069335938,18040000,0.0,0.0,4701.4599609375,,387.84710693359375,144.92221069335938,0.002315890216880324,0.17422123099679895,0.0022938506357221833,0.0,0.003220273411040475,0
2021-11-26 05:00:00+00:00,143.16524773270095,143.37253416299765,140.67979308519273,141.0175018310547,30470000,0.0,0.0,4594.6201171875,,380.4940490722656,141.0175018310547,-0.027313111351447008,0.18906559530337638,-0.022724822637582465,0.0,-0.018958650792739062,0
2021-11-29 05:00:00+00:00,142.81959849591408,145.0982659592094,142.7139652055701,144.33755493164062,32596000,0.0,0.0,4655.27001953125,,388.7517395019531,144.33755493164062,0.02327067871915209,0.30897042571880556,0.013200199537034996,0.0,0.021702548173412106,0
2021-11-30 05:00:00+00:00,143.81981989380787,144.80319311094968,140.44075042064517,140.7343292236328,42068000,0.0,0.0,4567.0,,383.0422973632813,140.7343292236328,-0.025280764699478417,0.3327792048992019,-0.01896131033450521,0.0,-0.014686602164112328,0
2021-12-01 05:00:00+00:00,142.81961122468087,144.75412317905503,139.7569265486594,139.89527893066406,34020000,0.0,0.0,4513.0400390625,,376.5257568359375,139.89527893066406,-0.005979788082279338,0.332052352766675,-0.011815187417889228,0.0,-0.017012587310073046,0
2021-12-02 05:00:00+00:00,140.09214564508795,142.68521600548834,139.06512670151332,141.79408264160156,29194000,0.0,0.0,4577.10009765625,,379.2392883300781,141.79408264160156,0.013481747840295785,0.3592806310637757,0.01419443613158311,0.0,0.007206761940918183,0
2021-12-03 05:00:00+00:00,142.50320033510965,143.21630064924543,139.15090244069415,140.83746337890625,41230000,0.0,0.0,4538.43017578125,,372.6448669433594,140.83746337890625,-0.006769399447678728,0.3015796473432606,-0.008448563730297565,0.0,-0.01738855015722729,0
2021-12-06 05:00:00+00:00,141.86795825434288,142.67329857712156,139.00114949695094,141.9815216064453,30618000,0.0,0.0,4591.669921875,,375.6308288574219,141.9815216064453,0.008090436135094754,0.23992846312855384,0.011730872577451423,0.0,0.008012888889507686,0
2021-12-07 05:00:00+00:00,144.40301145252772,146.32166315012472,144.0370329543183,146.0623016357422,32240000,0.0,0.0,4686.75,,386.9425964355469,146.0623016357422,0.028336334618620018,0.23216705174544544,0.020707080374404274,0.0,0.030114055367959747,0
2021-12-08 05:00:00+00:00,146.38658085355377,147.17656029717736,145.20584912574702,146.97174072265625,24270000,0.0,0.0,4701.2099609375,,388.67388916015625,146.97174072265625,0.006207074096108865,0.20197211306401025,0.0030852853123166657,0.0,0.004474288280891692,0
2021-12-09 05:00:00+00:00,146.3811419446522,147.87777474199387,145.9090459619528,146.42825317382812,23270000,0.0,0.0,4667.4501953125,,382.9547729492187,146.42825317382812,-0.0037047592485263113,0.21876196628436242,-0.007181080169894716,0.0,-0.01471443379768933,0
2021-12-10 05:00:00+00:00,147.4810447383532,147.7562663299005,145.5014045541288,146.78826904296875,24458000,0.0,0.0,4712.02001953125,,387.1176452636719,146.78826904296875,0.002455632768104119,0.1918365764775009,0.009549073338481762,0.0,0.010870401959985898,0
2021-12-13 05:00:00+00:00,146.57007966602828,146.7570414903442,144.3246460607811,144.63111877441406,27070000,0.0,0.0,4668.97021484375,,381.5250244140625,144.63111877441406,-0.014804709355904543,0.25250419060646195,-0.009136167611567658,0.0,-0.014446824933025626,0
2021-12-14 05:00:00+00:00,142.78784526013442,143.29564167577516,140.05740665054037,142.7273406982422,38446000,0.0,0.0,4634.08984375,,377.5761413574219,142.7273406982422,-0.013250390706413357,0.14771392173144254,-0.0074706775774360246,0.0,-0.0103502596263646,0
2021-12-15 05:00:00+00:00,142.2334415962049,145.51828889506476,140.51662819810505,145.24058532714844,36370000,0.0,0.0,4709.85009765625,,386.1839599609375,145.24058532714844,0.017455474832918726,0.20866415089653437,0.016348464630746795,0.0,0.02279757023992479,0
2021-12-16 05:00:00+00:00,145.96410864255435,146.46645697869997,142.42981251292937,143.26095581054688,33650000,0.0,0.0,4668.669921875,,376.25335693359375,143.26095581054688,-0.013723743583277272,0.22424358818421603,-0.008743415379980468,0.0,-0.025714695732956483,0
2021-12-17 05:00:00+00:00,141.33190408361676,142.65546811563613,140.1417437075494,140.56326293945312,50416000,0.0,0.0,4620.64013671875,,374.3760986328125,140.56326293945312,-0.01901017555886962,0.23460118957189902,-0.010287680637092622,0.0,-0.004989346317280985,0
2021-12-20 05:00:00+00:00,138.85237592178575,140.61233535579893,138.17894105107746,140.44619750976562,27192000,0.0,0.0,4568.02001953125,,370.74456787109375,140.44619750976562,-0.0008331779027827367,0.2325307905783948,-0.01138805785140995,0.0,-0.009700220647046565,0
2021-12-21 05:00:00+00:00,140.88905801007334,142.68968194664052,139.35077693447047,142.2964324951172,28756000,0.0,0.0,4649.22998046875,,379.0419921875,142.2964324951172,0.013087954911577477,0.25406426410995614,0.017777934551572505,0.0,0.022380433957676305,0
2021-12-22 05:00:00+00:00,141.89474965551238,145.2991078691126,141.89474965551238,145.2147979736328,26322000,0.0,0.0,4696.56005859375,,383.658203125,145.2147979736328,0.020301577143574126,0.2672703810843492,0.010180197220578835,0.0,0.012178626729084208,0
2021-12-23 05:00:00+00:00,145.29909901208103,147.028306818594,145.25148836497797,145.71218872070312,26384000,0.0,0.0,4725.7900390625,,386.550537109375,145.71218872070312,0.0034193543702876355,0.23807206452164503,0.006223699921661829,0.0,0.007538830033650079,0
2021-12-27 05:00:00+00:00,146.0488961608223,147.12797496363228,145.96310316847794,146.69406127929688,15976000,0.0,0.0,4791.18994140625,,392.9391784667969,146.69406127929688,0.006715836265444716,0.1319647240933283,0.01383893524747526,0.0,0.01652731206945446,0
2021-12-28 05:00:00+00:00,147.02088732134416,147.08337441512606,144.85728115771545,145.48458862304688,18200000,0.0,0.0,4786.35009765625,,391.1180419921875,145.48458862304688,-0.008279041367366237,0.17029691470852482,-0.0010101548486260992,0.0,-0.0046346523187512645,0
2021-12-29 05:00:00+00:00,145.44243834865856,146.20861273327162,144.45361680844815,145.45285034179688,17788000,0.0,0.0,4793.06005859375,,391.05963134765625,145.45285034179688,-0.0002181794236508894,0.16673332342745373,0.0014018951394270118,0.0,-0.00014934275144595777,0
2021-12-30 05:00:00+00:00,145.4915143565753,146.09254961389885,144.79775486353165,145.00205993652344,15688000,0.0,0.0,4778.72998046875,,389.89105224609375,145.00205993652344,-0.003104032683002434,0.09208231300252577,-0.0029897555945093135,0.0,-0.0029882376187370108,0
2021-12-31 05:00:00+00:00,144.85280491667777,145.4959875927401,143.6646270751953,143.6646270751953,18136000,0.0,0.0,4766.18017578125,,387.456298828125,143.6646270751953,-0.009266344135957836,0.10322650272029123,-0.0026261799136575448,0.0,-0.006244701959541188,0
2022-01-03 05:00:00+00:00,143.8659193516871,144.6553994298771,142.5349249798288,143.80294799804688,28646000,0.0,0.0,4796.56005859375,,391.1862487792969,143.80294799804688,0.0009623411161501497,0.07350965678280964,0.006374052530970564,0.0,0.009626762972890779,0
2022-01-04 05:00:00+00:00,144.2041576289817,145.2842353697018,142.53843558316575,143.21583557128906,28400000,0.0,0.0,4793.5400390625,,386.1122741699219,143.21583557128906,-0.004091113747621081,0.06340081574245589,-0.000629621957060511,0.0,-0.012970738683193539,0
2022-01-05 05:00:00+00:00,143.23617997015938,143.3150266095695,136.55936784960983,136.64564514160156,54618000,0.0,0.0,4700.580078125,,374.25048828125,136.64564514160156,-0.04696178884873495,0.31130829859690756,-0.019392757790687165,0.0,-0.030721079546545793,0
2022-01-06 05:00:00+00:00,135.87550910453731,138.7928950463076,135.43911342349688,136.6183624267578,37348000,0.0,0.0,4696.0498046875,,373.9876403808594,136.6183624267578,-0.0001996802665464219,0.3174485381335917,-0.0009637690162076495,0.0,-0.0007023314828465965,0
2022-01-07 05:00:00+00:00,137.01307300645394,137.31359818480337,134.65357655381715,135.89382934570312,29760000,0.0,0.0,4677.02978515625,,369.9362182617187,135.89382934570312,-0.005317448614230107,0.3207421638359133,-0.004050216740091761,0.0,-0.01083303746352371,0
2022-01-10 05:00:00+00:00,133.97072480010584,137.68155536055949,132.07291243739996,137.53277587890625,44408000,0.0,0.0,4670.2900390625,,370.17974853515625,137.53277587890625,0.011988344447908214,0.3546697769075198,-0.0014410312534549607,0.0,0.0006583034085763106,0
2022-01-11 05:00:00+00:00,136.8757148384734,139.06660657340043,135.57199131832226,138.5905303955078,28730000,0.0,0.0,4713.06982421875,,375.7405090332031,138.5905303955078,0.007661502427514064,0.3740286537122742,0.009159984668711818,0.0,0.015021784741200639,0
2022-01-12 05:00:00+00:00,139.9929457226333,141.4390018146242,139.54118939726052,140.27114868164062,26108000,0.0,0.0,4726.35009765625,,377.2305908203125,140.27114868164062,0.012053564616766033,0.12267572114844723,0.002817754443029452,0.0,0.0039657203609571035,0
2022-01-13 05:00:00+00:00,140.37975480829834,141.67902912526233,137.27442366179454,137.4509735107422,31436000,0.0,0.0,4659.02978515625,,367.7937622070313,137.4509735107422,-0.02031002853388577,0.22183120521612124,-0.0142436152864307,0.0,-0.025016074631593832,0
2022-01-14 05:00:00+00:00,135.9553241572003,139.5883072001904,135.87549384235362,138.33714294433594,29662000,0.0,0.0,4662.85009765625,,370.0823364257813,138.33714294433594,0.006426473300224598,0.21562391494911468,0.0008199802697488323,0.0,0.006222438915268302,0
2022-01-18 05:00:00+00:00,135.05876027547475,136.00741694604665,134.32830144930435,134.88320922851562,34872000,0.0,0.0,4577.10986328125,,360.8695373535156,134.88320922851562,-0.02528448335694049,0.2773959915964344,-0.018387945694007368,0.0,-0.024893917286736733,0
2022-01-19 05:00:00+00:00,135.40435982173292,136.82859294560305,133.90872587033735,134.00889587402344,28648000,0.0,0.0,4532.759765625,,356.9057922363281,134.00889587402344,-0.006503102316130393,0.25776559221147455,-0.009689541868338813,0.0,-0.0109838728595828,0
2022-01-20 05:00:00+00:00,135.1331212999803,136.49784887181025,131.8745463034307,132.21473693847656,29908000,0.0,0.0,4482.72998046875,,352.2701721191406,132.21473693847656,-0.013478789089764567,0.19720956262315292,-0.01103737849414832,0.0,-0.012988357762818259,0
2022-01-21 05:00:00+00:00,131.5066158303364,133.7599798995472,129.02016235439484,129.28298950195312,55652000,0.0,0.0,4397.93994140625,,342.5022277832031,129.28298950195312,-0.022423677030180472,0.20340889008451862,-0.018914821867908604,0.0,-0.02772855923956541,0
2022-01-24 05:00:00+00:00,124.94532175448224,130.12749709636913,123.47944046052136,129.7317657470703,76622000,0.0,0.0,4410.1298828125,,344.0700988769531,129.7317657470703,0.0034652596819203588,0.18667532432116787,0.002771738943381896,0.0,0.004577696045651614,1
2022-01-25 05:00:00+00:00,127.68470512760926,128.33829981975202,125.46356069451652,125.89449310302734,46960000,0.0,0.0,4356.4501953125,,336.09405517578125,125.89449310302734,-0.030024778581278264,0.20835073652716019,-0.012171906253646725,0.0,-0.023181449731335957,1
2022-01-26 05:00:00+00:00,130.04418655853962,131.9097642410679,126.0997821030536,128.17364501953125,49130000,0.0,0.0,4349.93017578125,,335.56817626953125,128.17364501953125,0.017941746434308976,0.30980621558811117,-0.0014966358477518371,0.0,-0.001564677798228109,1
2022-01-27 05:00:00+00:00,130.22769119645346,131.56513295183782,127.8756248860706,127.94754028320312,31950000,0.0,0.0,4326.509765625,,332.1888427734375,127.94754028320312,-0.001765607907823582,0.3100693789104478,-0.00538408875771057,0.0,-0.010070482647256296,1
2022-01-28 05:00:00+00:00,128.59616648080828,132.26336732239355,127.43179389269864,132.25790405273438,34362000,0.0,0.0,4431.85009765625,,342.60931396484375,132.25790405273438,0.033133496572559054,0.37505805382633967,0.024347646888076113,0.0,0.03136911855439206,1
2022-01-31 05:00:00+00:00,133.06222894230496,134.3624868099739,131.12573488414426,134.19436645507812,39986000,0.0,0.0,4515.5498046875,,353.5653381347656,134.19436645507812,0.014535409984546064,0.38122421744668766,0.018885951732779516,0.0,0.031978185423896965,1
2022-02-01 05:00:00+00:00,136.46660753981268,136.6634819687619,133.26705377749363,136.5157012939453,68644000,0.0,0.0,4546.5400390625,,355.97088623046875,136.5157012939453,0.017150390873046203,0.19703170209702087,0.00686300355780145,0.0,0.006803687568452288,0
2022-02-02 05:00:00+00:00,150.01014748135128,150.30421054385434,144.32960458845056,146.7867889404297,123200000,0.0,0.0,4589.3798828125,,358.8632507324219,146.7867889404297,0.07254148273264954,0.4483963034313647,0.00942251544733641,0.0,0.008125283875267453,0
2022-02-03 05:00:00+00:00,144.5111378369467,148.4480970136978,141.49604864905484,141.9170684814453,71518000,0.0,0.0,4477.43994140625,,344.31353759765625,141.9170684814453,-0.03373825632313971,0.6074075980932271,-0.024391082077444004,0.0,-0.04054389270863035,0
2022-02-04 05:00:00+00:00,142.26867081780298,143.6874410729593,139.36317994593287,142.118408203125,57998000,0.0,0.0,4500.52978515625,,348.6570739746094,142.118408203125,0.0014177085042510705,0.6083191819389397,0.0051569298644233985,0.0,0.012615061281815443,0
2022-02-07 05:00:00+00:00,143.06756034988416,143.06756034988416,137.76140907718417,138.05995178222656,54974000,0.0,0.0,4483.8701171875,,345.8523254394531,138.05995178222656,-0.028972546695094914,0.6816244904104974,-0.0037017126347429485,0.0,-0.008044433182389676,0
2022-02-08 05:00:00+00:00,137.8868730262489,138.8523885484705,135.8908729676065,138.25631713867188,54284000,0.0,0.0,4521.5400390625,,349.738037109375,138.25631713867188,0.0014213089245085563,0.6740533110045606,0.008401207191663262,0.0,0.011235175779097384,0
2022-02-09 05:00:00+00:00,139.80797789700927,141.3561864794341,139.03783863725857,140.4313201904297,40144000,0.0,0.0,4587.18017578125,,357.1492919921875,140.4313201904297,0.015609212045394342,0.3398702879592844,0.014517207887505545,0.0,0.021190874587355024,0
2022-02-10 05:00:00+00:00,138.55833324032872,140.3247247602678,136.82614390542432,137.48370361328125,39330000,0.0,0.0,4504.080078125,,349.0660705566406,137.48370361328125,-0.02121315408632782,0.2900770923587888,-0.01811572566845976,0.0,-0.022632612234672167,0
2022-02-11 05:00:00+00:00,137.46386044180338,138.01578678020195,132.30647428852177,133.18174743652344,39958000,0.0,0.0,4418.64013671875,,337.99310302734375,133.18174743652344,-0.03179067344722043,0.3274661394933244,-0.01896945434456343,0.0,-0.03172169529865587,0
2022-02-14 05:00:00+00:00,132.16417235989616,135.1827270188193,132.16417235989616,134.41506958007812,34302000,0.0,0.0,4401.669921875,,338.411865234375,134.41506958007812,0.009217829195982883,0.32222804261414933,-0.0038405967262932217,0.0,0.001238966722339807,0
2022-02-15 05:00:00+00:00,136.4427979327925,136.9763973849014,134.7081419187358,135.4886932373047,26680000,0.0,0.0,4471.06982421875,,346.826171875,135.4886932373047,0.00795564543961082,0.33400414292572933,0.01576672117072042,0.0,0.02486410053854793,0
2022-02-16 05:00:00+00:00,135.5263729022058,136.95407185843112,133.81798904852437,136.6089324951172,25022000,0.0,0.0,4475.009765625,,346.7385559082031,136.6089324951172,0.008234144522560695,0.3098983360048447,0.0008812077558950637,0.0,-0.00025262213149368495,0
2022-02-17 05:00:00+00:00,135.12619300415574,135.98955606011734,131.3925552622797,131.4525604248047,38950000,0.0,0.0,4380.259765625,,336.4251708984375,131.4525604248047,-0.038476307314014496,0.38104295881475636,-0.021173138152195015,0.0,-0.029743980973653383,0
2022-02-18 05:00:00+00:00,132.37292423632954,132.97099324127743,129.1292409403073,129.33404541015625,45620000,0.0,0.0,4348.8701171875,,332.5881652832031,129.33404541015625,-0.016247472614818806,0.3356793100760357,-0.0071661613961429005,0.0,-0.011405227513112348,0
2022-02-22 05:00:00+00:00,128.77367925061782,131.09697591573786,127.17241181915688,128.7493896484375,44990000,0.0,0.0,4304.759765625,,329.2476806640625,128.7493896484375,-0.0045307577506892485,0.3099711875902339,-0.010142945264832837,0.0,-0.010043907053325696,0
2022-02-23 05:00:00+00:00,130.56935363366216,130.96855064132313,126.48213198505228,126.5421371459961,32786000,0.0,0.0,4225.5,,320.8140563964844,126.5421371459961,-0.017292446267502933,0.27477523401524734,-0.018412122845487655,0.0,-0.025614832731906456,0
2022-02-24 05:00:00+00:00,123.92923223959936,131.90977476291786,123.92923223959936,131.60330200195312,54456000,0.0,0.0,4288.7001953125,,331.5947265625,131.60330200195312,0.03921675710624394,0.4575610334109575,0.014956856067329216,0.0,0.033604107896981095,0
2022-02-25 05:00:00+00:00,132.45723763350745,134.16264009522365,130.67149031409218,133.3572998046875,36406000,0.0,0.0,4384.64990234375,,336.7369079589844,133.3572998046875,0.013239881045506467,0.3769480479346191,0.022372677655603468,0.0,0.015507428148183067,0
2022-02-28 05:00:00+00:00,131.95936863524972,134.63871633436403,131.50561460625966,133.94992065429688,38864000,0.0,0.0,4373.93994140625,,337.7398986816406,133.94992065429688,0.00443401281510587,0.3373585274154307,-0.002442603440647617,0.0,0.002978558925232022,0
2022-03-01 05:00:00+00:00,133.77285909543676,135.13857036774974,132.12647806196426,132.96255493164062,26496000,0.0,0.0,4306.259765625,,332.5685729980469,132.96255493164062,-0.007398456923264047,0.34408797472607344,-0.015473503680411893,0.0,-0.015311562844010695,0
2022-03-02 05:00:00+00:00,133.52443917740345,134.1537291225903,131.9806947822643,133.46839904785156,23520000,0.0,0.0,4386.5400390625,,338.14892578125,133.46839904785156,0.0037971918536875474,0.2788352967143118,0.018642691757321028,0.0,0.016779555364769605,0
2022-03-03 05:00:00+00:00,134.8950837847723,135.32106741558047,131.93505144439175,132.80189514160156,24604000,0.0,0.0,4363.490234375,,333.3185119628906,132.80189514160156,-0.005006230982626784,0.13108085549888152,-0.005254666430088317,0.0,-0.0142848711028708,0
2022-03-04 05:00:00+00:00,131.83786771432526,132.75428947542676,129.26908704703752,130.82522583007812,30430000,0.0,0.0,4328.8701171875,,328.4881286621094,130.82522583007812,-0.014996229128599093,0.1292749304916231,-0.007934042550334475,0.0,-0.014491794267097347,0
2022-03-07 05:00:00+00:00,130.41016532100002,130.6551346655655,125.25972533418172,125.34254455566406,45112000,0.0,0.0,4201.08984375,,316.373046875,125.34254455566406,-0.042811932640059586,0.28283351915865984,-0.029518158313449172,0.0,-0.03688133825856221,0
2022-03-08 05:00:00+00:00,125.21509629053482,130.17411000501144,124.64431332771989,126.06259155273438,40428000,0.0,0.0,4170.7001953125,,314.9026184082031,126.06259155273438,0.005728196146487086,0.31370715738736843,-0.00723375351819977,0.0,-0.004647767821314597,0
2022-03-09 05:00:00+00:00,130.17409924594682,132.63922887603567,128.83565901257035,132.32630920410156,37026000,0.0,0.0,4277.8798828125,,326.2384948730469,132.32630920410156,0.048492369585205204,0.5296213905385047,0.02569824789143582,0.0,0.0359980381304712,0
2022-03-10 05:00:00+00:00,130.18998790766506,132.17954098140794,129.8393852677274,131.3439483642578,27102000,0.0,0.0,4259.52001953125,,322.61553955078125,131.3439483642578,-0.007451469075919585,0.5308606564837058,-0.004291813651667864,0.0,-0.01110523552309628,0
2022-03-11 05:00:00+00:00,132.39426221843516,132.698752456179,128.56888416798853,128.80592346191406,31526000,0.0,0.0,4204.31005859375,,315.9251403808594,128.80592346191406,-0.019512640248315512,0.538626559030458,-0.012961545123475138,0.0,-0.020737994143858574,0
2022-03-14 04:00:00+00:00,129.1823123139877,129.34000556632407,124.2480949884942,124.91854858398438,38812000,0.0,0.0,4173.10986328125,,309.8579406738281,124.91854858398438,-0.03064488864065215,0.4865350569106982,-0.007421002465963666,0.0,-0.019204548582987147,0
2022-03-15 04:00:00+00:00,125.93514541675393,128.79005910986243,124.68993626243407,128.13893127441406,30920000,0.0,0.0,4262.4501953125,,319.5771179199219,128.13893127441406,0.02545316229640881,0.5217724971486647,0.021408574170870942,0.0,0.03136655857506221,0
2022-03-16 04:00:00+00:00,129.66135482928354,132.240032982956,127.67923236827228,132.18797302246094,35576000,0.0,0.0,4357.85986328125,,331.4292297363281,132.18797302246094,0.031109871775048703,0.4340774894347768,0.02238376135718223,0.0,0.03708685995277072,0
2022-03-17 04:00:00+00:00,132.05755123913005,132.98141880336502,131.10144887364655,132.7418975830078,28264000,0.0,0.0,4411.669921875,,335.44158935546875,132.7418975830078,0.00418167544837436,0.42968400613426316,0.01234781757145198,0.0,0.01210623342525552,0
2022-03-18 04:00:00+00:00,132.33078043484574,135.1271719338952,131.17433810969047,135.0096435546875,44566000,0.0,0.0,4463.1201171875,,342.3074035644531,135.0096435546875,0.016939586522510135,0.3901942750817611,0.011662294827948783,0.0,0.020467987354152006,0
2022-03-21 04:00:00+00:00,135.04732810159504,135.92656630102422,132.99330550843302,134.98583984375,26832000,0.0,0.0,4461.18017578125,,341.355712890625,134.98583984375,-0.00017632673479986454,0.21278023943848362,-0.00043466036210393355,0.0,-0.0027802222911866847,0
2022-03-22 04:00:00+00:00,134.9858461376951,139.89378371835335,134.9858461376951,138.72146606445312,35496000,0.0,0.0,4511.60986328125,,348.0643005371094,138.72146606445312,0.027298198600975022,0.21854172723673027,0.0113041136006502,0.0,0.019652776834099495,0
2022-03-23 04:00:00+00:00,137.56551524552734,138.44425402347676,136.70513365586095,137.1420135498047,25154000,0.0,0.0,4456.240234375,,343.0621337890625,137.1420135498047,-0.011451097303453514,0.23944415093928784,-0.012272698789159042,0.0,-0.01437138695444451,0
2022-03-24 04:00:00+00:00,138.058933800913,140.458110844999,136.62132231474047,140.4114990234375,26396000,0.0,0.0,4520.16015625,,350.687255859375,140.4114990234375,0.02356040592596161,0.2617322781056303,0.01434391292056647,0.0,0.022226650274964177,0
2022-03-25 04:00:00+00:00,140.7526925700073,140.8707203771551,138.59205274099185,140.51168823242188,24126000,0.0,0.0,4543.06005859375,,350.3947448730469,140.51168823242188,0.0007132854657592595,0.264780866625439,0.005066170567449069,0.0,-0.0008341078309541672,0
2022-03-28 04:00:00+00:00,139.74550107592432,140.83847267217368,138.66542339972597,140.29595947265625,35050000,0.0,0.0,4575.52001953125,,355.816162109375,140.29595947265625,-0.0015364880833527168,0.2675845798544747,0.007144955276586762,0.0,0.015472313200052046,0
2022-03-29 04:00:00+00:00,141.4781907391212,142.61479282683288,140.87417414180615,141.33734130859375,34318000,0.0,0.0,4631.60009765625,,361.9397277832031,141.33734130859375,0.007395336980603097,0.20606029589205566,0.012256547427530462,0.0,0.0172099143488198,0
2022-03-30 04:00:00+00:00,141.29223395375402,141.55059664678325,140.43928293794912,140.77500915527344,19884000,0.0,0.0,4602.4501953125,,357.94189453125,140.77500915527344,-0.003986588301804204,0.17602532234941654,-0.0062937001746978805,0.0,-0.011045577329791723,0
2022-03-31 04:00:00+00:00,140.88855215145054,140.9431091731122,137.88488921822,137.9275360107422,37524000,0.0,0.0,4530.41015625,,353.5052490234375,137.9275360107422,-0.020434490303711472,0.16407379021736662,-0.015652540713177343,0.0,-0.012394876307012304,0
2022-04-01 04:00:00+00:00,138.3564676186564,139.31950107652258,137.17373813332352,139.0016326904297,25942000,0.0,0.0,4545.85986328125,,352.8323974609375,139.0016326904297,0.007757233164257826,0.18226986629359737,0.0034102225843584133,0.0,-0.001903370782636915,0
2022-04-04 04:00:00+00:00,139.20794293991247,142.53395362091976,139.1603322944685,141.7995147705078,25942000,0.0,0.0,4582.64013671875,,360.09674072265625,141.7995147705078,0.019928513127431824,0.24110778384145493,0.008090938687879357,0.0,0.020588651478703923,0
2022-04-05 04:00:00+00:00,141.69786404034355,141.81835862566132,139.23175060773136,139.43853759765625,21418000,0.0,0.0,4525.1201171875,,352.10113525390625,139.43853759765625,-0.016790278688438885,0.2675345144571824,-0.012551720801807331,0.0,-0.0222040484251651,0
2022-04-06 04:00:00+00:00,137.6126258686909,138.21812553888182,134.40612601563646,135.42868041992188,32468000,0.0,0.0,4481.14990234375,,344.45648193359375,135.42868041992188,-0.02917875548717822,0.32806780603611774,-0.009716916613271898,0.0,-0.021711527044068757,0
2022-04-07 04:00:00+00:00,134.89507649085877,136.04012309209003,133.12718701050363,134.7745819091797,26234000,0.0,0.0,4500.2099609375,,345.2755126953125,134.7745819091797,-0.004841538794188062,0.30813749855312755,0.004253385628492534,0.0,0.0023777481472293527,0
2022-04-08 04:00:00+00:00,134.47208496943966,134.5578779659387,131.87554910979466,132.19491577148438,25142000,0.0,0.0,4488.27978515625,,340.44891357421875,132.19491577148438,-0.019326151127684547,0.29943826617090447,-0.002651026482054286,0.0,-0.013978978941819653,0
2022-04-11 04:00:00+00:00,130.7429022435412,131.0096943800276,127.6137659968596,127.76749420166016,36884000,0.0,0.0,4412.52978515625,,332.3948059082031,127.76749420166016,-0.03406530744451083,0.18083815831518724,-0.01687729010355421,0.0,-0.023657316398690176,0
2022-04-12 04:00:00+00:00,130.52125805208976,130.52125805208976,125.74969005200958,126.6676025390625,32710000,0.0,0.0,4397.4501953125,,330.99072265625,126.6676025390625,-0.008645808130143824,0.20050398197234773,-0.003417447717741773,0.0,-0.004224143178521489,0
2022-04-13 04:00:00+00:00,126.95075200878496,129.26561926423614,126.6938724329844,128.8292236328125,27928000,0.0,0.0,4446.58984375,,337.7187194824219,128.8292236328125,0.016921327002049392,0.2990267231065714,0.011174577597236057,0.0,0.02032684412474972,0
2022-04-14 04:00:00+00:00,129.40993832117093,129.40993832117093,125.56322179244722,125.69116973876952,31598000,0.0,0.0,4392.58984375,,329.99603271484375,125.69116973876952,-0.02465981506185293,0.3104066987291115,-0.01214413784439794,0.0,-0.02286721559116922,0
2022-04-18 04:00:00+00:00,125.95895269585908,127.16150750964876,125.1476572372116,126.6299057006836,20808000,0.0,0.0,4391.68994140625,,330.24957275390625,126.6299057006836,0.007440839346879481,0.3381538731909288,-0.0002048682840329885,0.0,0.0007683123853843288,1
2022-04-19 04:00:00+00:00,126.64479041088664,129.264632411845,125.95846151250544,128.94329833984375,26490000,0.0,0.0,4462.2099609375,,337.6310119628906,128.94329833984375,0.01810405620070663,0.2900659007968442,0.016057604355527166,0.0,0.022351093893722807,1
2022-04-20 04:00:00+00:00,129.81904388797793,130.3218916355038,126.45485065417712,126.99041748046876,31696000,0.0,0.0,4459.4501953125,,332.7067565917969,126.99041748046876,-0.015261129276910201,0.30834644100837333,-0.0006184750715809706,0.0,-0.014584724733861187,1
2022-04-21 04:00:00+00:00,128.1905009821093,129.03204110665789,123.50571776803208,123.7913589477539,36446000,0.0,0.0,4393.66015625,,325.8227233886719,123.7913589477539,-0.02551407137112378,0.3131802423638545,-0.014752948498371943,0.0,-0.020690993094471866,1
2022-04-22 04:00:00+00:00,123.97534345046292,124.37404857874348,117.95014478551222,118.65481567382812,56884000,0.0,0.0,4271.77978515625,,317.29083251953125,118.65481567382812,-0.042378990051449156,0.38878007196962217,-0.027740054250753654,0.0,-0.026185683983013575,1
2022-04-25 04:00:00+00:00,118.1247001432462,122.26696285548644,117.53954013860086,122.06513214111328,46128000,0.0,0.0,4296.1201171875,,321.3666076660156,122.06513214111328,0.028336203004879355,0.4723141902001475,0.005697936985382235,0.0,0.012845549662180877,1
2022-04-26 04:00:00+00:00,121.29203242122978,121.50576580824185,117.53954577935023,117.67740631103516,73054000,0.0,0.0,4175.2001953125,,309.2366027832031,117.67740631103516,-0.03660773641914463,0.44556090534468284,-0.028146308431003852,0.0,-0.037745069317901114,0
2022-04-27 04:00:00+00:00,113.53115828563,116.2809303977094,111.81237005693656,113.35759735107422,91820000,0.0,0.0,4183.9599609375,,308.86614990234375,113.35759735107422,-0.03739963556397116,0.4634553842637318,0.0020980468517017847,0.0,-0.0011979593538579136,0
2022-04-28 04:00:00+00:00,115.46071897101857,118.66870208583144,113.17956960106592,117.55094146728516,48884000,0.0,0.0,4287.5,,319.8357238769531,117.55094146728516,0.03632438373204725,0.6210427227648603,0.02474690007293945,0.0,0.03551562376802275,0
2022-04-29 04:00:00+00:00,115.77759257193108,116.95337579484944,112.88153042406998,113.17411041259766,42676000,0.0,0.0,4131.93017578125,,305.443603515625,113.17411041259766,-0.037944351024175274,0.6072774166085227,-0.036284507106413955,0.0,-0.04499847667693635,0
2022-05-02 04:00:00+00:00,112.47539163673036,115.7885086604676,111.67699010622512,115.6273422241211,35534000,0.0,0.0,4155.3798828125,,310.5432434082031,115.6273422241211,0.021445019691652297,0.5816895948181628,0.005675242812353654,0.0,0.016695847724037316,0
2022-05-03 04:00:00+00:00,115.47608756923124,117.4711039071796,115.08333755024836,116.37218475341795,24968000,0.0,0.0,4175.47998046875,,310.8747253417969,116.37218475341795,0.006421091440826745,0.540328617049401,0.004837126381486367,0.0,0.001067426004687011,0
2022-05-04 04:00:00+00:00,116.07215712779916,121.8474221977112,114.17235467476031,121.2587890625,49916000,0.0,0.0,4300.169921875,,321.3861389160156,121.2587890625,0.041133470162206746,0.5047690260416118,0.02986242108440229,0.0,0.03381237751850619,0
2022-05-05 04:00:00+00:00,119.21866011890872,120.04681450711568,114.06277194925556,115.55047607421876,45840000,0.0,0.0,4146.8701171875,,305.1998291015625,115.55047607421876,-0.04821955752090119,0.6096233875950863,-0.035649708609806985,0.0,-0.05036405698468194,0
2022-05-06 04:00:00+00:00,114.24030932144473,116.60774359414944,113.08089313905964,114.79769897460938,39710000,0.0,0.0,4123.33984375,,301.5433044433594,114.79769897460938,-0.006536016873622345,0.533649659094191,-0.0056742248424840325,0.0,-0.011980755916433772,0
2022-05-09 04:00:00+00:00,112.32165521736496,114.1336821917544,111.08240126088768,111.58871459960938,40802000,0.0,0.0,3991.239990234375,,289.74481201171875,111.58871459960938,-0.028351518734952896,0.5413678591705596,-0.03203710063235676,0.0,-0.03912702506666599,0
2022-05-10 04:00:00+00:00,114.56065130362704,115.29706511899676,111.97501939704058,113.45726776123048,39900000,0.0,0.0,4001.050048828125,,293.2648010253906,113.45726776123048,0.016606349359012805,0.5618481139300131,0.0024578974498534745,0.0,0.012148583400794388,0
2022-05-11 04:00:00+00:00,112.30829034622435,115.41064811914042,112.30829034622435,112.6712875366211,37534000,0.0,0.0,3935.179931640625,,284.5671081542969,112.6712875366211,-0.0069516509209456906,0.3901948940409662,-0.01646320750393837,0.0,-0.02965815481667955,0
2022-05-12 04:00:00+00:00,110.4645054940696,113.35808557765252,108.92423453859938,111.91898345947266,53836000,0.0,0.0,3930.080078125,,283.8943176269531,111.91898345947266,-0.006699372038925781,0.25244620613896224,-0.0012959645058717717,0.0,-0.0023642596353017353,0
2022-05-13 04:00:00+00:00,113.594142514748,116.90875017939356,112.67375572924637,115.09920501708984,35038000,0.0,0.0,4023.889892578125,,294.4154357910156,115.09920501708984,0.028019161241507804,0.35108187831535564,0.02386969542307149,0.0,0.037059981517092666,0
2022-05-16 04:00:00+00:00,114.0131874898772,115.2177324454328,112.95593136795684,113.50687408447266,25990000,0.0,0.0,4008.010009765625,,291.0026550292969,113.50687408447266,-0.01393100910670446,0.2850820584294681,-0.003946400929555671,0.0,-0.011591718187429656,0
2022-05-17 04:00:00+00:00,115.8827220440662,115.94173593854345,113.92837768916225,115.51823425292967,23054000,0.0,0.0,4088.85009765625,,298.5400390625,115.51823425292967,0.017564990112663117,0.2879448300092224,0.020169632234863677,0.0,0.02590142702458942,0
2022-05-18 04:00:00+00:00,114.05732544136316,114.45404808670412,110.64105684052672,110.98223876953124,35126000,0.0,0.0,3923.679931640625,,283.88458251953125,110.98223876953124,-0.04005821239717195,0.42681385929915194,-0.04039526078745259,0.0,-0.049090422138990175,0
2022-05-19 04:00:00+00:00,110.51807047133238,112.08362994881232,109.0983015778271,109.47915649414062,34144000,0.0,0.0,3900.7900390625,,282.36346435546875,109.47915649414062,-0.013635997938193816,0.43337074830517225,-0.005833781800992588,0.0,-0.005358227454841935,0
2022-05-20 04:00:00+00:00,111.03332188964714,111.26392181263742,104.92927571810836,108.01526641845705,48962000,0.0,0.0,3901.360107421875,,281.48590087890625,108.01526641845705,-0.01346160662480215,0.3241095628443159,0.00014614176965843662,0.0,-0.0031079214818590106,0
2022-05-23 04:00:00+00:00,108.68918571926903,111.22819834582448,107.84962051186191,110.57410430908205,37184000,0.0,0.0,3973.75,,286.166259765625,110.57410430908205,0.02341335055846845,0.41178038003171524,0.018555039930923556,0.0,0.016627329724525852,0
2022-05-24 04:00:00+00:00,104.90495862013972,105.58583172037198,101.04932107319485,105.10133361816406,76780000,0.0,0.0,3941.47998046875,,280.08172607421875,105.10133361816406,-0.05076095657639133,0.4566850629119575,-0.008120797617175213,0.0,-0.021262232998361164,0
2022-05-25 04:00:00+00:00,104.1249121947519,105.62700102602577,103.00516898284764,104.9376983642578,40258000,0.0,0.0,3978.72998046875,,284.0016174316406,104.9376983642578,-0.0015581416984074658,0.425007723714973,0.009450764734207695,0.0,0.013995526992657714,0
2022-05-26 04:00:00+00:00,104.8107448453719,107.7588746889584,104.3624465360755,106.90890502929688,37948000,0.0,0.0,4057.840087890625,,291.8704833984375,106.90890502929688,0.018610291842583216,0.47238103263312453,0.019883256167224195,0.0,0.027707116733907133,0
2022-05-27 04:00:00+00:00,108.58554373009294,111.39730365863458,108.24386241128828,111.39581298828124,37914000,0.0,0.0,4158.240234375,,301.39697265625,111.39581298828124,0.04111262441621619,0.5597840144948661,0.02474226295510973,0.0,0.03263944043566647,0
2022-05-31 04:00:00+00:00,111.8222891546196,114.78629421531303,111.15976563053904,112.8294677734375,50012000,0.0,0.0,4132.14990234375,,300.5974426269531,112.8294677734375,0.012787802669815015,0.5440164521176855,-0.006274368617659065,0.0,-0.0026527473791475575,0
2022-06-01 04:00:00+00:00,113.9135079826018,116.14159098002284,112.3216612422036,112.9583969116211,36606000,0.0,0.0,4101.22998046875,,298.3742370605469,112.9583969116211,0.001142037924637028,0.2708365152688985,-0.007482768681131846,0.0,-0.007395956356040179,0
2022-06-02 04:00:00+00:00,113.06551449385536,116.93304735382672,112.02065295107872,116.65831756591795,37992000,0.0,0.0,4176.81982421875,,306.5453796386719,116.65831756591795,0.03222971753602554,0.2507416096042844,0.018431018038486124,0.0,0.027385549967797296,0
2022-06-03 04:00:00+00:00,115.111101117536,115.36798068092384,112.5879563145143,113.6020736694336,26136000,0.0,0.0,4108.5400390625,,298.5693054199219,113.6020736694336,-0.026547539281056836,0.4245585199198027,-0.016347313992415624,0.0,-0.02601922830528869,0
2022-06-06 04:00:00+00:00,115.74783051092322,118.36867082594704,115.21176432715514,115.86288452148438,33542000,0.0,0.0,4121.43017578125,,299.56378173828125,115.86288452148438,0.019705701717934027,0.3538534924588798,0.003137400778913113,0.0,0.003330805612990595,0
2022-06-07 04:00:00+00:00,114.53387621473068,116.72625878645412,114.10889140185589,116.18919372558594,31590000,0.0,0.0,4160.68017578125,,302.1477966308594,116.18919372558594,0.0028123809245292016,0.3521906211834483,0.009523393173235029,0.0,0.008625925596158046,0
2022-06-08 04:00:00+00:00,115.80437996795136,117.59855692060148,115.64420478456094,116.23333740234376,26108000,0.0,0.0,4115.77001953125,,299.9734191894531,116.23333740234376,0.0003798571255067808,0.35287591711644606,-0.010793945785935621,0.0,-0.007196403434517662,0
2022-06-09 04:00:00+00:00,115.37393150433296,117.329274764035,113.83515114216875,113.8941650390625,25798000,0.0,0.0,4017.820068359375,,291.938720703125,113.8941650390625,-0.02033005968527944,0.2969261682488172,-0.02379869397635359,0.0,-0.026784701484679485,0
2022-06-10 04:00:00+00:00,111.52325408711977,112.35041717414056,109.46129391687556,110.25027465820312,41452000,0.0,0.0,3900.860107421875,,281.6418762207031,110.25027465820312,-0.0325166347807554,0.3260681242760029,-0.029110303335524668,0.0,-0.03527056793844363,0
2022-06-13 04:00:00+00:00,105.91113796225396,107.89969964994523,105.24911389802192,105.52037048339844,47252000,0.0,0.0,3749.6298828125,,268.54656982421875,105.52037048339844,-0.04384898612644088,0.32269124996040194,-0.038768430665237275,0.0,-0.046496304357177665,0
2022-06-14 04:00:00+00:00,105.66171972879,107.0398256656086,104.93274403233468,105.84073638916016,33706000,0.0,0.0,3735.47998046875,,269.03411865234375,105.84073638916016,0.0030314579237580657,0.3236138162858978,-0.0037736797459957394,0.0,0.0018155094233529567,0
2022-06-15 04:00:00+00:00,107.6552372659266,110.5101436125187,106.7869179368398,108.86474609375,39698000,0.0,0.0,3789.989990234375,,275.7524108886719,108.86474609375,0.028170772845754918,0.45859748666403044,0.014592504858983224,0.0,0.02497189676157685,0
2022-06-16 04:00:00+00:00,106.34208771365974,107.75788407901256,104.27616231851944,105.16432189941406,51684000,0.0,0.0,3666.77001953125,,264.6267395019531,105.16432189941406,-0.03458215285983614,0.4832544290187328,-0.03251195148816344,0.0,-0.04034659697394438,0
2022-06-17 04:00:00+00:00,105.16431896946578,107.80846549966309,104.18491071395393,106.26522064208984,51376000,0.0,0.0,3674.840087890625,,267.8445129394531,106.26522064208984,0.010413953308846882,0.48662703182071265,0.002200865698254617,0.0,0.012159668533709311,0
2022-06-21 04:00:00+00:00,108.03657603615588,111.56739902352788,107.70977872020164,110.62964630126952,47416000,0.0,0.0,3764.7900390625,,274.6021423339844,110.62964630126952,0.04025005226274963,0.45458141724052603,0.024477242280086964,0.0,0.025229672694690786,0
2022-06-22 04:00:00+00:00,109.6502478770662,112.41737098859431,109.47767062090766,110.57361602783205,30774000,0.0,0.0,3759.889892578125,,274.20159912109375,110.57361602783205,-0.0005065953733756506,0.4584098101820075,-0.0013015723144006452,0.0,-0.0014586310561388593,0
2022-06-23 04:00:00+00:00,111.31151793905036,111.81833075860877,109.5947120241901,111.32192993164062,28362000,0.0,0.0,3795.72998046875,,278.2851867675781,111.32192993164062,0.00674476576283067,0.42525864768348104,0.009532217409177868,0.0,0.014892647087302313,0
2022-06-24 04:00:00+00:00,112.06877544661702,117.11110120864744,112.02662049243202,117.00794982910156,41164000,0.0,0.0,3911.739990234375,,287.82025146484375,117.00794982910156,0.049815606447717056,0.35301808117271427,0.03056329358583576,0.0,0.03426364445775998,0
2022-06-27 04:00:00+00:00,117.3034891434814,117.60747238809732,114.23534152789628,114.8839874267578,36420000,0.0,0.0,3900.110107421875,,285.7100524902344,114.8839874267578,-0.018319065554412664,0.45365231300512987,-0.0029730715337762392,0.0,-0.0073316556561591195,0
2022-06-28 04:00:00+00:00,114.8532296266053,116.34788004318068,110.93114755882172,111.08934020996094,35792000,0.0,0.0,3821.550048828125,,277.0054626464844,111.08934020996094,-0.03358806985512469,0.5012205121471451,-0.020143036075892073,0.0,-0.030466515853681875,0
2022-06-29 04:00:00+00:00,110.63759325554062,112.2329057759541,109.96365886170436,110.7858657836914,24716000,0.0,0.0,3818.830078125,,277.2594299316406,110.7858657836914,-0.0027355432902652914,0.5018441892238259,-0.0007117454091590814,0.0,0.0009168313242990944,0
2022-06-30 04:00:00+00:00,109.09829563062534,109.9790169014494,105.87493689608417,108.06979370117188,43170000,0.0,0.0,3785.3798828125,,273.820556640625,108.06979370117188,-0.024821944670729602,0.5260873063756718,-0.008759278267998716,0.0,-0.012403088659107109,0
2022-07-01 04:00:00+00:00,107.0482435979797,108.35444913580424,105.85560141078064,107.84615325927734,35476000,0.0,0.0,3825.330078125,,275.6278991699219,107.84615325927734,-0.002071551684986661,0.2191056616521548,0.010553814029047315,0.0,0.006600463279566426,0
2022-07-05 04:00:00+00:00,106.22257357959492,112.4476205204141,104.8647923311928,112.33455657958984,39342000,0.0,0.0,3831.389892578125,,280.3465881347656,112.33455657958984,0.040775826366307936,0.4572028910134807,0.0015841285142366157,0.0,0.017119779888227882,0
2022-07-06 04:00:00+00:00,112.37324154606672,114.64198891272858,110.5622056578975,113.63282775878906,37432000,0.0,0.0,3845.080078125,,282.1441955566406,113.63282775878906,0.011490910233702785,0.3823186159254311,0.0035731642904301975,0.0,0.006412089527591647,0
2022-07-07 04:00:00+00:00,114.13666235926765,118.21247285733529,113.8921848578157,117.8093032836914,40936000,0.0,0.0,3902.6201171875,,288.1817626953125,117.8093032836914,0.036094802051450485,0.4320010407812067,0.014964587965241805,0.0,0.02139887062627821,0
2022-07-08 04:00:00+00:00,116.28888724501088,118.70392482738345,115.94324085534676,118.3751449584961,38238000,0.0,0.0,3899.3798828125,,288.54327392578125,118.3751449584961,0.004791532733015038,0.30386574307479175,-0.000830271529819071,0.0,0.0012544556153990527,0
2022-07-11 04:00:00+00:00,117.03075205965408,117.03075205965408,114.38511466684228,114.72827911376952,31196000,0.0,0.0,3854.429931640625,,282.3786926269531,114.72827911376952,-0.03129223382129995,0.45832771013924734,-0.011527461422777274,0.0,-0.02136449488132508,0
2022-07-12 04:00:00+00:00,115.26235327439863,116.01513422724024,112.75805737728308,113.08584594726562,29960000,0.0,0.0,3818.800048828125,,279.6431884765625,113.08584594726562,-0.014419313318622427,0.40751972938059333,-0.009243878717321574,0.0,-0.009687360349119767,0
2022-07-13 04:00:00+00:00,110.78535950872109,113.25991018567451,110.28995752777116,110.44071197509766,43722000,0.0,0.0,3801.780029296875,,279.0668029785156,110.44071197509766,-0.023668395180553466,0.428224214781533,-0.0044569025122100925,0.0,-0.002061146209878739,0
2022-07-14 04:00:00+00:00,109.30708070983805,110.18234634307092,107.48464162453595,109.4627914428711,37004000,0.0,0.0,3790.3798828125,,280.06329345703125,109.4627914428711,-0.008894146419863707,0.220169873375392,-0.00299863390215227,0.0,0.003570795479361788,0
2022-07-15 04:00:00+00:00,111.08241574521796,112.2130703596854,109.99093473931616,110.86123657226562,46770000,0.0,0.0,3863.159912109375,,285.1434326171875,110.86123657226562,0.012694610953349991,0.26651200038765777,0.01920124935943668,0.0,0.018139253800268706,0
2022-07-18 04:00:00+00:00,111.71666191412224,112.74813768915692,107.48166747224792,108.1362533569336,43164600,0.0,20.0,3830.85009765625,,282.7303466796875,108.1362533569336,-0.02488726116275448,0.24171771119874685,-0.008363571580831342,0.0,-0.008462709154307024,1
2022-07-19 04:00:00+00:00,109.94133979066088,113.08535287704044,108.66191325988504,112.8770751953125,36530900,0.0,0.0,3936.68994140625,,291.42523193359375,112.8770751953125,0.042907359339775804,0.45320164973398075,0.02762829164595959,0.0,0.03075327907321146,1
2022-07-20 04:00:00+00:00,112.24230458539212,114.45402783417867,111.55796589929848,112.96632385253906,35600400,0.0,0.0,3959.89990234375,,296.04620361328125,112.96632385253906,0.0007903588260601613,0.4046481925118871,0.005895806193263242,0.0,0.01585645707143324,1
2022-07-21 04:00:00+00:00,113.34322710024298,113.61101810390475,110.19921392026372,113.4027328491211,32676200,0.0,0.0,3998.949951171875,,300.29595947265625,113.4027328491211,0.0038557349100961243,0.387788631193052,0.00986137270919718,0.0,0.014355042582901545,1
2022-07-22 04:00:00+00:00,110.09011304726144,111.41912519430016,105.62700035615626,107.0155258178711,48901200,0.0,0.0,3961.6298828125,,295.0302734375,107.0155258178711,-0.05797156516451086,0.5932967027992113,-0.00933246697634671,0.0,-0.017534987964550774,1
2022-07-25 04:00:00+00:00,107.52135488788926,108.96938619860532,105.42865018559648,106.62873077392578,34690900,0.0,0.0,3966.840087890625,,293.349853515625,106.62873077392578,-0.0036209301642443287,0.5718639930597108,0.0013151670479691902,0.0,-0.005695754209545489,1
2022-07-26 04:00:00+00:00,105.72617651509084,106.3212566791784,103.21691665250424,104.15912628173828,47991000,0.0,0.0,3921.050048828125,,287.5857849121094,104.15912628173828,-0.023433204680195836,0.40830546715181026,-0.01154320266205866,0.0,-0.01964912726028889,0
2022-07-27 04:00:00+00:00,108.36437830874571,112.97626293838638,107.1246247828668,112.13322448730467,59858500,0.0,0.0,4023.610107421875,,299.7391662597656,112.13322448730467,0.07376787855332846,0.7682563578249144,0.026156273782937722,0.0,0.04226002113202676,0
2022-07-28 04:00:00+00:00,111.44888817788124,113.40273342218576,110.54634395877493,113.28372192382812,32816600,0.0,0.0,4072.429931640625,,302.66998291015625,113.28372192382812,0.010207816625414432,0.772348543770113,0.012133338697180918,0.0,0.009777890180193038,0
2022-07-29 04:00:00+00:00,112.15305449933628,115.75329568436273,112.13321420730232,115.36649322509766,37223400,0.0,0.0,4130.2900390625,,308.18975830078125,115.36649322509766,0.01821847320627161,0.5784310756842987,0.014207760082581844,0.0,0.01823694354343508,0
2022-08-01 04:00:00+00:00,114.35486795138794,115.76322613701662,113.40273058719856,113.91847229003906,26034300,0.0,0.0,4118.6298828125,,308.0041198730469,113.91847229003906,-0.012630921379546264,0.5998711109986004,-0.0028230841271976725,0.0,-0.0006023510604566962,0
2022-08-02 04:00:00+00:00,113.0655143870716,115.39624935448684,112.78781082558956,114.18624877929688,20236000,0.0,0.0,4091.18994140625,,307.0857849121094,114.18624877929688,0.002347839281966291,0.5236984963607794,-0.006662395550704803,0.0,-0.00298156713395914,0
2022-08-03 04:00:00+00:00,114.76150045832908,117.64765022278551,114.53339005300344,117.11207580566406,28499000,0.0,0.0,4155.169921875,,315.44854736328125,117.11207580566406,0.025300512680577186,0.2332809275705931,0.015638477163140152,0.0,0.02723265895738347,0
2022-08-04 04:00:00+00:00,116.51698947915064,117.8063285038546,115.93182192650802,117.2211685180664,21602900,0.0,0.0,4151.93994140625,,316.9237365722656,117.2211685180664,0.0009310904272117049,0.23870840401853546,-0.0007773401640558397,0.0,0.004676481224323181,0
2022-08-05 04:00:00+00:00,115.27723913427396,117.1418256153438,115.0491211680592,116.50707244873048,19159500,0.0,0.0,4145.18994140625,,314.3348388671875,116.50707244873048,-0.006110500710600368,0.22784430210272755,-0.0016257460597355333,0.0,-0.008168834979287776,0
2022-08-08 04:00:00+00:00,117.4195241692398,119.16509908636492,115.92189993370644,116.33846282958984,19138300,0.0,0.0,4140.06005859375,,313.3187561035156,116.33846282958984,-0.0014482532242653754,0.19402600733476055,-0.0012375507238541195,0.0,-0.0032324853564870137,0
2022-08-09 04:00:00+00:00,116.1797793713598,116.35830417801051,114.76150106487228,115.67395782470705,19086500,0.0,0.0,4122.47021484375,,309.7724304199219,115.67395782470705,-0.005728200412732376,0.20693534096627975,-0.004248692893594086,0.0,-0.011318587267792224,0
2022-08-10 04:00:00+00:00,117.80632384689984,119.92878102588604,117.43936168959128,118.71878051757812,30930400,0.0,0.0,4210.240234375,,318.4184265136719,118.71878051757812,0.025981982205100944,0.21165012364941935,0.021290637641290244,0.0,0.027910799169666767,0
2022-08-11 04:00:00+00:00,120.28583048192732,120.49410814131456,117.5881259219238,117.86582946777344,24293700,0.0,0.0,4207.27001953125,,316.61114501953125,117.86582946777344,-0.00721056830727802,0.22355565215758755,-0.0007054739583503,0.0,-0.00567580687439595,0
2022-08-12 04:00:00+00:00,119.27421317643834,120.6825714111328,118.48076786758934,120.6825714111328,19096300,0.0,0.0,4280.14990234375,,322.7757568359375,120.6825714111328,0.023616782608060754,0.25984591844233046,0.017322368774566943,0.0,0.01947060902112585,0
2022-08-15 04:00:00+00:00,120.13708263103192,121.29749777559655,119.62134845211312,121.0792999267578,19494800,0.0,0.0,4297.14013671875,,325.3841247558594,121.0792999267578,0.0032819804838493945,0.2521648826421782,0.0039695418998517695,0.0,0.00808105275777482,0
2022-08-16 04:00:00+00:00,120.5238677790755,121.42641192061868,119.65108407641937,120.702392578125,19041200,0.0,0.0,4305.2001953125,,324.6221008300781,120.702392578125,-0.0031177518035771998,0.24376004782044403,0.0018756797165810912,0.0,-0.0023419210336490526,0
2022-08-17 04:00:00+00:00,119.13535751738875,120.2957650012785,118.4014179821148,118.57003021240234,22847000,0.0,0.0,4274.0400390625,,320.9195556640625,118.57003021240234,-0.017824192150289193,0.24433646476010829,-0.007237794954094601,0.0,-0.011405708842829876,0
2022-08-18 04:00:00+00:00,118.4510045956292,119.82960983443398,117.74682554009156,119.1849365234375,17987700,0.0,0.0,4283.740234375,,321.6913146972656,119.1849365234375,0.0051726169216234075,0.2378435079140853,0.002269561170191503,0.0,0.002404836413306688,0
2022-08-19 04:00:00+00:00,118.08403247971836,118.1732986615942,115.8028907047583,116.24919891357422,21809500,0.0,0.0,4228.47998046875,,315.4192810058594,116.24919891357422,-0.02494022182033924,0.21101748308933443,-0.012900001139847905,0.0,-0.019497056354501496,0
2022-08-22 04:00:00+00:00,114.25567281481072,114.68214829640736,112.9167406269134,113.30354309082033,21456600,0.0,0.0,4137.990234375,,307.11505126953125,113.30354309082033,-0.025665714069045525,0.21791869159153943,-0.0214000649197158,0.0,-0.026327590722565408,0
2022-08-23 04:00:00+00:00,112.54977631975122,114.0672332750328,112.50018315686644,112.9266586303711,15870400,0.0,0.0,4128.72998046875,,306.8611755371094,112.9266586303711,-0.003331869982367859,0.21729434900040717,-0.0022378626777133093,0.0,-0.0008266469890434447,0
2022-08-24 04:00:00+00:00,112.56961931409134,113.83912570446977,111.94478626575491,112.75806427001952,17734600,0.0,0.0,4140.77001953125,,307.7502136230469,112.75806427001952,-0.0014940700420203892,0.22668253748811867,0.0029161604463010526,0.0,0.002897199635572667,0
2022-08-25 04:00:00+00:00,113.3035459506188,115.76322014148404,113.17461431501371,115.69379425048828,16956800,0.0,0.0,4199.1201171875,,313.1918029785156,115.69379425048828,0.02570249692103021,0.33467817800272714,0.014091605518061545,0.0,0.017681837784632615,0
2022-08-26 04:00:00+00:00,113.77961742600252,114.17634005588432,109.28675199221416,109.43551635742188,37245700,0.0,0.0,4057.659912109375,,300.3545837402344,109.43551635742188,-0.0556115121266067,0.4825219116588689,-0.03368805871951874,0.0,-0.040988362773855425,0
2022-08-29 04:00:00+00:00,109.08838330000286,110.040513040239,107.90814316272662,108.52305603027344,21191200,0.0,0.0,4030.610107421875,,297.3945007324219,108.52305603027344,-0.008372835697795815,0.46722322047356746,-0.006666355799502699,0.0,-0.009855294934911218,0
2022-08-30 04:00:00+00:00,109.26691024996742,109.59420698279374,106.91634250859858,108.0469970703125,27513300,0.0,0.0,3986.159912109375,,294.0824890136719,108.0469970703125,-0.004396357852028483,0.46652456076818266,-0.011028155571448206,0.0,-0.011136761811644802,0
2022-08-31 04:00:00+00:00,109.74297432432968,109.94133184491908,107.24362719051874,107.33289337158205,28627000,0.0,0.0,3955.0,,292.3728942871094,107.33289337158205,-0.006631132683489374,0.46284336607264864,-0.007817025105971265,0.0,-0.005813316978839245,0
2022-09-01 04:00:00+00:00,107.39240764031874,109.5446179336816,106.47995086620014,108.84043884277344,28360900,0.0,0.0,3966.85009765625,,292.4999084472656,108.84043884277344,0.013947788060567992,0.41050428279849377,0.0029962320243361873,0.0,0.00043442522421899277,0
2022-09-02 04:00:00+00:00,109.6834567691589,109.83222868726963,106.38075953474188,106.9659194946289,24160700,0.0,0.0,3924.260009765625,,288.3674011230469,106.9659194946289,-0.017372671574914327,0.18196173772243207,-0.010736500458081055,0.0,-0.01412823459041801,0
2022-09-06 04:00:00+00:00,106.42045236173269,107.1444642288094,104.91290774228816,105.93446350097656,25068300,0.0,0.0,3908.18994140625,,286.29620361328125,105.93446350097656,-0.009689640284674587,0.18392728306363437,-0.004095056983834944,0.0,-0.007182495322631266,0
2022-09-07 04:00:00+00:00,106.18240264265648,109.07847249571734,106.02371813346193,108.55281066894533,23167000,0.0,0.0,3979.8701171875,,292.079833984375,108.55281066894533,0.024416154793454665,0.2779169663150094,0.018341016392734,0.0,0.02020156152299557,0
2022-09-08 04:00:00+00:00,107.15437545780348,108.70158540495544,106.28159171756349,107.49158477783205,24238300,0.0,0.0,4006.179931640625,,293.5940856933594,107.49158477783205,-0.009824225472660375,0.28424536614631013,0.006610721877456038,0.0,0.005184376094466536,0
2022-09-09 04:00:00+00:00,108.17591568145532,110.0801749701095,108.12632252177896,109.7429656982422,23197700,0.0,0.0,4067.360107421875,,300.0126953125,109.7429656982422,0.020728392668363068,0.3078580542795613,0.015271449816332883,0.0,0.02186218977804777,0
2022-09-12 04:00:00+00:00,110.0801721578202,110.70501265962278,109.02886378785256,109.95124053955078,22966800,0.0,0.0,4110.41015625,,303.5785827636719,109.95124053955078,0.001896043662421349,0.25942441509499786,0.0105842727693497,0.0,0.011885788524574226,0
2022-09-13 04:00:00+00:00,106.91633578916247,107.41223714705868,103.23674105474096,103.46485900878906,38172900,0.0,0.0,3932.68994140625,,286.9312744140625,103.46485900878906,-0.06080497112980088,0.5448383017106321,-0.0432366134006168,0.0,-0.05483689988291718,0
2022-09-14 04:00:00+00:00,103.71282956255436,104.41700871768852,102.81029285299148,104.1393051147461,26395100,0.0,0.0,3946.010009765625,,289.20751953125,104.1393051147461,0.0064974465377394194,0.4972464108533424,0.0033870120853238816,0.0,0.007933067323650178,0
2022-09-15 04:00:00+00:00,103.17723571198331,104.40706896560022,101.51100684033769,102.06642150878906,34188300,0.0,0.0,3901.35009765625,,284.3912048339844,102.06642150878906,-0.02010568249198667,0.5045338224847006,-0.011317739184353415,0.0,-0.016653490563011464,0
2022-09-16 04:00:00+00:00,101.2333094376726,102.28461796293108,100.11257502049808,101.95732879638672,42797200,0.0,0.0,3873.330078125,,282.6522521972656,101.95732879638672,-0.001069411993810378,0.43945741646619585,-0.007182134089448455,0.0,-0.006114649845567088,0
2022-09-19 04:00:00+00:00,100.91592600767856,102.48297610964131,100.717568491899,102.22510528564452,23036800,0.0,0.0,3899.889892578125,,284.85333251953125,102.22510528564452,0.0026229155703803133,0.4412153647796833,0.006857100716286535,0.0,0.007787237869696817,0
2022-09-20 04:00:00+00:00,101.24321763980454,101.53084132005358,99.69600034029746,100.31092071533205,26517100,0.0,0.0,3855.929931640625,,282.5827331542969,100.31092071533205,-0.018902726637827477,0.19765496757541334,-0.011272103097361819,0.0,-0.007971117434894981,0
2022-09-21 04:00:00+00:00,100.83657912239514,102.03665948648352,98.45625111888704,98.46617126464844,31487300,0.0,0.0,3789.929931640625,,277.5227966308594,98.46617126464844,-0.018561519300816648,0.1750766250415779,-0.017116493600784488,0.0,-0.017906035754402083,0
2022-09-22 04:00:00+00:00,98.00994304598552,100.41010377703378,97.98019017551984,99.31912231445312,34298600,0.0,0.0,3757.989990234375,,274.10711669921875,99.31912231445312,0.008625073402407863,0.200068675748597,-0.00842758097968943,0.0,-0.01230774542886981,0
2022-09-23 04:00:00+00:00,98.8133068840168,98.84306732316416,96.67101684353818,97.93060302734376,31625400,0.0,0.0,3693.22998046875,,269.64422607421875,97.93060302734376,-0.01407902820184189,0.20338455226760188,-0.017232619015461026,0.0,-0.01628155692833466,0
2022-09-26 04:00:00+00:00,97.29584663330871,99.06125428806656,96.99831035340092,97.36527252197266,27072700,0.0,0.0,3655.0400390625,,268.5284729003906,97.36527252197266,-0.0057894933300909925,0.18332897596547365,-0.010340526208282075,0.0,-0.004137871557913564,0
2022-09-27 04:00:00+00:00,98.61495489564795,99.18028220152245,96.0759420926826,96.70077514648438,30072800,0.0,0.0,3647.2900390625,,268.6361083984375,96.70077514648438,-0.0068481837025602624,0.16437324317554564,-0.0021203598092424114,0.0,0.00040083458146655815,0
2022-09-28 04:00:00+00:00,96.8495379657094,99.87453174796886,96.31396358421772,99.22986602783205,32466300,0.0,0.0,3719.0400390625,,273.9798583984375,99.22986602783205,0.025817619387933595,0.2519547551215387,0.019672139926234733,0.0,0.019892150879710524,0
2022-09-29 04:00:00+00:00,97.83142237621784,97.83142237621784,95.17339071110857,96.62142181396484,31047200,0.0,0.0,3640.469970703125,,266.0816955566406,96.62142181396484,-0.02663856326529327,0.30772939127119114,-0.021126437880238824,0.0,-0.028827530928609013,0
2022-09-30 04:00:00+00:00,96.25446166796624,98.08929527552542,94.77667009540616,94.86593627929688,32941500,0.0,0.0,3585.6201171875,,261.56988525390625,94.86593627929688,-0.01833577667820529,0.3165563889590021,-0.015066695771983274,0.0,-0.01695648508739278,0
2022-10-03 04:00:00+00:00,95.9668344859771,98.47609418773558,95.728796382115,97.8314208984375,27982000,0.0,0.0,3678.429931640625,,267.7063293457031,97.8314208984375,0.030781104658324634,0.4125978849572269,0.025883894952576147,0.0,0.023460055754660925,0
2022-10-04 04:00:00+00:00,99.61667108123068,101.00518888401722,99.5571577705009,100.80683135986328,28850800,0.0,0.0,3790.929931640625,,276.123291015625,100.80683135986328,0.029960322245624057,0.4498121695904136,0.030583700679551518,0.0,0.03144102603212118,0
2022-10-05 04:00:00+00:00,99.0116735801322,101.09445790974014,97.99011792498692,100.59855651855467,22176900,0.0,0.0,3783.280029296875,,275.9764099121094,100.59855651855467,-0.002068215927529496,0.42430222351637914,-0.002017948757084831,0.0,-0.0005319402900616499,0
2022-10-06 04:00:00+00:00,99.85470635132027,102.08626265455284,99.76544016442644,100.58863830566406,22324000,0.0,0.0,3744.52001953125,,273.8037414550781,100.58863830566406,-9.859686057361506e-05,0.34247686690495355,-0.010245080846639998,0.0,-0.007872660049904945,0
2022-10-07 04:00:00+00:00,99.03150112865876,99.70592728808386,97.49421143647145,97.87109375,27502800,0.0,0.0,3639.659912109375,,263.37066650390625,97.87109375,-0.027388069065738117,0.389246911220177,-0.028003617786773516,0.0,-0.03810420886043142,0
2022-10-10 04:00:00+00:00,98.18847005614693,98.28764881556005,96.2147847464648,97.0578155517578,18225100,0.0,0.0,3612.389892578125,,260.73797607421875,97.0578155517578,-0.00834440535409278,0.32813016163497977,-0.00749246363390188,0.0,-0.009996141425447802,0
2022-10-11 04:00:00+00:00,96.63133537448569,98.43641594865332,95.52051364928484,96.38338470458984,26507100,0.0,0.0,3588.840087890625,,257.1558837890625,96.38338470458984,-0.006973008635193652,0.17206475095475707,-0.006519175777754405,0.0,-0.013738283694188835,0
2022-10-12 04:00:00+00:00,96.50241351977157,97.94052452401525,95.94699881751596,96.7602767944336,21876400,0.0,0.0,3577.030029296875,,257.0677795410156,96.7602767944336,0.003902717441464836,0.19130856776460378,-0.0032907731480149582,0.0,-0.0003426102749378712,0
2022-10-13 04:00:00+00:00,94.37003338415457,98.96207740272202,93.6063410275305,98.24797821044922,34574500,0.0,0.0,3669.909912109375,,263.0965881347656,98.24797821044922,0.015258126160504627,0.2516910462668564,0.02596564246086497,0.0,0.02345221406009812,0
2022-10-14 04:00:00+00:00,99.17036238714928,99.86462890500115,95.58004100220128,95.76847839355467,25410700,0.0,0.0,3583.070068359375,,255.1887054443359,95.76847839355467,-0.025561077252091457,0.24144534085625272,-0.02366266361565439,0.0,-0.030056956445132843,0
2022-10-17 04:00:00+00:00,98.04961114220065,100.1026423367072,98.01985827322795,99.1505126953125,28419200,0.0,0.0,3677.949951171875,,263.6153259277344,99.1505126953125,0.03470543058340637,0.36055473737653,0.026480052302171098,0.0,0.03302113417882646,1
2022-10-18 04:00:00+00:00,102.28460943852184,102.62182629033514,99.15051685012314,99.94395446777344,24060700,0.0,0.0,3719.97998046875,,265.7000427246094,99.94395446777344,0.007970547693774975,0.3465428064934895,0.011427569666488724,0.0,0.007908177529277971,1
2022-10-19 04:00:00+00:00,99.19019861679422,100.1919139812081,98.10912964670428,98.81330871582033,23811100,0.0,0.0,3695.159912109375,,264.7310485839844,98.81330871582033,-0.011377274268508437,0.3719053389097055,-0.0066720972934503076,0.0,-0.0036469476281918434,1
2022-10-20 04:00:00+00:00,99.18026556428518,101.48124742270244,98.57526533899474,99.1505126953125,25323200,0.0,0.0,3665.780029296875,,263.38037109375,99.1505126953125,0.0034067265747333986,0.35899643497566747,-0.007950909706564868,0.0,-0.005102074340954665,1
2022-10-21 04:00:00+00:00,97.04789091631268,100.47952728786818,96.91895929172544,100.3010025024414,32458700,0.0,0.0,3752.75,,269.5561218261719,100.3010025024414,0.011536664098975634,0.26497509754282456,0.02372481982226482,0.0,0.02344802958085146,1
2022-10-24 04:00:00+00:00,100.96551960605208,101.90772916035505,99.1604389639881,101.67961120605467,27176400,0.0,0.0,3797.340087890625,,272.5216064453125,101.67961120605467,0.01365111321538032,0.15817664085441022,0.011881976654619875,0.0,0.0110013625327825,1
2022-10-25 04:00:00+00:00,102.05649280400968,103.9607520499476,101.87796802677464,103.62354278564452,40611400,0.0,0.0,3859.110107421875,,278.158935546875,103.62354278564452,0.01893774780176648,0.1874431679612645,0.016266654579669915,0.0,0.020685806072751722,0
2022-10-26 04:00:00+00:00,95.6395366616455,97.50412305253045,93.91380204631294,94.1518325805664,88114100,0.0,0.0,3830.60009765625,,272.0126647949219,94.1518325805664,-0.0958558315830479,0.7699953875253412,-0.007387716072364547,0.0,-0.022096254933781756,0
2022-10-27 04:00:00+00:00,93.74519206481908,94.64773619425108,91.04749495639447,91.46405029296876,60710900,0.0,0.0,3807.300048828125,,267.0603942871094,91.46405029296876,-0.028962717285544573,0.7696678003507088,-0.006082610618211248,0.0,-0.01820602916245151,0
2022-10-28 04:00:00+00:00,91.51362808644828,95.7585498263694,91.37477631943048,95.50067901611328,43697300,0.0,0.0,3901.06005859375,,275.2326354980469,95.50067901611328,0.043187355471986995,0.8678975504876223,0.024626377895927698,0.0,0.03060072322873819,0
2022-10-31 04:00:00+00:00,94.63781949338367,95.24281979479946,93.20962863501364,93.73528289794922,31675000,0.0,0.0,3871.97998046875,,272.0322265625,93.73528289794922,-0.018658687472162108,0.8428256765815721,-0.00745440410765752,0.0,-0.011628013988078001,0
2022-11-01 04:00:00+00:00,94.6675668774688,95.2428142728165,89.62921479576478,89.7283935546875,47161400,0.0,0.0,3856.10009765625,,269.25274658203125,89.7283935546875,-0.0436874120575773,0.7938512494764223,-0.004101230608784645,0.0,-0.01021746583333627,0
2022-11-02 04:00:00+00:00,90.19454589639707,90.43257644134616,86.16782152387951,86.25708770751953,57038300,0.0,0.0,3759.68994140625,,260.0234375,86.25708770751953,-0.039455029193790354,0.5603214590408261,-0.02500198485734284,0.0,-0.034277492798831743,0
2022-11-03 04:00:00+00:00,85.61241063994241,85.81076815755338,82.6568351996716,82.74610137939453,61288000,0.0,0.0,3719.889892578125,,254.94395446777344,82.74610137939453,-0.04155532894688394,0.5831942441119096,-0.010585992315429671,0.0,-0.01953471225926151,0
2022-11-04 04:00:00+00:00,84.69994994578491,85.92978314388307,83.02380100389072,85.87027740478516,51124900,0.0,0.0,3770.550048828125,,259.0447692871094,85.87027740478516,0.03706085529219317,0.5414834692263459,0.013618724670070526,0.0,0.016085162042366763,0
2022-11-07 05:00:00+00:00,86.56453757303696,88.1712606549143,86.13806211366017,87.76461791992188,34078900,0.0,0.0,3806.800048828125,,261.8927917480469,87.76461791992188,0.02182067925453016,0.6237403182880297,0.009613981920559844,0.0,0.010994325300507812,0
2022-11-08 05:00:00+00:00,88.17127227783203,89.5796304672484,86.87200543719126,88.17127227783203,30429000,0.0,0.0,3828.110107421875,,263.80133056640625,88.17127227783203,0.004622764367574696,0.5664592565461145,0.005597892802462701,0.0,0.007287481284309116,0
2022-11-09 05:00:00+00:00,87.72495193475426,88.70684212468586,86.56454451049467,86.60421752929688,31769100,0.0,0.0,3748.570068359375,,257.71368408203125,86.60421752929688,-0.017932683177051437,0.49671100257991607,-0.02077788695478977,0.0,-0.02307663297718876,0
2022-11-10 05:00:00+00:00,91.4938033302298,93.61626060159357,90.8590501780568,93.16995239257812,51620100,0.0,0.0,3956.3701171875,,276.7300109863281,93.16995239257812,0.0730767548438687,0.5451527105432192,0.05543448436034493,0.0,0.07378858042417291,0
2022-11-11 05:00:00+00:00,93.91379579403652,96.13543162182418,93.15010351248674,95.61969757080078,33090500,0.0,0.0,3992.929931640625,,281.8291320800781,95.61969757080078,0.025953569880807808,0.5336217653737156,0.009240746788147902,0.0,0.018426339360792854,0
2022-11-14 05:00:00+00:00,94.31051943427283,95.99658864167772,93.73527959271192,94.91551971435548,30179500,0.0,0.0,3957.25,,279.3628234863281,94.91551971435548,-0.00739161056514615,0.5714991956262769,-0.008935777048800997,0.0,-0.008751077560886222,0
2022-11-15 05:00:00+00:00,97.4545394739204,99.31912590340237,95.91724219824152,97.63306427001952,41640800,0.0,0.0,3991.72998046875,,283.22869873046875,97.63306427001952,0.02822897950259945,0.567318962061885,0.008713116550319144,0.0,0.013838187901654697,0
2022-11-16 05:00:00+00:00,97.09747864197374,98.8232130932626,96.83960784038,98.03968811035156,29105200,0.0,0.0,3958.7900390625,,279.3628234863281,98.03968811035156,0.004156168099147599,0.48968425821153866,-0.008252046497990273,0.0,-0.01364930623721694,0
2022-11-17 05:00:00+00:00,96.17511335721086,98.46617527590662,95.99658856050377,97.55371856689452,26052600,0.0,0.0,3946.56005859375,,278.7462158203125,97.55371856689452,-0.004969191464177064,0.2684941817265423,-0.0030893228355314273,0.0,-0.0022071929912528265,0
2022-11-18 05:00:00+00:00,97.96035978371822,98.08929899123864,95.5800391036644,96.63134765625,28342300,0.0,0.0,3965.340087890625,,278.7559814453125,96.63134765625,-0.009499987466118853,0.24612848876923898,0.00475858190881473,0.0,3.503410789362782e-05,0
2022-11-21 05:00:00+00:00,96.4924943514118,97.5933960537091,94.57831466395253,94.81634521484376,21647400,0.0,0.0,3949.93994140625,,275.88836669921875,94.81634521484376,-0.01896138619877069,0.28490288779094675,-0.003883688698329779,0.0,-0.010287186417401895,0
2022-11-22 05:00:00+00:00,95.1634740801226,96.42306785300386,93.27905484436155,96.25446319580078,23438500,0.0,0.0,4003.580078125,,279.8619079589844,96.25446319580078,0.01505353068144013,0.2066603501485827,0.013579987927526016,0.0,0.01440271406622129,0
2022-11-23 05:00:00+00:00,96.29412816473292,97.95044455619234,96.29412816473292,97.65290069580078,18868100,0.0,0.0,4027.260009765625,,282.67083740234375,97.65290069580078,0.01442401894936312,0.23891169075129381,0.0059146891478476515,0.0,0.01003684089715784,0
2022-11-25 05:00:00+00:00,97.43469959629758,97.83142220785663,96.60158892219252,96.66109466552734,9701400,0.0,0.0,4026.1201171875,,280.8113098144531,96.66109466552734,-0.010208370647639317,0.24742809970374124,-0.0002830441976333642,0.0,-0.006578420345653924,0
2022-11-28 05:00:00+00:00,96.24453206128982,96.7801064114265,94.82625393968354,95.2626495361328,26237500,0.0,0.0,3963.93994140625,,276.69085693359375,95.2626495361328,-0.014573182541829089,0.25964448708685206,-0.015444192913123267,0.0,-0.014673386494233331,0
2022-11-29 05:00:00+00:00,94.94528050830176,95.33208297513312,93.33855733056448,94.40970611572266,20061700,0.0,0.0,3957.6298828125,,274.596435546875,94.40970611572266,-0.008993921829728259,0.22845587004788487,-0.0015918653377758885,0.0,-0.007569535943218408,0
2022-11-30 05:00:00+00:00,94.0427413130184,100.2117559475668,93.64601867914251,100.16216278076172,43647500,0.0,0.0,4080.110107421875,,287.1141662597656,100.16216278076172,0.0591466134886338,0.48845543481858467,0.030947872397389053,0.0,0.045585918433212136,0
2022-12-01 05:00:00+00:00,100.1919156541028,101.4118364290716,99.42823082654697,100.16216278076172,28687100,0.0,0.0,4076.570068359375,,287.46649169921875,100.16216278076172,0.0,0.4871600456213898,-0.0008676332180498347,0.0,0.0012271266306460582,0
2022-12-02 05:00:00+00:00,98.23807103454332,99.94396550598157,98.08929910016104,99.6166763305664,21480700,0.0,0.0,4071.699951171875,,286.3214111328125,99.6166763305664,-0.005460916764039907,0.47887274824235526,-0.001194660488065602,0.0,-0.003983353188880101,0
2022-12-05 05:00:00+00:00,98.58518949074,100.54895459128151,98.18846689898945,98.66453552246094,24405100,0.0,0.0,3998.840087890625,,281.5158996582031,98.66453552246094,-0.009604017624859176,0.46654859544446736,-0.017894212283564803,0.0,-0.016783625980315908,0
2022-12-06 05:00:00+00:00,98.48601782310948,98.9620789139917,95.62962101039768,96.1850357055664,24910700,0.0,0.0,3941.260009765625,,275.68280029296875,96.1850357055664,-0.025451774412470055,0.5143168329848584,-0.014399194981406072,0.0,-0.020720319428907952,0
2022-12-07 05:00:00+00:00,95.61970972120518,96.08585067198514,93.94356060039664,94.16175842285156,31045400,0.0,0.0,3933.919921875,,274.55731201171875,94.16175842285156,-0.02125965395892311,0.1699685926605707,-0.0018623708845491027,0.0,-0.004082548059051727,0
2022-12-08 05:00:00+00:00,94.59813448405296,94.79649955511114,92.68395505775044,92.94182586669922,32213300,0.0,0.0,3963.510009765625,,277.80657958984375,92.94182586669922,-0.013040368503036626,0.13099283500909964,0.00752178195750397,0.0,0.011834569454068244,0
2022-12-09 05:00:00+00:00,93.0013431152763,93.48733192437892,91.98970761165847,92.06905364990234,28225400,0.0,0.0,3934.3798828125,,276.03509521484375,92.06905364990234,-0.009434890460238892,0.11487819700813386,-0.007349578247904498,0.0,-0.006376682573952852,0
2022-12-12 05:00:00+00:00,91.9500324704772,92.79306329851202,90.85905095379364,92.54511260986328,29420000,0.0,0.0,3990.56005859375,,279.4997863769531,92.54511260986328,0.0051573508664110946,0.18874668993776364,0.014279296218109305,0.0,0.012551632825575032,0
2022-12-13 05:00:00+00:00,96.958644678424,98.71413232006633,94.25101968178204,94.84609985351562,40593700,0.0,0.0,4019.64990234375,,282.50439453125,94.84609985351562,0.024559346917293362,0.28634670470843393,0.0072896644387934195,0.0,0.010749947945379201,0
2022-12-14 05:00:00+00:00,94.41962683487034,96.07594331959716,92.83274381275208,94.29069519042967,28733600,0.0,0.0,3995.320068359375,,280.40997314453125,94.29069519042967,-0.00587306409009344,0.24113405529619364,-0.006052724634100337,0.0,-0.007413765687411478,0
2022-12-15 05:00:00+00:00,92.36660072509676,92.87242231937816,89.27218054091779,90.1152114868164,40107000,0.0,0.0,3895.75,,270.994873046875,90.1152114868164,-0.04529353305033311,0.4058102940316341,-0.024921675023714007,0.0,-0.03357619556849156,0
2022-12-16 05:00:00+00:00,90.01601241882409,90.5813396378672,88.78617166028681,89.52011108398438,58011800,0.0,0.0,3852.360107421875,,268.41107177734375,89.52011108398438,-0.006625674409327495,0.4048784439703794,-0.011137750774080746,0.0,-0.00953450240766851,0
2022-12-19 05:00:00+00:00,89.52012290883614,89.81765920892968,87.48692414068339,87.71504211425781,29493000,0.0,0.0,3817.659912109375,,264.6388854980469,87.71504211425781,-0.020369902380345813,0.4026416767647611,-0.009007516001852345,0.0,-0.014053765570542609,0
2022-12-20 05:00:00+00:00,87.38773902543626,88.44896764240224,86.7232330132954,88.29027557373047,23453800,0.0,0.0,3821.6201171875,,264.432861328125,88.29027557373047,0.006536569635302429,0.3136481800206256,0.0010373383615349674,0.0,-0.0007785105712417861,0
2022-12-21 05:00:00+00:00,88.349786515183,89.48044099017838,87.59601434290138,88.84568786621094,24745600,0.0,0.0,3878.43994140625,,268.2687683105469,88.84568786621094,0.006271048542308658,0.3445883487609134,0.014867993802734736,0.0,0.014506166000533671,0
2022-12-22 05:00:00+00:00,87.43734154375588,87.8142238968935,85.61242039304902,87.04061889648438,27658300,0.0,0.0,3822.389892578125,,261.70556640625,87.04061889648438,-0.02052612711884967,0.2131553381084682,-0.01445169956861636,0.0,-0.02446502418313312,0
2022-12-23 05:00:00+00:00,86.39593360126003,88.81593460502073,86.35626058532988,88.4985580444336,23003000,0.0,0.0,3844.820068359375,,262.2941589355469,88.4985580444336,0.016611365032051316,0.27125215945469544,0.005868102525282026,0.0,0.0022490638520971107,0
2022-12-27 05:00:00+00:00,88.07209058240402,88.21094236734609,86.29676268423916,86.67364501953125,20097300,0.0,0.0,3829.25,,258.5857849121094,86.67364501953125,-0.020836400035880224,0.2732235300115676,-0.004049622110409712,0.0,-0.014138225717595043,0
2022-12-28 05:00:00+00:00,86.26701007977196,87.31831861670652,85.23553426923881,85.31487274169922,19523200,0.0,0.0,3783.219970703125,,255.17172241210935,85.31487274169922,-0.01580106121259409,0.2732738671018424,-0.012020638322615351,0.0,-0.01320282358583802,0
2022-12-29 05:00:00+00:00,85.9099593646084,88.12167532237186,85.9000392181079,87.7249526977539,23333500,0.0,0.0,3849.280029296875,,261.3915710449219,87.7249526977539,0.027857584909140278,0.3658809518087529,0.01746133164481911,0.0,0.024375148523578583,0
2022-12-30 05:00:00+00:00,86.26701373187004,87.57619316857544,85.8603709383056,87.50676727294922,23986300,0.0,0.0,3839.5,,261.234619140625,87.50676727294922,-0.002490251623335028,0.3307375881060314,-0.0025407424823445934,0.0,-0.0006004474576951635,0
2023-01-03 05:00:00+00:00,88.85559860680175,90.30363718067711,87.79437004023141,88.38945770263672,28131200,0.0,0.0,3824.139892578125,,259.46881103515625,88.38945770263672,0.01003657513920032,0.31414925135636573,-0.004000548879248611,0.0,-0.006759472045771209,0
2023-01-04 05:00:00+00:00,89.60936749638965,89.90691131674406,86.55461353258538,87.35797882080078,34854800,0.0,0.0,3852.969970703125,,260.704833984375,87.35797882080078,-0.011738330254275623,0.28152881803541774,0.007538970575044379,0.0,0.004763666755505547,0
2023-01-05 05:00:00+00:00,86.75298665837843,86.85216541875592,85.19585666320351,85.49339294433594,27194400,0.0,0.0,3808.10009765625,,256.6236877441406,85.49339294433594,-0.02157527806820045,0.30590740752535356,-0.011645528874622113,0.0,-0.015654279124256543,0
2023-01-06 05:00:00+00:00,86.07857453002329,86.9711986526789,84.16439463188344,86.62406158447266,41381500,0.0,0.0,3895.080078125,,263.7068176269531,86.62406158447266,0.01313852691974237,0.23153651318567303,0.02284078102943865,0.0,0.027601231768886958,0
2023-01-09 05:00:00+00:00,87.63568639320383,89.31183536259933,87.13978504764104,87.29846954345703,29003900,0.0,0.0,3892.090087890625,,265.4139099121094,87.29846954345703,0.007755307317395182,0.24278704198451342,-0.0007676325452631305,0.0,0.0064734476738903535,0
2023-01-10 05:00:00+00:00,85.2752044746708,87.94314874861813,85.12643254757823,87.69519805908203,30467800,0.0,0.0,3919.25,,267.6604919433594,87.69519805908203,0.00453421201758667,0.23061368099394955,0.006978233159061986,0.0,0.008464447217532589,0
2023-01-11 05:00:00+00:00,88.44897568545483,90.84913669096524,88.28037102229985,90.76979064941406,26862000,0.0,0.0,3969.610107421875,,272.2911071777344,90.76979064941406,0.03445938444397128,0.31874793830562026,0.012849424614881588,0.0,0.017300331478711017,0
2023-01-12 05:00:00+00:00,90.730102039367,91.11690443464056,89.01428027129603,90.38296508789062,30258100,0.0,0.0,3983.169921875,,273.76263427734375,90.38296508789062,-0.004270717802690347,0.23009402557602396,0.0034159058663651987,0.0,0.005404242227598166,0
2023-01-13 05:00:00+00:00,90.10528201196576,91.43430168612431,89.39118279204233,91.36487579345705,26329200,0.0,0.0,3999.090087890625,,275.64630126953125,91.36487579345705,0.010805303153353268,0.22940182750060417,0.003996858363534361,0.0,0.006880657753604247,0
2023-01-17 05:00:00+00:00,91.30535652243567,91.49380146174484,89.3118384915669,90.54167175292967,32602400,0.0,0.0,3990.969970703125,,276.2054748535156,90.54167175292967,-0.009050907416904496,0.2701935529728211,-0.0020304911890052235,0.0,0.002028590920353457,0
2023-01-18 05:00:00+00:00,91.38470524390696,92.0392986943226,89.89700111134908,90.3730697631836,29116700,0.0,0.0,3928.860107421875,,272.6148376464844,90.3730697631836,-0.00186388391730062,0.2780174737097437,-0.015562598500411085,0.0,-0.012999877026099949,0
2023-01-19 05:00:00+00:00,89.97633709754706,92.8426461340969,89.88707092480017,92.28723907470705,37000400,0.0,0.0,3898.85009765625,,269.9365234375,92.28723907470705,0.020959554905020182,0.19518457472920728,-0.007638350296294338,0.0,-0.009824535715321159,0
2023-01-20 05:00:00+00:00,94.3204372009586,97.49421044649549,94.24109116727796,97.21649932861328,63191100,0.0,0.0,3972.610107421875,,277.3238525390625,97.21649932861328,0.05203456616815037,0.379547884120001,0.018918401045981525,0.0,0.027366912070618366,0
2023-01-23 05:00:00+00:00,97.1470790758333,99.21995081656388,96.70077085248676,98.97200012207033,40005100,0.0,0.0,4019.81005859375,,283.48486328125,98.97200012207033,0.017896539841392518,0.3784455875132628,0.01188134498366522,0.0,0.022215942428968294,0
2023-01-24 05:00:00+00:00,97.29584675272618,98.79347100071968,96.40322277819844,96.8991241455078,33078500,0.0,0.0,4016.949951171875,,282.9060974121094,96.8991241455078,-0.021166502971861123,0.4345729313971491,-0.0007115031258156934,0.0,-0.002041611190246928,0
2023-01-25 05:00:00+00:00,94.78659786716852,95.3717654821698,92.9914371339382,94.43946838378906,42330000,0.0,0.0,4016.219970703125,,282.2781677246094,94.43946838378906,-0.02571139705078119,0.5137100457129052,-0.0001817250594663422,0.0,-0.0022195692961163305,1
2023-01-26 05:00:00+00:00,95.70896843494371,96.77019710869844,94.59814659536164,96.7206039428711,30114000,0.0,0.0,4060.429931640625,,287.7818908691406,96.7206039428711,0.02386736746777761,0.5184383259876958,0.011007853469181317,0.0,0.019497516187297448,1
2023-01-27 05:00:00+00:00,96.51233145386188,99.4976601059748,96.51233145386188,98.55545043945312,33879800,0.0,0.0,4070.56005859375,,290.64654541015625,98.55545043945312,0.01879288787898168,0.3818787953638971,0.002494840970949097,0.0,0.009954255746822627,1
2023-01-30 05:00:00+00:00,96.68093725731848,97.48429507886306,95.60978845068932,96.1453628540039,27226200,0.0,0.0,4017.77001953125,,284.77008056640625,96.1453628540039,-0.024758095781519267,0.3950301390998993,-0.012968740984683369,0.0,-0.02021859518563074,1
2023-01-31 05:00:00+00:00,96.07593999568378,98.0694581762873,96.02634682892344,98.02978515625,29870700,0.0,0.0,4076.60009765625,,289.03765869140625,98.02978515625,0.019410120034691516,0.4005522260326404,0.014642470285510134,0.0,0.014986048100670502,1
2023-02-01 05:00:00+00:00,97.90085604626204,100.36053038415383,96.78012157695186,99.60675811767578,35531100,0.0,0.0,4119.2099609375,,295.21826171875,99.60675811767578,0.015958652216804398,0.31745642978855065,0.010452303944590291,0.0,0.02138338324260558,1
2023-02-02 05:00:00+00:00,104.93272708957907,106.9659180535198,104.74428215805406,106.85681915283205,69883800,0.0,0.0,4179.759765625,,305.8136291503906,106.85681915283205,0.07025978472038273,0.5352468814317393,0.014699373244309921,0.0,0.03588994586566141,0
2023-02-03 05:00:00+00:00,102.0862481346533,106.92624239319603,101.73911871689424,103.92108154296876,65309300,0.0,0.0,4136.47998046875,,300.378662109375,103.92108154296876,-0.027858019830612823,0.6347241613948885,-0.010354610691310495,0.0,-0.01777215442004665,0
2023-02-06 05:00:00+00:00,101.56060951901542,103.50454212360086,101.04486781904797,102.05651092529295,31999600,0.0,0.0,4111.080078125,,297.83770751953125,102.05651092529295,-0.018105091219158688,0.6127508217254373,-0.006140463017754394,0.0,-0.008459171407183774,0
2023-02-07 05:00:00+00:00,102.3738930595634,107.29323436787848,102.27471428631476,106.75765991210938,49010200,0.0,0.0,4164.0,,304.00848388671875,106.75765991210938,0.04503471660498505,0.6577980679956256,0.01287251059802652,0.0,0.020718586704750352,0
2023-02-08 05:00:00+00:00,101.21348233996603,102.29454379804132,97.23635085283868,98.55545043945312,94743500,0.0,0.0,4117.85986328125,,298.6029052734375,98.55545043945312,-0.07994206674557312,0.953681568227412,-0.011080724476164705,0.0,-0.0177810123723241,0
2023-02-09 05:00:00+00:00,99.18028778419212,99.21004065983053,92.86250072827112,94.23119354248048,119455000,0.0,0.0,4081.5,,295.9638366699219,94.23119354248048,-0.04486806999885382,0.7263273213408843,-0.00882979617773516,0.0,-0.008838054007207274,0
2023-02-10 05:00:00+00:00,94.66757593087634,95.9569226207394,93.47741557627585,93.79479217529295,54980700,0.0,0.0,4090.4599609375,,294.0213928222656,93.79479217529295,-0.00464193445535242,0.7394511623762959,0.0021952617756952897,0.0,-0.006563112133941562,0
2023-02-13 05:00:00+00:00,93.9634043087449,94.4196327331756,93.07078018839977,93.83447265625,50076100,0.0,0.0,4137.2900390625,,298.73040771484375,93.83447265625,0.0004229668712313179,0.7547789498846779,0.011448609342766147,0.0,0.016015892066141957,0
2023-02-14 05:00:00+00:00,93.65593419962757,94.0724895395363,91.50372404324447,93.90388488769533,54726100,0.0,0.0,4136.1298828125,,300.9378356933594,93.90388488769533,0.0007394571414842657,0.5687475446902659,-0.0002804145319874607,0.0,0.007389364863796377,0
2023-02-15 05:00:00+00:00,93.7154415296958,96.32388765510876,93.37823222030585,96.1453628540039,50169000,0.0,0.0,4147.60009765625,,303.2433166503906,96.1453628540039,0.023589484659971453,0.3944174809606206,0.002773175690496066,0.0,0.007660987365445182,0
2023-02-16 05:00:00+00:00,94.58823713954602,96.8792992195654,93.9633965236462,94.72708892822266,42462600,0.0,0.0,4090.409912109375,,297.5531311035156,94.72708892822266,-0.0148612334082945,0.223667737641514,-0.013788741489130674,0.0,-0.018764421949108323,0
2023-02-17 05:00:00+00:00,94.07250822512454,94.77668741108528,92.44595199366611,93.57660675048828,34284100,0.0,0.0,4079.090087890625,,295.4537353515625,93.57660675048828,-0.012219584849015244,0.2415690204877029,-0.002767405825327751,0.0,-0.007055532382291618,0
2023-02-21 05:00:00+00:00,92.23765518012942,92.33683394114578,90.96814887866952,91.0375747680664,33629300,0.0,0.0,3997.340087890625,,288.4587707519531,91.0375747680664,-0.027508093534613927,0.3074850734202508,-0.020041234255327334,0.0,-0.023675329713757076,0
2023-02-22 05:00:00+00:00,90.94831301648848,91.35495579337405,89.86725160509873,90.8987274169922,30884000,0.0,0.0,3991.050048828125,,288.6746520996094,90.8987274169922,-0.0015263295599887224,0.3047407552686227,-0.0015735561458868341,0.0,0.000748395852528505,0
2023-02-23 05:00:00+00:00,91.16649105140723,91.18633134038276,89.024201420095,90.14493560791016,41206400,0.0,0.0,4012.320068359375,,291.1959533691406,90.14493560791016,-0.008327230595280524,0.1522579105641923,0.005329429416074394,0.0,0.008734058398245814,0
2023-02-24 05:00:00+00:00,88.70683991186095,89.15314812025682,87.85388894602733,88.39937591552734,36585100,0.0,0.0,3970.0400390625,,286.3201599121094,88.39937591552734,-0.01955386083751237,0.1595579541194164,-0.010537551485558128,0.0,-0.0167440288940085,0
2023-02-27 05:00:00+00:00,89.13331604003906,89.42093974612138,88.60765422535826,89.13331604003906,27502300,0.0,0.0,3982.239990234375,,288.37054443359375,89.13331604003906,0.008268272144122771,0.22530823578364734,0.0030730045671669703,0.0,0.007161160157614477,0
2023-02-28 05:00:00+00:00,88.59775024323443,90.48217716813194,88.58783009603324,89.32176208496094,30142000,0.0,0.0,3970.14990234375,,287.9976806640625,89.32176208496094,0.0021119725697657413,0.1692039342479847,-0.0030360018281855305,0.0,-0.0012930022733896873,0
2023-03-01 05:00:00+00:00,89.24241090828541,90.28379921055804,88.93494692364422,89.61929321289062,31111200,0.0,0.0,3951.389892578125,,285.6824645996094,89.61929321289062,0.003325468284823243,0.17666256601567476,-0.004725264845680033,0.0,-0.008039009408390752,0
2023-03-02 05:00:00+00:00,88.92503489270483,91.52355315835904,88.85560143860462,91.245849609375,32204400,0.0,0.0,3981.35009765625,,288.0467224121094,91.245849609375,0.01798688485702098,0.21885748310409703,0.0075821940867943916,0.0,0.008275824054561953,0
2023-03-03 05:00:00+00:00,91.72191687766424,92.96167025066715,91.69215644055474,92.88232421875,35160100,0.0,0.0,4045.639892578125,,294.0018005371094,92.88232421875,0.017775853269586625,0.12140806250138504,0.0161477371607488,0.0,0.02067400064521485,0
2023-03-06 05:00:00+00:00,93.24929513438325,95.18331511806566,93.22946240796789,94.3501968383789,32639300,0.0,0.0,4048.419921875,,294.33526611328125,94.3501968383789,0.01567999710481673,0.12645407597117905,0.0006871667698291617,0.0,0.0011342297073102525,0
2023-03-07 05:00:00+00:00,94.2014439340196,94.88578279800367,92.76332517115746,93.0906219482422,27835500,0.0,0.0,3986.3701171875,,290.72503662109375,93.0906219482422,-0.013439909813752733,0.21525265440878974,-0.015326919115337678,0.0,-0.012265704819748091,0
2023-03-08 05:00:00+00:00,93.3484777291188,95.1733911604508,93.229458674828,93.47740936279295,34103300,0.0,0.0,3992.010009765625,,292.177001953125,93.47740936279295,0.004146347752896992,0.21414177314861374,0.0014147940136839399,0.0,0.004994290649702915,0
2023-03-09 05:00:00+00:00,93.27905456209557,94.74691844025844,91.14667706997916,91.563232421875,28813500,0.0,0.0,3918.320068359375,,287.11480712890625,91.563232421875,-0.020689997682704287,0.27326886235521186,-0.01845935787384867,0.0,-0.017325781257180872,0
2023-03-10 05:00:00+00:00,91.41445442058324,92.02937482791764,89.65896694454361,89.88707733154297,35941000,0.0,0.0,3861.590087890625,,283.08270263671875,89.88707733154297,-0.018475612102525713,0.25077390122910104,-0.01447813845705137,0.0,-0.014043526812524187,0
2023-03-13 04:00:00+00:00,89.35150093708918,91.811174943956,88.68699494914536,90.36314392089844,37335600,0.0,0.0,3855.760009765625,,285.18212890625,90.36314392089844,0.005282298052206845,0.19800256046686088,-0.001509761003189447,0.0,0.007416300077597748,0
2023-03-14 04:00:00+00:00,91.80126150060728,93.58650950422468,91.6822500116025,93.19970703125,36050200,0.0,0.0,3919.2900390625,,291.7354736328125,93.19970703125,0.030908093969249022,0.3338891585782633,0.016476655480623936,0.0,0.022979506996796628,0
2023-03-15 04:00:00+00:00,92.45585699442236,96.13544442535732,91.88060956204424,95.3221664428711,50622100,0.0,0.0,3891.929931640625,,293.2658996582031,95.3221664428711,0.022517801831157723,0.3708750228921048,-0.00698088356543769,0.0,0.005245937377217569,0
2023-03-16 04:00:00+00:00,95.41143478331126,100.36053664176085,94.7171757885666,99.49766540527344,65492000,0.0,0.0,3960.280029296875,,300.9966735839844,99.49766540527344,0.04287180054945792,0.37969090124858496,0.017562006217166637,0.0,0.02636097116913816,0
2023-03-17 04:00:00+00:00,99.43813510487313,101.99698017297794,99.279443049905,100.7869873046875,61028500,0.0,0.0,3916.639892578125,,299.57415771484375,100.7869873046875,0.012875072478669241,0.23465704986116517,-0.011019457310067593,0.0,-0.004726018570911927,0
2023-03-20 04:00:00+00:00,99.29929255271747,100.91592828670724,99.05134186896636,100.39027404785156,32960400,0.0,0.0,3951.570068359375,,300.6373291015625,100.39027404785156,-0.003943922572486685,0.28253200900718617,0.008918403718310097,0.0,0.0035489422546612914,0
2023-03-21 04:00:00+00:00,100.42002246352078,104.23846131049126,100.39026959348747,104.0599365234375,42110300,0.0,0.0,4002.8701171875,,304.9311828613281,104.0599365234375,0.03590171533045248,0.295442822672313,0.012982193897784988,0.0,0.014282503681753544,0
2023-03-22 04:00:00+00:00,103.41527577821408,105.71625799716358,102.48298628129344,102.5226593017578,43427400,0.0,0.0,3936.969970703125,,300.7846374511719,102.5226593017578,-0.014883205356823102,0.39440751058146334,-0.01646322377571363,0.0,-0.013598299036677863,0
2023-03-23 04:00:00+00:00,104.19880816609636,105.42864918560568,103.60372795138356,104.73438262939452,40797800,0.0,0.0,3948.719970703125,,304.3514099121094,104.73438262939452,0.02134361533795568,0.3195782181428278,0.0029845287333754023,0.0,0.011858226840180786,0
2023-03-24 04:00:00+00:00,104.12937541633212,104.62527682377592,102.98880066584036,104.57569122314452,30393300,0.0,0.0,3970.989990234375,,305.4715270996094,104.57569122314452,-0.0015163287053997008,0.3283661231764181,0.005639807253104534,0.0,0.003680341707053225,0
2023-03-27 04:00:00+00:00,103.7624071449764,103.90125892558603,101.09445530767545,101.62010955810548,31120900,0.0,0.0,3977.530029296875,,303.3786926269531,101.62010955810548,-0.028669682857477483,0.41703387378467566,0.0016469543057482383,0.0,-0.006851160540320422,0
2023-03-28 04:00:00+00:00,101.60027347597008,101.6101860550758,98.9224015808462,100.20182800292967,32057900,0.0,0.0,3971.27001953125,,301.7672424316406,100.20182800292967,-0.014055012254021686,0.29840043598801624,-0.0015738434957162095,0.0,-0.005311678883440973,0
2023-03-29 04:00:00+00:00,101.44157984306123,101.64985750388202,99.8249441518215,100.55887603759766,28779600,0.0,0.0,4027.81005859375,,307.2696228027344,100.55887603759766,0.003556955160322463,0.29859106992195766,0.014237268879836451,0.0,0.01823385575835057,0
2023-03-30 04:00:00+00:00,100.08281331374552,100.33076398682464,98.96207142864132,100.06297302246094,33086200,0.0,0.0,4050.830078125,,310.1781005859375,100.06297302246094,-0.004943669171062323,0.20119131080684713,0.005715269388667954,0.0,0.00946555587458886,0
2023-03-31 04:00:00+00:00,100.46961878932184,103.0383842078249,100.2117479628211,102.87969970703124,36863400,0.0,0.0,4109.31005859375,,315.33660888671875,102.87969970703124,0.027760623602886666,0.33428642402650344,0.014436542471763847,0.0,0.01663079466615036,0
2023-04-03 04:00:00+00:00,101.55067181728566,103.67312886389983,101.09444351040028,103.50452423095705,25035400,0.0,0.0,4124.509765625,,314.5701599121094,103.50452423095705,0.0060549825077499736,0.24776825748621423,0.0036988464765423945,0.0,-0.0024305740374239715,0
2023-04-04 04:00:00+00:00,103.47477744759011,104.71453082187776,103.18715375673288,103.86157989501952,24420100,0.0,0.0,4100.60009765625,,313.50897216796875,103.86157989501952,0.003443725949667632,0.19424345407557508,-0.005796972083329965,0.0,-0.003373453300329343,0
2023-04-05 04:00:00+00:00,104.91290680452715,105.23028342154356,102.8102895543644,103.6136474609375,28290500,0.0,0.0,4090.3798828125,,310.41387939453125,103.6136474609375,-0.0023899966782464895,0.20548401258331173,-0.002492370531228194,0.0,-0.009872421679144927,0
2023-04-06 04:00:00+00:00,104.39716471996437,108.27510972849136,103.47478781441008,107.53125762939452,48711500,0.0,0.0,4105.02001953125,,312.5067138671875,107.53125762939452,0.03711252055035462,0.2710253237362936,0.0035791630944272956,0.0,0.006742077631123777,0
2023-04-10 04:00:00+00:00,106.1030640296918,106.7080567599706,104.25831026578564,105.56748962402344,27067400,0.0,0.0,4109.10986328125,,312.32989501953125,105.56748962402344,-0.018431113484613716,0.3212630592081569,0.0009963029974375814,0.0,-0.0005658081564653417,0
2023-04-11 04:00:00+00:00,105.67657981839106,105.85510460555604,103.82190606100232,104.48641204833984,26311800,0.0,0.0,4108.93994140625,,310.325439453125,104.48641204833984,-0.010293425758715417,0.3388697968691978,-4.1352477946232646e-05,0.0,-0.006417751225129775,0
2023-04-12 04:00:00+00:00,105.70633385627954,105.87493849967196,103.48469035438096,103.78223419189452,24370300,0.0,0.0,4091.949951171875,,307.5840759277344,103.78223419189452,-0.006762232842344995,0.3436311052765692,-0.004134884052006904,0.0,-0.008833834345716607,0
2023-04-13 04:00:00+00:00,104.97239950361016,106.6088755556612,104.97239950361016,106.54936981201172,24843600,0.0,0.0,4146.22021484375,,313.6072998046875,106.54936981201172,0.0263136421832177,0.38925036085730147,0.01326268999363811,0.0,0.01958236576060024,0
2023-04-14 04:00:00+00:00,106.01378928840568,108.04698783654496,105.96419612699584,107.9775619506836,26578000,0.0,0.0,4137.64013671875,,313.0176696777344,107.9775619506836,0.013315001777506196,0.2924589290445056,-0.0020693734728036706,0.0,-0.0018801543437296786,0
2023-04-17 04:00:00+00:00,103.80207449899136,105.28977855307458,103.66321515910444,105.10133361816406,37571200,0.0,0.0,4151.31982421875,,313.2829895019531,105.10133361816406,-0.026998478980315866,0.33169558287118334,0.00330615690296554,0.0,0.0008476193196758075,1
2023-04-18 04:00:00+00:00,105.61706440974724,105.66665757008278,103.21690375984336,103.64337921142578,26596400,0.0,0.0,4154.8701171875,,313.3026428222656,103.64337921142578,-0.013969006398609847,0.33920505959958075,0.0008552202959737354,0.0,6.273344219476229e-05,1
2023-04-19 04:00:00+00:00,102.7309239306776,104.11944920307992,102.225102442597,103.32600402832033,20905700,0.0,0.0,4154.52001953125,,313.15521240234375,103.32600402832033,-0.0030668829070332557,0.3366810348428273,-8.42619976980652e-05,0.0,-0.00047056870824258024,1
2023-04-20 04:00:00+00:00,103.05822535639408,105.37904011363008,103.01855233915232,104.42691040039062,27820800,0.0,0.0,4129.7900390625,,310.7676086425781,104.42691040039062,0.0105983271520245,0.26823918178661005,-0.00595254815297297,0.0,-0.0076243462194013345,1
2023-04-21 04:00:00+00:00,104.6054346972307,105.13108893118996,103.92108839505885,104.54592895507812,25800100,0.0,0.0,4133.52001953125,,311.0918884277344,104.54592895507812,0.0011390816904583772,0.229832518679922,0.0009031888869577287,0.0,0.0010434800028635838,1
2023-04-24 04:00:00+00:00,104.6252649914416,105.75591946719656,103.8417399482686,105.10133361816406,23542800,0.0,0.0,4137.0400390625,,310.4433288574219,105.10133361816406,0.005298480463160488,0.1476915557160776,0.0008515791660903549,0.0,-0.002084784574713061,1
2023-04-25 04:00:00+00:00,104.96249889083178,105.81544995903872,102.98880574375588,102.99872589111328,46664100,0.0,0.0,4071.6298828125,,304.5872497558594,102.99872589111328,-0.020208348679036293,0.1864314108011998,-0.015810858882773227,0.0,-0.018863601041502975,0
2023-04-26 04:00:00+00:00,104.05994371224028,105.47822196102052,101.788714484929,102.85986328125,53347600,0.0,0.0,4055.989990234375,,306.4344482421875,102.85986328125,-0.0013491069911965381,0.18577320010917042,-0.003841187197329843,0.0,0.006064595572561782,0
2023-04-27 04:00:00+00:00,103.59378617149903,107.48165840059524,102.69124967380353,106.70804595947266,50089200,0.0,0.0,4135.35009765625,,314.7666931152344,106.70804595947266,0.036729051597254245,0.32679911112007215,0.01956614972249704,0.0,0.027190953630845005,0
2023-04-28 04:00:00+00:00,106.16256199648848,106.47001841232824,104.22854218991014,106.46009826660156,36139800,0.0,0.0,4169.47998046875,,316.93817138671875,106.46009826660156,-0.0023263119880323055,0.32983727039724586,0.008253202753460531,0.0,0.006898691376757027,0
2023-05-01 04:00:00+00:00,105.96419371928604,107.10476830411024,105.94436099528517,106.3212432861328,26681700,0.0,0.0,4167.8701171875,,316.5745849609375,106.3212432861328,-0.0013051426329576286,0.3310606474239436,-0.0003861064902076494,0.0,-0.0011471840838559455,0
2023-05-02 04:00:00+00:00,106.26174573640694,106.3212514798493,102.85986201062076,104.4566650390625,30997200,0.0,0.0,4119.580078125,,313.8135681152344,104.4566650390625,-0.01769281137265349,0.32059841044523174,-0.011586262936400304,0.0,-0.008721536651603912,0
2023-05-03 04:00:00+00:00,104.66494043938329,106.60887287386204,104.09961318837088,104.54592895507812,21795400,0.0,0.0,4090.75,,311.7599792480469,104.54592895507812,0.0008541896034617842,0.31917559596006134,-0.006998305064656485,0.0,-0.006543977303216542,0
2023-05-04 04:00:00+00:00,104.62527054996112,104.73436945840508,103.117733691147,103.8318328857422,23419500,0.0,0.0,4061.219970703125,,310.6595458984375,103.8318328857422,-0.006853887463421658,0.11733621633704007,-0.007218732334382416,0.0,-0.0035297453902312093,0
2023-05-05 04:00:00+00:00,103.9607606927562,105.01206915340022,103.25658167035746,104.7046127319336,26639300,0.0,0.0,4136.25,,317.2623596191406,104.7046127319336,0.00837057464611686,0.1541583433229294,0.018474751389515376,0.0,0.021254179399534,0
2023-05-08 04:00:00+00:00,104.31780842718317,107.07501872614742,104.29797570257264,106.8865737915039,26511400,0.0,0.0,4138.1201171875,,318.0484313964844,106.8865737915039,0.0206250406171789,0.23148701677003541,0.0004521286642489297,0.0,0.002477671093058076,0
2023-05-09 04:00:00+00:00,107.50149988087897,109.2470748463162,106.31133960304034,106.47002410888672,36360100,0.0,0.0,4119.169921875,,316.0342102050781,106.47002410888672,-0.0039047324148875516,0.17489293724760804,-0.004579421277258522,0.0,-0.006333064378158504,0
2023-05-10 04:00:00+00:00,107.08494078998832,112.01420151452292,107.04526777320253,110.83395385742188,63153400,0.0,0.0,4137.64013671875,,319.47320556640625,110.83395385742188,0.040169688360909374,0.30628105850054643,0.004483965263404999,0.0,0.010881718656649664,0
2023-05-11 04:00:00+00:00,114.45404112299885,116.95338077292648,113.4721584998331,115.61444854736328,78900000,0.0,0.0,4130.6201171875,,320.51470947265625,115.61444854736328,0.04222776573622978,0.3171670758680974,-0.0016966239932159066,0.0,0.0032600665348554436,0
2023-05-12 04:00:00+00:00,115.72354718741605,117.06247940985592,115.15821991274792,116.54674530029295,41102300,0.0,0.0,4124.080078125,,319.3651428222656,116.54674530029295,0.008031503878497387,0.31805907649620946,-0.0015833068345566526,0.0,-0.0035866268112374478,0
2023-05-15 04:00:00+00:00,115.1582242641456,117.50879963545604,115.0590454970422,115.55494689941406,36266800,0.0,0.0,4136.27978515625,,321.09442138671875,115.55494689941406,-0.008546292171716442,0.38341681651379417,0.0029581644391338813,0.0,0.005414737967867511,0
2023-05-16 04:00:00+00:00,115.5350937281414,119.76017532413437,115.47558798788296,118.53034210205078,45035600,0.0,0.0,4109.89990234375,,321.4580078125,118.53034210205078,0.025422831724978088,0.3439459176753339,-0.006377683373153031,0.0,0.001132334919463851,0
2023-05-17 04:00:00+00:00,118.62953592633984,120.67264731450432,117.91543668511788,119.84944915771484,33323600,0.0,0.0,4158.77001953125,,325.34893798828125,119.84944915771484,0.01106738547863686,0.3039447862881117,0.011890829058788244,0.0,0.012104007619093915,0
2023-05-18 04:00:00+00:00,119.95854884860572,122.29920412469264,119.83953735220288,121.8231430053711,35234200,0.0,0.0,4198.0498046875,,331.39178466796875,121.8231430053711,0.01633398070845987,0.19857347230841213,0.009445048649426635,0.0,0.01857343293342839,0
2023-05-19 04:00:00+00:00,122.53722528891174,124.93738598095622,121.1487000105305,121.75370025634766,41353400,0.0,0.0,4191.97998046875,,330.6449890136719,121.75370025634766,-0.0005701917306667368,0.21399662341129858,-0.0014458676054706077,0.0,-0.002253512877650632,0
2023-05-22 04:00:00+00:00,121.93224352318924,125.39363331471272,121.73387841515392,124.0249481201172,35253000,0.0,0.0,4192.6298828125,,331.75531005859375,124.0249481201172,0.01848258613508228,0.1540735954457341,0.0001550346964389604,0.0,0.0033580458855100304,0
2023-05-23 04:00:00+00:00,123.14224182358522,123.60838279305526,121.20822178352526,121.55535125732422,34046300,0.0,0.0,4145.580078125,,327.5498962402344,121.55535125732422,-0.020113014939343477,0.2520918469662636,-0.011222026747550129,0.0,-0.012676251715810105,0
2023-05-24 04:00:00+00:00,120.1271486155692,120.91067367529487,118.87747506501968,119.90895080566406,34182600,0.0,0.0,4115.240234375,,325.8697204589844,119.90895080566406,-0.013637013441322628,0.27486084278156714,-0.007318600335353365,0.0,-0.005129526220389091,0
2023-05-25 04:00:00+00:00,123.49927982509996,124.29272508219532,120.96026710936242,122.46781158447266,42317000,0.0,0.0,4151.27978515625,,333.7991027832031,122.46781158447266,0.021115521376371568,0.2940778437995169,0.008757581265902425,0.0,0.024332982865208574,0
2023-05-26 04:00:00+00:00,122.16034076709492,124.23321241314244,121.44624158887478,123.58853912353516,35635900,0.0,0.0,4205.4501953125,,342.3277893066406,123.58853912353516,0.00910958230565635,0.2986993250590171,0.01304908677799732,0.0,0.025550357841964466,0
2023-05-30 04:00:00+00:00,124.61009496844297,124.62993526057318,120.99993361988648,122.65624237060548,35076700,0.0,0.0,4205.52001953125,,343.8802185058594,122.65624237060548,-0.007572149971223147,0.2694063099798977,1.660326849850513e-05,0.0,0.004534920178005608,0
2023-05-31 04:00:00+00:00,121.74378917189809,123.04304837018029,121.49583848112027,121.86280822753906,37325800,0.0,0.0,4179.830078125,,341.9249572753906,121.86280822753906,-0.006489775957265765,0.22631562363607863,-0.006108624209833935,0.0,-0.005685878760238849,0
2023-06-01 04:00:00+00:00,121.81320947582672,123.40009231065324,121.61485195904372,122.7058334350586,30772700,0.0,0.0,4221.02001953125,,345.8748474121094,122.7058334350586,0.006894003586703125,0.18941703042969038,0.009854453563032717,0.0,0.011551921123843067,0
2023-06-02 04:00:00+00:00,122.97361463292732,125.1159120966453,122.74550424940524,123.64804077148438,26980100,0.0,0.0,4282.3701171875,,348.46881103515625,123.64804077148438,0.007649256043483766,0.13044180927177787,0.014534424705965554,0.0,0.007499717433792297,0
2023-06-05 04:00:00+00:00,122.99346805796284,126.38543183753264,122.82485583017812,124.9770736694336,32305500,0.0,0.0,4273.7900390625,,348.7144775390625,124.9770736694336,0.010691160947712212,0.13628730637695224,-0.0020035816359177394,0.0,0.0007049884986161103,0
2023-06-06 04:00:00+00:00,124.97705663721923,127.2383579485679,124.3323833879781,126.26639556884766,26638300,0.0,0.0,4283.85009765625,,348.65545654296875,126.26639556884766,0.010263615779506215,0.11211002195890442,0.0023538963079141606,0.0,-0.00016925307062176653,0
2023-06-07 04:00:00+00:00,125.92919376166726,127.98221754198131,121.11895203748432,121.49583435058594,52539000,0.0,0.0,4267.52001953125,,342.740478515625,121.49583435058594,-0.03851394860299665,0.3374207051499655,-0.0038120096998572883,0.0,-0.016965109584093918,0
2023-06-08 04:00:00+00:00,121.22805249747212,122.21985523958172,120.24616233464845,121.13878631591795,29389200,0.0,0.0,4293.93017578125,,346.9949645996094,121.13878631591795,-0.0029430943647737557,0.3308130812708938,0.0061886426142414575,0.0,0.012413141577003461,0
2023-06-09 04:00:00+00:00,121.2478905876319,122.74551491320052,120.9106812724846,121.22805786132812,23778300,0.0,0.0,4298.85986328125,,348.3215026855469,121.22805786132812,0.0007366647013979927,0.3208492570437917,0.001148059539441082,0.0,0.003822931803832308,0
2023-06-12 04:00:00+00:00,121.78344935610956,123.03312282465018,120.66271507597186,122.62648010253906,28306400,0.0,0.0,4338.93017578125,,354.20709228515625,122.62648010253906,0.011469440616792706,0.32312666191134837,0.009321148810237156,0.0,0.016897003355324625,0
2023-06-13 04:00:00+00:00,123.95550842884325,124.1340332227792,122.17026048948374,122.81493377685548,22278300,0.0,0.0,4369.009765625,,356.92877197265625,122.81493377685548,0.0015356309138823995,0.30460935634853464,0.006932489951473775,0.0,0.007683865588182126,0
2023-06-14 04:00:00+00:00,122.09091511456376,123.03313225253616,120.45443908912068,122.65624237060548,30592300,0.0,0.0,4372.58984375,,359.5227966308594,122.65624237060548,-0.0012929536644424213,0.08934641282749506,0.0008194255259321714,0.0,0.007267625537349165,0
2023-06-15 04:00:00+00:00,122.13060083541116,124.43158311632118,121.39666885419425,124.06461334228516,35246300,0.0,0.0,4425.83984375,,363.8067932128906,124.06461334228516,0.011416840018085562,0.09803433467458962,0.01217813742034668,0.0,0.011915785653030087,0
2023-06-16 04:00:00+00:00,124.89771540429278,125.07624019452584,122.26943671297158,122.51738739013672,45535600,0.0,0.0,4409.58984375,,361.5174865722656,122.51738739013672,-0.01254954744221185,0.15894904448801933,-0.0036716195284263176,0.0,-0.006292644016917426,0
2023-06-20 04:00:00+00:00,121.92232245860356,123.54887849797753,121.13879731318416,122.09092712402344,26097500,0.0,0.0,4388.7099609375,,360.9998474121094,122.09092712402344,-0.0034868863640137083,0.13752129440693298,-0.0047351076976228645,0.0,-0.0014318509598643114,0
2023-06-21 04:00:00+00:00,121.39665450345422,121.65452532950528,119.11550521954592,119.56182098388672,30306300,0.0,0.0,4365.68994140625,,356.0802917480469,119.56182098388672,-0.02093250341579096,0.19372491149978716,-0.005245281583003636,0.0,-0.013627583776916197,0
2023-06-22 04:00:00+00:00,119.01633037340912,122.22976917477192,117.85592296831348,122.14051055908205,26952200,0.0,0.0,4381.89013671875,,360.28155517578125,122.14051055908205,0.021338539888492533,0.2738002798217579,0.003710798414438443,0.0,0.011798640714176578,0
2023-06-23 04:00:00+00:00,120.38501322694266,121.78345871511222,120.06763665447824,121.33714294433594,34913600,0.0,0.0,4348.330078125,,356.7099609375,121.33714294433594,-0.0065991315313027885,0.2519838304314601,-0.007658808766684566,0.0,-0.00991334190433002,0
2023-06-26 04:00:00+00:00,119.77010249354858,120.99993578775404,117.30050819204033,117.36993408203124,33969900,0.0,0.0,4328.81982421875,,351.9281311035156,117.36993408203124,-0.03324219988209342,0.3258908318827614,-0.004486838293256468,0.0,-0.01340537231261174,0
2023-06-27 04:00:00+00:00,116.12026248820284,118.10386789770332,115.1482925081318,117.36001586914062,39535900,0.0,0.0,4378.41015625,,357.9792175292969,117.36001586914062,-8.450743416918159e-05,0.3301114845609876,0.011455854954693034,0.0,0.01719409700727037,0
2023-06-28 04:00:00+00:00,116.1301877388727,119.4031400484243,115.89215718247868,119.19486236572266,27091400,0.0,0.0,4376.85986328125,,358.6778564453125,119.19486236572266,0.01551338369133048,0.3407207217223688,-0.00035407668843834283,0.0,0.0019516186465724505,0
2023-06-29 04:00:00+00:00,118.26255477904468,119.0758327106557,117.33026536325184,118.12370300292967,24090900,0.0,0.0,4396.43994140625,,357.95953369140625,118.12370300292967,-0.009027246859424609,0.28030005810345615,0.004473544672805918,0.0,-0.002002696126895631,0
2023-06-30 04:00:00+00:00,119.184928998666,120.08747309044963,118.70886793868348,118.71878051757812,29532200,0.0,0.0,4450.3798828125,,363.4793395996094,118.71878051757812,0.005025101561395158,0.29241816915822616,0.012269004495714109,0.0,0.01542019526978633,0
2023-07-03 04:00:00+00:00,118.26255895127434,119.2047761131289,117.8460036082336,118.91715240478516,14467900,0.0,0.0,4455.58984375,,364.3353576660156,118.91715240478516,0.001669544928207509,0.14107337141886983,0.0011706778016009611,0.0,0.0023550666383107544,0
2023-07-05 04:00:00+00:00,118.26256411758467,121.60494228794852,118.25265153768966,120.75199127197266,27584800,0.0,0.0,4446.81982421875,,364.3254699707031,120.75199127197266,0.01531173088805555,0.16310616801194947,-0.0019683184132291975,0.0,-2.713899462258862e-05,0
2023-07-06 04:00:00+00:00,118.81797081927608,119.31387218735846,117.4294454752746,119.12542724609376,24745200,0.0,0.0,4411.58984375,,361.5508117675781,119.12542724609376,-0.013561834758033341,0.1823556699692707,-0.007922511336500904,0.0,-0.00761587764739069,0
2023-07-07 04:00:00+00:00,119.11551561978511,120.0577328266466,118.4212566815545,118.50060272216795,21709500,0.0,0.0,4398.9501953125,,360.3504638671875,118.50060272216795,-0.005258901678602261,0.17244821305868666,-0.0028651005386203243,0.0,-0.0033199978020302945,0
2023-07-10 04:00:00+00:00,117.33027892845529,117.34019150871362,115.18798116324814,115.49543762207033,35315200,0.0,0.0,4409.52978515625,,360.468505859375,115.49543762207033,-0.025687018751228922,0.2455547533417122,0.002405026057131332,0.0,0.00032757552445117355,0
2023-07-11 04:00:00+00:00,115.33674818852832,116.74510634443534,114.40445113781432,116.17977905273438,23078800,0.0,0.0,4439.259765625,,362.2494812011719,116.17977905273438,0.005907782721745714,0.255017546053628,0.0067422110558885695,0.0,0.0049407238436849354,0
2023-07-12 04:00:00+00:00,117.82617700118566,119.34363409167489,117.4393745101533,117.95510864257812,30404400,0.0,0.0,4472.16015625,,366.8246765136719,117.95510864257812,0.015165306053645817,0.25429629124207703,0.007411233485312474,0.0,0.01262995683894208,0
2023-07-13 04:00:00+00:00,119.93870320943424,123.80673533006852,119.46263457450904,123.51911163330078,44297900,0.0,0.0,4510.0400390625,,373.0528259277344,123.51911163330078,0.04609177731325395,0.4210828726230022,0.008470153458069118,0.0,0.016978545372833942,0
2023-07-14 04:00:00+00:00,123.77698624657504,125.7407514544512,122.47771949840582,124.39189910888672,33283100,0.0,0.0,4505.419921875,,372.9742126464844,124.39189910888672,0.007041164318527982,0.4068895541259091,-0.0010244071333035398,0.0,-0.0002107296226867561,0
2023-07-17 04:00:00+00:00,124.90764611490182,126.05813341949312,123.18190380773268,123.6282196044922,25716200,0.0,0.0,4522.7900390625,,376.4572143554687,123.6282196044922,-0.006158225565087454,0.3125647192199847,0.0038553825145495324,0.0,0.00933845180413484,1
2023-07-18 04:00:00+00:00,123.57861693621366,123.65796296956178,121.95206108684836,122.7455062866211,26193600,0.0,0.0,4554.97998046875,,379.5369262695313,122.7455062866211,-0.00716567557457686,0.3449603366812202,0.007117275205842377,0.0,0.00818077538860651,1
2023-07-19 04:00:00+00:00,123.57861089837822,124.15385826176514,120.80156796856356,121.02967834472656,37224000,0.0,0.0,4565.72021484375,,379.4483337402344,121.02967834472656,-0.014077366243694643,0.3830536352704185,0.002357910335732072,0.0,-0.0002334226873988987,1
2023-07-20 04:00:00+00:00,120.42469622569656,123.07280793107658,117.25093023799634,118.22289276123048,37906800,0.0,0.0,4534.8701171875,,370.7012634277344,118.22289276123048,-0.02346402669605834,0.17809729210920852,-0.006756896218903741,0.0,-0.023052072007484825,1
2023-07-21 04:00:00+00:00,119.6312510365837,119.99821321316035,117.75674443491287,119.03616333007812,72937900,0.0,0.0,4536.33984375,,369.5895080566406,119.03616333007812,0.006855576073512755,0.1770614927879217,0.0003240945218980773,0.0,-0.0029990601078986323,1
2023-07-24 04:00:00+00:00,120.6627297925078,121.99174188501856,119.98830359973758,120.5337905883789,29686100,0.0,0.0,4554.64013671875,,370.1799011230469,120.5337905883789,0.012502792965680713,0.2347719950986128,0.004034153877153557,0.0,0.0015974291843690036,1
2023-07-25 04:00:00+00:00,120.36517540126466,122.14050312936536,120.027958550955,121.2082061767578,52509600,0.0,0.0,4567.4599609375,,372.6888122558594,121.2082061767578,0.005579645631181552,0.24482471799894903,0.002814673351556163,0.0,0.006777545526380546,0
2023-07-26 04:00:00+00:00,129.00377226018543,129.90630113026324,127.26811769923354,128.2103271484375,61682100,0.0,0.0,4566.75,,371.4490966796875,128.2103271484375,0.05616231715002919,0.4542182511232573,-0.00015543889679858758,0.0,-0.0033264094209535244,0
2023-07-27 04:00:00+00:00,130.59066029279523,132.14779780312753,127.73426366088836,128.33926391601562,44952100,0.0,0.0,4537.41015625,,370.5635986328125,128.33926391601562,0.0010051606623036483,0.35862029688100966,-0.006424666064487883,0.0,-0.0023839014680350212,0
2023-07-28 04:00:00+00:00,129.70797692151828,132.64372004824634,129.4997067956334,131.49322509765625,36591200,0.0,0.0,4582.22998046875,,377.313232421875,131.49322509765625,0.02427807323618836,0.35058314116701755,0.009877842794752345,0.0,0.01821450842437078,0
2023-07-31 04:00:00+00:00,131.64197739889866,132.43542264148525,130.6997677943249,131.63206481933594,28055500,0.0,0.0,4588.9599609375,,377.5100402832031,131.63206481933594,0.0010553127341640868,0.3744207170717839,0.0014687129405193122,0.0,0.0005216033905433015,0
2023-08-01 04:00:00+00:00,129.70795684787504,131.54279790983335,129.60877052366334,130.47164916992188,23166800,0.0,0.0,4576.72998046875,,376.6343078613281,130.47164916992188,-0.008854687433882005,0.4154307733406348,-0.002665087639215691,0.0,-0.0023197592869795836,0
2023-08-02 04:00:00+00:00,128.38884236267515,129.0235954154901,126.5143360712602,127.32762145996094,26273300,0.0,0.0,4513.39013671875,,368.3694763183594,127.32762145996094,-0.024392494132931826,0.281230055238776,-0.013839541336347905,0.0,-0.02194391581027122,0
2023-08-03 04:00:00+00:00,126.9209955105974,128.32935355941024,126.37550098690372,127.39705657958984,20089500,0.0,0.0,4501.89013671875,,367.7790832519531,127.39705657958984,0.0005451778122409846,0.28100296967127286,-0.0025479738404268204,0.0,-0.0016027198352775995,0
2023-08-04 04:00:00+00:00,128.2202600170075,130.43197594152576,126.86149507419762,127.05985260009766,26147200,0.0,0.0,4478.02978515625,,366.05718994140625,127.05985260009766,-0.0026503833436545624,0.1677329439798557,-0.005300074155050516,0.0,-0.004681868515527432,0
2023-08-07 04:00:00+00:00,128.10124510100812,130.53115877911966,127.962393323222,130.45181274414062,22746300,0.0,0.0,4518.43994140625,,369.1565551757813,130.45181274414062,0.02634565181342437,0.2925596995334431,0.00902409277936278,0.0,0.008466888015151941,0
2023-08-08 04:00:00+00:00,129.54927103822243,130.43197488498015,128.4781222465879,130.3228759765625,23535200,0.0,0.0,4499.3798828125,,366.0177917480469,130.3228759765625,-0.0009888749457828095,0.2858652910780961,-0.004218283044793103,0.0,-0.008502526594007964,0
2023-08-09 04:00:00+00:00,130.58074278541653,130.95761750800182,127.94254405878128,128.59713745117188,24912900,0.0,0.0,4467.7099609375,,361.9936828613281,128.59713745117188,-0.013330480390643756,0.23282133237213262,-0.007038730380597102,0.0,-0.010994298576307404,0
2023-08-10 04:00:00+00:00,130.24356620341507,130.96757809471208,128.38888445942726,128.62692260742188,20857800,0.0,0.0,4468.830078125,,362.6626281738281,128.62692260742188,0.0002315891940772993,0.23295404833534716,0.00025071394456976925,0.0,0.001847947475802414,0
2023-08-11 04:00:00+00:00,127.6053237934304,128.86490217591898,127.11933508026378,128.49794006347656,19591100,0.0,0.0,4464.0498046875,,360.3504638671875,128.49794006347656,-0.0010032678553478821,0.23120443400476093,-0.0010696923700230787,0.0,-0.00637552404636621,0
2023-08-14 04:00:00+00:00,128.3293488553076,130.29311393491162,127.9028809647762,130.25344848632812,24695600,0.0,0.0,4489.72021484375,,364.3944091796875,130.25344848632812,0.013569282613348067,0.1513087205442381,0.005750475751703066,0.0,0.01122225643641861,0
2023-08-15 04:00:00+00:00,130.02535827661376,130.34272731563817,128.22026984503316,128.71617126464844,19770700,0.0,0.0,4437.85986328125,,360.527587890625,128.71617126464844,-0.011872398625063833,0.172635363780188,-0.011550909428841738,0.0,-0.010611637258012174,0
2023-08-16 04:00:00+00:00,127.64501953125,129.2120697982791,126.82182894388473,127.64501953125,25216100,0.0,0.0,4404.330078125,,356.7099609375,127.64501953125,-0.008356631232437352,0.15572550916427091,-0.007555395210577687,0.0,-0.0105890009013212,0
2023-08-17 04:00:00+00:00,128.73599949955613,130.90804993539842,128.23017041335734,128.85501098632812,33446300,0.0,0.0,4370.35986328125,,352.813720703125,128.85501098632812,0.009434700090244604,0.17467458014494783,-0.007712913029036983,0.0,-0.010922712178081495,0
2023-08-18 04:00:00+00:00,127.45657242122108,128.19051194159474,125.34403518060336,126.4151840209961,30504800,0.0,0.0,4369.7099609375,,352.3708801269531,126.4151840209961,-0.019116225171946596,0.2239302834809294,-0.00014870682600087726,0.0,-0.0012551682380417262,0
2023-08-21 04:00:00+00:00,126.13748589734028,127.6747757641444,125.52256541050552,127.3177261352539,25248700,0.0,0.0,4399.77001953125,,358.048095703125,127.3177261352539,0.00711414156126743,0.19634181526133665,0.006879188518795987,0.0,0.016111477696813203,0
2023-08-22 04:00:00+00:00,127.45654635875188,129.21204119379448,127.26811657753724,128.02188110351562,22054900,0.0,0.0,4387.5498046875,,357.5364990234375,128.02188110351562,0.00551545262343856,0.19433432792914837,-0.002777466728829614,0.0,-0.0014288490452178948,0
2023-08-23 04:00:00+00:00,129.11287688798097,132.31641072027463,128.80542045173755,131.28492736816406,27819700,0.0,0.0,4436.009765625,,363.1743469238281,131.28492736816406,0.025168783919914617,0.2523536340755945,0.011044879965972587,0.0,0.015768594019882176,0
2023-08-24 04:00:00+00:00,132.85198728819475,133.14953116670597,128.5079011432878,128.71617126464844,28500700,0.0,0.0,4376.31005859375,,355.4112243652344,128.71617126464844,-0.019760221790481227,0.3043357724728548,-0.013457974663146133,0.0,-0.021375745903721488,0
2023-08-25 04:00:00+00:00,128.47811371877063,129.68811421046675,126.20689221900474,128.81533813476562,26762900,0.0,0.0,4405.7099609375,,358.1661376953125,128.81533813476562,0.0007701339168152753,0.2553290146060086,0.006717966037625089,0.0,0.0077513402538098575,0
2023-08-28 04:00:00+00:00,130.23362480291482,131.4535380240542,129.07321732909296,129.9360809326172,20543300,0.0,0.0,4433.31005859375,,360.8621520996094,129.9360809326172,0.008662752927637712,0.25684222450844724,0.006264619755036449,0.0,0.00752727329737235,0
2023-08-29 04:00:00+00:00,131.15600145683445,135.45050919179718,131.15600145683445,133.46690368652344,43075600,0.0,0.0,4497.6298828125,,368.7432861328125,133.46690368652344,0.026810890239335538,0.3044649090253308,0.01450830719454621,0.0,0.021839735719992204,0
2023-08-30 04:00:00+00:00,133.67518514236738,135.16288939766932,132.97101360306888,134.76617431640625,28315800,0.0,0.0,4514.8701171875,,370.7997131347656,134.76617431640625,0.009687699974106328,0.2682029939182885,0.003833182103508026,0.0,0.005576852730038384,0
2023-08-31 04:00:00+00:00,134.89509514927343,136.8687881952977,134.67689731971456,135.0537872314453,30053800,0.0,0.0,4507.66015625,,371.9115295410156,135.0537872314453,0.0021318884067826407,0.1647509490264064,-0.0015969365120942491,0.0,0.002998428442273049,0
2023-09-01 04:00:00+00:00,136.3332062668677,136.3332062668677,133.74460060567057,134.54795837402344,21543700,0.0,0.0,4515.77001953125,,371.5179138183594,134.54795837402344,-0.0037524197020250487,0.18224318701874193,0.0017991292600010311,0.0,-0.001058358484185784,0
2023-09-05 04:00:00+00:00,134.32977722585983,135.30173975827023,133.47682618982745,134.65707397460938,19403100,0.0,0.0,4496.830078125,,371.99029541015625,134.65707397460938,0.0008106505707524387,0.19069594515329347,-0.004194177587506065,0.0,0.001271490752469795,0
2023-09-06 04:00:00+00:00,134.9050132008134,135.41082715108524,132.5742707036897,133.35780334472656,18684500,0.0,0.0,4465.47998046875,,368.7137756347656,133.35780334472656,-0.009695587207394845,0.11419856307646908,-0.006971599351452862,0.0,-0.008808078640271888,0
2023-09-07 04:00:00+00:00,132.49493620985484,134.46862928644677,131.86018300504648,134.1512451171875,18844300,0.0,0.0,4451.14013671875,,366.0768432617187,134.1512451171875,0.005932091671444622,0.0953441381120753,-0.0032112659361860363,0.0,-0.007151705597403524,0
2023-09-08 04:00:00+00:00,133.80410329196144,135.53975798327252,133.74459755250976,135.26205444335938,23558300,0.0,0.0,4457.490234375,,366.5885009765625,135.26205444335938,0.008246182519711973,0.11541994628772208,0.0014266227216406246,0.0,0.0013976784499258876,0
2023-09-11 04:00:00+00:00,135.42074803161276,136.35304508761172,134.676895929534,135.79763793945312,20763400,0.0,0.0,4487.4599609375,,370.9079895019531,135.79763793945312,0.003951780424329488,0.11122722072110065,0.006723453106275201,0.0,0.011782935127217176,0
2023-09-12 04:00:00+00:00,135.14304760406196,135.74804793318728,134.08182644991695,134.2305908203125,18405500,0.0,0.0,4461.89990234375,,366.7951049804687,134.2305908203125,-0.011606673260374387,0.14753741130945625,-0.005695885604828921,0.0,-0.011088692176750126,0
2023-09-13 04:00:00+00:00,133.9826247837674,135.7777852717878,133.05032781273377,135.58935546875,20749500,0.0,0.0,4467.43994140625,,368.1922912597656,135.58935546875,0.010071724890289511,0.13744995654511488,0.0012416323054647016,0.0,0.0038091737330336883,0
2023-09-14 04:00:00+00:00,136.47207040513118,137.563044397484,135.1232180009584,136.9679718017578,24751000,0.0,0.0,4505.10009765625,,371.20306396484375,136.9679718017578,0.010116243095768014,0.14543888178242695,0.00842991886716793,0.0,0.00817717474414481,0
2023-09-15 04:00:00+00:00,136.84894433199983,137.3845263119322,135.36124015129133,136.27369689941406,38919600,0.0,0.0,4450.31982421875,,364.8469848632813,136.27369689941406,-0.005081775409646768,0.15243444353642602,-0.012159612938677844,0.0,-0.01712291658822196,0
2023-09-18 04:00:00+00:00,135.49019668646417,138.0192971438985,135.49019668646417,137.07708740234375,21861300,0.0,0.0,4453.52978515625,,365.2273864746094,137.07708740234375,0.005878108732853645,0.1549862402882117,0.0007212876971294246,0.0,0.0010426332876798394,0
2023-09-19 04:00:00+00:00,136.29353439301667,137.2754245802509,135.5000891528616,136.908447265625,20353700,0.0,0.0,4443.9501953125,,364.4489135742187,136.908447265625,-0.0012310150477070016,0.1087234470705261,-0.002151010615372817,0.0,-0.0021314746079283964,0
2023-09-20 04:00:00+00:00,136.94811189062173,136.94811189062173,132.5246654075392,132.64369201660156,29927500,0.0,0.0,4402.2001953125,,359.1970520019531,132.64369201660156,-0.031645908437906344,0.25953817729345663,-0.0093947947580596,0.0,-0.014410419064662783,0
2023-09-21 04:00:00+00:00,130.3625454686309,131.14606291971518,129.00378065244968,129.37074279785156,31503900,0.0,0.0,4330.0,,352.61492919921875,129.37074279785156,-0.02498426829752004,0.25551172761914775,-0.01640093410321941,0.0,-0.01832454572232567,0
2023-09-22 04:00:00+00:00,129.68811066252235,130.94770428096794,128.53763107597587,129.1822967529297,26397300,0.0,0.0,4320.06005859375,,352.6642150878906,129.1822967529297,-0.0014576976439193605,0.26237231507291603,-0.002295598477193961,0.0,0.0001397725524094895,0
2023-09-25 04:00:00+00:00,128.76577182393018,130.09478407268804,127.90290814706238,130.0352783203125,20094600,0.0,0.0,4337.43994140625,,354.3393249511719,130.0352783203125,0.00658122541167914,0.26520142963119087,0.0040230650909416354,0.0,0.004749871950755713,0
2023-09-26 04:00:00+00:00,128.7062429989617,129.2914029707038,126.17714304040304,127.51608276367188,25718700,0.0,0.0,4273.52978515625,,349.0184020996094,127.51608276367188,-0.01956328936915367,0.25641748852266116,-0.014734533990868215,0.0,-0.015016461557846306,0
2023-09-27 04:00:00+00:00,127.51608742320651,129.82697452376246,127.51608742320651,129.4699249267578,22746500,0.0,0.0,4274.509765625,,349.8363037109375,129.4699249267578,0.015206118253401556,0.27106598950524025,0.00022931406074522265,0.0,0.002343434060805505,0
2023-09-28 04:00:00+00:00,128.77566411264445,132.20730825142687,128.72607094890918,131.2254180908203,22513100,0.0,0.0,4299.7001953125,,352.7627868652344,131.2254180908203,0.013467978974122162,0.22453436827062287,0.005893173970516585,0.0,0.00836529291915622,0
2023-09-29 04:00:00+00:00,132.18745302372233,132.95114528457344,129.29139116656413,129.78729248046875,30859800,0.0,0.0,4288.0498046875,,353.0188903808594,129.78729248046875,-0.011019694483433718,0.2453773298422859,-0.002709582086142026,0.0,0.0007259935717733867,0
2023-10-02 04:00:00+00:00,130.1344474612235,133.31812586216128,130.09476687574428,133.07017517089844,22288000,0.0,0.0,4288.39013671875,,355.9651184082031,133.07017517089844,0.024979723225784595,0.3006011412710462,7.936755559079245e-05,0.0,0.008345808418821932,0
2023-10-03 04:00:00+00:00,132.8420685488848,133.15943757319482,130.75927662958244,131.3444366455078,22989400,0.0,0.0,4229.4501953125,,349.71795654296875,131.3444366455078,-0.013053461894009202,0.2695656040958152,-0.013744071674259506,0.0,-0.017549927063556958,0
2023-10-04 04:00:00+00:00,131.7014648766572,134.45869011730207,131.44360164040873,134.1313934326172,26752300,0.0,0.0,4263.75,,354.4772644042969,134.1313934326172,0.020996707489981517,0.28483974295535847,0.008109754957160709,0.0,0.013608989107607883,0
2023-10-05 04:00:00+00:00,133.96279907226562,134.37935439370042,132.3560683939219,133.96279907226562,19832600,0.0,0.0,4258.18994140625,,353.4327392578125,133.96279907226562,-0.0012577249883773392,0.2831952764917805,-0.001304030159777203,0.0,-0.0029466633021999478,0
2023-10-06 04:00:00+00:00,132.91148163496393,137.02747214489506,132.91148163496393,136.4522247314453,27597600,0.0,0.0,4308.5,,359.3547058105469,136.4522247314453,0.01841240884862503,0.26015378409001133,0.011814893014644445,0.0,0.016755568726231074,0
2023-10-09 04:00:00+00:00,135.8174603789753,137.80106572376255,134.49836100864687,137.2853240966797,19278100,0.0,0.0,4335.66015625,,361.1874084472656,137.2853240966797,0.006086866350557905,0.22371300642931244,0.00630385429964031,0.0,0.005099982293497396,0
2023-10-10 04:00:00+00:00,137.36467931785276,138.57467986983306,136.20427192955205,136.92828369140625,27786600,0.0,0.0,4358.240234375,,363.1876525878906,136.92828369140625,-0.0026041056818582107,0.1736447652791079,0.005207990781392224,0.0,0.005537967531105137,0
2023-10-11 04:00:00+00:00,137.44403543423456,139.95329533664227,137.44403543423456,139.39788818359375,25884300,0.0,0.0,4376.9501953125,,365.7791137695313,139.39788818359375,0.017875036821779343,0.16018799794489516,0.00429300817103373,0.0,0.007135322919640252,0
2023-10-12 04:00:00+00:00,139.89379277540957,140.06239744116,137.12665439341535,137.83084106445312,24765500,0.0,0.0,4349.60986328125,,364.5079650878906,137.83084106445312,-0.011305205008209113,0.2051624997838112,-0.00624643434611849,0.0,-0.0034751811511074537,0
2023-10-13 04:00:00+00:00,138.23745432331978,138.85236710628996,135.500069400509,136.2340087890625,23420500,0.0,0.0,4327.77978515625,,359.92620849609375,136.2340087890625,-0.011653083905301221,0.1986594862532038,-0.005018858888767519,0.0,-0.012569702257924864,0
2023-10-16 04:00:00+00:00,137.03739334313434,138.4854321140924,136.85887610034075,137.95977783203125,28501900,0.0,0.0,4373.6298828125,,363.99566650390625,137.95977783203125,0.012588117718184568,0.21643503803811906,0.01059436938392988,0.0,0.011306367560218078,1
2023-10-17 04:00:00+00:00,137.49363032645,138.75320901659043,136.05550412475992,138.57469177246094,23515800,0.0,0.0,4373.2001953125,,362.8033447265625,138.57469177246094,0.0044472933505246125,0.21486181159659187,-9.824505308242415e-05,0.0,-0.003275648275694376,1
2023-10-18 04:00:00+00:00,138.30689326315832,139.56648701861894,136.25386939858822,136.82911682128906,23375000,0.0,0.0,4314.60009765625,,358.044189453125,136.82911682128906,-0.012676646236639734,0.18330590068610475,-0.013399820506516447,0.0,-0.013117727117494926,1
2023-10-19 04:00:00+00:00,137.36468644323884,138.51518131196565,136.25387216099756,136.62083435058594,26066000,0.0,0.0,4278.0,,354.69403076171875,136.62083435058594,-0.0015233684269444843,0.17051268068148345,-0.008482848196321058,0.0,-0.009356830218424372,1
2023-10-20 04:00:00+00:00,136.2042789444492,136.73984579212933,133.97272266731449,134.48846435546875,26335700,0.0,0.0,4224.16015625,,349.4027099609375,134.48846435546875,-0.01573102788482317,0.18706727004796905,-0.012585283719027562,0.0,-0.014917986607831946,1
2023-10-23 04:00:00+00:00,133.93301925405814,136.531552411476,132.85195802947536,135.3810577392578,26317900,0.0,0.0,4217.0400390625,,350.45709228515625,135.3810577392578,0.006615023673219321,0.15930257389752348,-0.0016855698941634634,0.0,0.0030176707110731726,1
2023-10-24 04:00:00+00:00,136.70017196237376,138.21762892713875,136.2935292113691,137.67213439941406,44814300,0.0,0.0,4247.68017578125,,353.8663330078125,137.67213439941406,0.0167815685281574,0.21405922163250019,0.007265792222727274,0.0,0.009727983247325156,0
2023-10-25 04:00:00+00:00,127.10945300008548,127.2582173695509,124.04477835256256,124.58035278320312,84366200,0.0,0.0,4186.77001953125,,345.2051696777344,124.58035278320312,-0.09992410908884641,0.7446220294328454,-0.014339628627712542,0.0,-0.02447580490763135,0
2023-10-26 04:00:00+00:00,122.25951622711597,123.31083224083282,120.27591081531207,121.2776336669922,57061100,0.0,0.0,4137.22998046875,,338.62310791015625,121.2776336669922,-0.02686850121965849,0.7292491361626545,-0.011832519778109618,0.0,-0.019067100801887782,0
2023-10-27 04:00:00+00:00,121.87272000373476,122.29919549173574,119.22460845972752,121.16854095458984,44566500,0.0,0.0,4117.3701171875,,340.24884033203125,121.16854095458984,-0.000899933520793279,0.7470050001892918,-0.004800280229768528,0.0,0.004801008507388627,0
2023-10-30 04:00:00+00:00,122.20002763263162,124.37207828472113,121.7437992319236,123.43978118896484,28940100,0.0,0.0,4166.81982421875,,344.0818176269531,123.43978118896484,0.018570958580929144,0.7788512927548904,0.012010022325859904,0.0,0.011265217807006955,0
2023-10-31 04:00:00+00:00,124.03485926262915,124.34232328480618,121.6842914027846,123.06289672851562,26292300,0.0,0.0,4193.7998046875,,345.7274169921875,123.06289672851562,-0.003057855251748503,0.7337105584750234,0.006474957307233353,0.0,0.0047825815865065735,0
2023-11-01 04:00:00+00:00,123.05297186152896,125.45313279745749,122.7058423983748,125.41345977783205,30082400,0.0,0.0,4237.85986328125,,351.7281799316406,125.41345977783205,0.01892037699918377,0.2997354818514203,0.010505999486313922,0.0,0.017356919481999578,0
2023-11-02 04:00:00+00:00,127.36730789447058,127.92271501549958,125.88952390924445,126.44493103027344,27124600,0.0,0.0,4317.77978515625,,358.1131591796875,126.44493103027344,0.008190928370673875,0.16495868441750972,0.01885855702012762,0.0,0.01815316375642073,0
2023-11-03 04:00:00+00:00,126.970599202535,128.4682159884043,126.81190712180836,128.041748046875,26393100,0.0,0.0,4358.33984375,,362.3205261230469,128.041748046875,0.012549481797337734,0.1437411945297173,0.009393730253031363,0.0,0.011748708014519771,0
2023-11-06 05:00:00+00:00,127.9921365850185,129.2715553604388,127.61524673059203,129.1822967529297,19052700,0.0,0.0,4365.97998046875,,363.798583984375,129.1822967529297,0.00886819256565539,0.12725181967606172,0.0017529924220356374,0.0,0.004079420719394156,0
2023-11-07 05:00:00+00:00,129.63854481279463,130.8287050924927,128.8153467097953,129.8964080810547,29757300,0.0,0.0,4378.3798828125,,367.2374267578125,129.8964080810547,0.005512711954216423,0.08229344385614408,0.0028401189192852616,0.0,0.009452600765442298,0
2023-11-08 05:00:00+00:00,129.89641375169958,131.1262546701782,129.70796879855988,130.75927734375,26425800,0.0,0.0,4382.77978515625,,367.4739074707031,130.75927734375,0.006620783377580268,0.04272119981976168,0.0010049156221052513,0.0,0.0006439450221029652,0
2023-11-09 05:00:00+00:00,130.8783111759331,131.46347122727005,129.00380438860708,129.1724090576172,23747800,0.0,0.0,4347.35009765625,,364.6459655761719,129.1724090576172,-0.012210038898412245,0.15233643247714249,-0.008083839306732843,0.0,-0.007695626375205156,0
2023-11-10 05:00:00+00:00,129.03354879478132,131.71141329610631,128.34920244954847,131.5031280517578,26913300,0.0,0.0,4415.240234375,,372.843994140625,131.5031280517578,0.01788262244337966,0.17379495908840883,0.015616441094852496,0.0,0.022482158966161903,0
2023-11-13 05:00:00+00:00,130.69976098599605,131.50311876629735,130.1741067560777,131.00721740722656,18324800,0.0,0.0,4411.5498046875,,371.6813659667969,131.00721740722656,-0.003778222405594014,0.18065176248100404,-0.0008358389332403515,0.0,-0.0031182698182060653,0
2023-11-14 05:00:00+00:00,133.0899929477425,134.58760942147106,132.22712953091224,132.524658203125,32395200,0.0,0.0,4495.7001953125,,379.6823425292969,132.524658203125,0.011516311362965458,0.19104832624011261,0.019075017703661823,0.0,0.02152643983560565,0
2023-11-15 05:00:00+00:00,133.76444546334056,133.92313755134404,132.47511386601616,133.51649475097656,23861500,0.0,0.0,4502.8798828125,,379.9680786132813,133.51649475097656,0.007456298636845215,0.19185902883421635,0.0015970120755575135,0.0,0.0007525661638119185,0
2023-11-16 05:00:00+00:00,134.0818138246226,136.09517216084916,133.21895029015656,135.8075408935547,28013200,0.0,0.0,4508.240234375,,380.293212890625,135.8075408935547,0.01701371659555691,0.13973520113001728,0.0011904273935798848,0.0,0.0008556884002737242,0
2023-11-17 05:00:00+00:00,134.88516720728182,134.94467294789172,132.5544248086727,134.20082092285156,37240600,0.0,0.0,4514.02001953125,,380.3819274902344,134.20082092285156,-0.011901401311795045,0.1863369469107753,0.0012820490603360213,0.0,0.00023327947121387638,0
2023-11-20 05:00:00+00:00,132.59412016100978,135.53977571897755,132.524686700092,135.1331329345703,27815500,0.0,0.0,4547.3798828125,,385.0129699707031,135.1331329345703,0.0069231206993517124,0.17298143537427693,0.007390278097329839,0.0,0.012174717424206838,0
2023-11-21 05:00:00+00:00,135.17279523893023,136.05549911438757,134.84551363674532,135.84722900390625,22635300,0.0,0.0,4538.18994140625,,382.7762756347656,135.84722900390625,0.005270475817769123,0.1664516897875272,-0.0020209310950652926,0.0,-0.0058093999693249465,0
2023-11-22 05:00:00+00:00,136.3431389603489,138.27715149054157,136.3431389603489,137.3547821044922,17813900,0.0,0.0,4556.6201171875,,384.3429870605469,137.3547821044922,0.011036290663207967,0.17170190975180072,0.00406112922094648,0.0,0.0040930212385370535,0
2023-11-24 05:00:00+00:00,136.8985310833705,136.99771741092056,134.87526015124462,135.56951904296875,12514300,0.0,0.0,4559.33984375,,383.8010864257813,135.56951904296875,-0.013082664439686123,0.17919416682502182,0.0005968736678840791,0.0,-0.0014099402174865272,0
2023-11-27 05:00:00+00:00,134.914934431914,137.28534253189412,134.88518155844346,135.2918243408203,23436500,0.0,0.0,4550.43017578125,,383.466064453125,135.2918243408203,-0.0020504572263702328,0.15054779930186654,-0.001954157460090089,0.0,-0.0008729052222761213,0
2023-11-28 05:00:00+00:00,134.964518417708,136.1249258052487,134.309924978467,136.07533264160156,18730000,0.0,0.0,4554.89013671875,,384.4710083007813,136.07533264160156,0.005774541670318216,0.14820108950910085,0.0009801185306033133,0.0,0.002620685220449781,0
2023-11-29 05:00:00+00:00,136.44230617886066,137.15639020757226,133.7346738823066,133.88345336914062,23967200,0.0,0.0,4550.580078125,,384.09661865234375,133.88345336914062,-0.016238978341797237,0.186450105899881,-0.0009462486392383118,0.0,-0.0009737786214160105,0
2023-11-30 05:00:00+00:00,133.94295042197072,134.4388517451667,130.2038502076351,131.443603515625,38988300,0.0,0.0,4567.7998046875,,383.1310119628906,131.443603515625,-0.018391781498605236,0.1633716428996446,0.0037840728581564065,0.0,-0.0025139682115429274,0
2023-12-01 05:00:00+00:00,130.7790985107422,131.02704917414542,129.59885093154966,130.7790985107422,31442300,0.0,0.0,4594.6298828125,,384.2247619628906,130.7790985107422,-0.005068260087245562,0.1600020884302071,0.005873742123607695,0.0,0.0028547676012871115,0
2023-12-04 05:00:00+00:00,128.8153273436033,128.9640916810593,126.85155485379651,128.2103271484375,36669900,0.0,0.0,4569.77978515625,,380.6578369140625,128.2103271484375,-0.019837532713458478,0.1732525591674453,-0.005408509126972105,0.0,-0.009283433557498388,0
2023-12-05 05:00:00+00:00,127.89297349238338,131.05682698082634,127.1987145294908,129.916259765625,27384800,0.0,0.0,4567.18017578125,,381.6135864257813,129.916259765625,0.013217991026952999,0.21979321947846817,-0.0005688697261614362,0.0,0.002510783751273671,0
2023-12-06 05:00:00+00:00,130.36255115310777,130.75926618523522,128.81534134061891,128.95419311523438,23576200,0.0,0.0,4549.33984375,,379.4064331054687,128.95419311523438,-0.007432838077589141,0.2108978718480949,-0.003906202808869552,0.0,-0.005783738836410257,0
2023-12-07 05:00:00+00:00,133.9330343345262,137.42418419027493,133.59582503757497,135.8075408935547,56767100,0.0,0.0,4585.58984375,,384.70751953125,135.8075408935547,0.051781493818947456,0.44314863421880674,0.007968189065892917,0.0,0.013972052035047255,0
2023-12-08 05:00:00+00:00,133.0999207527898,135.281883689647,132.93131610801126,133.88345336914062,32260100,0.0,0.0,4604.3701171875,,386.4220886230469,133.88345336914062,-0.014269072469001994,0.462704796076145,0.00409549786994079,0.0,0.004456812005873889,0
2023-12-11 05:00:00+00:00,131.29485865478858,132.24698086173262,130.28321556791462,132.1973876953125,31138000,0.0,0.0,4622.43994140625,,389.7229309082031,132.1973876953125,-0.012673503546420847,0.44106734129909975,0.003924494286698943,0.0,0.008542064189234866,0
2023-12-12 05:00:00+00:00,130.7295139721899,131.90976162921305,130.18401944998905,131.43370056152344,29032800,0.0,0.0,4643.7001953125,,392.8268127441406,131.43370056152344,-0.005793620737222666,0.442454067518324,0.00459935752021523,0.0,0.007964329501228606,0
2023-12-13 05:00:00+00:00,132.28663404214686,132.4056455099315,130.49147377909813,131.4832763671875,30104800,0.0,0.0,4707.08984375,,397.8224792480469,131.4832763671875,0.00037712137748384947,0.4350172333416599,0.013650676351045998,0.0,0.012717223829525226,0
2023-12-14 05:00:00+00:00,132.28662702758902,132.6238362575692,128.62687325020627,130.85842895507812,38722400,0.0,0.0,4719.5498046875,,397.47760009765625,130.85842895507812,-0.0047636237855022984,0.09557901845797896,0.0026470624846992585,0.0,-0.0008669172014675874,0
2023-12-15 05:00:00+00:00,130.54106870618423,132.41557523506742,130.10467308952005,131.51304626464844,50847100,0.0,0.0,4719.18994140625,,399.3990173339844,131.51304626464844,0.00499001400488012,0.10592489857330153,-7.62494933082003e-05,0.0,0.004834026460500018,0
2023-12-18 05:00:00+00:00,131.54280052592037,136.02573795572846,131.34442787355178,134.6868133544922,32258000,0.0,0.0,4740.56005859375,,401.9147033691406,134.6868133544922,0.02384612438624593,0.1912085758137149,0.004528344366900416,0.0,0.006298678579503392,0
2023-12-19 05:00:00+00:00,135.71829114427825,136.34313174933595,134.96452646649996,135.52984619140625,25476800,0.0,0.0,4768.3701171875,,403.96832275390625,135.52984619140625,0.00623970093879302,0.17151430695480713,0.005866407818910568,0.0,0.005109590088520521,0
2023-12-20 05:00:00+00:00,137.83083424971508,140.5384516154751,136.93821779664987,137.20599365234375,49107200,0.0,0.0,4698.35009765625,,397.9654846191406,137.20599365234375,0.012291516690540549,0.16710316556543395,-0.014684266911006771,0.0,-0.014859675367225544,0
2023-12-21 05:00:00+00:00,138.34659720706435,139.53675770538266,138.03912558410573,139.2689666748047,27488300,0.0,0.0,4746.75,,402.5959167480469,139.2689666748047,0.0149236756050922,0.12043581937216002,0.010301467821202559,0.0,0.011635260613964249,0
2023-12-22 05:00:00+00:00,139.61608570312794,140.8260863411753,139.5565799559633,140.33018493652344,26532200,0.0,0.0,4754.6298828125,,403.1982116699219,140.33018493652344,0.007591034175536148,0.11134728658504604,0.0016600585268868873,0.0,0.0014960283917930806,0
2023-12-26 05:00:00+00:00,140.42934263685476,141.5104039629761,140.03262760475596,140.35992431640625,16780300,0.0,0.0,4774.75,,405.66650390625,140.35992431640625,0.00021190187337370128,0.09048412069078422,0.0042316894655107795,0.0,0.006121783690719251,0
2023-12-27 05:00:00+00:00,140.42934564037537,140.9153344287429,138.74328401733115,139.21934509277344,19628600,0.0,0.0,4781.580078125,,406.4923706054687,139.21934509277344,-0.008159299892271566,0.14928812496809432,0.0014304577464787638,0.0,0.0020358266982021256,0
2023-12-28 05:00:00+00:00,139.62601526809934,139.98306492823093,138.6044594609446,139.0805206298828,16045700,0.0,0.0,4783.35009765625,,406.2947387695313,139.0805206298828,-0.000997661095126967,0.14000362318729814,0.0003701746080437829,0.0,-0.0004861883032221126,0
2023-12-29 05:00:00+00:00,138.4854161342685,139.20942786934887,137.6423777840169,138.544921875,18733000,0.0,0.0,4769.830078125,,404.5364074707031,138.544921875,-0.003858431810335629,0.09211721259185876,-0.0028264750133749628,0.0,-0.0043277235244377765,0
2024-01-02 05:00:00+00:00,137.41427392066478,138.3068903414109,135.36123496575607,137.03738403320312,23711200,0.0,0.0,4742.830078125,,397.6907653808594,137.03738403320312,-0.010940853947612164,0.07506703940515665,-0.005660579005492328,0.0,-0.016922190347823052,0
2024-01-03 05:00:00+00:00,136.12494105781897,138.48543668179107,135.95633638949388,137.78125,24212100,0.0,0.0,4704.81005859375,,393.4825744628906,137.78125,0.00541351779924519,0.10124243500531573,-0.008016314922730805,0.0,-0.010581565588878239,0
2024-01-04 05:00:00+00:00,137.28533097133266,138.01927043379123,135.2323072061994,135.27197265625,27137700,0.0,0.0,4688.68017578125,,391.4575500488281,135.27197265625,-0.018379918461127055,0.14576192652332898,-0.0034283812973570083,0.0,-0.0051464144678495805,0
2024-01-05 05:00:00+00:00,135.6290289280703,136.03567169625202,134.0421384410589,134.6173858642578,22513900,0.0,0.0,4697.240234375,,391.92181396484375,134.6173858642578,-0.00485078833136421,0.14030780139218446,0.0018256861788026324,0.0,0.001185987895642171,0
2024-01-08 05:00:00+00:00,135.17280399831742,137.87050896561743,135.1430511234635,137.701904296875,21404000,0.0,0.0,4763.5400390625,,400.0220947265625,137.701904296875,0.02265465918971398,0.25301586921258956,0.014114629309846638,0.0,0.020668103874527777,0
2024-01-09 05:00:00+00:00,137.3646876105234,140.33018342656837,137.01755057751834,139.7946014404297,24759600,0.0,0.0,4756.5,,400.8122863769531,139.7946014404297,0.015082977792708088,0.2574440301958578,-0.0014779006799081618,0.0,0.0019753700128257723,0
2024-01-10 05:00:00+00:00,139.84415669236466,141.82776175183082,139.75489809677802,141.11366271972656,21320200,0.0,0.0,4783.4501953125,,403.52880859375,141.11366271972656,0.009391471470572336,0.2603678651342853,0.00566597189372442,0.0,0.006777542278836313,0
2024-01-11 05:00:00+00:00,142.31377441409103,144.02958884214237,139.48713067468557,140.9153289794922,24008700,0.0,0.0,4780.240234375,,404.3684997558594,140.9153289794922,-0.0014064779066464573,0.18105576830060122,-0.0006710555783868699,0.0,0.002080870421707015,0
2024-01-12 05:00:00+00:00,141.5005074082221,142.0261616954496,140.6574840861167,141.4806671142578,18785500,0.0,0.0,4783.830078125,,404.5758666992187,141.4806671142578,0.004003873268956846,0.14899933575024232,0.0007509755941104146,0.0,0.0005128167586854193,0
2024-01-16 05:00:00+00:00,140.83600213102596,143.16674483949535,140.29050754673418,141.32199096679688,22670500,0.0,0.0,4765.97998046875,,404.5364074707031,141.32199096679688,-0.0011221688310065786,0.11233030617584028,-0.0037313402367431525,0.0,-9.75323338919809e-05,0
2024-01-17 05:00:00+00:00,140.19132176728564,140.67729541881693,137.76139297479477,140.31033325195312,20968600,0.0,0.0,4739.2099609375,,402.2545166015625,140.31033325195312,-0.007184275235016709,0.09925374780040418,-0.005616897183990499,0.0,-0.005640755262073416,0
2024-01-18 05:00:00+00:00,140.88559276545064,143.02789047593322,140.826087018,142.30386352539062,25746400,0.0,0.0,4780.93994140625,,407.9641723632813,142.30386352539062,0.014108019777173146,0.12694891031398145,0.008805260963896,0.0,0.014194137109899252,0
2024-01-19 05:00:00+00:00,143.5535434919084,145.24951781414885,143.19649387664043,145.1800994873047,34271900,0.0,0.0,4839.81005859375,,416.0545349121094,145.1800994873047,0.020010381832949738,0.17579878337994498,0.012313502764936146,0.0,0.019831061394341765,0
2024-01-22 05:00:00+00:00,145.89419084442545,147.17360973542569,144.64450969157377,144.7932891845703,32200400,0.0,0.0,4850.43017578125,,416.5978393554687,144.7932891845703,-0.0026679036579159085,0.18653609638389224,0.0021943252026270788,0.0,0.0013058491081561208,1
2024-01-23 05:00:00+00:00,144.6941039011729,145.9735228014156,144.30730143052193,145.8346710205078,21636100,0.0,0.0,4864.60009765625,,418.3265075683594,145.8346710205078,0.007166456332335766,0.17958877785307373,0.002921374261968035,0.0,0.00414948914657165,1
2024-01-24 05:00:00+00:00,147.32238701526538,148.62166144639895,146.88600647851376,147.4810791015625,25233500,0.0,0.0,4868.5498046875,,420.6479187011719,147.4810791015625,0.011226300474554633,0.13448604029690878,0.0008119284117831249,0.0,0.005549280504136167,1
2024-01-25 05:00:00+00:00,148.83985855855067,151.79542676635216,148.3141891335314,150.62509155273438,29149100,0.0,0.0,4894.16015625,,421.16162109375,150.62509155273438,0.021094021789619662,0.15553086650967662,0.005260365527706368,0.0,0.0012212170077157136,1
2024-01-26 05:00:00+00:00,149.861412918024,151.2895962737746,149.77213916215013,150.94247436523438,26115500,0.0,0.0,4890.97021484375,,418.6525268554687,150.94247436523438,0.0021048876971609108,0.1443799529848303,-0.0006517852510764532,0.0,-0.005957556701784106,1
2024-01-29 05:00:00+00:00,150.8135368633547,152.51943895245324,150.18869623371097,152.25164794921875,27784300,0.0,0.0,4927.93017578125,,422.939697265625,152.25164794921875,0.008635930739144586,0.1113461862226967,0.007556774896180896,0.0,0.010240402565721007,1
2024-01-30 05:00:00+00:00,151.54745682095233,152.3607271720474,149.95065385559957,150.21844482421875,36331800,0.0,0.0,4924.97021484375,,420.1243896484375,150.21844482421875,-0.013444196950395334,0.20318613376886047,-0.0006006499345398986,0.0,-0.006656522514649099,0
2024-01-31 05:00:00+00:00,142.44271896094438,142.81960888272778,138.7234583129567,138.9515838623047,71910000,0.0,0.0,4845.64990234375,,411.895751953125,138.9515838623047,-0.07796497863295669,0.6185678569585126,-0.016105744611597972,0.0,-0.01958619375132753,0
2024-02-01 05:00:00+00:00,140.95499074150428,141.88728767351694,139.63589137319994,140.00286865234375,40466500,0.0,0.0,4906.18994140625,,416.7459716796875,140.00286865234375,0.007537357856591618,0.5792279963166667,0.012493688211609788,0.0,0.01177535748684888,0
2024-02-02 05:00:00+00:00,138.11845552974717,141.45091361668173,135.38108518943704,141.212890625,62499600,0.0,0.0,4958.60986328125,,423.7892150878906,141.212890625,0.008605701497078445,0.5927389655196652,0.01068444607751462,0.0,0.01690056746035351,0
2024-02-05 05:00:00+00:00,141.64927668377285,144.27754793012062,141.60959609870966,142.50221252441406,38505400,0.0,0.0,4942.81005859375,,423.2360534667969,142.50221252441406,0.009088911804944907,0.5938041055093058,-0.0031863375266721894,0.0,-0.0013052753619013924,0
2024-02-06 05:00:00+00:00,143.46424153576635,144.16842804795627,142.01621819950975,142.91876220703125,29128200,0.0,0.0,4954.22998046875,,422.3865356445313,142.91876220703125,0.00291884630236229,0.6047044510895642,0.0023104108269635937,0.0,-0.0020071962568098956,0
2024-02-07 05:00:00+00:00,143.57336464859975,144.4263156427516,142.7501665270815,144.3469696044922,25208900,0.0,0.0,4995.06005859375,,426.73291015625,144.3469696044922,0.009943540123277106,0.04393240832637821,0.008241457963390042,0.0,0.010290040389394628,0
2024-02-08 05:00:00+00:00,144.63461269549572,145.13051412482938,143.91060084610757,144.71395874023438,22563800,0.0,0.0,4997.91015625,,427.5232849121094,144.71395874023438,0.0025391832443244365,0.05692513971689467,0.0005705832608251526,0.0,0.001852153272101642,0
2024-02-09 05:00:00+00:00,145.47765062024953,148.21503646999923,144.98174914123254,147.7786407470703,26829500,0.0,0.0,5026.60986328125,,431.7314147949219,147.7786407470703,0.02095638775910815,0.11840510830249908,0.0057423415255595245,0.0,0.009843042546039626,0
2024-02-12 05:00:00+00:00,147.20338267503428,148.1158395150447,146.1619866169241,146.3206787109375,21564100,0.0,0.0,5021.83984375,,430.0421752929687,146.3206787109375,-0.009914840894114483,0.17950616674035685,-0.0009489536011326738,0.0,-0.00391270925409859,0
2024-02-13 05:00:00+00:00,143.7320585231407,145.46771340579025,142.51214532877424,143.95025634765625,27837700,0.0,0.0,4953.169921875,,423.3348083496094,143.95025634765625,-0.016332844743250672,0.2380136433150522,-0.013674255653625456,0.0,-0.015596997989301586,0
2024-02-14 05:00:00+00:00,144.88254990203637,145.31894554055629,142.90885694916992,144.7436981201172,22704200,0.0,0.0,5000.6201171875,,427.9480285644531,144.7436981201172,0.005496781335215913,0.22996013577771837,0.009579763275017639,0.0,0.010897332616773392,0
2024-02-15 05:00:00+00:00,141.96666314928402,142.34355308517448,139.30863870421263,141.59970092773438,37590700,0.0,0.0,5029.72998046875,,429.2223205566406,141.59970092773438,-0.021960510037091954,0.27747014621730465,0.005821250684729495,0.0,0.002977679314149606,0
2024-02-16 05:00:00+00:00,141.81787214200648,142.01622965333587,138.9912284210113,139.3681182861328,31468900,0.0,0.0,5005.56982421875,,425.3302917480469,139.3681182861328,-0.015885303695250236,0.16709235329219435,-0.0048034698371121065,0.0,-0.0090676291101226,0
2024-02-20 05:00:00+00:00,138.51520249806177,140.9153638014181,138.34659781398392,139.96322631835938,25144700,0.0,0.0,4975.509765625,,422.1198120117187,139.96322631835938,0.00426095348127653,0.2031526661923239,-0.006005322001165325,0.0,-0.007548203827979383,0
2024-02-21 05:00:00+00:00,140.29048076624125,141.52032149117545,139.5267884940164,141.3814697265625,23223300,0.0,0.0,4981.7998046875,,420.4305725097656,141.3814697265625,0.010081977313825846,0.22725780625020942,0.001264199922982101,0.0,-0.004001801038199471,0
2024-02-22 05:00:00+00:00,143.7419853056174,143.8114187719645,141.62945544492516,142.90887451171875,27191900,0.0,0.0,5087.02978515625,,432.7389831542969,142.90887451171875,0.010745489693689447,0.2430049885769615,0.02112288421741404,0.0,0.0292757269554782,0
2024-02-23 05:00:00+00:00,142.4923064572686,143.49402183711422,142.2542683371376,142.77993774414062,19493800,0.0,0.0,5088.7998046875,,431.4646911621094,142.77993774414062,-0.0009026379109096464,0.1729238891941897,0.0003479475462115911,0.0,-0.002944712729366361,0
2024-02-26 05:00:00+00:00,140.9748370483321,141.27238088903258,136.26377416065105,136.4423065185547,53641800,0.0,0.0,5069.52978515625,,431.2374572753906,136.4423065185547,-0.045402685637592824,0.3729204339738013,-0.003786751350190576,0.0,-0.0005266569695581147,0
2024-02-27 05:00:00+00:00,136.88862613854664,138.10853934016288,135.96624166875657,137.7415771484375,33099200,0.0,0.0,5078.18017578125,,432.2747192382813,137.7415771484375,0.009477437825520353,0.38213979593475095,0.0017063496993998672,0.0,0.0024053150889169483,0
2024-02-28 05:00:00+00:00,136.76958362182845,136.87868252205917,134.30000463233606,135.26205444335938,37328600,0.0,0.0,5069.759765625,,429.97308349609375,135.26205444335938,-0.018165259357867065,0.3727900660904508,-0.001658155060430544,0.0,-0.005324474552301672,0
2024-02-29 05:00:00+00:00,136.1546619911694,137.7217119413849,135.28187084580713,137.3249969482422,42133000,0.0,0.0,5096.27001953125,,433.6576843261719,137.3249969482422,0.015136316127988093,0.38831036966611027,0.005229094697149161,0.0,0.008569375552810898,0
2024-03-01 05:00:00+00:00,137.29525760665743,137.7316532704347,135.79764079115824,136.01583862304688,31151100,0.0,0.0,5137.080078125,,440.1871948242187,136.01583862304688,-0.009579017587159238,0.38321186228945237,0.00800782894888763,0.0,0.015056831076780242,0
2024-03-04 05:00:00+00:00,134.54797432652032,134.54797432652032,130.8287137478375,132.2569122314453,55999400,0.0,0.0,5130.9501953125,,438.6165466308594,132.2569122314453,-0.02802500364572803,0.2896751448945318,-0.0011932620709189656,0.0,-0.0035681369467972512,0
2024-03-05 05:00:00+00:00,130.79895621305897,132.14780860687847,129.59886818360178,131.5824737548828,40194800,0.0,0.0,5078.64990234375,,430.7435302734375,131.5824737548828,-0.005112503905077584,0.256442251249839,-0.010193100883444606,0.0,-0.01794965652321323,0
2024-03-06 05:00:00+00:00,132.0287779261609,132.48501385237356,129.77739656818326,130.3228759765625,35318600,0.0,0.0,5104.759765625,,433.4502258300781,130.3228759765625,-0.009618799243559864,0.2444071402220933,0.005141103203274655,0.0,0.006283775301099581,0
2024-03-07 05:00:00+00:00,131.70149485455573,133.8338800794751,130.53117474630065,133.27847290039062,37738200,0.0,0.0,5157.35986328125,,440.0291748046875,133.27847290039062,0.022425687898415526,0.28835417697095267,0.010304127925951478,0.0,0.01517809562103789,0
2024-03-08 05:00:00+00:00,133.1098731227402,136.95805806227605,132.90158785607315,134.30003356933594,39370400,0.0,0.0,5123.68994140625,,433.6774291992187,134.30003356933594,0.007635632964297202,0.30046900761629064,-0.0065285190034379825,0.0,-0.01443482834584342,0
2024-03-11 04:00:00+00:00,135.01410391751668,137.9597590931876,135.01410391751668,136.54147338867188,32437800,0.0,0.0,5117.93994140625,,432.0672302246094,136.54147338867188,0.01655204933896445,0.21745040593233383,-0.001122238087346461,0.0,-0.003712895498348967,0
2024-03-12 04:00:00+00:00,135.90673376099352,138.23747634796243,135.90673376099352,137.36468505859375,27563400,0.0,0.0,5175.27001953125,,438.260986328125,137.36468505859375,0.006010921063043012,0.19343833797606824,0.011201787981366396,0.0,0.014335167469876842,0
2024-03-13 04:00:00+00:00,137.86058646627538,139.9334506450809,137.85067388660744,138.64410400390625,23347200,0.0,0.0,5165.31005859375,,434.8924255371094,138.64410400390625,0.009270922954914877,0.1097129438176496,-0.0019245297153407392,0.0,-0.007686198169812863,0
2024-03-14 04:00:00+00:00,140.03263971476812,142.41296038062768,139.30862790840655,141.92698669433594,42753400,0.0,0.0,5150.47998046875,,433.7959899902344,141.92698669433594,0.023402500313505215,0.11541899527750323,-0.0028710915621273925,0.0,-0.002521164965153977,0
2024-03-15 04:00:00+00:00,141.33187657175912,142.0062951045536,138.8821228338187,140.02268981933594,49475400,0.0,0.0,5117.08984375,,428.6395263671875,140.02268981933594,-0.01350826754194128,0.22138458744232362,-0.006482917484461503,0.0,-0.011886840224509587,0
2024-03-18 04:00:00+00:00,147.39179044961523,150.902765124804,145.9635922313326,146.4694061279297,69273700,0.0,0.0,5149.419921875,,432.72760009765625,146.4694061279297,0.0450120951419693,0.3453430056758919,0.006318059504952345,0.0,0.00953732327281176,0
2024-03-19 04:00:00+00:00,146.9454947247472,147.57032014783982,144.882543249734,145.8247528076172,24070400,0.0,0.0,5178.509765625,,433.8057556152344,145.8247528076172,-0.004410997249523515,0.3677994423047945,0.0056491496501236416,0.0,0.002491533975033766,0
2024-03-20 04:00:00+00:00,146.7868124427757,147.63976344475105,145.53714637957398,147.520751953125,21311500,0.0,0.0,5224.6201171875,,438.94921875,147.520751953125,0.011563279583503939,0.36710559970251955,0.008904173912846591,0.0,0.011856604178686059,0
2024-03-21 04:00:00+00:00,148.24475722928597,149.13737364463717,145.6958169152109,146.3900909423828,24755600,0.0,0.0,5241.52978515625,,441.0264587402344,146.3900909423828,-0.007693942674720949,0.3747522079261484,0.0032365354015160275,0.0,0.004732301372240233,0
2024-03-22 04:00:00+00:00,147.89760470002383,150.33744585104463,147.75875293589797,149.53408813476562,29211800,0.0,0.0,5234.18017578125,,441.5309143066406,149.53408813476562,0.021249466702103943,0.3391883605688334,-0.0014021878490156903,0.0,0.0011438215472314717,0
2024-03-25 04:00:00+00:00,148.71090455162476,149.14730017654827,146.60828759558476,148.83984375,19229300,0.0,0.0,5218.18994140625,,439.9285278320313,148.83984375,-0.004653527425938164,0.19985656507423033,-0.0030549644525015296,0.0,-0.003629160320802516,0
2024-03-26 04:00:00+00:00,148.9886282589288,151.01189945376663,148.7505901221258,149.4349365234375,22149100,0.0,0.0,5203.580078125,,438.5042114257813,149.4349365234375,0.003990237206647811,0.18823326260407144,-0.002799795225030266,0.0,-0.0032376086480888633,0
2024-03-27 04:00:00+00:00,149.94075726317328,150.39699326241234,147.6794478301186,149.63330078125,22879200,0.0,0.0,5248.490234375,,439.9977722167969,149.63330078125,0.0013265486745715218,0.17918495800595952,0.008630626525532925,0.0,0.0034060352263420857,0
2024-03-28 04:00:00+00:00,149.61344863987313,150.1886809085542,148.93901491049212,149.69277954101562,24485400,0.0,0.0,5254.35009765625,,439.1866455078125,149.69277954101562,0.000397417829308053,0.1570466118044181,0.0011164855071790214,0.0,-0.001843479126945935,0
2024-04-01 04:00:00+00:00,149.45476709366227,154.4633742852125,149.3754210532241,154.21542358398438,31730800,0.0,0.0,5243.77001953125,,440.116455078125,154.21542358398438,0.02976542196628518,0.21524826744807612,-0.0020135845401164643,0.0,0.002117117129637247,0
2024-04-02 04:00:00+00:00,152.24173645140743,153.43189683666333,150.90279655942555,153.2930450439453,24586000,0.0,0.0,5205.81005859375,,436.3181457519531,153.2930450439453,-0.0059990627928017855,0.2196753216808065,-0.0072390590731691296,0.0,-0.008630237025556431,0
2024-04-03 04:00:00+00:00,152.34091364414047,153.80877752671594,151.47803493131784,153.65008544921875,24705000,0.0,0.0,5211.490234375,,437.2974548339844,153.65008544921875,0.002326428128448079,0.22089887934946745,0.001091122364688113,0.0,0.0022444839655786364,0
2024-04-04 04:00:00+00:00,152.24170609339924,153.501299690698,149.216704997701,149.29605102539062,34724700,0.0,0.0,5147.2099609375,,430.6108093261719,149.29605102539062,-0.02874659044039067,0.33231297513844277,-0.012334336350379616,0.0,-0.015290840213902035,0
2024-04-05 04:00:00+00:00,148.80018464435562,152.16239579697978,148.37371667079992,151.24993896484375,23459200,0.0,0.0,5204.33984375,,435.6850891113281,151.24993896484375,0.013002439107711533,0.34610362769516817,0.011099194174331695,0.0,0.011783911771970024,0
2024-04-08 04:00:00+00:00,151.52763410967862,153.9972285874499,151.35902944578888,153.58067321777344,20702000,0.0,0.0,5202.39013671875,,435.813720703125,153.58067321777344,0.01529229401912433,0.28255764229291835,-0.00037463099831791524,0.0,0.0002952398303537329,0
2024-04-09 04:00:00+00:00,154.81050082482042,157.26025503704565,153.9178843271403,155.3163299560547,31079500,0.0,0.0,5209.91015625,,437.4259948730469,155.3163299560547,0.011237888271943233,0.2890947097031741,0.0014454931932483817,0.0,0.003699457115119431,0
2024-04-10 04:00:00+00:00,154.92952562487014,155.32624070054823,153.41205338281176,154.86009216308594,22838600,0.0,0.0,5160.64013671875,,433.6079406738281,154.86009216308594,-0.0029417975672149754,0.2918408624236847,-0.009456980649108493,0.0,-0.008728457485309815,0
2024-04-11 04:00:00+00:00,155.6237647430745,158.3710473161656,155.17745655638203,158.103271484375,27166400,0.0,0.0,5199.06005859375,,440.5318908691406,158.103271484375,0.02072635840563118,0.13983811578618538,0.007444797710585593,0.0,0.015968227391206513,0
2024-04-12 04:00:00+00:00,156.66518304426685,158.90665201136972,155.85189745243298,156.4370574951172,25353700,0.0,0.0,5123.41015625,,433.5090026855469,156.4370574951172,-0.010594695951023492,0.20746769611538635,-0.01455068829580164,0.0,-0.015941838330337577,0
2024-04-15 04:00:00+00:00,157.5577715629048,157.93466141742405,153.32276995678504,153.59056091308594,27136500,0.0,0.0,5061.81982421875,,426.3772888183594,153.59056091308594,-0.018363374114573637,0.2527472048235438,-0.01202135494776202,0.0,-0.016451132094160048,0
2024-04-16 04:00:00+00:00,152.9260835145476,154.37410719737133,152.1723036646899,153.1343536376953,20779500,0.0,0.0,5051.41015625,,426.4168701171875,153.1343536376953,-0.002974702022285609,0.23229342517093932,-0.0020565070133361507,0.0,9.283163026307939e-05,0
2024-04-17 04:00:00+00:00,154.3443209821668,155.792359485905,153.3128529021601,154.195556640625,21763100,0.0,0.0,5022.2099609375,,421.2140502929687,154.195556640625,0.00690598073965636,0.24229898716962806,-0.005780602724641426,0.0,-0.012201252316281441,1
2024-04-18 04:00:00+00:00,154.0666341164594,155.6535245551475,153.3525349324206,154.73114013671875,19883000,0.0,0.0,5011.1201171875,,418.8104248046875,154.73114013671875,0.003467385876845701,0.1636429410922621,-0.002208160119998248,0.0,-0.00570642286649603,1
2024-04-19 04:00:00+00:00,154.91959354072858,155.07828562000708,151.0515686940003,152.82688903808594,32615600,0.0,0.0,4967.22998046875,,410.14556884765625,152.82688903808594,-0.012383194400036714,0.16839259300242548,-0.00875854812743615,0.0,-0.020689207918050512,1
2024-04-22 04:00:00+00:00,153.04509433151492,156.3477996158201,152.79714362068458,154.9989471435547,26446200,0.0,0.0,5010.60009765625,,414.2702941894531,154.9989471435547,0.014112487643236152,0.1596169876005584,0.008731248071466746,0.0,0.010056735108429082,1
2024-04-23 04:00:00+00:00,155.67339110483704,157.6669095018619,154.99895725783972,156.9627227783203,21151600,0.0,0.0,5070.5498046875,,420.452392578125,156.9627227783203,0.012590018349326236,0.16814694256921067,0.011964576270872662,0.0,0.014922861898093664,1
2024-04-24 04:00:00+00:00,156.19900577262248,158.26195711355743,155.88162165845978,157.8255615234375,22779100,0.0,0.0,5071.6298828125,,421.8767395019531,157.8255615234375,0.0054820395105889715,0.16739950259776631,0.0002130100613548791,0.0,0.0033876532729291142,1
2024-04-25 04:00:00+00:00,150.08951991120836,155.2072260039545,149.63328396324783,154.7212371826172,57109700,0.0,0.0,5048.419921875,,419.8391723632813,154.7212371826172,-0.019865354192641575,0.24279417685653576,-0.004576430353515626,0.0,-0.004829768858736538,0
2024-04-26 04:00:00+00:00,172.94064243070838,173.27786687075127,168.2593321924788,170.5404815673828,64665300,0.0,0.0,5099.9599609375,,426.3180236816406,170.5404815673828,0.09734766914835181,0.7034019583600248,0.01020914263474304,0.0,0.015431745641764971,0
2024-04-29 04:00:00+00:00,167.6741590817137,168.16014784427256,163.85572783432124,164.7880096435547,45610000,0.0,0.0,5116.169921875,,428.0489501953125,164.7880096435547,-0.0343128392783884,0.8128239501754538,0.0031784486665891176,0.0,0.004060176716723651,0
2024-04-30 04:00:00+00:00,164.25243622887484,166.72203025682094,161.2671157231008,161.4456329345703,33562900,0.0,0.0,5035.68994140625,,419.97760009765625,161.4456329345703,-0.020491409999860474,0.8452308728754454,-0.01573051358686217,0.0,-0.01885613805143882,0
2024-05-01 04:00:00+00:00,162.95316496052317,165.7500403329513,161.75307719432865,162.5167694091797,33493200,0.0,0.0,5018.39013671875,,416.94097900390625,162.5167694091797,0.006612744998270964,0.8452563498151603,-0.0034354388154940185,0.0,-0.007230435844778116,0
2024-05-02 04:00:00+00:00,163.43916484164697,165.36326455481128,162.54654844018515,165.25416564941406,24294500,0.0,0.0,5064.2001953125,,422.2625427246094,165.25416564941406,0.016703493770373293,0.8144517432977222,0.009128437077573048,0.0,0.012763350183080169,0
2024-05-03 04:00:00+00:00,166.18647914228734,166.5832093530068,161.71345384411,165.86911010742188,34662400,0.0,0.0,5127.7900390625,,430.7493286132813,165.86911010742188,0.003714297423420452,0.33482834166529457,0.012556739721478527,0.0,0.020098363056101798,0
2024-05-06 04:00:00+00:00,166.08730795373265,166.76172661144676,164.6690220425713,166.72206115722656,21871300,0.0,0.0,5180.740234375,,435.4674682617187,166.72206115722656,0.005129137472394337,0.218167284501264,0.01032612390701182,0.0,0.010953330243430814,0
2024-05-07 04:00:00+00:00,167.1187643454893,170.35203588113026,167.00966543700736,169.84622192382812,28039700,0.0,0.0,5187.7001953125,,435.5367431640625,169.84622192382812,0.01856532927922458,0.1102408349413681,0.0013434298232750663,0.0,0.00015908169356571022,0
2024-05-08 04:00:00+00:00,167.61464153648018,168.75520848753564,167.35677830532777,167.9915313720703,19569100,0.0,0.0,5187.669921875,,435.2795715332031,167.9915313720703,-0.010979881121882773,0.18863116053217963,-5.835618166138978e-06,0.0,-0.000590470574287516,0
2024-05-09 04:00:00+00:00,168.00146814371735,169.2908147525702,166.80138015076668,168.56680297851562,15346700,0.0,0.0,5214.080078125,,436.2290954589844,168.56680297851562,0.0034185584368300378,0.16615909874308316,0.005090947698625836,0.0,0.0021814116440996845,0
2024-05-10 04:00:00+00:00,166.65258906406663,168.4576770537119,164.8276759187619,167.2675018310547,29799900,0.0,0.0,5222.68017578125,,437.2578430175781,167.2675018310547,-0.007737789806722443,0.18597594548725738,0.001649398844549843,0.0,0.0023582735982141667,0
2024-05-13 04:00:00+00:00,162.9134926423517,167.8923460239163,162.65562940971472,167.7534942626953,31327600,0.0,0.0,5221.419921875,,438.2667846679687,167.7534942626953,0.0029012675516139424,0.18403460034770264,-0.00024130405535727206,0.0,0.002307429509846415,0
2024-05-14 04:00:00+00:00,168.37836010153808,169.8462239602229,167.41631020621995,168.9436798095703,25127100,0.0,0.0,5246.68017578125,,441.0858459472656,168.9436798095703,0.007069798001577062,0.12419697528129961,0.004837813139759728,0.0,0.006432295072127392,0
2024-05-15 04:00:00+00:00,169.23129226677884,171.2347227383607,169.11226565697544,171.0958709716797,26948400,0.0,0.0,5308.14990234375,,447.9801025390625,171.0958709716797,0.012658644538517207,0.11856724160250746,0.011715927882596233,0.0,0.015630192297354073,0
2024-05-16 04:00:00+00:00,171.8694782348091,173.68447893916473,171.27440571230892,172.75218200683594,27867900,0.0,0.0,5297.10009765625,,447.070068359375,172.75218200683594,0.00963404522224726,0.1257558385248824,-0.0020816677921287052,0.0,-0.0020314165172283793,0
2024-05-17 04:00:00+00:00,172.75219674772163,174.8250760090424,172.2662230829347,174.61679077148438,24479300,0.0,0.0,5303.27001953125,,446.8524475097656,174.61679077148438,0.010735712280640365,0.05988298121521005,0.0011647735102702228,0.0,-0.00048677123567675284,0
2024-05-20 04:00:00+00:00,174.7457452424878,177.30459839219796,174.63664632446375,175.46975708007812,22554400,0.0,0.0,5308.1298828125,,449.96826171875,175.46975708007812,0.004872897868508336,0.04864369564542043,0.0009163899374069473,0.0,0.006972803273985084,0
2024-05-21 04:00:00+00:00,175.44991084467418,176.68966435582567,174.36884941504044,176.3921356201172,16989400,0.0,0.0,5321.41015625,,450.8485107421875,176.3921356201172,0.0052428562001200175,0.05456575496397271,0.002501874243978186,0.0,0.001956246914116111,0
2024-05-22 04:00:00+00:00,175.19205213168274,175.69786612928917,173.7737813421162,174.93418884277344,17880000,0.0,0.0,5307.009765625,,450.7595825195313,174.93418884277344,-0.008299720488231592,0.12030806482624581,-0.002706123039226127,0.0,-0.0001972463489117171,0
2024-05-23 04:00:00+00:00,175.61853049301604,176.78885054238378,171.53229263275466,172.12738037109375,21024900,0.0,0.0,5267.83984375,,448.7318420410156,172.12738037109375,-0.016175053168582827,0.17648216425122323,-0.0073807894850155265,0.0,-0.004498496664633422,0
2024-05-24 04:00:00+00:00,173.5456447964723,174.32917746118142,172.22654529374813,173.55557250976562,16579400,0.0,0.0,5304.72021484375,,452.9752197265625,173.55557250976562,0.008263064481273511,0.1669837665569408,0.0070010425881694704,0.0,0.009456377479802436,0
2024-05-28 04:00:00+00:00,173.01996737259077,175.81685807916702,172.94062134541406,174.9539794921875,20572200,0.0,0.0,5306.0400390625,,454.6864318847656,174.9539794921875,0.008025114258427264,0.17551076228438614,0.0002488018529340774,0.0,0.003777716933911046,0
2024-05-29 04:00:00+00:00,173.9919356394942,175.39038104034756,173.2877642166244,174.4580841064453,23388700,0.0,0.0,5266.9501953125,,451.4816589355469,174.4580841064453,-0.0028384579145941157,0.16780204913238012,-0.007367046509680453,0.0,-0.007048314452521298,0
2024-05-30 04:00:00+00:00,173.7638553909168,173.78369568525272,170.381804057889,170.69918823242188,22931500,0.0,0.0,5235.47998046875,,446.6447448730469,170.69918823242188,-0.021781632827503172,0.21833813673010014,-0.005975035585443322,0.0,-0.010713423162978408,0
2024-05-31 04:00:00+00:00,170.4512300886902,171.64139042387083,168.05106912485823,171.0859832763672,37638900,0.0,0.0,5277.509765625,,445.8138732910156,171.0859832763672,0.002263382038277418,0.19650668387707038,0.00802787620486467,0.0,-0.00186025155689995,0
2024-06-03 04:00:00+00:00,171.12566288057238,173.09935606710764,169.75698519210337,171.75050354003906,27459100,0.0,0.0,5283.39990234375,,448.2075500488281,171.75050354003906,0.0038766066123688526,0.18532909266638245,0.0011160825806737495,0.0,0.005369228956789263,0
2024-06-04 04:00:00+00:00,171.85958824102724,172.42492310208857,170.480982952228,172.3654022216797,26879600,0.0,0.0,5291.33984375,,449.4341125488281,172.3654022216797,0.003573792003226366,0.17225481851284644,0.0015028090913065117,0.0,0.00273659490980549,0
2024-06-05 04:00:00+00:00,173.7638369582265,175.2019479039631,172.50424324144495,173.9721221923828,22068500,0.0,0.0,5354.02978515625,,458.49462890625,173.9721221923828,0.009278414172092776,0.19310464032521726,0.011847649793331305,0.0,0.02015983234124774,0
2024-06-06 04:00:00+00:00,174.45811286491957,175.69786641038863,174.3093484929474,175.28131103515625,23251000,0.0,0.0,5352.9599609375,,458.33636474609375,175.28131103515625,0.00749710582803113,0.046878151396491194,-0.00019981663563317653,0.0,-0.0003451821464818261,0
2024-06-07 04:00:00+00:00,175.5986571248054,176.4119274047294,172.87119991627856,173.02989196777344,19661400,0.0,0.0,5346.990234375,,457.9308166503906,173.02989196777344,-0.012927809408349174,0.1401311864608964,-0.0011152197300303701,0.0,-0.000884826356572832,0
2024-06-10 04:00:00+00:00,173.73488619485127,175.8101292272444,171.54047994095143,173.77459716796875,23726700,0.2,0.0,5360.7900390625,,459.780517578125,173.77459716796875,0.0042946753467774015,0.14046613742367642,0.0025808546645145203,0.0,0.0040392584654256325,0
2024-06-11 04:00:00+00:00,174.9760900997619,175.59170876242746,172.54338732033756,175.37326049804688,21540600,0.0,0.0,5375.31982421875,,462.935791015625,175.37326049804688,0.009157578757079708,0.1488889105975317,0.0027103813151374556,0.0,0.0068625644560154075,0
2024-06-12 04:00:00+00:00,176.99173266950717,179.1364888587314,174.86683954251944,176.53497314453125,27864700,0.0,0.0,5421.02978515625,,468.9992065429687,176.53497314453125,0.006602385255508272,0.14341190847464644,0.008503672791998707,0.0,0.013097746264209231,0
2024-06-13 04:00:00+00:00,174.86685975128964,175.49241749987627,173.64554642645388,173.92356872558594,20913300,0.0,0.0,5433.740234375,,471.5413513183594,173.92356872558594,-0.014903062358534502,0.18152424116567323,0.0023446558536817097,0.0,0.005420360503654242,0
2024-06-14 04:00:00+00:00,172.99018739624864,175.8101362841722,172.92067425165644,175.5420379638672,18063600,0.0,0.0,5431.60009765625,,473.9844970703125,175.5420379638672,0.009262604266500109,0.16115564683035535,-0.000393860697500914,0.0,0.005181190886276443,0
2024-06-17 04:00:00+00:00,174.2214273884837,177.10095011007647,173.57600667428076,175.98886108398438,19618500,0.0,0.0,5473.22998046875,,479.7907409667969,175.98886108398438,0.0025421569595310374,0.16066791387250473,0.007664386564552705,0.0,0.012249860348540142,0
2024-06-18 04:00:00+00:00,175.88958192240335,176.13781719186318,172.87104771224654,173.8540496826172,21869900,0.0,0.0,5487.02978515625,,479.9391174316406,173.8540496826172,-0.012204551438022798,0.17601432983156245,0.0025213273947457537,0.0,0.000309252455653386,0
2024-06-20 04:00:00+00:00,174.13206841253606,176.03851342488448,173.7547611134038,175.05551147460938,20160100,0.0,0.0,5473.169921875,,476.2397766113281,175.05551147460938,0.006886979748163626,0.17687362314862806,-0.0025259318472709014,0.0,-0.007707937706993406,0
2024-06-21 04:00:00+00:00,175.75055979188994,179.57338876304848,175.3633134017814,178.36199951171875,57759000,0.0,0.0,5464.6201171875,,474.9637756347656,178.36199951171875,0.018712058185444084,0.17956108212255936,-0.001562130321101196,0.0,-0.0026793246579314145,0
2024-06-24 04:00:00+00:00,178.8882466857276,179.61308934299385,177.4087592034553,177.9548797607422,18298000,0.0,0.0,5447.8701171875,,469.5564575195313,177.9548797607422,-0.002285156566092263,0.18115981336260722,-0.003065171894990004,0.0,-0.011384695828661306,0
2024-06-25 04:00:00+00:00,178.35206806848578,182.98910099326696,178.15348288701358,182.73094177246097,23130200,0.0,0.0,5469.2998046875,,474.9261474609375,182.73094177246097,0.026484773735690623,0.247271199547225,0.003933590015736899,0.0,0.011435664136687729,0
2024-06-26 04:00:00+00:00,181.3408244497642,183.20754327614856,181.19187420519867,182.58200073242188,19839000,0.0,0.0,5477.89990234375,,475.9068908691406,182.58200073242188,-0.0008154162142213937,0.19843613556976822,0.0015724312002203256,0.0,0.002065044035680863,0
2024-06-27 04:00:00+00:00,182.87989825318604,184.7367085522993,182.7210391800813,184.10122680664065,18848900,0.0,0.0,5482.8701171875,,477.1353759765625,184.10122680664065,0.008286360831871951,0.19738935645883857,0.0009073212238914774,0.0,0.0025813559983935974,0
2024-06-28 04:00:00+00:00,183.0189075171442,183.82318736943728,180.67556595744807,180.8642120361328,29156600,0.0,0.0,5460.47998046875,,474.6585998535156,180.8642120361328,-0.017739212050040355,0.25742375799444805,-0.004083652583445674,0.0,-0.005190929551131318,0
2024-07-01 04:00:00+00:00,181.7379989393426,182.58200489120532,180.0202151673191,181.6982879638672,16006100,0.0,0.0,5475.08984375,,477.4425354003906,181.6982879638672,0.004601013061944494,0.253488983810696,0.0026755639309195,0.0,0.0058651324293590434,0
2024-07-02 04:00:00+00:00,180.76490422906485,184.26006063956152,180.27835770580916,183.9323883056641,17372500,0.0,0.0,5509.009765625,,482.4555358886719,183.9323883056641,0.012220682185889781,0.1854556383158409,0.006195317856513505,0.0,0.010499693924583609,0
2024-07-03 04:00:00+00:00,183.545146815405,184.77638393795385,182.7011409192061,184.50830078125,10242100,0.0,0.0,5537.02001953125,,486.477783203125,184.50830078125,0.003126217932428959,0.18471846855792246,0.005084444409779065,0.0,0.008337032151666035,0
2024-07-05 04:00:00+00:00,184.54803142014995,189.512736865488,184.48845737897847,189.25457763671875,20967500,0.0,0.0,5567.18994140625,,491.5501708984375,189.25457763671875,0.025398627177199384,0.24944007562282428,0.005448765178485582,0.0,0.01042676124264963,0
2024-07-08 04:00:00+00:00,188.55950207105113,188.8276004007438,186.4544718628467,187.69564819335935,21035900,0.0,0.0,5572.85009765625,,492.7192077636719,187.69564819335935,-0.008271321911175173,0.1974571667631042,0.0010166989647510949,0.0,0.0023782656063320307,0
2024-07-09 04:00:00+00:00,188.96662487953267,190.00921610095705,187.3878521119617,187.64601135253903,15121400,0.0,0.0,5576.97998046875,,493.145263671875,187.64601135253903,-0.0002644888455479051,0.20471347777986992,0.0007410719362856977,0.0,0.0008647032660586973,0
2024-07-10 04:00:00+00:00,187.8147905079295,190.3964432565855,187.69564243220248,189.83045959472656,15952500,0.0,0.0,5633.91015625,,498.2870178222656,189.83045959472656,0.011574086312078378,0.20361208076241905,0.010208065293514812,0.0,0.010426449424062234,0
2024-07-11 04:00:00+00:00,188.50987272919215,189.51273777959943,183.77353946919203,184.2600860595703,25625800,0.0,0.0,5584.5400390625,,487.3594665527344,184.2600860595703,-0.029783085149604004,0.33053723409536073,-0.008763028841120457,0.0,-0.02193023474159428,0
2024-07-12 04:00:00+00:00,183.77351953652857,185.78918852634615,183.18768799095292,183.7635955810547,22898400,0.0,0.0,5615.35009765625,,490.2226257324219,183.7635955810547,-0.0026981458231497943,0.24119051756464188,0.0055170270744306915,0.0,0.005874840597515529,0
2024-07-15 04:00:00+00:00,183.61466683145176,186.9112385638258,183.61466683145176,185.2133026123047,16474000,0.0,0.0,5631.22021484375,,491.5402526855469,185.2133026123047,0.007858023080108393,0.2577640369276357,0.0028262026252154904,0.0,0.0026878134218231153,1
2024-07-16 04:00:00+00:00,186.03740796917208,187.34808208100193,182.0755683165627,182.62168884277344,18290700,0.0,0.0,5667.2001953125,,491.7284851074219,182.62168884277344,-0.014091408995063854,0.26814133520402406,0.006389375498743188,0.0,0.00038294406378036605,1
2024-07-17 04:00:00+00:00,181.6784348799773,182.2543425380115,178.6300984203773,179.74220275878906,20734100,0.0,0.0,5588.27001953125,,477.2938537597656,179.74220275878906,-0.015893121591668974,0.22601235169561223,-0.013927543241993745,0.0,-0.029354881372192443,1
2024-07-18 04:00:00+00:00,180.64575986268417,181.21174353968175,175.22431015700485,176.43569946289062,25315700,0.0,0.0,5544.58984375,,475.03509521484375,176.43569946289062,-0.018567116401401625,0.17540367101735832,-0.007816403936922511,0.0,-0.004732427470266032,1
2024-07-19 04:00:00+00:00,177.61730362532302,179.0173390205859,175.87965675110726,176.40591430664062,18881900,0.0,0.0,5505.0,,470.8245849609375,176.40591430664062,-0.00016883017851863848,0.1816445257704569,-0.007140265531926926,0.0,-0.008863577231071673,1
2024-07-22 04:00:00+00:00,179.31522557776697,181.41033185766577,178.9577661837674,180.3876037597656,24100300,0.0,0.0,5564.41015625,,477.8387756347656,180.3876037597656,0.022320219140815407,0.2697175232265797,0.01079203564940956,0.0,0.01489767292931421,1
2024-07-23 04:00:00+00:00,180.76494931220915,182.31393516708,180.25853960121495,180.50677490234375,36352700,0.0,0.0,5555.740234375,,476.1545715332031,180.50677490234375,0.0006604211866716585,0.25949465116804493,-0.001558102589770738,0.0,-0.0035246283630397945,0
2024-07-24 04:00:00+00:00,172.37457678491225,174.9462905344622,170.60714288242724,171.4114227294922,49585200,0.0,0.0,5427.1298828125,,459.07476806640625,171.4114227294922,-0.05170166351448228,0.4394991509482265,-0.02314909375473495,0.0,-0.03587029189240043,0
2024-07-25 04:00:00+00:00,171.30219882616154,172.19583973492487,166.0098210682456,166.09918212890625,44852000,0.0,0.0,5399.22021484375,,454.0122375488281,166.09918212890625,-0.03148155500000147,0.46511669867538685,-0.005142620237842288,0.0,-0.011027681915303678,0
2024-07-26 04:00:00+00:00,165.97008682721892,166.90345381803442,162.90190268589552,165.82115173339844,41336900,0.0,0.0,5459.10009765625,,458.6686096191406,165.82115173339844,-0.001675284290653361,0.4628046124299328,0.011090468702846357,0.0,0.010256049694721492,0
2024-07-29 04:00:00+00:00,167.63824201341453,169.22693862858085,166.80417515412134,168.3332977294922,20293800,0.0,0.0,5463.5400390625,,459.58990478515625,168.3332977294922,0.015036120750841247,0.43013784352258344,0.0008133101292933098,0.0,0.002008629207873369,0
2024-07-30 04:00:00+00:00,169.03828621199597,170.0212881339037,167.25098932978506,169.08792114257812,18959700,0.0,0.0,5436.43994140625,,453.2791442871094,169.08792114257812,0.004472893991315374,0.4389909582334637,-0.004960171878030217,0.0,-0.013731286158247924,0
2024-07-31 04:00:00+00:00,172.01711347343624,173.01997848256258,168.80990296351985,170.3291015625,25729100,0.0,0.0,5522.2998046875,,466.6933288574219,170.3291015625,0.007313634080627137,0.28457589626656826,0.0157933986591674,0.0,0.029593650489720957,0
2024-08-01 04:00:00+00:00,169.0482015028782,172.82138024945738,167.68787721137585,169.55459594726562,24531400,0.0,0.0,5446.68017578125,,455.3893127441406,169.55459594726562,-0.004557482229893528,0.12254501178714666,-0.013693502993456064,0.0,-0.024221507817470234,0
2024-08-02 04:00:00+00:00,165.26513327016306,167.32051364473287,163.50762313025547,165.48358154296875,29130100,0.0,0.0,5346.56005859375,,444.5806579589844,165.48358154296875,-0.024302990223787745,0.2394574121184291,-0.018381860868696753,0.0,-0.0237349768268037,0
2024-08-05 04:00:00+00:00,154.4023257364845,163.26928160754815,153.83634209310054,158.1258544921875,53630700,0.0,0.0,5186.330078125,,431.3250122070313,158.1258544921875,-0.04548072134717616,0.3523622977303578,-0.02996879838863975,0.0,-0.029816064902166706,0
2024-08-06 04:00:00+00:00,158.20527443608682,159.43652659885458,155.30588884415857,157.172607421875,49004600,0.0,0.0,5240.02978515625,,435.4463195800781,157.172607421875,-0.006046651600572276,0.3274523859128489,0.010354085880061037,0.0,0.009554992769741366,0
2024-08-07 04:00:00+00:00,160.11174561926643,161.82952940748444,157.35137068982365,157.81805419921875,25138600,0.0,0.0,5199.5,,430.7305603027344,157.81805419921875,0.004098202006321244,0.3144232028873985,-0.007734647858502863,0.0,-0.010829714399449686,0
2024-08-08 04:00:00+00:00,159.37697100848436,162.53453159498838,159.0791007984094,160.88624572753906,25578800,0.0,0.0,5319.31005859375,,443.906982421875,160.88624572753906,0.019254753209345648,0.39943069822737276,0.023042611519136447,0.0,0.030590868941084093,0
2024-08-09 04:00:00+00:00,158.88048081312152,162.63379650679866,157.9371899119943,162.5146484375,28602300,0.0,0.0,5344.16015625,,446.2252197265625,162.5146484375,0.010070574952373942,0.39911567632669676,0.004671676849538509,0.0,0.0052223492679470684,0
2024-08-12 04:00:00+00:00,163.1898651801224,163.73597062856854,160.69757348531624,161.14439392089844,15895300,0.0,0.0,5344.39013671875,,447.186279296875,161.14439392089844,-0.008467322237433845,0.18198663109288737,4.303397765514916e-05,0.0,0.0021537544894960625,0
2024-08-13 04:00:00+00:00,162.25649966122157,163.56717396094234,161.819603177622,163.00120544433594,18551700,0.0,0.0,5434.43017578125,,458.2821960449219,163.00120544433594,0.011456776443060306,0.1639632737884852,0.016847579753558328,0.0,0.02481273970546094,0
2024-08-14 04:00:00+00:00,161.25363005478357,162.0678490367502,156.59674898008666,159.2379608154297,40591100,0.0,0.0,5455.2099609375,,458.4308166503906,159.2379608154297,-0.023357903824104253,0.27548810140476,0.0038237284285767004,0.0,0.00032429932201472056,0
2024-08-15 04:00:00+00:00,159.3670211694173,160.49897323710096,158.48330433720005,160.161376953125,31524300,0.0,0.0,5543.22021484375,,470.0122375488281,160.161376953125,0.005782220570288236,0.2353656476872738,0.016133247764330783,0.0,0.02526318143937023,0
2024-08-16 04:00:00+00:00,160.33018953302678,163.89484419906685,159.9925932186499,161.80967712402344,24208600,0.0,0.0,5554.25,,470.6165466308594,161.80967712402344,0.010238899118231028,0.23586257803934296,0.001989779357261412,0.0,0.0012857305273215047,0
2024-08-19 04:00:00+00:00,164.1132970310061,165.5133475605536,163.1004929084528,165.4934844970703,22416200,0.0,0.0,5608.25,,476.7984924316406,165.4934844970703,0.022511013436535623,0.2726561865737614,0.009722284736913167,0.0,0.013135844553358256,0
2024-08-20 04:00:00+00:00,165.72185564699794,167.44957853320707,165.642433695725,165.9998779296875,18341500,0.0,0.0,5597.1201171875,,475.79791259765625,165.9998779296875,0.0030552275485529884,0.26722487597332545,-0.0019845553982971165,0.0,-0.00209853816626282,0
2024-08-21 04:00:00+00:00,163.98421986679392,165.6722318912375,163.50761237161458,164.67929077148438,22902000,0.0,0.0,5620.85009765625,,478.0171203613281,164.67929077148438,-0.007987162807556198,0.17611930910421925,0.004239676828782013,0.0,0.00466418137808966,0
2024-08-22 04:00:00+00:00,166.07930514645545,166.406977492495,162.15719125168386,162.64373779296875,22493300,0.0,0.0,5570.64013671875,,470.4381713867187,162.64373779296875,-0.012437739126374301,0.2233878006029508,-0.008932805548120926,0.0,-0.015854973915747195,0
2024-08-23 04:00:00+00:00,163.55725630307884,165.00694179876172,162.67353934579646,164.45089721679688,13955700,0.0,0.0,5634.60986328125,,475.5403442382813,164.45089721679688,0.011049877424938135,0.2250937146754916,0.01148337085011919,0.0,0.010845575809724117,0
2024-08-26 04:00:00+00:00,165.20553931092914,166.36727853932712,163.29909428347517,164.98709106445312,14190400,0.0,0.0,5616.83984375,,470.9236755371094,164.98709106445312,0.0032552063830235864,0.1503149841031036,-0.0031537266931381813,0.0,-0.009708258735790065,0
2024-08-27 04:00:00+00:00,164.6693476557718,165.26511837355503,163.29909924659626,163.5175323486328,11821900,0.0,0.0,5625.7998046875,,472.3304443359375,163.5175323486328,-0.008947018788444146,0.15590906772583643,0.0015951960865450143,0.0,0.0029872543511932914,0
2024-08-28 04:00:00+00:00,163.87498286647468,164.4310425767687,160.38976526426643,161.70045471191406,16407400,0.0,0.0,5592.18017578125,,466.9706726074219,161.70045471191406,-0.011174637428218106,0.16375984184786888,-0.00597597320797616,0.0,-0.011347504258488073,0
2024-08-29 04:00:00+00:00,163.15012461387778,164.7984102225247,159.11878679232862,160.6379852294922,19699800,0.0,0.0,5591.9599609375,,466.287109375,160.6379852294922,-0.006592284372688171,0.14855182917865228,-3.937906806072977e-05,0.0,-0.0014638247592831943,0
2024-08-30 04:00:00+00:00,161.472070186267,162.50473737235887,160.54864227379994,162.22671508789062,22123800,0.0,0.0,5648.39990234375,,471.8450012207031,162.22671508789062,0.009841538452288018,0.14170755448206612,0.010093051774424433,0.0,0.011919462781531331,0
2024-09-03 04:00:00+00:00,160.57843019098567,160.70751737773818,155.37541355771157,156.24920654296875,38945300,0.0,0.0,5528.93017578125,,457.5193176269531,156.24920654296875,-0.03754262225129642,0.27062256361819886,-0.02115107439771169,0.0,-0.030360994726421286,0
2024-09-04 04:00:00+00:00,155.55413584223268,157.8776140734706,154.85908019413716,155.34561157226562,19353800,0.0,0.0,5520.06982421875,,456.3304748535156,155.34561157226562,-0.005799823688283788,0.27295326411620835,-0.0016025435809103872,0.0,-0.0025984537212631054,0
2024-09-05 04:00:00+00:00,155.19668368087028,158.32444181781332,154.87893528354047,156.1300506591797,18688700,0.0,0.0,5503.41015625,,456.7565002441406,156.1300506591797,0.005036931230984245,0.29303229242497425,-0.003018017615584734,0.0,0.0009335896112609987,0
2024-09-06 04:00:00+00:00,156.18962872176218,156.71588626121135,149.48727669749047,149.8546600341797,37912100,0.0,0.0,5408.419921875,,444.521240234375,149.8546600341797,-0.04102342674965426,0.3792092908486487,-0.01726024985928465,0.0,-0.02678727068629727,0
2024-09-09 04:00:00+00:00,151.63437166613713,152.51926120186218,146.37475041538113,147.856201171875,39260500,0.2,0.0,5471.0498046875,,450.2376403808594,147.856201171875,-0.013425703533658349,0.31857405805134364,0.0115800702824842,0.0,0.012859678298995147,0
2024-09-10 04:00:00+00:00,149.58618882434916,150.40148807942415,147.4883027750186,147.8064727783203,31118800,0.0,0.0,5495.52001953125,,454.3986206054687,147.8064727783203,-0.0003363860128788313,0.286750004669722,0.004472672652839682,0.0,0.009241742252134921,0
2024-09-11 04:00:00+00:00,149.0592434246133,150.63017379029483,146.67302891819028,150.29212951660156,29607700,0.0,0.0,5554.1298828125,,464.2660827636719,150.29212951660156,0.016677128503694766,0.35032320387714316,0.010665025888896507,0.0,0.021715431585279,0
2024-09-12 04:00:00+00:00,152.91699025153633,153.931138367879,151.7735836501272,153.8018798828125,29621500,0.0,0.0,5595.759765625,,468.8233642578125,153.8018798828125,0.02308434967317621,0.40698486714486354,0.007495302358939249,0.0,0.00981609827496377,0
2024-09-13 04:00:00+00:00,154.53759521680126,157.47067000170316,154.31887229884703,156.5559539794922,29591200,0.0,0.0,5626.02001953125,,470.9236755371094,156.5559539794922,0.017748199593655135,0.24122002635762788,0.005407711405364557,0.0,0.004479962901639656,0
2024-09-16 04:00:00+00:00,156.4068328344505,157.34143843484944,155.70091765708278,157.15252685546875,18379800,0.0,0.0,5633.08984375,,468.8431396484375,157.15252685546875,0.0038033628771256037,0.1581408256082277,0.0012566297656613212,0.0,-0.004417989573998193,0
2024-09-17 04:00:00+00:00,158.107008079676,159.628222536102,157.47068317745328,158.40528869628906,20715600,0.0,0.0,5634.580078125,,469.0908203125,158.40528869628906,0.007940024684320911,0.12406630026753769,0.00026455008109871336,0.0,0.0005282804484421089,0
2024-09-18 04:00:00+00:00,158.9421872798641,159.57851220454893,157.68942685128602,158.89247131347656,23677300,0.0,0.0,5618.259765625,,467.0598754882813,158.89247131347656,0.003070825334635139,0.140986921673326,-0.002896455862498093,0.0,-0.0043295343593927615,0
2024-09-19 04:00:00+00:00,162.77008449382728,162.8496118323656,160.41368126049775,161.20909118652344,26587700,0.0,0.0,5713.64013671875,,478.86907958984375,161.20909118652344,0.014474533029277281,0.10317067742511302,0.01697685316676334,0.0,0.025284133194307667,0
2024-09-20 04:00:00+00:00,162.56130770595448,162.7899829734501,161.12957266023724,162.65078735351562,40896400,0.0,0.0,5702.5498046875,,477.9577026367187,162.65078735351562,0.008903268270620312,0.07274346306542132,-0.0019410273951238066,0.0,-0.001903186052241379,0
2024-09-23 04:00:00+00:00,163.40640761812853,164.53986181971814,160.74178667068307,160.92076110839844,24150900,0.0,0.0,5718.56982421875,,479.2245788574219,160.92076110839844,-0.01069341688969551,0.15128967973458232,0.0028092730585327352,0.0,0.002650603209686242,0
2024-09-24 04:00:00+00:00,162.09398745781283,162.28289902982328,159.7674258440889,161.3582305908203,23332100,0.0,0.0,5732.93017578125,,481.53619384765625,161.3582305908203,0.0027148511841224472,0.1488528681769453,0.0025111788443470395,0.0,0.00482365699135423,0
2024-09-25 04:00:00+00:00,160.5429462723237,161.87524922923666,160.37392412147798,160.56283569335938,18869200,0.0,0.0,5722.259765625,,481.9826354980469,160.56283569335938,-0.004941562384879976,0.1613131073549254,-0.0018612489301417234,0.0,0.0009271196144642335,0
2024-09-26 04:00:00+00:00,162.70049439754706,163.13797065652983,161.34830194759303,161.79571533203125,20319300,0.0,0.0,5745.3701171875,,485.6037902832031,161.79571533203125,0.007649157411955109,0.133118349592441,0.00403867571712313,0.0,0.007513039928117804,0
2024-09-27 04:00:00+00:00,161.87524329123835,164.7486500925775,161.69628402203105,163.00869750976562,21101300,0.0,0.0,5738.169921875,,482.9053039550781,163.00869750976562,0.007469035325707352,0.12785347278938883,-0.0012532169669905446,0.0,-0.005556971304839342,0
2024-09-30 04:00:00+00:00,162.38232355982177,165.19606207708327,162.32265529939457,164.89779663085938,20413900,0.0,0.0,5762.47998046875,,484.2148742675781,164.89779663085938,0.011522309286983003,0.1002869846423997,0.004236552581176722,0.0,0.002711857380265581,0
2024-10-01 04:00:00+00:00,166.72721266688677,168.18877389639653,163.6350680810018,166.03123474121094,28338100,0.0,0.0,5708.75,,477.4685363769531,166.03123474121094,0.006850064122273151,0.09894321201522996,-0.009324107094664358,0.0,-0.013932529232666524,0
2024-10-02 04:00:00+00:00,165.46452779504156,166.5582184121097,163.7842281975384,164.90774536132812,17760200,0.0,0.0,5709.5400390625,,478.1431884765625,164.90774536132812,-0.00678973323509844,0.11154501409615313,0.00013839090212397487,0.0,0.0014129770826967203,0
2024-10-03 04:00:00+00:00,163.4660733087808,165.6832659184552,162.9788810936898,164.90774536132812,15073100,0.0,0.0,5699.93994140625,,477.7860412597656,164.90774536132812,0.0,0.11474224742828322,-0.001681413492255035,0.0,-0.0007469461563068824,0
2024-10-04 04:00:00+00:00,167.0950886229922,167.26411075507784,164.52989975669306,166.100830078125,19047400,0.0,0.0,5751.06982421875,,483.4707946777344,166.100830078125,0.007208815553877329,0.11423325178654406,0.008970249395274354,0.0,0.011898115321619551,0
2024-10-07 04:00:00+00:00,166.75705707061962,167.51268816069472,161.81559051224986,162.0442657470703,22463100,0.0,0.0,5695.93994140625,,478.2920227050781,162.0442657470703,-0.02472547080691861,0.2093081300947808,-0.009586022165882668,0.0,-0.010711654208830246,0
2024-10-08 04:00:00+00:00,162.99877252706997,163.78423021907105,161.93490844359246,163.43624877929688,23072700,0.0,0.0,5751.1298828125,,485.43511962890625,163.43624877929688,0.00855345531749394,0.21488523086073272,0.009689347495581924,0.0,0.014934593480001812,0
2024-10-09 04:00:00+00:00,162.5115774919813,163.89359644421285,158.8228863013817,160.9307098388672,31181800,0.0,0.0,5792.0400390625,,489.2546997070313,160.9307098388672,-0.015449099901949832,0.23221862252917452,0.007113411987488272,0.0,0.007868363708511517,0
2024-10-10 04:00:00+00:00,159.94638493252756,162.13376610989224,159.4790821511072,161.14944458007812,14144100,0.0,0.0,5780.0498046875,,488.6991271972656,161.14944458007812,0.001358262977945899,0.2342094367399548,-0.002070122839989974,0.0,-0.0011355486418390681,0
2024-10-11 04:00:00+00:00,161.19915249290503,162.9589793006072,160.3142629412503,162.3027801513672,15344300,0.0,0.0,5815.02978515625,,489.4630432128906,162.3027801513672,0.0071314424268997,0.23396395515839094,0.006051847587953629,0.0,0.0015631622262273215,0
2024-10-14 04:00:00+00:00,162.7004954092269,165.27562183830673,162.4618678561569,164.01292419433594,19016100,0.0,0.0,5859.85009765625,,493.5703430175781,164.01292419433594,0.010481626701840155,0.16748145364569614,0.0077076668832223305,0.0,0.008391440092650804,0
2024-10-15 04:00:00+00:00,164.83814757105517,166.71729595706415,163.6848189785555,164.5100555419922,20247200,0.0,0.0,5815.259765625,,486.972900390625,164.5100555419922,0.0030264654698500325,0.1591065939905021,-0.007609466332438197,0.0,-0.013366772781804204,0
2024-10-16 04:00:00+00:00,163.58537367338425,164.84808640066018,162.7999160190336,164.21176147460938,16406000,0.0,0.0,5842.47021484375,,487.0324096679687,164.21176147460938,-0.0018148728427330328,0.07677011721263627,0.004679145956573816,0.0,0.0001222024414417877,0
2024-10-17 04:00:00+00:00,164.77847983302945,165.4148047545223,161.82553046438127,161.9945526123047,21453400,0.0,0.0,5841.47021484375,,487.36968994140625,161.9945526123047,-0.013594114592253358,0.14902254035144924,-0.00017116047891174713,0.0,0.0006925212095587607,0
2024-10-18 04:00:00+00:00,162.25307524146882,163.76435267205474,162.14370618061358,162.48175048828125,19757700,0.0,0.0,5864.669921875,,490.5643005371094,162.48175048828125,0.0030029819585970633,0.14107175250376275,0.00397155273894878,0.0,0.006554799491300223,0
2024-10-21 04:00:00+00:00,162.01445640921125,163.5555604691452,161.6863492090046,163.12803649902344,20946500,0.0,0.0,5853.97998046875,,491.5068054199219,163.12803649902344,0.003969701681461013,0.11670094824134893,-0.0018227694906369774,0.0,0.0019212667570398523,1
2024-10-22 04:00:00+00:00,162.0442768634266,164.8182671012252,162.0442768634266,164.19187927246094,16568100,0.0,0.0,5851.2001953125,,492.0425109863281,164.19187927246094,0.006500347019462399,0.12659237568222043,-0.0004748538883844189,0.0,0.0010899250234155389,1
2024-10-23 04:00:00+00:00,163.8140255377703,164.8679522950324,161.0002721529637,161.84539794921875,18280500,0.0,0.0,5797.419921875,,484.5025329589844,161.84539794921875,-0.014394193557268538,0.16206096989681315,-0.009191323428069387,0.0,-0.01532383454476205,1
2024-10-24 04:00:00+00:00,161.89512038935888,162.3922496608961,160.08556255879623,161.78575134277344,22412500,0.0,0.0,5809.85986328125,,488.4312744140625,161.78575134277344,-0.00036860856719856105,0.1313913850831113,0.002145772011323821,0.0,0.008108815099653333,1
2024-10-25 04:00:00+00:00,162.7303165163636,164.63929136354844,162.48175184608664,164.32113647460938,19828900,0.0,0.0,5808.1201171875,,491.4075927734375,164.32113647460938,0.015549725032374971,0.17422078739960503,-0.00029944716993013376,0.0,0.006093627732879137,1
2024-10-28 04:00:00+00:00,167.78114595500233,167.78114595500233,163.00870143582344,165.76280212402344,32138600,0.0,0.0,5823.52001953125,,491.4869689941406,165.76280212402344,0.008735201249495549,0.18035861160134767,0.0026514435020339455,0.0,0.0001615282748381741,1
2024-10-29 04:00:00+00:00,166.76697893071042,169.40177313699868,166.13065407857997,168.70578002929688,42169000,0.0,0.0,5832.919921875,,496.2093811035156,168.70578002929688,0.017598387508231696,0.2081960289663532,0.001614127248163344,0.0,0.00960841773493959,0
2024-10-30 04:00:00+00:00,179.64261737988735,180.97493529169347,173.06063100562596,173.45834350585938,68890800,0.0,0.0,5813.669921875,,492.459228515625,173.45834350585938,0.027781224350179302,0.1663698523644453,-0.003300233889343751,0.0,-0.007557601147222814,0
2024-10-31 04:00:00+00:00,172.13600066532192,175.80481742033143,170.01822493850247,170.12759399414062,44769000,0.0,0.0,5705.4501953125,,480.0281982421875,170.12759399414062,-0.019388767059390653,0.282859389028623,-0.018614700871699585,0.0,-0.025242760321310675,0
2024-11-01 04:00:00+00:00,169.09355238654865,171.33063403813247,167.91038233009985,170.30653381347656,31796500,0.0,0.0,5728.7998046875,,483.5798950195313,170.30653381347656,0.0010512449910202724,0.2838420052016762,0.004092509543626166,0.0,0.007398933625878179,0
2024-11-04 05:00:00+00:00,168.95436679599575,169.7497767581588,167.04539198951443,168.26834106445312,21492700,0.0,0.0,5712.68994140625,,482.171142578125,168.26834106445312,-0.012039980056153936,0.3133433973025115,-0.002812083478299976,0.0,-0.0029131741329928573,0
2024-11-05 05:00:00+00:00,168.45722424913848,169.55091475770118,167.87061532690117,168.7654571533203,18242100,0.0,0.0,5782.759765625,,488.3221740722656,168.7654571533203,0.002949950135543713,0.2864528595980395,0.012265644545291332,0.0,0.012756946550661619,0
2024-11-06 05:00:00+00:00,172.80214969030013,175.92412112315387,172.50386907265272,175.49658203125,33695500,0.0,0.0,5929.0400390625,,501.58648681640625,175.49658203125,0.03910964360745002,0.35787798212636,0.025295927786425976,0.0,0.02716303589805369,0
2024-11-07 05:00:00+00:00,176.3914145518733,180.0403416420051,176.17267645525013,179.7122344970703,25352900,0.0,0.0,5973.10009765625,,509.4836120605469,179.7122344970703,0.023737307260790517,0.3221200720663879,0.007431229727488331,0.0,0.01574429425773416,0
2024-11-08 05:00:00+00:00,179.612801825818,179.86136646447602,177.0575652294279,177.32601928710938,22006200,0.0,0.0,5995.5400390625,,510.0789489746094,177.32601928710938,-0.0133669191702575,0.3636519726255262,0.0037568333092317108,0.0,0.001168510428931624,0
2024-11-11 05:00:00+00:00,177.55470270682915,179.513393363608,177.44533365392132,179.31454467773438,17450400,0.0,0.0,6001.35009765625,,509.7813415527344,179.31454467773438,0.011151541348571065,0.3171164468667661,0.0009690634297987444,0.0,-0.0005834536447215655,0
2024-11-12 05:00:00+00:00,178.787601775427,181.44227061052396,178.36006265722634,180.57725524902344,25134900,0.0,0.0,5983.990234375,,508.858642578125,180.57725524902344,0.0070171965739392,0.3104699487226366,-0.00289265965137242,0.0,-0.0018099896944029359,0
2024-11-13 05:00:00+00:00,179.423911961303,179.9210412566759,177.51492211643085,177.8529815673828,23184000,0.0,0.0,5985.3798828125,,508.203857421875,177.8529815673828,-0.015201430364009217,0.2645901029542085,0.00023222772482434095,0.0,-0.0012867722024578754,0
2024-11-14 05:00:00+00:00,177.2564251654299,177.79333331489727,173.3191695348543,174.57192993164062,31007500,0.0,0.0,5949.169921875,,504.6720275878906,174.57192993164062,-0.018620400138944414,0.2190513873097596,-0.006049734794859041,0.0,-0.006949632086425739,0
2024-11-15 05:00:00+00:00,172.73255057874763,173.1402002652983,170.236966835199,171.4996795654297,32504600,0.0,0.0,5870.6201171875,,492.6477355957031,171.4996795654297,-0.01775546443984629,0.23051278934272335,-0.013203489851361216,0.0,-0.02382595296525214,0
2024-11-18 05:00:00+00:00,172.4243223269658,174.4327289205199,171.90730361382492,174.2935333251953,20135300,0.0,0.0,5893.6201171875,,496.0704956054687,174.2935333251953,0.01615945282584533,0.2562281460592965,0.003917814394541086,0.0,0.0069476824157668204,0
2024-11-19 05:00:00+00:00,172.72260407260163,177.8430297605378,172.56351905656155,177.0973358154297,23434900,0.0,0.0,5916.97998046875,,499.4832458496094,177.0973358154297,0.015958650277554227,0.2898058378568903,0.003963584828470035,0.0,0.0068795670663204245,0
2024-11-20 05:00:00+00:00,176.32181201959514,176.65985629395433,172.7822539205829,174.96961975097656,18997100,0.0,0.0,5917.10986328125,,499.195556640625,174.96961975097656,-0.012087143854446399,0.28291051086650015,2.195086225209586e-05,0.0,-0.0005759736915600389,0
2024-11-21 05:00:00+00:00,172.90156244724747,173.13025284582125,162.7601278802168,166.66757202148438,59734400,0.0,0.0,5948.7099609375,,500.9913330078125,166.66757202148438,-0.048611115561817374,0.42822971648086394,0.0053404615405816536,0.0,0.0035973404476439264,0
2024-11-22 05:00:00+00:00,164.89779453956643,165.5042928911672,162.9589781366054,163.8140411376953,38604600,0.0,0.0,5969.33984375,,501.79486083984375,163.8140411376953,-0.017269352891769015,0.42763616370794233,0.003467959094991535,0.0,0.001603875714190739,0
2024-11-25 05:00:00+00:00,165.13641317917185,167.6618386099698,164.65917328191838,166.6874542236328,33135300,0.0,0.0,5987.3701171875,,502.5885620117187,166.6874542236328,0.017388638341854827,0.4322866892271456,0.003020480305938378,0.0,0.0015817243934035385,0
2024-11-26 05:00:00+00:00,166.66756653684672,168.84499520108912,166.61785057482837,168.1490020751953,20486700,0.0,0.0,6021.6298828125,,505.2870788574219,168.1490020751953,0.00872997612061425,0.40846281442279125,0.005722005647630368,0.0,0.005369236488195872,0
2024-11-27 05:00:00+00:00,168.02973232334207,168.50697228555944,167.05536297555267,168.25840759277344,19266500,0.0,0.0,5998.740234375,,501.3087463378906,168.25840759277344,0.0006504346711223112,0.4150455862850404,-0.003801238017440034,0.0,-0.00787341035620237,0
2024-11-29 05:00:00+00:00,167.53259758783784,168.45725093330546,166.20029451813454,167.98001098632812,14257200,0.0,0.0,6032.3798828125,,505.7136840820313,167.98001098632812,-0.0016559480099817457,0.20509288636181114,0.005607785488815242,0.0,0.008786875904957192,0
2024-12-02 05:00:00+00:00,167.80101718271035,171.0920105058346,167.60216850996696,170.50540161132812,23789100,0.0,0.0,6047.14990234375,,511.2198791503906,170.50540161132812,0.014921987126520979,0.13372482685189152,0.0024484564662998753,0.0,0.010887969302934897,0
2024-12-03 05:00:00+00:00,170.50541009739786,171.68856506902026,169.86908521024029,170.35626220703125,22248700,0.0,0.0,6049.8798828125,,512.7874145507812,170.35626220703125,-0.0008750729673921231,0.11447561929633121,0.0004514491145146682,0.0,0.00306626456505521,0
2024-12-04 05:00:00+00:00,170.1673670613907,173.9057894087997,170.0778874212496,173.36888122558594,31615100,0.0,0.0,6086.490234375,,519.126953125,173.36888122558594,0.01752968161507681,0.1478478839192656,0.006051417924264779,0.0,0.012362898141274448,0
2024-12-05 05:00:00+00:00,174.35320380974355,175.04918185581036,171.3406012044101,171.64881896972656,21356200,0.0,0.0,6075.10986328125,,517.6883544921875,171.64881896972656,-0.00997094645025633,0.18670017583920176,-0.0018697756269248078,0.0,-0.002771188481261788,0
2024-12-06 05:00:00+00:00,171.04230353586647,174.07479526094843,170.8732813965907,173.70692443847656,21462400,0.0,0.0,6090.27001953125,,522.3214721679688,173.70692443847656,0.01191889738354761,0.18570834119759744,0.0024954538421815275,0.0,0.00894962700160784,0
2024-12-09 05:00:00+00:00,173.15947313956298,175.44887679032834,172.85088694703188,174.56297302246094,25389600,0.2,0.0,6052.85009765625,,518.2538452148438,174.56297302246094,0.004916016654042865,0.1708037132929117,-0.006144213927296471,0.0,-0.00778759283289987,0
2024-12-10 05:00:00+00:00,182.00855531536865,185.502397306232,180.21683563214248,184.31787109375,54813000,0.0,0.0,6034.91015625,,516.48779296875,184.31787109375,0.05437627392359926,0.37972737424421044,-0.002963883313944371,0.0,-0.0034076973328805993,0
2024-12-11 05:00:00+00:00,184.4572441868518,194.7098490277896,183.99936950512352,194.5008087158203,67894100,0.0,0.0,6084.18994140625,,525.7342529296875,194.5008087158203,0.05377449358659797,0.46745268027251324,0.008165786048233592,0.0,0.017902572116543558,0
2024-12-12 05:00:00+00:00,194.10264873841157,194.28181312365592,190.82779534779633,191.07664489746097,34817500,0.0,0.0,6051.25,,522.3412475585938,191.07664489746097,-0.017761691231686402,0.503923964041919,-0.005414022527810203,0.0,-0.00645384117961878,0
2024-12-13 05:00:00+00:00,190.13098313311997,191.84306905787375,188.7672926142497,188.94647216796875,25143500,0.0,0.0,6051.08984375,,526.3394775390625,188.94647216796875,-0.011210870836214115,0.5555758104231535,-2.6466639124200775e-05,0.0,0.007654440462353529,0
2024-12-16 05:00:00+00:00,191.98243736831273,198.08423292115103,191.73358782946704,195.7550048828125,44934900,0.0,0.0,6074.080078125,,533.9191284179688,195.7550048828125,0.035400143368440766,0.5565802116094601,0.0037993543260221863,0.0,0.01440068853346399,0
2024-12-17 05:00:00+00:00,196.3422712265007,200.4930793963414,194.082713332717,194.52069091796875,43504000,0.0,0.0,6050.60986328125,,531.5678100585938,194.52069091796875,-0.006325364830836214,0.5048429122791798,-0.003863994965801476,0.0,-0.0044038848473964,0
2024-12-18 05:00:00+00:00,194.3215957893709,196.09340298706192,186.87602311656977,187.5329742431641,34166100,0.0,0.0,5872.16015625,,512.3905029296875,187.5329742431641,-0.03658384486286174,0.42049003067877555,-0.02949284635160343,0.0,-0.036076878181905636,0
2024-12-19 05:00:00+00:00,190.748138909751,192.1416901461699,187.513095150107,187.6424865722656,32265200,0.0,0.0,5867.080078125,,510.1086730957031,187.6424865722656,0.0005837926178528025,0.4118049428535586,-0.0008651123249070469,0.0,-0.0044533023561865726,0
2024-12-20 05:00:00+00:00,184.92506321844033,192.00234452424112,184.36764269628745,190.52915954589844,63462900,0.0,0.0,5930.85009765625,,514.5632934570312,190.52915954589844,0.01526676613887012,0.4238119729263306,0.010869123768910471,0.0,0.008732688927428622,0
2024-12-23 05:00:00+00:00,191.73359960532437,194.20219811806004,189.2749647954396,193.73435974121097,25675000,0.0,0.0,5974.06982421875,,519.5764770507812,193.73435974121097,0.016682689723397915,0.3431045388229975,0.007287273468533639,0.0,0.009742598544232539,0
2024-12-24 05:00:00+00:00,193.94335970742864,195.20751953125,192.88824016493575,195.20751953125,10403300,0.0,0.0,6040.0400390625,,526.621826171875,195.20751953125,0.007575254367037248,0.34643223332425177,0.01104275925539211,0.0,0.01355979231601201,0
2024-12-26 05:00:00+00:00,194.25194880473947,195.84459196860377,193.48550314170072,194.69989013671875,12046600,0.0,0.0,6037.58984375,,526.2640380859375,194.69989013671875,-0.0026038473173668445,0.13622782731271618,-0.00040565878647391695,0.0,-0.000679402311405064,0
2024-12-27 05:00:00+00:00,194.05286442098583,194.42117206113832,189.77264937982267,191.87294006347656,18891400,0.0,0.0,5970.83984375,,519.2683715820312,191.87294006347656,-0.01462596565014263,0.20850324099307443,-0.011055736101235558,0.0,-0.01329307343391739,0
2024-12-30 05:00:00+00:00,188.9265638700057,191.66390866604783,188.24968525874627,190.3599395751953,14264700,0.0,0.0,5906.93994140625,,512.3621826171875,190.3599395751953,-0.007916683629296751,0.19746246061165063,-0.010701995701766776,0.0,-0.013299845210681727,0
2024-12-31 05:00:00+00:00,190.2006709297877,191.07662611886295,187.6424905201336,188.42886352539065,17466900,0.0,0.0,5881.6298828125,,508.0097961425781,188.42886352539065,-0.010196144995549392,0.1352860786180683,-0.004284800394927402,0.0,-0.008494745752656852,0
2025-01-02 05:00:00+00:00,189.7726449747486,191.11643850843905,186.63714698089748,188.55825805664065,20370800,0.0,0.0,5868.5498046875,,507.0160827636719,188.55825805664065,0.0006864666134391599,0.09642874648871143,-0.0022238866412221947,0.0,-0.001956090977874303,0
2025-01-03 05:00:00+00:00,190.489329030918,192.32087307336823,189.10572628313415,190.9073944091797,18596200,0.0,0.0,5942.47021484375,,515.3134155273438,190.9073944091797,0.012381443998657113,0.16966737256415443,0.01259602672149196,0.0,0.016365028735270792,0
2025-01-06 05:00:00+00:00,193.0873348986171,197.3078286539653,192.95794346331456,195.9640350341797,29563600,0.0,0.0,5975.3798828125,,521.2359008789062,195.9640350341797,0.026142683224174804,0.24007055971438465,0.005538045085450305,0.0,0.011492977231151169,0
2025-01-07 05:00:00+00:00,196.2029332360376,200.0750314967655,193.7044893056301,194.59039306640625,26487200,0.0,0.0,5909.02978515625,,511.9348754882813,194.59039306640625,-0.007034346729421943,0.23732650829526855,-0.01110391288210788,0.0,-0.0178441764562679,0
2025-01-08 05:00:00+00:00,191.683825506133,195.38669258245943,191.49469743094457,193.05746459960935,24864800,0.0,0.0,5918.25,,512.0242919921875,193.05746459960935,-0.007908912312953547,0.22887158057706264,0.001560360190925314,0.0,0.00017466382578623652,0
2025-01-10 05:00:00+00:00,193.40585949210492,195.61564455345277,189.4342154897214,191.15625,26665200,0.0,0.0,5827.0400390625,,503.9952087402344,191.15625,-0.009896732184513897,0.2521583454859095,-0.01541164380306681,0.0,-0.015681059233954575,0
2025-01-13 05:00:00+00:00,189.19532001022137,190.3001972959748,186.49778453538255,190.1309814453125,21823700,0.0,0.0,5836.22021484375,,502.37548828125,190.1309814453125,-0.005377945764895856,0.2406204265855129,0.0015754440882007614,0.0,-0.0032137616209347852,0
2025-01-14 05:00:00+00:00,190.3599316953501,191.09651654383717,187.44340746260227,188.7872009277344,17174900,0.0,0.0,5842.91015625,,501.89849853515625,188.7872009277344,-0.007092750960825126,0.026072599222188016,0.0011462798112440442,0.0,-0.0009494685891735521,0
2025-01-15 05:00:00+00:00,192.20141470890871,195.4563707355863,190.97707930364396,194.6501007080078,21776000,0.0,0.0,5949.91015625,,513.4453125,194.6501007080078,0.03058313171916634,0.2720793793112097,0.018312792279639112,0.0,0.023006273177832437,0
2025-01-16 05:00:00+00:00,193.2465827004133,194.5804124827484,191.92270143099617,192.02224731445312,17815400,0.0,0.0,5937.33984375,,509.8481750488281,192.02224731445312,-0.013592354691634374,0.28524166117214594,-0.0021126894641922966,0.0,-0.007005882347347114,0
2025-01-17 05:00:00+00:00,195.6255822249555,196.32235783888785,192.85837679493184,195.0980224609375,27735100,0.0,0.0,5996.66015625,,518.4534912109375,195.0980224609375,0.01589087480504787,0.2936256137367789,0.009991058969353706,0.0,0.016878193515717177,0
2025-01-21 05:00:00+00:00,198.15390588987137,201.3590737795005,196.9594160260543,197.1385955810547,29971300,0.0,0.0,6049.240234375,,521.4942016601562,197.1385955810547,0.010404900694758846,0.28276802997013345,0.008768227105582893,0.0,0.005864962818779906,0
2025-01-22 05:00:00+00:00,198.14394994474472,199.5574134711185,196.62099201618707,197.4571228027344,26200600,0.0,0.0,6086.3701171875,,528.1620483398438,197.4571228027344,0.0016144487941718083,0.2608747736359019,0.006137941522227575,0.0,0.012786041836056139,0
2025-01-23 05:00:00+00:00,197.22817603032425,199.37823954000908,194.30170322912596,197.06890869140625,26951400,0.0,0.0,6118.7099609375,,529.284912109375,197.06890869140625,-0.0019680031513012756,0.1812597729266341,0.00531348622041139,0.0,0.002125983442128554,0
2025-01-24 05:00:00+00:00,197.18839021308668,199.9754930323733,197.08884431729592,199.28868103027344,23877500,0.0,0.0,6101.240234375,,526.2938842773438,199.28868103027344,0.011200974092278451,0.11686909615827251,-0.002855132319398823,0.0,-0.005651073294553277,0
2025-01-27 05:00:00+00:00,191.5245367578076,195.97396712425268,189.8522601854155,190.9272918701172,41728900,0.0,0.0,6012.27978515625,,510.9710083007813,190.9272918701172,-0.042861747243594005,0.353536656966127,-0.014580715690809543,0.0,-0.029114676104591952,1
2025-01-28 05:00:00+00:00,191.8629920734772,194.5804247512124,189.80251062684363,194.40126037597656,24157900,0.0,0.0,6067.7001953125,,518.5231323242188,194.40126037597656,0.01803169068482768,0.37692427944121015,0.009217869449967608,0.0,0.014779946221512352,1
2025-01-29 05:00:00+00:00,194.66006109436609,195.8843965743091,192.5398581602494,194.51075744628903,18218300,0.0,0.0,6039.31005859375,,517.5493774414062,194.51075744628903,0.0005630943153612347,0.3762224035602665,-0.004678895760321544,0.0,-0.0018779391354205588,1
2025-01-30 05:00:00+00:00,197.08882990069444,200.47317747002575,196.76034669489815,199.94561767578125,24354700,0.0,0.0,6071.169921875,,519.7552490234375,199.94561767578125,0.02755794821607527,0.4351387112380806,0.005275414405311762,0.0,0.004262147107463088,1
2025-01-31 05:00:00+00:00,201.0704225036096,204.5344037474068,200.87134591508243,203.0811309814453,32001100,0.0,0.0,6040.52978515625,,519.0000610351562,203.0811309814453,0.015560141253843722,0.44143363160058824,-0.005046825754019935,0.0,-0.0014529684687171196,1
2025-02-03 05:00:00+00:00,199.76644678798675,202.8123625387659,199.17916555521708,200.303955078125,27838300,0.0,0.0,5994.56982421875,,514.846435546875,200.303955078125,-0.013769570957324605,0.25804090223219184,-0.007608597684666707,0.0,-0.008003131020826393,1
2025-02-04 05:00:00+00:00,202.4540365472158,206.09719755510824,201.8767037764101,205.43028259277344,43856400,0.0,0.0,6037.8798828125,,521.1663208007812,205.43028259277344,0.025270730670574816,0.2773577150314909,0.007224881828679752,0.0,0.012275282137659493,0
2025-02-05 05:00:00+00:00,190.1907411207876,191.86300280413045,187.16472209106553,190.4495391845703,70373900,0.0,0.0,6061.47998046875,,523.5313720703125,190.4495391845703,-0.07571944561138613,0.6862012043746257,0.003908672930614365,0.0,0.004537997132848748,0
2025-02-06 05:00:00+00:00,188.62795003909463,191.21599131294843,187.85154069465264,190.71829223632812,29297400,0.0,0.0,6083.56982421875,,526.2640380859375,190.71829223632812,0.0014101562311356537,0.6329569313239898,0.003644298722618622,0.0,0.005219679586380144,0
2025-02-07 05:00:00+00:00,190.17080550398344,190.3001969256679,182.39674895869484,184.4870758056641,49315000,0.0,0.0,6025.990234375,,519.6261596679688,184.4870758056641,-0.03321801834594004,0.6056736616680034,-0.009464770111542897,0.0,-0.012613209221194799,0
2025-02-10 05:00:00+00:00,186.48783259444508,187.3339118322039,185.00468401733505,185.61187744140625,23105600,0.0,0.0,6066.43994140625,,525.916259765625,185.61187744140625,0.0060784019465024205,0.6326839654700812,0.006712541085862833,0.0,0.012105048948412245,0
2025-02-11 05:00:00+00:00,184.17851963260873,186.0797337562697,183.4319710154344,184.4671936035156,21239500,0.0,0.0,6068.5,,524.6641845703125,184.4671936035156,-0.006186177916676542,0.5381559574177361,0.00033958278885926063,0.0,-0.002380750113849861,0
2025-02-12 05:00:00+00:00,182.37685574217417,184.25815769470228,180.9932528796119,182.7650604248047,22072600,0.0,0.0,6051.97021484375,,524.9722290039062,182.7650604248047,-0.009270130003381592,0.24170506891686827,-0.0027238667143857365,0.0,0.0005871268568600208,0
2025-02-13 05:00:00+00:00,183.4717999572288,185.42277188580212,182.2972222059454,185.28341674804688,21402500,0.0,0.0,6115.06982421875,,532.5243530273438,185.28341674804688,0.013685129992636635,0.2844931269079876,0.010426292122230674,0.0,0.014385759105328466,0
2025-02-14 05:00:00+00:00,184.208362887473,185.5421926450352,183.47177804242145,184.37757873535156,20448400,0.0,0.0,6114.6298828125,,534.76025390625,184.37757873535156,-0.004900921854754782,0.1531668737519784,-7.194380749464546e-05,0.0,0.004198682869986037,0
2025-02-18 05:00:00+00:00,184.74589678490392,185.10424071494356,180.90365944170068,182.92431640625,29916700,0.0,0.0,6129.580078125,,535.9724731445312,182.92431640625,-0.007913217610930631,0.14967115429295963,0.0024449877750611915,0.0,0.002266846179061366,0
2025-02-19 05:00:00+00:00,183.22294469175932,184.60654751219352,182.7451426441692,184.41741943359375,19549400,0.0,0.0,6144.14990234375,,536.1216430664062,184.41741943359375,0.008129276389357513,0.1638089825569209,0.0023769693899173827,0.0,0.0002783163862871696,0
2025-02-20 05:00:00+00:00,183.9495791218272,184.4572267048234,181.87914917011352,183.7106781005859,20441500,0.0,0.0,6117.52001953125,,533.845947265625,183.7106781005859,-0.0038396536750586606,0.14836987148128064,-0.0043341850761716705,0.0,-0.004244737794514619,0
2025-02-21 05:00:00+00:00,184.29796286054517,184.48709094071828,178.255903940123,178.83323669433594,35199200,0.0,0.0,6013.1298828125,,522.7662353515625,178.83323669433594,-0.026908385444195194,0.2008657282092947,-0.01706412670256352,0.0,-0.020754511616718485,0
2025-02-24 05:00:00+00:00,181.15250613186583,182.27729565940143,178.06676593885825,178.42510986328125,29854200,0.0,0.0,5983.25,,516.5953369140625,178.42510986328125,-0.0022847724204552162,0.20350051486525733,-0.00496910650440241,0.0,-0.011804317150188592,0
2025-02-25 05:00:00+00:00,177.2206855678133,177.91747644578498,173.8861107726199,174.6127471923828,41913400,0.0,0.0,5955.25,,510.0866394042969,174.6127471923828,-0.021598311880972224,0.23060587120277434,-0.004679730915472358,0.0,-0.012599218468842599,0
2025-02-26 05:00:00+00:00,174.26436286262216,175.26970953461128,170.79041782229913,171.93511962890625,35431300,0.0,0.0,5956.06005859375,,511.3188171386719,171.93511962890625,-0.015453454523783525,0.17151651900852163,0.00013602428004699796,0.0,0.00241562440414822,0
2025-02-27 05:00:00+00:00,173.1893356179125,173.75670468511518,167.16717356296937,167.72459411621094,39991000,0.0,0.0,5861.56982421875,,497.1187744140625,167.72459411621094,-0.024793880681583114,0.15708975429435273,-0.015864553655509872,0.0,-0.027771406505382457,0
2025-02-28 05:00:00+00:00,167.90374066525882,169.82486685567105,166.00254187779413,169.4963836669922,48130600,0.0,0.0,5954.5,,504.9690551757813,169.4963836669922,0.010508277785039164,0.2328485295630065,0.01585414463498891,0.0,0.015791559614644735,0
2025-03-03 05:00:00+00:00,171.13879690224084,172.57217267061702,165.1664079930538,166.24143981933594,40770500,0.0,0.0,5849.72021484375,,493.9190673828125,166.24143981933594,-0.019390402893110857,0.22533428139363937,-0.0175967394669998,0.0,-0.021882504838088068,0
2025-03-04 05:00:00+00:00,165.4749823837437,172.49252670098738,165.03700479811678,170.13343811035156,45388000,0.0,0.0,5778.14990234375,,492.4285278320313,170.13343811035156,0.023141870812848433,0.33113026953600705,-0.012234826602200433,0.0,-0.0030177809467435424,0
2025-03-05 05:00:00+00:00,169.73530516145718,172.98029782260173,168.28201710781593,172.2238006591797,30954900,0.0,0.0,5842.6298828125,,498.8478393554687,172.2238006591797,0.012211738438230282,0.335367343321805,0.011159277893187936,0.0,0.013036026876223294,0
2025-03-06 05:00:00+00:00,169.7452376648565,174.0055403400316,169.715376936786,171.55686950683594,28302000,0.0,0.0,5738.52001953125,,485.1248474121094,171.55686950683594,-0.003879985391281761,0.26133503378752304,-0.017819007085749905,0.0,-0.027509374323621327,0
2025-03-07 05:00:00+00:00,170.47189505527146,174.16482916403365,169.4864605302611,173.0599365234375,27385800,0.0,0.0,5770.2001953125,,488.6922607421875,173.0599365234375,0.008723176127580093,0.2590546684231295,0.00552061780274804,0.0,0.007353598458434751,0
2025-03-10 04:00:00+00:00,167.6785699397653,167.87789100205225,163.12436954047675,165.2968292236328,43604000,0.2,0.0,5614.56005859375,,469.7523193359375,165.2968292236328,-0.045895165696381586,0.4256391026334092,-0.0269730913054258,0.0,-0.03875637681981192,0
2025-03-11 04:00:00+00:00,164.340133201267,166.17377116466406,160.8123576698439,163.47312927246094,39587400,0.0,0.0,5572.06982421875,,468.6294250488281,163.47312927246094,-0.011094192819366227,0.36810124502552855,-0.007567865323653167,0.0,-0.0023903964725426885,0
2025-03-12 04:00:00+00:00,166.0043948548276,167.06072965689114,162.96493090148982,166.53256225585938,28372400,0.0,0.0,5599.2998046875,,473.9158935546875,166.53256225585938,0.018542229530173086,0.3919560959164107,0.004886869929446425,0.0,0.011280701175152563,0
2025-03-13 04:00:00+00:00,165.46625097868807,165.5559515451144,161.54983818219625,162.1975860595703,31756200,0.0,0.0,5521.52001953125,,465.3899230957031,162.1975860595703,-0.026375600326448912,0.4136212421526862,-0.013890984206835322,0.0,-0.017990471674275144,0
2025-03-14 04:00:00+00:00,162.70583694230132,165.91471168879448,161.88866309227078,164.9181671142578,31995900,0.0,0.0,5638.93994140625,,476.63861083984375,164.9181671142578,0.016634134912834633,0.440585536338399,0.021265869083087807,0.0,0.024170458331620237,0
2025-03-17 04:00:00+00:00,164.4597537744784,165.72536967150563,163.10445251309577,163.72230529785156,31184300,0.0,0.0,5675.1201171875,,479.7289733886719,163.72230529785156,-0.007277661730435505,0.3047228839097236,0.006416130719105961,0.0,0.006483659692157362,0
2025-03-18 04:00:00+00:00,163.11441622190455,163.6824539546305,156.1784741770312,160.1148223876953,42074800,0.0,0.0,5614.66015625,,471.5508728027344,160.1148223876953,-0.022280534483041556,0.3348160446078477,-0.010653512117636543,0.0,-0.01704733514044332,0
2025-03-19 04:00:00+00:00,161.20102488744715,165.29682318848322,160.44365657902026,163.32366943359375,34275600,0.0,0.0,5675.2900390625,,477.86090087890625,163.32366943359375,0.01984273617651954,0.3404492701005225,0.010798495567894584,0.0,0.013381436532324154,0
2025-03-20 04:00:00+00:00,161.0117117252994,164.32023175461748,160.4038189359583,162.23745727539062,28138500,0.0,0.0,5662.89013671875,,476.24114990234375,162.23745727539062,-0.00667288628527849,0.28222831776626445,-0.0021848931523151816,0.0,-0.003389586747070905,0
2025-03-21 04:00:00+00:00,160.65294731947398,163.67247597151626,160.33404577702316,163.42333984375,36625800,0.0,0.0,5667.56005859375,,477.8111572265625,163.42333984375,0.0072829632587026365,0.25400553464809883,0.0008246534476661349,0.0,0.003296664566975638,0
2025-03-24 04:00:00+00:00,166.49272355185173,167.73840437615397,164.5693844519754,167.10060119628906,30879100,0.0,0.0,5767.56982421875,,488.29644775390625,167.10060119628906,0.02225202249180243,0.29692623558298403,0.017646000146633645,0.0,0.021944423793293755,0
2025-03-25 04:00:00+00:00,168.3960847024039,170.04039224469534,167.7383768915496,169.9706268310547,24174400,0.0,0.0,5776.64990234375,,491.08294677734375,169.9706268310547,0.01702960535649313,0.18830244933845336,0.0015743334544251475,0.0,0.005706572382934594,0
2025-03-26 04:00:00+00:00,168.41602720143118,169.0239199788623,164.27039826701778,164.48963928222656,28901600,0.0,0.0,5712.2001953125,,482.0466918945313,164.48963928222656,-0.03277805363962243,0.3502307269797042,-0.011156934922627149,0.0,-0.018400669259870384,0
2025-03-27 04:00:00+00:00,164.06113851285755,164.84840203770966,161.44022141043914,161.6793975830078,24508300,0.0,0.0,5693.31005859375,,479.2999572753906,161.6793975830078,-0.017232238030091725,0.37289703648042694,-0.003306980860763864,0.0,-0.00569806756342528,0
2025-03-28 04:00:00+00:00,159.935424629148,161.26083057547865,153.0991290778993,153.7967071533203,48669300,0.0,0.0,5580.93994140625,,466.6810607910156,153.7967071533203,-0.04998370018909638,0.4968038037120682,-0.01973722070834405,0.0,-0.02632776467602438,0
2025-03-31 04:00:00+00:00,152.58093987828155,155.00253588696825,150.13940872047658,154.10565185546875,54603500,0.0,0.0,5611.85009765625,,466.6611633300781,154.10565185546875,0.002006771281798888,0.4239510613366156,0.005538521570653376,0.0,-4.263610120314176e-05,0
2025-04-01 04:00:00+00:00,153.0891615011919,157.55369181763876,153.0891615011919,156.52725219726562,30672900,0.0,0.0,5633.06982421875,,470.4229431152344,156.52725219726562,0.0155917120684268,0.41691711783936025,0.0037812354559083605,0.0,0.008061051745365644,0
2025-04-02 04:00:00+00:00,154.61387643325034,157.86262130532444,154.1654344397735,156.49734497070312,25041700,0.0,0.0,5670.97021484375,,473.8563232421875,156.49734497070312,-0.00019108547330840995,0.4005213604013654,0.006728194715792668,0.0,0.00729849633654478,0
2025-04-03 04:00:00+00:00,150.58783997911712,152.25206746912303,149.87032672274708,150.19918823242188,46883400,0.0,0.0,5396.52001953125,,448.4891052246094,150.19918823242188,-0.04107671005519033,0.45925628081390957,-0.04839563335990149,0.0,-0.053533564444201764,0
2025-04-04 04:00:00+00:00,147.49855413182192,150.54799324363788,144.8776522919314,145.09689331054688,62259500,0.0,0.0,5074.080078125,,420.6339416503906,145.09689331054688,-0.034560585755267846,0.3929342448876409,-0.05974960534553109,0.0,-0.0621088968488287,0
2025-04-07 04:00:00+00:00,141.0608910476278,152.32184805897472,140.04441129882048,146.242919921875,76794100,0.0,0.0,5062.25,,421.6490478515625,146.242919921875,0.007867325167116222,0.40768855979154367,-0.0023314724921273955,0.0,0.0024132769628362194,0
2025-04-08 04:00:00+00:00,150.69745588802078,151.7139355045659,142.5357542501846,144.19998168945312,52200200,0.0,0.0,4982.77001953125,,414.0557861328125,144.19998168945312,-0.014067976278900943,0.33635765724624705,-0.015700524562941354,0.0,-0.018008487763556236,0
2025-04-09 04:00:00+00:00,143.9209605893895,158.99868434001036,143.41272834835817,158.16159057617188,70406200,0.0,0.0,5456.89990234375,,463.7551879882813,158.16159057617188,0.09241613769490833,0.8570725978491424,0.09515387644904849,0.0,0.12003069035612324,0
2025-04-10 04:00:00+00:00,155.99907817143998,157.17500865516934,149.41191804525613,152.2919464111328,48022000,0.0,0.0,5268.0498046875,,444.0306701660156,152.2919464111328,-0.037817856831921445,0.8469788924931899,-0.03460757958472693,0.0,-0.04253217717698954,0
2025-04-11 04:00:00+00:00,152.37166086891528,157.12518279409443,152.29195068350106,156.59701538085938,33636200,0.0,0.0,5363.35986328125,,452.2111206054687,156.59701538085938,0.02787634577083688,0.7875212936649444,0.018092095201708958,0.0,0.01842316531061816,0
2025-04-14 04:00:00+00:00,159.44711904636745,161.16117679260088,157.0155480479404,158.5203399658203,30333000,0.0,0.0,5405.97021484375,,455.2762756347656,158.5203399658203,0.012207188439634533,0.7855567488161097,0.007944712390868913,0.0,0.00677815049128605,0
2025-04-15 04:00:00+00:00,158.58014524074957,159.09833747842598,154.6736922783896,155.76988220214844,27551500,0.0,0.0,5396.6298828125,,455.7838134765625,155.76988220214844,-0.01750310883524301,0.7942049437170451,-0.0017277808903947145,0.0,0.0011147908840389853,0
2025-04-16 04:00:00+00:00,152.57096991980188,155.35132240030543,150.98645259897873,152.8001708984375,28187400,0.0,0.0,5275.7001953125,,442.040283203125,152.8001708984375,-0.019248808931775597,0.4196482307480503,-0.0224083715440897,0.0,-0.030153616401176198,1
2025-04-17 04:00:00+00:00,153.75685420118594,154.14550597318726,147.98686786207978,150.63768005371094,33046600,0.0,0.0,5282.7001953125,,441.9607238769531,150.63768005371094,-0.014253511546129477,0.33508813141067817,0.0013268380955802073,0.0,-0.00017998207221159301,1
2025-04-21 04:00:00+00:00,148.36555457655837,148.43530478654532,145.59516199807078,147.15972900390625,26049100,0.0,0.0,5158.2001953125,,431.0236206054687,147.15972900390625,-0.023358894902539788,0.22477843079957857,-0.023567493023827546,0.0,-0.024746776536028636,1
2025-04-22 04:00:00+00:00,148.3755226432022,151.6641228147109,148.02672595604838,150.9466094970703,26971800,0.0,0.0,5287.759765625,,442.3388977050781,150.9466094970703,0.025407606072960377,0.3166825486719074,0.025117204723895226,0.0,0.026252104429252965,1
2025-04-23 04:00:00+00:00,155.07229801307963,156.98566172409713,153.27851478210604,154.81320190429688,31128800,0.0,0.0,5375.85986328125,,452.3703002929687,154.81320190429688,0.025293046337317042,0.3886022573462308,0.01666113847096007,0.0,0.022678092837720154,1
2025-04-24 04:00:00+00:00,155.6104249592094,159.03854063446718,155.2516683139833,158.7296142578125,45894000,0.0,0.0,5484.77001953125,,465.0987243652344,158.7296142578125,0.024982974264311203,0.38627204210418403,0.020259113708281262,0.0,0.028137178908567595,0
2025-04-25 04:00:00+00:00,164.49961422965615,165.52605388757996,160.4835257508864,161.40036010742188,56034000,0.0,0.0,5525.2099609375,,470.2835998535156,161.40036010742188,0.016685771579208156,0.33496684962392786,0.007373133469998461,0.0,0.011147903050814811,0
2025-04-28 04:00:00+00:00,161.86872639451175,162.5862396977989,158.0519740918863,160.05502319335938,29745800,0.0,0.0,5528.75,,470.13433837890625,160.05502319335938,-0.008370335908188838,0.2309649033191967,0.0006407067039131409,0.0,-0.0003173860935313799,0
2025-04-29 04:00:00+00:00,159.76601814888411,160.18456500527563,156.97569056687874,159.6065673828125,26809000,0.0,0.0,5560.830078125,,473.23931884765625,159.6065673828125,-0.0028058178897782753,0.2507255041784792,0.005802410694099036,0.0,0.006604453696057222,0
2025-04-30 04:00:00+00:00,157.43410788690483,158.71965890557,154.86302105563792,158.25128173828125,34981100,0.0,0.0,5569.06005859375,,473.1795654296875,158.25128173828125,-0.008527672740727412,0.24550746044288496,0.00147999135976562,0.0,-0.00012626469439236399,0
2025-05-01 04:00:00+00:00,159.8955762805081,161.39039316416392,158.3609043039561,160.74264526367188,30203200,0.0,0.0,5604.14013671875,,479.3596801757813,160.74264526367188,0.015620448990978636,0.2010031277441903,0.006299102138585644,0.0,0.013060823411682465,0
2025-05-02 04:00:00+00:00,162.84534306658284,164.39995007912242,161.3106559960053,163.46319580078125,25715000,0.0,0.0,5686.669921875,,486.4752197265625,163.46319580078125,0.016783253427646992,0.20143665139167474,0.01472657412963474,0.0,0.014843842411134567,0
2025-05-05 04:00:00+00:00,162.436752596043,164.81849332954616,162.15772135408076,163.642578125,21341800,0.0,0.0,5650.3798828125,,483.5892028808594,163.642578125,0.0010967849331917049,0.1791073714595466,-0.006381597588933863,0.0,-0.005932505354178774,0
2025-05-06 04:00:00+00:00,161.6096198520829,164.23053675483612,160.63301049910467,162.66595458984375,21277200,0.0,0.0,5606.91015625,,479.0910034179687,162.66595458984375,-0.005985908141312987,0.1883874631833035,-0.007693239651855532,0.0,-0.009301695397857968,0
2025-05-07 04:00:00+00:00,163.5130144970414,164.4298335624806,147.32912722252786,150.85690307617188,127490100,0.0,0.0,5631.27978515625,,480.9718933105469,150.85690307617188,-0.0753670139015675,0.6036972101631903,0.00434635623313584,0.0,0.003925955359544098,0
2025-05-08 04:00:00+00:00,154.464385147347,155.39116415932176,152.3716357822811,153.7468719482422,57498700,0.0,0.0,5663.93994140625,,485.9378967285156,153.7468719482422,0.018975835675144343,0.6129175700696151,0.005799775094835535,0.0,0.010324934756140491,0
2025-05-09 04:00:00+00:00,153.6372746936992,154.5142387821615,151.67408067225014,152.22218322753906,32435300,0.0,0.0,5659.91015625,,485.6194152832031,152.22218322753906,-0.009966376111113574,0.5702359878806906,-0.0007114809122162891,0.0,-0.0006553953652443933,0
2025-05-12 04:00:00+00:00,156.94581087118723,158.5502482480448,155.7100901217978,157.91246032714844,44138800,0.0,0.0,5844.18994140625,,505.4036254882813,157.91246032714844,0.03669964560652787,0.6766804127812367,0.032558782749008364,0.0,0.04074015490822269,0
2025-05-13 04:00:00+00:00,158.24129609505388,160.01515931291138,155.62039437316713,158.97874450683594,42382100,0.0,0.0,5886.5498046875,,513.1063842773438,158.97874450683594,0.006729680014011472,0.6840149166912483,0.0072482009835321826,0.0,0.015240806358721048,0
2025-05-14 04:00:00+00:00,159.4072742222668,166.4229412214118,159.0584775444673,164.79856872558594,48755900,0.0,0.0,5892.580078125,,516.1814575195312,164.79856872558594,0.03595342158308968,0.3156568804096669,0.001024415597859818,0.0,0.005993051999379162,0
2025-05-15 04:00:00+00:00,165.26694125278715,165.6356730691148,161.80893051621783,163.39344787597656,33146700,0.0,0.0,5916.93017578125,,516.748779296875,163.39344787597656,-0.008562849576401113,0.36518458596397163,0.004132332074135769,0.0,0.0010990743062913033,0
2025-05-16 04:00:00+00:00,167.15039440077075,168.76480673115492,165.04768502743335,165.61572265625,42846900,0.0,0.0,5958.3798828125,,518.997802734375,165.61572265625,0.013509098076997149,0.3092824428505843,0.007005272294898557,0.0,0.004352256894656126,0
2025-05-19 04:00:00+00:00,163.94152401470697,166.06416858529283,163.65253281131433,165.96450805664062,30426100,0.0,0.0,5963.60009765625,,519.4954833984375,165.96450805664062,0.0021037775881929304,0.26366792054371396,0.0008761131291423752,0.0,0.0009589263411915461,0
2025-05-20 04:00:00+00:00,165.8548915457752,167.91774593119885,162.337090725838,163.41336059570312,46607700,0.0,0.0,5940.4599609375,,517.7638549804688,163.41336059570312,-0.01549101333408183,0.3215790173673613,-0.0038802294486252054,0.0,-0.003333288687402569,0
2025-05-21 04:00:00+00:00,163.1243721968136,172.54171471286378,162.9948165454298,167.9775390625,73416000,0.0,0.0,5844.60986328125,,510.5686340332031,167.9775390625,0.0275473291337936,0.27335289272240215,-0.01613513066101424,0.0,-0.013896723145220391,0
2025-05-22 04:00:00+00:00,171.25618084668935,176.15917803179707,170.12012070875053,170.27955627441406,74864400,0.0,0.0,5842.009765625,,511.5240173339844,170.27955627441406,0.013611260689456214,0.2547598522152682,-0.00044487103794299543,0.0,0.0018712142444674562,0
2025-05-23 04:00:00+00:00,168.47580548761593,169.3727046333075,167.30985028367255,167.88784790039062,35211400,0.0,0.0,5802.81982421875,,506.7869262695313,167.88784790039062,-0.014145350641698473,0.2917927664617683,-0.006708297825321674,0.0,-0.009260740266199718,0
2025-05-27 04:00:00+00:00,169.5720138436325,172.5716072803838,169.41256307598843,172.3025360107422,37995700,0.0,0.0,5921.5400390625,,518.7091674804688,172.3025360107422,0.025955677545777333,0.3345872876715214,0.0204590558452733,0.0,0.02352515543109468,0
2025-05-28 04:00:00+00:00,172.56165823831284,174.66436785084326,171.31597754856884,171.76441955566406,34784000,0.0,0.0,5888.5498046875,,516.4103393554688,171.76441955566406,-0.0031279777678589354,0.2895597163907537,-0.005571225417268844,0.0,-0.004431824747123891,0
2025-05-29 04:00:00+00:00,173.39874848808273,173.81729536660228,170.04039828273065,171.26614379882812,29317300,0.0,0.0,5912.169921875,,517.4254760742188,171.26614379882812,-0.0029051411769889074,0.25126092947720813,0.004011194261904327,0.0,0.001965755991673257,0
2025-05-30 04:00:00+00:00,170.7579241400477,171.61495310854446,166.86143108525064,171.14657592773438,52639900,0.0,0.0,5911.68994140625,,516.609375,171.14657592773438,-0.0006983845462812784,0.23643707038033834,-8.118516130162234e-05,0.0,-0.0015772340403696905,0
2025-06-02 04:00:00+00:00,167.26003241267054,169.28301661805224,166.81159040962694,168.4459228515625,38612300,0.0,0.0,5935.93994140625,,520.6896362304688,168.4459228515625,-0.01590559286016113,0.24376472654766734,0.0041020419271569075,0.0,0.007898155604452173,0
2025-06-03 04:00:00+00:00,166.91124474262,167.89781407143477,164.70887469424017,165.6057586669922,45084900,0.0,0.0,5970.3701171875,,524.7598876953125,165.6057586669922,-0.017004749745171816,0.12463410578220516,0.005800290454605506,0.0,0.007817039521489821,0
2025-06-04 04:00:00+00:00,166.1638436483944,167.63872532387313,165.78515185366567,167.4693145751953,26900800,0.0,0.0,5970.81005859375,,526.2228393554688,167.4693145751953,0.011190122010912512,0.18581268938506224,7.36874595066439e-05,0.0,0.0027878496326794178,0
2025-06-05 04:00:00+00:00,169.75139851627495,170.33935616350743,167.01090094696792,167.62876892089844,36379100,0.0,0.0,5939.2998046875,,522.2620239257812,167.62876892089844,0.0009516876734981973,0.19059261820080378,-0.005277383403094138,0.0,-0.0075268786024924594,0
2025-06-06 04:00:00+00:00,170.239706414102,173.897023068816,170.239706414102,173.07984924316406,35731800,0.0,0.0,6000.35986328125,,527.3673095703125,173.07984924316406,0.0320012187422124,0.3240808378471311,0.010280683010067904,0.0,0.009775333856663515,0
2025-06-09 04:00:00+00:00,174.14745263351276,176.0731199779413,173.9778367906517,175.6939697265625,28935900,0.21,0.0,6005.8798828125,,528.1436157226562,175.6939697265625,0.014990628852086695,0.2871831896437698,0.0009199480792858594,0.0,0.0014720407166994853,0
2025-06-10 04:00:00+00:00,175.8037071645682,180.70266778284787,174.51661519040564,178.1983184814453,61766100,0.0,0.0,6038.81005859375,,531.63671875,178.1983184814453,0.014153405676749796,0.17766717491506262,0.00548298940767844,0.0,0.006613926446056073,0
2025-06-11 04:00:00+00:00,179.36569688795734,179.96433833777158,176.352484683136,176.95114135742188,31646800,0.0,0.0,6022.240234375,,529.8453369140625,176.95114135742188,-0.0070234219213615254,0.23715413818187467,-0.002743888954607865,0.0,-0.0033695600261574032,0
2025-06-12 04:00:00+00:00,175.78375628436552,176.32255032681226,174.3569797237004,175.30484008789062,20941900,0.0,0.0,6045.259765625,,531.0892944335938,175.30484008789062,-0.009347255080613013,0.2732148704751576,0.0038224199557175265,0.0,0.0023477747804223625,0
2025-06-13 04:00:00+00:00,172.05216517338764,176.7316192634362,172.00227458420645,174.2771453857422,27663100,0.0,0.0,5976.97021484375,,524.4215698242188,174.2771453857422,-0.005879580215356637,0.1922720283082361,-0.011296379879250695,0.0,-0.012554808916805826,0
2025-06-16 04:00:00+00:00,174.33703117902292,176.5420676284148,174.25720927061568,176.37245178222656,27389200,0.0,0.0,6033.10986328125,,531.7162475585938,176.37245178222656,0.011951140698242256,0.17950247507770126,0.009392659896159117,0.0,0.013909949845922753,0
2025-06-17 04:00:00+00:00,175.304837776751,176.96110799729416,174.1873615915514,175.5542755126953,24973000,0.0,0.0,5982.72021484375,,526.5313720703125,175.5542755126953,-0.004649705067210889,0.13540526339675912,-0.008352184790166306,0.0,-0.009751207551185304,0
2025-06-18 04:00:00+00:00,175.6141436330853,176.16290971424257,172.81046582918458,172.93020629882812,28707500,0.0,0.0,5980.8701171875,,526.4417724609375,172.93020629882812,-0.015060175976234007,0.16023263926581446,-0.0003092402101070313,0.0,-0.00017016955518278643,0
2025-06-20 04:00:00+00:00,173.55876981570484,173.94789206625825,165.08787423262584,166.2652130126953,75659900,0.0,0.0,5967.83984375,,524.292236328125,166.2652130126953,-0.039303899105847924,0.29804876222168314,-0.002178658486505891,0.0,-0.004083141280305624,0
2025-06-23 04:00:00+00:00,165.89603893694584,166.96362443515676,161.63563852290417,164.81846618652344,57671000,0.0,0.0,6025.169921875,,529.6832275390625,164.81846618652344,-0.008739518892053653,0.2958858717107845,0.009606504133156335,0.0,0.010282416632169111,0
2025-06-24 04:00:00+00:00,166.5445998017471,167.84167918331357,165.75638318822968,166.3949432373047,40524300,0.0,0.0,6092.18017578125,,537.7831420898438,166.3949432373047,0.009519475425762864,0.28419238814364833,0.01112172017970181,0.0,0.015291997423467318,0
2025-06-25 04:00:00+00:00,167.25298407095676,171.9723414475006,167.17316217400943,170.29611206054688,35479000,0.0,0.0,6092.16015625,,539.157958984375,170.29611206054688,0.023174618737637646,0.3798886489272093,-3.2861029504172024e-06,0.0,0.0025564521959329234,0
2025-06-26 04:00:00+00:00,172.0421997468365,173.29937576602373,169.5578094698184,173.1497039794922,31796700,0.0,0.0,6141.02001953125,,544.19921875,173.1497039794922,0.01661780376400225,0.39881748207646556,0.008020121275230219,0.0,0.009350246401112816,0
2025-06-27 04:00:00+00:00,173.14968136313868,178.27812028762878,171.34375470263782,178.1284637451172,108140200,0.0,0.0,6173.06982421875,,546.0624389648438,178.1284637451172,0.028348435192377907,0.2291973311349312,0.005218970885222163,0.0,0.0034237833327350753,0
2025-06-30 04:00:00+00:00,180.3734342799105,180.82241920920575,174.1873807915227,175.8336639404297,63378900,0.0,0.0,6204.9501953125,,549.5992431640625,175.8336639404297,-0.01296653951019867,0.25578929864398403,0.005164427424532603,0.0,0.006476922686576625,0
2025-07-01 04:00:00+00:00,175.3447530851258,175.6939567742825,173.139716841545,175.44451904296875,35904500,0.0,0.0,6198.009765625,,544.9664916992188,175.44451904296875,-0.0022155947935284595,0.27825287137722104,-0.001118531087121899,0.0,-0.008429326500110967,0
2025-07-02 04:00:00+00:00,175.14518633422566,178.4577266308603,174.67625741761273,178.23822021484375,29128900,0.0,0.0,6227.419921875,,548.7622680664062,178.23822021484375,0.01579810924267093,0.2616716286995687,0.004745096791088033,0.0,0.006965155518740662,0
2025-07-03 04:00:00+00:00,178.09853847776557,179.265905222364,176.65180269468908,179.126220703125,21689700,0.0,0.0,6279.35009765625,,554.1622924804688,179.126220703125,0.004969729577280614,0.2535759577841756,0.008338955206607324,0.0,0.009840371192228359,0
2025-07-07 04:00:00+00:00,178.65729408356307,178.8967598076696,175.28489078530595,176.39239501953125,34175600,0.0,0.0,6229.97998046875,,549.9878540039062,176.39239501953125,-0.015379670427539694,0.20463164020198576,-0.007862297279128794,0.0,-0.007532880770139472,0
2025-07-08 04:00:00+00:00,177.45002146146976,177.54978742679873,172.421347895151,173.96786499023438,40442500,0.0,0.0,6225.52001953125,,550.2966918945312,173.96786499023438,-0.013840432314984118,0.20766479349746583,-0.0007158868810946961,0.0,0.0005615358382493607,0
2025-07-09 04:00:00+00:00,174.85586430994886,179.03644347316074,172.3814460707259,176.2227783203125,43025600,0.0,0.0,6263.259765625,,554.1921997070312,176.2227783203125,0.01287838232323566,0.2333478308596442,0.0060621034026635545,0.0,0.007078922824501843,0
2025-07-10 04:00:00+00:00,175.2349902719471,178.02868052999747,173.98780168372105,177.2205047607422,29252400,0.0,0.0,6280.4599609375,,553.3952026367188,177.2205047607422,0.0056457663131398534,0.20141859342140492,0.0027462050044453346,0.0,-0.0014381239409970714,0
2025-07-11 04:00:00+00:00,176.39238193299045,181.0219456842772,176.08308157759498,179.7847442626953,34282900,0.0,0.0,6259.75,,552.1497802734375,179.7847442626953,0.014365523235035977,0.22860040227614187,-0.0032975229626984737,0.0,-0.0022505116729369945,0
2025-07-14 04:00:00+00:00,180.60289104600895,183.2569121837853,179.27588047712075,181.1516571044922,32536600,0.0,0.0,6268.56005859375,,554.1524047851562,181.1516571044922,0.007574294926136184,0.17946983455427215,0.001407413809457303,0.0,0.003626958813108594,0
2025-07-15 04:00:00+00:00,182.39885886185957,183.8056914333515,181.191588671026,181.59068298339844,33448300,0.0,0.0,6243.759765625,,554.660400390625,181.59068298339844,0.002420594701817424,0.07917694890552918,-0.003956298214731202,0.0,0.0009167073914724266,1
2025-07-16 04:00:00+00:00,182.82788394956327,183.91542879782375,181.620598638336,182.55848693847656,33104200,0.0,0.0,6263.7001953125,,555.2283325195312,182.55848693847656,0.005315438362634949,0.07108284381967116,0.003193657417327689,0.0,0.0010239276654802065,1
2025-07-17 04:00:00+00:00,181.73036564766983,183.64604573142148,180.07409534184728,183.16712951660156,31992600,0.0,0.0,6297.35986328125,,559.7216796875,183.16712951660156,0.0033284140494186936,0.07574710685763231,0.00537376740890938,0.0,0.008092791568432123,1
2025-07-18 04:00:00+00:00,184.98301522964096,186.00072543502688,183.2968289565469,184.6437835693359,34014500,0.0,0.0,6296.7900390625,,559.1836547851562,184.6437835693359,0.008029462605879813,0.03952329222818402,-9.048620868445933e-05,0.0,-0.0009612364892568337,1
2025-07-21 04:00:00+00:00,185.83110772544197,189.86201471908177,185.73132654425748,189.6724548339844,45803100,0.0,0.0,6305.60009765625,,562.0828857421875,189.6724548339844,0.026870187859220473,0.16054675424698547,0.001399134882868358,0.0,0.00518475626428172,1
2025-07-22 04:00:00+00:00,191.0693117786785,191.21896833519165,187.03840453704987,190.90966796875,44660200,0.0,0.0,6309.6201171875,,559.1736450195312,190.90966796875,0.006501711031333402,0.15209299829868012,0.0006375316336257875,0.0,-0.005175821567338423,1
2025-07-23 04:00:00+00:00,191.06930248089483,192.09698471753413,188.7545130229886,189.8021545410156,58681900,0.0,0.0,6358.91015625,,561.7242431640625,189.8021545410156,-0.0058181358519806756,0.18964181288909016,0.007811886951519131,0.0,0.004561370456653391,0
2025-07-24 04:00:00+00:00,196.58686306155585,197.50479208340963,190.5704262162467,191.73779296875,74881700,0.0,0.0,6363.35009765625,,562.9197998046875,191.73779296875,0.01014653929093769,0.18568970983135463,0.0006982236416543941,0.0,0.0021283693114093616,0
2025-07-25 04:00:00+00:00,191.54821586623893,193.8929365997576,190.82983399147875,192.7455139160156,39785900,0.0,0.0,6388.64013671875,,564.2747802734375,192.7455139160156,0.005241961025333332,0.18778824301014937,0.00397432777929585,0.0,0.0024070577535559856,0
2025-07-28 04:00:00+00:00,193.2144667106556,193.61357622809177,190.41078895772904,192.1468811035156,38139500,0.0,0.0,6389.77001953125,,566.0381469726562,192.1468811035156,-0.0031106527588062828,0.10726452974440151,0.00017685810881817865,0.0,0.003125014196743381,0
2025-07-29 04:00:00+00:00,191.99721287217557,195.47936925683575,191.64800916549825,195.30975341796875,41389200,0.0,0.0,6370.85986328125,,565.1614379882812,195.30975341796875,0.016326692024330784,0.14563814462820113,-0.002959442388724254,0.0,-0.001548851414103325,0
2025-07-30 04:00:00+00:00,195.1600963397073,197.155598285003,194.2521393007246,196.08799743652344,32445400,0.0,0.0,6362.89990234375,,565.918701171875,196.08799743652344,0.003976747656240419,0.11506935561742941,-0.0012494327466496813,0.0,0.0013399059679111147,0
2025-07-31 04:00:00+00:00,195.26984291287636,195.54921195775628,190.66022322341527,191.46839904785156,51329200,0.0,0.0,6339.39013671875,,562.9197998046875,191.46839904785156,-0.023840748011239886,0.23646032089522245,-0.0036948193411530106,0.0,-0.00529917346957709,0
2025-08-01 04:00:00+00:00,188.6048544387261,190.40080913246985,187.39758435603645,188.7046356201172,34832200,0.0,0.0,6238.009765625,,551.8309936523438,188.7046356201172,-0.014539758819728165,0.24873554484930932,-0.015992133140148468,0.0,-0.01969873178415671,0
2025-08-04 04:00:00+00:00,189.86200183955253,194.8308120156372,189.69238602262155,194.601318359375,31547400,0.0,0.0,6329.93994140625,,562.0130615234375,194.601318359375,0.03076992628599866,0.35289354792682454,0.01473710033091602,0.0,0.01845142441837644,0
2025-08-05 04:00:00+00:00,194.27208103659055,197.41499022677857,193.45391800516853,194.2321624755859,31602300,0.0,0.0,6299.18994140625,,558.1973266601562,194.2321624755859,-0.0018987870792865793,0.33107694825906997,-0.004857865996303334,0.0,-0.006789406020098587,0
2025-08-06 04:00:00+00:00,194.06255127051267,196.18776557270928,193.23441619136784,195.6489715576172,21562900,0.0,0.0,6345.06005859375,,565.2212524414062,195.6489715576172,0.007267934737082732,0.33506097027158205,0.007281907295092482,0.0,0.012583230778398846,0
2025-08-07 04:00:00+00:00,196.6167969951023,197.09571318148863,193.8929412029117,196.07801818847656,26321800,0.0,0.0,6340.0,,567.1341552734375,196.07801818847656,0.002190539909957255,0.2639931424802589,-0.0007974800154801898,0.0,0.0033843434297078367,0
2025-08-08 04:00:00+00:00,196.77642933858343,202.15430596097147,196.72653874979915,200.96697998046875,39161800,0.0,0.0,6389.4501953125,,572.4244384765625,200.96697998046875,0.024627983848848713,0.22754057744255676,0.007799715348974834,0.0,0.009328098394240314,0
2025-08-11 04:00:00+00:00,200.48808049350347,201.02685931355308,198.62229106869012,200.5479431152344,25832400,0.0,0.0,6373.4501953125,,570.730712890625,200.5479431152344,-0.0020872799154745,0.17586245686839977,-0.0025041278217863283,0.0,-0.0029588631653203468,0
2025-08-12 04:00:00+00:00,200.91710457512625,204.04006993048975,200.1388600495838,202.88267517089844,30397900,0.0,0.0,6445.759765625,,577.9041137695312,202.88267517089844,0.011574521194117006,0.1631973036633193,0.01134543584661274,0.0,0.012568801217258008,0
2025-08-13 04:00:00+00:00,203.6709007567403,204.06999503609887,197.0657792947183,201.5057830810547,28342900,0.0,0.0,6466.580078125,,578.1930541992188,201.5057830810547,-0.0068097760093447125,0.197959744816102,0.0032300788824048965,0.0,0.0004999798804039557,0
2025-08-14 04:00:00+00:00,201.04680257921203,203.9801926061093,200.777405578413,202.4835662841797,25230400,0.0,0.0,6468.5400390625,,577.7447509765625,202.4835662841797,0.0048406479722047265,0.1957131882780666,0.00030309080129242716,0.0,-0.000775352141296759,0
2025-08-15 04:00:00+00:00,203.39153088363753,205.97570210941169,200.8273037146201,203.44140625,34931400,0.0,0.0,6449.7998046875,,575.2042236328125,203.44140625,0.004719304346207403,0.11237653595290678,-0.0028971350972291088,0.0,-0.004397317914971555,0
2025-08-18 04:00:00+00:00,203.7407352225592,204.80833601681928,202.0345896716843,203.0423126220703,18526600,0.0,0.0,6449.14990234375,,574.9749755859375,203.0423126220703,-0.0019636395635978148,0.11206520711762732,-0.00010076318078544588,0.0,-0.00039855070157024386,0
2025-08-19 04:00:00+00:00,202.57337657986537,202.98245812812408,199.51028904350812,201.11666870117188,24240200,0.0,0.0,6411.3701171875,,567.1740112304688,201.11666870117188,-0.009529212916283072,0.10393004578613817,-0.005858103118756786,0.0,-0.013567484997967227,0
2025-08-20 04:00:00+00:00,200.27853657760335,200.82730262485015,196.1578356580316,198.87171936035156,28955500,0.0,0.0,6395.77978515625,,563.8064575195312,198.87171936035156,-0.011225190433829855,0.12082975177502121,-0.0024316693228262354,0.0,-0.005937425982603939,0
2025-08-21 04:00:00+00:00,199.30075073242188,202.02460654215824,198.9814631231269,199.30075073242188,19774600,0.0,0.0,6370.169921875,,561.1962280273438,199.30075073242188,0.00215500352401024,0.11151143080728096,-0.004004181529308926,0.0,-0.004629655189958615,0
2025-08-22 04:00:00+00:00,202.27403645691825,208.07096677186303,200.84725997228375,205.62648010253903,42827000,0.0,0.0,6466.91015625,,569.85400390625,205.62648010253903,0.031246325503064415,0.2725169252844864,0.015186444876893468,0.0,0.01542735935581585,0
2025-08-25 04:00:00+00:00,205.96572314134983,210.04653613391585,204.81831562838465,208.02110290527344,29928900,0.0,0.0,6439.31982421875,,568.2100830078125,208.02110290527344,0.01157821126954177,0.27660745998001257,-0.004266385548063467,0.0,-0.0028848106482866065,0
2025-08-26 04:00:00+00:00,207.0432962842493,207.38254318133843,205.23736948208096,206.67413330078125,28464100,0.0,0.0,6465.93994140625,,570.4916381835938,206.67413330078125,-0.006496213237187709,0.26736134828840125,0.004133995191134998,0.0,0.0040153373620261945,0
2025-08-27 04:00:00+00:00,205.2373711930947,208.4401585010209,205.1874805997711,207.01336669921875,23022900,0.0,0.0,6481.39990234375,,571.368408203125,207.01336669921875,0.0016400470136292808,0.2297619621672627,0.0023909843081744153,0.0,0.0015368674330140664,0
2025-08-28 04:00:00+00:00,206.7838905319589,211.742714118765,206.43467159929352,211.1640167236328,32339300,0.0,0.0,6501.85986328125,,574.9451293945312,211.1640167236328,0.019851797348215974,0.2355556956498525,0.0031567194195349924,0.0,0.006259921164795568,0
2025-08-29 04:00:00+00:00,210.0365409975429,214.167229203444,209.72724064780297,212.43115234375,39728400,0.0,0.0,6460.259765625,,568.2899169921875,212.43115234375,0.005982784943129152,0.15811804611113867,-0.00639818429357164,0.0,-0.011575387044938212,0
2025-09-02 04:00:00+00:00,207.97120545801465,211.2039087146968,205.73623790289355,210.87466430664065,47523000,0.0,0.0,6415.5400390625,,563.5274658203125,210.87466430664065,-0.0073539979401136615,0.17600928982385294,-0.006922279936861564,0.0,-0.008380319673946368,0
2025-09-03 04:00:00+00:00,225.7012467158241,230.78976737242823,224.28442698424496,230.1412353515625,103336100,0.0,0.0,6448.259765625,,567.9611206054688,230.1412353515625,0.08742923824927916,0.6053755294739932,0.0051000736279842585,0.0,0.007867681797376624,0
2025-09-04 04:00:00+00:00,229.13349303754427,231.84737676203943,225.60146147412655,231.7775421142578,51684200,0.0,0.0,6502.080078125,,573.1019287109375,231.7775421142578,0.007084854251751155,0.5952663338333531,0.008346486409699372,0.0,0.00905133805635927,0
2025-09-05 04:00:00+00:00,231.677760445174,235.2297512824053,231.37843212445287,234.47146606445312,46588900,0.0,0.0,6481.5,,573.9288940429688,234.47146606445312,0.011555859127978367,0.6005682457316278,-0.003165152978388819,0.0,0.001442963791609131,0
2025-09-08 04:00:00+00:00,235.15054099905157,237.8069358559837,233.3529799966882,233.72247314453125,32474700,0.21,0.0,6495.14990234375,,576.7284545898438,233.72247314453125,-0.00319950130122843,0.6182526917721446,0.0021059789159529885,0.0,0.004877887445522866,0
2025-09-09 04:00:00+00:00,233.85231685973005,240.14377315813263,232.91358965088384,239.3049163818359,38061000,0.0,0.0,6512.60986328125,,578.3624877929688,239.3049163818359,0.023604140264286904,0.5721341207761748,0.0026881536531127015,0.0,0.0028332800126658064,0
2025-09-10 04:00:00+00:00,238.5758820575914,241.33214736167037,237.5273187664355,238.84552001953125,35141100,0.0,0.0,6532.0400390625,,578.5517578125,238.84552001953125,-0.0019215563499956157,0.17374835943894582,0.002983469943562689,0.0,0.0003272515481658189,0
2025-09-11 04:00:00+00:00,239.55457404217233,241.9213539288796,235.9294937696504,240.0438995361328,30599300,0.0,0.0,6587.47021484375,,581.9192504882812,240.0438995361328,0.005004838148942116,0.17462997830277674,0.008485890387959882,0.0,0.005820555603380573,0
2025-09-12 04:00:00+00:00,240.04388783032,241.75157459718335,237.67710805902945,240.4733123779297,26771600,0.0,0.0,6584.2900390625,,584.4896240234375,240.4733123779297,0.0017872947959423383,0.17236092753828594,-0.00048276131466740146,0.0,0.004417062217823897,0
2025-09-15 04:00:00+00:00,244.32807821701437,252.06756394348793,244.32807821701437,251.2686462402344,58383800,0.0,0.0,6615.27978515625,,589.4911499023438,251.2686462402344,0.04391355436609088,0.3042649305277703,0.004706619226962694,0.0,0.008557082407173233,0
2025-09-16 04:00:00+00:00,251.73800966841424,252.696698721273,249.13154999644232,250.8192596435547,34109700,0.0,0.0,6606.759765625,,588.992919921875,250.8192596435547,-0.001790071863564542,0.30963953989499177,-0.0012879303382402618,0.0,-0.0008451865317253837,0
2025-09-17 04:00:00+00:00,250.879176939906,251.2586662790108,245.94587648389523,249.19146728515625,34108000,0.0,0.0,6600.35009765625,,587.8173217773438,249.19146728515625,-0.0065110527491523415,0.32169014179016236,-0.0009701681605103207,0.0,-0.0019959461391949596,0
2025-09-18 04:00:00+00:00,251.338548569648,253.64542748570952,249.46110945180465,251.6880798339844,31239500,0.0,0.0,6631.9599609375,,593.11767578125,251.6880798339844,0.009968996496071263,0.32023791020200004,0.004789119185128365,0.0,0.009017008869149912,0
2025-09-19 04:00:00+00:00,252.90642848071656,255.6526976942288,251.4683796180924,254.3744354248047,55571400,0.0,0.0,6664.35986328125,,597.1326904296875,254.3744354248047,0.010616794339763667,0.31293801473325644,0.004885418870829605,0.0,0.0067693390576313295,0
2025-09-22 04:00:00+00:00,254.0848093772248,255.4329839373953,249.96042287972912,252.18739318847656,32290500,0.0,0.0,6693.75,,600.667724609375,252.18739318847656,-0.008634901810108654,0.1440983808026871,0.004410046474333074,0.0,0.005920014489817493,0
2025-09-23 04:00:00+00:00,252.69670571321296,254.01492224497756,250.1401811840686,251.3185882568359,26628000,0.0,0.0,6656.919921875,,596.6779174804688,251.3185882568359,-0.0034510247183338373,0.14639254080834987,-0.005502159197012135,0.0,-0.0066422865178928925,0
2025-09-24 04:00:00+00:00,251.31857470864836,252.0076410187345,246.10565550148695,246.80470275878903,28201000,0.0,0.0,6637.97021484375,,594.583251953125,246.80470275878903,-0.018124063417669697,0.19579854869070912,-0.002846617843333288,0.0,-0.0035105464204016057,0
2025-09-25 04:00:00+00:00,244.0684293179449,246.1556055061487,240.4134062278108,245.45654296875,31020400,0.0,0.0,6604.72021484375,,592.0198364257812,245.45654296875,-0.005477429606287227,0.16496586687540954,-0.0050090613431266195,0.0,-0.0043112810845634675,0
2025-09-26 04:00:00+00:00,246.73481561544992,249.08161830530747,245.63630185383963,246.2055206298828,18503200,0.0,0.0,6643.7001953125,,594.4535522460938,246.2055206298828,0.0030467196717036335,0.12325879516893366,0.005901836747171263,0.0,0.004110868708396165,0
2025-09-29 04:00:00+00:00,247.51375020937843,250.809260938322,242.4406403715287,243.71890258789065,32505800,0.0,0.0,6661.2099609375,,597.20654296875,243.71890258789065,-0.010151114241028306,0.12534383416037378,0.00263554421636214,0.0,0.004631128390526484,0
2025-09-30 04:00:00+00:00,242.48058753408856,242.9599320717839,238.92541967317948,242.77020263671875,34724300,0.0,0.0,6688.4599609375,,598.8424072265625,242.77020263671875,-0.003900194859783875,0.12461914912175313,0.0040908483833717035,0.0,0.0027391934617468916,0
2025-10-01 04:00:00+00:00,240.42338523813993,245.96585884887975,238.2862890899911,244.5677490234375,31658200,0.0,0.0,6711.2001953125,,601.7150268554688,244.5677490234375,0.0073770348997329194,0.11094619411024004,0.003399920834961989,0.0,0.004796954247462626,0
2025-10-02 04:00:00+00:00,244.81739828037135,246.47514981131815,241.97127402542455,245.3566741943359,25483300,0.0,0.0,6715.35009765625,,604.188720703125,245.3566741943359,0.003220602261995203,0.11006740360561017,0.0006183547238911569,0.0,0.004111072081054212,0
2025-10-03 04:00:00+00:00,244.15831699237452,245.96585900937905,241.3321544964398,245.01715087890625,30249600,0.0,0.0,6715.7900390625,,601.645263671875,245.01715087890625,-0.0013847532324268114,0.10657371664464364,6.551280273581206e-05,0.0,-0.0042097062459061085,0
2025-10-06 04:00:00+00:00,244.44791178946252,250.97904766602093,244.24818617214953,250.0902404785156,28894700,0.0,0.0,6740.27978515625,,606.1636962890625,250.0902404785156,0.020493602963267292,0.1524111502361234,0.0036465919796933033,0.0,0.00751012746217139,0
2025-10-07 04:00:00+00:00,247.93317917084852,250.1002333278666,245.18691006468788,245.42657470703125,23181300,0.0,0.0,6714.58984375,,602.9718627929688,245.42657470703125,-0.01882399684181265,0.2269215460323877,-0.0038114057910215715,0.0,-0.005265629590874843,0
2025-10-08 04:00:00+00:00,244.62768203424935,245.67624536262252,243.48922922331397,244.2881317138672,21307100,0.0,0.0,6753.72021484375,,609.88427734375,244.2881317138672,-0.004649421506269645,0.22561577337476102,0.0058276636405680815,0.0,0.011463908977050519,0
2025-10-09 04:00:00+00:00,244.13833003954065,244.42792989328805,238.82554034163272,241.2023162841797,27892100,0.0,0.0,6735.10986328125,,609.1461181640625,241.2023162841797,-0.012712328321986498,0.23826897181193468,-0.002755570407195318,0.0,-0.001210326626064906,0
2025-10-10 04:00:00+00:00,241.10246136059908,243.75885638035135,235.5200485827795,236.2490692138672,33180300,0.0,0.0,6552.509765625,,588.0000610351562,236.2490692138672,-0.02074944144455287,0.26592673638903064,-0.02711167321141361,0.0,-0.03471426066481298,0
2025-10-13 04:00:00+00:00,239.88411429337975,244.16828735447277,239.38479264234817,243.8187561035156,24995000,0.0,0.0,6654.72021484375,,600.4782104492188,243.8187561035156,0.03153851989341768,0.33989455498991533,0.015598671787557583,0.0,0.021221340338120287,0
2025-10-14 04:00:00+00:00,240.9027132904423,246.78472157869837,240.1836889124138,245.1169891357422,22111600,0.0,0.0,6644.31005859375,,596.4783935546875,245.1169891357422,0.005310456827166444,0.32107347736776704,-0.0015643266604626893,0.0,-0.006661052516025445,0
2025-10-15 04:00:00+00:00,246.91455220927548,251.7679591837619,245.65626715592245,250.68942260742188,27007700,0.0,0.0,6671.06005859375,,600.6876220703125,250.68942260742188,0.022479209588675445,0.353766743604843,0.004026001159503689,0.0,0.007056799644560963,0
2025-10-16 04:00:00+00:00,251.42842769264908,256.6113736152233,249.76069521164575,251.1188507080078,27997200,0.0,0.0,6629.06982421875,,598.4633178710938,251.1188507080078,0.0017115230188457526,0.32114030802013843,-0.006294387099829435,0.0,-0.003702929971409308,0
2025-10-17 04:00:00+00:00,250.4197821526697,253.87509458891947,247.4737875390444,252.9563446044922,29671600,0.0,0.0,6664.009765625,,602.393310546875,252.9563446044922,0.007290587009788774,0.2024342337838667,0.0052707155502571545,0.0,0.006566806282733095,0
2025-10-20 04:00:00+00:00,254.3444728441902,256.98087539491434,253.88509020638816,256.2019348144531,22350200,0.0,0.0,6735.1298828125,,609.98388671875,256.2019348144531,0.01274901853459743,0.12829833472338834,0.010672270853256949,0.0,0.01260069798083241,0
2025-10-21 04:00:00+00:00,254.39440086428343,254.53421031738455,243.81875668908756,250.1202087402344,47312100,0.0,0.0,6735.35009765625,,609.8244018554688,250.1202087402344,-0.024024304144002112,0.27717326403522885,3.2696450934288634e-05,0.0,-0.00026145750199924045,1
2025-10-22 04:00:00+00:00,254.02489806023604,256.01218852739623,248.9517881335524,251.3485412597656,35029400,0.0,0.0,6699.39990234375,,603.9493408203125,251.3485412597656,0.004898949241263409,0.22706753656549686,-0.005337539220865439,0.0,-0.009634020903854679,1
2025-10-23 04:00:00+00:00,252.63679338694976,254.69399627404513,251.50833675008087,252.73666381835935,19901400,0.0,0.0,6738.43994140625,,609.0264282226562,252.73666381835935,0.0055075056890811335,0.22989853586509815,0.0058273934429324825,0.0,0.008406478919983362,1
2025-10-24 04:00:00+00:00,256.23188733462473,261.32497431611404,254.9736174865258,259.5673828125,28655100,0.0,0.0,6791.68994140625,,615.52978515625,259.5673828125,0.02666824072697625,0.29401180020861123,0.00790242258787388,0.0,0.010678283621570861,1
2025-10-27 04:00:00+00:00,264.4607188078389,269.7735083332291,263.92144290721717,268.9046630859375,35235200,0.0,0.0,6875.16015625,,626.4918823242188,268.9046630859375,0.03534057154659666,0.36574410622557463,0.012290050865671143,0.0,0.017809206690438284,1
2025-10-28 04:00:00+00:00,269.3241367489819,270.3627344019799,266.1384619149823,267.1071472167969,29738600,0.0,0.0,6890.89013671875,,631.3095703125,267.1071472167969,-0.006707026124808853,0.27449050729731095,0.0022879438603986557,0.0,0.007689944792912851,1
2025-10-29 04:00:00+00:00,267.38675485794886,274.96645416764926,267.3068768000952,274.197509765625,43580300,0.0,0.0,6890.58984375,,634.15234375,274.197509765625,0.026198806931207897,0.2758425299775982,-4.3578255173426506e-05,0.0,0.004502978524613344,0
2025-10-30 04:00:00+00:00,291.1944142933695,291.1944142933695,279.6800575475708,281.09814453125,74876000,0.0,0.0,6822.33984375,,624.45703125,281.09814453125,0.024855191878668994,0.25682661599504386,-0.00990481243951924,0.0,-0.015288617310262875,0
2025-10-31 04:00:00+00:00,282.82575062167336,285.6119738650845,276.6541425566326,280.8085021972656,39267900,0.0,0.0,6840.2001953125,,627.4693603515625,280.8085021972656,-0.0010309269745201548,0.2929038530731553,0.0026179217059763005,0.0,0.004823917340689654,0
2025-11-03 05:00:00+00:00,281.797163766903,285.14262497278366,279.42038779718166,283.3350830078125,29786000,0.0,0.0,6851.97021484375,,630.4716796875,283.3350830078125,0.008957285945313502,0.23598322121841006,0.0017207127269924793,0.0,0.004784806280031528,0
2025-11-04 05:00:00+00:00,276.374515458966,280.88837191256465,275.8851900258856,277.1634521484375,30078400,0.0,0.0,6771.5498046875,,617.6743774414062,277.1634521484375,-0.022022824002001173,0.3172208458107581,-0.011736830084583816,0.0,-0.020297981112231467,0
2025-11-05 05:00:00+00:00,278.49163374098424,286.0314084420774,276.96371081227676,283.92425537109375,31010300,0.0,0.0,6796.2900390625,,621.6941528320312,283.92425537109375,0.024100084032032534,0.3096412012428263,0.0036535556982648654,0.0,0.006507919929066963,0
2025-11-06 05:00:00+00:00,284.9428776795432,287.9587999323025,280.7585903155872,284.3636779785156,37173600,0.0,0.0,6720.31982421875,,610.1136474609375,284.3636779785156,0.001546479061797542,0.2659661463154595,-0.011178189042419073,0.0,-0.018627335191010785,0
2025-11-07 05:00:00+00:00,282.8257840870045,283.3950181298404,274.8166751233446,278.45172119140625,34479600,0.0,0.0,6728.7998046875,,608.1885375976562,278.45172119140625,-0.021009283863888773,0.3150626233223267,0.0012618418007710464,0.0,-0.003155329947613583,0
2025-11-10 05:00:00+00:00,284.03413439651047,290.40545290698407,282.47622284552773,289.7064208984375,29557300,0.0,0.0,6832.43017578125,,621.6442260742188,289.7064208984375,0.03962337714019774,0.4333412250566084,0.01540101862170995,0.0,0.022124205973549582,0
2025-11-11 05:00:00+00:00,287.35962699643375,291.52398321941854,286.9302176656824,290.914794921875,19842100,0.0,0.0,6846.60986328125,,619.9884643554688,290.914794921875,0.004162354854152845,0.3674335883164793,0.002075350517340535,0.0,-0.0026635198225943846,0
2025-11-12 05:00:00+00:00,291.2842728658537,291.613842224268,283.30512258449664,286.3210144042969,24829900,0.0,0.0,6850.919921875,,619.4996948242188,286.3210144042969,-0.015916813985590646,0.37819422006154985,0.0006295171887717999,0.0,-0.0007883526216219128,0
2025-11-13 05:00:00+00:00,281.9569519907634,282.45627365196606,276.8638649512614,278.19207763671875,29494000,0.0,0.0,6737.490234375,,606.8519897460938,278.19207763671875,-0.028801807494152357,0.43585025428809837,-0.01655685496159698,0.0,-0.020415998883927977,0
2025-11-14 05:00:00+00:00,271.04178706348836,278.1820807042813,270.3327588398133,276.0350036621094,31647200,0.0,0.0,6734.10986328125,,607.310791015625,276.0350036621094,-0.007784119323152159,0.41362320821032345,-0.0005017255648851471,0.0,0.0007560348771753489,0
2025-11-17 05:00:00+00:00,285.392279437324,293.55120856159544,283.1852862901624,284.63330078125,52670200,0.0,0.0,6672.41015625,,602.1240234375,284.63330078125,0.030674005342199617,0.3584336973654266,-0.00916226617680782,0.0,-0.008540549015193744,0
2025-11-18 05:00:00+00:00,287.52939388700526,288.4081743957296,277.8225797399186,283.8943176269531,49158700,0.0,0.0,6617.31982421875,,594.792724609375,283.8943176269531,-0.0025996400053332185,0.3524520804402491,-0.008256436690967983,0.0,-0.012175728824554977,0
2025-11-19 05:00:00+00:00,286.77042153983126,303.39782684502376,286.2411417953812,292.4127502441406,68198900,0.0,0.0,6642.16015625,,598.3436889648438,292.4127502441406,0.029564284535910354,0.4065232460893093,0.0037538357962292324,0.0,0.005970087071594188,0
2025-11-20 05:00:00+00:00,304.1268355762142,306.0042898345543,288.2783714658303,289.05731201171875,62025200,0.0,0.0,6538.759765625,,584.1798095703125,289.05731201171875,-0.01154135250050041,0.32936400657459647,-0.015567283563270418,0.0,-0.023671812130308,0
2025-11-21 05:00:00+00:00,296.0178842040454,303.50770955644725,293.4513634023398,299.25347900390625,74137700,0.0,0.0,6602.990234375,,588.568603515625,299.25347900390625,0.03466599020400327,0.34158713706468546,0.009823035415319481,0.0,0.007512745003187771,0
2025-11-24 05:00:00+00:00,310.70789188393536,319.0465694557707,309.17996886834777,318.14776611328125,85165100,0.0,0.0,6705.1201171875,,603.6201782226562,318.14776611328125,0.06122497805061949,0.46863847217007837,0.015467217001293498,0.0,0.02557318657013896,0
2025-11-25 05:00:00+00:00,325.767421144808,328.3838617048627,317.2190369667809,323.0011901855469,88632100,0.0,0.0,6765.8798828125,,607.3406982421875,323.0011901855469,0.015140059835671509,0.4241580453599071,0.009061696817220577,0.0,0.0061636773483719764,0
2025-11-26 05:00:00+00:00,320.2449508538883,324.0597758686898,316.36024396458464,319.5159606933594,51373400,0.0,0.0,6812.60986328125,,612.70703125,319.5159606933594,-0.010848780209191495,0.49306304541190016,0.006906711511012631,0.0,0.008835786936959966,0
2025-11-28 05:00:00+00:00,322.9313108653273,326.40660086319315,316.36025071335513,319.7456359863281,26018600,0.0,0.0,6849.08984375,,617.6743774414062,319.7456359863281,0.0007185643687783809,0.4532907147098323,0.005354773163420257,0.0,0.008107212644960615,0
2025-12-01 05:00:00+00:00,317.2690150587685,319.41609223758667,313.464186206563,314.46282958984375,41183000,0.0,0.0,6812.6298828125,,615.599609375,314.46282958984375,-0.016659911908310523,0.4945329638893153,-0.005323329342915684,0.0,-0.003358999728951928,0
2025-12-02 05:00:00+00:00,316.3102616947243,317.948051296999,313.4841146313127,315.38153076171875,35854700,0.0,0.0,6829.3701171875,,620.4173583984375,315.38153076171875,0.0029172344192905323,0.19735598826772172,0.002457235261999813,0.0,0.007826107993032627,0
2025-12-03 05:00:00+00:00,315.4614340573081,321.1436861691208,313.6738540884245,319.19635009765625,41838300,0.0,0.0,6849.72021484375,,621.9335327148438,319.19635009765625,0.01202331630771739,0.18112822660532735,0.0029797912994984355,0.0,0.0024437973823301373,0
2025-12-04 05:00:00+00:00,321.7928484740126,321.92264650582644,314.27306548179905,317.1890869140625,31240900,0.0,0.0,6857.1201171875,,621.35498046875,317.1890869140625,-0.0063083462426176415,0.1702813679595497,0.0010803218396737702,0.0,-0.0009302477124336628,0
2025-12-05 05:00:00+00:00,319.05652267664885,322.72155681925386,318.73697999805336,320.8341064453125,28851700,0.0,0.0,6870.39990234375,,623.8884887695312,320.8341064453125,0.011426102454092469,0.19420569035236532,0.001936641757662061,0.0,0.0040773927632637985,0
2025-12-08 05:00:00+00:00,319.82486263347363,320.21460294317257,311.0010871288888,313.49932861328125,33909400,0.21,0.0,6846.509765625,,622.6915893554688,313.49932861328125,-0.02312696870434922,0.23227757425544962,-0.003477255626794018,0.0,-0.0019184508699994218,0
2025-12-09 05:00:00+00:00,312.15025542764414,317.7662971049956,311.6805848338384,316.85693359375,30194000,0.0,0.0,6840.509765625,,623.4595947265625,316.85693359375,0.010653139934015557,0.24578596236062952,-0.0008763589340257116,0.0,0.001233363970579271,0
2025-12-10 05:00:00+00:00,315.6078174223929,321.0839735202244,314.45863248382005,319.9847412109375,33428900,0.0,0.0,6886.68017578125,,626.0130615234375,319.9847412109375,0.009822952520779624,0.23995861384532685,0.00674955693920154,0.0,0.004095641190661192,0
2025-12-11 05:00:00+00:00,319.85481737290655,320.8940942947929,308.3829128168011,312.210205078125,42353700,0.0,0.0,6901.0,,623.98828125,312.210205078125,-0.024596615763819704,0.3001838081794377,0.002079350841514227,0.0,-0.0032344057942019777,0
2025-12-12 05:00:00+00:00,313.47935032153816,314.6485102459599,305.34506149685063,309.07244873046875,35940200,0.0,0.0,6827.41015625,,612.0587158203125,309.07244873046875,-0.010100983850478407,0.2718295818386885,-0.010663649289958,0.0,-0.019118252358505283,0
2025-12-15 05:00:00+00:00,311.1009991314403,311.2009348824072,304.66552711937686,308.003173828125,29151900,0.0,0.0,6816.509765625,,608.9865112304688,308.003173828125,-0.003465623769497765,0.23363678686737366,-0.0015965630269072495,0.0,-0.0050194605687891025,0
2025-12-16 05:00:00+00:00,304.7354841263937,310.5513666605185,302.37712849550337,306.3543395996094,30585000,0.0,0.0,6800.259765625,,610.1934204101562,306.3543395996094,-0.005367682990212155,0.19717185478926047,-0.0023839179519623555,0.0,0.00198183236809113,0
2025-12-17 05:00:00+00:00,307.7933270972379,307.87325739956634,295.9116769824828,296.5112609863281,43930400,0.0,0.0,6721.43017578125,,598.8822631835938,296.5112609863281,-0.032657207132669064,0.20289170564971923,-0.011592143912241393,0.0,-0.018537002937461078,0
2025-12-18 05:00:00+00:00,301.50775321966603,303.7461677101471,299.0195145942255,302.2472229003906,33518000,0.0,0.0,6774.759765625,,607.5601806640625,302.2472229003906,0.019160103930283324,0.29336676193017536,0.007934262269941872,0.0,0.014490189497912143,0
2025-12-19 05:00:00+00:00,301.5177661333593,307.03387224107576,300.7582909786616,306.9439392089844,59943200,0.0,0.0,6834.5,,615.4799194335938,306.9439392089844,0.015419821107802087,0.32751585115934284,0.008818059450332205,0.0,0.013035315712881301,0
2025-12-22 05:00:00+00:00,309.66200850448513,309.9118326328777,305.0852133945127,309.56207275390625,26429900,0.0,0.0,6878.490234375,,618.4302368164062,309.56207275390625,0.008493507714034763,0.33366952241363734,0.006436496360377575,0.0,0.004793523378516795,0
2025-12-23 05:00:00+00:00,309.41219480947996,314.7184570357758,309.1024153195162,314.1288757324219,25478700,0.0,0.0,6909.7900390625,,621.3265380859375,314.1288757324219,0.014644703786338064,0.3397636673203884,0.004550388765703239,0.0,0.004683311224304099,0
2025-12-24 05:00:00+00:00,314.5485634057752,314.8583428959372,311.70059264113144,313.8690490722656,10097400,0.0,0.0,6932.0498046875,,623.144287109375,313.8690490722656,-0.0008274762215582041,0.12420287350760714,0.0032214822012188726,0.0,0.0029255937289227596,0
2025-12-26 05:00:00+00:00,314.25877806497726,314.86833429915043,312.0603135401851,313.2894592285156,10899000,0.0,0.0,6929.93994140625,,623.1043090820312,313.2894592285156,-0.0018483046983492999,0.13065685698309162,-0.00030436354912266594,0.0,-6.415532994641371e-05,0
2025-12-29 05:00:00+00:00,311.15095467052413,313.79908436732376,310.4014822754237,313.33941650390625,19621800,0.0,0.0,6905.740234375,,620.088134765625,313.33941650390625,0.00015944772873111013,0.11383279079739017,-0.00349205148036813,0.0,-0.004840560837798935,0
2025-12-30 05:00:00+00:00,312.28018544302313,316.72706748217655,312.24020504037514,313.6292419433594,17380900,0.0,0.0,6896.240234375,,618.64990234375,313.6292419433594,0.0009245293403182192,0.10806705602251387,-0.0013756671519022934,0.0,-0.0023194000033860407,0
2025-12-31 05:00:00+00:00,312.62992729269524,314.3586907819443,311.22091551782626,312.7798156738281,16377700,0.0,0.0,6845.5,,613.536376953125,312.7798156738281,-0.0027120514297977482,0.02331947663714097,-0.007357666300846111,0.0,-0.008265620622022962,0
2026-01-02 05:00:00+00:00,316.67708324131615,322.2731502440002,310.11169732658084,314.9283142089844,32009400,0.0,0.0,6858.47021484375,,612.347900390625,314.9283142089844,0.006845560294849816,0.05952572711153413,0.0018947067188299638,0.0,-0.0019370922526258383,0
2026-01-05 05:00:00+00:00,317.4365596004392,318.79558832967825,314.4086921415047,316.3173522949219,30195600,0.0,0.0,6902.0498046875,,617.2117309570312,316.3173522949219,0.004400950063005315,0.059377129860157474,0.006354126864826393,0.0,0.007942920296294842,0
2026-01-06 05:00:00+00:00,316.17741436833177,320.71422913013345,311.5606693028291,314.1188659667969,31212100,0.0,0.0,6944.81982421875,,622.6348876953125,314.1188659667969,-0.006974520740890478,0.08761572851098422,0.006196712678341321,0.0,0.008786541904950873,0
2026-01-07 05:00:00+00:00,314.13884430323384,325.9205589972494,313.96898096999803,321.7535095214844,35104400,0.0,0.0,6920.93017578125,,623.2341918945312,321.7535095214844,0.024014285711292337,0.18918440210069465,-0.003439923431013958,0.0,0.0009625291018258153,0
2026-01-08 05:00:00+00:00,328.7385750407063,330.0876314322289,321.2738288701313,325.2110595703125,31896100,0.0,0.0,6921.4599609375,,619.6885986328125,325.2110595703125,0.010688631593745527,0.17783666507477025,7.65482590914246e-05,0.0,-0.005689022373661312,0
2026-01-09 05:00:00+00:00,326.8598973489763,330.5972566011106,325.5707962902668,328.3388671875,26214200,0.0,0.0,6966.27978515625,,625.86083984375,328.3388671875,0.00957182112594326,0.177972870936867,0.006475487031883276,0.0,0.009960230387576985,0
2026-01-12 05:00:00+00:00,325.57079145505844,333.80501545240315,324.77136644379436,331.62652587890625,33923900,0.0,0.0,6977.27001953125,,626.3801879882812,331.62652587890625,0.009963206925160634,0.17456468344748394,0.001577633215136931,0.0,0.0008298140919966723,0
2026-01-13 05:00:00+00:00,334.7144015630273,340.25048265726696,333.38532003422745,335.7336730957031,33517600,0.0,0.0,6963.740234375,,625.4513549804688,335.7336730957031,0.012308792396941009,0.09644032170969158,-0.0019391230550597216,0.0,-0.0014828582155441694,0
2026-01-14 05:00:00+00:00,334.8243096530742,336.2832741209541,330.2475447349911,335.603759765625,28525600,0.0,0.0,6926.60009765625,,618.769775390625,335.603759765625,-0.000387028416234941,0.07998173201342376,-0.005333360445499591,0.0,-0.010682812558703958,0
2026-01-15 05:00:00+00:00,337.4124676651339,337.4524480652932,330.507324974913,332.5458984375,28442400,0.0,0.0,6944.47021484375,,620.9970092773438,332.5458984375,-0.009153286663243547,0.1434942241776319,0.0025799262171273263,0.0,0.0035994548785334146,0
2026-01-16 05:00:00+00:00,334.1747541117482,334.4145755186536,327.46948297740045,329.7678527832031,40341600,0.0,0.0,6940.009765625,,620.4776611328125,329.7678527832031,-0.008388960492390922,0.15900424039461813,-0.0006423023039563436,0.0,-0.0008363134391510263,0
2026-01-20 05:00:00+00:00,320.6442885211675,327.49947891315526,320.20459558658575,321.77349853515625,35361000,0.0,0.0,6796.85986328125,,607.2942504882812,321.77349853515625,-0.024541053160633076,0.21388404809171194,-0.02062675805627745,0.0,-0.021247196265635315,0
2026-01-21 05:00:00+00:00,320.6942733516965,332.24613943011235,319.12537039479025,328.1490173339844,35386600,0.0,0.0,6875.6201171875,,615.50390625,328.1490173339844,0.019619949022021157,0.2556097493929592,0.011587741323274559,0.0,0.013518415093042524,0
2026-01-22 05:00:00+00:00,334.2147483456718,334.9142376434696,328.5187457270175,330.3074951171875,26253600,0.0,0.0,6913.35009765625,,619.978271484375,330.3074951171875,0.00655619763492286,0.2672556288531786,0.005487502192628835,0.0,0.007269434343049719,0
2026-01-23 05:00:00+00:00,332.25610013077164,333.45526818914374,327.21966747627397,327.6993103027344,27280000,0.0,0.0,6915.60986328125,,621.935791015625,327.6993103027344,-0.007927572944667685,0.26566708077226,0.0003268698377891788,0.0,0.0031574002207581664,0
2026-01-26 05:00:00+00:00,327.5793954045391,335.60374537803585,326.7699676491338,333.02557373046875,26042100,0.0,0.0,6950.22998046875,,624.67236328125,333.02557373046875,0.016122833979031078,0.28986243148787605,0.005006083031276365,0.0,0.0044000880881227555,0
2026-01-27 05:00:00+00:00,335.1340666902067,337.6722883721735,333.2454121385867,334.31463623046875,21636200,0.0,0.0,6978.60009765625,,630.335205078125,334.31463623046875,0.0038632891710417092,0.17267220191544458,0.004081896177137168,0.0,0.009065299074749289,1
2026-01-28 05:00:00+00:00,335.82360375323316,337.30257365930305,331.7065067534381,335.7736511230469,27434400,0.0,0.0,6978.02978515625,,632.4225463867188,335.7736511230469,0.004354701390169259,0.13612916324011043,-8.172305219089626e-05,0.0,0.0033114782290084577,1
2026-01-29 05:00:00+00:00,340.06060015063264,342.0492210013424,326.3103005061971,338.0120544433594,39785600,0.0,0.0,6969.009765625,,628.6373291015625,338.0120544433594,0.006644283298444014,0.1362105700429566,-0.001292631274007694,0.0,-0.005985266190749683,1
2026-01-30 05:00:00+00:00,339.76083067041884,339.76083067041884,332.0562627255977,337.7622375488281,31024000,0.0,0.0,6939.02978515625,,621.0868530273438,337.7622375488281,-0.0007393501317570216,0.09899832688234284,-0.004301899620894223,0.0,-0.012010861787367544,1
2026-02-02 05:00:00+00:00,335.983495554882,344.5874244246442,335.3939142353609,343.4482421875,32006100,0.0,0.0,6976.43994140625,,625.3515014648438,343.4482421875,0.016694213794798365,0.1026760259792147,0.00539126612916796,0.0,0.006866428449922912,1
2026-02-03 05:00:00+00:00,347.09564553860224,348.7544814019383,337.2325938809106,339.47100830078125,36506700,0.0,0.0,6917.81005859375,,615.7435913085938,339.47100830078125,-0.011647874476241325,0.1648145025763424,-0.008403983020698336,0.0,-0.015364015491678096,1
2026-02-04 05:00:00+00:00,342.7187296036167,343.0684894885568,328.2888852617291,332.80572509765625,70618400,0.0,0.0,6882.72021484375,,604.9871826171875,332.80572509765625,-0.019829636450916593,0.22956540517999457,-0.005072391906223106,0.0,-0.017468973844366742,0
2026-02-05 05:00:00+00:00,312.0003564748562,332.45595718246585,306.24439883874277,331.0169677734375,88205800,0.0,0.0,6798.39990234375,,596.2781982421875,331.0169677734375,-0.005389275397959648,0.21732912390522233,-0.012251015567674717,0.0,-0.014395320471625062,0
2026-02-06 05:00:00+00:00,326.94984200428365,330.147603202773,319.694969697787,322.63287353515625,56380500,0.0,0.0,6932.2998046875,,608.8822631835938,322.63287353515625,-0.025654573874261913,0.2602112480771785,0.0196957966973359,0.0,0.021137893316513612,0
2026-02-09 05:00:00+00:00,320.70422803551696,327.4694850607409,317.03682684844796,324.09185791015625,39640100,0.0,0.0,6964.81982421875,,613.54638671875,324.09185791015625,0.004511925334419058,0.18840363832221696,0.004691086716887227,0.0,0.007660140255637327,0
2026-02-10 05:00:00+00:00,320.7441987510988,321.4437184993816,314.38865715458337,318.3558654785156,39170000,0.0,0.0,6941.81005859375,,610.699951171875,318.3558654785156,-0.01785715676313767,0.19358484330296025,-0.003303712975458173,0.0,-0.004639315964515389,0
2026-02-11 05:00:00+00:00,318.7456164455411,320.8341425405983,309.44216816023624,310.7412414550781,45406400,0.0,0.0,6941.47021484375,,612.337890625,310.7412414550781,-0.024209286102774716,0.205662093975934,-4.895607156218951e-05,0.0,0.0026820690749720377,0
2026-02-12 05:00:00+00:00,311.87044586439265,316.0175203045161,306.9839017615506,308.7826232910156,47761300,0.0,0.0,6832.759765625,,599.8836059570312,308.7826232910156,-0.00632299997152607,0.20337347972682293,-0.01566101212770199,0.0,-0.02033890905437341,0
2026-02-13 05:00:00+00:00,307.5135396808651,308.41290048065196,303.4963480144474,305.50494384765625,38499700,0.0,0.0,6836.169921875,,601.1619873046875,305.50494384765625,-0.010671583553227186,0.17463170673964185,0.0004990891480125548,0.0,0.0021310489817716327,0
2026-02-17 05:00:00+00:00,299.82893803190484,304.22583664461854,296.04159566157676,301.8075256347656,39247600,0.0,0.0,6843.22021484375,,600.542724609375,301.8075256347656,-0.012176479431025972,0.11002213871389889,0.0010313220779065713,0.0,-0.0010301095351836764,0
2026-02-18 05:00:00+00:00,301.87748970860525,305.1651838815364,301.0380842700908,303.1166076660156,28482100,0.0,0.0,6881.31005859375,,605.027099609375,303.1166076660156,0.004328093401154852,0.16377054438750346,0.005566070147410729,0.0,0.007467203941096567,0
2026-02-19 05:00:00+00:00,301.6076886754516,305.25511494304027,299.828942056139,302.636962890625,25834400,0.0,0.0,6861.89013671875,,602.7100219726562,302.636962890625,-0.0015836303703204786,0.10757744064142379,-0.0028221256867719813,0.0,-0.003829708848107294,0
2026-02-20 05:00:00+00:00,304.1059184917761,316.2773425544253,303.68620054308417,314.7584228515625,53210800,0.0,0.0,6909.509765625,,608.0433349609375,314.7584228515625,0.03927148812826025,0.33224379973835166,0.006939724763506794,0.0,0.008848887182637988,0
2026-02-23 05:00:00+00:00,318.82555353627805,319.29522413676915,309.65201848441603,311.2708740234375,31423000,0.0,0.0,6837.75,,600.652587890625,311.2708740234375,-0.011141922350469916,0.33355165526447583,-0.010385652247284827,0.0,-0.012154967656684001,0
2026-02-24 05:00:00+00:00,310.3015673465962,312.05033638585,305.71479964031533,310.6813049316406,25615600,0.0,0.0,6890.06982421875,,607.1044921875,310.6813049316406,-0.0018958668796003311,0.30978483145642277,0.0076516140863223114,0.0,0.010741490883328764,0
2026-02-25 05:00:00+00:00,311.84046520002283,313.4193707572093,309.22231323387047,312.67987060546875,29963600,0.0,0.0,6946.1298828125,,615.9033813476562,312.67987060546875,0.006412245741813115,0.30951604707960845,0.008136355657339944,0.0,0.014493203844452518,0
2026-02-26 05:00:00+00:00,312.42009761480955,312.9197459051382,302.1373272609355,307.1637878417969,36431200,0.0,0.0,6908.85986328125,,608.4727783203125,307.1637878417969,-0.017798773321711953,0.35352533051914325,-0.005365580569328343,0.0,-0.012064559559788246,0
2026-02-27 05:00:00+00:00,303.92607541564644,312.1502667227519,303.5862877430576,311.54071044921875,44640600,0.0,0.0,6878.8798828125,,606.5252075195312,311.54071044921875,0.014148905132685683,0.20464030469621644,-0.00433935281103115,0.0,-0.003200752556519526,0
2026-03-02 05:00:00+00:00,303.0166882830762,308.27296712894787,301.088022863519,306.3043518066406,34790200,0.0,0.0,6881.6201171875,,607.32421875,306.3043518066406,-0.01695079993982964,0.22411856567137092,0.0003983547353176853,0.0,0.0013173586531323167,0
2026-03-03 05:00:00+00:00,298.37994467731505,303.72618716624237,296.5012623376298,303.3664245605469,35497000,0.0,0.0,6816.6298828125,,600.8224487304688,303.3664245605469,-0.009637824548512926,0.2279504178285732,-0.009444031095625416,0.0,-0.01070559977488339,0
2026-03-04 05:00:00+00:00,302.6769571429086,305.2551289128473,300.5384478137644,302.9167785644531,29536200,0.0,0.0,6869.5,,609.9808959960938,302.9167785644531,-0.001483287269766051,0.20972246741290537,0.007756049264286302,0.0,0.015243184213533878,0
2026-03-05 05:00:00+00:00,302.82681905445145,303.08661540637286,297.78035344585857,300.6683349609375,35752300,0.0,0.0,6830.7099609375,,608.1431274414062,300.6683349609375,-0.0074503295510835125,0.18559473126167483,-0.005646704863891072,0.0,-0.0030128296914716524,0
2026-03-06 05:00:00+00:00,295.88171424137005,300.31859339921897,294.97235071392555,298.30999755859375,25576900,0.0,0.0,6740.02001953125,,598.9946899414062,298.30999755859375,-0.007874573956311054,0.08812748166194888,-0.013276795812569242,0.0,-0.015043230922446638,0
2026-03-09 04:00:00+00:00,294.3599853515625,306.79998779296875,294.0799865722656,306.3599853515625,29312100,0.21,0.0,6795.990234375,,606.99462890625,306.3599853515625,0.02662762715355561,0.24096175582209553,0.008304161513105202,0.0,0.013355609155110137,0
2026-03-10 04:00:00+00:00,306.1700134277344,309.510009765625,305.57000732421875,307.0400085449219,23239700,0.0,0.0,6781.47998046875,,607.004638671875,307.0400085449219,0.0022172268624518696,0.22515610302029912,-0.0021351198877325173,0.0,1.6490698843574236e-05,0
2026-03-11 04:00:00+00:00,306.75,311.4200134277344,305.9200134277344,308.70001220703125,24125700,0.0,0.0,6775.7998046875,,606.9247436523438,308.70001220703125,0.005391910962074921,0.22295122543626095,-0.0008376012017449197,0.0,-0.00013162176108916235,0
2026-03-12 04:00:00+00:00,306.82000732421875,308.94000244140625,301.0299987792969,303.54998779296875,24928300,0.0,0.0,6672.6201171875,,596.5078735351562,303.54998779296875,-0.016823669689253397,0.259618273261464,-0.015227676506708532,0.0,-0.017163363705524626,0
2026-03-13 04:00:00+00:00,307.010009765625,307.69000244140625,300.44000244140625,302.2799987792969,23693100,0.0,0.0,6632.18994140625,,592.9722900390625,302.2799987792969,-0.004192565248006616,0.2520845244335338,-0.006059115470564369,0.0,-0.005927136342962935,0
2026-03-16 04:00:00+00:00,304.3500061035156,306.489990234375,303.0199890136719,305.55999755859375,23519700,0.0,0.0,6699.3798828125,,599.6239013671875,305.55999755859375,0.010792414569018402,0.16832053731810234,0.010130883162251969,0.0,0.011217406681325315,0
2026-03-17 04:00:00+00:00,305.8599853515625,311.4200134277344,305.5,310.9200134277344,21955200,0.0,0.0,6716.08984375,,602.5502319335938,310.9200134277344,0.01738953686590366,0.21253760383881484,0.0024942548757938,0.0,0.004880276719680499,0
2026-03-18 04:00:00+00:00,309.2699890136719,312.4700012207031,306.92999267578125,307.69000244140625,20009800,0.0,0.0,6624.7001953125,,594.15087890625,307.69000244140625,-0.010442897002126443,0.22817248402783255,-0.013607567880073446,0.0,-0.01393967271473795,0
2026-03-19 04:00:00+00:00,304.010009765625,308.05999755859375,302.3500061035156,307.1300048828125,25075800,0.0,0.0,6606.490234375,,592.273193359375,307.1300048828125,-0.0018216639236959455,0.18122822011285633,-0.002748797741878972,0.0,-0.0031602840516394837,0
2026-03-20 04:00:00+00:00,305.4599914550781,306.0,298.2699890136719,301.0,44364100,0.0,0.0,6506.47998046875,,581.3269653320312,301.0,-0.020160861874423845,0.24258716644622308,-0.015138182356779217,0.0,-0.018481721188927547,0
2026-03-23 04:00:00+00:00,302.1099853515625,305.9800109863281,300.92999267578125,302.05999755859375,29326900,0.0,0.0,6581.0,,588.0,302.05999755859375,0.0035154003067988243,0.2254854434960398,0.011453200463990454,0.0,0.011478969781072212,0
2026-03-24 04:00:00+00:00,299.20001220703125,299.9200134277344,290.3299865722656,290.44000244140625,36864300,0.0,0.0,6556.3701171875,,583.97998046875,290.44000244140625,-0.0392286421377402,0.2681690002147936,-0.0037425745042546366,0.0,-0.006836767910289088,0
2026-03-25 04:00:00+00:00,293.44000244140625,296.0,289.239990234375,290.92999267578125,29460700,0.0,0.0,6591.89990234375,,587.8200073242188,290.92999267578125,0.0016856403134361691,0.2901647405939563,0.005419124381509377,0.0,0.006575613863315066,0
2026-03-26 04:00:00+00:00,287.9100036621094,287.95001220703125,278.5,280.9200134277344,39080600,0.0,0.0,6477.16015625,,573.7899780273438,280.9200134277344,-0.035012684141412065,0.3170001741486081,-0.017406172392416708,0.0,-0.023867900245077234,0
2026-03-27 04:00:00+00:00,277.2799987792969,279.3699951171875,273.95001220703125,274.3399963378906,35890600,0.0,0.0,6368.85009765625,,562.5800170898438,274.3399963378906,-0.02370177938849612,0.31961913840255396,-0.01672184352107431,0.0,-0.019536696991535485,0
2026-03-30 04:00:00+00:00,276.4200134277344,277.0899963378906,272.1099853515625,273.5,35141200,0.0,0.0,6343.72021484375,,558.280029296875,273.5,-0.0030665778394265166,0.29332861904823926,-0.003945748828622642,0.0,-0.00764333545868201,0
2026-03-31 04:00:00+00:00,278.0400085449219,288.0799865722656,277.0899963378906,287.55999755859375,43875400,0.0,0.0,6528.52001953125,,577.1799926757812,287.55999755859375,0.05012990376355891,0.5200599199609983,0.02913114047102594,0.0,0.03385391270884219,0
2026-04-01 04:00:00+00:00,290.8399963378906,300.5199890136719,290.4100036621094,297.3900146484375,37684500,0.0,0.0,6575.31982421875,,584.3099975585938,297.3900146484375,0.03361293234397785,0.5802039615814613,0.007168516684867399,0.0,0.012353174006878076,0
2026-04-02 04:00:00+00:00,290.69000244140625,298.0799865722656,289.45001220703125,295.7699890136719,21666500,0.0,0.0,6582.68994140625,,584.97998046875,295.7699890136719,-0.00546236985934948,0.48366168115520397,0.0011208758485563575,0.0,0.0011466223630531847,0
