Date,Open,High,Low,Close,Volume,Dividends,Stock Splits,snp500,vix_close,qqq_close
2021-04-05 04:00:00+00:00,274.19673784170516,279.51537033463245,274.1082362032068,279.11712646484375,4697200,0.0,0.0,4077.909912109375,,321.2608337402344
2021-04-06 04:00:00+00:00,277.533077206507,279.5950549594257,277.108312490097,277.68353271484375,3988600,0.0,0.0,4073.93994140625,,321.0377502441406
2021-04-07 04:00:00+00:00,276.8516016505393,278.8870311370322,275.16132042306396,276.524169921875,3799300,0.0,0.0,4079.949951171875,,321.8139953613281
2021-04-08 04:00:00+00:00,276.7277299711565,278.98437309829274,274.86044542086427,278.2586975097656,4035600,0.0,0.0,4097.169921875,,325.1716613769531
2021-04-09 04:00:00+00:00,279.090562167454,282.5861741295844,278.5418898508861,282.50653076171875,4607800,0.0,0.0,4128.7998046875,,327.1417236328125
2021-04-12 04:00:00+00:00,281.1702137900447,284.34722510174055,280.80737601814786,283.8870544433594,3556800,0.0,0.0,4127.990234375,,326.71466064453125
2021-04-13 04:00:00+00:00,283.65698057879223,283.98441232674094,280.53306456782434,283.54193115234375,3635100,0.0,0.0,4141.58984375,,330.5284729003906
2021-04-14 04:00:00+00:00,282.9312912871009,285.5773469467164,282.5596222424514,283.20562744140625,3440600,0.0,0.0,4124.66015625,,326.5594787597656
2021-04-15 04:00:00+00:00,283.3737783331463,286.19681030852445,283.232181120414,285.61273193359375,3508200,0.0,0.0,4170.419921875,,331.5086975097656
2021-04-16 04:00:00+00:00,287.47120074595273,290.8606220737059,286.67473993754516,290.3384704589844,6213100,0.0,0.0,4185.47021484375,,331.89678955078125
2021-04-19 04:00:00+00:00,288.93130800289083,291.0021163671637,288.00210847002995,289.2499084472656,4494300,0.0,0.0,4163.259765625,,328.8594055175781
2021-04-20 04:00:00+00:00,288.497744199272,289.99333282515227,285.0994918029072,286.6924133300781,4462900,0.0,0.0,4134.93994140625,,326.46246337890625
2021-04-21 04:00:00+00:00,287.5773601123727,290.18800986958934,286.6304709151599,288.4534912109375,3740100,0.0,0.0,4173.419921875,,329.2572021484375
2021-04-22 04:00:00+00:00,288.6747512073036,288.8782752787767,282.1614137750612,284.4800109863281,4875000,0.0,0.0,4134.97998046875,,325.2882385253906
2021-04-23 04:00:00+00:00,285.1260462368696,288.0818174993301,282.81628026106506,286.6304931640625,3405700,0.0,0.0,4180.169921875,,329.3834228515625
2021-04-26 04:00:00+00:00,286.4445593197332,286.72775370628506,282.58613707885104,283.1790466308594,2848500,0.0,0.0,4187.6201171875,,331.528076171875
2021-04-27 04:00:00+00:00,283.6304091263162,285.37378588827363,283.5242179744252,283.7100524902344,3335800,0.0,0.0,4186.72021484375,,330.091796875
2021-04-28 04:00:00+00:00,284.91363895736066,285.80743256482106,282.56846712785665,282.9313049316406,2713400,0.0,0.0,4183.18017578125,,328.97576904296875
2021-04-29 04:00:00+00:00,284.70133844956445,288.3120013361034,284.1438076356931,287.91375732421875,3261900,0.0,0.0,4211.47021484375,,330.1598205566406
2021-04-30 04:00:00+00:00,287.65695514270794,288.3472245852359,284.6126829841479,286.43572998046875,3118700,0.0,0.0,4181.169921875,,327.9956359863281
2021-05-03 04:00:00+00:00,288.74552846999336,293.4712244071661,288.214545632881,292.2765197753906,3683700,0.0,0.0,4192.66015625,,326.24884033203125
2021-05-04 04:00:00+00:00,291.25884500924894,294.89605481957767,291.0464626577827,294.48895263671875,3954400,0.0,0.0,4164.66015625,,320.37774658203125
2021-05-05 04:00:00+00:00,295.79870435161104,295.79870435161104,293.0641735716581,293.8517761230469,3227200,0.0,0.0,4167.58984375,,319.30059814453125
2021-05-06 04:00:00+00:00,295.2853959667267,298.9491260119246,294.8960103764477,298.7455749511719,3539600,0.0,0.0,4201.6201171875,,321.7073059082031
2021-05-07 04:00:00+00:00,297.949090194432,300.7190264170343,296.9313889866367,300.22344970703125,2998100,0.0,0.0,4232.60009765625,,324.3177185058594
2021-05-10 04:00:00+00:00,301.2855081895546,305.9227032668511,300.4801890356042,301.87841796875,4840600,0.0,0.0,4188.43017578125,,316.1273193359375
2021-05-11 04:00:00+00:00,298.719081695694,299.11732562429006,290.4535351692724,292.6217041015625,5500900,0.0,0.0,4152.10009765625,,315.69061279296875
2021-05-12 04:00:00+00:00,288.95791338784886,290.9756265814043,279.8870487796137,280.5330810546875,5822000,0.0,0.0,4063.0400390625,,307.5196533203125
2021-05-13 04:00:00+00:00,282.30293641883895,289.7543298838404,282.0286003026205,287.9844055175781,5159800,0.0,0.0,4112.5,,309.8971862792969
2021-05-14 04:00:00+00:00,288.754393889215,289.6659040961895,284.83398986636996,286.400390625,3998000,0.0,0.0,4173.85009765625,,316.7387390136719
2021-05-17 04:00:00+00:00,284.0729119381794,285.6923811418905,279.03747404887844,283.1968078613281,4388000,0.0,0.0,4163.2900390625,,314.8172302246094
2021-05-18 04:00:00+00:00,283.1879871250987,287.2234137810784,278.56848200484404,280.3118591308594,7010300,0.0,0.0,4127.830078125,,312.6919860839844
2021-05-19 04:00:00+00:00,276.10828989184483,278.5419366777505,273.51535634342946,278.2764587402344,5242100,0.0,0.0,4115.68017578125,,313.051025390625
2021-05-20 04:00:00+00:00,278.66580722170227,282.9313052214149,278.66580722170227,279.5596008300781,3854700,0.0,0.0,4159.1201171875,,319.10650634765625
2021-05-21 04:00:00+00:00,280.53309360228724,282.55080688609036,278.27645018206766,279.444580078125,3920600,0.0,0.0,4155.85986328125,,317.3403015136719
2021-05-24 04:00:00+00:00,280.3913841332267,282.07280669552154,278.4002194394013,278.6214599609375,2930600,0.0,0.0,4197.0498046875,,322.6777648925781
2021-05-25 04:00:00+00:00,279.2322038496685,280.62160139315966,278.09945298144453,280.3118591308594,3523300,0.0,0.0,4188.1298828125,,323.12408447265625
2021-05-26 04:00:00+00:00,281.24989543009434,284.40921764882376,280.2498836067787,280.8251037597656,2881600,0.0,0.0,4195.990234375,,324.2498474121094
2021-05-27 04:00:00+00:00,280.79859134525066,283.5508387726469,280.79859134525066,282.0994873046875,3734800,0.0,0.0,4200.8798828125,,323.0368347167969
2021-05-28 04:00:00+00:00,283.5153343631478,284.5242042297295,282.17020154794193,282.2232971191406,3194000,0.0,0.0,4204.10986328125,,324.0557556152344
2021-06-01 04:00:00+00:00,283.77207761607826,284.3030605158239,278.9136421482667,279.9224853515625,3549800,0.0,0.0,4202.0400390625,,322.97857666015625
2021-06-02 04:00:00+00:00,280.65193613962134,281.98634050613975,277.92084868716734,278.65032958984375,3380100,1.65,0.0,4208.1201171875,,323.6094055175781
2021-06-03 04:00:00+00:00,276.66651899306004,278.3834461804893,275.5011412939425,277.0490417480469,2652500,0.0,0.0,4192.85009765625,,320.241943359375
2021-06-04 04:00:00+00:00,277.6539871655426,278.84607911002405,275.1987012769762,276.6754455566406,2638700,0.0,0.0,4229.89013671875,,325.67633056640625
2021-06-07 04:00:00+00:00,276.7732450941231,277.8496569828286,273.89094043574374,275.7413024902344,3974800,0.0,0.0,4226.52001953125,,326.6467590332031
2021-06-08 04:00:00+00:00,276.9066327981524,277.81404496044206,274.8694620874686,276.5774841308594,2913500,0.0,0.0,4227.259765625,,326.8021545410156
2021-06-09 04:00:00+00:00,277.06689687882897,278.42798853846386,273.01918647704844,273.4106140136719,3603700,0.0,0.0,4219.5498046875,,326.87969970703125
2021-06-10 04:00:00+00:00,273.6863268455613,275.4655326461482,272.343044927116,274.2734680175781,3286300,0.0,0.0,4239.18017578125,,330.28594970703125
2021-06-11 04:00:00+00:00,275.1274791945097,276.87999799399205,274.30905972943145,276.4618835449219,2785100,0.0,0.0,4247.43994140625,,331.1495666503906
2021-06-14 04:00:00+00:00,274.8250084017783,275.83026398969696,272.4141922231361,275.1719665527344,3393500,0.0,0.0,4255.14990234375,,334.3228454589844
2021-06-15 04:00:00+00:00,274.66488063240746,274.8428120622674,269.9855609420408,272.6188049316406,5270600,0.0,0.0,4246.58984375,,332.1392822265625
2021-06-16 04:00:00+00:00,272.8323240941328,273.41946528429384,267.9217257062316,269.3539733886719,4492500,0.0,0.0,4223.7001953125,,330.9263916015625
2021-06-17 04:00:00+00:00,269.5941238748142,271.51566922478656,266.90753313055507,269.6564025878906,4481100,0.0,0.0,4221.85986328125,,335.12835693359375
2021-06-18 04:00:00+00:00,266.213675472906,270.28804492660487,265.4575075564773,269.2027282714844,8792700,0.0,0.0,4166.4501953125,,332.4985046386719
2021-06-21 04:00:00+00:00,271.5513038327438,274.6382271932128,271.21325036381495,273.6418762207031,3774200,0.0,0.0,4224.7900390625,,334.56494140625
2021-06-22 04:00:00+00:00,275.00291703690414,280.14482011868023,274.26453151206954,278.18768310546875,4418400,0.0,0.0,4246.43994140625,,337.6837158203125
2021-06-23 04:00:00+00:00,277.57391256694893,279.0328744881801,276.3373785396636,277.2625732421875,2564500,0.0,0.0,4241.83984375,,337.8488464355469
2021-06-24 04:00:00+00:00,278.5524479184503,280.0825659496232,277.26254003861993,277.41375732421875,2649200,0.0,0.0,4266.490234375,,339.9377136230469
2021-06-25 04:00:00+00:00,277.7696034766109,280.6341259280673,277.15577529783263,279.00616455078125,11733500,0.0,0.0,4280.7001953125,,339.5198974609375
2021-06-28 04:00:00+00:00,279.0328316832555,280.46507923273583,276.9956335661607,279.5843811035156,2635400,0.0,0.0,4290.60986328125,,343.6489562988281
2021-06-29 04:00:00+00:00,280.9277277953568,284.93981870474283,280.7231093400267,283.10723876953125,3150100,0.0,0.0,4291.7998046875,,344.8925476074219
2021-06-30 04:00:00+00:00,282.84035221343476,284.93092448782033,282.6179514852773,283.68548583984375,3061500,0.0,0.0,4297.5,,344.3485412597656
2021-07-01 04:00:00+00:00,284.59288108985095,286.17637324432434,283.3385376809128,286.0429382324219,2578000,0.0,0.0,4319.93994140625,,344.4846496582031
2021-07-02 04:00:00+00:00,286.9236761875142,287.44853873935574,285.8739510838312,287.0749206542969,2201600,0.0,0.0,4352.33984375,,348.4388122558594
2021-07-06 04:00:00+00:00,287.1904794989069,288.0800823593729,281.82617533623755,284.0146179199219,3109500,0.0,0.0,4343.5400390625,,349.9446716308594
2021-07-07 04:00:00+00:00,283.32963118657074,288.60499724459316,283.11613516886604,287.7687683105469,2939900,0.0,0.0,4358.1298828125,,350.68310546875
2021-07-08 04:00:00+00:00,283.8456034406655,284.9664846321752,280.04698168766726,283.3741149902344,3663000,0.0,0.0,4320.81982421875,,348.5650939941406
2021-07-09 04:00:00+00:00,285.15332240335664,287.61751267356635,284.8330512407352,286.5321960449219,2587400,0.0,0.0,4369.5498046875,,350.7413330078125
2021-07-12 04:00:00+00:00,285.6247760080448,288.2313056826779,285.1443828969873,286.2207946777344,2521800,0.0,0.0,4384.6298828125,,352.1112365722656
2021-07-13 04:00:00+00:00,286.84355656844446,287.5997244508139,281.85287026362676,282.048583984375,3213800,0.0,0.0,4369.2099609375,,352.1112365722656
2021-07-14 04:00:00+00:00,283.56091998136554,284.7262975904265,282.90262253309385,283.9790344238281,3381600,0.0,0.0,4374.2998046875,,352.7427673339844
2021-07-15 04:00:00+00:00,282.34213877563275,287.30611041503863,282.3243293447188,287.0837097167969,2603900,0.0,0.0,4360.02978515625,,350.26531982421875
2021-07-16 04:00:00+00:00,288.23135387320485,290.25964749970484,285.9183807889613,286.0429382324219,3623700,0.0,0.0,4327.16015625,,347.4283752441406
2021-07-19 04:00:00+00:00,282.88480870275436,283.7833162913931,280.144843801154,283.66766357421875,3752600,0.0,0.0,4258.490234375,,344.58172607421875
2021-07-20 04:00:00+00:00,283.3385565274927,290.126231785872,283.1339380632802,289.4323425292969,4251700,0.0,0.0,4323.06005859375,,348.5845031738281
2021-07-21 04:00:00+00:00,291.433936684173,292.2078869197473,289.094276543097,290.330810546875,2832600,0.0,0.0,4358.68994140625,,351.2757263183594
2021-07-22 04:00:00+00:00,291.73637739440414,291.7630643954811,289.41449970660653,290.5976867675781,2208100,0.0,0.0,4367.47998046875,,353.5978088378906
2021-07-23 04:00:00+00:00,293.0975012209524,296.638130931101,291.73640971817053,296.095458984375,2786400,0.0,0.0,4411.7900390625,,357.72686767578125
2021-07-26 04:00:00+00:00,293.6312670857151,294.95676686078286,290.7934313596821,294.61871337890625,2752000,0.0,0.0,4422.2998046875,,358.0085754394531
2021-07-27 04:00:00+00:00,295.1614009388981,295.24146195486315,290.0639657342123,291.1315002441406,2910300,0.0,0.0,4401.4599609375,,354.0640563964844
2021-07-28 04:00:00+00:00,290.384252145102,292.97297324238883,288.8630113165539,289.5835876464844,2376200,0.0,0.0,4400.64013671875,,355.42425537109375
2021-07-29 04:00:00+00:00,290.44642496015564,292.2879093699199,289.5123528297952,291.28265380859375,2172400,0.0,0.0,4419.14990234375,,356.0558166503906
2021-07-30 04:00:00+00:00,290.76676693900544,293.66685446705225,290.31306068877166,291.9588317871094,2381200,0.0,0.0,4395.259765625,,354.20013427734375
2021-08-02 04:00:00+00:00,293.5689506353321,293.5689506353321,290.3841842677303,291.0958557128906,2016400,0.0,0.0,4387.16015625,,354.2292175292969
2021-08-03 04:00:00+00:00,292.1011285324699,296.2466814588141,291.8164490782125,295.2947998046875,2405900,0.0,0.0,4423.14990234375,,356.3763427734375
2021-08-04 04:00:00+00:00,294.1828105550096,295.2770319898885,293.0263375446394,293.8447570800781,1783700,0.0,0.0,4402.66015625,,356.8913269042969
2021-08-05 04:00:00+00:00,295.312563926137,298.9065671566312,294.5386137656562,296.3356018066406,2284000,0.0,0.0,4429.10009765625,,359.1550598144531
2021-08-06 04:00:00+00:00,297.7412464747019,298.64863181070194,292.78615097890366,293.4266662597656,2656600,0.0,0.0,4436.52001953125,,357.5811462402344
2021-08-09 04:00:00+00:00,292.8839347074315,294.5208005741676,291.1847901300939,292.4658203125,1995300,0.0,0.0,4432.35009765625,,358.2418212890625
2021-08-10 04:00:00+00:00,292.38580753319224,296.4512722985423,291.03359370183074,294.8855895996094,1868100,0.0,0.0,4436.75,,356.405517578125
2021-08-11 04:00:00+00:00,296.94946322401086,301.17507736989535,296.5936274624841,299.79620361328125,3258600,0.0,0.0,4442.41015625,,355.79345703125
2021-08-12 04:00:00+00:00,300.10750354736683,300.83698434330415,295.5972109328433,297.1451110839844,2554200,0.0,0.0,4460.830078125,,357.0758972167969
2021-08-13 04:00:00+00:00,297.00279680750435,298.72862852197085,294.44076338409843,294.74322509765625,2217000,0.0,0.0,4468.0,,358.3292236328125
2021-08-16 04:00:00+00:00,294.20055867188364,298.57741675453167,291.7630554862016,298.0614318847656,3496300,0.0,0.0,4479.7099609375,,358.4847106933594
2021-08-17 04:00:00+00:00,285.5624885826676,287.866556494406,281.6571193991094,285.340087890625,9322800,0.0,0.0,4448.080078125,,355.3271179199219
2021-08-18 04:00:00+00:00,284.085834229779,291.6652424289841,283.78337245113437,286.0518493652344,4880600,0.0,0.0,4400.27001953125,,351.9072570800781
2021-08-19 04:00:00+00:00,283.5964920048735,289.2899446515859,282.7157667476816,287.25274658203125,2974700,0.0,0.0,4405.7998046875,,353.60736083984375
2021-08-20 04:00:00+00:00,287.02149530840603,293.2842802346598,286.8702508686734,292.8928527832031,2929900,0.0,0.0,4441.669921875,,357.27020263671875
2021-08-23 04:00:00+00:00,293.5689523719424,294.0404408155684,291.2381971544504,291.5584411621094,2792700,0.0,0.0,4479.52978515625,,362.6137390136719
2021-08-24 04:00:00+00:00,292.4658329199879,292.5369892005123,288.6850209203896,289.0319519042969,2359500,0.0,0.0,4486.22998046875,,363.72137451171875
2021-08-25 04:00:00+00:00,288.36484737678364,290.5087941646512,287.439652525715,288.1246643066406,2586900,0.0,0.0,4496.18994140625,,364.1390686035156
2021-08-26 04:00:00+00:00,287.5286200633709,289.11211254892686,285.5626047475394,285.9896240234375,2952300,0.0,0.0,4470.0,,361.8267822265625
2021-08-27 04:00:00+00:00,285.45577188849285,288.27579776957714,284.361550590217,287.6797790527344,2985400,0.0,0.0,4509.3701171875,,365.3438415527344
2021-08-30 04:00:00+00:00,289.9305060402782,293.1241774318642,289.3077731043805,290.9891357421875,2926900,0.0,0.0,4528.7900390625,,369.44384765625
2021-08-31 04:00:00+00:00,290.90013515756436,292.029921016053,287.8932731476458,290.170654296875,4183100,0.0,0.0,4522.68017578125,,369.1427001953125
2021-09-01 04:00:00+00:00,291.09158413135134,291.28829289264127,286.3706011469461,289.3748779296875,3339100,1.65,0.0,4524.08984375,,369.7546691894531
2021-09-02 04:00:00+00:00,290.61772855020064,293.4342195651266,289.4285531568962,293.0408020019531,3109000,0.0,0.0,4536.9501953125,,369.579833984375
2021-09-03 04:00:00+00:00,290.8859301112141,295.86621729071067,290.73394400798156,295.3655090332031,2774800,0.0,0.0,4535.43017578125,,370.716552734375
2021-09-07 04:00:00+00:00,295.98254237671847,297.35055412852194,292.289797460092,294.1227722167969,2555200,0.0,0.0,4520.02978515625,,371.2410888671875
2021-09-08 04:00:00+00:00,294.1227453285738,296.78722322481616,292.9424925131135,296.4742736816406,2219500,0.0,0.0,4514.06982421875,,369.9490051269531
2021-09-09 04:00:00+00:00,297.25219144012726,298.3966715971914,295.83945711850413,296.6441650390625,3011900,0.0,0.0,4493.27978515625,,368.67626953125
2021-09-10 04:00:00+00:00,298.6380312903764,299.737815899426,296.35802130742223,296.8050842285156,3178600,0.0,0.0,4458.580078125,,365.8782653808594
2021-09-13 04:00:00+00:00,299.4874463792029,301.45450675909046,297.52035871276144,299.93450927734375,3908700,0.0,0.0,4468.72998046875,,365.6256408691406
2021-09-14 04:00:00+00:00,300.4531057651356,301.75852185495586,297.2253245712429,297.8511962890625,2857200,0.0,0.0,4443.0498046875,,364.5860595703125
2021-09-15 04:00:00+00:00,298.06578755841116,299.23711755422937,295.15095577088147,298.0747375488281,2875500,0.0,0.0,4480.7001953125,,367.29669189453125
2021-09-16 04:00:00+00:00,299.2818221558933,302.0714905963331,298.79006382581775,300.7750244140625,3043800,0.0,0.0,4473.75,,367.54931640625
2021-09-17 04:00:00+00:00,299.4874234528563,303.6897980017484,299.4874234528563,300.1311950683594,7098400,0.0,0.0,4432.990234375,,363.19677734375
2021-09-20 04:00:00+00:00,296.6977863110576,299.88089962856174,293.65776369894104,296.1434326171875,4036600,0.0,0.0,4357.72998046875,,355.69183349609375
2021-09-21 04:00:00+00:00,297.77073535352207,301.29359344009856,296.8497868051971,298.8347473144531,3171100,0.0,0.0,4354.18994140625,,356.1296081542969
2021-09-22 04:00:00+00:00,300.29215991952,303.10865077471755,298.15518612772144,300.3636779785156,2872800,0.0,0.0,4395.64013671875,,359.4560241699219
2021-09-23 04:00:00+00:00,302.07148158097795,303.57360649845185,300.0686483576795,300.3458251953125,2426600,0.0,0.0,4448.97998046875,,362.772705078125
2021-09-24 04:00:00+00:00,301.12375361878287,302.0715249972123,300.0239688140499,301.7585754394531,2004900,0.0,0.0,4455.47998046875,,363.1131286621094
2021-09-27 04:00:00+00:00,301.2042102724514,307.34685130264535,301.2042102724514,305.2635498046875,2966100,0.0,0.0,4443.10986328125,,360.214599609375
2021-09-28 04:00:00+00:00,305.22773723546277,305.22773723546277,297.26107263270023,298.4591979980469,3304100,0.0,0.0,4352.6298828125,,350.0214538574219
2021-09-29 04:00:00+00:00,298.0658068990067,303.0013994955361,298.0658068990067,301.2578430175781,2424000,0.0,0.0,4359.4599609375,,349.4476013183594
2021-09-30 04:00:00+00:00,302.42909512661123,302.8493353347166,292.94243369738103,293.5057373046875,4255000,0.0,0.0,4307.5400390625,,348.16375732421875
2021-10-01 04:00:00+00:00,293.40745348467345,297.5025660132181,290.215416984892,294.9364013671875,2814200,0.0,0.0,4357.0400390625,,350.32293701171875
2021-10-04 04:00:00+00:00,293.7204092741206,295.60700215394814,289.8399054670782,291.90533447265625,2919900,0.0,0.0,4300.4599609375,,342.9698181152344
2021-10-05 04:00:00+00:00,292.2897282141227,297.01966149254065,291.7800699425208,294.5965881347656,2514300,0.0,0.0,4345.72021484375,,347.59954833984375
2021-10-06 04:00:00+00:00,293.4163319050049,295.6426964616126,290.9485359139812,295.3833923339844,2226800,0.0,0.0,4363.5498046875,,349.8268737792969
2021-10-07 04:00:00+00:00,298.1909725465692,303.30537352698605,297.6187189020066,301.7496032714844,2789500,0.0,0.0,4399.759765625,,353.0365905761719
2021-10-08 04:00:00+00:00,297.74389130433394,299.8987377560281,295.84834897479163,298.9420166015625,2912200,0.0,0.0,4391.33984375,,351.276123046875
2021-10-11 04:00:00+00:00,300.0686614857082,304.771745227361,299.17453557382385,301.2936096191406,2589100,0.0,0.0,4361.18994140625,,348.5819396972656
2021-10-12 04:00:00+00:00,303.2338582348353,304.94161462076784,301.6780606785652,302.03570556640625,2960300,0.0,0.0,4350.64990234375,,347.3662109375
2021-10-13 04:00:00+00:00,301.60655157153866,304.21738388820455,300.9180571732807,302.46490478515625,2477400,0.0,0.0,4363.7998046875,,350.1479187011719
2021-10-14 04:00:00+00:00,304.4766796984734,307.9101197454779,304.0922121253202,307.6239929199219,2824300,0.0,0.0,4438.259765625,,356.59649658203125
2021-10-15 04:00:00+00:00,309.85040597819045,313.79350458549817,309.1440388565467,313.3106689453125,3473500,0.0,0.0,4471.3701171875,,358.8431396484375
2021-10-18 04:00:00+00:00,312.0499396198803,318.2641255498561,312.0499396198803,317.42364501953125,3487500,0.0,0.0,4486.4599609375,,362.4516296386719
2021-10-19 04:00:00+00:00,319.1492830203502,320.17752229034073,316.8960957019449,320.0881042480469,2375600,0.0,0.0,4519.6298828125,,365.1944885253906
2021-10-20 04:00:00+00:00,319.8645331728308,321.5007985558473,318.49652188347466,320.30267333984375,2574800,0.0,0.0,4536.18994140625,,364.7179260253906
2021-10-21 04:00:00+00:00,320.27596140219276,326.221894165825,320.2044160378573,326.0162353515625,2885400,0.0,0.0,4549.77978515625,,366.9452209472656
2021-10-22 04:00:00+00:00,326.35594350257986,328.17101793251555,323.8076793083307,327.2411193847656,2734700,0.0,0.0,4544.89990234375,,363.86199951171875
2021-10-25 04:00:00+00:00,328.3230672952847,332.3108614836368,327.2411552246141,331.9532165527344,2923400,0.0,0.0,4566.47998046875,,367.5871887207031
2021-10-26 04:00:00+00:00,333.8576873614267,334.4477864511448,330.00397957727944,330.1112976074219,2989500,0.0,0.0,4574.7900390625,,368.74462890625
2021-10-27 04:00:00+00:00,330.71035103130794,335.4313348169565,330.2096426969633,332.9009704589844,2840300,0.0,0.0,4551.68017578125,,369.6005859375
2021-10-28 04:00:00+00:00,333.50894008889577,334.349420565878,331.622347654036,332.2303466796875,2553500,0.0,0.0,4596.419921875,,373.705078125
2021-10-29 04:00:00+00:00,331.1216643394489,335.43135814009446,330.8534374583131,332.38238525390625,3820200,0.0,0.0,4605.3798828125,,375.5433349609375
2021-11-01 04:00:00+00:00,333.5089511314895,334.01860942864084,326.08771728903054,327.67926025390625,3380500,0.0,0.0,4613.669921875,,376.8271484375
2021-11-02 04:00:00+00:00,327.4289399062723,329.83414093951797,326.3023324565792,328.4035339355469,2367100,0.0,0.0,4630.64990234375,,378.40289306640625
2021-11-03 04:00:00+00:00,327.81335795959404,330.2543040161261,326.5794599463095,329.9056091308594,2378800,0.0,0.0,4660.56982421875,,382.4198303222656
2021-11-04 04:00:00+00:00,331.5240164889852,333.71463596683225,330.29906831131757,332.7757873535156,3210000,0.0,0.0,4680.06005859375,,387.3219299316406
2021-11-05 04:00:00+00:00,334.2331898149754,334.7696707951425,328.65385310897267,329.3959655761719,3090200,0.0,0.0,4697.52978515625,,387.69146728515625
2021-11-08 05:00:00+00:00,331.02319453551877,333.4283946828004,328.9041211409474,329.5657653808594,2357200,0.0,0.0,4701.7001953125,,387.1662902832031
2021-11-09 05:00:00+00:00,330.53142816910974,334.29568936877763,329.67304793222365,331.40765380859375,2183300,0.0,0.0,4685.25,,384.5013122558594
2021-11-10 05:00:00+00:00,329.2618657395421,331.9084707879389,328.78798009959377,329.5569152832031,2161400,0.0,0.0,4646.7099609375,,378.8502197265625
2021-11-11 05:00:00+00:00,331.7207195450961,332.61484547378905,327.0980764876679,328.70751953125,2387300,0.0,0.0,4649.27001953125,,379.9007568359375
2021-11-12 05:00:00+00:00,330.03968007209534,333.95595507578,327.87591111887366,333.1780700683594,2793300,0.0,0.0,4682.85009765625,,383.8983154296875
2021-11-15 05:00:00+00:00,334.75181824426824,335.18098122498145,330.19177056828556,331.792236328125,3650600,0.0,0.0,4682.7998046875,,383.81072998046875
2021-11-16 05:00:00+00:00,341.5561104426313,352.6253939898413,338.87373261193,350.79241943359375,8648200,0.0,0.0,4700.89990234375,,386.54376220703125
2021-11-17 05:00:00+00:00,351.239471963588,357.1407084730082,349.4333474344367,353.0456237792969,4647000,0.0,0.0,4688.669921875,,386.748046875
2021-11-18 05:00:00+00:00,355.8621179973401,363.4979610338006,354.15433420693574,362.8810119628906,4503700,0.0,0.0,4704.5400390625,,390.75531005859375
2021-11-19 05:00:00+00:00,364.4725777647725,366.6810700278742,361.3252368502933,365.42034912109375,3542000,0.0,0.0,4697.9599609375,,392.9340515136719
2021-11-22 05:00:00+00:00,366.4127837135549,372.45708354258477,365.42926705063127,365.5097351074219,4006400,0.0,0.0,4682.93994140625,,388.372314453125
2021-11-23 05:00:00+00:00,362.7200622569244,366.3054885254589,360.34168411215717,365.1341857910156,3557000,0.0,0.0,4690.7001953125,,386.6022033691406
2021-11-24 05:00:00+00:00,360.92286298875337,369.05046412105435,360.22544588030183,368.47821044921875,2676300,0.0,0.0,4701.4599609375,,387.8470764160156
2021-11-26 05:00:00+00:00,364.1416952556296,370.29328534874026,359.6621161033533,360.0644836425781,3007800,0.0,0.0,4594.6201171875,,380.4939880371094
2021-11-29 05:00:00+00:00,363.81977855517533,367.31581366905266,363.05084347319115,363.7482604980469,3725500,0.0,0.0,4655.27001953125,,388.7516784667969
2021-11-30 05:00:00+00:00,360.8602753176467,365.1878414785417,357.8738980313225,358.1957702636719,7773500,0.0,0.0,4567.0,,383.0423583984375
2021-12-01 05:00:00+00:00,360.9969550845544,368.3321870505999,359.3270160902263,359.506591796875,3516200,1.65,0.0,4513.0400390625,,376.5257263183594
2021-12-02 05:00:00+00:00,360.75450865078034,368.7361738305464,360.0272737063183,366.10552978515625,3705000,0.0,0.0,4577.10009765625,,379.23931884765625
2021-12-03 05:00:00+00:00,367.9731088454287,373.4318657745917,363.12486555582433,366.14154052734375,5237500,0.0,0.0,4538.43017578125,,372.64495849609375
2021-12-06 05:00:00+00:00,371.26812592408754,377.63369402989025,369.2031419324297,373.22540283203125,4624500,0.0,0.0,4591.669921875,,375.6308898925781
2021-12-07 05:00:00+00:00,374.39247198840013,375.7930747276274,370.8191239027589,373.65625,4204500,0.0,0.0,4686.75,,386.94256591796875
2021-12-08 05:00:00+00:00,373.6563680738845,376.9513940538045,366.5635642891869,369.2301025390625,4079400,0.0,0.0,4701.2099609375,,388.673828125
2021-12-09 05:00:00+00:00,368.8260195092941,372.8213465245283,366.5725003208403,369.31085205078125,3822900,0.0,0.0,4667.4501953125,,382.95477294921875
2021-12-10 05:00:00+00:00,370.0739567015124,373.14449844176966,368.3411635194826,372.9559631347656,2625200,0.0,0.0,4712.02001953125,,387.1175842285156
2021-12-13 05:00:00+00:00,372.9559369382587,373.9435484283944,363.17865168442324,363.83404541015625,3766400,0.0,0.0,4668.97021484375,,381.5250244140625
2021-12-14 05:00:00+00:00,362.2269854439717,364.2291147743824,357.40564912327824,361.1047058105469,4662800,0.0,0.0,4634.08984375,,377.5762023925781
2021-12-15 05:00:00+00:00,359.6861848812046,366.2492750049824,358.5818790859992,366.14154052734375,4421400,0.0,0.0,4709.85009765625,,386.1839294433594
2021-12-16 05:00:00+00:00,366.6711805656734,367.0931587856491,357.44155435374483,358.7074890136719,4632800,0.0,0.0,4668.669921875,,376.2533874511719
2021-12-17 05:00:00+00:00,356.4091039462211,357.31591472395337,347.83489788147364,348.3376770019531,11097500,0.0,0.0,4620.64013671875,,374.3761291503906
2021-12-20 05:00:00+00:00,345.0247430345062,350.30395177952585,341.98110696031034,349.61260986328125,4294800,0.0,0.0,4568.02001953125,,370.7445373535156
2021-12-21 05:00:00+00:00,351.6146598131953,353.52702845945026,344.081906679735,350.57318115234375,3038200,0.0,0.0,4649.22998046875,,379.0419616699219
2021-12-22 05:00:00+00:00,351.0491112075809,355.3317209357636,349.1277550942684,355.21502685546875,3267800,0.0,0.0,4696.56005859375,,383.658203125
2021-12-23 05:00:00+00:00,357.5942781059765,358.98589414958417,354.29925243580107,356.4989318847656,2743900,0.0,0.0,4725.7900390625,,386.550537109375
2021-12-27 05:00:00+00:00,358.2676061297104,363.1248360306532,357.52239705428605,362.8016052246094,2228300,0.0,0.0,4791.18994140625,,392.939208984375
2021-12-28 05:00:00+00:00,363.60959525718755,365.4321761908189,361.82293494178543,364.71392822265625,2521400,0.0,0.0,4786.35009765625,,391.1180114746094
2021-12-29 05:00:00+00:00,364.8576518725971,370.2356078384278,364.79479762873314,368.8619384765625,2209300,0.0,0.0,4793.06005859375,,391.05963134765625
2021-12-30 05:00:00+00:00,369.7687408041754,371.1962773709645,366.6712377068164,368.05389404296875,1804400,0.0,0.0,4778.72998046875,,389.8909912109375
2021-12-31 05:00:00+00:00,368.0988025975137,373.97057842547247,368.00904212933364,372.60589599609375,2386100,0.0,0.0,4766.18017578125,,387.4563293457031
2022-01-03 05:00:00+00:00,374.00651689421125,375.1467434087131,362.05648271211595,366.88677978515625,3715700,0.0,0.0,4796.56005859375,,391.18621826171875
2022-01-04 05:00:00+00:00,366.88671885807526,371.34887669560135,366.4826872014451,370.6575622558594,3266500,0.0,0.0,4793.5400390625,,386.1123352050781
2022-01-05 05:00:00+00:00,371.6990584842826,371.89658081906697,365.243703078557,365.6297607421875,4443200,0.0,0.0,4700.580078125,,374.2505798339844
2022-01-06 05:00:00+00:00,366.8148598321355,367.27275870086635,361.8409087110816,364.30096435546875,3315100,0.0,0.0,4696.0498046875,,373.98760986328125
2022-01-07 05:00:00+00:00,362.1462079034518,362.8016291649242,352.73703167504596,353.3924255371094,4520700,0.0,0.0,4677.02978515625,,369.93621826171875
2022-01-10 05:00:00+00:00,347.81695185308365,347.98754057547853,341.99008387053084,347.8708190917969,6440000,0.0,0.0,4670.2900390625,,370.1796569824219
2022-01-11 05:00:00+00:00,348.418477340363,351.8032630927853,345.05163819957164,347.1615295410156,4385400,0.0,0.0,4713.06982421875,,375.74053955078125
2022-01-12 05:00:00+00:00,348.6160385182572,353.24881298022524,346.90119163683687,349.61260986328125,3623300,0.0,0.0,4726.35009765625,,377.2305908203125
2022-01-13 05:00:00+00:00,352.4048760769158,354.02094817530605,346.43432508142524,347.4399108886719,3466300,0.0,0.0,4659.02978515625,,367.79376220703125
2022-01-14 05:00:00+00:00,342.367131855807,342.97767285311653,333.54153610557637,333.9904479980469,6336200,0.0,0.0,4662.85009765625,,370.0823669433594
2022-01-18 05:00:00+00:00,328.69332306898997,330.47998379585874,323.24352562242444,329.2499694824219,6435200,0.0,0.0,4577.10986328125,,360.8695068359375
2022-01-19 05:00:00+00:00,329.6629236580185,331.02763331727175,322.6868428634979,322.938232421875,5175100,0.0,0.0,4532.759765625,,356.90582275390625
2022-01-20 05:00:00+00:00,324.4106663776866,324.87755229618614,313.358457428811,313.8612365722656,5440600,0.0,0.0,4482.72998046875,,352.2701721191406
2022-01-21 05:00:00+00:00,315.7825611055013,323.2973412868179,311.7064337292345,313.4302673339844,7718400,0.0,0.0,4397.93994140625,,342.5022277832031
2022-01-24 05:00:00+00:00,308.65388763921965,327.14906476359823,308.50124552621884,326.6372985839844,8584300,0.0,0.0,4410.1298828125,,344.07012939453125
2022-01-25 05:00:00+00:00,321.5466125841586,324.5812338588276,316.2045502851905,322.30078125,5536700,0.0,0.0,4356.4501953125,,336.09405517578125
2022-01-26 05:00:00+00:00,323.21661834517477,328.5137741103938,318.2337064387849,320.7745361328125,6103300,0.0,0.0,4349.93017578125,,335.56817626953125
2022-01-27 05:00:00+00:00,323.60261712680483,326.9155890534155,317.7488159689191,320.0113220214844,3941000,0.0,0.0,4326.509765625,,332.1888732910156
2022-01-28 05:00:00+00:00,323.36921507855675,329.2499500993011,316.7881511796024,329.0883483886719,4551300,0.0,0.0,4431.85009765625,,342.6092834472656
2022-01-31 05:00:00+00:00,327.5351086739696,329.8694561078861,325.20076124005317,329.4833984375,4084600,0.0,0.0,4515.5498046875,,353.56536865234375
2022-02-01 05:00:00+00:00,331.71887165013123,332.81421748878205,325.3443188973074,331.0275573730469,3406800,0.0,0.0,4546.5400390625,,355.9709167480469
2022-02-02 05:00:00+00:00,330.7403383257175,336.3876577422013,330.1836919494189,335.543701171875,3839300,0.0,0.0,4589.3798828125,,358.8632507324219
2022-02-03 05:00:00+00:00,332.36536062982316,334.098153810267,326.089581679216,327.5350646972656,4009700,0.0,0.0,4477.43994140625,,344.3135681152344
2022-02-04 05:00:00+00:00,326.35894107647874,327.40940694531133,318.05407118663715,322.9202880859375,3728100,0.0,0.0,4500.52978515625,,348.6570739746094
2022-02-07 05:00:00+00:00,323.4500118618412,324.8326407901404,319.1224945578613,320.83734130859375,2809300,0.0,0.0,4483.8701171875,,345.85235595703125
2022-02-08 05:00:00+00:00,320.837303779242,325.8920555800361,318.54783691099027,324.5093994140625,3225100,0.0,0.0,4521.5400390625,,349.7381286621094
2022-02-09 05:00:00+00:00,327.98400170815324,329.9143173483759,325.9100309757149,327.1400451660156,2777500,0.0,0.0,4587.18017578125,,357.14923095703125
2022-02-10 05:00:00+00:00,322.1750973932655,325.91004778529043,316.8150880733823,318.8082580566406,4291800,0.0,0.0,4504.080078125,,349.0660705566406
2022-02-11 05:00:00+00:00,318.4491376486487,320.8283653271876,312.9454731662078,314.49871826171875,3308700,0.0,0.0,4418.64013671875,,337.9931335449219
2022-02-14 05:00:00+00:00,312.4426656509187,316.8509835605314,311.39219980549143,315.638916015625,3654300,0.0,0.0,4401.669921875,,338.4118957519531
2022-02-15 05:00:00+00:00,319.2301750874756,320.90014132565847,315.4772788029769,317.1651916503906,3552500,0.0,0.0,4471.06982421875,,346.826171875
2022-02-16 05:00:00+00:00,315.58502648549927,316.806053550059,310.39560666231137,314.319091796875,3594900,0.0,0.0,4475.009765625,,346.7385559082031
2022-02-17 05:00:00+00:00,313.3314673018454,316.3122484000417,311.89497137927685,312.3887634277344,3927000,0.0,0.0,4380.259765625,,336.4252014160156
2022-02-18 05:00:00+00:00,312.79281013745344,314.77699283083865,308.94113881549004,311.4281005859375,5526100,0.0,0.0,4348.8701171875,,332.5880432128906
2022-02-22 05:00:00+00:00,300.85170579096643,302.2882290258566,280.43520596569834,283.8648986816406,19752800,0.0,0.0,4304.759765625,,329.247802734375
2022-02-23 05:00:00+00:00,286.6930545125441,287.66269199886983,275.72164841285286,276.9337158203125,11026000,0.0,0.0,4225.5,,320.8139953613281
2022-02-24 05:00:00+00:00,269.34713580576,281.4138896818106,268.70968858952045,281.23431396484375,8416700,0.0,0.0,4288.7001953125,,331.5948181152344
2022-02-25 05:00:00+00:00,281.1804185981528,285.0051563117484,276.1436408142192,284.2958679199219,6510600,0.0,0.0,4384.64990234375,,336.7368469238281
2022-02-28 05:00:00+00:00,280.99189910138097,283.78411780190993,278.75632673990236,283.5596618652344,5735100,0.0,0.0,4373.93994140625,,337.7399597167969
2022-03-01 05:00:00+00:00,282.44636012311037,289.48529478343994,281.70117849300004,287.5280456542969,5640900,0.0,0.0,4306.259765625,,332.5686340332031
2022-03-02 05:00:00+00:00,288.2552370974843,297.35019436870556,287.0162361701944,293.9205017089844,5645600,0.0,0.0,4386.5400390625,,338.1489562988281
2022-03-03 05:00:00+00:00,295.5546133468448,296.8923620158363,289.8444398387103,291.2181091308594,3858400,0.0,0.0,4363.490234375,,333.3184509277344
2022-03-04 05:00:00+00:00,289.287832011029,293.2831593377242,286.86372391343684,291.1283874511719,3630900,0.0,0.0,4328.8701171875,,328.4881286621094
2022-03-07 05:00:00+00:00,291.12836452012914,295.9227404948824,287.4023736979556,289.79058837890625,4670000,0.0,0.0,4201.08984375,,316.3730773925781
2022-03-08 05:00:00+00:00,287.07907503717144,294.9260439576352,283.667356567248,284.3766174316406,5092500,0.0,0.0,4170.7001953125,,314.902587890625
2022-03-09 05:00:00+00:00,289.0373975010607,291.2593647762189,286.25542467860487,286.5083312988281,4443600,1.9,0.0,4277.8798828125,,326.2384948730469
2022-03-10 05:00:00+00:00,283.943105908413,287.46577131383697,278.87593216159553,287.1767272949219,3895200,0.0,0.0,4259.52001953125,,322.6156311035156
2022-03-11 05:00:00+00:00,288.3870639299345,290.6542098504794,285.6321872448954,286.13800048828125,2973300,0.0,0.0,4204.31005859375,,315.9252014160156
2022-03-14 04:00:00+00:00,291.66585868189776,292.6503890905117,285.61412664702465,287.55609130859375,3604200,0.0,0.0,4173.10986328125,,309.8578796386719
2022-03-15 04:00:00+00:00,289.3535155823855,298.2323703306935,289.33543310497913,296.7510681152344,3775300,0.0,0.0,4262.4501953125,,319.5771789550781
2022-03-16 04:00:00+00:00,299.49697189263867,301.6376785989089,292.8581652076238,298.8918151855469,3942400,0.0,0.0,4357.85986328125,,331.42926025390625
2022-03-17 04:00:00+00:00,297.29307262114554,303.814453125,296.1188415316226,303.814453125,3123200,0.0,0.0,4411.669921875,,335.4416198730469
2022-03-18 04:00:00+00:00,301.34859333640424,307.7706298828125,300.1563074372784,307.7706298828125,9409600,0.0,0.0,4463.1201171875,,342.30743408203125
2022-03-21 04:00:00+00:00,305.3319132076824,307.725498836452,295.43236169567655,297.50079345703125,4521200,0.0,0.0,4461.18017578125,,341.35577392578125
2022-03-22 04:00:00+00:00,297.45562576935845,299.24402706974865,292.6594135396221,297.8259582519531,4852800,0.0,0.0,4511.60986328125,,348.06427001953125
2022-03-23 04:00:00+00:00,295.26977147626474,296.4349612449196,285.28895951124963,286.3728332519531,5207700,0.0,0.0,4456.240234375,,343.06207275390625
2022-03-24 04:00:00+00:00,286.46314492204897,288.49543906828495,283.8889001571993,285.2257080078125,4599900,0.0,0.0,4520.16015625,,350.6872253417969
2022-03-25 04:00:00+00:00,287.6645679576949,287.9535844945686,278.4695419821314,280.6192626953125,5176500,0.0,0.0,4543.06005859375,,350.39471435546875
2022-03-28 04:00:00+00:00,280.90824762119126,283.93411367925836,279.3095192863381,283.8708801269531,3936600,0.0,0.0,4575.52001953125,,355.8161315917969
2022-03-29 04:00:00+00:00,286.24647248315335,289.940729561382,282.6425451326939,286.96905517578125,5306100,0.0,0.0,4631.60009765625,,361.9397277832031
2022-03-30 04:00:00+00:00,282.81405239190286,284.7379620105832,276.48234554423624,278.6139831542969,7223800,0.0,0.0,4602.4501953125,,357.9418640136719
2022-03-31 04:00:00+00:00,276.58180381468236,278.1624777645286,269.9700914422619,270.36749267578125,11044600,0.0,0.0,4530.41015625,,353.50518798828125
2022-04-01 04:00:00+00:00,271.42419851052307,274.0164984253708,269.9790059173162,272.6797180175781,5554600,0.0,0.0,4545.85986328125,,352.8324279785156
2022-04-04 04:00:00+00:00,272.31837839341364,276.82557399969227,270.5841694658457,276.01263427734375,4659500,0.0,0.0,4582.64013671875,,360.0967712402344
2022-04-05 04:00:00+00:00,276.6268960215979,279.19209992224626,272.9687494848215,275.3623352050781,4376100,0.0,0.0,4525.1201171875,,352.1011657714844
2022-04-06 04:00:00+00:00,269.2473997101919,271.56873822467765,266.44734404676336,269.65386962890625,6499900,0.0,0.0,4481.14990234375,,344.45654296875
2022-04-07 04:00:00+00:00,268.07316799252044,275.1184437018192,265.1827829214079,273.45648193359375,5241000,0.0,0.0,4500.2099609375,,345.2755432128906
2022-04-08 04:00:00+00:00,272.2912897209071,282.0734147281403,272.12871279787254,281.007568359375,5741900,0.0,0.0,4488.27978515625,,340.4488525390625
2022-04-11 04:00:00+00:00,278.0268887678071,283.7715216213078,276.32878957485565,277.0423583984375,4100600,0.0,0.0,4412.52978515625,,332.394775390625
2022-04-12 04:00:00+00:00,279.499167570515,282.97665429680785,275.57910114688184,276.6539611816406,4122600,0.0,0.0,4397.4501953125,,330.9906005859375
2022-04-13 04:00:00+00:00,276.4914310499556,281.5405787381669,276.13918095819776,280.3844299316406,3185300,0.0,0.0,4446.58984375,,337.7187194824219
2022-04-14 04:00:00+00:00,280.7547226340365,282.03733851172785,274.8836491341927,275.0552673339844,4569200,0.0,0.0,4392.58984375,,329.99609375
2022-04-18 04:00:00+00:00,273.6823147575026,276.6539885335626,269.8164402588978,271.1622619628906,3192400,0.0,0.0,4391.68994140625,,330.2496643066406
2022-04-19 04:00:00+00:00,271.52360076317757,278.3159991545566,270.80101809228114,278.0179138183594,3389700,0.0,0.0,4462.2099609375,,337.6309509277344
2022-04-20 04:00:00+00:00,280.9082698623775,285.5148097042622,279.7792173307763,284.647705078125,4720800,0.0,0.0,4459.4501953125,,332.706787109375
2022-04-21 04:00:00+00:00,286.3276785282338,287.59221165862516,279.770133599894,280.33013916015625,3014200,0.0,0.0,4393.66015625,,325.82275390625
2022-04-22 04:00:00+00:00,279.84246066782873,279.84246066782873,270.7739026989537,271.07196044921875,4043200,0.0,0.0,4271.77978515625,,317.290771484375
2022-04-25 04:00:00+00:00,270.9725834179487,275.63331516050823,267.6034810408065,275.4346008300781,4396900,0.0,0.0,4296.1201171875,,321.3666076660156
2022-04-26 04:00:00+00:00,273.00492504951376,277.80113840103394,270.7197236363878,270.9364929199219,3415200,0.0,0.0,4175.2001953125,,309.2366638183594
2022-04-27 04:00:00+00:00,272.14676602548707,276.77138758181616,270.1777053527041,272.4177551269531,3446200,0.0,0.0,4183.9599609375,,308.8660888671875
2022-04-28 04:00:00+00:00,275.26299150566695,284.1057381469835,273.6913592920337,281.5947265625,4149500,0.0,0.0,4287.5,,319.8357238769531
2022-04-29 04:00:00+00:00,278.33398705697346,281.55856726808383,270.7106231860777,271.3338623046875,4878200,0.0,0.0,4131.93017578125,,305.44354248046875
2022-05-02 04:00:00+00:00,272.7700335451957,278.9120954765738,270.8913023771523,277.2681884765625,4233900,0.0,0.0,4155.3798828125,,310.543212890625
2022-05-03 04:00:00+00:00,276.11201321616625,279.1017416415147,273.7003452618397,275.45263671875,3336600,0.0,0.0,4175.47998046875,,310.87481689453125
2022-05-04 04:00:00+00:00,274.65779177891113,285.1986371473386,273.61906908055767,284.80120849609375,4021300,0.0,0.0,4300.169921875,,321.3861389160156
2022-05-05 04:00:00+00:00,280.90832523571515,281.2334791978271,265.29125982200065,270.16876220703125,4959600,0.0,0.0,4146.8701171875,,305.1997985839844
2022-05-06 04:00:00+00:00,267.63057250055715,268.03704239445455,261.40724994426307,265.8331298828125,4325300,0.0,0.0,4123.33984375,,301.543212890625
2022-05-09 04:00:00+00:00,262.1930943484997,271.6409982275092,260.58532464392823,268.28997802734375,5243600,0.0,0.0,3991.239990234375,,289.7447509765625
2022-05-10 04:00:00+00:00,269.58160116906924,271.93907713644865,259.82659853826226,262.9879455566406,4392900,0.0,0.0,4001.050048828125,,293.264892578125
2022-05-11 04:00:00+00:00,263.2497935088779,264.94786467964997,255.22900313712222,255.5812530517578,3880500,0.0,0.0,3935.179931640625,,284.5671691894531
2022-05-12 04:00:00+00:00,254.3258362071733,264.81246175706434,253.4767865899243,261.66015625,4447700,0.0,0.0,3930.080078125,,283.89434814453125
2022-05-13 04:00:00+00:00,261.89501971170694,270.44872225335416,260.5401567593748,267.38671875,3949100,0.0,0.0,4023.889892578125,,294.4154052734375
2022-05-16 04:00:00+00:00,265.6253904408436,270.584207675445,261.7505021773548,267.3505859375,4267900,0.0,0.0,4008.010009765625,,291.0026550292969
2022-05-17 04:00:00+00:00,276.84373266622924,280.8541302157434,262.7531489164308,271.83074951171875,12425900,0.0,0.0,4088.85009765625,,298.5400695800781
2022-05-18 04:00:00+00:00,264.6499069319785,266.85381962492033,253.97357983883924,257.5865478515625,7799500,0.0,0.0,3923.679931640625,,283.8846435546875
2022-05-19 04:00:00+00:00,257.87562565487224,264.1983205045539,257.387867191192,259.9169616699219,5211500,0.0,0.0,3900.7900390625,,282.3634338378906
2022-05-20 04:00:00+00:00,261.77766152792884,262.39185960957815,252.53748388066876,259.4021301269531,5621800,0.0,0.0,3901.360107421875,,281.48590087890625
2022-05-23 04:00:00+00:00,261.11825825080274,262.2473108882105,253.19683487006387,258.3543395996094,4305600,0.0,0.0,3973.75,,286.1662902832031
2022-05-24 04:00:00+00:00,256.5207113461429,261.32596508971784,253.49484532963675,260.0614318847656,4241900,0.0,0.0,3941.47998046875,,280.0816955566406
2022-05-25 04:00:00+00:00,258.1555975618391,266.8989736332035,258.02011677282434,265.1647644042969,4612900,0.0,0.0,3978.72998046875,,284.0015869140625
2022-05-26 04:00:00+00:00,268.55192184075094,276.05786076136565,268.2628777811349,273.5107116699219,4170800,0.0,0.0,4057.840087890625,,291.8705139160156
2022-05-27 04:00:00+00:00,274.1700485319057,278.65012054770176,272.41775707595536,278.6139831542969,3899300,0.0,0.0,4158.240234375,,301.39703369140625
2022-05-31 04:00:00+00:00,276.9339687196887,278.08107599556985,271.72224537797524,273.45648193359375,5966600,0.0,0.0,4132.14990234375,,300.5974426269531
2022-06-01 04:00:00+00:00,274.2654864132103,275.3925988467751,269.98435650256874,270.1297912597656,3080800,1.9,0.0,4101.22998046875,,298.3742980957031
2022-06-02 04:00:00+00:00,271.6022205036433,278.16481338742875,268.94811304836776,278.0193786621094,4086400,0.0,0.0,4176.81982421875,,306.54547119140625
2022-06-03 04:00:00+00:00,275.71067450947,280.3735735603033,274.4108879316952,277.30133056640625,2956600,0.0,0.0,4108.5400390625,,298.56927490234375
2022-06-06 04:00:00+00:00,277.7376821567046,279.60101133139307,275.63801802253255,276.2197570800781,2562000,0.0,0.0,4121.43017578125,,299.5638732910156
2022-06-07 04:00:00+00:00,268.1937024888035,274.84719629606735,265.957702279059,274.292724609375,3547800,0.0,0.0,4160.68017578125,,302.14788818359375
2022-06-08 04:00:00+00:00,272.483972335958,273.2111184182051,268.7572862520405,270.4388427734375,3003100,0.0,0.0,4115.77001953125,,299.97344970703125
2022-06-09 04:00:00+00:00,270.64787547106795,278.93746178830435,270.27520413695356,272.556640625,4168400,0.0,0.0,4017.820068359375,,291.938720703125
2022-06-10 04:00:00+00:00,264.95791456597175,269.50264723434174,262.3583407943106,262.9036865234375,4623900,0.0,0.0,3900.860107421875,,281.64190673828125
2022-06-13 04:00:00+00:00,258.4679773050483,260.7040053545375,255.6684346813701,257.37725830078125,4704600,0.0,0.0,3749.6298828125,,268.5466003417969
2022-06-14 04:00:00+00:00,257.4226933441954,260.3040655384179,251.40547282087874,253.2960968017578,3987000,0.0,0.0,3735.47998046875,,269.0340881347656
2022-06-15 04:00:00+00:00,255.41387313140797,257.76804037716175,250.38740193342872,254.259521484375,4050400,0.0,0.0,3789.989990234375,,275.7523193359375
2022-06-16 04:00:00+00:00,249.88753693436155,250.96915754596762,245.17010326848828,248.56045532226562,6181000,0.0,0.0,3666.77001953125,,264.6268005371094
2022-06-17 04:00:00+00:00,246.32446131511333,251.43273537354423,245.77001735521023,246.0790557861328,10775600,0.0,0.0,3674.840087890625,,267.8444519042969
2022-06-21 04:00:00+00:00,248.76949898007211,248.9785666015356,243.07041603357087,244.68833923339844,5498400,0.0,0.0,3764.7900390625,,274.6020812988281
2022-06-22 04:00:00+00:00,242.13422045102274,247.0243282904314,240.42539695272205,244.48838806152344,4678400,0.0,0.0,3759.889892578125,,274.2015380859375
2022-06-23 04:00:00+00:00,245.41549422418686,250.49650057224173,245.31552344859006,250.3419952392578,3747500,0.0,0.0,3795.72998046875,,278.2853088378906
2022-06-24 04:00:00+00:00,252.2053394254837,257.64991906857904,248.97859104784607,257.2318115234375,10310700,0.0,0.0,3911.739990234375,,287.8202819824219
2022-06-27 04:00:00+00:00,258.55880634092904,259.04964501414526,255.85923524649144,256.9499816894531,2538600,0.0,0.0,3900.110107421875,,285.7101135253906
2022-06-28 04:00:00+00:00,257.94082453357186,259.5951137431198,245.25193975700608,245.5518798828125,4052100,0.0,0.0,3821.550048828125,,277.00543212890625
2022-06-29 04:00:00+00:00,246.85168644186896,251.01467708352166,244.33391453945228,248.9331817626953,2460500,0.0,0.0,3818.830078125,,277.25946044921875
2022-06-30 04:00:00+00:00,246.07908714771463,251.81453713889226,243.63401893087848,249.29673767089844,4058000,0.0,0.0,3785.3798828125,,273.82061767578125
2022-07-01 04:00:00+00:00,250.62379872522826,255.18669962841554,249.55122090083515,253.6687469482422,2818300,0.0,0.0,3825.330078125,,275.6278991699219
2022-07-05 04:00:00+00:00,250.41471685490302,257.8953552246094,249.98751096523392,257.8953552246094,3241300,0.0,0.0,3831.389892578125,,280.3465576171875
2022-07-06 04:00:00+00:00,259.0406510815628,259.88599239804427,254.97765916527112,257.759033203125,2206100,0.0,0.0,3845.080078125,,282.1441955566406
2022-07-07 04:00:00+00:00,257.08639675530503,260.84034983001675,255.82297568198982,260.5858459472656,3133900,0.0,0.0,3902.6201171875,,288.1817626953125
2022-07-08 04:00:00+00:00,259.94959048647917,261.7674834153432,258.05899404555225,260.3858947753906,1891000,0.0,0.0,3899.3798828125,,288.5432434082031
2022-07-11 04:00:00+00:00,259.2133870540457,263.221844924636,259.17704916169123,260.313232421875,2453200,0.0,0.0,3854.429931640625,,282.37872314453125
2022-07-12 04:00:00+00:00,262.65820107975526,266.90299230640636,257.60446210830855,259.15875244140625,2696100,0.0,0.0,3818.800048828125,,279.6432189941406
2022-07-13 04:00:00+00:00,255.98660800532267,263.4036147963553,254.2868824834113,261.03125,2941600,0.0,0.0,3801.780029296875,,279.0667419433594
2022-07-14 04:00:00+00:00,256.18653066388794,263.8580399682535,256.00473030092843,263.1217956542969,2822200,0.0,0.0,3790.3798828125,,280.06329345703125
2022-07-15 04:00:00+00:00,267.96650010704764,268.5482391483939,264.4579801325271,265.7850341796875,2647200,0.0,0.0,3863.159912109375,,285.1434631347656
2022-07-18 04:00:00+00:00,270.1842847327126,271.31136925601004,265.41231670967903,266.36669921875,2664000,0.0,0.0,3830.85009765625,,282.7303466796875
2022-07-19 04:00:00+00:00,268.53909806291273,272.6929893262666,266.603037998692,272.52935791015625,2614900,0.0,0.0,3936.68994140625,,291.4252624511719
2022-07-20 04:00:00+00:00,273.5292230155776,276.03792385989715,271.12052069562526,274.77447509765625,2533400,0.0,0.0,3959.89990234375,,296.0462646484375
2022-07-21 04:00:00+00:00,275.2744085839171,277.4558742835873,271.6567921125986,277.2286376953125,1965000,0.0,0.0,3998.949951171875,,300.2959899902344
2022-07-22 04:00:00+00:00,279.64637664806077,282.38231344391664,276.64683770106717,278.6737976074219,2391500,0.0,0.0,3961.6298828125,,295.03021240234375
2022-07-25 04:00:00+00:00,278.86476595667824,279.4374066711089,276.1651938306802,278.2739562988281,1910500,0.0,0.0,3966.840087890625,,293.349853515625
2022-07-26 04:00:00+00:00,269.95699127662715,273.26556839007844,268.96624335784094,271.029541015625,2690200,0.0,0.0,3921.050048828125,,287.5858459472656
2022-07-27 04:00:00+00:00,271.0569026834162,272.9656957029182,265.22148223215487,271.69317626953125,3233700,0.0,0.0,4023.610107421875,,299.7391357421875
2022-07-28 04:00:00+00:00,268.1391692390803,273.8109855018101,266.47580964855155,272.34759521484375,3992100,0.0,0.0,4072.429931640625,,302.6700134277344
2022-07-29 04:00:00+00:00,272.6839182485056,273.99280327520586,270.3479193581878,273.538330078125,3236000,0.0,0.0,4130.2900390625,,308.18975830078125
2022-08-01 04:00:00+00:00,273.2655732536092,280.3644401907137,272.69293276310214,277.9739074707031,3303900,0.0,0.0,4118.6298828125,,308.00408935546875
2022-08-02 04:00:00+00:00,277.5922458226602,277.7831168140934,272.6930387835766,273.32928466796875,3091000,0.0,0.0,4091.18994140625,,307.0858459472656
2022-08-03 04:00:00+00:00,275.7289295125104,280.0191581516953,272.9929916394293,278.47393798828125,3329400,0.0,0.0,4155.169921875,,315.4486389160156
2022-08-04 04:00:00+00:00,276.81054683125205,281.7461191688715,276.7196466426926,279.2010803222656,2718400,0.0,0.0,4151.93994140625,,316.92376708984375
2022-08-05 04:00:00+00:00,277.574050973062,281.57340951185233,276.77417371753546,281.4916076660156,2029100,0.0,0.0,4145.18994140625,,314.3348693847656
2022-08-08 04:00:00+00:00,283.46399683812206,287.04524769444447,282.1733085483084,283.5639953613281,2505100,0.0,0.0,4140.06005859375,,313.31878662109375
2022-08-09 04:00:00+00:00,280.764376349544,281.7369276026716,275.6924415379481,277.41943359375,2607000,0.0,0.0,4122.47021484375,,309.77239990234375
2022-08-10 04:00:00+00:00,281.31890689317464,284.48205030722977,280.90986992331807,283.2095031738281,3863400,0.0,0.0,4210.240234375,,318.4184875488281
2022-08-11 04:00:00+00:00,285.263811143638,285.9727884157065,281.39168956757555,282.400634765625,2444100,0.0,0.0,4207.27001953125,,316.6111145019531
2022-08-12 04:00:00+00:00,284.1457152674228,286.2544775317645,281.93698221566837,286.2181396484375,2273800,0.0,0.0,4280.14990234375,,322.7757263183594
2022-08-15 04:00:00+00:00,283.62762153485215,287.00890300338824,281.9096996507256,285.9635925292969,3917300,0.0,0.0,4297.14013671875,,325.3841552734375
2022-08-16 04:00:00+00:00,284.48203986632507,302.6609669466715,284.391139683155,297.57086181640625,10089800,0.0,0.0,4305.2001953125,,324.6221008300781
2022-08-17 04:00:00+00:00,298.2161908467313,299.497808469602,294.56223667475376,296.0983581542969,3162600,0.0,0.0,4274.0400390625,,320.9194641113281
2022-08-18 04:00:00+00:00,295.3712131080076,298.0798833543527,292.8807088591382,295.59844970703125,2899600,0.0,0.0,4283.740234375,,321.6912841796875
2022-08-19 04:00:00+00:00,295.3803630000405,296.607446396695,290.65382981990746,292.0627136230469,3489100,0.0,0.0,4228.47998046875,,315.4192199707031
2022-08-22 04:00:00+00:00,289.1267440395265,290.6264999842839,283.3276618302124,283.7821350097656,3144200,0.0,0.0,4137.990234375,,307.1151123046875
2022-08-23 04:00:00+00:00,282.8731839651577,283.15495511270615,277.81037391031424,278.95562744140625,3317500,0.0,0.0,4128.72998046875,,306.86114501953125
2022-08-24 04:00:00+00:00,277.27404657477604,281.7551727351809,275.910627179577,280.055419921875,2495600,0.0,0.0,4140.77001953125,,307.7501220703125
2022-08-25 04:00:00+00:00,280.5372103768464,281.73699845850166,277.98304565368886,281.5733947753906,2529700,0.0,0.0,4199.1201171875,,313.1918029785156
2022-08-26 04:00:00+00:00,282.046069637736,283.14591480366846,270.8842084482095,270.9569396972656,3315500,0.0,0.0,4057.659912109375,,300.3545837402344
2022-08-29 04:00:00+00:00,269.56622584545465,272.4203029620426,267.4938292757119,269.3389892578125,2711800,0.0,0.0,4030.610107421875,,297.3944396972656
2022-08-30 04:00:00+00:00,271.37500952198667,272.59299425513274,265.1123838373407,266.41217041015625,2892400,0.0,0.0,3986.159912109375,,294.08251953125
2022-08-31 04:00:00+00:00,267.1532405142075,267.5740761147802,263.7407392682709,263.86883544921875,4376200,1.9,0.0,3955.0,,292.3728942871094
2022-09-01 04:00:00+00:00,263.85046113099685,268.5895162110418,262.31347482176454,268.39739990234375,3742500,0.0,0.0,3966.85009765625,,292.4998779296875
2022-09-02 04:00:00+00:00,270.9042060107775,271.5354733532575,265.42410189835095,267.0525817871094,2753600,0.0,0.0,3924.260009765625,,288.3674011230469
2022-09-06 04:00:00+00:00,268.2602652075632,269.4313067823877,262.8076054922709,264.8935241699219,4110000,0.0,0.0,3908.18994140625,,286.29620361328125
2022-09-07 04:00:00+00:00,265.7169134857779,272.3589303243078,265.58881728720723,272.14849853515625,3016000,0.0,0.0,3979.8701171875,,292.0797424316406
2022-09-08 04:00:00+00:00,270.80362787766063,274.6369652491102,269.46791509825005,274.37164306640625,2703200,0.0,0.0,4006.179931640625,,293.5940856933594
2022-09-09 04:00:00+00:00,273.9873913024102,276.74115226071467,272.9352603501462,274.252685546875,2769200,0.0,0.0,4067.360107421875,,300.0126953125
2022-09-12 04:00:00+00:00,275.19497375020677,277.0521728308333,271.1237880988935,272.2124938964844,3632900,0.0,0.0,4110.41015625,,303.5784912109375
2022-09-13 04:00:00+00:00,267.1532108216405,269.0469847736507,253.71366701165502,254.271728515625,4797200,0.0,0.0,3932.68994140625,,286.9312744140625
2022-09-14 04:00:00+00:00,255.61658327211606,255.74467943111205,249.916918432954,252.8170623779297,4194400,0.0,0.0,3946.010009765625,,289.2075500488281
2022-09-15 04:00:00+00:00,254.235132562686,254.3449133137635,247.51078236094207,248.4256591796875,3896100,0.0,0.0,3901.35009765625,,284.3912048339844
2022-09-16 04:00:00+00:00,246.1476460437076,253.01838125814777,246.01042007747205,252.47860717773438,9535100,0.0,0.0,3873.330078125,,282.6522521972656
2022-09-19 04:00:00+00:00,250.29202182679134,257.2908527778786,250.2280016598394,256.5498046875,3047200,0.0,0.0,3899.889892578125,,284.8533020019531
2022-09-20 04:00:00+00:00,253.3111108548259,255.04937131440494,248.27013039420308,250.83180236816406,2940700,0.0,0.0,3855.929931640625,,282.5826721191406
2022-09-21 04:00:00+00:00,252.5059919274563,256.2844375057165,248.398204109067,248.45309448242188,3173500,0.0,0.0,3789.929931640625,,277.5227966308594
2022-09-22 04:00:00+00:00,248.13295825226393,248.13295825226393,245.04982701577757,246.2300262451172,3515800,0.0,0.0,3757.989990234375,,274.10711669921875
2022-09-23 04:00:00+00:00,245.0863913246731,248.2060970501888,243.6500278605438,247.8767547607422,3527900,0.0,0.0,3693.22998046875,,269.64422607421875
2022-09-26 04:00:00+00:00,248.3250526252417,250.27374506487286,243.00046188706102,243.8878936767578,4181800,0.0,0.0,3655.0400390625,,268.5284423828125
2022-09-27 04:00:00+00:00,246.43126557904907,250.3926987890948,244.25388168104763,245.8183135986328,3701000,0.0,0.0,3647.2900390625,,268.63616943359375
2022-09-28 04:00:00+00:00,251.7924349679776,259.3676149873221,249.49608489212207,258.16912841796875,5816600,0.0,0.0,3719.0400390625,,273.9798278808594
2022-09-29 04:00:00+00:00,254.8023180432257,255.03103721767985,251.34408524227206,254.6376190185547,4518600,0.0,0.0,3640.469970703125,,266.0816955566406
2022-09-30 04:00:00+00:00,254.17109908383898,257.8031613796718,251.37157809126344,252.4511260986328,4789100,0.0,0.0,3585.6201171875,,261.5697937011719
2022-10-03 04:00:00+00:00,257.0804192471786,261.7096943139152,255.75383652085432,259.55059814453125,3580000,0.0,0.0,3678.429931640625,,267.7063903808594
2022-10-04 04:00:00+00:00,263.02712935359773,266.51280838205383,262.1671427666466,264.9117736816406,3641300,0.0,0.0,3790.929931640625,,276.1232604980469
2022-10-05 04:00:00+00:00,261.88350071411236,267.24466570276076,261.07840461155706,265.17706298828125,2728000,0.0,0.0,3783.280029296875,,275.97637939453125
2022-10-06 04:00:00+00:00,264.9117790411758,268.0315129280485,263.2741414112121,265.671142578125,2641500,0.0,0.0,3744.52001953125,,273.8037109375
2022-10-07 04:00:00+00:00,263.0546065050017,264.06097688006474,258.3795980133369,260.11785888671875,2406000,0.0,0.0,3639.659912109375,,263.37066650390625
2022-10-10 04:00:00+00:00,259.4225079329077,260.6118368101744,256.36682224408526,258.4161376953125,2115400,0.0,0.0,3612.389892578125,,260.7379150390625
2022-10-11 04:00:00+00:00,257.1719326498816,261.8378109767726,256.9889460802661,258.8095703125,2771900,0.0,0.0,3588.840087890625,,257.1558532714844
2022-10-12 04:00:00+00:00,260.2093391671428,260.4106132320906,256.61385119240003,256.64129638671875,2258200,0.0,0.0,3577.030029296875,,257.06781005859375
2022-10-13 04:00:00+00:00,251.280168805447,260.5844540611787,245.85495384616044,258.75469970703125,3881600,0.0,0.0,3669.909912109375,,263.0965881347656
2022-10-14 04:00:00+00:00,262.2403747549133,262.2403747549133,252.46033671729458,252.8994598388672,2783100,0.0,0.0,3583.070068359375,,255.18862915039062
2022-10-17 04:00:00+00:00,255.79956892415868,259.70608296265897,255.5616920124596,257.3182678222656,3426700,0.0,0.0,3677.949951171875,,263.6153869628906
2022-10-18 04:00:00+00:00,263.4388382024425,265.18622866906077,259.1206177295011,260.7948303222656,3166500,0.0,0.0,3719.97998046875,,265.70001220703125
2022-10-19 04:00:00+00:00,258.42527953583874,258.6997314384134,249.77968164698174,252.0394287109375,4323000,0.0,0.0,3695.159912109375,,264.7311096191406
2022-10-20 04:00:00+00:00,251.53627134232374,254.33579258103225,245.06808459283135,246.52273559570312,3959500,0.0,0.0,3665.780029296875,,263.3804016113281
2022-10-21 04:00:00+00:00,245.4980524518318,252.24069042060768,245.18699767083748,252.07601928710938,3429100,0.0,0.0,3752.75,,269.5560607910156
2022-10-24 04:00:00+00:00,253.39345722754842,260.2550340078158,253.39345722754842,259.1480407714844,2937100,0.0,0.0,3797.340087890625,,272.52166748046875
2022-10-25 04:00:00+00:00,261.2065797032478,267.26306186873205,261.2065797032478,265.55224609375,2791600,0.0,0.0,3859.110107421875,,278.158935546875
2022-10-26 04:00:00+00:00,265.86324387613826,267.025127536738,261.8103457398898,265.4515380859375,2615000,0.0,0.0,3830.60009765625,,272.0127258300781
2022-10-27 04:00:00+00:00,267.00690995802756,269.2208970934703,264.81121031500226,266.2841491699219,3041500,0.0,0.0,3807.300048828125,,267.0604248046875
2022-10-28 04:00:00+00:00,265.31431675519815,273.69459300722457,265.31431675519815,273.2279968261719,3243100,0.0,0.0,3901.06005859375,,275.23260498046875
2022-10-31 04:00:00+00:00,269.3489263971947,273.804372679786,267.64724075063714,270.9225158691406,4210900,0.0,0.0,3871.97998046875,,272.0322265625
2022-11-01 04:00:00+00:00,274.80160773734326,276.48497811422095,268.3791810681851,270.8584899902344,3309100,0.0,0.0,3856.10009765625,,269.252685546875
2022-11-02 04:00:00+00:00,270.0717215653971,274.61866170886856,263.96032153380736,264.1524658203125,4426400,0.0,0.0,3759.68994140625,,260.0235290527344
2022-11-03 04:00:00+00:00,259.4316743817875,261.60908608202743,256.63215303000186,257.5378723144531,4823900,0.0,0.0,3719.889892578125,,254.9439239501953
2022-11-04 04:00:00+00:00,261.5541942527936,264.2530646026176,253.8783629585816,259.8525085449219,4401600,0.0,0.0,3770.550048828125,,259.0447998046875
2022-11-07 05:00:00+00:00,262.1123242889421,266.8696970146518,258.76387030366624,265.5614013671875,3260200,0.0,0.0,3806.800048828125,,261.8928527832031
2022-11-08 05:00:00+00:00,267.53744036465275,268.36998167909013,263.1460424913977,266.3572692871094,3371800,0.0,0.0,3828.110107421875,,263.8013610839844
2022-11-09 05:00:00+00:00,264.3994460966448,267.6015155130401,261.89269211644074,262.3409729003906,3071400,0.0,0.0,3748.570068359375,,257.7137451171875
2022-11-10 05:00:00+00:00,272.3954721262521,287.94838130214436,271.79164994904363,285.16717529296875,7794000,0.0,0.0,3956.3701171875,,276.7300109863281
2022-11-11 05:00:00+00:00,285.4416374336552,290.638132337457,283.8314449035295,288.1313781738281,4945400,0.0,0.0,3992.929931640625,,281.8291015625
2022-11-14 05:00:00+00:00,287.6007579856165,289.08288237238816,280.26345353578705,280.7940979003906,6394800,0.0,0.0,3957.25,,279.36279296875
2022-11-15 05:00:00+00:00,278.17751601503136,289.6775273345674,277.4364678316562,285.3775939941406,9290400,0.0,0.0,3991.72998046875,,283.2286682128906
2022-11-16 05:00:00+00:00,279.824258954708,289.4762278198543,278.58919737086694,288.1039123535156,5249500,0.0,0.0,3958.7900390625,,279.36279296875
2022-11-17 05:00:00+00:00,285.44165022254197,286.97863702298037,280.08961369690275,284.9293212890625,3642100,0.0,0.0,3946.56005859375,,278.7462463378906
2022-11-18 05:00:00+00:00,287.3994200208235,289.10107751862597,283.84969346260004,286.5211181640625,3559300,0.0,0.0,3965.340087890625,,278.75592041015625
2022-11-21 05:00:00+00:00,289.9794905431297,291.69946427115093,287.45444827333375,289.8148193359375,4069000,0.0,0.0,3949.93994140625,,275.8883361816406
2022-11-22 05:00:00+00:00,292.7607060449377,299.00017529328125,292.1934866441495,297.2253112792969,6054700,0.0,0.0,4003.580078125,,279.8619079589844
2022-11-23 05:00:00+00:00,298.94522472819585,299.91499213820555,293.1631952467499,294.1421203613281,4243400,0.0,0.0,4027.260009765625,,282.67083740234375
2022-11-25 05:00:00+00:00,295.4045924659603,301.0676543464124,294.49884542053996,298.5975036621094,3393500,0.0,0.0,4026.1201171875,,280.81121826171875
2022-11-28 05:00:00+00:00,297.38994433386057,300.81157571257086,290.7936883393444,291.7726135253906,4733700,0.0,0.0,3963.93994140625,,276.6908874511719
2022-11-29 05:00:00+00:00,289.1011170558167,292.7606248666498,288.75345934661493,289.06451416015625,3505600,0.0,0.0,3957.6298828125,,274.596435546875
2022-11-30 05:00:00+00:00,288.02447090972566,298.3883172366664,286.70828871726513,298.2042236328125,15106500,1.9,0.0,4080.110107421875,,287.1141662597656
2022-12-01 05:00:00+00:00,300.3395710638532,303.4321693061863,298.6184054986249,301.0390930175781,3830100,0.0,0.0,4076.570068359375,,287.4664611816406
2022-12-02 05:00:00+00:00,295.5258450770859,302.3369157137314,294.835536141378,301.8858947753906,3644100,0.0,0.0,4071.699951171875,,286.3214111328125
2022-12-05 05:00:00+00:00,299.27187145746564,299.6124193068562,294.10837508186495,294.6053771972656,5057300,0.0,0.0,3998.840087890625,,281.51593017578125
2022-12-06 05:00:00+00:00,294.2004576193273,296.0504663400162,289.5063515601534,292.18475341796875,3341500,0.0,0.0,3941.260009765625,,275.6828308105469
2022-12-07 05:00:00+00:00,290.81327253894113,297.1825338547966,289.414256868465,294.6697998046875,4038200,0.0,0.0,3933.919921875,,274.55731201171875
2022-12-08 05:00:00+00:00,293.1971752789906,298.692034991432,293.1971752789906,298.2962646484375,3483600,0.0,0.0,3963.510009765625,,277.8066711425781
2022-12-09 05:00:00+00:00,295.894014152707,298.61842538690354,294.4673589198956,294.9736022949219,3738800,0.0,0.0,3934.3798828125,,276.0351867675781
2022-12-12 05:00:00+00:00,297.29298744264696,302.2079826879234,295.7190912563263,301.87664794921875,4900200,0.0,0.0,3990.56005859375,,279.4997863769531
2022-12-13 05:00:00+00:00,316.9438792799866,319.61306847455205,303.69913705628363,306.3959655761719,5787700,0.0,0.0,4019.64990234375,,282.5044250488281
2022-12-14 05:00:00+00:00,304.223694841445,312.0748059515246,302.82467909229837,306.89288330078125,4546000,0.0,0.0,3995.320068359375,,280.4100036621094
2022-12-15 05:00:00+00:00,303.2204401855155,303.7542666256587,297.6335342872062,301.5268859863281,5056900,0.0,0.0,3895.75,,270.9947814941406
2022-12-16 05:00:00+00:00,297.6887601990313,301.8398261051555,293.8322327888987,297.6059265136719,9615000,0.0,0.0,3852.360107421875,,268.4110412597656
2022-12-19 05:00:00+00:00,294.07158585722294,296.28978178472914,290.8685425096484,292.07427978515625,3000600,0.0,0.0,3817.659912109375,,264.6388854980469
2022-12-20 05:00:00+00:00,288.38342439797094,291.66930117959214,286.0915799753861,289.7824401855469,2632200,0.0,0.0,3821.6201171875,,264.43292236328125
2022-12-21 05:00:00+00:00,292.7368900376146,294.154331727206,289.690329973083,293.942626953125,2610400,0.0,0.0,3878.43994140625,,268.26873779296875
2022-12-22 05:00:00+00:00,291.21822437814086,291.21822437814086,285.99950634020587,290.96051025390625,3064400,0.0,0.0,3822.389892578125,,261.70550537109375
2022-12-23 05:00:00+00:00,289.14741251939887,293.7034629711272,288.14416685051447,293.3629150390625,2064900,0.0,0.0,3844.820068359375,,262.2940673828125
2022-12-27 05:00:00+00:00,293.06832936562876,295.9584078583952,292.23996434993086,294.1175842285156,1610200,0.0,0.0,3829.25,,258.5857849121094
2022-12-28 05:00:00+00:00,295.0379869997374,295.8479538662551,290.38991871226324,290.60162353515625,1568200,0.0,0.0,3783.219970703125,,255.17173767089844
2022-12-29 05:00:00+00:00,293.2892154082451,296.21611820048815,292.3135811441641,294.9091491699219,1559100,0.0,0.0,3849.280029296875,,261.3916320800781
2022-12-30 05:00:00+00:00,292.22146679251586,292.84736802130647,288.10722586065555,290.72119140625,2581600,0.0,0.0,3839.5,,261.234619140625
2023-01-03 05:00:00+00:00,292.15713431314424,293.81386436527157,286.96599812932953,290.7673034667969,2822400,0.0,0.0,3824.139892578125,,259.4687194824219
2023-01-04 05:00:00+00:00,295.51658191090985,296.8419769640766,291.1998489273813,294.2832336425781,3560900,0.0,0.0,3852.969970703125,,260.704833984375
2023-01-05 05:00:00+00:00,292.5344937465493,292.76459671520047,288.30062159436096,290.3623352050781,2935100,0.0,0.0,3808.10009765625,,256.6236877441406
2023-01-06 05:00:00+00:00,291.11702975844304,293.4732815062463,284.4072204784262,292.2583312988281,4022500,0.0,0.0,3895.080078125,,263.70684814453125
2023-01-09 05:00:00+00:00,294.5317561996843,296.8787948964057,291.8257434425007,292.51605224609375,3466300,0.0,0.0,3892.090087890625,,265.41387939453125
2023-01-10 05:00:00+00:00,291.1262947774826,295.20374115065533,288.9725341390571,295.1116943359375,2111300,0.0,0.0,3919.25,,267.6605224609375
2023-01-11 05:00:00+00:00,296.8787932907908,302.8522845392503,296.4830229868348,302.8154602050781,2864800,0.0,0.0,3969.610107421875,,272.29107666015625
2023-01-12 05:00:00+00:00,305.7699710012657,305.7699710012657,300.7077065186685,303.6162109375,2481800,0.0,0.0,3983.169921875,,273.7626647949219
2023-01-13 05:00:00+00:00,300.5052341170458,305.93568610906976,300.05424133166144,304.8495788574219,2798600,0.0,0.0,3999.090087890625,,275.6463317871094
2023-01-17 05:00:00+00:00,304.0395742993531,308.48517839086486,301.06666258490554,301.4624328613281,3988900,0.0,0.0,3990.969970703125,,276.20550537109375
2023-01-18 05:00:00+00:00,303.7358968513598,307.8961481144687,297.22857862297417,297.9281005859375,2952200,0.0,0.0,3928.860107421875,,272.6148376464844
2023-01-19 05:00:00+00:00,294.8447223265102,295.7651341567442,285.9075313197852,286.13763427734375,5359300,0.0,0.0,3898.85009765625,,269.9364929199219
2023-01-20 05:00:00+00:00,285.3368721078549,290.15060786195687,282.9253976775895,289.9297180175781,3725100,0.0,0.0,3972.610107421875,,277.3238525390625
2023-01-23 05:00:00+00:00,288.58595021015265,292.2583846419179,286.33092985701234,290.3715515136719,3237900,0.0,0.0,4019.81005859375,,283.48486328125
2023-01-24 05:00:00+00:00,290.0402047494312,292.78304243038747,287.7483880174157,292.4056701660156,2127900,0.0,0.0,4016.949951171875,,282.9060363769531
2023-01-25 05:00:00+00:00,290.2334410531212,292.8013978445528,286.75428556645926,292.0098571777344,2060400,0.0,0.0,4016.219970703125,,282.2781982421875
2023-01-26 05:00:00+00:00,289.147348248263,293.8506669392556,287.6562856940353,288.83441162109375,3555300,0.0,0.0,4060.429931640625,,287.7818908691406
2023-01-27 05:00:00+00:00,287.1868637486683,292.9118259497546,286.5517773948973,291.4851989746094,2761200,0.0,0.0,4070.56005859375,,290.6465148925781
2023-01-30 05:00:00+00:00,290.6936148063408,292.81979167464425,288.72394837479254,289.23016357421875,2643100,0.0,0.0,4017.77001953125,,284.77001953125
2023-01-31 05:00:00+00:00,290.8409434909993,298.5356014805677,290.0217915168523,298.36993408203125,3526800,0.0,0.0,4076.60009765625,,289.0376281738281
2023-02-01 05:00:00+00:00,296.7316048335336,304.2421411918501,292.3596483245943,301.9779357910156,3076500,0.0,0.0,4119.2099609375,,295.2182312011719
2023-02-02 05:00:00+00:00,306.9113271547965,314.29301970793597,306.2118051956437,312.7467346191406,4776600,0.0,0.0,4179.759765625,,305.81365966796875
2023-02-03 05:00:00+00:00,306.06453915744413,308.07103016916915,304.03962193265966,305.11651611328125,3389700,0.0,0.0,4136.47998046875,,300.37860107421875
2023-02-06 05:00:00+00:00,302.806250678972,304.6655003786979,301.3980218341605,303.06396484375,2229700,0.0,0.0,4111.080078125,,297.8376770019531
2023-02-07 05:00:00+00:00,298.21342672037207,300.9746621529681,295.19447710428335,299.31793212890625,3865500,0.0,0.0,4164.0,,304.00848388671875
2023-02-08 05:00:00+00:00,297.2377294538818,298.2041504149795,294.13594680282966,295.25885009765625,2777200,0.0,0.0,4117.85986328125,,298.60284423828125
2023-02-09 05:00:00+00:00,297.38500732278544,298.1121403852385,289.7731850621804,290.4358825683594,3063300,0.0,0.0,4081.5,,295.9638977050781
2023-02-10 05:00:00+00:00,288.87125790374625,291.9546431460222,287.85879927495927,291.34716796875,2768800,0.0,0.0,4090.4599609375,,294.0213928222656
2023-02-13 05:00:00+00:00,292.0835015090225,297.9281225423689,290.4911788507788,297.7808532714844,2432500,0.0,0.0,4137.2900390625,,298.73040771484375
2023-02-14 05:00:00+00:00,295.09322199603815,297.25619540448133,290.54641341808974,293.08673095703125,3380800,0.0,0.0,4136.1298828125,,300.93780517578125
2023-02-15 05:00:00+00:00,290.73972155022176,295.94004327629534,290.65688784813744,295.1669006347656,2585500,0.0,0.0,4147.60009765625,,303.2433166503906
2023-02-16 05:00:00+00:00,289.929674859154,297.97406383351756,289.86523930122223,295.67303466796875,3169200,0.0,0.0,4090.409912109375,,297.55316162109375
2023-02-17 05:00:00+00:00,293.3168105811304,295.0840135051902,288.0428692154551,292.6449279785156,4985500,0.0,0.0,4079.090087890625,,295.4537353515625
2023-02-21 05:00:00+00:00,281.2318168944615,283.4960501676082,271.54909477951463,271.981689453125,10891800,0.0,0.0,3997.340087890625,,288.4588317871094
2023-02-22 05:00:00+00:00,273.8685323807474,276.49171174847464,271.60432711403377,272.718017578125,5922100,0.0,0.0,3991.050048828125,,288.6745910644531
2023-02-23 05:00:00+00:00,273.1690063803121,276.0130752675322,271.1717005586224,275.4884338378906,4354500,0.0,0.0,4012.320068359375,,291.1959533691406
2023-02-24 05:00:00+00:00,269.1283839694897,274.58641878172335,268.76022489559926,273.0493469238281,3713300,0.0,0.0,3970.0400390625,,286.3201599121094
2023-02-27 05:00:00+00:00,275.5344679546849,276.5745378017163,271.55831025412766,272.45111083984375,3238300,0.0,0.0,3982.239990234375,,288.37054443359375
2023-02-28 05:00:00+00:00,271.5215225897891,274.927058006921,270.88643610341177,272.93896484375,3949500,0.0,0.0,3970.14990234375,,287.9977722167969
2023-03-01 05:00:00+00:00,268.68664583653134,270.34337596942163,265.6860941476114,267.6465759277344,5905100,0.0,0.0,3951.389892578125,,285.6824645996094
2023-03-02 05:00:00+00:00,265.50202047831976,270.7023423241324,264.4067280220808,269.6990966796875,4103700,0.0,0.0,3981.35009765625,,288.0467834472656
2023-03-03 05:00:00+00:00,271.1901931318878,274.84420164459107,270.38022611362084,274.69696044921875,4036700,0.0,0.0,4045.639892578125,,294.001708984375
2023-03-06 05:00:00+00:00,274.28270406155707,276.22475938960014,273.34389417973495,274.4759826660156,3763200,0.0,0.0,4048.419921875,,294.3353576660156
2023-03-07 05:00:00+00:00,275.2582870553307,275.2582870553307,267.3059455470698,267.56365966796875,4512400,0.0,0.0,3986.3701171875,,290.7250671386719
2023-03-08 05:00:00+00:00,268.3331765103834,271.132938942078,267.2484839420598,270.2336730957031,4680300,2.09,0.0,3992.010009765625,,292.1770324707031
2023-03-09 05:00:00+00:00,271.6798963547529,272.90364475253347,266.76639970143634,266.9981689453125,3248000,0.0,0.0,3918.320068359375,,287.1147766113281
2023-03-10 05:00:00+00:00,267.5173195998178,271.78187918315166,263.38256436834007,265.431396484375,4730900,0.0,0.0,3861.590087890625,,283.0826721191406
2023-03-13 04:00:00+00:00,263.28065539085804,271.02175597555447,261.99203274379386,265.62615966796875,3892100,0.0,0.0,3855.760009765625,,285.1820983886719
2023-03-14 04:00:00+00:00,268.2034328616311,268.6669714792918,260.87027682733225,264.7454528808594,5116000,0.0,0.0,3919.2900390625,,291.7355651855469
2023-03-15 04:00:00+00:00,263.24352804037846,268.0735913357976,262.05687060046324,266.9703674316406,4835500,0.0,0.0,3891.929931640625,,293.26593017578125
2023-03-16 04:00:00+00:00,266.0711319346385,267.0260202311501,264.21697770512884,265.8208312988281,4400200,0.0,0.0,3960.280029296875,,300.99664306640625
2023-03-17 04:00:00+00:00,266.83133100468376,270.6601638581807,265.38509302841015,267.3597717285156,8342000,0.0,0.0,3916.639892578125,,299.5740966796875
2023-03-20 04:00:00+00:00,266.46975392870104,268.69473322565267,265.70954394549733,268.16632080078125,3677800,0.0,0.0,3951.570068359375,,300.63726806640625
2023-03-21 04:00:00+00:00,270.1780370133608,271.53158977211024,266.6273446347851,268.3238830566406,4788200,0.0,0.0,4002.8701171875,,304.93115234375
2023-03-22 04:00:00+00:00,268.93579826129917,269.97412010862945,261.85294377864034,262.0012512207031,3723400,0.0,0.0,3936.969970703125,,300.78466796875
2023-03-23 04:00:00+00:00,264.45798044235653,265.2459732180247,259.7855046813924,263.2064208984375,6005800,0.0,0.0,3948.719970703125,,304.3514404296875
2023-03-24 04:00:00+00:00,261.9548087129942,264.1519761214659,260.3509557227952,262.3812561035156,3851000,0.0,0.0,3970.989990234375,,305.4715881347656
2023-03-27 04:00:00+00:00,263.0580720445758,264.1612958259491,260.42517702692237,260.7589111328125,4269700,0.0,0.0,3977.530029296875,,303.37872314453125
2023-03-28 04:00:00+00:00,260.32317619530136,262.63161686168263,259.51662383765796,260.34173583984375,3633300,0.0,0.0,3971.27001953125,,301.7672119140625
2023-03-29 04:00:00+00:00,260.7403536726425,263.28053508693773,260.7403536726425,262.69647216796875,3607500,0.0,0.0,4027.81005859375,,307.2696533203125
2023-03-30 04:00:00+00:00,264.5506286621094,265.23668474986465,263.1507618978698,264.5506286621094,3432800,0.0,0.0,4050.830078125,,310.17803955078125
2023-03-31 04:00:00+00:00,266.0618277268964,273.99760483855556,265.8486181170172,273.5989685058594,5800600,0.0,0.0,4109.31005859375,,315.3365783691406
2023-04-03 04:00:00+00:00,273.36722152462545,276.24116620960655,273.24669697418767,276.0186767578125,4007600,0.0,0.0,4124.509765625,,314.5701599121094
2023-04-04 04:00:00+00:00,275.8054368283735,277.9377028382547,272.9314921643373,273.4506530761719,2965700,0.0,0.0,4100.60009765625,,313.5090026855469
2023-04-05 04:00:00+00:00,273.4877085536009,274.1459252862855,267.4431768412491,267.61932373046875,4002400,0.0,0.0,4090.3798828125,,310.41387939453125
2023-04-06 04:00:00+00:00,266.30284862113115,268.65763194936335,263.51233800333006,267.56365966796875,3193400,0.0,0.0,4105.02001953125,,312.5066833496094
2023-04-10 04:00:00+00:00,265.2645658935687,271.2998466574602,264.82883854008713,269.9370422363281,2799900,0.0,0.0,4109.10986328125,,312.32989501953125
2023-04-11 04:00:00+00:00,271.3461509484,273.58040976158185,270.48397618712175,272.3473815917969,2497000,0.0,0.0,4108.93994140625,,310.325439453125
2023-04-12 04:00:00+00:00,274.60022663368983,276.67687012007394,268.4629529513482,269.26025390625,3341400,0.0,0.0,4091.949951171875,,307.5841064453125
2023-04-13 04:00:00+00:00,269.6774830958184,271.1422525298904,265.48707631198766,270.8455810546875,3505800,0.0,0.0,4146.22021484375,,313.6072082519531
2023-04-14 04:00:00+00:00,270.84553839293596,274.60021719744753,270.1316992920579,270.88262939453125,2653200,0.0,0.0,4137.64013671875,,313.0177001953125
2023-04-17 04:00:00+00:00,270.42838296435406,273.95126438750424,270.2892987751107,273.8585510253906,2621900,0.0,0.0,4151.31982421875,,313.2829284667969
2023-04-18 04:00:00+00:00,274.71144136224643,277.4184901411852,274.34061625046417,277.149658203125,2847800,0.0,0.0,4154.8701171875,,313.3026123046875
2023-04-19 04:00:00+00:00,274.83200584320304,276.5378242391,273.53407532506384,275.2584533691406,2889300,0.0,0.0,4154.52001953125,,313.1552429199219
2023-04-20 04:00:00+00:00,274.3869273747579,279.337514195392,273.95120013794593,276.7973327636719,3371800,0.0,0.0,4129.7900390625,,310.7676086425781
2023-04-21 04:00:00+00:00,279.6249559567373,281.08975343804093,277.520501383944,278.1601867675781,3506700,0.0,0.0,4133.52001953125,,311.09185791015625
2023-04-24 04:00:00+00:00,278.1231042862606,279.8845449549779,277.39998534680217,279.6435241699219,2515400,0.0,0.0,4137.0400390625,,310.443359375
2023-04-25 04:00:00+00:00,279.51370345703526,280.616927302874,274.53530470827485,274.720703125,4529500,0.0,0.0,4071.6298828125,,304.58721923828125
2023-04-26 04:00:00+00:00,273.8863530160101,274.3869825209109,266.145254359642,267.0630798339844,4037400,0.0,0.0,4055.989990234375,,306.43450927734375
2023-04-27 04:00:00+00:00,266.99813798435093,273.2188158468397,266.8127112938944,272.4956970214844,3133600,0.0,0.0,4135.35009765625,,314.7667541503906
2023-04-28 04:00:00+00:00,272.3474189480758,278.883329225571,271.9858736049764,278.6237487792969,4063400,0.0,0.0,4169.47998046875,,316.9381408691406
2023-05-01 04:00:00+00:00,277.1775328488568,277.7152251402435,275.68492394505853,275.9908752441406,2970000,0.0,0.0,4167.8701171875,,316.5746154785156
2023-05-02 04:00:00+00:00,276.6768956469124,276.89013356790605,269.82578220706336,272.82025146484375,3413200,0.0,0.0,4119.580078125,,313.8135986328125
2023-05-03 04:00:00+00:00,273.0797867209152,276.97352126473487,271.1700104491576,271.70770263671875,2743400,0.0,0.0,4090.75,,311.7599792480469
2023-05-04 04:00:00+00:00,271.37402127125836,273.10765099451794,264.5229076335267,264.91229248046875,4422500,0.0,0.0,4061.219970703125,,310.65948486328125
2023-05-05 04:00:00+00:00,266.2287391504673,269.6589073922876,265.2367598786475,268.50006103515625,3806600,0.0,0.0,4136.25,,317.2624206542969
2023-05-08 04:00:00+00:00,267.9252984401514,268.7040398571686,263.6978288665438,266.9333190917969,3736500,0.0,0.0,4138.1201171875,,318.0484619140625
2023-05-09 04:00:00+00:00,265.3016601447343,269.83505234910655,264.92155514728836,269.3900451660156,2570000,0.0,0.0,4119.169921875,,316.0342102050781
2023-05-10 04:00:00+00:00,270.4376235327496,272.1620014632911,265.0698680773702,267.95306396484375,3571000,0.0,0.0,4137.64013671875,,319.47320556640625
2023-05-11 04:00:00+00:00,267.68423507610345,268.3424801930456,264.2355071030998,266.7108154296875,3859700,0.0,0.0,4130.6201171875,,320.51470947265625
2023-05-12 04:00:00+00:00,266.9981741144077,269.7515939166483,266.4882930848664,269.2880554199219,3438300,0.0,0.0,4124.080078125,,319.3651123046875
2023-05-15 04:00:00+00:00,268.7781499582875,269.7052268674684,266.01545058375706,267.498779296875,5353600,0.0,0.0,4136.27978515625,,321.0944519042969
2023-05-16 04:00:00+00:00,261.20397642451314,265.22748769736086,256.8837936855752,261.7416687011719,12362100,0.0,0.0,4109.89990234375,,321.4580383300781
2023-05-17 04:00:00+00:00,261.57479604881803,272.6070077936004,260.70334131830174,271.0680847167969,7956900,0.0,0.0,4158.77001953125,,325.3489074707031
2023-05-18 04:00:00+00:00,271.30907506829806,274.3498864593653,270.33565554707945,273.63604736328125,4547000,0.0,0.0,4198.0498046875,,331.3917541503906
2023-05-19 04:00:00+00:00,274.1922299080852,274.1922299080852,268.80591622891757,269.6680908203125,4470600,0.0,0.0,4191.97998046875,,330.6450500488281
2023-05-22 04:00:00+00:00,269.52913558558123,271.6243105938334,267.0723586357928,269.4642333984375,3736200,0.0,0.0,4192.6298828125,,331.7553405761719
2023-05-23 04:00:00+00:00,268.18486899529506,276.0557447156532,268.18486899529506,273.43212890625,5352200,0.0,0.0,4145.580078125,,327.5499267578125
2023-05-24 04:00:00+00:00,275.68492536407535,275.82398127703345,269.0192384455096,269.8721618652344,4978200,0.0,0.0,4115.240234375,,325.8697509765625
2023-05-25 04:00:00+00:00,270.51180086862666,270.51180086862666,265.19963956934765,265.8393249511719,5355900,0.0,0.0,4151.27978515625,,333.799072265625
2023-05-26 04:00:00+00:00,266.0711354638494,271.9117100474159,264.8566666907835,271.4759826660156,4626100,0.0,0.0,4205.4501953125,,342.3277282714844
2023-05-30 04:00:00+00:00,271.893163897131,272.97785652531195,267.87893260394503,271.07733154296875,5193300,0.0,0.0,4205.52001953125,,343.8802185058594
2023-05-31 04:00:00+00:00,270.40500087632506,270.78784227973676,263.28047481149525,264.6717834472656,18288800,2.09,0.0,4179.830078125,,341.9248962402344
2023-06-01 04:00:00+00:00,265.232040258162,270.05954692434614,261.4316941971881,269.2845458984375,4305100,0.0,0.0,4221.02001953125,,345.8748474121094
2023-06-02 04:00:00+00:00,271.3947684620968,276.586422622605,270.52638672387116,276.3343200683594,4515600,0.0,0.0,4282.3701171875,,348.4688415527344
2023-06-05 04:00:00+00:00,276.0355072119049,276.1288880249899,272.0670648702915,273.6824645996094,3028800,0.0,0.0,4273.7900390625,,348.71453857421875
2023-06-06 04:00:00+00:00,272.4873073200217,277.24944458129136,272.3285570631206,276.390380859375,2855400,0.0,0.0,4283.85009765625,,348.655517578125
2023-06-07 04:00:00+00:00,277.6135868159798,282.17964418802586,277.4268251643135,281.7127685546875,4842700,0.0,0.0,4267.52001953125,,342.7405090332031
2023-06-08 04:00:00+00:00,282.142309252686,285.21435915034004,280.86307447196225,281.1431884765625,3757300,0.0,0.0,4293.93017578125,,346.9949951171875
2023-06-09 04:00:00+00:00,281.040492429039,281.4606634403083,276.48378126796445,277.6509704589844,3485800,0.0,0.0,4298.85986328125,,348.32147216796875
2023-06-12 04:00:00+00:00,278.63132497929024,282.5624091658631,277.9310116481614,280.9283447265625,4456600,0.0,0.0,4338.93017578125,,354.2071228027344
2023-06-13 04:00:00+00:00,282.3663523102403,283.9724054863702,278.88347863164523,280.2000427246094,4043400,0.0,0.0,4369.009765625,,356.9288024902344
2023-06-14 04:00:00+00:00,281.04975357205586,282.5064031073922,276.04486101388994,279.85455322265625,4176000,0.0,0.0,4372.58984375,,359.5227355957031
2023-06-15 04:00:00+00:00,280.9097160344017,283.3281282956153,279.73318036836366,282.01153564453125,4109700,0.0,0.0,4425.83984375,,363.80682373046875
2023-06-16 04:00:00+00:00,284.177840918707,285.70920658695974,280.256102919204,280.4801940917969,10809300,0.0,0.0,4409.58984375,,361.51739501953125
2023-06-20 04:00:00+00:00,279.9105899043321,282.69317876804405,278.4726335582289,281.44195556640625,3371100,0.0,0.0,4388.7099609375,,360.9998474121094
2023-06-21 04:00:00+00:00,282.8052465433903,283.4588838398688,280.29345331227194,280.7790222167969,2713300,0.0,0.0,4365.68994140625,,356.08026123046875
2023-06-22 04:00:00+00:00,281.5259800674147,282.76785659555264,279.75185852900717,281.2271728515625,3052000,0.0,0.0,4381.89013671875,,360.2816162109375
2023-06-23 04:00:00+00:00,280.4241848690609,282.29168738657603,279.28500719354366,280.8817138671875,8525900,0.0,0.0,4348.330078125,,356.7099914550781
2023-06-26 04:00:00+00:00,282.61849329035334,288.7252057304385,281.97420267117883,287.49267578125,4440100,0.0,0.0,4328.81982421875,,351.9281005859375
2023-06-27 04:00:00+00:00,287.73547253796966,294.5611926205083,287.4927165643578,292.95513916015625,5342500,0.0,0.0,4378.41015625,,357.979248046875
2023-06-28 04:00:00+00:00,291.330324620758,292.20805287844775,285.7838411608126,286.20404052734375,4025600,0.0,0.0,4376.85986328125,,358.67779541015625
2023-06-29 04:00:00+00:00,286.45619788212133,287.7167677271879,283.8883820293592,287.42730712890625,3279700,0.0,0.0,4396.43994140625,,357.95953369140625
2023-06-30 04:00:00+00:00,289.07071376719296,290.79815936449444,287.8755132477753,290.0605163574219,3230700,0.0,0.0,4450.3798828125,,363.4793395996094
2023-07-03 04:00:00+00:00,289.25747618977533,290.7701487344326,288.43577048753474,289.4815673828125,1483300,0.0,0.0,4455.58984375,,364.3353576660156
2023-07-05 04:00:00+00:00,289.9297554155447,291.6104962225219,289.4535331720433,290.2098693847656,2496000,0.0,0.0,4446.81982421875,,364.3255310058594
2023-07-06 04:00:00+00:00,286.51222340284806,287.5767134808494,281.5633532923842,282.01153564453125,4828300,0.0,0.0,4411.58984375,,361.55084228515625
2023-07-07 04:00:00+00:00,281.9835541333772,285.3824226417915,280.9564504702992,282.7492370605469,2951900,0.0,0.0,4398.9501953125,,360.3504943847656
2023-07-10 04:00:00+00:00,283.11332880799284,289.957711443357,283.11332880799284,289.7242736816406,3246700,0.0,0.0,4409.52978515625,,360.46856689453125
2023-07-11 04:00:00+00:00,292.18014910819375,293.7301798257767,290.1538960659073,292.8804626464844,2913800,0.0,0.0,4439.259765625,,362.24945068359375
2023-07-12 04:00:00+00:00,295.3548795680351,299.9769600288248,295.07476556864196,296.4847106933594,5300500,0.0,0.0,4472.16015625,,366.8246765136719
2023-07-13 04:00:00+00:00,297.02633927413774,297.3251465744516,292.70306554016724,293.7582092285156,3235600,0.0,0.0,4510.0400390625,,373.0528259277344
2023-07-14 04:00:00+00:00,293.9822873716547,295.90581297608736,293.40336606295784,295.5323181152344,2942100,0.0,0.0,4505.419921875,,372.9741516113281
2023-07-17 04:00:00+00:00,294.8039351836242,296.7648184372426,293.3379389348682,295.112060546875,2002500,0.0,0.0,4522.7900390625,,376.45721435546875
2023-07-18 04:00:00+00:00,293.6927490838753,297.23167393342686,291.45175201530117,295.7750244140625,2315600,0.0,0.0,4554.97998046875,,379.536865234375
2023-07-19 04:00:00+00:00,295.9991668514234,298.7443979971565,295.70970622344316,298.31488037109375,2361400,0.0,0.0,4565.72021484375,,379.4483337402344
2023-07-20 04:00:00+00:00,299.11787265879923,300.15435136639286,296.8208525576138,297.95068359375,2101900,0.0,0.0,4534.8701171875,,370.7012939453125
2023-07-21 04:00:00+00:00,299.7995448243703,300.56522775004197,298.32420177287327,299.2392883300781,3673400,0.0,0.0,4536.33984375,,369.5894470214844
2023-07-24 04:00:00+00:00,299.7061232360587,304.0854186354284,299.68745847059114,303.57183837890625,2621900,0.0,0.0,4554.64013671875,,370.1798400878906
2023-07-25 04:00:00+00:00,303.5345533714295,305.2433057766748,302.37668233862155,303.590576171875,2890800,0.0,0.0,4567.4599609375,,372.6888122558594
2023-07-26 04:00:00+00:00,303.1796905686993,309.0343005497295,302.7594911149003,307.75506591796875,3448100,0.0,0.0,4566.75,,371.4490661621094
2023-07-27 04:00:00+00:00,309.7346290243274,311.3500289967787,307.13880160647824,307.86712646484375,2608600,0.0,0.0,4537.41015625,,370.5635681152344
2023-07-28 04:00:00+00:00,310.00541261770223,310.93916386052666,307.6710345106412,309.4171447753906,2268200,0.0,0.0,4582.22998046875,,377.3132019042969
2023-07-31 04:00:00+00:00,309.67862356299054,311.9383143246272,309.51990179421267,311.7235412597656,2690000,0.0,0.0,4588.9599609375,,377.5100402832031
2023-08-01 04:00:00+00:00,309.78134015814845,312.77867384991197,308.9596344554751,310.07080078125,2547200,0.0,0.0,4576.72998046875,,376.63433837890625
2023-08-02 04:00:00+00:00,308.16588172952174,310.50025953509515,306.1956805396128,306.73724365234375,2752600,0.0,0.0,4513.39013671875,,368.3694152832031
2023-08-03 04:00:00+00:00,305.97161096454073,310.0988041383605,305.9342814305351,307.99786376953125,2451300,0.0,0.0,4501.89013671875,,367.779052734375
2023-08-04 04:00:00+00:00,306.41984343756906,307.6897315831465,303.7773111852582,304.804443359375,3591600,0.0,0.0,4478.02978515625,,366.0572509765625
2023-08-07 04:00:00+00:00,305.53271171513495,307.5869756831499,304.95379055028275,307.3628845214844,2111000,0.0,0.0,4518.43994140625,,369.15655517578125
2023-08-08 04:00:00+00:00,304.9444627942753,306.76528908297945,301.96582260002896,306.0929870605469,3272600,0.0,0.0,4499.3798828125,,366.017822265625
2023-08-09 04:00:00+00:00,305.6634792971964,308.99697811953064,305.1125694757522,306.46649169921875,2698900,0.0,0.0,4467.7099609375,,361.99359130859375
2023-08-10 04:00:00+00:00,308.7541417041532,310.8457350465003,307.1480886746161,307.5776062011719,3075100,0.0,0.0,4468.830078125,,362.6626892089844
2023-08-11 04:00:00+00:00,306.7559044504408,309.6225271976217,306.59718271937464,309.17431640625,3108400,0.0,0.0,4464.0498046875,,360.3504943847656
2023-08-14 04:00:00+00:00,309.5011619630529,311.6768181969611,306.6718969925742,308.0912170410156,3974800,0.0,0.0,4489.72021484375,,364.3944091796875
2023-08-15 04:00:00+00:00,309.78133938143554,315.7666886141263,306.7559658022849,310.13616943359375,5860900,0.0,0.0,4437.85986328125,,360.527587890625
2023-08-16 04:00:00+00:00,310.5843216718657,315.4304927120991,309.70659325830115,310.9671630859375,3753900,0.0,0.0,4404.330078125,,356.7099914550781
2023-08-17 04:00:00+00:00,311.6581195048046,313.4135762736071,305.3926570977057,305.59808349609375,3885100,0.0,0.0,4370.35986328125,,352.8136291503906
2023-08-18 04:00:00+00:00,303.5251658918894,307.101448982072,302.93689807055006,305.68212890625,3472000,0.0,0.0,4369.7099609375,,352.3708801269531
2023-08-21 04:00:00+00:00,304.97245421808833,306.1489898042487,302.0685017739296,302.5914001464844,3109700,0.0,0.0,4399.77001953125,,358.0481262207031
2023-08-22 04:00:00+00:00,303.7212550218051,304.69236428846364,300.6959101283929,302.9836120605469,2582200,0.0,0.0,4387.5498046875,,357.5365295410156
2023-08-23 04:00:00+00:00,303.0209725611969,305.2713166949682,302.6101196946926,304.4869689941406,2728000,0.0,0.0,4436.009765625,,363.17431640625
2023-08-24 04:00:00+00:00,303.5811697908417,307.2041288176891,300.95733133501307,301.2187805175781,2490000,0.0,0.0,4376.31005859375,,355.4112243652344
2023-08-25 04:00:00+00:00,302.0031312313566,304.72035052997836,299.92088437918426,301.47088623046875,2418100,0.0,0.0,4405.7099609375,,358.16619873046875
2023-08-28 04:00:00+00:00,301.788450488511,305.74754713018683,301.48029658251767,304.31890869140625,2099900,0.0,0.0,4433.31005859375,,360.8620910644531
2023-08-29 04:00:00+00:00,305.1405781668512,307.98850807355876,305.12188490457106,307.5589904785156,2628200,0.0,0.0,4497.6298828125,,368.7433166503906
2023-08-30 04:00:00+00:00,308.2261492526733,311.62790887244216,308.1039818611692,310.6976013183594,2256200,2.09,0.0,4514.8701171875,,370.7996826171875
2023-08-31 04:00:00+00:00,311.2332777205969,312.5488715404404,309.8048941352287,310.38751220703125,2914700,0.0,0.0,4507.66015625,,371.91156005859375
2023-09-01 04:00:00+00:00,311.985030004036,313.34762669655663,311.17688977599306,312.9999084472656,2317400,0.0,0.0,4515.77001953125,,371.51800537109375
2023-09-05 04:00:00+00:00,311.8346760686964,312.2669364591606,307.6341535335367,308.0194396972656,3141400,0.0,0.0,4496.830078125,,371.9902648925781
2023-09-06 04:00:00+00:00,307.7845018862981,308.79938031095395,305.93326429985007,306.34674072265625,3199700,0.0,0.0,4465.47998046875,,368.71380615234375
2023-09-07 04:00:00+00:00,305.4352057441627,310.0304204500264,304.7492042777072,308.620849609375,2454000,0.0,0.0,4451.14013671875,,366.076904296875
2023-09-08 04:00:00+00:00,307.7562648956673,309.6262861527974,306.98569270852636,308.893310546875,2210300,0.0,0.0,4457.490234375,,366.5885009765625
2023-09-11 04:00:00+00:00,309.4384325589754,309.99286038027236,307.8221233241895,308.5738830566406,2087800,0.0,0.0,4487.4599609375,,370.90789794921875
2023-09-12 04:00:00+00:00,307.12669447727615,308.949741815606,306.2433897570009,306.60986328125,2190500,0.0,0.0,4461.89990234375,,366.79510498046875
2023-09-13 04:00:00+00:00,306.38430540816137,308.18853990364266,305.4069949943981,306.23394775390625,2564300,0.0,0.0,4467.43994140625,,368.19232177734375
2023-09-14 04:00:00+00:00,307.6529540487283,310.3874963196002,305.66073644888775,309.7579040527344,2707600,0.0,0.0,4505.10009765625,,371.20306396484375
2023-09-15 04:00:00+00:00,307.5871979503447,309.3256746118332,301.0185774914726,302.0240783691406,7117800,0.0,0.0,4450.31982421875,,364.84698486328125
2023-09-18 04:00:00+00:00,300.85883180338624,302.25899645913637,297.8047613630543,298.1336669921875,2740400,0.0,0.0,4453.52978515625,,365.227294921875
2023-09-19 04:00:00+00:00,296.9026747194599,297.823576163053,293.51029198194885,295.6434326171875,2776500,0.0,0.0,4443.9501953125,,364.44891357421875
2023-09-20 04:00:00+00:00,296.0099059910114,297.278525609389,292.06309577334656,292.1194763183594,2320000,0.0,0.0,4402.2001953125,,359.1970520019531
2023-09-21 04:00:00+00:00,290.74749253143756,291.52747117523495,287.8907540726582,288.26666259765625,2766500,0.0,0.0,4330.0,,352.6148681640625
2023-09-22 04:00:00+00:00,287.7028372209083,289.1030018823062,287.0450259599886,287.29876708984375,2289200,0.0,0.0,4320.06005859375,,352.6641845703125
2023-09-25 04:00:00+00:00,286.15232405609885,288.7647278722532,286.15232405609885,288.012939453125,1882300,0.0,0.0,4337.43994140625,,354.33929443359375
2023-09-26 04:00:00+00:00,286.16170182364147,287.3739409340445,283.4459432298997,284.30108642578125,2655500,0.0,0.0,4273.52978515625,,349.0184631347656
2023-09-27 04:00:00+00:00,284.733367455211,285.8798197848158,281.82024805921856,283.62451171875,2513900,0.0,0.0,4274.509765625,,349.8362731933594
2023-09-28 04:00:00+00:00,283.4835593071406,286.4906271583215,282.6190097347749,285.1938171386719,2369600,0.0,0.0,4299.7001953125,,352.76275634765625
2023-09-29 04:00:00+00:00,286.5657796690261,287.24237485812006,281.74504253145534,283.9439697265625,3502600,0.0,0.0,4288.0498046875,,353.0189514160156
2023-10-02 04:00:00+00:00,282.4028299778456,285.1562136859349,280.467021507322,281.7544250488281,2806800,0.0,0.0,4288.39013671875,,355.9650573730469
2023-10-03 04:00:00+00:00,279.9501812176727,280.3166547390853,272.58282742438513,274.340087890625,3609200,0.0,0.0,4229.4501953125,,349.7180480957031
2023-10-04 04:00:00+00:00,275.67452619046054,276.4732889445725,272.8553837720415,274.7630310058594,2956300,0.0,0.0,4263.75,,354.47723388671875
2023-10-05 04:00:00+00:00,274.3964962432099,275.02611726035445,272.74259037663,274.1145935058594,2469300,0.0,0.0,4258.18994140625,,353.4327697753906
2023-10-06 04:00:00+00:00,273.23127502999614,276.7833931046641,270.06444316939667,275.1670837402344,2922500,0.0,0.0,4308.5,,359.35467529296875
2023-10-09 04:00:00+00:00,272.79900381618717,277.7137191004176,272.21638563688407,277.553955078125,1929900,0.0,0.0,4335.66015625,,361.1873779296875
2023-10-10 04:00:00+00:00,278.80373819774303,282.5438100974543,277.3753832968565,281.18121337890625,3116300,0.0,0.0,4358.240234375,,363.1877136230469
2023-10-11 04:00:00+00:00,281.66990629539913,282.71300390010236,278.06140745004126,280.081787109375,2292800,0.0,0.0,4376.9501953125,,365.7791442871094
2023-10-12 04:00:00+00:00,279.7528016862434,279.7528016862434,273.24056344439646,275.35491943359375,2546400,0.0,0.0,4349.60986328125,,364.5080261230469
2023-10-13 04:00:00+00:00,275.2798175223815,276.9619135881387,273.3534153210146,274.3213195800781,2092700,0.0,0.0,4327.77978515625,,359.9261474609375
2023-10-16 04:00:00+00:00,276.6799562792561,280.38243133392507,275.8811937298959,279.4051208496094,2567000,0.0,0.0,4373.6298828125,,363.99566650390625
2023-10-17 04:00:00+00:00,278.80369282882424,280.37299883334504,276.7457172888874,278.0989074707031,2139700,0.0,0.0,4373.2001953125,,362.8033752441406
2023-10-18 04:00:00+00:00,275.33617325707866,275.6462662264774,272.1223390943476,272.7425537109375,2720100,0.0,0.0,4314.60009765625,,358.04412841796875
2023-10-19 04:00:00+00:00,273.4567816612303,273.776280988846,269.15290403888184,269.4817810058594,3028600,0.0,0.0,4278.0,,354.6939697265625
2023-10-20 04:00:00+00:00,268.62657282105573,269.8670019184248,266.51221677327226,269.1434326171875,2885300,0.0,0.0,4224.16015625,,349.4026794433594
2023-10-23 04:00:00+00:00,268.5890322471479,270.87253012843996,267.18883904324355,267.8842468261719,2590900,0.0,0.0,4217.0400390625,,350.45703125
2023-10-24 04:00:00+00:00,269.4535894090699,270.55306743270427,265.0275443965849,266.2303771972656,2705200,0.0,0.0,4247.68017578125,,353.8663635253906
2023-10-25 04:00:00+00:00,264.76440777777316,266.1551947602036,262.36814865498377,263.99383544921875,2962800,0.0,0.0,4186.77001953125,,345.2051696777344
2023-10-26 04:00:00+00:00,263.61801525641556,266.16463263016595,261.00561100801974,261.24053955078125,3108200,0.0,0.0,4137.22998046875,,338.623046875
2023-10-27 04:00:00+00:00,262.1614326908997,262.8098376714563,257.7259812836554,259.7933349609375,2907300,0.0,0.0,4117.3701171875,,340.24884033203125
2023-10-30 04:00:00+00:00,260.7424492871258,265.30006800239113,260.2631859618496,264.5107116699219,3074400,0.0,0.0,4166.81982421875,,344.0818786621094
2023-10-31 04:00:00+00:00,265.5537556587859,268.194349504098,264.64223200087366,267.52716064453125,3036000,0.0,0.0,4193.7998046875,,345.72735595703125
2023-11-01 04:00:00+00:00,268.37293957512924,269.53817585269815,265.0181534404925,269.3502502441406,2747300,0.0,0.0,4237.85986328125,,351.7281188964844
2023-11-02 04:00:00+00:00,272.75198162728435,276.89612370419707,272.517053133204,276.7739562988281,3628000,0.0,0.0,4317.77978515625,,358.1131591796875
2023-11-03 04:00:00+00:00,276.44506470526716,279.85623120092856,276.4356870659283,277.7888488769531,3071900,0.0,0.0,4358.33984375,,362.3205871582031
2023-11-06 05:00:00+00:00,276.9807261250229,278.56884522043856,275.54296472431025,276.81158447265625,2890300,0.0,0.0,4365.97998046875,,363.7985534667969
2023-11-07 05:00:00+00:00,276.849123522146,278.1553397274238,275.86243530842006,276.9994812011719,2629000,0.0,0.0,4378.3798828125,,367.2374572753906
2023-11-08 05:00:00+00:00,277.2438104819289,280.04416842703966,276.3792610142308,278.0801696777344,2454900,0.0,0.0,4382.77978515625,,367.4739074707031
2023-11-09 05:00:00+00:00,274.349490752409,275.0918441021107,270.3368939552883,270.51544189453125,4059100,0.0,0.0,4347.35009765625,,364.6459655761719
2023-11-10 05:00:00+00:00,271.79351896221215,274.01123046875,269.5006142682468,274.01123046875,3653500,0.0,0.0,4415.240234375,,372.84405517578125
2023-11-13 05:00:00+00:00,270.4402809039813,272.45125380886356,269.9234210339716,270.7033996582031,4586700,0.0,0.0,4411.5498046875,,371.68133544921875
2023-11-14 05:00:00+00:00,282.75054088430386,289.65741539404274,282.04575543002085,285.3253479003906,7952800,0.0,0.0,4495.7001953125,,379.68231201171875
2023-11-15 05:00:00+00:00,285.76701652004044,290.305822257908,285.68244570629315,289.6104431152344,3985900,0.0,0.0,4502.8798828125,,379.968017578125
2023-11-16 05:00:00+00:00,287.4397048700604,289.3849196106586,285.983131054791,287.9659423828125,3114000,0.0,0.0,4508.240234375,,380.29327392578125
2023-11-17 05:00:00+00:00,289.9017385495514,290.0990704390415,287.0356226217182,288.7458801269531,2770300,0.0,0.0,4514.02001953125,,380.38189697265625
2023-11-20 05:00:00+00:00,288.6707291698727,291.0012300783754,287.3081324779808,289.6104431152344,3459000,0.0,0.0,4547.3798828125,,385.0130310058594
2023-11-21 05:00:00+00:00,287.14839550675185,287.6182524767163,284.11310915677575,286.9322509765625,2977200,0.0,0.0,4538.18994140625,,382.7762756347656
2023-11-22 05:00:00+00:00,288.8586903250195,291.17975629478383,288.00354717299314,290.5595703125,2873500,0.0,0.0,4556.6201171875,,384.34295654296875
2023-11-24 05:00:00+00:00,290.5407631169501,292.6081453559029,289.72321653811713,291.9691467285156,1259900,0.0,0.0,4559.33984375,,383.8010559082031
2023-11-27 05:00:00+00:00,291.9597282710789,294.02711042406287,291.0763948673307,292.1758728027344,2992600,0.0,0.0,4550.43017578125,,383.466064453125
2023-11-28 05:00:00+00:00,291.97852927789364,295.6152178740259,290.7381285914562,294.4499816894531,3116900,0.0,0.0,4554.89013671875,,384.4710388183594
2023-11-29 05:00:00+00:00,297.10828175406624,297.10828175406624,294.12831206230163,294.23236083984375,3083800,2.09,0.0,4550.580078125,,384.09661865234375
2023-11-30 05:00:00+00:00,295.67038620613465,296.8245367860128,291.93357938831565,296.569091796875,4493700,0.0,0.0,4567.7998046875,,383.1310119628906
2023-12-01 05:00:00+00:00,296.89070738566977,302.82229650590233,296.1055201470252,302.3681945800781,3613600,0.0,0.0,4594.6298828125,,384.2247009277344
2023-12-04 05:00:00+00:00,302.36817055628063,307.5334532443039,301.7437912842664,306.5306701660156,3827900,0.0,0.0,4569.77978515625,,380.6578369140625
2023-12-05 05:00:00+00:00,304.61969097909827,306.4360695413099,302.73711268640653,306.0387268066406,3269800,0.0,0.0,4567.18017578125,,381.6136474609375
2023-12-06 05:00:00+00:00,307.4578007503669,310.5891378883802,306.71043370484176,308.50787353515625,3030800,0.0,0.0,4549.33984375,,379.4063720703125
2023-12-07 05:00:00+00:00,308.50790925817836,309.7377579258044,307.155101707118,308.564697265625,2742300,0.0,0.0,4585.58984375,,384.7075500488281
2023-12-08 05:00:00+00:00,308.403847755546,309.61475741400477,307.51458281741935,308.8484802246094,2889300,0.0,0.0,4604.3701171875,,386.4220275878906
2023-12-11 05:00:00+00:00,312.00812955361454,314.1650628175511,311.0621056857414,313.4460754394531,3520700,0.0,0.0,4622.43994140625,,389.72296142578125
2023-12-12 05:00:00+00:00,312.6042047338531,316.46397034432596,312.4906864615399,315.2152404785156,2893400,0.0,0.0,4643.7001953125,,392.8268127441406
2023-12-13 05:00:00+00:00,316.8234798399634,325.28093799130505,313.99487688980923,324.86468505859375,5822700,0.0,0.0,4707.08984375,,397.82244873046875
2023-12-14 05:00:00+00:00,330.86240223396396,334.0126781091578,329.2163298233622,332.8206787109375,7594800,0.0,0.0,4719.5498046875,,397.4775390625
2023-12-15 05:00:00+00:00,329.42449918030997,335.2520108517407,328.03384265791897,334.89251708984375,11212800,0.0,0.0,4719.18994140625,,399.3990173339844
2023-12-18 05:00:00+00:00,334.61809725670645,335.76280693387275,331.41109132811465,331.8746337890625,4420500,0.0,0.0,4740.56005859375,,401.9146728515625
2023-12-19 05:00:00+00:00,332.4895607834643,333.90859667176096,331.48677773203,333.066650390625,4654700,0.0,0.0,4768.3701171875,,403.96826171875
2023-12-20 05:00:00+00:00,332.05445216063765,335.6209525497728,329.5096450751906,329.84075927734375,3259500,0.0,0.0,4698.35009765625,,397.9654541015625
2023-12-21 05:00:00+00:00,332.87746656341915,333.23696030948355,328.27033421544587,330.1340026855469,2794200,0.0,0.0,4746.75,,402.595947265625
2023-12-22 05:00:00+00:00,330.20019741017325,332.3760408799385,327.9770354221512,329.77447509765625,2029900,0.0,0.0,4754.6298828125,,403.1982421875
2023-12-26 05:00:00+00:00,329.62312173663463,331.1935249760248,329.36770566054514,330.45562744140625,1585500,0.0,0.0,4774.75,,405.6664733886719
2023-12-27 05:00:00+00:00,331.02326065662476,331.10839935201477,328.440604748349,329.7177429199219,2764300,0.0,0.0,4781.580078125,,406.4922790527344
2023-12-28 05:00:00+00:00,329.6893515383369,330.20021256272844,327.13507528673944,328.6108703613281,2859400,0.0,0.0,4783.35009765625,,406.2947692871094
2023-12-29 05:00:00+00:00,327.16349651395643,328.7906590944804,324.50517114553696,327.8446350097656,10325700,0.0,0.0,4769.830078125,,404.536376953125
2024-01-02 05:00:00+00:00,325.63094315511745,328.5541541217709,324.69438854677753,326.4539794921875,2833600,0.0,0.0,4742.830078125,,397.69073486328125
2024-01-03 05:00:00+00:00,323.9943283751901,324.202454821864,318.4222328399072,320.0021057128906,3309600,0.0,0.0,4704.81005859375,,393.4825134277344
2024-01-04 05:00:00+00:00,321.58190810571926,324.4105392927469,320.26694985352185,320.3142395019531,3652400,0.0,0.0,4688.68017578125,,391.45751953125
2024-01-05 05:00:00+00:00,319.63309518676635,325.2713896302033,319.5858055392124,324.429443359375,2664300,0.0,0.0,4697.240234375,,391.9217834472656
2024-01-08 05:00:00+00:00,324.8929779399454,329.6514769566077,324.72270056846037,329.15008544921875,2736200,0.0,0.0,4763.5400390625,,400.02203369140625
2024-01-09 05:00:00+00:00,327.14453460580654,330.26640204271513,326.6147635119113,327.5040283203125,2338100,0.0,0.0,4756.5,,400.8122863769531
2024-01-10 05:00:00+00:00,331.6948999440273,337.5980799259646,331.4016348404605,337.54132080078125,4109300,0.0,0.0,4783.4501953125,,403.5289001464844
2024-01-11 05:00:00+00:00,337.8156597285913,341.5146165187638,334.1924010152968,337.285888671875,3530400,0.0,0.0,4780.240234375,,404.3684997558594
2024-01-12 05:00:00+00:00,339.1779875110163,339.1779875110163,334.3532592808155,336.51019287109375,1956100,0.0,0.0,4783.830078125,,404.5758972167969
2024-01-16 05:00:00+00:00,338.7333497641071,340.23752445359673,336.983199597094,339.0833740234375,3669400,0.0,0.0,4765.97998046875,,404.536376953125
2024-01-17 05:00:00+00:00,337.380558368716,340.34161823637095,334.9398001754778,336.5007629394531,2646100,0.0,0.0,4739.2099609375,,402.2545166015625
2024-01-18 05:00:00+00:00,336.8980790831527,339.34827790105567,334.92089228886874,338.5820007324219,2510700,0.0,0.0,4780.93994140625,,407.9642028808594
2024-01-19 05:00:00+00:00,339.4428492848075,343.3688428812016,337.04940985955466,342.8485412597656,3234600,0.0,0.0,4839.81005859375,,416.05450439453125
2024-01-22 05:00:00+00:00,339.96318491211156,341.94984116875514,336.49129285521167,337.43731689453125,4003700,0.0,0.0,4850.43017578125,,416.59783935546875
2024-01-23 05:00:00+00:00,336.64260039809534,336.67097995942186,330.21909022785,331.84625244140625,3878400,0.0,0.0,4864.60009765625,,418.3265380859375
2024-01-24 05:00:00+00:00,332.9437017903459,333.8234972156019,328.3365693508124,328.5257568359375,3474400,0.0,0.0,4868.5498046875,,420.6479187011719
2024-01-25 05:00:00+00:00,333.5585856951517,333.83294072815994,329.46231463776235,332.0260314941406,3064200,0.0,0.0,4894.16015625,,421.16162109375
2024-01-26 05:00:00+00:00,332.4990552490058,337.77785644722076,332.07333290237955,336.122314453125,3177700,0.0,0.0,4890.97021484375,,418.6524353027344
2024-01-29 05:00:00+00:00,335.9804323946738,337.1345828795344,333.95595595947657,336.5007629394531,2732000,0.0,0.0,4927.93017578125,,422.9397277832031
2024-01-30 05:00:00+00:00,335.36552699908293,339.5564066276173,334.9303640181313,337.8251953125,2336500,0.0,0.0,4924.97021484375,,420.1243591308594
2024-01-31 05:00:00+00:00,338.60089935552054,339.60368241651014,333.3315391112153,333.9085998535156,3377900,0.0,0.0,4845.64990234375,,411.895751953125
2024-02-01 05:00:00+00:00,334.3249245110565,340.7011468314217,333.30323114523424,340.6349182128906,2439100,0.0,0.0,4906.18994140625,,416.7460021972656
2024-02-02 05:00:00+00:00,335.0627602259208,340.1429042870554,331.12729707610856,337.9481506347656,3697600,0.0,0.0,4958.60986328125,,423.78924560546875
2024-02-05 05:00:00+00:00,334.5708518675167,336.8507731757971,331.82738803697174,335.9709777832031,2653800,0.0,0.0,4942.81005859375,,423.2360534667969
2024-02-06 05:00:00+00:00,335.69659887731336,338.6765684964364,335.1762683912066,337.0210266113281,2045300,0.0,0.0,4954.22998046875,,422.38653564453125
2024-02-07 05:00:00+00:00,339.1307111961998,344.0973374493103,338.41172368104293,343.11346435546875,3272200,0.0,0.0,4995.06005859375,,426.7330017089844
2024-02-08 05:00:00+00:00,343.27429487738243,345.91371022937284,342.1296137873824,344.087890625,2521900,0.0,0.0,4997.91015625,,427.5232238769531
2024-02-09 05:00:00+00:00,344.47572842790214,344.7595240836203,341.3254522976215,343.5486145019531,2389900,0.0,0.0,5026.60986328125,,431.7313537597656
2024-02-12 05:00:00+00:00,344.56086737467496,348.8179754357078,344.4000305894101,345.7244873046875,3119700,0.0,0.0,5021.83984375,,430.0422058105469
2024-02-13 05:00:00+00:00,339.1212631585391,340.02943821854103,334.77901596714804,338.28875732421875,3106500,0.0,0.0,4953.169921875,,423.3348693847656
2024-02-14 05:00:00+00:00,337.8914124036531,339.60371357264285,334.8735934659613,338.8941955566406,2998900,0.0,0.0,5000.6201171875,,427.9480285644531
2024-02-15 05:00:00+00:00,339.52803698062644,342.1201625950536,337.5886991622433,341.5903625488281,2662800,0.0,0.0,5029.72998046875,,429.2223205566406
2024-02-16 05:00:00+00:00,341.2119666441621,344.34330411640826,339.76455092094966,342.7918395996094,3899600,0.0,0.0,5005.56982421875,,425.33026123046875
2024-02-20 05:00:00+00:00,336.13179527896307,345.5352764325047,335.4222772575411,342.99993896484375,4830000,0.0,0.0,4975.509765625,,422.11981201171875
2024-02-21 05:00:00+00:00,341.1267751170497,345.4027930084433,339.5753108404895,344.4757080078125,3277800,0.0,0.0,4981.7998046875,,420.43060302734375
2024-02-22 05:00:00+00:00,347.60705157931983,352.82909352642304,347.3326965429512,351.2965393066406,3387500,0.0,0.0,5087.02978515625,,432.739013671875
2024-02-23 05:00:00+00:00,351.99660542159125,354.0494902524002,350.26539416419814,351.8830871582031,3398200,0.0,0.0,5088.7998046875,,431.4646911621094
2024-02-26 05:00:00+00:00,353.3494202229872,354.64546843510954,350.7100052783009,351.5425109863281,2461000,0.0,0.0,5069.52978515625,,431.23748779296875
2024-02-27 05:00:00+00:00,352.5453238868271,355.5158243739602,350.6059572733899,355.2887878417969,2802900,0.0,0.0,5078.18017578125,,432.27471923828125
2024-02-28 05:00:00+00:00,355.28878118972017,359.33776286954514,354.81576917632765,357.2281188964844,2282500,0.0,0.0,5069.759765625,,429.9730529785156
2024-02-29 05:00:00+00:00,358.3443900884872,361.1729922235421,357.7389209534299,360.0661315917969,4382800,0.0,0.0,5096.27001953125,,433.65765380859375
2024-03-01 05:00:00+00:00,359.8296502718618,364.31382335826095,359.3282587408293,363.69891357421875,2750900,0.0,0.0,5137.080078125,,440.18719482421875
2024-03-04 05:00:00+00:00,362.2325813948252,363.77460512373386,359.59316636883835,359.8391418457031,2619000,0.0,0.0,5130.9501953125,,438.6165771484375
2024-03-05 05:00:00+00:00,359.58373046673944,360.4162362113052,356.6699603607592,358.0227966308594,3011600,0.0,0.0,5078.64990234375,,430.7435302734375
2024-03-06 05:00:00+00:00,360.2402108248369,361.46788882047036,357.7277852761567,359.202880859375,2496300,2.25,0.0,5104.759765625,,433.4501953125
2024-03-07 05:00:00+00:00,359.61212338349685,361.92470399914754,357.43276316424914,358.35589599609375,2368500,0.0,0.0,5157.35986328125,,440.0291748046875
2024-03-08 05:00:00+00:00,356.88078600724725,358.4225063559133,354.12091373739776,355.3105163574219,2162900,0.0,0.0,5123.68994140625,,433.6773681640625
2024-03-11 04:00:00+00:00,353.6069841058783,354.9583854108367,351.046957039474,353.56890869140625,2833700,0.0,0.0,5117.93994140625,,432.0672912597656
2024-03-12 04:00:00+00:00,354.511079818348,357.7372667751875,354.4159058074051,356.4429931640625,2843800,0.0,0.0,5175.27001953125,,438.2609558105469
2024-03-13 04:00:00+00:00,357.86100771969217,364.2182369787288,357.62308720212616,360.677978515625,3761200,0.0,0.0,5165.31005859375,,434.8924560546875
2024-03-14 04:00:00+00:00,359.73582837942115,361.8295405850858,354.1875345989585,357.1377258300781,3877500,0.0,0.0,5150.47998046875,,433.7959899902344
2024-03-15 04:00:00+00:00,356.0433015441772,360.13555198780284,354.5396566095922,355.1963195800781,9234900,0.0,0.0,5117.08984375,,428.6395263671875
2024-03-18 04:00:00+00:00,358.2987543484065,359.35513649278295,353.2072787767917,353.9400634765625,3455600,0.0,0.0,5149.419921875,,432.72760009765625
2024-03-19 04:00:00+00:00,356.77610525192506,361.12527024020534,355.10113551453713,361.07769775390625,3493800,0.0,0.0,5178.509765625,,433.8057861328125
2024-03-20 04:00:00+00:00,361.0872060850562,366.2833818005946,358.0513381070712,365.8360900878906,2750400,0.0,0.0,5224.6201171875,,438.9492492675781
2024-03-21 04:00:00+00:00,369.6428374383468,377.694059643426,369.5286402364784,376.1047668457031,4212200,0.0,0.0,5241.52978515625,,441.0264892578125
2024-03-22 04:00:00+00:00,375.6194068584636,377.2658273315529,371.2416634308115,371.4224853515625,2910900,0.0,0.0,5234.18017578125,,441.53094482421875
2024-03-25 04:00:00+00:00,370.2995137523596,371.02277240463206,364.3895759981824,364.9796142578125,2683900,0.0,0.0,5218.18994140625,,439.9284973144531
2024-03-26 04:00:00+00:00,363.9327221312893,365.69333966421044,361.0681499779584,361.5725402832031,2720200,0.0,0.0,5203.580078125,,438.50421142578125
2024-03-27 04:00:00+00:00,362.4480826294823,367.65378414622563,362.3433825108272,367.24456787109375,2536500,0.0,0.0,5248.490234375,,439.9977111816406
2024-03-28 04:00:00+00:00,368.4246523172344,368.88144108350895,361.37268530757706,365.0652160644531,4108200,0.0,0.0,5254.35009765625,,439.18670654296875
2024-04-01 04:00:00+00:00,363.038168213102,364.6274900831203,350.0667366731182,350.24755859375,4333200,0.0,0.0,5243.77001953125,,440.1164245605469
2024-04-02 04:00:00+00:00,346.8880943109181,349.1340499246498,345.42249587643124,345.4605712890625,4650500,0.0,0.0,5205.81005859375,,436.3181457519531
2024-04-03 04:00:00+00:00,344.50891416013104,344.88958118485067,341.6538679101852,342.5103759765625,4723000,0.0,0.0,5211.490234375,,437.29742431640625
2024-04-04 04:00:00+00:00,345.089367914561,347.3639016495772,339.6647983831101,340.3975830078125,4381600,0.0,0.0,5147.2099609375,,430.61083984375
2024-04-05 04:00:00+00:00,340.39763877505095,341.9679083955428,338.8178430400064,340.5784606933594,3243400,0.0,0.0,5204.33984375,,435.68511962890625
2024-04-08 04:00:00+00:00,340.76884209987617,345.0514118713816,339.997981864448,344.5565185546875,4339600,0.0,0.0,5202.39013671875,,435.8137512207031
2024-04-09 04:00:00+00:00,346.06014889820756,346.84053515045923,341.39691265629136,343.9569396972656,3022600,0.0,0.0,5209.91015625,,437.4260559082031
2024-04-10 04:00:00+00:00,334.8683748075486,336.8859362062012,331.89913131194425,333.6216735839844,4805200,0.0,0.0,5160.64013671875,,433.60797119140625
2024-04-11 04:00:00+00:00,334.07847077070306,334.9064294969255,329.08214007091686,330.5857849121094,4104700,0.0,0.0,5199.06005859375,,440.5318603515625
2024-04-12 04:00:00+00:00,329.3961893454768,329.3961893454768,325.008948997721,326.30322265625,3550300,0.0,0.0,5123.41015625,,433.5090026855469
2024-04-15 04:00:00+00:00,329.20585728585047,329.3581008512524,320.89766279201143,321.6018981933594,4209200,0.0,0.0,5061.81982421875,,426.3773498535156
2024-04-16 04:00:00+00:00,320.5456006968847,321.7732498052189,316.8720923584024,318.6517333984375,4525500,0.0,0.0,5051.41015625,,426.41693115234375
2024-04-17 04:00:00+00:00,320.5074772195588,320.954768941406,315.9013396174686,316.7483215332031,4273800,0.0,0.0,5022.2099609375,,421.2140197753906
2024-04-18 04:00:00+00:00,319.432103909457,320.66930811505836,315.3208301017028,316.80548095703125,3717300,0.0,0.0,5011.1201171875,,418.8104248046875
2024-04-19 04:00:00+00:00,318.53747939283534,319.64143401638404,316.5103920521917,319.15606689453125,3076600,0.0,0.0,4967.22998046875,,410.1455993652344
2024-04-22 04:00:00+00:00,321.8779374829343,323.0485169812837,317.5858416986877,319.869873046875,3112800,0.0,0.0,5010.60009765625,,414.2702941894531
2024-04-23 04:00:00+00:00,321.6685267085523,323.75271268137857,320.0411585664245,322.6202087402344,3697400,0.0,0.0,5070.5498046875,,420.4523620605469
2024-04-24 04:00:00+00:00,320.7834739974879,321.2402627917174,315.7871432593842,316.9196472167969,4029200,0.0,0.0,5071.6298828125,,421.8768005371094
2024-04-25 04:00:00+00:00,313.7886118453001,316.8244799581416,311.10486144986123,315.9394226074219,3787800,0.0,0.0,5048.419921875,,419.8391418457031
2024-04-26 04:00:00+00:00,315.0067632469232,319.6033748380274,314.99723713251115,318.8991394042969,2465300,0.0,0.0,5099.9599609375,,426.3179626464844
2024-04-29 04:00:00+00:00,318.8134732575214,321.04040567511186,318.00453774065005,320.5264892578125,2427400,0.0,0.0,5116.169921875,,428.04901123046875
2024-04-30 04:00:00+00:00,319.4986900271516,321.135584268965,316.7768643381109,318.0711669921875,3089900,0.0,0.0,5035.68994140625,,419.9776611328125
2024-05-01 04:00:00+00:00,316.91962800468417,319.18463578220155,313.51259022476216,315.92987060546875,3267500,0.0,0.0,5018.39013671875,,416.94097900390625
2024-05-02 04:00:00+00:00,319.28929127965637,319.76513225026684,314.9876993608274,319.3178405761719,3213600,0.0,0.0,5064.2001953125,,422.2624816894531
2024-05-03 04:00:00+00:00,324.79006235418314,330.11948786417577,323.924028167544,326.2842102050781,4165100,0.0,0.0,5127.7900390625,,430.74932861328125
2024-05-06 04:00:00+00:00,329.2819834312263,329.6436272506658,323.99063365097624,325.7512512207031,3366100,0.0,0.0,5180.740234375,,435.467529296875
2024-05-07 04:00:00+00:00,326.99794427540877,328.84420969729587,323.9335270430732,324.2285461425781,2930700,0.0,0.0,5187.7001953125,,435.5367126464844
2024-05-08 04:00:00+00:00,322.4108625705274,323.99065835097304,321.3164339577039,322.45843505859375,3123200,0.0,0.0,5187.669921875,,435.27960205078125
2024-05-09 04:00:00+00:00,322.8580968859317,331.19483994158935,322.50597921638933,330.6523742675781,3801400,0.0,0.0,5214.080078125,,436.2291259765625
2024-05-10 04:00:00+00:00,330.6714239381274,332.9078824761553,328.04480133283295,329.6911926269531,3413700,0.0,0.0,5222.68017578125,,437.25787353515625
2024-05-13 04:00:00+00:00,331.24245252470934,331.93719087780204,323.9525645249882,324.4855041503906,4055600,0.0,0.0,5221.419921875,,438.26678466796875
2024-05-14 04:00:00+00:00,318.86108086816694,327.6165679393886,316.91014415051967,324.0477600097656,5854300,0.0,0.0,5246.68017578125,,441.0858154296875
2024-05-15 04:00:00+00:00,328.5016381062344,333.5074955172275,328.0353231457395,331.8230285644531,4151100,0.0,0.0,5308.14990234375,,447.9800720214844
2024-05-16 04:00:00+00:00,331.18533660380945,331.4232571042432,326.11288431349453,326.16998291015625,3101600,0.0,0.0,5297.10009765625,,447.07012939453125
2024-05-17 04:00:00+00:00,328.10190323133,328.26367291098916,324.1333764202594,327.5784606933594,2739000,0.0,0.0,5303.27001953125,,446.8525085449219
2024-05-20 04:00:00+00:00,324.6472880233058,325.99866021051645,321.2307530998822,321.4972229003906,3237400,0.0,0.0,5308.1298828125,,449.9682312011719
2024-05-21 04:00:00+00:00,322.62019745322795,322.62019745322795,316.2724657450529,319.90789794921875,4275100,0.0,0.0,5321.41015625,,450.84857177734375
2024-05-22 04:00:00+00:00,318.48993020660447,319.0514191518644,313.03678140140306,314.6165771484375,4024400,0.0,0.0,5307.009765625,,450.759521484375
2024-05-23 04:00:00+00:00,314.9877127337454,315.00673591788734,310.2483260097622,311.0953369140625,4021100,0.0,0.0,5267.83984375,,448.7318420410156
2024-05-24 04:00:00+00:00,310.61955433993097,311.71398301601766,308.74473932182127,309.3918762207031,2736900,0.0,0.0,5304.72021484375,,452.97528076171875
2024-05-28 04:00:00+00:00,309.66783634766836,314.9972325959541,308.80180219656404,312.8179016113281,3807500,0.0,0.0,5306.0400390625,,454.6864318847656
2024-05-29 04:00:00+00:00,310.7527579874421,311.0002046296303,308.1261060720083,310.1627197265625,3506200,0.0,0.0,5266.9501953125,,451.4816589355469
2024-05-30 04:00:00+00:00,312.6543009895458,316.44915271287357,312.1272195659321,315.4525146484375,2921800,2.25,0.0,5235.47998046875,,446.64471435546875
2024-05-31 04:00:00+00:00,316.2862395938313,321.19274986360244,314.3313327524854,320.9052429199219,5557800,0.0,0.0,5277.509765625,,445.8138732910156
2024-06-03 04:00:00+00:00,319.7360836957874,319.7360836957874,313.2100774341533,314.331298828125,3712800,0.0,0.0,5283.39990234375,,448.2075500488281
2024-06-04 04:00:00+00:00,313.2388441547727,316.0370870179392,311.5426673227253,314.5708923339844,4296800,0.0,0.0,5291.33984375,,449.4341125488281
2024-06-05 04:00:00+00:00,314.80087405608595,316.67912983447576,312.32847823263944,316.48748779296875,2422400,0.0,0.0,5354.02978515625,,458.4946594238281
2024-06-06 04:00:00+00:00,316.0466450972576,318.0015810598297,314.37921606017284,317.2924499511719,2979400,0.0,0.0,5352.9599609375,,458.33636474609375
2024-06-07 04:00:00+00:00,312.1463753473785,315.107512252721,310.42142163649766,313.39215087890625,2583800,0.0,0.0,5346.990234375,,457.9307861328125
2024-06-10 04:00:00+00:00,313.36345466768637,318.9215715234512,312.88430565443304,318.69158935546875,2691000,0.0,0.0,5360.7900390625,,459.7804870605469
2024-06-11 04:00:00+00:00,319.1132160147654,322.2851798763986,316.5449845382952,321.71978759765625,3250900,0.0,0.0,5375.31982421875,,462.9358215332031
2024-06-12 04:00:00+00:00,332.5581008256306,335.87380318917604,328.7536572015158,329.78863525390625,4793000,0.0,0.0,5421.02978515625,,468.9992370605469
2024-06-13 04:00:00+00:00,331.4752706233539,334.1489302180002,328.76330016525975,333.3727111816406,3380800,0.0,0.0,5433.740234375,,471.54132080078125
2024-06-14 04:00:00+00:00,330.43069404525505,333.0085177162356,327.4408092991932,332.37603759765625,2589000,0.0,0.0,5431.60009765625,,473.98443603515625
2024-06-17 04:00:00+00:00,330.5074007784966,336.06551730429726,330.0378148868301,334.9251403808594,2680200,0.0,0.0,5473.22998046875,,479.79071044921875
2024-06-18 04:00:00+00:00,338.23126680119634,341.5469694573728,337.4262708027671,339.1128845214844,3655000,0.0,0.0,5487.02978515625,,479.9390563964844
2024-06-20 04:00:00+00:00,337.3208847679951,340.1191277025911,335.01138315550406,338.7008361816406,3661200,0.0,0.0,5473.169921875,,476.2397155761719
2024-06-21 04:00:00+00:00,340.0424140558339,341.39361756738697,337.36875479914676,340.9623718261719,6596400,0.0,0.0,5464.6201171875,,474.9637451171875
2024-06-24 04:00:00+00:00,342.01653223762537,342.77359580611244,336.09425793005653,336.2475891113281,4278900,0.0,0.0,5447.8701171875,,469.55645751953125
2024-06-25 04:00:00+00:00,331.86809342021974,332.51972887528063,320.57934702843727,324.2113037109375,4879600,0.0,0.0,5469.2998046875,,474.9261169433594
2024-06-26 04:00:00+00:00,325.3038008911262,328.30327803369664,323.45429294047636,327.5653991699219,3365300,0.0,0.0,5477.89990234375,,475.90692138671875
2024-06-27 04:00:00+00:00,328.53326120402176,330.382798405401,324.33594090369513,327.2491455078125,2912600,0.0,0.0,5482.8701171875,,477.1353759765625
2024-06-28 04:00:00+00:00,327.11499471960883,330.88109845594926,326.5016700247189,329.88446044921875,6344000,0.0,0.0,5460.47998046875,,474.6585998535156
2024-07-01 04:00:00+00:00,329.5778191423773,330.27735787671645,321.4035394110277,322.170166015625,2643600,0.0,0.0,5475.08984375,,477.4425354003906
2024-07-02 04:00:00+00:00,321.0297853638618,322.78345759225937,318.66278846317283,321.00103759765625,2995900,0.0,0.0,5509.009765625,,482.4554748535156
2024-07-03 04:00:00+00:00,322.9463989552093,325.4763195009122,319.6306963414607,319.7265319824219,1733000,0.0,0.0,5537.02001953125,,486.4778137207031
2024-07-05 04:00:00+00:00,318.8352764787394,321.91143370106573,317.80991998289403,320.6272888183594,3437500,0.0,0.0,5567.18994140625,,491.5502014160156
2024-07-08 04:00:00+00:00,321.87314893594055,326.54964802972154,321.02984198526724,325.4380187988281,3534500,0.0,0.0,5572.85009765625,,492.7192077636719
2024-07-09 04:00:00+00:00,324.8151338963914,325.1122039506054,321.57608182664075,323.0326843261719,2254300,0.0,0.0,5576.97998046875,,493.1452331542969
2024-07-10 04:00:00+00:00,324.518016004212,329.9323933087562,323.54053342611076,329.82696533203125,3263100,0.0,0.0,5633.91015625,,498.2870178222656
2024-07-11 04:00:00+00:00,336.15173830968655,339.36204214389505,330.6127775825928,339.0362243652344,4146900,0.0,0.0,5584.5400390625,,487.3594970703125
2024-07-12 04:00:00+00:00,340.19574486024743,348.7725225201891,339.32369028656615,344.7668151855469,4019900,0.0,0.0,5615.35009765625,,490.22265625
2024-07-15 04:00:00+00:00,344.1630782898985,346.1179847021557,340.2244592119647,343.51141357421875,2884000,0.0,0.0,5631.22021484375,,491.5402526855469
2024-07-16 04:00:00+00:00,345.0447517686873,354.0144356380903,344.5081072652539,353.7269287109375,3210400,0.0,0.0,5667.2001953125,,491.728515625
2024-07-17 04:00:00+00:00,351.3503448770185,359.5437799624779,350.1812203065445,356.38140869140625,3991100,0.0,0.0,5588.27001953125,,477.2939147949219
2024-07-18 04:00:00+00:00,354.474364427919,360.0708202924586,350.5261820145398,350.81365966796875,2395000,0.0,0.0,5544.58984375,,475.03509521484375
2024-07-19 04:00:00+00:00,351.14907369960963,352.27029505041907,346.85591805395313,348.20709228515625,2474500,0.0,0.0,5505.0,,470.8245544433594
2024-07-22 04:00:00+00:00,349.29958747291437,351.9636544874098,346.0221957597197,348.1017150878906,4049300,0.0,0.0,5564.41015625,,477.8387756347656
2024-07-23 04:00:00+00:00,350.1907857110032,350.1907857110032,344.39309526077943,344.6230773925781,2535700,0.0,0.0,5555.740234375,,476.154541015625
2024-07-24 04:00:00+00:00,343.96187869070303,346.3768082591244,335.4042849533904,335.70135498046875,3508100,0.0,0.0,5427.1298828125,,459.07476806640625
2024-07-25 04:00:00+00:00,335.59593091678994,343.86601709593236,334.76218719136705,338.55706787109375,3297600,0.0,0.0,5399.22021484375,,454.01220703125
2024-07-26 04:00:00+00:00,340.20532934940667,346.5875965447232,340.20532934940667,344.5176696777344,2439000,0.0,0.0,5459.10009765625,,458.6685791015625
2024-07-29 04:00:00+00:00,344.230212375525,347.75677120053297,343.9810747849867,346.587646484375,2142100,0.0,0.0,5463.5400390625,,459.5899353027344
2024-07-30 04:00:00+00:00,347.68966194502,349.4816743947435,344.2781236541714,348.52337646484375,2788800,0.0,0.0,5436.43994140625,,453.2791442871094
2024-07-31 04:00:00+00:00,349.7786907796646,356.9563318156431,347.90043531364665,352.8069152832031,3526100,0.0,0.0,5522.2998046875,,466.6933288574219
2024-08-01 04:00:00+00:00,354.5606479244745,355.98853175154443,338.99789862917703,343.62646484375,3759000,0.0,0.0,5446.68017578125,,455.38934326171875
2024-08-02 04:00:00+00:00,340.1286696492598,340.74199434827426,332.2802074389548,340.6078186035156,3764600,0.0,0.0,5346.56005859375,,444.5806884765625
2024-08-05 04:00:00+00:00,336.2475633497347,339.1799525101741,330.84274929249796,335.4138488769531,3827900,0.0,0.0,5186.330078125,,431.3249816894531
2024-08-06 04:00:00+00:00,334.2063638346137,343.7030987149041,332.7976648731696,339.15118408203125,2831100,0.0,0.0,5240.02978515625,,435.4463806152344
2024-08-07 04:00:00+00:00,340.36823092884543,341.41277209923004,328.0061942373607,328.1211853027344,3429100,0.0,0.0,5199.5,,430.73052978515625
2024-08-08 04:00:00+00:00,327.9678836890471,334.19682041417644,327.1054213760927,333.8135070800781,3591100,0.0,0.0,5319.31005859375,,443.9070129394531
2024-08-09 04:00:00+00:00,333.38228971709674,336.8704790671306,330.9961079217724,334.10101318359375,2314800,0.0,0.0,5344.16015625,,446.2252502441406
2024-08-12 04:00:00+00:00,336.14212619650675,336.841694154932,327.8624479828214,331.38897705078125,3830200,0.0,0.0,5344.39013671875,,447.18621826171875
2024-08-13 04:00:00+00:00,327.6132897241174,338.6528999567299,325.21754503751646,335.4713439941406,6388600,0.0,0.0,5434.43017578125,,458.28216552734375
2024-08-14 04:00:00+00:00,334.97300148681285,344.69015571517775,334.82926265842,340.8282165527344,4814800,0.0,0.0,5455.2099609375,,458.4307861328125
2024-08-15 04:00:00+00:00,347.34469943273535,350.1716903490588,343.2048741255747,345.05438232421875,3575800,0.0,0.0,5543.22021484375,,470.01220703125
2024-08-16 04:00:00+00:00,344.9585254747061,348.5329874728861,344.9585254747061,346.96136474609375,3308300,0.0,0.0,5554.25,,470.6165771484375
2024-08-19 04:00:00+00:00,347.38302337767306,349.4816983274667,346.99971002845,347.92926025390625,3634900,0.0,0.0,5608.25,,476.79852294921875
2024-08-20 04:00:00+00:00,345.610113445192,352.3086352972682,345.4663746168061,351.95404052734375,3459400,0.0,0.0,5597.1201171875,,475.79791259765625
2024-08-21 04:00:00+00:00,354.04318632852824,357.3205489126234,353.1519470164238,355.01104736328125,4587600,0.0,0.0,5620.85009765625,,478.0171203613281
2024-08-22 04:00:00+00:00,356.0076505690389,356.92760831463437,349.40496435806585,350.1236877441406,4097300,0.0,0.0,5570.64013671875,,470.4381408691406
2024-08-23 04:00:00+00:00,351.36953033701576,360.6266920560701,349.9608311787915,359.9271240234375,3426200,0.0,0.0,5634.60986328125,,475.5403747558594
2024-08-26 04:00:00+00:00,361.3549655624824,362.7924124375364,357.7996884800962,358.5088195800781,2452100,0.0,0.0,5616.83984375,,470.92364501953125
2024-08-27 04:00:00+00:00,357.9146847650048,358.6717483188096,355.52853227603174,357.61761474609375,1780300,0.0,0.0,5625.7998046875,,472.3304748535156
2024-08-28 04:00:00+00:00,357.4451718618908,359.754673666691,354.7619490257811,357.1481018066406,2218300,0.0,0.0,5592.18017578125,,466.9706726074219
2024-08-29 04:00:00+00:00,359.2401893038586,359.9247346405228,353.76400314591933,353.88934326171875,2698400,2.25,0.0,5591.9599609375,,466.2871398925781
2024-08-30 04:00:00+00:00,355.9911177426253,357.1191493722672,351.7875750611866,355.2776794433594,3216700,0.0,0.0,5648.39990234375,,471.84503173828125
2024-09-03 04:00:00+00:00,354.69920601662363,356.1261120521105,349.87861330255544,351.652587890625,3598100,0.0,0.0,5528.93017578125,,457.5193786621094
2024-09-04 04:00:00+00:00,351.1030847412754,352.79991347589197,347.0923478204788,351.58514404296875,3221300,0.0,0.0,5520.06982421875,,456.3304748535156
2024-09-05 04:00:00+00:00,351.80685229270966,352.04788192971785,344.7494974596933,348.8663024902344,2789200,0.0,0.0,5503.41015625,,456.7565002441406
2024-09-06 04:00:00+00:00,349.8979042265536,352.32747229095935,346.5234894258201,347.130859375,2228800,0.0,0.0,5408.419921875,,444.521240234375
2024-09-09 04:00:00+00:00,349.74362457111476,353.0216214750304,347.11157056357894,352.4045715332031,2747600,0.0,0.0,5471.0498046875,,450.2376403808594
2024-09-10 04:00:00+00:00,352.5781459203073,358.22786618666703,349.47368318484007,357.5626220703125,2787400,0.0,0.0,5495.52001953125,,454.3985595703125
2024-09-11 04:00:00+00:00,356.28998478869704,357.89042505133744,349.1458924976462,357.1962585449219,2937700,0.0,0.0,5554.1298828125,,464.26605224609375
2024-09-12 04:00:00+00:00,358.59425777720986,361.53480760156356,357.26376946341514,360.9949035644531,2367700,0.0,0.0,5595.759765625,,468.82330322265625
2024-09-13 04:00:00+00:00,362.08433932935776,368.2932647858349,362.03614517367214,366.3553771972656,2514700,0.0,0.0,5626.02001953125,,470.92364501953125
2024-09-16 04:00:00+00:00,368.2932363634737,370.221473203073,365.9118626896661,368.3028869628906,2877800,0.0,0.0,5633.08984375,,468.8431091308594
2024-09-17 04:00:00+00:00,369.6719849352451,374.0201692035157,367.98477739803064,369.4888000488281,2947600,0.0,0.0,5634.580078125,,469.0908203125
2024-09-18 04:00:00+00:00,370.308256667779,378.58040955125244,367.3966295036472,370.23114013671875,3549400,0.0,0.0,5618.259765625,,467.05987548828125
2024-09-19 04:00:00+00:00,376.8160435899225,377.80908439576046,373.1234829495422,376.333984375,3753500,0.0,0.0,5713.64013671875,,478.8691101074219
2024-09-20 04:00:00+00:00,374.396115725443,377.7705303994311,373.11385109525435,375.8712158203125,6584200,0.0,0.0,5702.5498046875,,477.9576416015625
2024-09-23 04:00:00+00:00,376.8064458548346,378.56114870474454,373.364564938551,377.8959045410156,2502300,0.0,0.0,5718.56982421875,,479.2245788574219
2024-09-24 04:00:00+00:00,380.5375838994214,386.7175575954968,379.50597004251756,386.2837219238281,4057700,0.0,0.0,5732.93017578125,,481.53619384765625
2024-09-25 04:00:00+00:00,386.28370293966896,386.28370293966896,381.42453769785493,382.6875305175781,2787300,0.0,0.0,5722.259765625,,481.9826354980469
2024-09-26 04:00:00+00:00,385.165340340606,385.64739959009364,381.2992157444956,382.4658203125,2849500,0.0,0.0,5745.3701171875,,485.60382080078125
2024-09-27 04:00:00+00:00,385.309994945014,389.06043044461694,384.0180795438775,385.1943054199219,2452300,0.0,0.0,5738.169921875,,482.9052734375
2024-09-30 04:00:00+00:00,385.84023514081923,390.76686654879893,384.70255295064015,390.66082763671875,3442000,0.0,0.0,5762.47998046875,,484.21484375
2024-10-01 04:00:00+00:00,389.5231655399299,395.82850908814214,387.0068302500958,394.3726806640625,3476200,0.0,0.0,5708.75,,477.4685363769531
2024-10-02 04:00:00+00:00,393.0711279127238,396.6961934994467,390.4294231905577,396.5033874511719,3431300,0.0,0.0,5709.5400390625,,478.1432189941406
2024-10-03 04:00:00+00:00,394.32444647311684,398.15199790062627,392.2033741118168,396.8118591308594,3320700,0.0,0.0,5699.93994140625,,477.7860107421875
2024-10-04 04:00:00+00:00,395.3560612002995,397.04326849354953,385.1171279340145,393.7073974609375,3989000,0.0,0.0,5751.06982421875,,483.47076416015625
2024-10-07 04:00:00+00:00,390.3618827243328,395.10532840660716,386.84282730010756,393.4181213378906,3267800,0.0,0.0,5695.93994140625,,478.2919921875
2024-10-08 04:00:00+00:00,395.0957596696514,400.3887903778194,393.7845725988342,399.318603515625,3693900,0.0,0.0,5751.1298828125,,485.4351501464844
2024-10-09 04:00:00+00:00,404.92978690725727,404.9587092865624,396.01169040989504,401.14080810546875,3627800,0.0,0.0,5792.0400390625,,489.2547302246094
2024-10-10 04:00:00+00:00,395.0186514819704,399.60786517194435,393.00364725338477,395.2500305175781,3040800,0.0,0.0,5780.0498046875,,488.6991271972656
2024-10-11 04:00:00+00:00,395.82853746341084,398.31597997455737,394.1702522635016,397.1204528808594,2717400,0.0,0.0,5815.02978515625,,489.4630432128906
2024-10-14 04:00:00+00:00,396.7154700773603,401.4782175703142,396.54190639535494,400.51409912109375,2088700,0.0,0.0,5859.85009765625,,493.5703430175781
2024-10-15 04:00:00+00:00,402.95332041639364,406.43377391939794,400.128430979433,400.6683349609375,3693000,0.0,0.0,5815.259765625,,486.9729309082031
2024-10-16 04:00:00+00:00,399.01968769187226,403.7149397121857,399.01968769187226,403.589599609375,2429000,0.0,0.0,5842.47021484375,,487.03240966796875
2024-10-17 04:00:00+00:00,403.589598513211,403.9656188206219,399.68493067310936,400.6876220703125,2013800,0.0,0.0,5841.47021484375,,487.3697509765625
2024-10-18 04:00:00+00:00,401.69998159224997,401.7096321928169,398.4123338582645,400.10919189453125,2436600,0.0,0.0,5864.669921875,,490.5643005371094
2024-10-21 04:00:00+00:00,401.1407877812737,401.6131964268436,389.860589662783,391.8177490234375,3699500,0.0,0.0,5853.97998046875,,491.50677490234375
2024-10-22 04:00:00+00:00,384.2011971077067,388.4915359209698,381.99335764887144,387.4309997558594,4486700,0.0,0.0,5851.2001953125,,492.04248046875
2024-10-23 04:00:00+00:00,386.1873265991619,389.77384880588534,382.45619249349073,385.30035400390625,3159000,0.0,0.0,5797.419921875,,484.50250244140625
2024-10-24 04:00:00+00:00,387.8552407730512,389.6967106443123,383.8059312918142,388.2312316894531,2550300,0.0,0.0,5809.85986328125,,488.4312438964844
2024-10-25 04:00:00+00:00,389.0410685386854,389.0410685386854,383.5552321735446,384.59649658203125,1941400,0.0,0.0,5808.1201171875,,491.4076232910156
2024-10-28 04:00:00+00:00,388.9735892654447,391.2778169951263,387.52741163192223,388.4336853027344,2586500,0.0,0.0,5823.52001953125,,491.4869384765625
2024-10-29 04:00:00+00:00,379.8048285418058,384.78930450410166,375.09027514888663,380.894287109375,3822700,0.0,0.0,5832.919921875,,496.2093505859375
2024-10-30 04:00:00+00:00,380.8267848278216,383.420265792226,377.876584747264,378.4357604980469,2795600,0.0,0.0,5813.669921875,,492.4592590332031
2024-10-31 04:00:00+00:00,376.4882278103299,381.47273278642035,376.4882278103299,379.6216125488281,2518600,0.0,0.0,5705.4501953125,,480.0281677246094
2024-11-01 04:00:00+00:00,380.6339589543424,384.40366569054197,377.9440896159969,378.5032653808594,3277800,0.0,0.0,5728.7998046875,,483.57989501953125
2024-11-04 05:00:00+00:00,377.88623868797,386.11016789917477,377.0378097433692,381.3763427734375,2690500,0.0,0.0,5712.68994140625,,482.1711120605469
2024-11-05 05:00:00+00:00,380.79787943824033,385.86915208776793,379.7276926194815,385.7341613769531,2496500,0.0,0.0,5782.759765625,,488.3221130371094
2024-11-06 05:00:00+00:00,379.9012571543251,379.9012571543251,368.02331032373667,374.4346923828125,7133400,0.0,0.0,5929.0400390625,,501.5865478515625
2024-11-07 05:00:00+00:00,376.9703206928034,385.4160078810892,376.7774852303301,385.10748291015625,4323100,0.0,0.0,5973.10009765625,,509.48370361328125
2024-11-08 05:00:00+00:00,389.50387409344785,391.81775260949064,387.86486087402994,391.335693359375,3448700,0.0,0.0,5995.5400390625,,510.0789489746094
2024-11-11 05:00:00+00:00,393.13856268029883,396.8311527538946,391.26817056719716,393.6399230957031,4071500,0.0,0.0,6001.35009765625,,509.7813415527344
2024-11-12 05:00:00+00:00,399.3860678370321,401.09254690108804,387.758801686034,388.6168518066406,5647100,0.0,0.0,5983.990234375,,508.858642578125
2024-11-13 05:00:00+00:00,394.4498079804953,397.9302616547353,392.12627885673027,395.4717712402344,3083100,0.0,0.0,5985.3798828125,,508.203857421875
2024-11-14 05:00:00+00:00,393.3603287883163,396.7347433735102,389.87987529613093,391.1621398925781,3348100,0.0,0.0,5949.169921875,,504.6720275878906
2024-11-15 05:00:00+00:00,388.4433301089599,394.23769159496817,388.4433301089599,393.53387451171875,3239500,0.0,0.0,5870.6201171875,,492.647705078125
2024-11-18 05:00:00+00:00,390.94999103298926,397.7373924571801,389.4556193590993,395.7127380371094,3394300,0.0,0.0,5893.6201171875,,496.0704650878906
2024-11-19 05:00:00+00:00,393.726692750585,394.47870395595777,385.03032560204196,392.203369140625,3239400,0.0,0.0,5916.97998046875,,499.4832763671875
2024-11-20 05:00:00+00:00,391.4320799255371,392.1069745909841,385.57025285681476,385.6473693847656,4732200,0.0,0.0,5917.10986328125,,499.1955871582031
2024-11-21 05:00:00+00:00,386.92959767893564,396.62865517871967,386.0137029160202,395.7223815917969,3722200,0.0,0.0,5948.7099609375,,500.9913024902344
2024-11-22 05:00:00+00:00,397.3035680737036,405.06473924083014,396.20448834169656,404.92974853515625,4932500,0.0,0.0,5969.33984375,,501.79486083984375
2024-11-25 05:00:00+00:00,409.75033814090597,414.8119599649995,409.2297059435396,413.2886657714844,4544200,0.0,0.0,5987.3701171875,,502.58856201171875
2024-11-26 05:00:00+00:00,413.2211817818488,423.60472710296614,409.4611256364972,414.108154296875,2758600,0.0,0.0,6021.6298828125,,505.28704833984375
2024-11-27 05:00:00+00:00,415.397178272842,416.8509714565471,412.8384880723219,414.0306091308594,2293500,2.25,0.0,5998.740234375,,501.3087158203125
2024-11-29 05:00:00+00:00,415.35840963596314,417.72324895681413,414.3698409011806,415.9108581542969,2028700,0.0,0.0,6032.3798828125,,505.7136535644531
2024-12-02 05:00:00+00:00,415.78484520884524,417.1417129140739,410.1247473688217,413.80767822265625,2617100,0.0,0.0,6047.14990234375,,511.21990966796875
2024-12-03 05:00:00+00:00,416.4924140313533,417.41313205664966,410.2798670112973,416.1241149902344,2714000,0.0,0.0,6049.8798828125,,512.7872924804688
2024-12-04 05:00:00+00:00,413.27463407245386,415.6200704906128,412.3926626664526,414.7381286621094,1968800,0.0,0.0,6086.490234375,,519.126953125
2024-12-05 05:00:00+00:00,413.45881464818916,416.52147603995354,412.76099269085677,413.4006652832031,2523500,0.0,0.0,6075.10986328125,,517.6882934570312
2024-12-06 05:00:00+00:00,415.49417344194336,422.3269907207092,413.8562304806358,418.0819091796875,3161400,0.0,0.0,6090.27001953125,,522.3214111328125
2024-12-09 05:00:00+00:00,419.03168283575445,422.91813670119797,414.8447511522222,415.9593200683594,3426000,0.0,0.0,6052.85009765625,,518.25390625
2024-12-10 05:00:00+00:00,413.74955693836995,414.1469306464192,408.42868305796543,409.57232666015625,3354900,0.0,0.0,6034.91015625,,516.4878540039062
2024-12-11 05:00:00+00:00,412.13103648768055,414.8156975270463,408.28332895135065,408.3996276855469,4211200,0.0,0.0,6084.18994140625,,525.7342529296875
2024-12-12 05:00:00+00:00,408.44806272981685,409.72740792056385,400.4521996538981,401.6540222167969,3673600,0.0,0.0,6051.25,,522.34130859375
2024-12-13 05:00:00+00:00,402.9624448965782,405.25946331899564,401.42142743831243,404.13519287109375,2649500,0.0,0.0,6051.08984375,,526.3395385742188
2024-12-16 05:00:00+00:00,404.97838991641595,405.5889878806474,398.03894582757624,398.0583190917969,2879600,0.0,0.0,6074.080078125,,533.9190673828125
2024-12-17 05:00:00+00:00,397.3701665590192,397.75783885479626,393.71631006563274,395.8872985839844,3726500,0.0,0.0,6050.60986328125,,531.5678100585938
2024-12-18 05:00:00+00:00,394.4625888843238,398.0582960934364,381.26215022457535,381.6885986328125,4225500,0.0,0.0,5872.16015625,,512.3905029296875
2024-12-19 05:00:00+00:00,382.58021881068595,382.96792066924553,373.03366688238907,373.1596374511719,4576100,0.0,0.0,5867.080078125,,510.108642578125
2024-12-20 05:00:00+00:00,371.5604793124492,381.174911821358,371.25032964950054,380.50616455078125,8046400,0.0,0.0,5930.85009765625,,514.563232421875
2024-12-23 05:00:00+00:00,379.05235899216456,381.12642194370886,375.1077262811332,380.36077880859375,2433800,0.0,0.0,5974.06982421875,,519.5764770507812
2024-12-24 05:00:00+00:00,380.05062001664135,383.9371032714844,378.4708266862937,383.9371032714844,1392600,0.0,0.0,6040.0400390625,,526.6217651367188
2024-12-26 05:00:00+00:00,380.4286089573071,383.5881957682625,379.5563389183469,382.9679260253906,1319500,0.0,0.0,6037.58984375,,526.2640380859375
2024-12-27 05:00:00+00:00,380.06032533264334,383.28773322964986,379.31402589206795,380.75811767578125,1942700,0.0,0.0,5970.83984375,,519.2683715820312
2024-12-30 05:00:00+00:00,378.4998977655745,379.1589435727315,373.7992939193114,377.43377685546875,2444700,0.0,0.0,5906.93994140625,,512.3621826171875
2024-12-31 05:00:00+00:00,377.9959530933816,379.40126884669303,375.36941194621,377.0073547363281,2179700,0.0,0.0,5881.6298828125,,508.0097961425781
2025-01-02 05:00:00+00:00,380.0506434285736,380.5740172903005,374.4777691968061,376.4936828613281,2415700,0.0,0.0,5868.5498046875,,507.01605224609375
2025-01-03 05:00:00+00:00,377.81179712028165,378.96514213212777,373.9253136983043,377.1914978027344,2231600,0.0,0.0,5942.47021484375,,515.3134765625
2025-01-06 05:00:00+00:00,378.4708364984502,381.8533192727788,376.0769224698927,377.3756408691406,3274500,0.0,0.0,5975.3798828125,,521.2359619140625
2025-01-07 05:00:00+00:00,378.85849908301157,379.8276945422045,371.29878633230607,372.39398193359375,2274300,0.0,0.0,5909.02978515625,,511.93487548828125
2025-01-08 05:00:00+00:00,371.2018889056154,375.7474183187275,368.3912277771826,375.27252197265625,2848500,0.0,0.0,5918.25,,512.0242919921875
2025-01-10 05:00:00+00:00,376.9298164566483,380.8065983641061,372.77195957920026,377.879638671875,5323400,0.0,0.0,5827.0400390625,,503.9952087402344
2025-01-13 05:00:00+00:00,377.9765437919743,383.66571664776194,375.7571073915303,377.1914978027344,3512900,0.0,0.0,5836.22021484375,,502.37548828125
2025-01-14 05:00:00+00:00,378.55809288742796,382.05690426387963,377.6276734249996,380.6806335449219,3405200,0.0,0.0,5842.91015625,,501.8984680175781
2025-01-15 05:00:00+00:00,394.12337459712194,395.43179453866935,389.3840236164079,393.58062744140625,4584800,0.0,0.0,5949.91015625,,513.4453125
2025-01-16 05:00:00+00:00,393.7550890011316,397.4767965864272,391.4775029844097,396.7208251953125,2305900,0.0,0.0,5937.33984375,,509.84814453125
2025-01-17 05:00:00+00:00,400.75269752813574,401.6831466425392,395.945495413733,396.7693176269531,3229000,0.0,0.0,5996.66015625,,518.45361328125
2025-01-21 05:00:00+00:00,400.2777719593025,407.2753651848872,400.2777719593025,405.5404968261719,3568100,0.0,0.0,6049.240234375,,521.4942626953125
2025-01-22 05:00:00+00:00,404.68756009943706,404.68756009943706,396.72077208537513,397.4670715332031,3581400,0.0,0.0,6086.3701171875,,528.1620483398438
2025-01-23 05:00:00+00:00,398.891800545882,401.9156857849463,396.15866212692026,401.62493896484375,3840300,0.0,0.0,6118.7099609375,,529.284912109375
2025-01-24 05:00:00+00:00,401.33416315884216,402.2258360376368,398.1067551409486,401.7315368652344,2369800,0.0,0.0,6101.240234375,,526.2938232421875
2025-01-27 05:00:00+00:00,402.1192237718899,413.0614497040375,401.2469537010833,411.7821044921875,3699200,0.0,0.0,6012.27978515625,,510.9709777832031
2025-01-28 05:00:00+00:00,410.20231757146644,410.20231757146644,403.86379993234334,405.92816162109375,2818300,0.0,0.0,6067.7001953125,,518.5231323242188
2025-01-29 05:00:00+00:00,407.2753009668814,408.3898697854531,399.1049906670292,400.6847839355469,2384900,0.0,0.0,6039.31005859375,,517.5493774414062
2025-01-30 05:00:00+00:00,403.58270382928123,404.464675288225,398.8433236121273,401.7315368652344,3081300,0.0,0.0,6071.169921875,,519.7553100585938
2025-01-31 05:00:00+00:00,400.4425296156903,403.5536389811842,397.68031644333587,399.2891845703125,2761000,0.0,0.0,6040.52978515625,,519.0000610351562
2025-02-03 05:00:00+00:00,393.60970545961646,399.21165474659875,388.6571302273847,396.16839599609375,2896200,0.0,0.0,5994.56982421875,,514.846435546875
2025-02-04 05:00:00+00:00,396.89522100607866,399.8706284298252,393.5805596965266,398.814208984375,2150800,0.0,0.0,6037.8798828125,,521.1663208007812
2025-02-05 05:00:00+00:00,402.3615268335582,402.3615268335582,395.5674861379464,401.072509765625,2212100,0.0,0.0,6061.47998046875,,523.5313720703125
2025-02-06 05:00:00+00:00,402.128935247651,404.9202232060309,400.2777681700101,401.40203857421875,2023700,0.0,0.0,6083.56982421875,,526.2640380859375
2025-02-07 05:00:00+00:00,400.47159333331837,401.5280128813987,393.9779716376876,394.8211669921875,2530200,0.0,0.0,6025.990234375,,519.6261596679688
2025-02-10 05:00:00+00:00,397.9904623240241,402.16769264686224,396.19744469745206,401.23724365234375,2617600,0.0,0.0,6066.43994140625,,525.9161987304688
2025-02-11 05:00:00+00:00,401.2469534461058,403.73779308179894,400.0257576012522,403.53424072265625,1441800,0.0,0.0,6068.5,,524.6642456054688
2025-02-12 05:00:00+00:00,395.9939115235184,397.03095787821366,389.7329164459917,394.5982971191406,3387000,0.0,0.0,6051.97021484375,,524.9722290039062
2025-02-13 05:00:00+00:00,396.1198724287015,400.2583560169422,394.937452771704,399.72528076171875,3067900,0.0,0.0,6115.06982421875,,532.5244140625
2025-02-14 05:00:00+00:00,402.21613435663727,405.1237208700587,395.97451294162585,396.88555908203125,3004400,0.0,0.0,6114.6298828125,,534.7601928710938
2025-02-18 05:00:00+00:00,395.7322079158124,396.2749550236835,387.8914199557653,390.88623046875,3994000,0.0,0.0,6129.580078125,,535.9725341796875
2025-02-19 05:00:00+00:00,384.98383059706646,386.36010119579873,380.83567511662534,383.24896240234375,3780000,0.0,0.0,6144.14990234375,,536.12158203125
2025-02-20 05:00:00+00:00,380.89384253907724,382.59963613331445,379.05237695120775,382.48333740234375,2703500,0.0,0.0,6117.52001953125,,533.8460083007812
2025-02-21 05:00:00+00:00,384.18910669856456,385.565377381464,372.0741624309667,373.4310302734375,5287000,0.0,0.0,6013.1298828125,,522.7661743164062
2025-02-24 05:00:00+00:00,374.1967015674495,374.642523233051,366.5497641559884,370.6397705078125,5722000,0.0,0.0,5983.25,,516.5952758789062
2025-02-25 05:00:00+00:00,373.14028735361495,388.6571175990162,372.35524132304505,381.1749267578125,6823900,0.0,0.0,5955.25,,510.0865478515625
2025-02-26 05:00:00+00:00,383.06482761027377,386.5830120779802,376.5906086394944,378.45147705078125,3871500,0.0,0.0,5956.06005859375,,511.31878662109375
2025-02-27 05:00:00+00:00,377.89902861481465,383.28775333785126,376.3676831303726,378.2479248046875,2825100,0.0,0.0,5861.56982421875,,497.1188049316406
2025-02-28 05:00:00+00:00,382.270095515439,384.64460670288895,378.25761201760685,384.3829345703125,4263500,0.0,0.0,5954.5,,504.9690246582031
2025-03-03 05:00:00+00:00,384.72219078951076,384.83848952473875,374.56501063541253,377.6858215332031,3397600,0.0,0.0,5849.72021484375,,493.9190368652344
2025-03-04 05:00:00+00:00,374.25485163102024,376.009093191168,367.22818397023485,369.92254638671875,4384800,0.0,0.0,5778.14990234375,,492.42852783203125
2025-03-05 05:00:00+00:00,367.32507693375874,375.1949392850058,366.3655828994435,374.44866943359375,2780300,0.0,0.0,5842.6298828125,,498.84783935546875
2025-03-06 05:00:00+00:00,371.68644302619435,375.81522497415267,369.00178236462114,369.9709777832031,4222000,0.0,0.0,5738.52001953125,,485.1248474121094
2025-03-07 05:00:00+00:00,367.80968017123536,368.9242490441334,357.53620229311355,365.1928405761719,4573900,0.0,0.0,5770.2001953125,,488.6922302246094
2025-03-10 04:00:00+00:00,365.81316415921793,371.31818768531144,361.1319331737632,363.1091003417969,3710500,0.0,0.0,5614.56005859375,,469.7523193359375
2025-03-11 04:00:00+00:00,362.6923223020247,363.38044278948365,354.4638624004094,356.8190002441406,4013300,0.0,0.0,5572.06982421875,,468.6293640136719
2025-03-12 04:00:00+00:00,360.51165598749105,360.54073066976764,350.606476666098,353.49468994140625,3368000,0.0,0.0,5599.2998046875,,473.9158935546875
2025-03-13 04:00:00+00:00,352.98754357643656,353.07532116180704,336.74803544841626,338.68896484375,7062400,2.3,0.0,5521.52001953125,,465.38995361328125
2025-03-14 04:00:00+00:00,342.00510223403796,342.72687858462234,336.90406120728437,342.6488342285156,5510700,0.0,0.0,5638.93994140625,,476.6386413574219
2025-03-17 04:00:00+00:00,343.08775699274906,346.7842973167033,342.30746224605076,345.3993225097656,3681300,0.0,0.0,5675.1201171875,,479.7290344238281
2025-03-18 04:00:00+00:00,344.8141140257527,345.16525410829615,339.0205556679994,340.9517517089844,3008200,0.0,0.0,5614.66015625,,471.5508728027344
2025-03-19 04:00:00+00:00,343.3218435200059,345.69192751202104,340.38604209458657,344.70684814453125,2990200,0.0,0.0,5675.2900390625,,477.86090087890625
2025-03-20 04:00:00+00:00,345.9455112325758,352.85094853670967,343.51690896393063,346.7550354003906,3391200,0.0,0.0,5662.89013671875,,476.24114990234375
2025-03-21 04:00:00+00:00,343.4095950231594,344.67756277626523,337.7428367243309,342.4927673339844,8205400,0.0,0.0,5667.56005859375,,477.8111877441406
2025-03-24 04:00:00+00:00,345.8772547393383,355.44539830508603,345.54564061269497,354.8016662597656,4023200,0.0,0.0,5767.56982421875,,488.29644775390625
2025-03-25 04:00:00+00:00,352.6168746721081,354.6846036436094,349.70059935524546,352.0901794433594,2799500,0.0,0.0,5776.64990234375,,491.08294677734375
2025-03-26 04:00:00+00:00,351.5050250868104,355.73802394809985,351.2416625677391,353.2021179199219,3140900,0.0,0.0,5712.2001953125,,482.04669189453125
2025-03-27 04:00:00+00:00,352.9777690174982,356.2061624228321,352.24625939818924,353.7873229980469,3036600,0.0,0.0,5693.31005859375,,479.2999572753906
2025-03-28 04:00:00+00:00,354.20671472948226,354.24573691010505,347.38905460187425,349.3202209472656,2980200,0.0,0.0,5580.93994140625,,466.68109130859375
2025-03-31 04:00:00+00:00,344.78485327513766,359.649118612828,343.9558031204457,357.45458984375,4498800,0.0,0.0,5611.85009765625,,466.6611633300781
2025-04-01 04:00:00+00:00,355.16256171866326,358.23489614132666,352.9972920727972,356.5085144042969,2801600,0.0,0.0,5633.06982421875,,470.4229736328125
2025-04-02 04:00:00+00:00,353.6214746994575,363.13109904173626,353.32888277962144,361.7461242675781,3189500,0.0,0.0,5670.97021484375,,473.8563537597656
2025-04-03 04:00:00+00:00,347.008606748764,351.16359033012793,343.03894129291996,347.1354064941406,5407100,0.0,0.0,5396.52001953125,,448.4891052246094
2025-04-04 04:00:00+00:00,342.0636312720245,356.43049041326344,340.4348199112754,345.17498779296875,7531100,0.0,0.0,5074.080078125,,420.63397216796875
2025-04-07 04:00:00+00:00,335.81164827299864,345.4870946225956,325.27792236341213,333.0904541015625,6950500,0.0,0.0,5062.25,,421.6490783691406
2025-04-08 04:00:00+00:00,341.7417279551361,345.2724756270833,321.61057271602516,326.9749755859375,4868000,0.0,0.0,4982.77001953125,,414.0557556152344
2025-04-09 04:00:00+00:00,320.4987349812762,347.26223439394323,318.2651840740599,346.6282653808594,6793000,0.0,0.0,5456.89990234375,,463.7552185058594
2025-04-10 04:00:00+00:00,344.1508801985582,346.5307270835551,331.2860626514122,344.9018859863281,5574800,0.0,0.0,5268.0498046875,,444.03070068359375
2025-04-11 04:00:00+00:00,341.67345885871583,345.7309018378021,335.71410901659414,345.13592529296875,3576400,0.0,0.0,5363.35986328125,,452.2110900878906
2025-04-14 04:00:00+00:00,348.97883010052703,350.16875355845775,344.8823942524714,348.3936462402344,2841800,0.0,0.0,5405.97021484375,,455.2762756347656
2025-04-15 04:00:00+00:00,347.7694318262574,352.52912595073974,344.60931972549923,345.37982177734375,2883100,0.0,0.0,5396.6298828125,,455.7838134765625
2025-04-16 04:00:00+00:00,343.16577215806103,345.0774422015633,335.8311801180516,337.4599914550781,2637200,0.0,0.0,5275.7001953125,,442.0403137207031
2025-04-17 04:00:00+00:00,339.95685365945815,348.686212708879,339.7812985141896,346.3063659667969,3232400,0.0,0.0,5282.7001953125,,441.9607238769531
2025-04-21 04:00:00+00:00,345.5553868459223,345.6236384530965,333.3732935083748,338.3475646972656,4015200,0.0,0.0,5158.2001953125,,431.02362060546875
2025-04-22 04:00:00+00:00,342.50252365239595,347.43777230093195,341.78077709780985,345.69189453125,2802400,0.0,0.0,5287.759765625,,442.3388977050781
2025-04-23 04:00:00+00:00,352.9972461503005,355.8452398722528,346.1015426160443,347.6328430175781,3283300,0.0,0.0,5375.85986328125,,452.37030029296875
2025-04-24 04:00:00+00:00,347.7108671305909,351.51471077589406,345.8674488071751,350.7734680175781,2749500,0.0,0.0,5484.77001953125,,465.0987243652344
2025-04-25 04:00:00+00:00,348.88131824589044,350.1492562929599,345.9942723062347,348.7642517089844,2811300,0.0,0.0,5525.2099609375,,470.28363037109375
2025-04-28 04:00:00+00:00,349.16414214301295,351.22213789974984,345.7699567518236,348.12054443359375,2413000,0.0,0.0,5528.75,,470.1343688964844
2025-04-29 04:00:00+00:00,347.11594929063597,351.69029526686177,345.9845442054119,350.1492614746094,2836900,0.0,0.0,5560.830078125,,473.23931884765625
2025-04-30 04:00:00+00:00,347.71088710332816,352.36327731768154,343.6924659054077,351.6025085449219,3741500,0.0,0.0,5569.06005859375,,473.1795959472656
2025-05-01 04:00:00+00:00,351.426946862505,353.9335934542849,348.90080406442195,349.46649169921875,3210100,0.0,0.0,5604.14013671875,,479.35968017578125
2025-05-02 04:00:00+00:00,353.1532952752771,357.2010053162918,352.2559935508865,355.53314208984375,2283300,0.0,0.0,5686.669921875,,486.4752197265625
2025-05-05 04:00:00+00:00,353.2020831652626,355.2795750925195,350.86125851004925,352.81195068359375,2563500,0.0,0.0,5650.3798828125,,483.5892028808594
2025-05-06 04:00:00+00:00,349.83711280474967,353.33860153975843,348.32533833879853,350.5198669433594,2299700,0.0,0.0,5606.91015625,,479.09100341796875
2025-05-07 04:00:00+00:00,351.5927986365189,354.81142909655915,350.8905482023934,353.80682373046875,2657200,0.0,0.0,5631.27978515625,,480.9718933105469
2025-05-08 04:00:00+00:00,355.0357257620628,360.2050479293798,353.3288701717903,355.86474609375,3035800,0.0,0.0,5663.93994140625,,485.9378662109375
2025-05-09 04:00:00+00:00,353.2020736121293,356.55726644109325,352.58760083165055,353.76776123046875,1970700,0.0,0.0,5659.91015625,,485.6194152832031
2025-05-12 04:00:00+00:00,365.75480622079186,369.3830950891102,364.2722907883831,367.30560302734375,3831400,0.0,0.0,5844.18994140625,,505.40362548828125
2025-05-13 04:00:00+00:00,371.6068680069841,371.6068680069841,363.7553437255154,364.3893127441406,2726800,0.0,0.0,5886.5498046875,,513.1063842773438
2025-05-14 04:00:00+00:00,362.7311754548537,366.52528572407056,361.687548079675,363.6187438964844,2587400,0.0,0.0,5892.580078125,,516.1814575195312
2025-05-15 04:00:00+00:00,362.9262794249688,369.9780124773694,362.360562034571,369.2952880859375,2830500,0.0,0.0,5916.93017578125,,516.7487182617188
2025-05-16 04:00:00+00:00,370.8558749937571,371.77270275019765,368.82713834602384,371.3923034667969,3129100,0.0,0.0,5958.3798828125,,518.9978637695312
2025-05-19 04:00:00+00:00,364.9647760815284,371.76293989724985,364.9355168878103,370.0268249511719,4428200,0.0,0.0,5963.60009765625,,519.4954223632812
2025-05-20 04:00:00+00:00,376.84447490818997,380.141149549978,364.82820358890154,367.7542419433594,6287400,0.0,0.0,5940.4599609375,,517.7638549804688
2025-05-21 04:00:00+00:00,368.66134286982003,369.00269020495205,359.5125913599202,361.6973571777344,3966000,0.0,0.0,5844.60986328125,,510.568603515625
2025-05-22 04:00:00+00:00,358.92734694367454,360.1270333024635,355.581917130755,357.10345458984375,2957300,0.0,0.0,5842.009765625,,511.5239562988281
2025-05-23 04:00:00+00:00,353.4459101272273,355.72821633672027,352.24622375747344,353.76776123046875,3115000,0.0,0.0,5802.81982421875,,506.78692626953125
2025-05-27 04:00:00+00:00,356.8693978182016,361.41448443811316,356.1573844517207,361.2681884765625,3998500,0.0,0.0,5921.5400390625,,518.709228515625
2025-05-28 04:00:00+00:00,359.72714289571314,361.9996861308465,358.37139757784576,358.9858703613281,2986100,0.0,0.0,5888.5498046875,,516.4102783203125
2025-05-29 04:00:00+00:00,360.87803848931986,361.2194155598496,355.0844805712754,359.210205078125,3034800,0.0,0.0,5912.169921875,,517.4254150390625
2025-05-30 04:00:00+00:00,358.0007557358253,360.5269281986259,356.1183450030288,359.210205078125,4110400,0.0,0.0,5911.68994140625,,516.609375
2025-06-02 04:00:00+00:00,356.14761607103776,358.9663805367526,352.91922291918604,358.8883361816406,2506900,0.0,0.0,5935.93994140625,,520.689697265625
2025-06-03 04:00:00+00:00,358.8883433164685,364.33079123351627,357.95201939291223,363.8821105957031,3359500,0.0,0.0,5970.3701171875,,524.7598876953125
2025-06-04 04:00:00+00:00,363.882130830407,366.11568186218983,362.49715595722296,363.2189025878906,2428800,0.0,0.0,5970.81005859375,,526.2228393554688
2025-06-05 04:00:00+00:00,364.09235246228303,364.65176191552575,360.6770735902317,362.4141540527344,2324100,2.3,0.0,5939.2998046875,,522.261962890625
2025-06-06 04:00:00+00:00,364.6027027602177,365.7214917141878,359.1656969307718,360.5003967285156,2349700,0.0,0.0,6000.35986328125,,527.3672485351562
2025-06-09 04:00:00+00:00,360.4905826114991,360.5200236362479,357.5855950687872,358.4100036621094,2619700,0.0,0.0,6005.8798828125,,528.1435546875
2025-06-10 04:00:00+00:00,359.1362367636461,361.69769577581974,355.80925120510926,361.0696105957031,3014900,0.0,0.0,6038.81005859375,,531.63671875
2025-06-11 04:00:00+00:00,362.2767570228823,362.2767570228823,352.629505109053,353.75811767578125,3793500,0.0,0.0,6022.240234375,,529.8453369140625
2025-06-12 04:00:00+00:00,354.10158467937663,358.2823895876787,351.8443597472953,356.40789794921875,2921900,0.0,0.0,6045.259765625,,531.0892333984375
2025-06-13 04:00:00+00:00,353.306660354228,356.0447953580227,346.2405151670727,348.0659484863281,3364400,0.0,0.0,5976.97021484375,,524.4215698242188
2025-06-16 04:00:00+00:00,349.2632921763642,350.4704041858453,345.35727969768953,346.9864196777344,3688600,0.0,0.0,6033.10986328125,,531.7161865234375
2025-06-17 04:00:00+00:00,345.3965392117476,347.7028527016895,340.95076467589314,342.2952880859375,4230100,0.0,0.0,5982.72021484375,,526.5314331054688
2025-06-18 04:00:00+00:00,343.5711005108271,344.37586179286234,339.3706779011659,340.57781982421875,4453900,0.0,0.0,5980.8701171875,,526.4417724609375
2025-06-20 04:00:00+00:00,341.02928714645356,344.68012429322914,340.3717608847711,343.11968994140625,8056500,0.0,0.0,5967.83984375,,524.292236328125
2025-06-23 04:00:00+00:00,343.4631828513819,350.4311820686629,342.040130000957,350.3232116699219,3862400,0.0,0.0,6025.169921875,,529.6832275390625
2025-06-24 04:00:00+00:00,350.0386244809964,354.9848966925327,349.16515743420723,353.7189025878906,4089600,0.0,0.0,6092.18017578125,,537.7831420898438
2025-06-25 04:00:00+00:00,352.4430332900918,356.8397493812668,351.67753668874485,355.132080078125,4159600,0.0,0.0,6092.16015625,,539.157958984375
2025-06-26 04:00:00+00:00,356.46681477833783,358.4394533346334,353.89553205431423,356.7416076660156,3187900,0.0,0.0,6141.02001953125,,544.1992797851562
2025-06-27 04:00:00+00:00,356.84956060989396,363.2679739364253,356.2509164211952,361.8841857910156,5503700,0.0,0.0,6173.06982421875,,546.0623779296875
2025-06-30 04:00:00+00:00,362.41411154656055,364.0530750286984,357.9388963458588,359.8232116699219,4600700,0.0,0.0,6204.9501953125,,549.5992431640625
2025-07-01 04:00:00+00:00,357.56596450449473,372.6305739152695,356.20182380791374,366.22198486328125,5152600,0.0,0.0,6198.009765625,,544.9664306640625
2025-07-02 04:00:00+00:00,366.70289230169385,367.01694987767564,362.5024695610188,364.9363708496094,3011400,0.0,0.0,6227.419921875,,548.7623291015625
2025-07-03 04:00:00+00:00,364.8970884883699,366.24161185457183,361.4817799029181,364.7695007324219,2573600,0.0,0.0,6279.35009765625,,554.1622314453125
2025-07-07 04:00:00+00:00,364.10214091211395,365.85886852251025,357.948727372024,360.80462646484375,3433100,0.0,0.0,6229.97998046875,,549.9878540039062
2025-07-08 04:00:00+00:00,359.21474252629037,363.51331193088265,358.3216581565993,360.667236328125,2531700,0.0,0.0,6225.52001953125,,550.2966918945312
2025-07-09 04:00:00+00:00,360.67705145336043,364.17085948170126,358.0076220659585,364.14141845703125,3384200,0.0,0.0,6263.259765625,,554.1921997070312
2025-07-10 04:00:00+00:00,362.139335107544,370.9131197687654,361.65845505961516,366.359375,3701700,0.0,0.0,6280.4599609375,,553.3951416015625
2025-07-11 04:00:00+00:00,363.47407025574404,364.8872994631577,360.2844958550165,363.1894836425781,3068900,0.0,0.0,6259.75,,552.1497802734375
2025-07-14 04:00:00+00:00,363.5918446469054,364.3867822893021,359.6367738019539,363.22869873046875,2481100,0.0,0.0,6268.56005859375,,554.1524047851562
2025-07-15 04:00:00+00:00,363.10111035255045,363.8567832470892,351.85416030288985,351.9719543457031,3868700,0.0,0.0,6243.759765625,,554.660400390625
2025-07-16 04:00:00+00:00,353.16925874283777,354.23901918363697,345.9068498463062,350.7550048828125,4259800,0.0,0.0,6263.7001953125,,555.228271484375
2025-07-17 04:00:00+00:00,349.9110138927964,353.6207327845843,348.06596313018207,352.3645324707031,3128900,0.0,0.0,6297.35986328125,,559.7216186523438
2025-07-18 04:00:00+00:00,353.28706757048917,353.8955354025197,350.3330215373704,352.71783447265625,3361600,0.0,0.0,6296.7900390625,,559.1836547851562
2025-07-21 04:00:00+00:00,354.0132960107651,358.9792153040182,353.1496526640813,357.2715759277344,3503900,0.0,0.0,6305.60009765625,,562.0828857421875
2025-07-22 04:00:00+00:00,357.7034098517231,365.27987681141207,356.95753058128247,364.11199951171875,3095400,0.0,0.0,6309.6201171875,,559.1737060546875
2025-07-23 04:00:00+00:00,364.78915309858843,370.8542438177624,364.6419180241933,369.3526916503906,3238000,0.0,0.0,6358.91015625,,561.7242431640625
2025-07-24 04:00:00+00:00,368.4988678987928,370.8542397107179,365.3387348164886,366.1532897949219,3088000,0.0,0.0,6363.35009765625,,562.9197387695312
2025-07-25 04:00:00+00:00,367.6941308131501,368.9993895861773,366.1140491929809,368.3614807128906,2221000,0.0,0.0,6388.64013671875,,564.2747192382812
2025-07-28 04:00:00+00:00,366.7912370172688,373.9947646215501,366.045387668036,370.21636962890625,4062800,0.0,0.0,6389.77001953125,,566.0382080078125
2025-07-29 04:00:00+00:00,369.9906353396858,372.669888653521,367.8020857862481,370.3243103027344,2931600,0.0,0.0,6370.85986328125,,565.1614990234375
2025-07-30 04:00:00+00:00,370.6579357115722,371.49213798275736,362.75761820545904,365.16204833984375,3110700,0.0,0.0,6362.89990234375,,565.9186401367188
2025-07-31 04:00:00+00:00,362.3062029558735,365.8785105141889,360.0195068160506,360.67706298828125,3091600,0.0,0.0,6339.39013671875,,562.9197387695312
2025-08-01 04:00:00+00:00,360.9812616249783,367.8314658160356,358.94974120577837,366.7126770019531,3008200,0.0,0.0,6238.009765625,,551.8309936523438
2025-08-04 04:00:00+00:00,367.87076615381307,374.799500377209,366.74215357269844,373.7395935058594,2844300,0.0,0.0,6329.93994140625,,562.0131225585938
2025-08-05 04:00:00+00:00,374.7602179141427,379.7457843118491,373.8769572382241,378.2442321777344,2931400,0.0,0.0,6299.18994140625,,558.1973266601562
2025-08-06 04:00:00+00:00,378.90178385919126,381.6988011462542,377.3707905978855,379.6083984375,2812800,0.0,0.0,6345.06005859375,,565.2212524414062
2025-08-07 04:00:00+00:00,381.3945424865872,384.1719422261058,376.23232993128477,378.9901123046875,2433000,0.0,0.0,6340.0,,567.1340942382812
2025-08-08 04:00:00+00:00,379.883182593382,382.0521146221559,379.01956919547405,380.6388854980469,2326700,0.0,0.0,6389.4501953125,,572.4244995117188
2025-08-11 04:00:00+00:00,382.7292586312132,384.24060442358586,376.173434608419,380.3247985839844,2605800,0.0,0.0,6373.4501953125,,570.7307739257812
2025-08-12 04:00:00+00:00,384.142526567281,389.01029925120787,381.7675073026407,388.6373596191406,2911300,0.0,0.0,6445.759765625,,577.904052734375
2025-08-13 04:00:00+00:00,392.06244108813485,400.2375816783508,391.3362091805463,399.6094665527344,5187500,0.0,0.0,6466.580078125,,578.1930541992188
2025-08-14 04:00:00+00:00,393.74068804138307,396.10585368250304,391.93487194456543,392.8770446777344,3600200,0.0,0.0,6468.5400390625,,577.7448120117188
2025-08-15 04:00:00+00:00,394.73189883189394,395.30113194915367,388.0779572364906,391.95452880859375,3841400,0.0,0.0,6449.7998046875,,575.2041625976562
2025-08-18 04:00:00+00:00,389.1967689313567,390.7375858527053,385.21225698519225,387.3615417480469,4407100,0.0,0.0,6449.14990234375,,574.9749755859375
2025-08-19 04:00:00+00:00,393.563999157133,406.65597075783734,393.563999157133,399.6291198730469,7629300,0.0,0.0,6411.3701171875,,567.1739501953125
2025-08-20 04:00:00+00:00,402.0630076394256,403.525325145005,394.2019541216186,394.2706298828125,4195300,0.0,0.0,6395.77978515625,,563.8065185546875
2025-08-21 04:00:00+00:00,392.4746576979641,396.91060859865297,388.8042034117786,390.3057556152344,2942600,0.0,0.0,6370.169921875,,561.1962280273438
2025-08-22 04:00:00+00:00,393.41678382937096,406.7933716256393,390.9043832546695,405.11517333984375,5284700,0.0,0.0,6466.91015625,,569.85400390625
2025-08-25 04:00:00+00:00,402.7303624156274,403.4271832962645,399.97260977025195,401.2975158691406,3579500,0.0,0.0,6439.31982421875,,568.2101440429688
2025-08-26 04:00:00+00:00,400.41420755951407,401.4348796118916,397.18536892133045,399.9627685546875,3180900,0.0,0.0,6465.93994140625,,570.4916381835938
2025-08-27 04:00:00+00:00,401.18957235784467,404.03564806138786,399.6291380578004,400.6497802734375,2487800,0.0,0.0,6481.39990234375,,571.3684692382812
2025-08-28 04:00:00+00:00,399.4328358644934,401.34659238986166,397.28355113299205,399.8744812011719,4051600,0.0,0.0,6501.85986328125,,574.9451904296875
2025-08-29 04:00:00+00:00,400.1492955782157,401.29752559494915,397.86259930356385,399.2071228027344,2210300,0.0,0.0,6460.259765625,,568.2898559570312
2025-09-02 04:00:00+00:00,396.174539449676,400.9932534677738,395.2618377386573,398.7556457519531,3328600,0.0,0.0,6415.5400390625,,563.527587890625
2025-09-03 04:00:00+00:00,397.41115071132737,401.41528008554366,396.0666272443746,400.129638671875,3025100,0.0,0.0,6448.259765625,,567.9610595703125
2025-09-04 04:00:00+00:00,403.18924593769094,407.83789066547973,401.89631084380505,406.32781982421875,3873100,2.3,0.0,6502.080078125,,573.1019897460938
2025-09-05 04:00:00+00:00,411.1640089192477,414.92438214936567,408.62747534026914,413.4932861328125,5855600,0.0,0.0,6481.5,,573.9288940429688
2025-09-08 04:00:00+00:00,413.0491511485623,415.10204646056883,410.3349691517677,414.47039794921875,3742600,0.0,0.0,6495.14990234375,,576.728515625
2025-09-09 04:00:00+00:00,412.67408784932866,413.2662790249814,407.37403556142124,409.9302978515625,3516000,0.0,0.0,6512.60986328125,,578.3624877929688
2025-09-10 04:00:00+00:00,410.1079298727741,411.9930561449817,406.3771647705252,407.8477783203125,2897800,0.0,0.0,6532.0400390625,,578.5517578125
2025-09-11 04:00:00+00:00,410.28563989230383,419.68163380508923,408.8545136744937,417.90509033203125,5316400,0.0,0.0,6587.47021484375,,581.919189453125
2025-09-12 04:00:00+00:00,414.79607695763343,417.9938972453146,413.4241970242911,417.1845703125,5004200,0.0,0.0,6584.2900390625,,584.4896240234375
2025-09-15 04:00:00+00:00,416.9674202548162,417.7865964303642,412.30889603555926,417.20428466796875,4884700,0.0,0.0,6615.27978515625,,589.4910888671875
2025-09-16 04:00:00+00:00,418.23075486416656,419.0005943408827,414.6184218980082,415.9607238769531,3726700,0.0,0.0,6606.759765625,,588.9929809570312
2025-09-17 04:00:00+00:00,418.9117936201938,421.1917041257131,410.3941920661106,411.5686950683594,4771700,0.0,0.0,6600.35009765625,,587.8173217773438
2025-09-18 04:00:00+00:00,412.1114848066743,415.9014960996201,410.44349430058867,412.04241943359375,3677200,0.0,0.0,6631.9599609375,,593.11767578125
2025-09-19 04:00:00+00:00,411.93386807865886,413.12809973465636,409.69344503474707,410.2757568359375,6718400,0.0,0.0,6664.35986328125,,597.1326904296875
2025-09-22 04:00:00+00:00,408.7163229848448,409.476313235193,405.7751558967821,406.6338195800781,2656300,0.0,0.0,6693.75,,600.667724609375
2025-09-23 04:00:00+00:00,406.63381335149046,408.3412914206909,402.1529371687964,405.5580139160156,2597000,0.0,0.0,6656.919921875,,596.6779174804688
2025-09-24 04:00:00+00:00,401.49166388995894,405.3013738357197,399.7348491781662,404.4328308105469,3220700,0.0,0.0,6637.97021484375,,594.583251953125
2025-09-25 04:00:00+00:00,401.35346815629094,405.5086254088792,400.3270054913909,402.14306640625,2554300,0.0,0.0,6604.72021484375,,592.0198364257812
2025-09-26 04:00:00+00:00,402.84383268828935,406.0515023386473,400.5540428167495,404.7486877441406,2316600,0.0,0.0,6643.7001953125,,594.4535522460938
2025-09-29 04:00:00+00:00,404.70919549115445,405.5974973260067,398.5899669183071,401.50152587890625,3008400,0.0,0.0,6661.2099609375,,597.20654296875
2025-09-30 04:00:00+00:00,401.3337528807513,401.6989289059962,398.2247868505837,399.9125061035156,3211600,0.0,0.0,6688.4599609375,,598.8424072265625
2025-10-01 04:00:00+00:00,399.1229404487115,399.85329250377856,390.16118820719385,391.8489074707031,3787800,0.0,0.0,6711.2001953125,,601.7150268554688
2025-10-02 04:00:00+00:00,390.34868999469086,392.2042081822749,388.6609708432576,389.8650817871094,2964700,0.0,0.0,6715.35009765625,,604.188720703125
2025-10-03 04:00:00+00:00,388.9965489834948,392.1450023506139,387.5160861508091,389.9144287109375,2951300,0.0,0.0,6715.7900390625,,601.645263671875
2025-10-06 04:00:00+00:00,389.36173905443553,389.36173905443553,380.69609749904174,384.2590637207031,3653700,0.0,0.0,6740.27978515625,,606.1636962890625
2025-10-07 04:00:00+00:00,384.3775408587119,384.6736213993068,380.4888557850548,381.77191162109375,2505700,0.0,0.0,6714.58984375,,602.9718627929688
2025-10-08 04:00:00+00:00,381.42643622606016,381.42643622606016,377.99178172706814,378.7912292480469,2517600,0.0,0.0,6753.72021484375,,609.88427734375
2025-10-09 04:00:00+00:00,377.9127926856929,379.35376802359013,372.5436452643832,372.7706604003906,3321400,0.0,0.0,6735.10986328125,,609.1461181640625
2025-10-10 04:00:00+00:00,375.30722512932357,375.30722512932357,369.898589816279,370.85595703125,2992400,0.0,0.0,6552.509765625,,588.0000610351562
2025-10-13 04:00:00+00:00,374.13272195796065,377.3305121868962,372.27720363545905,374.4288024902344,2925900,0.0,0.0,6654.72021484375,,600.4782104492188
2025-10-14 04:00:00+00:00,373.9353069859447,383.8248182370645,373.08652273122834,382.6700439453125,4399900,0.0,0.0,6644.31005859375,,596.4783935546875
2025-10-15 04:00:00+00:00,384.16037199516484,389.2334089142773,381.6929339691138,383.2424621582031,3690100,0.0,0.0,6671.06005859375,,600.6876220703125
2025-10-16 04:00:00+00:00,384.58478334807444,384.92035132199504,378.9688917102049,382.3443603515625,2783700,0.0,0.0,6629.06982421875,,598.4633178710938
2025-10-17 04:00:00+00:00,383.43988344605526,387.9898248769205,382.1568276730379,386.79559326171875,2657700,0.0,0.0,6664.009765625,,602.393310546875
2025-10-20 04:00:00+00:00,386.3119959509989,388.0589313442833,383.03523080961,383.8248291015625,2761100,0.0,0.0,6735.1298828125,,609.98388671875
2025-10-21 04:00:00+00:00,382.51213050369853,388.5030775786968,380.83426050862636,385.8086242675781,2306900,0.0,0.0,6735.35009765625,,609.8244018554688
2025-10-22 04:00:00+00:00,386.1540805227209,387.9306239889087,383.11420989566517,383.9037780761719,2857000,0.0,0.0,6699.39990234375,,603.9493408203125
2025-10-23 04:00:00+00:00,382.08772971287357,383.657016731017,376.3336471929202,380.01507568359375,2767300,0.0,0.0,6738.43994140625,,609.0264282226562
2025-10-24 04:00:00+00:00,384.6242697585249,384.6242697585249,380.64676067702317,381.6435852050781,2426800,0.0,0.0,6791.68994140625,,615.52978515625
2025-10-27 04:00:00+00:00,382.6503259330651,384.21961300495036,377.9128265438863,380.251953125,3065800,0.0,0.0,6875.16015625,,626.4918823242188
2025-10-28 04:00:00+00:00,379.41301374745086,384.9302014153999,377.8436966981287,380.7256774902344,2372800,0.0,0.0,6890.89013671875,,631.3095703125
2025-10-29 04:00:00+00:00,378.0115080263634,379.98545845992146,370.3131133835244,373.1161193847656,3852300,0.0,0.0,6890.58984375,,634.15234375
2025-10-30 04:00:00+00:00,372.7904144609822,379.6893919626706,371.2112480318076,374.6064453125,2384300,0.0,0.0,6822.33984375,,624.45703125
2025-10-31 04:00:00+00:00,372.05018530745207,375.97835768265105,370.12560162389786,374.64593505859375,2643500,0.0,0.0,6840.2001953125,,627.4693603515625
2025-11-03 05:00:00+00:00,372.09954541392784,373.5504002236492,368.8129009926782,373.4220886230469,2897600,0.0,0.0,6851.97021484375,,630.4716796875
2025-11-04 05:00:00+00:00,372.43510536667344,378.68264525770144,371.8429142105345,378.0904541015625,2590000,0.0,0.0,6771.5498046875,,617.6743774414062
2025-11-05 05:00:00+00:00,377.80426576316364,378.42606499215333,365.70393951546953,368.9708251953125,4763000,0.0,0.0,6796.2900390625,,621.6941528320312
2025-11-06 05:00:00+00:00,366.97715196203313,367.8062075740644,362.76274828408907,364.2629699707031,3622100,0.0,0.0,6720.31982421875,,610.1136474609375
2025-11-07 05:00:00+00:00,364.18398449603706,368.7832927329764,362.78249652123185,366.2763671875,2766400,0.0,0.0,6728.7998046875,,608.1885375976562
2025-11-10 05:00:00+00:00,364.97357612913413,365.8322397538877,358.7161568300282,365.605224609375,3257900,0.0,0.0,6832.43017578125,,621.6442260742188
2025-11-11 05:00:00+00:00,367.1449063175407,371.102686629869,366.07898632155144,369.3656005859375,2407300,0.0,0.0,6846.60986328125,,619.9884643554688
2025-11-12 05:00:00+00:00,367.21402236494566,368.694485293403,364.20375979178726,366.296142578125,3375800,0.0,0.0,6850.919921875,,619.4996948242188
2025-11-13 05:00:00+00:00,366.8192386411317,368.6549982166067,361.8448747629194,363.2760009765625,3034800,0.0,0.0,6737.490234375,,606.8519897460938
2025-11-14 05:00:00+00:00,361.14413068076556,362.5456187202767,355.11369601808246,357.6403503417969,3413300,0.0,0.0,6734.10986328125,,607.310791015625
2025-11-17 05:00:00+00:00,356.42638966289866,359.041868145389,351.46190518176184,353.36676025390625,5127200,0.0,0.0,6672.41015625,,602.1240234375
2025-11-18 05:00:00+00:00,335.55188683347126,344.25698643832635,331.63359353006973,332.09747314453125,10168500,0.0,0.0,6617.31982421875,,594.792724609375
2025-11-19 05:00:00+00:00,336.52895002522865,337.2987895104561,327.05398166236455,330.1432189941406,7595000,0.0,0.0,6642.16015625,,598.3436889648438
2025-11-20 05:00:00+00:00,331.9789845496473,334.48591014785495,327.8040984697447,328.05084228515625,4025300,0.0,0.0,6538.759765625,,584.1798095703125
2025-11-21 05:00:00+00:00,330.2123245104722,342.40147516320377,328.6627661021288,338.8483581542969,7441300,0.0,0.0,6602.990234375,,588.568603515625
2025-11-24 05:00:00+00:00,337.7429630158142,339.23327525174483,332.16652842012326,332.1961364746094,6132900,0.0,0.0,6705.1201171875,,603.6201782226562
2025-11-25 05:00:00+00:00,334.58460758656526,348.4022609972199,334.4365673240414,346.4974060058594,6316600,0.0,0.0,6765.8798828125,,607.3406982421875
2025-11-26 05:00:00+00:00,345.6979553513615,352.67584736955865,344.4543569171846,350.840087890625,4517300,0.0,0.0,6812.60986328125,,612.70703125
2025-11-28 05:00:00+00:00,350.3071085420837,353.1693306637152,348.89574120253377,352.2712097167969,2119600,0.0,0.0,6849.08984375,,617.6743774414062
2025-12-01 05:00:00+00:00,349.43856476675,357.57126106525817,348.283820626028,352.67584228515625,5107100,0.0,0.0,6812.6298828125,,615.599609375
2025-12-02 05:00:00+00:00,352.1823724687279,352.843659152709,346.72440042845625,349.4188537597656,3965300,0.0,0.0,6829.3701171875,,620.4173583984375
2025-12-03 05:00:00+00:00,349.882732257304,355.77497580787957,349.1425008068301,353.2483215332031,4166700,0.0,0.0,6849.72021484375,,621.9335327148438
2025-12-04 05:00:00+00:00,353.9238218895759,355.1357208605984,347.67558643377816,348.83782958984375,4022800,2.3,0.0,6857.1201171875,,621.35498046875
2025-12-05 05:00:00+00:00,348.3212515511384,353.2582459202786,347.20869456342865,352.25494384765625,5959200,0.0,0.0,6870.39990234375,,623.8884887695312
2025-12-08 05:00:00+00:00,349.61264208251725,349.75169655088473,343.40414957725096,347.586181640625,7273000,0.0,0.0,6846.509765625,,622.6915893554688
2025-12-09 05:00:00+00:00,345.4504738283618,354.30130457500957,342.6690509362978,342.97698974609375,5063100,0.0,0.0,6840.509765625,,623.4595947265625
2025-12-10 05:00:00+00:00,341.81475433663815,349.6821387155011,341.7154123979604,348.7980651855469,6316100,0.0,0.0,6886.68017578125,,626.0130615234375
2025-12-11 05:00:00+00:00,353.63573368926075,360.311106054643,351.58941698130747,355.0860290527344,6609800,0.0,0.0,6901.0,,623.98828125
2025-12-12 05:00:00+00:00,356.874080453864,358.3641186048678,353.685376983985,357.261474609375,3861200,0.0,0.0,6827.41015625,,612.0587158203125
2025-12-15 05:00:00+00:00,357.0032259452497,360.26144152603297,353.25824394888167,354.619140625,4387400,0.0,0.0,6816.509765625,,608.9865112304688
2025-12-16 05:00:00+00:00,354.5297438344372,356.3575203586303,349.4735512632656,350.3377685546875,3497200,0.0,0.0,6800.259765625,,610.1934204101562
2025-12-17 05:00:00+00:00,349.6324836488424,355.1257563740036,348.6490681781143,354.3807373046875,3875200,0.0,0.0,6721.43017578125,,598.8822631835938
2025-12-18 05:00:00+00:00,361.1256513405999,363.867300898311,352.20527878115774,352.6324157714844,4805200,0.0,0.0,6774.759765625,,607.5601806640625
2025-12-19 05:00:00+00:00,351.75825446616267,351.75825446616267,342.62931539004643,342.7087707519531,12825600,0.0,0.0,6834.5,,615.4799194335938
2025-12-22 05:00:00+00:00,343.0167246120468,345.58952026482746,341.41743149609056,344.0895690917969,3523700,0.0,0.0,6878.490234375,,618.4302368164062
2025-12-23 05:00:00+00:00,341.71542634950515,345.19218214085186,339.6691096517906,342.6789855957031,3873400,0.0,0.0,6909.7900390625,,621.3265380859375
2025-12-24 05:00:00+00:00,342.05315731436633,345.9471370551209,341.6160770277029,345.0332336425781,1368600,0.0,0.0,6932.0498046875,,623.144287109375
2025-12-26 05:00:00+00:00,344.68555177843547,347.725227205995,344.2683580691099,347.45703125,1786900,0.0,0.0,6929.93994140625,,623.1043090820312
2025-12-29 05:00:00+00:00,347.6755698297849,347.99345191206334,342.46043628233815,345.14251708984375,3790000,0.0,0.0,6905.740234375,,620.088134765625
2025-12-30 05:00:00+00:00,343.7319531054053,344.675656115401,341.43729664415844,344.0498352050781,2392600,0.0,0.0,6896.240234375,,618.64990234375
2025-12-31 05:00:00+00:00,343.2054545136881,344.4074101353893,341.6856168104928,341.81475830078125,2317500,0.0,0.0,6845.5,,613.536376953125
2026-01-02 05:00:00+00:00,341.1492038747843,346.17559695499574,338.65589391212825,343.5233459472656,3763000,0.0,0.0,6858.47021484375,,612.347900390625
2026-01-05 05:00:00+00:00,340.42405666784333,345.0431688048036,338.9836743505026,341.8048095703125,4725300,0.0,0.0,6902.0498046875,,617.2117309570312
2026-01-06 05:00:00+00:00,339.2320327970689,348.35105937530454,335.46719442807296,346.9703063964844,4680300,0.0,0.0,6944.81982421875,,622.6348876953125
2026-01-07 05:00:00+00:00,350.9933957525593,356.1191308129272,346.71202173757393,346.7418212890625,4442700,0.0,0.0,6920.93017578125,,623.2341918945312
2026-01-08 05:00:00+00:00,343.01672568657614,360.8276417408881,341.8147700236527,357.1720886230469,5196500,0.0,0.0,6921.4599609375,,619.6885986328125
2026-01-09 05:00:00+00:00,361.0859156869664,372.9962777305898,358.9104575386532,372.1519470214844,7093500,0.0,0.0,6966.27978515625,,625.86083984375
2026-01-12 05:00:00+00:00,372.1519556576171,373.92013311032497,366.7977371705141,372.449951171875,5859800,0.0,0.0,6977.27001953125,,626.3801879882812
2026-01-13 05:00:00+00:00,373.3737545217122,377.6551283779304,368.3573048794318,377.2180480957031,4785800,0.0,0.0,6963.740234375,,625.4513549804688
2026-01-14 05:00:00+00:00,374.1883228698991,377.56573667341854,371.48638576410264,373.4532470703125,4959900,0.0,0.0,6926.60009765625,,618.769775390625
2026-01-15 05:00:00+00:00,373.5227759815251,377.65515234811215,371.9731386334182,376.6419372558594,2990100,0.0,0.0,6944.47021484375,,620.9970092773438
2026-01-16 05:00:00+00:00,376.731329708075,380.22794181533516,375.00289507478516,377.6452331542969,3709000,0.0,0.0,6940.009765625,,620.4776611328125
2026-01-20 05:00:00+00:00,369.7678700259122,374.8340059690943,368.83411032868275,372.6188049316406,5353700,0.0,0.0,6796.85986328125,,607.2942504882812
2026-01-21 05:00:00+00:00,373.3042223623911,383.3570388141971,372.1916653643805,382.0855407714844,5169800,0.0,0.0,6875.6201171875,,615.50390625
2026-01-22 05:00:00+00:00,383.8835298865552,388.00596294559887,378.0028323064579,378.49951171875,4828100,0.0,0.0,6913.35009765625,,619.978271484375
2026-01-23 05:00:00+00:00,378.96636947208333,381.81730428194743,376.6915694083111,381.2212829589844,3138300,0.0,0.0,6915.60986328125,,621.935791015625
2026-01-26 05:00:00+00:00,382.4431444008933,384.8470860756858,379.41341213614703,383.9629821777344,3984800,0.0,0.0,6950.22998046875,,624.67236328125
2026-01-27 05:00:00+00:00,382.39346672460346,383.93316067638693,375.7578071695762,377.83392333984375,3466100,0.0,0.0,6978.60009765625,,630.335205078125
2026-01-28 05:00:00+00:00,377.68495163731194,378.469713599879,371.16852014855374,372.80755615234375,3371500,0.0,0.0,6978.02978515625,,632.4225463867188
2026-01-29 05:00:00+00:00,372.41020377871445,374.58566195091487,367.69174953292077,369.3407287597656,4744500,0.0,0.0,6969.009765625,,628.6373291015625
2026-01-30 05:00:00+00:00,369.93674952409896,372.62874334883867,366.1023688423251,372.1022644042969,3755600,0.0,0.0,6939.02978515625,,621.0868530273438
2026-02-02 05:00:00+00:00,371.7545886781475,377.1286634393594,365.79443586104213,375.60882568359375,4757200,0.0,0.0,6976.43994140625,,625.3515014648438
2026-02-03 05:00:00+00:00,374.784336298687,389.178095078329,374.49625376915304,378.56903076171875,5684400,0.0,0.0,6917.81005859375,,615.7435913085938
2026-02-04 05:00:00+00:00,382.0358578035837,387.9364115092612,381.8073743658894,384.6285400390625,5574700,0.0,0.0,6882.72021484375,,604.9871826171875
2026-02-05 05:00:00+00:00,384.1119708975344,384.4298529869508,378.300815894053,379.8305969238281,3759700,0.0,0.0,6798.39990234375,,596.2781982421875
2026-02-06 05:00:00+00:00,378.8074379970947,383.80403150685515,376.58232400440914,382.5921325683594,4685400,0.0,0.0,6932.2998046875,,608.8822631835938
2026-02-09 05:00:00+00:00,381.8073670021955,383.21794981157694,375.6883035805272,378.4696960449219,3639300,0.0,0.0,6964.81982421875,,613.54638671875
2026-02-10 05:00:00+00:00,381.26102984396755,389.1383576714219,379.40345378102705,387.092041015625,3160800,0.0,0.0,6941.81005859375,,610.699951171875
2026-02-11 05:00:00+00:00,382.4431478474671,388.82052484623523,379.54252673822134,388.0854187011719,3229900,0.0,0.0,6941.47021484375,,612.337890625
2026-02-12 05:00:00+00:00,390.9363505278487,394.98927147987234,386.4165800338773,387.62847900390625,3702200,0.0,0.0,6832.759765625,,599.8836059570312
2026-02-13 05:00:00+00:00,387.6086111767133,391.38336244489005,384.5291928711457,388.45294189453125,2875900,0.0,0.0,6836.169921875,,601.1619873046875
2026-02-17 05:00:00+00:00,389.6251243794935,391.383358503058,377.97301500104965,380.49615478515625,3485300,0.0,0.0,6843.22021484375,,600.542724609375
2026-02-18 05:00:00+00:00,380.20808605237943,382.5623415911367,377.0194127476642,380.97296142578125,2982600,0.0,0.0,6881.31005859375,,605.027099609375
2026-02-19 05:00:00+00:00,381.1915004841036,381.1915004841036,374.88369628532166,376.0657653808594,2930900,0.0,0.0,6861.89013671875,,602.7100219726562
2026-02-20 05:00:00+00:00,374.94328522543316,382.26433461466456,373.4532470491205,379.7113952636719,3984100,0.0,0.0,6909.509765625,,608.0433349609375
2026-02-23 05:00:00+00:00,378.4597633654655,381.5888678692561,367.1255357042491,374.486328125,5495700,0.0,0.0,6837.75,,600.652587890625
2026-02-24 05:00:00+00:00,386.52583103885803,391.7310518043431,379.67166133002365,381.9266052246094,5675800,0.0,0.0,6890.06982421875,,607.1044921875
2026-02-25 05:00:00+00:00,378.53924859561505,378.9067865045354,368.90365602300443,373.0757751464844,5036900,0.0,0.0,6946.1298828125,,615.9033813476562
2026-02-26 05:00:00+00:00,375.8869530969669,378.9465150897313,372.4499402355274,372.59893798828125,2889400,0.0,0.0,6908.85986328125,,608.4727783203125
2026-02-27 05:00:00+00:00,371.3771017910201,379.65179746829824,369.8672073471929,378.1915588378906,4819500,0.0,0.0,6878.8798828125,,606.5252075195312
2026-03-02 05:00:00+00:00,372.50955747248184,372.61881239151916,366.5494045529221,368.3473815917969,4537600,0.0,0.0,6881.6201171875,,607.32421875
2026-03-03 05:00:00+00:00,361.31439841223744,366.3308481037484,357.72835746807624,364.48321533203125,3964700,0.0,0.0,6816.6298828125,,600.8224487304688
2026-03-04 05:00:00+00:00,363.76801338863316,367.1156277743356,359.1091580799838,366.6586608886719,4324400,0.0,0.0,6869.5,,609.9808959960938
2026-03-05 05:00:00+00:00,363.6885307766607,364.54283513606134,356.8145046345245,359.27801513671875,4752200,0.0,0.0,6830.7099609375,,608.1431274414062
2026-03-06 05:00:00+00:00,355.16551806869916,357.0628370370768,350.8742007260305,355.5429992675781,4167400,0.0,0.0,6740.02001953125,,598.9946899414062
2026-03-09 04:00:00+00:00,353.23840507608844,354.1224786686976,343.3445596436474,351.2119445800781,4224500,0.0,0.0,6795.990234375,,606.99462890625
2026-03-10 04:00:00+00:00,350.69538620676036,359.23827763224915,348.6887821037957,354.778076171875,3986000,0.0,0.0,6781.47998046875,,607.004638671875
2026-03-11 04:00:00+00:00,353.09932272941114,353.95362709060527,346.7914880690304,348.510009765625,3197100,0.0,0.0,6775.7998046875,,606.9247436523438
2026-03-12 04:00:00+00:00,346.0400085449219,348.6700134277344,338.70001220703125,338.92999267578125,3893600,2.33,0.0,6672.6201171875,,596.5078735351562
2026-03-13 04:00:00+00:00,341.69000244140625,343.4200134277344,338.0299987792969,339.0299987792969,2531900,0.0,0.0,6632.18994140625,,592.9722900390625
2026-03-16 04:00:00+00:00,342.44000244140625,345.239990234375,340.6499938964844,342.5799865722656,3194400,0.0,0.0,6699.3798828125,,599.6239013671875
2026-03-17 04:00:00+00:00,344.8900146484375,346.7799987792969,340.94000244140625,341.42999267578125,3075900,0.0,0.0,6716.08984375,,602.5502319335938
2026-03-18 04:00:00+00:00,338.6000061035156,339.79998779296875,330.1400146484375,330.92999267578125,3592200,0.0,0.0,6624.7001953125,,594.15087890625
2026-03-19 04:00:00+00:00,328.9599914550781,330.2300109863281,324.6300048828125,328.2099914550781,3845400,0.0,0.0,6606.490234375,,592.273193359375
2026-03-20 04:00:00+00:00,327.75,330.2300109863281,320.260009765625,320.75,9672200,0.0,0.0,6506.47998046875,,581.3269653320312
2026-03-23 04:00:00+00:00,331.989990234375,334.7200012207031,328.2099914550781,330.8999938964844,5806300,0.0,0.0,6581.0,,588.0
2026-03-24 04:00:00+00:00,325.8999938964844,332.5199890136719,323.0199890136719,330.9100036621094,4566400,0.0,0.0,6556.3701171875,,583.97998046875
2026-03-25 04:00:00+00:00,335.0,337.19000244140625,326.989990234375,332.510009765625,4397800,0.0,0.0,6591.89990234375,,587.8200073242188
2026-03-26 04:00:00+00:00,331.44000244140625,334.1199951171875,326.5899963378906,328.42999267578125,3448400,0.0,0.0,6477.16015625,,573.7899780273438
2026-03-27 04:00:00+00:00,327.5,327.5400085449219,320.739990234375,321.6499938964844,3977400,0.0,0.0,6368.85009765625,,562.5800170898438
2026-03-30 04:00:00+00:00,325.7200012207031,327.989990234375,322.5799865722656,323.5,4066000,0.0,0.0,6343.72021484375,,558.280029296875
2026-03-31 04:00:00+00:00,328.489990234375,331.44000244140625,323.4100036621094,328.8900146484375,5749100,0.0,0.0,6528.52001953125,,577.1799926757812
2026-04-01 04:00:00+00:00,329.3699951171875,333.0899963378906,327.80999755859375,329.55999755859375,3386200,0.0,0.0,6575.31982421875,,584.3099975585938
2026-04-02 04:00:00+00:00,323.6000061035156,326.29998779296875,318.6600036621094,321.6300048828125,3732300,0.0,0.0,6582.68994140625,,584.97998046875
