Date,Open,High,Low,Close,Volume,Dividends,Stock Splits,snp500,vix_close,qqq_close,close,log_ret,rv_5,snp500_change,vix_change,qqq_change,earnings_week
2021-04-12 04:00:00+00:00,139.88772818042887,140.7474315913991,139.23644133133578,140.36534118652344,5022800,0.0,0.0,4127.990234375,,326.7147216796875,140.36534118652344,0.002415682127653781,0.08377051351579194,-0.00019607884876882142,0.0,-0.0013049711761727867,1
2021-04-13 04:00:00+00:00,136.21448134128715,138.88040876247305,135.92791352231558,138.48963928222656,18424100,0.0,0.0,4141.58984375,,330.5285339355469,138.48963928222656,-0.01345308726878731,0.11203478100509917,0.0032944868090414303,0.0,0.011673218262868712,1
2021-04-14 04:00:00+00:00,137.05681828526284,139.03672942230514,136.80497992765402,138.87173461914062,7718300,0.0,0.0,4124.66015625,,326.5594787597656,138.87173461914062,0.002755218387145049,0.11726596371737703,-0.004087726727828533,0.0,-0.01200820736570729,1
2021-04-15 04:00:00+00:00,139.5664751209998,141.01667270765958,139.14096280796215,139.2799072265625,7524600,0.0,0.0,4170.419921875,,331.50860595703125,139.2799072265625,0.0029348947768195774,0.12912964597330312,0.01109419052516647,0.0,0.015155362251501048,1
2021-04-16 04:00:00+00:00,140.10483084811534,141.12083679377923,139.42749355100608,140.88638305664062,9049400,0.0,0.0,4185.47021484375,,331.8967590332031,140.88638305664062,0.01146814226052245,0.1435417291439476,0.0036088195555097347,0.0,0.0011708687774525384,1
2021-04-19 04:00:00+00:00,141.1121201153399,141.64183383471442,139.67060235435846,141.27711486816406,8353500,0.0,0.0,4163.259765625,,328.8593444824219,141.27711486816406,0.002769543645098973,0.1437486153166572,-0.005306560094486046,0.0,-0.009151684878240696,1
2021-04-20 04:00:00+00:00,139.80956649474865,145.70587716454045,139.80956649474865,144.56829833984375,14050700,0.0,0.0,4134.93994140625,,326.4623718261719,144.56829833984375,0.023028733485893158,0.1412437231635987,-0.006802319771775922,0.0,-0.007288747291102515,0
2021-04-21 04:00:00+00:00,144.4727884132465,144.94172237094054,143.53493374832343,144.66383361816406,6333200,0.0,0.0,4173.419921875,,329.2572326660156,144.66383361816406,0.0006606131977657863,0.1473471230994234,0.009306055472153574,0.0,0.008561050464130915,0
2021-04-22 04:00:00+00:00,144.01254294821308,144.39463334793325,142.9531152946125,143.4394073486328,7233000,0.0,0.0,4134.97998046875,,325.2881774902344,143.4394073486328,-0.008499964369843287,0.1893341313397204,-0.009210657476561801,0.0,-0.012054572480135306,0
2021-04-23 04:00:00+00:00,142.87496153279167,144.20358560353327,142.41471990046756,143.7346649169922,6015300,0.0,0.0,4180.169921875,,329.38348388671875,143.7346649169922,0.002056297562435988,0.18355236809508052,0.010928696540176919,0.0,0.012589779401396495,0
2021-04-26 04:00:00+00:00,143.46548318244982,143.63915703783726,142.20631791734286,142.51893615722656,6027800,0.0,0.0,4187.6201171875,,331.52801513671875,142.51893615722656,-0.008494118954448016,0.20453932589426133,0.001782270924804541,0.0,0.006510743115272666,0
2021-04-27 04:00:00+00:00,142.20631542466015,142.33658075176672,141.08610781415098,141.70265197753906,6217700,0.0,0.0,4186.72021484375,,330.0917663574219,141.70265197753906,-0.005744014234781676,0.08011844458869219,-0.00021489588801437698,0.0,-0.004332209387205466,0
2021-04-28 04:00:00+00:00,141.42473359775957,141.7199803822996,140.37398524629916,140.66055297851562,7448000,0.0,0.0,4183.18017578125,,328.9757995605469,140.66055297851562,-0.007381299773971827,0.07036794527916959,-0.0008455399168898481,0.0,-0.003380777440133542,0
2021-04-29 04:00:00+00:00,140.5910968555509,142.6404797270613,140.51294562433395,142.58837890625,6394300,0.0,0.0,4211.47021484375,,330.1598205566406,142.58837890625,0.01361244812792698,0.14680107481653062,0.006762806734045723,0.0,0.003599112754419709,0
2021-04-30 04:00:00+00:00,142.54494511226574,142.70126081197438,141.12949101461584,141.3118438720703,9079100,0.0,0.0,4181.169921875,,327.9957275390625,141.3118438720703,-0.008992903384884517,0.1522627563181653,-0.007194706699326425,0.0,-0.0065546831650487025,0
2021-05-03 04:00:00+00:00,142.0673882060024,143.56100722813017,141.65055504833936,143.46548461914062,6594100,0.0,0.0,4192.66015625,,326.2489318847656,143.46548461914062,0.015125374038276703,0.19010699933147118,0.002748090747253684,0.0,-0.005325665878037511,0
2021-05-04 04:00:00+00:00,143.13546091215494,145.7579792564697,142.99651655937183,145.68850708007812,10179500,0.0,0.0,4164.66015625,,320.3777770996094,145.68850708007812,0.015376348409982487,0.19953355193208702,-0.006678337608227225,0.0,-0.017995935653300488,0
2021-05-05 04:00:00+00:00,145.45404074307478,146.23557954240468,144.83748345658705,145.0806427001953,7792300,0.0,0.0,4167.58984375,,319.3006286621094,145.0806427001953,-0.004181085000745372,0.18739360367870908,0.0007034637617677753,0.0,-0.003362119705216271,0
2021-05-06 04:00:00+00:00,144.83748649332657,145.79271237961342,144.35988680064628,145.66246032714844,5529900,0.0,0.0,4201.6201171875,,321.707275390625,145.66246032714844,0.004002285161974364,0.17544512194628628,0.008165456466051824,0.0,0.007537243940294314,0
2021-05-07 04:00:00+00:00,146.14877488355233,146.91294246007763,145.7406340555429,146.32244873046875,5316200,0.0,0.0,4232.60009765625,,324.31781005859375,146.32244873046875,0.004520709850760906,0.1319423407131259,0.007373341616968343,0.0,0.008114627388513318,0
2021-05-10 04:00:00+00:00,147.53817129831504,148.9536389160714,146.95635665340316,147.85948181152344,8357500,0.0,0.0,4188.43017578125,,316.1273193359375,147.85948181152344,0.010449636145528317,0.11706929968039859,-0.010435647322188157,0.0,-0.025254520315046824,0
2021-05-11 04:00:00+00:00,148.18946272936304,148.38050793218665,146.13140052222187,146.65243530273438,8217900,0.0,0.0,4152.10009765625,,315.69061279296875,146.65243530273438,-0.008196974024696742,0.11816227499042913,-0.00867391280271812,0.0,-0.0013814261414866191,0
2021-05-12 04:00:00+00:00,146.35718229787645,147.4513527399721,145.84483979746386,146.0619354248047,6758300,0.0,0.0,4063.0400390625,,307.5196228027344,146.0619354248047,-0.004034654516594987,0.11773668751520466,-0.021449400664502738,0.0,-0.025882904524604733,0
2021-05-13 04:00:00+00:00,144.99380298254027,148.23286545897665,144.99380298254027,147.59027099609375,8018600,0.0,0.0,4112.5,,309.89727783203125,147.59027099609375,0.010409248340414437,0.13443730344643104,0.012173141406923493,0.0,0.007731718085587369,0
2021-05-14 04:00:00+00:00,148.91024311077567,149.02313708784314,147.77266403575246,147.8160858154297,5797700,0.0,0.0,4173.85009765625,,316.73870849609375,147.8160858154297,0.0015288422751457737,0.13346021255951496,0.014917956876899785,0.0,0.022076446466143596,0
2021-05-17 04:00:00+00:00,147.97237839598688,149.26627314096268,147.89422714809015,147.9636993408203,5722600,0.0,0.0,4163.2900390625,,314.81719970703125,147.9636993408203,0.0009981313467236144,0.11085352119973316,-0.0025300521932207776,0.0,-0.006066542350273596,0
2021-05-18 04:00:00+00:00,147.6076367994179,148.8146878066877,147.2168673690936,148.01577758789062,5846000,0.0,0.0,4127.830078125,,312.69207763671875,148.01577758789062,0.0003519044505932116,0.08361022115067858,-0.008517292959364653,0.0,-0.0067503366153124356,0
2021-05-19 04:00:00+00:00,147.54686509910698,147.7639607113708,145.92298090905751,147.69448852539062,5533800,0.0,0.0,4115.68017578125,,313.051025390625,147.69448852539062,-0.0021729998971509296,0.0760580431204016,-0.002943411456817757,0.0,0.0011479272408150276,0
2021-05-20 04:00:00+00:00,147.5729227629576,149.00574857410936,147.35582714002763,148.55419921875,4853200,0.0,0.0,4159.1201171875,,319.1064758300781,148.55419921875,0.005803996049955473,0.04586473889864267,0.010554741756143349,0.0,0.019343333668679463,0
2021-05-21 04:00:00+00:00,148.77996119478738,150.00438358369274,148.38049945249435,148.4586639404297,6501800,0.0,0.0,4155.85986328125,,317.3403625488281,148.4586639404297,-0.0006433073678956178,0.04774182370352772,-0.0007838806801412357,0.0,-0.005534557945450325,0
2021-05-24 04:00:00+00:00,149.33246394674705,149.7256847430146,148.34507868743637,149.02664184570312,5195100,1.06,0.0,4197.0498046875,,322.6777648925781,149.02664184570312,0.003818532104782114,0.05221688597524399,0.009911292190138532,0.0,0.01681917264126387,0
2021-05-25 04:00:00+00:00,149.13149049749106,149.44605912805136,148.3188626462051,148.61595153808594,7444700,0.0,0.0,4188.1298828125,,323.1241760253906,148.61595153808594,-0.0027596222945313253,0.06031469789030042,-0.0021252837802967495,0.0,0.0013834579924065782,0
2021-05-26 04:00:00+00:00,148.54607220898737,148.61597784294443,147.0431344117514,147.7334442138672,5726400,0.0,0.0,4195.990234375,,324.2497863769531,147.7334442138672,-0.0059558746911037045,0.07603021358819642,0.0018768165702687245,0.0,0.003483522543587192,0
2021-05-27 04:00:00+00:00,147.89944835131257,148.69460990154064,147.13051307911692,147.50624084472656,8114700,0.0,0.0,4200.8798828125,,323.0367736816406,147.50624084472656,-0.0015391116133096577,0.056364742022534886,0.0011653145418315525,0.0,-0.0037409822497225242,0
2021-05-28 04:00:00+00:00,148.12661582591946,149.42856960995135,147.8207804181474,147.89068603515625,6400800,0.0,0.0,4204.10986328125,,324.0557861328125,147.89068603515625,0.0026029072918649396,0.063435742920931,0.0007688818911402162,0.0,0.0031544781715042713,0
2021-06-01 04:00:00+00:00,148.6771048006733,148.72079747909368,144.5090872754114,144.64015197753906,10448400,0.0,0.0,4202.0400390625,,322.9786071777344,144.64015197753906,-0.022224445615386158,0.15218866379611615,-0.0004923335226864056,0.0,-0.003324054070852678,0
2021-06-02 04:00:00+00:00,144.4391862920178,145.68871426951407,144.27316210857225,145.22560119628906,6806000,0.0,0.0,4208.1201171875,,323.60931396484375,145.22560119628906,0.0040394562545879855,0.16806550105600507,0.0014469348384307246,0.0,0.0019527819276348168,0
2021-06-03 04:00:00+00:00,144.9547202103302,146.05570370467552,144.7974425681952,145.08578491210938,5808800,0.0,0.0,4192.85009765625,,320.2419128417969,145.08578491210938,-0.0009632160616493578,0.1692898839679758,-0.0036287033416374515,0.0,-0.010405760828666066,0
2021-06-04 04:00:00+00:00,145.93332801028504,146.4226671927119,144.9371965790354,145.0245819091797,6510300,0.0,0.0,4229.89013671875,,325.6763000488281,145.0245819091797,-0.00042192910586577804,0.170336273950007,0.008834095710505974,0.0,0.016969631360264525,0
2021-06-07 04:00:00+00:00,145.05084294536476,145.33046542805525,143.85374085753898,144.0372314453125,5362800,0.0,0.0,4226.52001953125,,326.6468200683594,144.0372314453125,-0.006831440599226296,0.16239570065907402,-0.0007967387044511831,0.0,0.0029800142638127802,0
2021-06-08 04:00:00+00:00,144.42169978356992,144.75374813489597,141.61680853443477,142.7702178955078,7746800,0.0,0.0,4227.259765625,,326.80206298828125,142.7702178955078,-0.008835347861327602,0.08259705489545831,0.00017502486450582388,0.0,0.00047526230284256066,0
2021-06-09 04:00:00+00:00,143.29449365582346,144.85859008238535,143.00613800180497,144.69256591796875,5552600,0.0,0.0,4219.5498046875,,326.8796691894531,144.69256591796875,0.013374786492092039,0.1379389675923435,-0.0018238673194856947,0.0,0.00023747157671594188,0
2021-06-10 04:00:00+00:00,145.0508618685989,146.43146805744496,145.00716918333666,145.99456787109375,6463100,0.0,0.0,4239.18017578125,,330.2859191894531,145.99456787109375,0.008958158162198387,0.15395928377212037,0.004652243012262192,0.0,0.010420501245753,0
2021-06-11 04:00:00+00:00,145.9858551991505,145.994588404177,143.49551845344658,144.1421356201172,7389900,0.0,0.0,4247.43994140625,,331.1496276855469,144.1421356201172,-0.012769548976724837,0.18435569843878002,0.0019484346695590737,0.0,0.0026150327516636374,0
2021-06-14 04:00:00+00:00,143.74013378130095,144.57898784502262,143.21584832483327,144.50033569335938,4931300,0.0,0.0,4255.14990234375,,334.3229064941406,144.50033569335938,0.0024819650101572553,0.1782541091277863,0.0018152018730952513,0.0,0.00958261324577725,0
2021-06-15 04:00:00+00:00,144.37800315019987,144.92850154218272,143.644014182978,143.7313995361328,5062900,0.0,0.0,4246.58984375,,332.1394348144531,143.7313995361328,-0.005335553913208279,0.1679660359891378,-0.0020116937805257917,0.0,-0.006531026254181449,0
2021-06-16 04:00:00+00:00,144.00225491336073,144.83236231733162,142.84883241536508,143.67893981933594,6988500,0.0,0.0,4223.7001953125,,330.9264221191406,143.67893981933594,-0.0003650510103226975,0.1299838351769399,-0.005390124612855707,0.0,-0.0036521188638444224,0
2021-06-17 04:00:00+00:00,143.46929509318366,144.78872894584862,142.8663706616766,144.3693084716797,5874700,0.0,0.0,4221.85986328125,,335.1282653808594,144.3693084716797,0.004793432894124533,0.11104652714514136,-0.00043571559205179966,0.0,0.012697212978074024,0
2021-06-18 04:00:00+00:00,142.66537203220506,143.4692666705766,141.37213804891994,141.5381622314453,12993000,0.0,0.0,4166.4501953125,,332.4984130859375,141.5381622314453,-0.019805280187694816,0.1554400362431205,-0.013124468779900589,0.0,-0.007847300769850518,0
2021-06-21 04:00:00+00:00,142.2284623496783,143.53041611504443,141.77408251220172,143.16342163085938,6592300,0.0,0.0,4224.7900390625,,334.5649719238281,143.16342163085938,0.01141740788851766,0.18730996942368114,0.014002289962720793,0.0,0.006215244213380711,0
2021-06-22 04:00:00+00:00,143.0498588284371,143.33820120606816,142.6741177508443,142.97120666503906,5627800,0.0,0.0,4246.43994140625,,337.6837158203125,142.97120666503906,-0.0013435283655005028,0.18476884751981895,0.005124491902218642,0.0,0.009321788466230885,0
2021-06-23 04:00:00+00:00,143.0323509180775,143.0323509180775,141.9750468535056,142.1061248779297,4493400,0.0,0.0,4241.83984375,,337.8487854003906,142.1061248779297,-0.006069121229743637,0.1878282719384205,-0.0010832833431588806,0.0,0.0004888289613762531,0
2021-06-24 04:00:00+00:00,142.6654050533593,143.47803308248325,142.2547177698869,142.75277709960938,4549200,0.0,0.0,4266.490234375,,339.93768310546875,142.75277709960938,0.004540165871473282,0.18724175660125955,0.005811249724885448,0.0,0.006182936850291032,0
2021-06-25 04:00:00+00:00,142.3770252394802,143.9848146166444,142.33333255717073,143.48675537109375,10963800,0.0,0.0,4280.7001953125,,339.5198974609375,143.48675537109375,0.005128431239621818,0.10605023387504886,0.0033305973193167304,0.0,-0.0012290065658935312,0
2021-06-28 04:00:00+00:00,143.68770370406708,144.23820208396057,142.8838091386021,143.32070922851562,5604000,0.0,0.0,4290.60986328125,,343.6489562988281,143.32070922851562,-0.001157892883727052,0.0738858949272511,0.0023149642620619026,0.0,0.012161463492329494,0
2021-06-29 04:00:00+00:00,143.30323957405997,143.86247119516997,142.78770063164194,143.32945251464844,3749500,0.0,0.0,4291.7998046875,,344.892578125,143.32945251464844,6.1003182990413294e-05,0.07267681687828548,0.00027733619326086867,0.0,0.0036188726995300957,0
2021-06-30 04:00:00+00:00,143.30324262687168,144.15082994564474,143.01488694112203,143.94985961914062,6151700,0.0,0.0,4297.5,,344.3484802246094,143.94985961914062,0.004319197678263159,0.04606256755724891,0.0013281596467464851,0.0,-0.0015775865730385252,0
2021-07-01 04:00:00+00:00,143.94981681507338,145.05953321533664,143.85369828173808,145.01585388183594,6320200,0.0,0.0,4319.93994140625,,344.484619140625,145.01585388183594,0.007378031707800217,0.05682609190755751,0.0052216268542757405,0.0,0.00039535216164399145,0
2021-07-02 04:00:00+00:00,145.06829851163386,147.93436181598085,144.73625020205031,147.6547393798828,9059900,0.0,0.0,4352.33984375,,348.4388122558594,147.6547393798828,0.018033632861203623,0.12184817026706618,0.007500081663913916,0.0,0.011478576678107588,0
2021-07-06 04:00:00+00:00,146.71982142623386,147.54992910035463,145.91592669622275,146.77224731445312,6098500,0.0,0.0,4343.5400390625,,349.9447021484375,146.77224731445312,-0.005994659104460902,0.14220338338243907,-0.0020218560598241897,0.0,0.0043218201865307115,0
2021-07-07 04:00:00+00:00,146.34404583270182,148.10912587433373,146.34404583270182,148.03048706054688,6293500,0.0,0.0,4358.1298828125,,350.6831359863281,148.03048706054688,0.00853619888611944,0.1372029080219875,0.003358975310182588,0.0,0.0021101443552569155,0
2021-07-08 04:00:00+00:00,147.4100781513487,148.0741747783388,146.43142627974024,147.74212646484375,5755500,0.0,0.0,4320.81982421875,,348.5650634765625,147.74212646484375,-0.0019498809144577682,0.14997364431171592,-0.008561024934316985,0.0,-0.0060398470653809655,0
2021-07-09 04:00:00+00:00,147.995542584127,148.86934282531925,147.88195761930285,148.3275909423828,6120900,0.0,0.0,4369.5498046875,,350.7413635253906,148.3275909423828,0.003954914712569833,0.14880706112145614,0.011277947808795874,0.0,0.006243597757967567,0
2021-07-12 04:00:00+00:00,148.31010960383918,149.5771172732687,147.27028519473998,148.09165954589844,7840500,0.0,0.0,4384.6298828125,,352.1111755371094,148.09165954589844,-0.0015918766808700113,0.09016176853953219,0.0034511743312370946,0.0,0.0039054760976875436,0
2021-07-13 04:00:00+00:00,147.64606032829934,148.33635680424578,147.38391753159868,147.908203125,4691200,0.0,0.0,4369.2099609375,,352.1111755371094,147.908203125,-0.0012395711452949613,0.07295909346099616,-0.0035168126585656267,0.0,0.0,1
2021-07-14 04:00:00+00:00,148.5460608695146,149.2713167666773,147.70720665920135,148.91305541992188,6162900,0.0,0.0,4374.2998046875,,352.7427978515625,148.91305541992188,0.006770782784722003,0.06264418997719011,0.0011649345752446916,0.0,0.0017938150173439915,1
2021-07-15 04:00:00+00:00,147.93440642016066,148.4586786462221,146.5538002252016,147.12176513671875,6656900,0.0,0.0,4360.02978515625,,350.2652893066406,147.12176513671875,-0.012102036796712798,0.11460296878987825,-0.0032622408541723713,0.0,-0.007023555293011019,1
2021-07-16 04:00:00+00:00,147.09552199556666,147.7508721434616,146.75474045198658,146.8858184814453,5834900,0.0,0.0,4327.16015625,,347.4284362792969,146.8858184814453,-0.0016050382308005593,0.10645032381785342,-0.007538854211077806,0.0,-0.00809915545145612,1
2021-07-19 04:00:00+00:00,145.47023514795998,146.96443916739042,144.4566371774502,145.81976318359375,8219700,0.0,0.0,4258.490234375,,344.5817565917969,145.81976318359375,-0.007284179587281487,0.11271799499002141,-0.015869512427409305,0.0,-0.008193571366770791,1
2021-07-20 04:00:00+00:00,145.83727244618944,149.25383499975257,145.78484655871955,147.19166564941406,9902800,0.0,0.0,4323.06005859375,,348.5845031738281,147.19166564941406,0.009364225117768764,0.1443861104290224,0.015162609437855634,0.0,0.011616246378281181,1
2021-07-21 04:00:00+00:00,147.93437865833758,148.27516020792288,146.3440558715175,148.10040283203125,7585200,0.0,0.0,4358.68994140625,,351.27569580078125,148.10040283203125,0.00615485580794222,0.1423574184984882,0.008241819990835397,0.0,0.0077203450022880205,0
2021-07-22 04:00:00+00:00,147.98685816795822,149.48106293956502,147.36645392560644,148.5286102294922,5281900,0.0,0.0,4367.47998046875,,353.59771728515625,148.5286102294922,0.002887159893712023,0.10392267184568096,0.0020166699583279435,0.0,0.006610253746937023,0
2021-07-23 04:00:00+00:00,149.4198264251611,150.45090420760667,148.87807459595288,150.11012268066406,5014900,0.0,0.0,4411.7900390625,,357.72686767578125,150.11012268066406,0.010591574779534936,0.11360286995890789,0.010145452020822843,0.0,0.01167753689794071,0
2021-07-26 04:00:00+00:00,150.13634385362172,150.4159529603489,149.2974898671766,150.18002319335938,4484900,0.0,0.0,4422.2998046875,,358.0086669921875,150.18002319335938,0.0004655531652854553,0.0676703060997208,0.0023821998626283314,0.0,0.0007877499340129823,0
2021-07-27 04:00:00+00:00,150.11886217954344,150.92275668406057,149.13146378459675,150.87033081054688,7089300,0.0,0.0,4401.4599609375,,354.0640869140625,150.87033081054688,0.004586002426848613,0.06033162490013574,-0.0047124448070912095,0.0,-0.011018113363750137,0
2021-07-28 04:00:00+00:00,150.9315052536164,151.49948338515532,150.36354045521045,150.45091247558594,5750700,0.0,0.0,4400.64013671875,,355.42431640625,150.45091247558594,-0.0027838635023374626,0.07934285297888219,-0.0001862618826539153,0.0,0.003841760693785501,0
2021-07-29 04:00:00+00:00,150.94025178884704,151.46452391049874,149.4984734547556,150.45091247558594,4214100,0.0,0.0,4419.14990234375,,356.0558166503906,150.45091247558594,0.0,0.08252735165046912,0.004206152980007483,0.0,0.0017767502531222945,0
2021-07-30 04:00:00+00:00,150.765503219179,151.1499774980569,150.15384565420734,150.46841430664062,5346400,0.0,0.0,4395.259765625,,354.20013427734375,150.46841430664062,0.00011632241279803935,0.04190605484404802,-0.0054060480514769305,0.0,-0.005211773790144147,0
2021-08-02 04:00:00+00:00,150.7043289151048,151.02763073827956,149.68198423118977,150.52957153320312,3721500,0.0,0.0,4387.16015625,,354.229248046875,150.52957153320312,0.00040636303418071986,0.041909162573335226,-0.001842805614891363,0.0,8.219581731849779e-05,0
2021-08-03 04:00:00+00:00,150.93152259887395,152.47815286840998,150.6781263775916,152.3820343017578,6033000,0.0,0.0,4423.14990234375,,356.3763732910156,152.3820343017578,0.012231197664187997,0.0931234731037973,0.0082034265474622,0.0,0.006061400225925162,0
2021-08-04 04:00:00+00:00,152.21598355539828,152.556765080779,151.39460928060055,151.48199462890625,4793100,0.0,0.0,4402.66015625,,356.8912353515625,151.48199462890625,-0.005923980591907241,0.10516334009898304,-0.004632387901412294,0.0,0.001444714350147036,0
2021-08-05 04:00:00+00:00,151.91016645320192,151.91016645320192,150.6606252639964,151.77035522460938,4291000,0.0,0.0,4429.10009765625,,359.15509033203125,151.77035522460938,0.0019017869622718606,0.10447148514162537,0.006005446813494242,0.0,0.006343263034293001,0
2021-08-06 04:00:00+00:00,151.98880555459831,151.98880555459831,150.68683848551032,151.2635498046875,4581100,0.0,0.0,4436.52001953125,,357.5810852050781,151.2635498046875,-0.0033448791308914165,0.11058457083167836,0.001675266241764728,0.0,-0.004382522117389431,0
2021-08-09 04:00:00+00:00,151.79659025879758,152.25970335443,151.1062805503484,151.78785705566406,3950200,0.0,0.0,4432.35009765625,,358.24176025390625,151.78785705566406,0.003460190332275912,0.1115783758473379,-0.0009399082741974318,0.0,0.0018476230319879328,0
2021-08-10 04:00:00+00:00,151.39463955579046,152.13737516552115,150.97521913294017,151.8402862548828,3678300,0.0,0.0,4436.75,,356.4054870605469,151.8402862548828,0.0003453513838882454,0.06120124123664822,0.0009926793341701323,0.0,-0.005125793241016585,0
2021-08-11 04:00:00+00:00,152.25969304022763,152.4519301612189,151.65676873649434,151.86648559570312,4221300,0.0,0.0,4442.41015625,,355.79339599609375,151.86648559570312,0.00017253050187619428,0.04019240495891192,0.0012757437876824707,0.0,-0.0017174007883585807,0
2021-08-12 04:00:00+00:00,151.8839627200519,153.16843679455764,151.6829790668439,153.0897979736328,4300400,0.0,0.0,4460.830078125,,357.0758972167969,153.0897979736328,0.008022913483627308,0.06767255991205501,0.004146380281677686,0.0,0.0036046234560160872,0
2021-08-13 04:00:00+00:00,153.16843959656114,154.04223984451107,153.01989515438572,154.00729370117188,5882100,0.0,0.0,4468.0,,358.3292541503906,154.00729370117188,0.005975298902404973,0.05474054656644071,0.001607306655808216,0.0,0.0035100575069977324,0
2021-08-16 04:00:00+00:00,154.26944048011023,155.44032964305848,153.74515498436392,155.39663696289062,4782800,0.0,0.0,4479.7099609375,,358.4847106933594,155.39663696289062,0.008980833545913038,0.0666231270166933,0.002620850702215849,0.0,0.0004338371516368067,0
2021-08-17 04:00:00+00:00,154.93352629606608,156.85588425514905,154.93352629606608,156.82093811035156,6041900,0.0,0.0,4448.080078125,,355.3271484375,156.82093811035156,0.009123836334558558,0.05921660164625537,-0.00706069881494753,0.0,-0.008808080684256314,0
2021-08-18 04:00:00+00:00,156.84716629505,156.84716629505,154.77626368633707,154.8286895751953,7134100,0.0,0.0,4400.27001953125,,351.9071960449219,154.8286895751953,-0.012785355711840125,0.14908585551605422,-0.010748470745585936,0.0,-0.009624799027085018,0
2021-08-19 04:00:00+00:00,154.33057915283604,156.6985834401292,153.84999973395688,156.0345001220703,5615000,0.0,0.0,4405.7998046875,,353.60748291015625,156.0345001220703,0.00775786027046063,0.14863116278020239,0.0012566922329095842,0.0,0.004831634261373008,0
2021-08-20 04:00:00+00:00,156.314130692769,157.21414390954874,155.59762140035505,156.7947235107422,5428700,0.0,0.0,4441.669921875,,357.270263671875,156.7947235107422,0.004860318843533943,0.1478166125325259,0.008141567655737925,0.0,0.010358323674528602,0
2021-08-23 04:00:00+00:00,156.80350261719755,157.27815275983505,156.056353479167,156.11788940429688,6461700,1.06,0.0,4479.52978515625,,362.61383056640625,156.11788940429688,-0.004326033109974192,0.14741573225707946,0.00852379036424833,0.0,0.014956651694468803,0
2021-08-24 04:00:00+00:00,155.57294355517848,155.76632304796482,154.06985993622402,154.1665496826172,5734800,0.0,0.0,4486.22998046875,,363.72137451171875,154.1665496826172,-0.012577913692046439,0.1518291577573229,0.0014957363013194946,0.0,0.003054334534296377,0
2021-08-25 04:00:00+00:00,154.4302623957857,154.6148433910498,152.848072517401,153.1469268798828,5700300,0.0,0.0,4496.18994140625,,364.13916015625,153.1469268798828,-0.006635742470941089,0.13302960056764926,0.002220118224179668,0.0,0.0011486419930424319,0
2021-08-26 04:00:00+00:00,152.90077714465116,153.5776052776175,152.10968908134495,152.32943725585938,5031600,0.0,0.0,4470.0,,361.8268127441406,152.32943725585938,-0.0053522410995847074,0.0996803652626004,-0.005824918819612557,0.0,-0.006350175057022622,0
2021-08-27 04:00:00+00:00,153.19084163785715,153.19084163785715,151.84598392413753,152.0041961669922,7046100,0.0,0.0,4509.3701171875,,365.3438415527344,152.0041961669922,-0.002137399071081921,0.062297410225972086,0.008807632480425154,0.0,0.009720199511805472,0
2021-08-30 04:00:00+00:00,151.88114126143205,153.19084520020593,151.8723561629682,152.6458740234375,3252700,0.0,0.0,4528.7900390625,,369.44384765625,152.6458740234375,0.004212562990461805,0.09786702343296057,0.004306570844779589,0.0,0.011222321652091694,0
2021-08-31 04:00:00+00:00,152.49643054733136,153.37542314470804,151.60863944006883,152.17999267578125,7106800,0.0,0.0,4522.68017578125,,369.14263916015625,152.17999267578125,-0.0030567071977599778,0.06673690034761684,-0.0013491160395050494,0.0,-0.0008153025094466138,0
2021-09-01 04:00:00+00:00,151.97783769541874,152.71620178222656,151.2394870209756,152.71620178222656,5327400,0.0,0.0,4524.08984375,,369.75469970703125,152.71620178222656,0.00351732602114833,0.06692248959817376,0.0003116886257619189,0.0,0.001658059736115769,0
2021-09-02 04:00:00+00:00,153.24358928089205,153.99073846610221,152.8656288450463,153.76219177246094,4544300,0.0,0.0,4536.9501953125,,369.579833984375,153.76219177246094,0.006825890983037373,0.0678594844705384,0.002842638410522902,0.0,-0.00047292359717077126,0
2021-09-03 04:00:00+00:00,153.9116222866852,154.01709711540616,152.77771422847968,153.85887145996094,4096900,0.0,0.0,4535.43017578125,,370.7165832519531,153.85887145996094,0.0006285635298651196,0.05994213719940648,-0.0003350311257153127,0.0,0.0030757881330347736,0
2021-09-07 04:00:00+00:00,153.252371557449,153.8500801124077,150.89666431691225,151.468017578125,6859900,0.0,0.0,4520.02978515625,,371.2411193847656,151.468017578125,-0.01566126558504874,0.1379296200977692,-0.003395574405981705,0.0,0.0014149249224602034,0
2021-09-08 04:00:00+00:00,150.85271430773597,152.04814484828356,150.37806417815483,151.0988311767578,4661700,0.0,0.0,4514.06982421875,,369.94903564453125,151.0988311767578,-0.0024403637484194493,0.1375741875677019,-0.001318566739775151,0.0,-0.003480443498219299,0
2021-09-09 04:00:00+00:00,150.47472147215424,150.72962338428292,147.40703295629072,147.73226928710938,7114600,0.0,0.0,4493.27978515625,,368.67626953125,147.73226928710938,-0.022532489560229293,0.1921001664675536,-0.004605608657393345,0.0,-0.003440382297696276,0
2021-09-10 04:00:00+00:00,148.1542214447243,148.62887159864817,146.6775067424956,146.76541137695312,6699300,0.0,0.0,4458.580078125,,365.87823486328125,146.76541137695312,-0.006566173164988375,0.15240111326469083,-0.007722578759925436,0.0,-0.0075894081046395945,0
2021-09-13 04:00:00+00:00,147.60044438153653,147.77624022930564,145.14806078610326,145.7369842529297,6273500,0.0,0.0,4468.72998046875,,365.62554931640625,145.7369842529297,-0.007031951718824243,0.12878898877946626,0.0022764876184568905,0.0,-0.0006906274350246822,0
2021-09-14 04:00:00+00:00,146.26435118776539,146.3874096051013,144.60305584754937,144.85797119140625,5259600,0.0,0.0,4443.0498046875,,364.5860595703125,144.85797119140625,-0.006049766012925543,0.12414355945705219,-0.00574663850657553,0.0,-0.002843044606803957,0
2021-09-15 04:00:00+00:00,145.03380925960005,145.87764823309672,144.42730209308144,145.40298461914062,7935300,0.0,0.0,4480.7001953125,,367.2966613769531,145.40298461914062,0.003755338479608104,0.14969280600566276,0.008473996979569742,0.0,0.007434737932205282,0
2021-09-16 04:00:00+00:00,145.60511797062142,146.31711323882797,144.32179629307527,145.22715759277344,5665400,0.0,0.0,4473.75,,367.54925537109375,145.22715759277344,-0.0012099711783530279,0.0737054180207053,-0.0015511404489350067,0.0,0.0006877111084910847,0
2021-09-17 04:00:00+00:00,144.41852755629074,144.95471372987018,143.76806802055566,144.81407165527344,13419800,0.0,0.0,4432.990234375,,363.19671630859375,144.81407165527344,-0.0028484654949053304,0.06823163168525373,-0.009110872450405094,0.0,-0.011842056537716195,0
2021-09-20 04:00:00+00:00,143.69773899444695,145.18323897041904,142.54626057398076,143.98780822753906,7270800,0.0,0.0,4357.72998046875,,355.6918640136719,143.98780822753906,-0.00572202426450966,0.06342903770115094,-0.01697731100841482,0.0,-0.02066332639567503,0
2021-09-21 04:00:00+00:00,144.6910027949401,145.89521861776396,144.36577975662777,144.6206817626953,6663600,0.0,0.0,4354.18994140625,,356.12957763671875,144.6206817626953,0.004385695996576513,0.06879300921061904,-0.0008123585165593639,0.0,0.0012305977935724854,0
2021-09-22 04:00:00+00:00,145.34144311098217,145.86883066469863,143.82957464807362,144.09326171875,5657100,0.0,0.0,4395.64013671875,,359.4559020996094,144.09326171875,-0.0036535861363853257,0.06072276132919901,0.009519611195260236,0.0,0.00934020837293037,0
2021-09-23 04:00:00+00:00,144.5063935432633,145.71062265457263,144.28664536974108,144.91073608398438,4697900,0.0,0.0,4448.97998046875,,362.7726745605469,144.91073608398438,0.0056571988736879115,0.0811351700758237,0.012134715784494876,0.0,0.009227202673718793,0
2021-09-24 04:00:00+00:00,144.8140437907563,145.6051318365038,144.0581095507106,144.4712371826172,4399300,0.0,0.0,4455.47998046875,,363.113037109375,144.4712371826172,-0.003037502539103144,0.08149952732986951,0.001461009046688222,0.0,0.0009382254306788962,0
2021-09-27 04:00:00+00:00,144.15482812984962,144.47126609394638,143.14399171217838,143.42526245117188,5775500,0.0,0.0,4443.10986328125,,360.2146301269531,143.42526245117188,-0.007266356729278496,0.08822447544032103,-0.0027763826213396126,0.0,-0.007982106634052966,0
2021-09-28 04:00:00+00:00,143.3636799805646,144.07566174898693,142.1946183634861,143.1087646484375,7610400,0.0,0.0,4352.6298828125,,350.0214538574219,143.1087646484375,-0.0022091472671215287,0.07537040661462462,-0.020364110556098214,0.0,-0.028297507699614477,0
2021-09-29 04:00:00+00:00,143.2758022795153,144.73493330083832,143.08242282308146,144.17237854003906,5124100,0.0,0.0,4359.4599609375,,349.4476013183594,144.17237854003906,0.007404723746330802,0.09839642607793284,0.0015691842194003325,0.0,-0.0016394781883748433,0
2021-09-30 04:00:00+00:00,144.71735771077226,145.3853873348717,141.8782150428944,141.9573211669922,6972300,0.0,0.0,4307.5400390625,,348.1637268066406,141.9573211669922,-0.015483199586403274,0.1320221528489495,-0.011909714125195148,0.0,-0.0036740115166767895,0
2021-10-01 04:00:00+00:00,141.98367091030747,142.308893874179,139.42579927388618,141.05194091796875,8568300,0.0,0.0,4357.0400390625,,350.322998046875,141.05194091796875,-0.006398259414092137,0.13244407523255447,0.01149147763018199,0.0,0.0062018845559794755,0
2021-10-04 04:00:00+00:00,140.63004467648798,141.517822460991,138.59077520681726,139.95321655273438,8620700,0.0,0.0,4300.4599609375,,342.9698181152344,139.95321655273438,-0.007819998566945516,0.13315253751094086,-0.012985898136748442,0.0,-0.020989715127571307,0
2021-10-05 04:00:00+00:00,140.51575491187427,141.61449564106996,139.89166427625165,140.26963806152344,5129000,0.0,0.0,4345.72021484375,,347.5995788574219,140.26963806152344,0.002258357147267174,0.1423055498645266,0.010524514660609219,0.0,0.013499032561028246,0
2021-10-06 04:00:00+00:00,140.52455568221114,140.5948767062062,138.74020161197413,140.55972290039062,7312600,0.0,0.0,4363.5498046875,,349.826904296875,140.55972290039062,0.0020659160498551774,0.1183655775133256,0.004102792854185466,0.0,0.006407733423539952,0
2021-10-07 04:00:00+00:00,140.65640236906242,142.93299002879314,140.65640236906242,141.81666564941406,5309200,0.0,0.0,4399.759765625,,353.0365905761719,141.81666564941406,0.008902663974881132,0.10955686966843083,0.008298280656405366,0.0,0.009175069841320882,0
2021-10-08 04:00:00+00:00,141.7991035855943,142.05400555777703,140.85857499325857,141.45628356933594,4343200,0.0,0.0,4391.33984375,,351.2760925292969,141.45628356933594,-0.0025444171460770617,0.09869465167178375,-0.0019137230947889883,0.0,-0.004986729687145974,0
2021-10-11 04:00:00+00:00,141.39475231479807,142.26495983043336,140.58608072002923,140.8585662841797,4101600,0.0,0.0,4361.18994140625,,348.58184814453125,140.8585662841797,-0.0042344083463269995,0.08122190661845854,-0.006865763848056816,0.0,-0.007669876891895022,1
2021-10-12 04:00:00+00:00,140.63882352986712,140.79703576840382,138.30069986971588,138.6083526611328,6686400,0.0,0.0,4350.64990234375,,347.3660888671875,138.6083526611328,-0.01610396151173303,0.1461139622350637,-0.0024167805585421087,0.0,-0.003487729736402323,1
2021-10-13 04:00:00+00:00,138.72263759379496,140.70915631376755,138.6611016654221,139.93563842773438,6901100,0.0,0.0,4363.7998046875,,350.1478271484375,139.93563842773438,0.00953024193663969,0.1683492303747125,0.00302251448379387,0.0,0.00800808821126342,1
2021-10-14 04:00:00+00:00,140.38394292060096,141.640896159188,140.28725317822,140.73553466796875,4579200,0.0,0.0,4438.259765625,,356.596435546875,140.73553466796875,0.005699897121970167,0.1578183948705445,0.01706310194558336,0.0,0.01841681683691765,1
2021-10-15 04:00:00+00:00,141.54419287463548,142.22980610506278,140.99922169464563,141.78152465820312,6918400,0.0,0.0,4471.3701171875,,358.84320068359375,141.78152465820312,0.007404825550379482,0.16918805560228908,0.007460210377712606,0.0,0.006300582150444489,1
2021-10-18 04:00:00+00:00,140.85855127361148,141.42110594969182,139.93560644550865,140.74427795410156,7465500,0.0,0.0,4486.4599609375,,362.4515686035156,140.74427795410156,-0.007342701833199245,0.1759255862686499,0.00337476955709759,0.0,0.010055556056372206,1
2021-10-19 04:00:00+00:00,141.42993297229924,145.1656522882302,141.28050580914586,144.04054260253906,10081300,0.0,0.0,4519.6298828125,,365.19451904296875,144.04054260253906,0.023150193574272847,0.17251946391590883,0.007393339551406308,0.0,0.007567770916322436,0
2021-10-20 04:00:00+00:00,144.13723691918884,144.81406513689961,143.50436102435697,143.96144104003906,6003200,0.0,0.0,4536.18994140625,,364.7178649902344,143.96144104003906,-0.0005493126365907292,0.18040068762910386,0.0036640298040166996,0.0,-0.0013052059323986898,0
2021-10-21 04:00:00+00:00,144.41848173039867,144.4975878426205,142.64291298603396,143.62738037109375,4524100,0.0,0.0,4549.77978515625,,366.94525146484375,143.62738037109375,-0.0023231836171864785,0.18910587645972401,0.002995871849622578,0.0,0.006107149356856967,0
2021-10-22 04:00:00+00:00,143.328522588601,144.2075151357283,143.24063138130538,143.90866088867188,4304300,0.0,0.0,4544.89990234375,,363.8619689941406,143.90866088867188,0.00195648939222192,0.18699305193520052,-0.0010725536274130976,0.0,-0.008402568117163778,0
2021-10-25 04:00:00+00:00,143.90869025579306,144.42729274546136,142.14191970397655,144.22512817382812,6715400,0.0,0.0,4566.47998046875,,367.5871887207031,144.22512817382812,0.0021966699111659444,0.16476451555219668,0.004748196569493546,0.0,0.010238002440487337,0
2021-10-26 04:00:00+00:00,144.6470657877152,145.9391863907394,144.1987842486042,145.6930694580078,6939100,0.0,0.0,4574.7900390625,,368.7446594238281,145.6930694580078,0.010126676013286888,0.07566506621295321,0.0018197952535197182,0.0,0.0031488330895135253,0
2021-10-27 04:00:00+00:00,145.63150410292093,145.70182512840697,143.548295695808,143.92626953125,7018800,0.0,0.0,4551.68017578125,,369.6004943847656,143.92626953125,-0.012200993556903907,0.12931934308121065,-0.005051568068462853,0.0,0.0023209419826575317,0
2021-10-28 04:00:00+00:00,143.9526536949613,145.20960695302313,142.678116825549,143.14398193359375,6278800,0.0,0.0,4596.419921875,,373.7050476074219,143.14398193359375,-0.005450160928223061,0.13458224733815402,0.009829281576461124,0.0,0.011105378063654081,0
2021-10-29 04:00:00+00:00,142.70448401800587,143.49557215960573,141.17503174356523,143.17034912109375,8526800,0.0,0.0,4605.3798828125,,375.5433044433594,143.17034912109375,0.0001841834984466996,0.13297825463040788,0.001949334719149265,0.0,0.004919004567122132,0
2021-11-01 04:00:00+00:00,143.4164544395629,144.1372214906353,140.1114332509093,143.29339599609375,5846400,0.0,0.0,4613.669921875,,376.82720947265625,143.29339599609375,0.0008590747322467828,0.13126230057345672,0.0018000771431341267,0.0,0.0034187935561782457,0
2021-11-02 04:00:00+00:00,143.89110300705875,146.77419800408586,143.25822718699285,145.55239868164062,8450600,0.0,0.0,4630.64990234375,,378.40283203125,145.55239868164062,0.015641901568201243,0.1634039223614183,0.0036803630854131963,0.0,0.0041812865923316345,0
2021-11-03 04:00:00+00:00,145.06893372641085,145.71060798539838,143.653755094904,145.08651733398438,6717800,0.0,0.0,4660.56982421875,,382.4198303222656,145.08651733398438,-0.003205914425129051,0.13103199967501805,0.006461279195357994,0.0,0.010615666562146409,0
2021-11-04 04:00:00+00:00,144.98104421184377,145.02499652511113,142.9857272182985,144.68218994140625,8224400,0.0,0.0,4680.06005859375,,387.3219299316406,144.68218994140625,-0.0027906923338073025,0.12313181404872972,0.004181942361150437,0.0,0.012818633398911317,0
2021-11-05 04:00:00+00:00,142.81872247964776,144.68219602409746,142.57260560983877,143.6537628173828,6215900,0.0,0.0,4697.52978515625,,387.69146728515625,143.6537628173828,-0.007133563992791527,0.14021967586885797,0.003732799652949259,0.0,0.000954083218527968,0
2021-11-08 05:00:00+00:00,143.87352678082527,144.3042380564736,142.405610498842,143.1615447998047,5578800,0.0,0.0,4701.7001953125,,387.1662292480469,143.1615447998047,-0.003432302863401231,0.14314235797480565,0.0008877879113036169,0.0,-0.0013547835880614034,0
2021-11-09 05:00:00+00:00,142.93301267282374,143.79442181874276,142.4144101654496,142.84510803222656,6112800,0.0,0.0,4685.25,,384.5013122558594,142.84510803222656,-0.002212793958203509,0.030872358889466784,-0.003498775895770745,0.0,-0.006883133886349757,0
2021-11-10 05:00:00+00:00,142.86269857985866,144.89316980001612,142.70448631393947,144.39215087890625,6225100,0.0,0.0,4646.7099609375,,378.8502197265625,144.39215087890625,0.010771985583360188,0.10847807093163071,-0.008225823395229703,0.0,-0.014697199591184873,0
2021-11-11 05:00:00+00:00,143.70649549594037,143.98776613490512,142.82750295408772,143.32852172851562,4118800,0.0,0.0,4649.27001953125,,379.9007263183594,143.32852172851562,-0.007393518066965544,0.11788678013879496,0.0005509400447352153,0.0,0.002772881041365416,0
2021-11-12 05:00:00+00:00,147.16976358535325,147.33677436959516,144.69101077082308,145.0426025390625,18995200,0.0,0.0,4682.85009765625,,383.898193359375,145.0426025390625,0.011888159760814379,0.13979271257491757,0.007222656026415475,0.0,0.010522399048181086,0
2021-11-15 05:00:00+00:00,145.03378498489286,145.43812749901784,143.46917916531763,143.73287963867188,7496200,0.0,0.0,4682.7998046875,,383.8106689453125,143.73287963867188,-0.009070935461963307,0.15795609112225756,-1.0739820344718431e-05,0.0,-0.00022798860629325013,0
2021-11-16 05:00:00+00:00,143.43401445611033,144.4624476614049,142.94178071717204,142.98573303222656,7594700,0.0,0.0,4700.89990234375,,386.54388427734375,142.98573303222656,-0.0052117181417088475,0.16291266592563136,0.003865229864862485,0.0,0.007121259394747836,0
2021-11-17 05:00:00+00:00,143.16153665417437,144.03174425500018,142.21222292937279,143.5219268798828,5414500,0.0,0.0,4688.669921875,,386.748046875,143.5219268798828,0.003742967806294066,0.14023077528675393,-0.002601625374463401,0.0,0.0005281744349363571,0
2021-11-18 05:00:00+00:00,143.6713427716389,144.56791901020364,142.51107947381675,142.74839782714844,6358700,0.0,0.0,4704.5400390625,,390.7552490234375,142.74839782714844,-0.005404199238081981,0.13532904239803142,0.0033847802152713324,0.0,0.010361273135873539,0
2021-11-19 05:00:00+00:00,143.31096646721477,143.4428234219893,142.2034404738768,143.1791229248047,7620700,0.0,0.0,4697.9599609375,,392.9339599609375,143.1791229248047,0.003012829421499333,0.08990276165489933,-0.001398665559303236,0.0,0.005575640872246712,0
2021-11-22 05:00:00+00:00,142.47136696073946,143.8958157560151,141.25040699329722,141.29464721679688,7634500,1.06,0.0,4682.93994140625,,388.37237548828125,141.29464721679688,-0.01324904769461454,0.11124815710961337,-0.0031971365563219223,0.0,-0.011609035963981662,0
2021-11-23 05:00:00+00:00,141.13534566846965,142.44477209148627,140.4806257068535,142.17050170898438,7734000,0.0,0.0,4690.7001953125,,386.6021728515625,142.17050170898438,0.0061796470061207705,0.1278560710956481,0.001657132912945114,0.0,-0.004558003474096628,0
2021-11-24 05:00:00+00:00,141.68387372010824,142.10854996780424,141.01146853623837,141.77235412597656,5230900,0.0,0.0,4701.4599609375,,387.84716796875,141.77235412597656,-0.002804422339011885,0.12031829943568416,0.0022938506357221833,0.0,0.0032203520947760023,0
2021-11-26 05:00:00+00:00,142.09086152264135,142.58631938395598,140.37444428864845,140.85220336914062,8523100,0.0,0.0,4594.6201171875,,380.4940490722656,140.85220336914062,-0.006511493666040367,0.12227032322434293,-0.022724822637582465,0.0,-0.01895880517832438,0
2021-11-29 05:00:00+00:00,141.11764913209728,141.9316176512659,140.16211734866909,141.33883666992188,9188500,0.0,0.0,4655.27001953125,,388.7516784667969,141.33883666992188,0.0034489669346281504,0.12358056625487901,0.013200199537034996,0.0,0.021702387763133935,0
2021-11-30 05:00:00+00:00,140.241748305683,140.67528076055765,137.888323051237,137.95909118652344,14981700,0.0,0.0,4567.0,,383.04229736328125,137.95909118652344,-0.024202903975418622,0.18982817159623308,-0.01896131033450521,0.0,-0.014686447467012753,0
2021-12-01 05:00:00+00:00,138.79958504314462,141.63078235785102,138.2421882201725,139.8612823486328,9835800,0.0,0.0,4513.0400390625,,376.525634765625,139.8612823486328,0.013693890502965564,0.22193511203271005,-0.011815187417889228,0.0,-0.01701290599632077,0
2021-12-02 05:00:00+00:00,139.13580324381687,140.9318449620376,138.6845855289678,138.9853973388672,11334700,0.0,0.0,4577.10009765625,,379.23931884765625,138.9853973388672,-0.006282218539627862,0.22284185585095254,0.01419443613158311,0.0,0.007207169529693358,0
2021-12-03 05:00:00+00:00,139.7109211244478,141.26807677020514,139.427794552373,141.01150512695312,8750500,0.0,0.0,4538.43017578125,,372.6448974609375,141.01150512695312,0.014472611198447602,0.25521274278895073,-0.008448563730297565,0.0,-0.01738854875796192,0
2021-12-06 05:00:00+00:00,141.72816089976058,144.67438118888785,141.40965023336253,144.16122436523438,9692000,0.0,0.0,4591.669921875,,375.630859375,144.16122436523438,0.022090803229133354,0.3003641564802123,0.011730872577451423,0.0,0.008012888233295934,0
2021-12-07 05:00:00+00:00,145.09900008042248,145.3378863606147,143.69225081969404,144.5327606201172,8311300,0.0,0.0,4686.75,,386.9425964355469,144.5327606201172,0.00257391202675267,0.17707587332345096,0.020707080374404274,0.0,0.030113971677854456,0
2021-12-08 05:00:00+00:00,144.63011297223534,145.603343570104,143.89576870297378,145.39984130859375,6216400,0.0,0.0,4701.2099609375,,388.6738586425781,145.39984130859375,0.005981274735838747,0.17347468686621648,0.0030852853123166657,0.0,0.004474209412402175,0
2021-12-09 05:00:00+00:00,145.2582883175038,146.85084145387137,144.64782199042875,146.78005981445312,8574200,0.0,0.0,4667.4501953125,,382.954833984375,146.78005981445312,0.009447800941630075,0.12131884976281919,-0.007181080169894716,0.0,-0.014714199401463457,0
2021-12-10 05:00:00+00:00,146.48806372439427,147.47897940259617,145.67408184562717,146.4172821044922,6572200,0.0,0.0,4712.02001953125,,387.1176452636719,146.4172821044922,-0.0024746329057305015,0.14694616122748122,0.009549073338481762,0.0,0.010870240847949963,0
2021-12-13 05:00:00+00:00,145.76259040345798,149.69972595710448,144.92208044260116,149.03616333007812,11142300,0.0,0.0,4668.97021484375,,381.5250244140625,149.03616333007812,0.01772834168815186,0.1206039415796681,-0.009136167611567658,0.0,-0.014446824933025626,0
2021-12-14 05:00:00+00:00,148.9299903307258,151.26573012337474,147.89483430332388,150.66409301757812,10482400,0.0,0.0,4634.08984375,,377.5761413574219,150.66409301757812,0.010863825866311638,0.1172601456195862,-0.0074706775774360246,0.0,-0.0103502596263646,0
2021-12-15 05:00:00+00:00,150.27480081649313,151.55768568403218,149.89435127634013,151.41612243652344,8552200,0.0,0.0,4709.85009765625,,386.1839599609375,151.41612243652344,0.004979015070011482,0.11872053985147968,0.016348464630746795,0.0,0.02279757023992479,0
2021-12-16 05:00:00+00:00,151.522304922543,153.51299274813505,151.1507114817917,153.07061767578125,8998600,0.0,0.0,4668.669921875,,376.2532958984375,153.07061767578125,0.010867543999390383,0.12014855188974329,-0.008743415379980468,0.0,-0.025714853779800873,0
2021-12-17 05:00:00+00:00,150.08899246424056,151.0976069444209,148.33719120923553,148.84149169921875,16726200,0.0,0.0,4620.64013671875,,374.37615966796875,148.84149169921875,-0.0280174427514801,0.28686956433255395,-0.010287680637092622,0.0,-0.004989022690117362,0
2021-12-20 05:00:00+00:00,148.46995297776073,149.08927551814634,147.3551724050666,148.4168701171875,7954500,0.0,0.0,4568.02001953125,,370.7445983886719,148.4168701171875,-0.002856921287259739,0.2572684486380229,-0.01138805785140995,0.0,-0.009700300581419685,0
2021-12-21 05:00:00+00:00,148.6911011477398,148.72649871221782,146.85081930112722,147.93907165527344,7954200,0.0,0.0,4649.22998046875,,379.0419616699219,147.93907165527344,-0.003224493310598861,0.23543041568435516,0.017777934551572505,0.0,0.022380267486868277,0
2021-12-22 05:00:00+00:00,147.80636722207203,148.7884404905264,146.97469986857882,148.5760955810547,4178200,0.0,0.0,4696.56005859375,,383.6581115722656,148.5760955810547,0.004296744154979969,0.23389976253731562,0.010180197220578835,0.0,0.012178466684814149,0
2021-12-23 05:00:00+00:00,148.53185393016946,149.4785295350444,148.07178008936782,148.8592071533203,3501500,0.0,0.0,4725.7900390625,,386.55059814453125,148.8592071533203,0.001903685642982242,0.20544428933617648,0.006223699921661829,0.0,0.0075392295510499086,0
2021-12-27 05:00:00+00:00,149.64660789258818,150.27478630511388,149.2573157496385,150.1155242919922,3704800,0.0,0.0,4791.18994140625,,392.939208984375,150.1155242919922,0.008404218825829951,0.07807094271465341,0.01383893524747526,0.0,0.016527230511372837,0
2021-12-28 05:00:00+00:00,150.22169176158422,150.9737346376482,150.04474446727892,150.7171630859375,3187000,0.0,0.0,4786.35009765625,,391.1180419921875,150.7171630859375,0.003999828617729895,0.06725816000599528,-0.0010101548486260992,0.0,-0.004634729623685718,0
2021-12-29 05:00:00+00:00,150.4074892679259,152.16814650237407,150.32786501365865,151.7788543701172,3662000,0.0,0.0,4793.06005859375,,391.0595703125,151.7788543701172,0.007019567745820208,0.040991553870360464,0.0014018951394270118,0.0,-0.00014949880447767683,0
2021-12-30 05:00:00+00:00,152.2831892592492,152.9556080035023,151.95583602863064,152.4512939453125,4231800,0.0,0.0,4778.72998046875,,389.8909912109375,152.4512939453125,0.004420605084487276,0.040843084197879534,-0.0029897555945093135,0.0,-0.002988238085130268,0
2021-12-31 05:00:00+00:00,152.6459298238147,152.77863693538225,151.31880470727992,151.3542022705078,4409500,0.0,0.0,4766.18017578125,,387.4563293457031,151.3542022705078,-0.007222360736627745,0.09796991319179146,-0.0026261799136575448,0.0,-0.006244468120878421,0
2022-01-03 05:00:00+00:00,150.59332897073577,151.82313113922012,149.61125576423274,151.77003479003906,6012200,0.0,0.0,4796.56005859375,,391.18621826171875,151.77003479003906,0.0027436458688696336,0.08712011638988995,0.006374052530970564,0.0,0.009626604686815421,0
2022-01-04 05:00:00+00:00,151.34533832867334,152.43357708807972,150.93836087403346,151.363037109375,6748400,0.0,0.0,4793.5400390625,,386.1123962402344,151.363037109375,-0.0026852756294487557,0.091212733438184,-0.000629621957060511,0.0,-0.012970349630491818,0
2022-01-05 05:00:00+00:00,152.17699699023888,153.477580544533,151.84078767682007,152.37164306640625,7016100,0.0,0.0,4700.580078125,,374.25054931640625,152.37164306640625,0.0066413862502962065,0.0896283173620884,-0.019392757790687165,0.0,-0.0307212279101442,0
2022-01-06 05:00:00+00:00,152.3097154564548,152.61938337353033,151.11531099105144,151.8496551513672,7301600,0.0,0.0,4696.0498046875,,373.9876708984375,151.8496551513672,-0.0034316363143976646,0.08682417208419248,-0.0009637690162076495,0.0,-0.0007024129114810984,0
2022-01-07 05:00:00+00:00,151.69927856733617,154.2119659505278,151.40730937489099,153.9022979736328,6986000,0.0,0.0,4677.02978515625,,369.9361877441406,153.9022979736328,0.013427051828837574,0.11088386474639847,-0.004050216740091761,0.0,-0.010833199780527325,0
2022-01-10 05:00:00+00:00,153.67224338695777,153.67224338695777,152.31857684605725,153.14138793945312,7698400,0.0,0.0,4670.2900390625,,370.1797180175781,153.14138793945312,-0.004956373485440423,0.12594089839606187,-0.0014410312534549607,0.0,0.0006583034628824258,0
2022-01-11 05:00:00+00:00,153.05292832288265,153.40682297126818,150.50484365381735,151.51345825195312,8341100,0.0,0.0,4713.06982421875,,375.7405700683594,151.51345825195312,-0.010687144500269133,0.1536536810010307,0.009159984668711818,0.0,0.015022033299288307,0
2022-01-12 05:00:00+00:00,150.06247691332894,150.47831057335603,148.93884041707173,150.2217254638672,8116200,0.0,0.0,4726.35009765625,,377.2305908203125,150.2217254638672,-0.008562081912347842,0.1513844547665299,0.002817754443029452,0.0,0.003965557277144871,0
2022-01-13 05:00:00+00:00,149.52276969273103,150.77911323817074,149.0450105699023,149.3104248046875,6159400,0.0,0.0,4659.02978515625,,367.7937927246094,149.3104248046875,-0.00608484578453148,0.15319644467167426,-0.0142436152864307,0.0,-0.025015993732592556,0
2022-01-14 05:00:00+00:00,149.19542013026222,149.21310541287153,147.88598020552237,148.4964599609375,5847700,0.0,0.0,4662.85009765625,,370.08233642578125,148.4964599609375,-0.005466407341597881,0.03830199351464325,0.0008199802697488323,0.0,0.006222355424267523,0
2022-01-18 05:00:00+00:00,147.8417510986328,148.39029185536276,146.87736320345158,147.8417510986328,7815600,0.0,0.0,4577.10986328125,,360.8694763183594,147.8417510986328,-0.0044186669360553425,0.040377321362260715,-0.018387945694007368,0.0,-0.024894082209917845,1
2022-01-19 05:00:00+00:00,147.93020881344518,149.27503269817336,147.15163793299385,147.3816680908203,5926500,0.0,0.0,4532.759765625,,356.9058532714844,147.3816680908203,-0.003116848802452261,0.032303529641502425,-0.009689541868338813,0.0,-0.01098353645011052,1
2022-01-20 05:00:00+00:00,148.00985579080626,148.51416988754377,145.92184476789407,146.20497131347656,6011300,0.0,0.0,4482.72998046875,,352.2701110839844,146.20497131347656,-0.008016053323492818,0.029153435553430924,-0.01103737849414832,0.0,-0.012988697565499918,1
2022-01-21 05:00:00+00:00,147.03660512146288,148.62915782650333,145.51483403667018,145.8687286376953,10550300,0.0,0.0,4397.93994140625,,342.502197265625,145.8687286376953,-0.002302451911148626,0.035417316256523966,-0.018914821867908604,0.0,-0.027728477412693686,1
2022-01-24 05:00:00+00:00,145.09902043012988,145.24942633128157,140.02054985499774,144.18772888183594,14054600,0.0,0.0,4410.1298828125,,344.07012939453125,144.18772888183594,-0.01159097501558259,0.06135189428793947,0.002771738943381896,0.0,0.004577874657225145,1
2022-01-25 05:00:00+00:00,143.64806152782938,149.00080362782572,142.95795736289426,148.31069946289062,14081200,0.0,0.0,4356.4501953125,,336.0940856933594,148.31069946289062,0.028193270641796924,0.2518097343767629,-0.012171906253646725,0.0,-0.023181447675238553,0
2022-01-26 05:00:00+00:00,148.2310275523935,149.7174147579381,147.07200706783468,148.97422790527344,9963200,0.0,0.0,4349.93017578125,,335.56817626953125,148.97422790527344,0.00446392994143813,0.2504443959825095,-0.0014966358477518371,0.0,-0.0015647684568539377,0
2022-01-27 05:00:00+00:00,149.8678070584553,152.09738091436463,149.52275508672528,150.92950439453125,9066700,0.0,0.0,4326.509765625,,332.1888122558594,150.92950439453125,0.013039545582061577,0.2410337271821139,-0.00538408875771057,0.0,-0.010070573590260645,0
2022-01-28 05:00:00+00:00,151.1683998397688,152.0354511417276,149.78819186924233,151.9912109375,9783100,0.0,0.0,4431.85009765625,,342.6092834472656,151.9912109375,0.00700982690658106,0.22869855677615222,0.024347646888076113,0.0,0.03136912143621551,0
2022-01-31 05:00:00+00:00,151.73464708834678,152.72556291252823,151.13302348086967,152.43359375,8054800,0.0,0.0,4515.5498046875,,353.5654296875,152.43359375,0.002906353996684212,0.16340760005523666,0.018885951732779516,0.0,0.03197854456830784,0
2022-02-01 05:00:00+00:00,151.9470124623268,152.15934388172263,149.90322804911986,151.18612670898438,8154700,0.0,0.0,4546.5400390625,,355.9708557128906,151.18612670898438,-0.008217345426038596,0.1233010955550159,0.00686300355780145,0.0,0.006803340551469361,0
2022-02-02 05:00:00+00:00,150.09786189782199,153.05293774463544,150.09786189782199,152.85829162597656,7382800,0.0,0.0,4589.3798828125,,358.8633728027344,152.85829162597656,0.010999588717010315,0.1336765095486232,0.00942251544733641,0.0,0.008125713224615083,0
2022-02-03 05:00:00+00:00,152.4070512083782,153.61031191472316,151.32765497914744,152.84942626953125,6240400,0.0,0.0,4477.43994140625,,344.31353759765625,152.84942626953125,-5.7998905024918156e-05,0.11615204443113193,-0.024391082077444004,0.0,-0.04054421907547556,0
2022-02-04 05:00:00+00:00,151.292258300717,153.04405961677054,150.5136739379313,151.8496551513672,6392200,0.0,0.0,4500.52978515625,,348.6571044921875,151.8496551513672,-0.006562374270427893,0.1229267939531507,0.0051569298644233985,0.0,0.012615149914921187,0
2022-02-07 05:00:00+00:00,151.65505069251424,151.94701990870934,150.4163921843941,151.3453826904297,6065700,0.0,0.0,4483.8701171875,,345.8522644042969,151.3453826904297,-0.0033263930010435246,0.1209963097831606,-0.0037017126347429485,0.0,-0.008044695065014706,0
2022-02-08 05:00:00+00:00,151.30998080424345,152.2212724170978,150.83220814300506,151.74349975585938,6296100,0.0,0.0,4521.5400390625,,349.73809814453125,151.74349975585938,0.002627066299381897,0.10628724648077614,0.008401207191663262,0.0,0.011235530716930286,0
2022-02-09 05:00:00+00:00,152.2389715491431,152.38937746129432,151.51346991383133,151.72581481933594,5387500,0.0,0.0,4587.18017578125,,357.1492919921875,151.72581481933594,-0.00011655172825773163,0.05611840853818275,0.014517207887505545,0.0,0.02119069637244242,0
2022-02-10 05:00:00+00:00,151.47807367499678,151.48691631610112,149.78819770920674,149.8943634033203,10355300,0.0,0.0,4504.080078125,,349.0661315917969,149.8943634033203,-0.012144240055039713,0.09129627038742194,-0.01811572566845976,0.0,-0.022632441339313747,0
2022-02-11 05:00:00+00:00,149.62892653935933,150.54021802547987,148.2310198178796,148.38143920898438,13125300,0.0,0.0,4418.64013671875,,337.9931640625,148.38143920898438,-0.0101445518268169,0.10090285136598925,-0.01896945434456343,0.0,-0.03172168975203171,0
2022-02-14 05:00:00+00:00,148.3814565726622,148.61148675619816,144.93092281832574,146.51463317871094,8967600,0.0,0.0,4401.669921875,,338.41192626953125,146.51463317871094,-0.012660941547453093,0.11423812960884797,-0.0038405967262932217,0.0,0.0012389664986058868,0
2022-02-15 05:00:00+00:00,146.9835434407921,148.72650227719183,146.87736424502828,148.0275421142578,6631400,0.0,0.0,4471.06982421875,,346.82623291015625,148.0275421142578,0.010273043169283201,0.15741036844678857,0.01576672117072042,0.0,0.024864096054118878,0
2022-02-16 05:00:00+00:00,147.30205049682235,148.49645504375667,146.61194649186953,147.93907165527344,8482400,0.0,0.0,4475.009765625,,346.7386474609375,147.93907165527344,-0.0005978408205752519,0.15651217915092755,0.0008812077558950637,0.0,-0.00025253409606251775,0
2022-02-17 05:00:00+00:00,147.93905462223196,148.15138598379193,145.91296954592246,147.03660583496094,6227600,0.0,0.0,4380.259765625,,336.4251708984375,147.03660583496094,-0.006118935932522987,0.14471924192664434,-0.021173138152195015,0.0,-0.02974423715966612,0
2022-02-18 05:00:00+00:00,146.903062806883,147.24143038242178,145.08659250988222,145.4605712890625,6423200,1.06,0.0,4348.8701171875,,332.5881652832031,145.4605712890625,-0.010776512880322,0.14650944217178058,-0.0071661613961429005,0.0,-0.011405227513112348,0
2022-02-22 05:00:00+00:00,145.64756119516156,145.79893258114828,142.86051248636633,143.4838104248047,6868900,0.0,0.0,4304.759765625,,329.247802734375,143.4838104248047,-0.013682852687951615,0.15045231452286897,-0.010142945264832837,0.0,-0.010043540021887898,0
2022-02-23 05:00:00+00:00,143.8132723032424,144.81946204655907,143.22559912392305,143.5550537109375,8016900,0.0,0.0,4225.5,,320.8139953613281,143.5550537109375,0.0004964016828193316,0.0982263942376885,-0.018412122845487655,0.0,-0.025615379367773472,0
2022-02-24 05:00:00+00:00,142.2728344570936,142.58449023882406,138.65769260602949,140.81253051757812,12883400,0.0,0.0,4288.7001953125,,331.59478759765625,140.81253051757812,-0.019289176261212557,0.11922092797201407,0.014956856067329216,0.0,0.03360449479202399,0
2022-02-25 05:00:00+00:00,142.46871764401357,148.69282463736164,142.2015860810559,147.81129455566406,11340400,0.0,0.0,4384.64990234375,,336.7369079589844,147.81129455566406,0.04850698850968468,0.43641023507059534,0.022372677655603468,0.0,0.015507241228313262,0
2022-02-28 05:00:00+00:00,145.02425331311827,147.0811433550756,144.58795153868874,146.53799438476562,9373500,0.0,0.0,4373.93994140625,,337.73992919921875,146.53799438476562,-0.008651681258347414,0.43302989178945855,-0.002442603440647617,0.0,0.0029786495525954138,0
2022-03-01 05:00:00+00:00,145.1755774583236,146.69821743848846,144.61461627562872,146.0303955078125,8737800,0.0,0.0,4306.259765625,,332.56866455078125,146.0303955078125,-0.003469953718887828,0.41625119991300413,-0.015473503680411893,0.0,-0.015311380744049363,0
2022-03-02 05:00:00+00:00,146.39550261080743,149.26268639897305,146.06603448991603,147.84689331054688,6793300,0.0,0.0,4386.5400390625,,338.14892578125,147.84689331054688,0.012362445186563441,0.41933650487849095,0.018642691757321028,0.0,0.016779275455810927,0
2022-03-03 05:00:00+00:00,148.43461340606055,150.78534703514617,148.09625939302632,150.0195770263672,7333700,0.0,0.0,4363.490234375,,333.3185729980469,150.0195770263672,0.014588565452848295,0.3552466404187923,-0.005254666430088317,0.0,-0.01428469060501436,0
2022-03-04 05:00:00+00:00,149.2715862850962,151.24834066934648,148.56815302689432,150.90997314453125,6302500,0.0,0.0,4328.8701171875,,328.48809814453125,150.90997314453125,0.005917655584366507,0.15903833674056322,-0.007934042550334475,0.0,-0.014492066283818938,0
2022-03-07 05:00:00+00:00,149.85928357575173,154.15114658625902,149.0222776941459,153.3408660888672,11663400,0.0,0.0,4201.08984375,,316.37310791015625,153.3408660888672,0.015979871601291044,0.12705276113196953,-0.029518158313449172,0.0,-0.03688106297551319,0
2022-03-08 05:00:00+00:00,153.18947988053478,154.15114533755516,150.0462649416686,150.23326110839844,11100300,0.0,0.0,4170.7001953125,,314.902587890625,150.23326110839844,-0.02047416599823354,0.23998897483808052,-0.00723375351819977,0.0,-0.004648056306823856,0
2022-03-09 05:00:00+00:00,151.38193544177753,151.57783104595185,149.49422898723694,150.80316162109375,7248200,0.0,0.0,4277.8798828125,,326.23846435546875,150.80316162109375,0.0037862607345523574,0.23254051572634357,0.02569824789143582,0.0,0.035998041619083265,0
2022-03-10 05:00:00+00:00,150.0908040344463,151.50658376998453,149.6634016511828,151.07028198242188,6171400,0.0,0.0,4259.52001953125,,322.6156005859375,151.07028198242188,0.001769751110652751,0.21257795806874408,-0.004291813651667864,0.0,-0.011104955930591243,0
2022-03-11 05:00:00+00:00,150.59835489934247,152.67305739173833,150.5004071048731,150.79425048828125,5188000,0.0,0.0,4204.31005859375,,315.9251403808594,150.79425048828125,-0.001828844010374769,0.2092851632798543,-0.012961545123475138,0.0,-0.020738179408952506,0
2022-03-14 04:00:00+00:00,151.97854118003218,155.04162165305388,151.68471132290773,152.8778839111328,7729500,0.0,0.0,4173.10986328125,,309.85784912109375,152.8778839111328,0.013723130222474383,0.1986692409139317,-0.007421002465963666,0.0,-0.01920483837548126,0
2022-03-15 04:00:00+00:00,154.33813593462412,157.17860801235145,153.64360206076367,156.84024047851562,10554400,0.0,0.0,4262.4501953125,,319.5771789550781,156.84024047851562,0.02558825236186486,0.17631284585531765,0.021408574170870942,0.0,0.03136706028765479,0
2022-03-16 04:00:00+00:00,156.2347567083553,157.56148788844138,153.65250316059945,155.3977508544922,9603300,0.0,0.0,4357.85986328125,,331.42926025390625,155.3977508544922,-0.009239746132824812,0.2180625285902039,0.02238376135718223,0.0,0.03708675737604561,0
2022-03-17 04:00:00+00:00,156.0121833884008,157.46357446425202,155.11284075532794,157.42796325683594,7472100,0.0,0.0,4411.669921875,,335.4415283203125,157.42796325683594,0.012980012927247845,0.21887506123294007,0.01234781757145198,0.0,0.012105956074404789,0
2022-03-18 04:00:00+00:00,157.60600905159345,157.60600905159345,154.63197801734555,155.68267822265625,13809500,0.0,0.0,4463.1201171875,,342.3074035644531,155.68267822265625,-0.011148155817580748,0.2532035514304734,0.011662294827948783,0.0,0.020468173033078907,0
2022-03-21 04:00:00+00:00,155.52242333444968,157.7484971360299,155.21968055828506,156.56422424316406,7574900,0.0,0.0,4461.18017578125,,341.3557434082031,156.56422424316406,0.0056464826758705,0.24480127035820737,-0.00043466036210393355,0.0,-0.0027801331386360095,0
2022-03-22 04:00:00+00:00,156.5642229212315,157.04504888008748,154.85459988647807,155.82516479492188,8442100,0.0,0.0,4511.60986328125,,348.06427001953125,155.82516479492188,-0.004731664090100504,0.16343313555991595,0.0113041136006502,0.0,0.01965259627492455,0
2022-03-23 04:00:00+00:00,156.0299388925056,156.30596983072132,155.0148499269103,155.23745727539062,5254200,0.0,0.0,4456.240234375,,343.0621032714844,155.23745727539062,-0.003778713205247905,0.15082853924800732,-0.012272698789159042,0.0,-0.014371388214499015,0
2022-03-24 04:00:00+00:00,155.8251714110348,156.30599739030595,154.99707845037983,156.03887939453125,5012300,0.0,0.0,4520.16015625,,350.687255859375,156.03887939453125,0.0051492760325147595,0.1132656851566974,0.01434391292056647,0.0,0.022226741208592138,0
2022-03-25 04:00:00+00:00,156.43952006878004,158.2292780038974,156.02101722640538,157.5347442626953,4809500,0.0,0.0,4543.06005859375,,350.3947448730469,157.5347442626953,0.00954082934502518,0.09980783625262868,0.005066170567449069,0.0,-0.0008341078309541672,0
2022-03-28 04:00:00+00:00,157.29436365341286,158.6567196833883,157.02724567645748,158.34507751464844,5604200,0.0,0.0,4575.52001953125,,355.8161315917969,158.34507751464844,0.005130653961798551,0.09880158022089378,0.007144955276586762,0.0,0.015472226105200937,0
2022-03-29 04:00:00+00:00,159.04850704637016,159.74304094367415,157.42793248161934,158.2649383544922,5933400,0.0,0.0,4631.60009765625,,361.939697265625,158.2649383544922,-0.0005062326385835146,0.08329531532780048,0.012256547427530462,0.0,0.017209915824876854,0
2022-03-30 04:00:00+00:00,158.88824294993267,160.15265121584227,158.21150783094163,159.9122314453125,6277600,0.0,0.0,4602.4501953125,,357.94189453125,159.9122314453125,0.010354657502596128,0.06887102847714126,-0.0062937001746978805,0.0,-0.011045493944371154,0
2022-03-31 04:00:00+00:00,159.9122357639578,160.46431131070887,157.58821415107604,157.81082153320312,11490400,0.0,0.0,4530.41015625,,353.50518798828125,157.81082153320312,-0.013228127672622313,0.15356252969359258,-0.015652540713177343,0.0,-0.012395046823951539,0
2022-04-01 04:00:00+00:00,157.65052991156975,158.879313259493,156.3594099831859,158.66561889648438,6525600,0.0,0.0,4545.85986328125,,352.8324279785156,158.66561889648438,0.005401978364010374,0.14369075098803716,0.0034102225843584133,0.0,-0.0019031121257205852,0
2022-04-04 04:00:00+00:00,158.6656648732994,158.6656648732994,156.28821928779016,157.13412475585938,6860600,0.0,0.0,4582.64013671875,,360.0968017578125,157.13412475585938,-0.00969922349626736,0.1575355491765264,0.008090938687879357,0.0,0.02058873619104884,0
2022-04-05 04:00:00+00:00,157.1340960868079,159.9656553955576,156.97381171047482,158.14918518066406,7446100,0.0,0.0,4525.1201171875,,352.10113525390625,158.14918518066406,0.006439059093649873,0.16777729330704239,-0.012551720801807331,0.0,-0.022204214158180302,0
2022-04-06 04:00:00+00:00,159.73413833721497,162.59242284716984,159.0485038570544,162.26295471191406,10330900,0.0,0.0,4481.14990234375,,344.45654296875,162.26295471191406,0.025679398992749295,0.24548337314826751,-0.009716916613271898,0.0,-0.02171135369854349,0
2022-04-07 04:00:00+00:00,161.7643012634311,162.9040497647684,160.48208080270817,161.8444366455078,7385200,0.0,0.0,4500.2099609375,,345.27557373046875,161.8444366455078,-0.0025825902783133455,0.21051259623517102,0.004253385628492534,0.0,0.002377747725909929,0
2022-04-08 04:00:00+00:00,161.46154486611923,163.11774388981468,160.66015035259855,162.16497802734375,7144500,0.0,0.0,4488.27978515625,,340.44891357421875,162.16497802734375,0.001978593657420345,0.21155002482072172,-0.002651026482054286,0.0,-0.013979153243020348,0
2022-04-11 04:00:00+00:00,162.94861799522383,164.01713080568584,159.9211627677685,160.13485717773438,5932000,0.0,0.0,4412.52978515625,,332.3947448730469,160.13485717773438,-0.012597882327293227,0.2243052887317295,-0.01687729010355421,0.0,-0.023657495677148144,1
2022-04-12 04:00:00+00:00,159.56498020109237,160.99857238797557,158.67455060891342,160.1882781982422,5957500,0.0,0.0,4397.4501953125,,330.9906921386719,160.1882781982422,0.000333544568614262,0.22393880702568,-0.003417447717741773,0.0,-0.0042240521429159905,1
2022-04-13 04:00:00+00:00,160.18828553529934,161.02529156418507,159.60061230357098,160.86502075195312,5643100,0.0,0.0,4446.58984375,,337.71868896484375,160.86502075195312,0.004215770765913341,0.1041571718118409,0.011174577597236057,0.0,0.020326845998899223,1
2022-04-14 04:00:00+00:00,160.277326592211,161.5239225865106,160.03690679799703,160.1882781982422,6188200,0.0,0.0,4392.58984375,,329.9960632324219,160.1882781982422,-0.004215770765913439,0.10563374663263247,-0.01214413784439794,0.0,-0.022867036929738238,1
2022-04-18 04:00:00+00:00,160.03686147824646,160.62454810351213,157.37448644717276,158.1936798095703,6318700,0.0,0.0,4391.68994140625,,330.2496337890625,158.1936798095703,-0.012529758257802346,0.11995728663694279,-0.0002048682840329885,0.0,0.0007684047929445992,1
2022-04-19 04:00:00+00:00,160.91840717526344,165.56644987233403,160.23277271197435,163.0198211669922,14380800,0.0,0.0,4462.2099609375,,337.6308898925781,163.0198211669922,0.030051691764615366,0.2549813762224355,0.016057604355527166,0.0,0.022350535317263054,0
2022-04-20 04:00:00+00:00,162.271885549273,164.12398063760335,161.96912917724305,163.7410888671875,8044900,0.0,0.0,4459.4501953125,,332.706787109375,163.7410888671875,0.004414658237613547,0.25335770032151017,-0.0006184750715809706,0.0,-0.014584278069965095,0
2022-04-21 04:00:00+00:00,163.7767181304716,164.61372417091394,162.55683386427012,163.26918029785156,6969200,0.0,0.0,4393.66015625,,325.8227233886719,163.26918029785156,-0.0028862023087560308,0.25862271693379657,-0.014752948498371943,0.0,-0.02069108292173205,0
2022-04-22 04:00:00+00:00,162.47668137731597,163.08216695074012,161.50611642686317,161.64857482910156,8003600,0.0,0.0,4271.77978515625,,317.2908020019531,161.64857482910156,-0.009975563860574316,0.2716071901337206,-0.027740054250753654,0.0,-0.02618577764614982,0
2022-04-25 04:00:00+00:00,162.3608946312617,166.2342679821609,162.14720026941862,165.62876892089844,11176500,0.0,0.0,4296.1201171875,,321.3666076660156,165.62876892089844,0.024324264496822394,0.2749789937960681,0.005697936985382235,0.0,0.012845647079417821,0
2022-04-26 04:00:00+00:00,164.81854198892225,166.12747472759938,163.99933471302077,164.44454956054688,10190000,0.0,0.0,4175.2001953125,,309.2366638183594,164.44454956054688,-0.007175523589120391,0.2181439187514899,-0.028146308431003852,0.0,-0.03774487939413562,0
2022-04-27 04:00:00+00:00,164.0527508145984,164.56920160175144,161.82667686318553,162.14723205566406,11090100,0.0,0.0,4183.9599609375,,308.86614990234375,162.14723205566406,-0.014068666303992537,0.2420265252171859,0.0020980468517017847,0.0,-0.001198156491020952,0
2022-04-28 04:00:00+00:00,162.28078957119277,164.28425610910872,161.98694618187318,163.35821533203125,9403900,0.0,0.0,4287.5,,319.83575439453125,163.35821533203125,0.007440667264442796,0.2504830987356317,0.02474690007293945,0.0,0.03551572257321123,0
2022-04-29 04:00:00+00:00,162.5033750113198,162.54789920130068,160.45538455407606,160.68690490722656,8463100,0.0,0.0,4131.93017578125,,305.443603515625,160.68690490722656,-0.01648764799919389,0.2704694981415389,-0.036284507106413955,0.0,-0.0449985677997492,0
2022-05-02 04:00:00+00:00,160.6958638641064,161.53287003318943,157.63278323975166,159.06637573242188,7145400,0.0,0.0,4155.3798828125,,310.543212890625,159.06637573242188,-0.010136209056801328,0.1490196342523619,0.005675242812353654,0.0,0.01669574781172045,0
2022-05-03 04:00:00+00:00,159.20878162650794,160.83826908133847,158.21149144572055,158.75465393066406,5898700,0.0,0.0,4175.47998046875,,310.8747253417969,158.75465393066406,-0.001961619103970092,0.1554823472127385,0.004837126381486367,0.0,0.0010675243811837376,0
2022-05-04 04:00:00+00:00,158.63001530602557,160.72253013589722,157.7395857761868,160.4553985595703,5923000,0.0,0.0,4300.169921875,,321.3861083984375,160.4553985595703,0.010656059914983295,0.1819251831187393,0.02986242108440229,0.0,0.03381227935170261,0
2022-05-05 04:00:00+00:00,159.76086453464202,160.019096706819,156.06558742237982,157.39231872558594,7089200,0.0,0.0,4146.8701171875,,305.1998291015625,157.39231872558594,-0.019274479545280502,0.1922494697221265,-0.035649708609806985,0.0,-0.05036396681093669,0
2022-05-06 04:00:00+00:00,155.94981948292266,157.4902586878796,155.54912893198744,157.0450439453125,6434000,0.0,0.0,4123.33984375,,301.5433044433594,157.0450439453125,-0.002208865502001746,0.1759520707750043,-0.0056742248424840325,0.0,-0.011980755916433772,0
2022-05-09 04:00:00+00:00,156.22582975053663,158.99506562587368,155.4600599513056,157.89984130859375,7855200,0.0,0.0,3991.239990234375,,289.7447509765625,157.89984130859375,0.00542824793955394,0.17967219253289518,-0.03203710063235676,0.0,-0.03912722747592312,0
2022-05-10 04:00:00+00:00,158.70124631522734,159.54715162463538,157.16080708130525,157.6861572265625,8186700,0.0,0.0,4001.050048828125,,293.2648620605469,157.6861572265625,-0.001354205292242836,0.17961967986766425,0.0024578974498534745,0.0,0.012149007262841183,0
2022-05-11 04:00:00+00:00,156.67998847129329,158.7814027376806,156.60875247737954,156.83135986328125,6138900,0.0,0.0,3935.179931640625,,284.56707763671875,156.83135986328125,-0.005435623909558768,0.1448091610659179,-0.01646320750393837,0.0,-0.02965846082860213,0
2022-05-12 04:00:00+00:00,157.13409565747355,158.45192751906526,155.56694462171245,158.3806915283203,6898600,0.0,0.0,3930.080078125,,283.8943176269531,158.3806915283203,0.009830487985905328,0.09866671116732416,-0.0012959645058717717,0.0,-0.0023641526467249596,0
2022-05-13 04:00:00+00:00,159.1197596786539,159.28894346897977,156.5375193890147,157.47247314453125,7732200,0.0,0.0,4023.889892578125,,294.4154968261719,157.47247314453125,-0.005750905727651161,0.10914219425761607,0.02386969542307149,0.0,0.03706019650961778,0
2022-05-16 04:00:00+00:00,157.47249380750802,159.50267238405723,156.86699456198917,158.56771850585938,5516700,0.0,0.0,4008.010009765625,,291.0027160644531,158.56771850585938,0.006931078861989532,0.11380152795589563,-0.003946400929555671,0.0,-0.011591715784355361,0
2022-05-17 04:00:00+00:00,159.13755989241952,160.01017699022816,157.24094072671613,159.2266082763672,5751100,0.0,0.0,4088.85009765625,,298.5400390625,159.2266082763672,0.004146648691286906,0.11380752668377209,0.020169632234863677,0.0,0.025901211851154793,0
2022-05-18 04:00:00+00:00,159.24440162377087,159.71632815138608,155.97652713069692,156.27037048339844,8608800,0.0,0.0,3923.679931640625,,283.8846130371094,156.27037048339844,-0.018740745646059508,0.185057769970819,-0.04039526078745259,0.0,-0.04909031991625912,0
2022-05-19 04:00:00+00:00,155.5758510964068,155.64708709038945,153.76828020808682,154.88131713867188,6874500,0.0,0.0,3900.7900390625,,282.3634338378906,154.88131713867188,-0.008928523467793952,0.1644764024120066,-0.005833781800992588,0.0,-0.005358441878707598,0
2022-05-20 04:00:00+00:00,155.6916205152769,157.74851071104203,154.9792741200952,157.58822631835938,7522100,0.0,0.0,3901.360107421875,,281.4858703613281,157.58822631835938,0.01732634078646385,0.22397444457069657,0.00014614176965843662,0.0,-0.0031079218177603174,0
2022-05-23 04:00:00+00:00,159.15650451982674,161.2445253851176,159.03104386258798,160.805419921875,7040800,1.13,0.0,3973.75,,286.166259765625,160.805419921875,0.020209593627283425,0.26533278766941515,0.018555039930923556,0.0,0.016627439943216027,0
2022-05-24 04:00:00+00:00,160.63512400500326,162.86654571305095,160.50070677676473,162.5618438720703,6419800,0.0,0.0,3941.47998046875,,280.0817565917969,162.5618438720703,0.010863444884114977,0.2716849997758392,-0.008120797617175213,0.0,-0.021262126355536926,0
2022-05-25 04:00:00+00:00,161.7822216899982,162.69630000633256,160.46487795222362,160.9667205810547,6558900,0.0,0.0,3978.72998046875,,284.0015869140625,160.9667205810547,-0.00986086789010517,0.22842875768381732,0.009450764734207695,0.0,0.013995307548640312,0
2022-05-26 04:00:00+00:00,162.2033854682359,162.2033854682359,160.05262781567862,160.8233184814453,6897600,0.0,0.0,4057.840087890625,,291.8704833984375,160.8233184814453,-0.0008912774896331984,0.20098851656880756,0.019883256167224195,0.0,0.027707227166854143,0
2022-05-27 04:00:00+00:00,161.0921442923963,162.34676425091777,159.72103396944672,162.28402709960938,5853600,0.0,0.0,4158.240234375,,301.3970031738281,162.28402709960938,0.009041692115469843,0.18338202256251557,0.02474226295510973,0.0,0.03263954499429733,0
2022-05-31 04:00:00+00:00,159.51496717826205,161.45961429453286,156.83546926756043,160.88607788085938,16391400,0.0,0.0,4132.14990234375,,300.5975036621094,160.88607788085938,-0.008651530056668731,0.15321087856415022,-0.006274368617659065,0.0,-0.0026526458567925904,0
2022-06-01 04:00:00+00:00,160.545497021525,161.1548870050784,157.6330053492035,159.2550506591797,5175400,0.0,0.0,4101.22998046875,,298.374267578125,159.2550506591797,-0.010189514487193204,0.13138149080482908,-0.007482768681131846,0.0,-0.007396056377379057,0
2022-06-02 04:00:00+00:00,159.28195933807422,159.34468282730123,156.45907414240497,158.7532196044922,8666500,0.0,0.0,4176.81982421875,,306.5453796386719,158.7532196044922,-0.003156090694302502,0.1211143608326947,0.018431018038486124,0.0,0.02738544488729211,0
2022-06-03 04:00:00+00:00,158.6815055299073,160.11533929945364,157.85703436154444,158.0989990234375,4234200,0.0,0.0,4108.5400390625,,298.5693054199219,158.0989990234375,-0.004129505632495703,0.12012870717474192,-0.016347313992415624,0.0,-0.02601922830528869,0
2022-06-06 04:00:00+00:00,158.80699457946935,159.9630238613215,157.7226453758688,158.0811004638672,5386500,0.0,0.0,4121.43017578125,,299.5638122558594,158.0811004638672,-0.00011321749609445326,0.06545019734891847,0.003137400778913113,0.0,0.0033309078257015567,0
2022-06-07 04:00:00+00:00,158.6008292066707,160.6799064711606,158.08105989054826,159.81959533691406,5447800,0.0,0.0,4160.68017578125,,302.1477966308594,159.81959533691406,0.01093745453859836,0.12338124528652808,0.009523393173235029,0.0,0.008625822844025688,0
2022-06-08 04:00:00+00:00,159.6045558475197,160.81435192717603,158.43955639459645,158.8697052001953,4333100,0.0,0.0,4115.77001953125,,299.9734191894531,158.8697052001953,-0.005961247824104125,0.10678988213171742,-0.010793945785935621,0.0,-0.007196403434517662,0
2022-06-09 04:00:00+00:00,158.80698563560443,160.09743208423293,155.60771877494895,155.6704559326172,5509600,0.0,0.0,4017.820068359375,,291.938720703125,155.6704559326172,-0.020343091242152823,0.17910146452222245,-0.02379869397635359,0.0,-0.026784701484679485,0
2022-06-10 04:00:00+00:00,154.29036329131512,155.903438320268,152.9013260809895,154.6309051513672,6647300,0.0,0.0,3900.860107421875,,281.64190673828125,154.6309051513672,-0.00670029075437712,0.18021560807711193,-0.029110303335524668,0.0,-0.035270463404252106,0
2022-06-13 04:00:00+00:00,152.41743803566516,154.36208501292276,152.41743803566516,153.07162475585938,7997000,0.0,0.0,3749.6298828125,,268.5464782714844,153.07162475585938,-0.010135072619363332,0.17911172613176402,-0.038768430665237275,0.0,-0.046496732742851155,0
2022-06-14 04:00:00+00:00,153.29565929908884,153.34046960480367,149.89028117754273,150.7237091064453,7116800,0.0,0.0,3735.47998046875,,269.0340881347656,150.7237091064453,-0.01545752773319161,0.09695137733155751,-0.0037736797459957394,0.0,0.0018157373219704898,0
2022-06-15 04:00:00+00:00,152.02311828335073,153.63619348868153,151.12696691085418,152.33677673339844,7796100,0.0,0.0,3789.989990234375,,275.75238037109375,152.33677673339844,0.010645286570271672,0.18800882395686236,0.014592504858983224,0.0,0.024971899594235625,0
2022-06-16 04:00:00+00:00,150.91189320077106,152.53393875236895,150.02471204913965,152.4174346923828,7056700,0.0,0.0,3666.77001953125,,264.6268005371094,152.4174346923828,0.0005293312305043647,0.1609041677699394,-0.03251195148816344,0.0,-0.04034626942843478,0
2022-06-17 04:00:00+00:00,152.91032722706737,154.31727790161978,151.664677250895,151.86183166503906,12486600,0.0,0.0,3674.840087890625,,267.844482421875,151.86183166503906,-0.003651932328372071,0.15939646692667025,0.002200865698254617,0.0,0.012159319759883491,0
2022-06-21 04:00:00+00:00,153.0178545741487,155.80488603019725,151.95143219920297,155.04315185546875,8219700,0.0,0.0,3764.7900390625,,274.6021423339844,155.04315185546875,0.020732371991410575,0.2192392508632577,0.024477242280086964,0.0,0.025229789506977962,0
2022-06-22 04:00:00+00:00,154.1380134592344,159.44322716530147,153.8602087623806,157.4896240234375,10593100,0.0,0.0,3759.889892578125,,274.20159912109375,157.4896240234375,0.015656099638329413,0.16193664919042935,-0.0013015723144006452,0.0,-0.0014586310561388593,0
2022-06-23 04:00:00+00:00,158.61878244276173,161.14593570969532,158.18863364117993,161.00254821777344,10223500,0.0,0.0,3795.72998046875,,278.28521728515625,161.00254821777344,0.022060615419509984,0.18833687814152722,0.009532217409177868,0.0,0.014892758383437066,0
2022-06-24 04:00:00+00:00,162.00623718375482,163.57450201938906,161.28931338119946,163.3594207763672,9374400,0.0,0.0,3911.739990234375,,287.8202819824219,163.3594207763672,0.014532616423020802,0.16359709999091404,0.03056329358583576,0.0,0.03426364070030763,0
2022-06-27 04:00:00+00:00,162.7769434321951,164.30936837751085,162.6514827803237,163.20709228515625,5908600,0.0,0.0,3900.110107421875,,285.7100524902344,163.20709228515625,-0.0009329095064326204,0.14537898546151606,-0.0029730715337762392,0.0,-0.007331760908761753,0
2022-06-28 04:00:00+00:00,163.25190101295766,163.96882487708652,158.00045319392777,158.56503295898438,9245700,0.0,0.0,3821.550048828125,,277.0054626464844,158.56503295898438,-0.028855087468792947,0.32490092277803717,-0.020143036075892073,0.0,-0.030466515853681875,0
2022-06-29 04:00:00+00:00,158.81594374592584,159.78378884729602,158.1079765200772,158.60983276367188,7097900,0.0,0.0,3818.830078125,,277.2593688964844,158.60983276367188,0.00028249278128228737,0.3095922525054897,-0.0007117454091590814,0.0,0.00091661098511997,0
2022-06-30 04:00:00+00:00,158.49331281318254,159.7748025547917,156.8533543621077,159.0758056640625,10777200,0.0,0.0,3785.3798828125,,273.82049560546875,159.0758056640625,0.0029335492587311872,0.25403921324242845,-0.008759278267998716,0.0,-0.012403091389490806,0
2022-07-01 04:00:00+00:00,159.0220506389645,161.05631798511294,158.34098055144767,160.87709045410156,5498400,0.0,0.0,3825.330078125,,275.62799072265625,160.87709045410156,0.011259806320949799,0.24101857655039138,0.010553814029047315,0.0,0.006601022006007318,0
2022-07-05 04:00:00+00:00,160.25874271884894,160.527590850562,156.47698304218795,159.64039611816406,5676400,0.0,0.0,3831.389892578125,,280.3465270996094,159.64039611816406,-0.007716898608602045,0.2420520848246894,0.0015841285142366157,0.0,0.017119220600860574,0
2022-07-06 04:00:00+00:00,159.57767198432595,160.80539491597398,158.98620883180988,159.78378295898438,5335600,0.0,0.0,3845.080078125,,282.1441650390625,159.78378295898438,0.0008977833228877747,0.10769545602991601,0.0035731642904301975,0.0,0.006412199780218453,0
2022-07-07 04:00:00+00:00,159.38946118595925,160.5186068333936,159.07580278013606,159.96299743652344,5725800,0.0,0.0,3902.6201171875,,288.1817932128906,159.96299743652344,0.00112097764414706,0.10724646866457521,0.014964587965241805,0.0,0.021399089266978866,0
2022-07-08 04:00:00+00:00,159.81066418201254,161.29827863309967,159.3088216380756,159.76585388183594,3828300,0.0,0.0,3899.3798828125,,288.5433044433594,159.76585388183594,-0.0012331923056593877,0.10829916606718064,-0.000830271529819071,0.0,0.0012544554825559828,0
2022-07-11 04:00:00+00:00,159.24609144307334,160.4290177833551,159.0847907644082,159.82859802246094,3645200,0.0,0.0,3854.429931640625,,282.3786926269531,159.82859802246094,0.00039264850223315757,0.058723447494528735,-0.011527461422777274,0.0,-0.021364598386015787,1
2022-07-12 04:00:00+00:00,159.49703491110964,159.91822719623312,157.00573491673757,157.58824157714844,4708800,0.0,0.0,3818.800048828125,,279.6432189941406,157.58824157714844,-0.014116413304247228,0.10334636327807194,-0.009243878717321574,0.0,-0.009687252275887182,1
2022-07-13 04:00:00+00:00,157.4179337903015,158.01835349427427,156.3783950457294,157.2207794189453,5291700,0.0,0.0,3801.780029296875,,279.0668029785156,157.2207794189453,-0.002334509499934115,0.09893195409405763,-0.0044569025122100925,0.0,-0.002061255115351379,1
2022-07-14 04:00:00+00:00,154.61298095718433,157.7315836173592,154.4068699892725,157.43585205078125,5359600,0.0,0.0,3790.3798828125,,280.063232421875,157.43585205078125,0.0013670308763229072,0.09962731551255034,-0.00299863390215227,0.0,0.0035705767677285394,1
2022-07-15 04:00:00+00:00,159.25506521240553,159.9719753656053,158.2155263464074,159.72105407714844,5691100,0.0,0.0,3863.159912109375,,285.1434326171875,159.72105407714844,0.014410794969897757,0.16157747699181338,0.01920124935943668,0.0,0.01813947568690466,1
2022-07-18 04:00:00+00:00,159.28192847952502,159.68519380815513,155.8496675428955,156.1364288330078,7605700,0.0,0.0,3830.85009765625,,282.7303466796875,156.1364288330078,-0.022698712844350336,0.2273224690897527,-0.008363571580831342,0.0,-0.008462709154307024,1
2022-07-19 04:00:00+00:00,158.01838693505238,158.39476890342553,152.23821281315918,153.86024475097656,13256400,0.0,0.0,3936.68994140625,,291.42529296875,153.86024475097656,-0.014685480092546433,0.22884240040980453,0.02762829164595959,0.0,0.030753494950838123,0
2022-07-20 04:00:00+00:00,154.31725131608067,154.63090974114218,152.13063995350606,152.98199462890625,7455800,0.0,0.0,3959.89990234375,,296.04620361328125,152.98199462890625,-0.005724456464369741,0.2278156832212589,0.005895806193263242,0.0,0.015856244313793066,0
2022-07-21 04:00:00+00:00,152.39053807241496,153.59137758597888,152.13961679119814,153.51968383789062,5729200,0.0,0.0,3998.949951171875,,300.2959899902344,153.51968383789062,0.0035085599743083238,0.23232508841963356,0.00986137270919718,0.0,0.014355145666737013,0
2022-07-22 04:00:00+00:00,153.77957085480995,154.57714497679814,153.29564148801305,154.2455596923828,4257000,0.0,0.0,3961.6298828125,,295.03021240234375,154.2455596923828,0.004717083658397173,0.18696577694136662,-0.00933246697634671,0.0,-0.01753529105753915,0
2022-07-25 04:00:00+00:00,154.2455301529998,155.01622068192566,153.88707516594738,154.55023193359375,4437300,0.0,0.0,3966.840087890625,,293.3498840332031,154.55023193359375,0.0019732933436036842,0.1294611089020026,0.0013151670479691902,0.0,-0.00569544507139863,0
2022-07-26 04:00:00+00:00,154.63986958488073,156.8085541382882,154.577146103059,155.6435546875,4525500,0.0,0.0,3921.050048828125,,287.5858154296875,155.6435546875,0.007049317739995676,0.07710071123871484,-0.01154320266205866,0.0,-0.01964912521616413,0
2022-07-27 04:00:00+00:00,154.7026102703714,156.0199538347059,153.3583832597594,155.21340942382812,4648500,0.0,0.0,4023.610107421875,,299.7391052246094,155.21340942382812,-0.0027674820761388547,0.05825535633432527,0.026156273782937722,0.0,0.042259698298274584,0
2022-07-28 04:00:00+00:00,155.3926646879437,157.80331441170742,153.63621540483697,156.10958862304688,5513000,0.0,0.0,4072.429931640625,,302.6699523925781,156.10958862304688,0.00575724684798682,0.06182276628098806,0.012133338697180918,0.0,0.009777993985044198,0
2022-07-29 04:00:00+00:00,155.74214667476593,156.69207865048193,154.95354273672856,156.39634704589844,6451400,0.0,0.0,4130.2900390625,,308.1898193359375,156.39634704589844,0.00183521956293073,0.06117788322408567,0.014207760082581844,0.0,0.018237247865952044,0
2022-08-01 04:00:00+00:00,156.08268009889633,156.9698748644138,155.51810036864117,155.8496856689453,5461400,0.0,0.0,4118.6298828125,,308.004150390625,155.8496856689453,-0.0035014820250740676,0.07617502687603829,-0.0028230841271976725,0.0,-0.0006024499631835933,0
2022-08-02 04:00:00+00:00,156.8354624288933,157.26562497603157,154.76535473971492,154.96250915527344,5794200,0.0,0.0,4091.18994140625,,307.0857849121094,154.96250915527344,-0.005708778084506931,0.0732541347862792,-0.006662395550704803,0.0,-0.0029816659202510643,0
2022-08-03 04:00:00+00:00,154.63090285395987,157.05946511425466,153.93190596416275,156.45904541015625,5010000,0.0,0.0,4155.169921875,,315.4485168457031,156.45904541015625,0.009611073818464067,0.10069953750948443,0.015638477163140152,0.0,0.02723255957936055,0
2022-08-04 04:00:00+00:00,156.65622544122496,156.9071467415247,153.7795870791509,153.94984436035156,5651600,0.0,0.0,4151.93994140625,,316.92376708984375,153.94984436035156,-0.016167421668609728,0.15125834317203785,-0.0007773401640558397,0.0,0.004676675163644006,0
2022-08-05 04:00:00+00:00,153.51074031728524,153.7168513142224,152.15754292745575,153.34046936035156,5235500,0.0,0.0,4145.18994140625,,314.3348388671875,153.34046936035156,-0.003966124355940173,0.1455924291254689,-0.0016257460597355333,0.0,-0.008168930485804582,0
2022-08-08 04:00:00+00:00,153.5107507319867,153.67205143422362,151.84390843793986,152.5249786376953,4629800,0.0,0.0,4140.06005859375,,313.3187561035156,152.5249786376953,-0.005332362058571589,0.14581985476414186,-0.0012375507238541195,0.0,-0.0032324853564870137,0
2022-08-09 04:00:00+00:00,152.82964934344568,153.34941878139753,152.10376891819416,152.5070343017578,5532500,0.0,0.0,4122.47021484375,,309.77239990234375,152.5070343017578,-0.00011765542760760164,0.14783596193863463,-0.004248692893594086,0.0,-0.011318684668849555,0
2022-08-10 04:00:00+00:00,153.25981018063723,153.45696457475566,151.92453972486865,152.94615173339844,5603400,0.0,0.0,4210.240234375,,318.4184875488281,152.94615173339844,0.002875188436205777,0.11521225317865323,0.021290637641290244,0.0,0.02791109746772169,0
2022-08-11 04:00:00+00:00,151.01942329182535,152.30091310747275,149.63934261046856,149.78273010253906,9328700,0.0,0.0,4207.27001953125,,316.6110534667969,149.78273010253906,-0.020900131916535652,0.1460665348286866,-0.0007054739583503,0.0,-0.0056762849919450575,0
2022-08-12 04:00:00+00:00,150.14122076597513,150.4996895811657,147.9994191641396,148.13385009765625,14606900,0.0,0.0,4280.14990234375,,322.7756652832031,148.13385009765625,-0.011069520472931638,0.1500540311163786,0.017322368774566943,0.0,0.019470614651338147,0
2022-08-15 04:00:00+00:00,148.76111602210554,149.43322949810903,147.98146876568026,148.84176635742188,10072000,0.0,0.0,4297.14013671875,,325.3841857910156,148.84176635742188,0.004767513300105402,0.1722314200756729,0.0039695418998517695,0.0,0.008081527786562903,0
2022-08-16 04:00:00+00:00,148.63565086620264,150.7774518642912,148.4026564576473,150.16807556152344,7453600,0.0,0.0,4305.2001953125,,324.6220703125,150.16807556152344,0.008871399644557028,0.19783875858466812,0.0018756797165810912,0.0,-0.002342201962467594,0
2022-08-17 04:00:00+00:00,149.12855227095736,151.05527224041984,149.12855227095736,150.1770477294922,7406600,0.0,0.0,4274.0400390625,,320.9194641113281,150.1770477294922,5.9745721009916334e-05,0.19345066992099672,-0.007237794954094601,0.0,-0.01140589793419633,0
2022-08-18 04:00:00+00:00,150.26662856743627,150.82225161696115,148.69836394744985,149.45114135742188,8312100,0.0,0.0,4283.740234375,,321.6912841796875,149.45114135742188,-0.004845390512195587,0.12460837047924637,0.002269561170191503,0.0,0.002405027287754713,0
2022-08-19 04:00:00+00:00,149.74686948250638,152.4532362338563,149.65724889373553,151.72735595703125,8128500,0.0,0.0,4228.47998046875,,315.4193115234375,151.72735595703125,0.015115673658964497,0.12257696564921353,-0.012900001139847905,0.0,-0.019496868472030693,0
2022-08-22 04:00:00+00:00,152.3769427502641,152.39499005630137,150.81618804653698,151.19509887695312,5462600,1.13,0.0,4137.990234375,,307.1151123046875,151.19509887695312,-0.003514151026658159,0.1360487517455989,-0.0214000649197158,0.0,-0.02632749142289892,0
2022-08-23 04:00:00+00:00,150.66280005981173,151.35747670500325,149.580195866486,149.87791442871094,5566300,0.0,0.0,4128.72998046875,,306.8611145019531,149.87791442871094,-0.008749989496967625,0.1463833605782291,-0.0022378626777133093,0.0,-0.0008270442988894677,0
2022-08-24 04:00:00+00:00,150.26586969972226,150.29293377709408,148.92164130338304,149.38174438476562,5684300,0.0,0.0,4140.77001953125,,307.7501525878906,149.38174438476562,-0.0033159865286218715,0.14769048928900094,0.0029161604463010526,0.0,0.002897200211830153,0
2022-08-25 04:00:00+00:00,149.71554995401965,150.8793603927062,148.58783413067502,150.78012084960938,5678700,0.0,0.0,4199.1201171875,,313.19171142578125,150.78012084960938,0.009317549920011573,0.1586522259877507,0.014091605518061545,0.0,0.017681742127931388,0
2022-08-26 04:00:00+00:00,151.07783835789894,151.11391920691082,148.13674670215926,148.1999053955078,5667100,0.0,0.0,4057.659912109375,,300.3546447753906,148.1999053955078,-0.017260547774631,0.15349571859873865,-0.03368805871951874,0.0,-0.04098788755280547,0
2022-08-29 04:00:00+00:00,147.4781604195185,147.81195988632922,146.1700128637357,147.05413818359375,5259200,0.0,0.0,4030.610107421875,,297.3944091796875,147.05413818359375,-0.0077612685639236135,0.1543793534307902,-0.006666355799502699,0.0,-0.009855800957953686,0
2022-08-30 04:00:00+00:00,147.32480132553917,147.54131395835375,146.17903816799904,146.53990173339844,6973300,0.0,0.0,3986.159912109375,,294.08251953125,146.53990173339844,-0.0035030477880609832,0.15201195134407458,-0.011028155571448206,0.0,-0.01113635477402819,0
2022-08-31 04:00:00+00:00,147.26162415448914,147.55032598343757,145.4933736333931,145.5565185546875,8741700,0.0,0.0,3955.0,,292.37286376953125,145.5565185546875,-0.006733303291238082,0.1522641977166904,-0.007817025105971265,0.0,-0.005813523919897867,0
2022-09-01 04:00:00+00:00,145.69188063974744,149.30958836891534,145.6828501020729,149.1652374267578,7509600,0.0,0.0,3966.85009765625,,292.4999084472656,149.1652374267578,0.02449021264263919,0.25003650828233015,0.0029962320243361873,0.0,0.0004345296485330774,0
2022-09-02 04:00:00+00:00,149.63436985514312,149.94110528011663,146.16099933109854,146.81959533691406,5803700,0.0,0.0,3924.260009765625,,288.3674011230469,146.81959533691406,-0.015850077010493686,0.2448136527991981,-0.010736500458081055,0.0,-0.01412823459041801,0
2022-09-06 04:00:00+00:00,147.9021668916468,149.95911916044307,146.8917380623603,147.2165069580078,7394600,0.0,0.0,3908.18994140625,,286.2962951660156,147.2165069580078,0.002699749174165281,0.24017889893499267,-0.004095056983834944,0.0,-0.007182177836209336,0
2022-09-07 04:00:00+00:00,146.97296180966018,148.33523766747857,146.2963322664808,148.0194854736328,4590600,0.0,0.0,3979.8701171875,,292.0798034667969,148.0194854736328,0.00543958403553533,0.23983453476459096,0.018341016392734,0.0,0.02020112868532764,0
2022-09-08 04:00:00+00:00,147.84805146557395,149.23739122540383,147.12631062566194,149.2103271484375,5838400,0.0,0.0,4006.179931640625,,293.59405517578125,149.2103271484375,0.008012978483362585,0.2285526601243592,0.006610721877456038,0.0,0.005184376636149457,0
2022-09-09 04:00:00+00:00,148.84945808231427,149.9410791889035,148.3081490309725,149.4990234375,5500600,0.0,0.0,4067.360107421875,,300.0126953125,149.4990234375,0.0019329584318995504,0.1495593479428152,0.015271449816332883,0.0,0.021862295995318304,0
2022-09-12 04:00:00+00:00,149.85985892413316,150.2748642879944,149.05692603336675,149.4358367919922,6365300,0.0,0.0,4110.41015625,,303.5785827636719,149.4358367919922,-0.0004227452522622082,0.05181004376743603,0.0105842727693497,0.0,0.011885788524574226,0
2022-09-13 04:00:00+00:00,147.5683875691526,148.353273372709,145.07838223473277,145.54751586914062,6726400,0.0,0.0,3932.68994140625,,286.9313049316406,145.54751586914062,-0.026364512519831313,0.21979165372082846,-0.0432366134006168,0.0,-0.05483679935679364,0
2022-09-14 04:00:00+00:00,146.4948202367686,149.1832912632797,146.4948202367686,148.55177307128906,9555700,0.0,0.0,3946.010009765625,,289.20758056640625,148.55177307128906,0.020430934845901538,0.2724289896864671,0.0033870120853238816,0.0,0.007933172838383573,0
2022-09-15 04:00:00+00:00,148.36229088271347,149.82381994986994,148.04653871199162,148.9306640625,7174500,0.0,0.0,3901.35009765625,,284.39117431640625,148.9306640625,0.002547318085339114,0.2658933368122511,-0.011317739184353415,0.0,-0.016653803612502793,0
2022-09-16 04:00:00+00:00,149.14719472071326,151.2312114181011,148.6329496831434,151.2041473388672,20201500,0.0,0.0,3873.330078125,,282.6521911621094,151.2041473388672,0.015150037081195462,0.28869986653894436,-0.007182134089448455,0.0,-0.006114757810177784,0
2022-09-19 04:00:00+00:00,150.03130719432014,150.1485802722278,148.0284829068701,150.0132598876953,7380900,0.0,0.0,3899.889892578125,,284.8533630371094,150.0132598876953,-0.007907203418539156,0.2978398147181839,0.006857100716286535,0.0,0.0077875634572299735,0
2022-09-20 04:00:00+00:00,149.05694877557977,149.67041949760392,148.2449989926512,148.83140563964844,7143400,0.0,0.0,3855.929931640625,,282.5827331542969,148.83140563964844,-0.007909529905246286,0.20681976456946033,-0.011272103097361819,0.0,-0.00797122371525838,0
2022-09-21 04:00:00+00:00,148.87654820600764,150.48241456894317,147.27068184307208,147.3067626953125,8071200,0.0,0.0,3789.929931640625,,277.5227966308594,147.3067626953125,-0.01029692608659342,0.16892684960700924,-0.017116493600784488,0.0,-0.017906035754402083,0
2022-09-22 04:00:00+00:00,147.18948277778415,150.80720441687106,146.90079464805322,149.92306518554688,7401100,0.0,0.0,3757.989990234375,,274.10711669921875,149.92306518554688,0.017605030306937355,0.21906680971726805,-0.00842758097968943,0.0,-0.01230774542886981,0
2022-09-23 04:00:00+00:00,149.5261223280132,151.09589416348857,148.55177406837456,150.41024780273438,9598600,0.0,0.0,3693.22998046875,,269.6441955566406,150.41024780273438,0.003244282425114513,0.18547224446809277,-0.017232619015461026,0.0,-0.016281668262832283,0
2022-09-26 04:00:00+00:00,149.58021299667593,150.51846640072623,148.29912961515498,149.489990234375,8735500,0.0,0.0,3655.0400390625,,268.5284118652344,149.489990234375,-0.006137110545641525,0.18173919335685346,-0.010340526208282075,0.0,-0.004137985203437777,0
2022-09-27 04:00:00+00:00,150.08541986482396,151.26726365468988,148.31715568167076,148.80433654785156,8686700,0.0,0.0,3647.2900390625,,268.6361389160156,148.80433654785156,-0.004597170194071428,0.1748504494891275,-0.0021203598092424114,0.0,0.0004011756150232859,0
2022-09-28 04:00:00+00:00,149.98617917483486,151.00563851210975,148.94868629899682,150.08541870117188,8660900,0.0,0.0,3719.0400390625,,273.9798583984375,150.08541870117188,0.008572324583312441,0.15531521669813206,0.019672139926234733,0.0,0.01989203501801562,0
2022-09-29 04:00:00+00:00,150.19368195782465,150.81618321860256,147.8570583620281,148.4344482421875,7008100,0.0,0.0,3640.469970703125,,266.0816955566406,148.4344482421875,-0.01106115521729511,0.12429900992456637,-0.021126437880238824,0.0,-0.028827530928609013,0
2022-09-30 04:00:00+00:00,148.8584840725648,149.52609677509676,147.3428406606266,147.37892150878906,8985200,0.0,0.0,3585.6201171875,,261.56982421875,147.37892150878906,-0.007136467253262628,0.1184377339221709,-0.015066695771983274,0.0,-0.01695671447241731,0
2022-10-03 04:00:00+00:00,148.2179228857806,148.29912887787205,145.88129927404705,147.23455810546875,8657000,0.0,0.0,3678.429931640625,,267.70635986328125,147.23455810546875,-0.000980019074915784,0.11843126467601552,0.025883894952576147,0.0,0.023460411241471357,0
2022-10-04 04:00:00+00:00,147.82096553414428,149.76063084895696,146.98193797404917,149.4178009033203,6236100,0.0,0.0,3790.929931640625,,276.123291015625,149.4178009033203,0.014719466408038187,0.170420245196841,0.030583700679551518,0.0,0.03144090845149261,0
2022-10-05 04:00:00+00:00,148.87652566571202,149.7967318021871,148.14576806542712,148.9577178955078,4539400,0.0,0.0,3783.280029296875,,275.9764099121094,148.9577178955078,-0.003083921725900041,0.15655423571540616,-0.002017948757084831,0.0,-0.0005319402900616499,0
2022-10-06 04:00:00+00:00,148.66903354397024,148.85849586850696,145.87230642668456,146.07078552246094,5890700,0.0,0.0,3744.52001953125,,273.8037109375,146.07078552246094,-0.019571156600317913,0.19596484671550665,-0.010245080846639998,0.0,-0.00787277063029157,0
2022-10-07 04:00:00+00:00,145.9444632233033,146.35043813415712,143.59880899116393,144.52804565429688,6363500,0.0,0.0,3639.659912109375,,263.37066650390625,144.52804565429688,-0.010617760267813125,0.20182956162497742,-0.028003617786773516,0.0,-0.03810410164957645,0
2022-10-10 04:00:00+00:00,144.91597783709685,145.50238447492208,143.60781665630776,144.71749877929688,5315600,0.0,0.0,3612.389892578125,,260.73797607421875,144.71749877929688,0.001309981472410317,0.20455789682363945,-0.00749246363390188,0.0,-0.009996141425447802,1
2022-10-11 04:00:00+00:00,144.6814189371418,148.0555494980879,144.6814189371418,146.810546875,6212200,0.0,0.0,3588.840087890625,,257.1558837890625,146.810546875,0.01435940103189061,0.2025492796099207,-0.006519175777754405,0.0,-0.013738283694188835,1
2022-10-12 04:00:00+00:00,147.00000298478318,148.75021999966114,146.60304484540126,146.7744598388672,4341700,0.0,0.0,3577.030029296875,,257.0679016113281,146.7744598388672,-0.00024583705222882174,0.20393223624541154,-0.0032907731480149582,0.0,-0.00034213558110363085,1
2022-10-13 04:00:00+00:00,145.1505396031189,149.75162506966603,145.0242359979932,148.99378967285156,6465100,0.0,0.0,3669.909912109375,,263.09661865234375,148.99378967285156,0.015007503283854222,0.17160218056424098,0.02596564246086497,0.0,0.023451846781441743,1
2022-10-14 04:00:00+00:00,148.35327532402766,149.47196061901778,147.59545358882872,148.37132263183594,5684600,0.0,0.0,3583.070068359375,,255.18862915039062,148.37132263183594,-0.004186556690321345,0.1404168698676295,-0.02366266361565439,0.0,-0.030057358937032763,1
2022-10-17 04:00:00+00:00,149.21930512860223,150.852248688762,148.86745845344248,150.2928924560547,6710800,0.0,0.0,3677.949951171875,,263.6153564453125,150.2928924560547,0.012867938254036478,0.14392149019819975,0.026480052302171098,0.0,0.03302156261028277,1
2022-10-18 04:00:00+00:00,148.85849437356836,150.81620746582655,147.0992603750933,149.76968383789062,10883600,0.0,0.0,3719.97998046875,,265.70001220703125,149.76968383789062,-0.003487333574723059,0.14655190388735462,0.011427569666488724,0.0,0.007907945082672896,0
2022-10-19 04:00:00+00:00,149.76068634067394,149.98622954299424,147.8571011624481,148.57884216308594,10044600,0.0,0.0,3695.159912109375,,264.7310485839844,148.57884216308594,-0.007982932008038212,0.16918941720712516,-0.0066720972934503076,0.0,-0.0036468331898000805,0
2022-10-20 04:00:00+00:00,148.8584783592925,149.5260910362011,148.25402437182152,148.9577178955078,5659900,0.0,0.0,3665.780029296875,,263.3804931640625,148.9577178955078,0.002546752151250865,0.12932464087096243,-0.007950909706564868,0.0,-0.005101613230279689,0
2022-10-21 04:00:00+00:00,148.59686061126524,152.80097462372615,148.34423960895458,152.20555114746094,8487600,0.0,0.0,3752.75,,269.55615234375,152.20555114746094,0.021569424317985055,0.19164930604516625,0.02372481982226482,0.0,0.023447671106913148,0
2022-10-24 04:00:00+00:00,153.1979234793258,155.24585908871308,152.69270903751735,154.2534637451172,6855500,0.0,0.0,3797.340087890625,,272.5216064453125,154.2534637451172,0.013365200452185425,0.1929467434680792,0.011881976654619875,0.0,0.011001248073094771,0
2022-10-25 04:00:00+00:00,153.52272200203706,154.37076651661695,152.03414259908294,154.00990295410156,5661900,0.0,0.0,3859.110107421875,,278.1590270996094,154.00990295410156,-0.0015802126882996188,0.18794594954184718,0.016266654579669915,0.0,0.020686142019451736,0
2022-10-26 04:00:00+00:00,154.56022606632015,155.68794188655866,153.83848518815506,155.3631591796875,6123800,0.0,0.0,3830.60009765625,,272.0127258300781,155.3631591796875,0.008748433669092238,0.144333553751268,-0.007387716072364547,0.0,-0.022096357373763142,0
2022-10-27 04:00:00+00:00,155.4894637560892,156.4637981166259,154.92109057405756,155.453369140625,5390900,0.0,0.0,3807.300048828125,,267.0603942871094,155.453369140625,0.0005804708260400141,0.15036114299492326,-0.006082610618211248,0.0,-0.018206249460778534,0
2022-10-28 04:00:00+00:00,156.07583558167863,158.23202721045945,155.70594156922044,157.7628936767578,6073900,0.0,0.0,3901.06005859375,,275.232666015625,157.7628936767578,0.014747423219592196,0.11726668711719862,0.024626377895927698,0.0,0.030600837500935674,0
2022-10-31 04:00:00+00:00,157.44718651738395,158.02457650595898,156.45479102167852,156.95098876953125,7810000,0.0,0.0,3871.97998046875,,272.0322265625,156.95098876953125,-0.005159649788085895,0.12881040287056653,-0.00745440410765752,0.0,-0.01162812357797427,0
2022-11-01 04:00:00+00:00,157.03216727657193,157.5464122882982,153.74825942261785,156.1570587158203,6985000,0.0,0.0,3856.10009765625,,269.2526550292969,156.1570587158203,-0.0050712957499085805,0.13937954291524265,-0.004101230608784645,0.0,-0.010217802384396957,0
2022-11-02 04:00:00+00:00,155.97661374389705,156.92389768751505,153.6309595755154,153.75726318359375,6877300,0.0,0.0,3759.68994140625,,260.02337646484375,153.75726318359375,-0.015487141630312047,0.17541578965250418,-0.02500198485734284,0.0,-0.03427739111225814,0
2022-11-03 04:00:00+00:00,153.19792527903465,154.6955350820323,152.41303953100896,154.01890563964844,4819900,0.0,0.0,3719.889892578125,,254.94395446777344,154.01890563964844,0.0017002129832408338,0.1766606192586211,-0.010585992315429671,0.0,-0.019534482115138085,0
2022-11-04 04:00:00+00:00,154.77673478877375,155.62477926676837,152.6837014375671,154.70455932617188,5300900,0.0,0.0,3770.550048828125,,259.04473876953125,154.70455932617188,0.004441870422386489,0.12249333733121237,0.013618724670070526,0.0,0.016085042339280875,0
2022-11-07 05:00:00+00:00,154.8759867683996,156.842730425595,154.66849090054228,156.05783081054688,6621000,0.0,0.0,3806.800048828125,,261.8927917480469,156.05783081054688,0.008709419682493894,0.15008142592860024,0.009613981920559844,0.0,0.0109944444038661,0
2022-11-08 05:00:00+00:00,156.19315956799844,157.60054673788878,155.33608451422705,156.8336944580078,5148400,0.0,0.0,3828.110107421875,,263.8013000488281,156.8336944580078,0.0049593240787508906,0.15042772108640698,0.005597892802462701,0.0,0.007287364757321502,0
2022-11-09 05:00:00+00:00,157.22162691984076,157.8802090803644,155.48042659848804,155.5796661376953,6150000,0.0,0.0,3748.570068359375,,257.7137145996094,155.5796661376953,-0.008028050100342672,0.10032156611816198,-0.02077788695478977,0.0,-0.02307640427887192,0
2022-11-10 05:00:00+00:00,157.29378227839646,157.6726930798345,155.20975222139728,157.40203857421875,7877500,0.0,0.0,3956.3701171875,,276.7300109863281,157.40203857421875,0.011645364595144076,0.11927625717972866,0.05543448436034493,0.0,0.07378845326979566,0
2022-11-11 05:00:00+00:00,155.83225984929302,156.17508982154547,150.5004305703458,152.6927032470703,11074700,0.0,0.0,3992.929931640625,,281.8291320800781,152.6927032470703,-0.03037586125964469,0.2736842214377381,0.009240746788147902,0.0,0.018426339360792854,0
2022-11-14 05:00:00+00:00,153.59491914555042,156.31045431680457,153.59491914555042,155.092529296875,6581500,0.0,0.0,3957.25,,279.3627624511719,155.092529296875,0.015594475821869997,0.29515912718350124,-0.008935777048800997,0.0,-0.008751294128832132,0
2022-11-15 05:00:00+00:00,155.34509619428542,156.07585376948032,153.83846966242643,155.52552795410156,9351000,0.0,0.0,3991.72998046875,,283.2286682128906,155.52552795410156,0.0027879830395444315,0.29267764846456606,0.008713116550319144,0.0,0.013838300164985107,0
2022-11-16 05:00:00+00:00,156.6532597147985,157.8711983089817,156.19315661520557,156.49087524414062,5500900,0.0,0.0,3958.7900390625,,279.3627624511719,156.49087524414062,0.00618781807835316,0.2906310340284103,-0.008252046497990273,0.0,-0.013649415456817082,0
2022-11-17 05:00:00+00:00,156.07589480458566,157.87122363702278,156.05784749404083,157.75393676757812,4464100,0.0,0.0,3946.56005859375,,278.7462158203125,157.75393676757812,0.008038753716218613,0.2834796345599744,-0.0030893228355314273,0.0,-0.0022069749935521576,0
2022-11-18 05:00:00+00:00,157.88019477558797,159.35975719312822,157.5373648046502,158.96279907226562,6555700,0.0,0.0,3965.340087890625,,278.75592041015625,158.96279907226562,0.0076337498991134066,0.0745633254131007,0.00475858190881473,0.0,3.481514471936897e-05,0
2022-11-21 05:00:00+00:00,159.70737271513136,160.30665323831985,158.74489943208565,159.78001403808594,5706600,1.13,0.0,3949.93994140625,,275.88836669921875,159.78001403808594,0.005127750166267539,0.033608224172151854,-0.003883688698329779,0.0,-0.010286969714287109,0
2022-11-22 05:00:00+00:00,160.17044843158368,160.88777284928844,160.1068959321822,160.55181884765625,4707900,0.0,0.0,4003.580078125,,279.8619384765625,160.55181884765625,0.0048187924135298125,0.02295506877186077,0.013579987927526016,0.0,0.01440282468189702,0
2022-11-23 05:00:00+00:00,160.2067843052211,161.07845253153292,159.81633889902065,160.72433471679688,5389200,0.0,0.0,4027.260009765625,,282.67083740234375,160.72433471679688,0.0010739414289393668,0.04423587173133583,0.0059146891478476515,0.0,0.010036730757571277,0
2022-11-25 05:00:00+00:00,161.06028535059127,161.732193316677,160.58812369651184,160.93316650390625,3058600,0.0,0.0,4026.1201171875,,280.8113098144531,160.93316650390625,0.0012984731626545717,0.044197035011555766,-0.0002830441976333642,0.0,-0.006578420345653924,0
2022-11-28 05:00:00+00:00,160.48825336559423,161.41441293624598,160.31573195141326,161.014892578125,6183100,0.0,0.0,3963.93994140625,,276.6908874511719,161.014892578125,0.0005076972739468731,0.03523560466461891,-0.015444192913123267,0.0,-0.01467327781777672,0
2022-11-29 05:00:00+00:00,160.72430084693076,160.95129975353873,158.5905194377642,159.88894653320312,6700500,0.0,0.0,3957.6298828125,,274.596435546875,159.88894653320312,-0.007017371113391782,0.06895299460549104,-0.0015918653377758885,0.0,-0.007569645403181169,0
2022-11-30 05:00:00+00:00,160.14320771725787,161.63232020908586,158.6994977844016,161.6232452392578,13288000,0.0,0.0,4080.110107421875,,287.1141052246094,161.6232452392578,0.010788489966319625,0.100362920623759,0.030947872397389053,0.0,0.045585696161003275,0
2022-12-01 05:00:00+00:00,162.53120936186522,163.40289121773307,161.41437867411747,162.29513549804688,6282600,0.0,0.0,4076.570068359375,,287.4664611816406,162.29513549804688,0.0041485217410327764,0.1022245447550628,-0.0008676332180498347,0.0,0.001227233182276466,0
2022-12-02 05:00:00+00:00,161.1692483971789,162.49492831114404,160.6789367799082,162.4222869873047,5823900,0.0,0.0,4071.699951171875,,286.3213806152344,162.4222869873047,0.0007831516694323158,0.10249503126078552,-0.001194660488065602,0.0,-0.003983353611754725,0
2022-12-05 05:00:00+00:00,161.95009492858702,162.8580905238684,161.6232159600892,162.33145141601562,5120600,0.0,0.0,3998.840087890625,,281.5158996582031,162.33145141601562,-0.0005594120277384599,0.10364381748322046,-0.017894212283564803,0.0,-0.016783521184151384,0
2022-12-06 05:00:00+00:00,163.36657697735922,163.43921829252338,159.74366931743916,159.89804077148438,7943500,0.0,0.0,3941.260009765625,,275.6828308105469,159.89804077148438,-0.01510387449886342,0.15115299157280146,-0.014399194981406072,0.0,-0.02072021102445143,0
2022-12-07 05:00:00+00:00,160.32480927524645,161.51428143937756,160.01608020389887,160.86959838867188,5702600,0.0,0.0,3933.919921875,,274.55731201171875,160.86959838867188,0.006057721974400538,0.13248094048370962,-0.0018623708845491027,0.0,-0.004082658305266773,0
2022-12-08 05:00:00+00:00,160.55180638236587,161.14199804561318,160.1159584706697,160.89683532714844,4798500,0.0,0.0,3963.510009765625,,277.806640625,160.89683532714844,0.00016929633229335764,0.12570030979225524,0.00752178195750397,0.0,0.011834791757950214,0
2022-12-09 05:00:00+00:00,160.82419161867813,161.5233521769173,159.49852567465092,159.5711669921875,4561000,0.0,0.0,3934.3798828125,,276.0351867675781,159.5711669921875,-0.008273374483881485,0.1306364603469792,-0.007349578247904498,0.0,-0.006376571321104918,0
2022-12-12 05:00:00+00:00,159.76185483733025,161.5052050736205,159.44406462704654,161.47796630859375,4882400,0.0,0.0,3990.56005859375,,279.4997863769531,161.47796630859375,0.011878691077939737,0.17186416326485204,0.014279296218109305,0.0,0.012551296992046934,0
2022-12-13 05:00:00+00:00,162.62202849238923,163.6208154069419,161.90470416115912,162.72190856933594,9177500,0.0,0.0,4019.64990234375,,282.5044250488281,162.72190856933594,0.007673959564700716,0.123951413924432,0.0072896644387934195,0.0,0.01075005713178867,0
2022-12-14 05:00:00+00:00,162.14986996725045,164.38353157813359,162.14986996725045,163.22129821777344,9533600,0.0,0.0,3995.320068359375,,280.4100036621094,163.22129821777344,0.0030642764064554464,0.12186607957385022,-0.006052724634100337,0.0,-0.007413764886538554,0
2022-12-15 05:00:00+00:00,162.71282108496263,163.29393775882298,160.1704304412306,161.16015625,7602400,0.0,0.0,3895.75,,270.9948425292969,161.16015625,-0.01270830794444538,0.1662656271328161,-0.024921675023714007,0.0,-0.03357640957830321,0
2022-12-16 05:00:00+00:00,160.7152194153435,160.7152194153435,158.77210940711723,159.50758361816406,18841800,0.0,0.0,3852.360107421875,,268.4110412597656,159.50758361816406,-0.010307162566058745,0.17336853592523854,-0.011137750774080746,0.0,-0.009534503481378631,0
2022-12-19 05:00:00+00:00,159.21705298707963,159.96160226330508,158.05481958888743,159.3350830078125,5736000,0.0,0.0,3817.659912109375,,264.638916015625,159.3350830078125,-0.0010820423063670468,0.13781936897270433,-0.009007516001852345,0.0,-0.014053539774058654,0
2022-12-20 05:00:00+00:00,159.80722382542632,160.206744101776,159.05358582320545,159.50758361816406,6174700,0.0,0.0,3821.6201171875,,264.4328918457031,159.50758361816406,0.0010820423063671288,0.11221045054972087,0.0010373383615349674,0.0,-0.0007785104814657107,0
2022-12-21 05:00:00+00:00,160.05240868970796,161.78666997700168,159.489441924618,161.33267211914062,5472000,0.0,0.0,3878.43994140625,,268.268798828125,161.33267211914062,0.011377052315044028,0.1531760634300937,0.014867993802734736,0.0,0.014506164326411053,0
2022-12-22 05:00:00+00:00,160.50641875950157,161.17832677311154,159.20797758267284,160.74249267578125,5709100,0.0,0.0,3822.389892578125,,261.7055358886719,160.74249267578125,-0.00366485943927361,0.12552434514702454,-0.01445169956861636,0.0,-0.024465248914981363,0
2022-12-23 05:00:00+00:00,160.4156181397559,161.18742012046138,159.63474118871758,161.15109252929688,3683400,0.0,0.0,3844.820068359375,,262.29412841796875,161.15109252929688,0.002538727652569649,0.09072076699421315,0.005868102525282026,0.0,0.002249064114361099,0
2022-12-27 05:00:00+00:00,161.72311138221832,161.94103533354226,160.7061606525358,161.1056671142578,3067300,0.0,0.0,3829.25,,258.5857849121094,161.1056671142578,-0.0002819206361422705,0.08914452835414559,-0.004049622110409712,0.0,-0.014138111013869414,0
2022-12-28 05:00:00+00:00,161.40531162130037,162.0318308748794,160.3974358340026,160.40652465820312,2645400,0.0,0.0,3783.219970703125,,255.1717529296875,160.40652465820312,-0.004349095156869217,0.10102197255383143,-0.012020638322615351,0.0,-0.013202705568607587,0
2022-12-29 05:00:00+00:00,161.21463413750558,161.89563089067312,160.77880009485443,161.2237091064453,2828800,0.0,0.0,3849.280029296875,,261.3916320800781,161.2237091064453,0.005081526056271187,0.0637955050059119,0.01746133164481911,0.0,0.02437526520462674,0
2022-12-30 05:00:00+00:00,161.1601726478773,161.41441035262747,159.2624509771777,160.39744567871094,4216600,0.0,0.0,3839.5,,261.234619140625,160.39744567871094,-0.0051381274723016354,0.06953050833690982,-0.0025407424823445934,0.0,-0.0006006808182942303,0
2023-01-03 05:00:00+00:00,159.9525459725486,161.96829778869147,159.8163382874534,161.7957763671875,6344900,0.0,0.0,3824.139892578125,,259.4687194824219,161.7957763671875,0.00868012963968816,0.09503945637133988,-0.004000548879248611,0.0,-0.006759822507492852,0
2023-01-04 05:00:00+00:00,162.4313617583828,163.6117590232245,162.0590801697553,163.55728149414062,9788800,0.0,0.0,3852.969970703125,,260.704833984375,163.55728149414062,0.010828374261568081,0.1172233982906334,0.007538970575044379,0.0,0.004764021283254705,0
2023-01-05 05:00:00+00:00,162.54938478474267,163.430141671698,161.99550688526475,162.34962463378906,6255300,0.0,0.0,3808.10009765625,,256.6236877441406,162.34962463378906,-0.007411088044514416,0.13060306583564554,-0.011645528874622113,0.0,-0.015654279124256543,0
2023-01-06 05:00:00+00:00,163.55727419474172,164.28365968999643,162.88535237122434,163.66622924804688,5706000,0.0,0.0,3895.080078125,,263.70684814453125,163.66622924804688,0.00807698003794053,0.1360822806648843,0.02284078102943865,0.0,0.02760135068845515,0
2023-01-09 05:00:00+00:00,162.80364878550458,163.2213190923771,159.06269668942736,159.4259033203125,7925300,0.0,0.0,3892.090087890625,,265.4139099121094,159.4259033203125,-0.026249908204146032,0.25029869242478237,-0.0007676325452631305,0.0,0.006473331199357224,0
2023-01-10 05:00:00+00:00,159.53485201876597,159.93437236934582,158.2818272932114,159.04454040527344,5047500,0.0,0.0,3919.25,,267.6605224609375,159.04454040527344,-0.0023949669731668675,0.23456974376881456,0.006978233159061986,0.0,0.008464562198613024,0
2023-01-11 05:00:00+00:00,159.41678709743502,159.55298088945105,156.2751163641094,158.79026794433594,6494800,0.0,0.0,3969.610107421875,,272.29107666015625,158.79026794433594,-0.0016000293769245638,0.20119519941403394,0.012849424614881588,0.0,0.01730010147422667,0
2023-01-12 05:00:00+00:00,158.22731533385118,158.63592445602822,156.9016494574052,157.99124145507812,4269400,0.0,0.0,3983.169921875,,273.76263427734375,157.99124145507812,-0.005044664287907983,0.20078819173836548,0.0034159058663651987,0.0,0.005404354910330422,0
2023-01-13 05:00:00+00:00,157.25579897583137,158.00034834695694,156.52032457517578,157.4737091064453,6088000,0.0,0.0,3999.090087890625,,275.6463317871094,157.4737091064453,-0.003281079638178674,0.16574019735180212,0.003996858363534361,0.0,0.0068807692281966926,0
2023-01-17 05:00:00+00:00,157.9912485940552,158.51788775195848,156.25697351706742,156.50213623046875,6053300,0.0,0.0,3990.969970703125,,276.20550537109375,156.50213623046875,-0.006188858101666041,0.030005549864740702,-0.0020304911890052235,0.0,0.0020285906957624444,1
2023-01-18 05:00:00+00:00,155.8574688784832,156.175272940969,154.09596871716215,154.141357421875,7047800,0.0,0.0,3928.860107421875,,272.6148376464844,154.141357421875,-0.015199573188998632,0.08399524608053452,-0.015562598500411085,0.0,-0.012999986078427894,1
2023-01-19 05:00:00+00:00,153.47849731082408,155.52148743945946,153.18794591930654,153.9324951171875,6939500,0.0,0.0,3898.85009765625,,269.93658447265625,153.9324951171875,-0.001355923814799991,0.0848623595754152,-0.007638350296294338,0.0,-0.009824311827447807,1
2023-01-20 05:00:00+00:00,154.45006937043507,154.45914433938714,152.07111128812565,153.21519470214844,8620600,0.0,0.0,3972.610107421875,,277.3238830566406,153.21519470214844,-0.004670728401017468,0.08522771068967049,0.018918401045981525,0.0,0.027366792828086295,1
2023-01-23 05:00:00+00:00,153.54209249394737,154.0233291506904,152.49788903023023,152.82476806640625,8425400,0.0,0.0,4019.81005859375,,283.48486328125,152.82476806640625,-0.002551476245243756,0.0869099633900674,0.01188134498366522,0.0,0.022215829941163223,1
2023-01-24 05:00:00+00:00,153.46945116869534,155.25820397014246,150.7363749938881,152.82476806640625,10541800,0.0,0.0,4016.949951171875,,282.9060974121094,152.82476806640625,0.0,0.09659852287790138,-0.0007115031258156934,0.0,-0.002041611190246928,0
2023-01-25 05:00:00+00:00,151.78966076538396,153.91436767578125,151.7079444661187,153.91436767578125,7099800,0.0,0.0,4016.219970703125,,282.2782897949219,153.91436767578125,0.007104435432940321,0.07108293400701499,-0.0001817250594663422,0.0,-0.00221913780908356,0
2023-01-26 05:00:00+00:00,153.95065982768708,154.27753880441628,153.13345545840724,153.35137939453125,6946100,0.0,0.0,4060.429931640625,,287.78192138671875,153.35137939453125,-0.003664508111501251,0.07503381023652322,0.011007853469181317,0.0,0.01949718342064255,0
2023-01-27 05:00:00+00:00,153.03359743707728,153.33323769683082,152.3344506859012,152.7521209716797,6058100,0.0,0.0,4070.56005859375,,290.6466064453125,152.7521209716797,-0.003915402389752714,0.07270695415220574,0.002494840970949097,0.0,0.009954360735343837,0
2023-01-30 05:00:00+00:00,152.47974599148205,153.0336240488737,146.25998234232588,147.0953369140625,23259100,0.0,0.0,4017.77001953125,,284.77008056640625,147.0953369140625,-0.037735556207029654,0.2762332709154054,-0.012968740984683369,0.0,-0.020218800937598314,0
2023-01-31 05:00:00+00:00,146.82292016578177,148.39374904262408,146.23272842940025,148.38467407226562,11612500,0.0,0.0,4076.60009765625,,289.0376281738281,148.38467407226562,0.008727123957869754,0.29756835233304624,0.014642470285510134,0.0,0.014985940934994835,0
2023-02-01 05:00:00+00:00,147.99421808732683,150.70911625231665,147.45849011646834,149.74664306640625,9865300,0.0,0.0,4119.2099609375,,295.2182312011719,149.74664306640625,0.00913676887101484,0.30345406441367856,0.010452303944590291,0.0,0.021383385500336027,0
2023-02-02 05:00:00+00:00,148.00329786744726,150.92704510549186,147.83986529316743,150.30960083007812,10099000,0.0,0.0,4179.759765625,,305.8136291503906,150.30960083007812,0.003752352671655118,0.3107460785227166,0.014699373244309921,0.0,0.035890052948656326,0
2023-02-03 05:00:00+00:00,150.75451634225357,151.03599277637198,148.81140620955992,149.4651641845703,6868500,0.0,0.0,4136.47998046875,,300.3786315917969,149.4651641845703,-0.005633822306537712,0.3109535889498994,-0.010354610691310495,0.0,-0.01777225421147255,0
2023-02-06 05:00:00+00:00,149.41068671612328,149.68308818162777,148.094095796918,148.33016967773438,7021000,0.0,0.0,4111.080078125,,297.83770751953125,148.33016967773438,-0.007622684935178993,0.12539646032382337,-0.006140463017754394,0.0,-0.008459070669576296,0
2023-02-07 05:00:00+00:00,146.73211957910024,148.80234879251805,146.56867313861162,148.3665008544922,7310800,0.0,0.0,4164.0,,304.0085754394531,148.3665008544922,0.00024490451392146755,0.10867458790364407,0.01287251059802652,0.0,0.020718894096098284,0
2023-02-08 05:00:00+00:00,148.27569823685351,149.41976781299726,147.91249164964663,148.5571746826172,6054700,0.0,0.0,4117.85986328125,,298.6029052734375,148.5571746826172,0.0012843290720405541,0.07650913209880263,-0.011080724476164705,0.0,-0.017781308169355303,0
2023-02-09 05:00:00+00:00,148.57533159374535,149.63768483415268,146.25086496294836,146.5504913330078,7949500,0.0,0.0,4081.5,,295.9638671875,146.5504913330078,-0.013599879025419094,0.09663212586708472,-0.00882979617773516,0.0,-0.008837951805997557,0
2023-02-10 05:00:00+00:00,146.8864926046228,147.8126383965285,146.5051360100292,147.2315216064453,7028000,0.0,0.0,4090.4599609375,,294.02142333984375,147.2315216064453,0.00463630490196977,0.1179754812227722,0.0021952617756952897,0.0,-0.006563111457202564,0
2023-02-13 05:00:00+00:00,146.48695386878103,147.83987250427404,146.32350743161413,147.77630615234375,6414700,0.0,0.0,4137.2900390625,,298.7303771972656,147.77630615234375,0.003693360744472484,0.11746155413050444,0.011448609342766147,0.0,0.016015682816347132,0
2023-02-14 05:00:00+00:00,147.76724573548088,147.97608089611876,146.87739985031342,147.1316375732422,6316000,0.0,0.0,4136.1298828125,,300.9377746582031,147.1316375732422,-0.004372005703407006,0.11955676066185703,-0.0002804145319874607,0.0,0.007389263461077045,0
2023-02-15 05:00:00+00:00,147.04992154783332,147.0771603142752,144.63464932059676,144.70729064941406,12621800,0.0,0.0,4147.60009765625,,303.2433166503906,144.70729064941406,-0.01661466280605675,0.1541891265652958,0.002773175690496066,0.0,0.007661191735753636,0
2023-02-16 05:00:00+00:00,144.43488198661606,144.96150729787456,143.3906786234585,143.68124389648438,11177000,0.0,0.0,4090.409912109375,,297.55322265625,143.68124389648438,-0.0071157550278020025,0.13810349009256243,-0.013788741489130674,0.0,-0.018764120037312315,0
2023-02-17 05:00:00+00:00,143.5989582915954,147.33936841487127,143.2331393103101,146.680908203125,12401900,1.13,0.0,4079.090087890625,,295.4537353515625,146.680908203125,0.02066227298997538,0.2221804785790293,-0.002767405825327751,0.0,-0.007055837896647321,0
2023-02-21 05:00:00+00:00,146.0041258560311,146.6443054631936,144.3945645074186,144.4951629638672,9423900,0.0,0.0,3997.340087890625,,288.4588623046875,144.4951629638672,-0.015013502221392945,0.23775976167176338,-0.020041234255327334,0.0,-0.023675019842114176,0
2023-02-22 05:00:00+00:00,144.9524359615368,145.2725257868112,143.91901665294307,144.29397583007812,9820200,0.0,0.0,3991.050048828125,,288.6746520996094,144.29397583007812,-0.0013933153246467865,0.23879162954997535,-0.0015735561458868341,0.0,0.000748078229241278,0
2023-02-23 05:00:00+00:00,144.22996475853546,145.03473850184682,143.27884948748738,144.2482452392578,9385100,0.0,0.0,4012.320068359375,,291.19598388671875,144.2482452392578,-0.0003169767740314464,0.21044825087867666,0.005329429416074394,0.0,0.008734164114414078,0
2023-02-24 05:00:00+00:00,143.26055840246195,143.44347485048644,141.94365207681952,142.63868713378906,8689700,0.0,0.0,3970.0400390625,,286.3201904296875,142.63868713378906,-0.011220971136145603,0.22020406281818844,-0.010537551485558128,0.0,-0.01674402713922052,0
2023-02-27 05:00:00+00:00,143.077663237021,143.48919735702216,141.82476644036484,142.3277587890625,7267100,0.0,0.0,3982.239990234375,,288.3705139160156,142.3277587890625,-0.0021822110817820936,0.10547662210472981,0.0030730045671669703,0.0,0.00716094622335639,0
2023-02-28 05:00:00+00:00,141.7332953375381,141.9985158039271,139.95911191668696,140.16030883789062,9062300,0.0,0.0,3970.14990234375,,287.9976806640625,140.16030883789062,-0.015345727724768115,0.10727127537563158,-0.0030360018281855305,0.0,-0.0012928965825601546,0
2023-03-01 05:00:00+00:00,139.9316920642547,140.14204320251858,138.92572130624058,139.52931213378906,6767000,0.0,0.0,3951.389892578125,,285.6824645996094,139.52931213378906,-0.0045121286407665264,0.10075209921952266,-0.004725264845680033,0.0,-0.008039009408390752,0
2023-03-02 05:00:00+00:00,138.779389934684,139.7030566331754,138.30383226947438,139.4195556640625,8762500,0.0,0.0,3981.35009765625,,288.0467834472656,139.4195556640625,-0.0007869289899398952,0.09891020406874676,0.0075821940867943916,0.0,0.008276037701403505,0
2023-03-03 05:00:00+00:00,140.2609265920978,140.94682147566806,139.77622865740688,140.85537719726562,5747200,0.0,0.0,4045.639892578125,,294.0017395019531,140.85537719726562,0.010245897336433938,0.14517876837071667,0.0161477371607488,0.0,0.020673572478123958,0
2023-03-06 05:00:00+00:00,141.44064951311282,142.419185457279,141.35834549020032,142.2637176513672,8148200,0.0,0.0,4048.419921875,,294.33526611328125,142.2637176513672,0.009948831400498806,0.17030673913914052,0.0006871667698291617,0.0,0.0011344375441217913,0
2023-03-07 05:00:00+00:00,142.74842539664542,142.8947529727853,140.2426319394367,140.91937255859375,7457700,0.0,0.0,3986.3701171875,,290.72503662109375,140.91937255859375,-0.00949460076071373,0.13958047562612447,-0.015326919115337678,0.0,-0.012265704819748091,0
2023-03-08 05:00:00+00:00,140.81876263475587,141.01995954693376,139.44697311785075,139.88595581054688,6230500,0.0,0.0,3992.010009765625,,292.1770324707031,139.88595581054688,-0.007360411709759704,0.1479817236748163,0.0014147940136839399,0.0,0.004994395620291137,0
2023-03-09 05:00:00+00:00,140.34323816005838,140.47127130761535,137.82829036874378,138.31298828125,7439400,0.0,0.0,3918.320068359375,,287.11480712890625,138.31298828125,-0.011308341207411138,0.17087408067681945,-0.01845935787384867,0.0,-0.017325883896450622,0
2023-03-10 05:00:00+00:00,138.87998353508672,140.37066607411788,138.18494847534805,138.65135192871094,8504300,0.0,0.0,3861.590087890625,,283.0826721191406,138.65135192871094,0.002443374591418936,0.14361938246083908,-0.01447813845705137,0.0,-0.01404363310303014,0
2023-03-13 04:00:00+00:00,139.09032521432886,142.58382297118516,138.6147815049397,139.9774169921875,10799600,0.0,0.0,3855.760009765625,,285.1821594238281,139.9774169921875,0.009518579727138288,0.14115777534176882,-0.001509761003189447,0.0,0.007416516486052904,0
2023-03-14 04:00:00+00:00,140.17861961875496,140.86451448795734,138.91656859396122,140.763916015625,8421200,0.0,0.0,3919.2900390625,,291.7355651855469,140.763916015625,0.005603030181691258,0.1396997205675225,0.016476655480623936,0.0,0.022979718559390294,0
2023-03-15 04:00:00+00:00,139.77622163355935,141.6510036786891,139.49272066199384,141.15716552734375,7757700,0.0,0.0,3891.929931640625,,293.2659912109375,141.15716552734375,0.0027897861672384655,0.12480970203098801,-0.00698088356543769,0.0,0.005245935730932461,0
2023-03-16 04:00:00+00:00,140.33407496026052,141.17543758373208,139.55673588374282,140.864501953125,7605500,0.0,0.0,3960.280029296875,,300.99664306640625,140.864501953125,-0.002075469462252079,0.0679232778774612,0.017562006217166637,0.0,0.026360546695332054,0
2023-03-17 04:00:00+00:00,141.27604221796247,141.70587076622098,139.28238125333044,139.3555450439453,20540700,0.0,0.0,3916.639892578125,,299.57415771484375,139.3555450439453,-0.010769903943365963,0.12422390747343226,-0.011019457310067593,0.0,-0.004725917661642098,0
2023-03-20 04:00:00+00:00,139.43786989216716,140.9011180137812,139.35556584840054,140.7364959716797,7129000,0.0,0.0,3951.570068359375,,300.6373596191406,140.7364959716797,0.009860773711546951,0.12571476595574005,0.008918403718310097,0.0,0.0035490441245231708,0
2023-03-21 04:00:00+00:00,140.83709445447275,140.95598737629228,139.1635091250435,140.7364959716797,8376800,0.0,0.0,4002.8701171875,,304.9311218261719,140.7364959716797,0.0,0.1191404233608069,0.012982193897784988,0.0,0.014282197703142208,0
2023-03-22 04:00:00+00:00,140.69989800761823,140.89194074495867,138.12092675537562,138.13922119140625,7943500,0.0,0.0,3936.969970703125,,300.78466796875,138.13922119140625,-0.018627293230168398,0.17227581243782164,-0.01646322377571363,0.0,-0.013598001517816871,0
2023-03-23 04:00:00+00:00,138.25808698004832,138.72450434975727,137.27955104131865,138.21237182617188,9051500,0.0,0.0,3948.719970703125,,304.3514099121094,138.21237182617188,0.0005294026763178589,0.17538074130291395,0.0029845287333754023,0.0,0.011858124177160256,0
2023-03-24 04:00:00+00:00,138.5324381687972,139.7030307008172,137.93800166355211,139.60243225097656,5696200,0.0,0.0,3970.989990234375,,305.4715576171875,139.60243225097656,0.010007184677511933,0.18512839496771463,0.005639807253104534,0.0,0.003680441977914839,0
2023-03-27 04:00:00+00:00,141.0199829376898,141.33091859733386,140.02315240582493,140.19691467285156,6772300,0.0,0.0,3977.530029296875,,303.37872314453125,140.19691467285156,0.004249354567540863,0.17069818591249203,0.0016469543057482383,0.0,-0.006851159855867706,0
2023-03-28 04:00:00+00:00,139.36467181808374,140.33406752956782,138.7610810697603,138.84339904785156,6115300,0.0,0.0,3971.27001953125,,301.7672424316406,138.84339904785156,-0.009701295289275396,0.1814997739387954,-0.0015738434957162095,0.0,-0.005311778941474721,0
2023-03-29 04:00:00+00:00,139.22751859442172,140.2700782403292,139.07205076485104,140.2060546875,6012000,0.0,0.0,4027.81005859375,,307.2696838378906,140.2060546875,0.009766487285441,0.12893315822156365,0.014237268879836451,0.0,0.018234058017402077,0
2023-03-30 04:00:00+00:00,140.45293742671842,140.6541343098856,139.7487483356333,140.3157501220703,4555700,0.0,0.0,4050.830078125,,310.177978515625,140.3157501220703,0.0007820813803479183,0.12864395584588442,0.005715269388667954,0.0,0.009464958083104325,0
2023-03-31 04:00:00+00:00,140.64503414909987,141.92537971154576,140.1420557025129,141.75161743164062,9890000,0.0,0.0,4109.31005859375,,315.3366394042969,141.75161743164062,0.010181111873441397,0.12924356169678317,0.014436542471763847,0.0,0.016631293147756576,0
2023-04-03 04:00:00+00:00,141.70587279115333,143.5897950740668,140.78220608625327,143.4434814453125,6841900,0.0,0.0,4124.509765625,,314.5701599121094,143.4434814453125,0.011864747098221015,0.1441260234450329,0.0036988464765423945,0.0,-0.0024306705799727046,0
2023-04-04 04:00:00+00:00,143.5532444893732,145.3822977272277,143.20571990871886,144.94332885742188,8314500,0.0,0.0,4100.60009765625,,313.50897216796875,144.94332885742188,0.010401730464956568,0.07049660644152736,-0.005796972083329965,0.0,-0.003373453300329343,0
2023-04-05 04:00:00+00:00,150.32070934199683,151.50045628663622,148.84832118735494,151.45472717285156,16704200,0.0,0.0,4090.3798828125,,310.413818359375,151.45472717285156,0.04394391919001491,0.2624280315944724,-0.002492370531228194,0.0,-0.0098726163630668,0
2023-04-06 04:00:00+00:00,151.80225520589022,152.93625910842732,150.71396646362962,151.03404235839844,9615400,0.0,0.0,4105.02001953125,,312.5067443847656,151.03404235839844,-0.0027814922605621994,0.2758399693623178,0.0035791630944272956,0.0,0.006742373894475184,0
2023-04-10 04:00:00+00:00,150.55847957744086,150.75052229907791,149.65309345460017,150.2749786376953,5354000,0.0,0.0,4109.10986328125,,312.32989501953125,150.2749786376953,-0.005038450717415955,0.31059620891980777,0.0009963029974375814,0.0,-0.0005659057553543123,1
2023-04-11 04:00:00+00:00,150.36645196356343,151.15294534578686,150.01892741306057,150.22927856445312,5903800,0.0,0.0,4108.93994140625,,310.3254089355469,150.22927856445312,-0.00030415591459499297,0.32194277617659406,-4.1352477946232646e-05,0.0,-0.006417848934566539,1
2023-04-12 04:00:00+00:00,149.92745886382028,150.75052703439127,149.159260044012,149.90916442871094,5764100,0.0,0.0,4091.949951171875,,307.5840759277344,149.90916442871094,-0.0021331106667357167,0.3312674057190558,-0.004134884052006904,0.0,-0.008833736873869236,1
2023-04-13 04:00:00+00:00,150.14694402145895,152.1131842375854,149.8085737045698,151.9119873046875,5640600,0.0,0.0,4146.22021484375,,313.60723876953125,151.9119873046875,0.013271782063799255,0.11559215226601426,0.01326268999363811,0.0,0.01958216732654261,1
2023-04-14 04:00:00+00:00,151.78394721835363,151.92112059607015,150.0371984510812,151.66505432128906,7225100,0.0,0.0,4137.64013671875,,313.0177307128906,151.66505432128906,-0.0016268228752474047,0.11373807765772907,-0.0020693734728036706,0.0,-0.0018797654638127437,1
2023-04-17 04:00:00+00:00,151.57359079858668,152.03085393897206,150.84196698305735,151.5095672607422,8046400,0.0,0.0,4151.31982421875,,313.282958984375,151.5095672607422,-0.001025726186235644,0.10382116957902822,0.00330615690296554,0.0,0.0008473266702186955,1
2023-04-18 04:00:00+00:00,150.21098048597838,150.61337438637324,146.00415292402667,147.24790954589844,14571500,0.0,0.0,4154.8701171875,,313.3025817871094,147.24790954589844,-0.028531147392799407,0.24049418276814458,0.0008552202959737354,0.0,6.263603611889046e-05,0
2023-04-19 04:00:00+00:00,148.14414707843662,148.77515861740585,147.39422867899816,148.6379852294922,6752000,0.0,0.0,4154.52001953125,,313.1552429199219,148.6379852294922,0.009396094475682468,0.2593488450832836,-8.42619976980652e-05,0.0,-0.00047027658165810227,0
2023-04-20 04:00:00+00:00,148.54653746130052,149.81774273345752,147.20219630138362,149.59825134277344,9498800,0.0,0.0,4129.7900390625,,310.76763916015625,149.59825134277344,0.006439656312520454,0.23816641599675714,-0.00595254815297297,0.0,-0.007624345476394123,0
2023-04-21 04:00:00+00:00,150.38473837545445,150.8694362991988,148.1258568268796,148.78431701660156,7014200,0.0,0.0,4133.52001953125,,311.0918273925781,148.78431701660156,-0.005455656136262435,0.2382563028766406,0.0009031888869577287,0.0,0.0010431852985013368,0
2023-04-24 04:00:00+00:00,148.78432492257352,149.8085901812045,148.034406462099,149.689697265625,5278900,0.0,0.0,4137.0400390625,,310.4433898925781,149.689697265625,0.006066746065693181,0.24862054415110862,0.0008515791660903549,0.0,-0.0020843925905572602,0
2023-04-25 04:00:00+00:00,150.26581373008113,151.2169288941672,150.12864036726288,151.0614471435547,6263100,0.0,0.0,4071.6298828125,,304.5872802734375,151.0614471435547,0.009122222248684355,0.0968165721461252,-0.015810858882773227,0.0,-0.018863695635996658,0
2023-04-26 04:00:00+00:00,150.06464617446795,150.33900690832155,148.37278056574291,148.7202911376953,5518200,0.0,0.0,4055.989990234375,,306.4344482421875,148.7202911376953,-0.01561938773068109,0.16557455800245893,-0.003841187197329843,0.0,0.006064494771717888,0
2023-04-27 04:00:00+00:00,148.97633658313234,149.44275395177087,148.27216134210076,149.0677947998047,5739700,0.0,0.0,4135.35009765625,,314.76666259765625,149.0677947998047,0.002333900087074581,0.1580835794508287,0.01956614972249704,0.0,0.02719085404159083,0
2023-04-28 04:00:00+00:00,148.8940493114039,149.76284664927223,148.66541769856664,149.70797729492188,6024900,0.0,0.0,4169.47998046875,,316.9381408691406,149.70797729492188,0.004285377427665367,0.15475340672165439,0.008253202753460531,0.0,0.006898692045606003,0
2023-05-01 04:00:00+00:00,149.61651611328125,150.25668176596255,148.37275972182985,149.61651611328125,4893400,0.0,0.0,4167.8701171875,,316.5745849609375,149.61651611328125,-0.0006111172757409616,0.14877162436325408,-0.0003861064902076494,0.0,-0.0011470879055646144,0
2023-05-02 04:00:00+00:00,150.29326045995606,151.3358199647059,149.57993100694642,150.92428588867188,7541700,0.0,0.0,4119.580078125,,313.8135681152344,150.92428588867188,0.00870283183379764,0.14715517497909855,-0.011586262936400304,0.0,-0.008721536651603912,0
2023-05-03 04:00:00+00:00,151.39988265616944,151.97602492976355,148.61971395492796,148.94894409179688,5937200,0.0,0.0,4090.75,,311.7600402832031,148.94894409179688,-0.013174702984022122,0.13115097643317639,-0.006998305064656485,0.0,-0.006543782808260179,0
2023-05-04 04:00:00+00:00,148.7751340707927,148.9763309762479,147.46736813989787,148.27215576171875,5128000,0.0,0.0,4061.219970703125,,310.6595458984375,148.27215576171875,-0.0045541147659094085,0.13353985042271202,-0.007218732334382416,0.0,-0.003529940475264004,0
2023-05-05 04:00:00+00:00,148.9214587821303,149.18667922268736,147.8697591229161,148.77513122558594,5194500,0.0,0.0,4136.25,,317.26239013671875,148.77513122558594,0.0033865042139415527,0.1314040902381755,0.018474751389515376,0.0,0.021254277634333185,0
2023-05-08 04:00:00+00:00,148.14415686396836,148.67458392321544,147.54970624975496,148.43679809570312,4994900,0.0,0.0,4138.1201171875,,318.0484619140625,148.43679809570312,-0.0022767139717382954,0.13142583784302272,0.0004521286642489297,0.0,0.002477670854730052,0
2023-05-09 04:00:00+00:00,147.92461992541052,148.272144363493,147.04666859140963,147.28445434570312,5520500,0.0,0.0,4119.169921875,,316.0341796875,147.28445434570312,-0.007793485068169946,0.09802070049061024,-0.004579421277258522,0.0,-0.0063332556756924285,0
2023-05-10 04:00:00+00:00,147.4216720342264,148.12586136095533,146.37911236101542,147.8332061767578,6756600,0.0,0.0,4137.64013671875,,319.47320556640625,147.8332061767578,0.0037188724152941504,0.07963140225138533,0.004483965263404999,0.0,0.01088181627160334,0
2023-05-11 04:00:00+00:00,147.9978284445045,148.32705854997252,145.76638150239543,147.22962951660156,5867600,0.0,0.0,4130.6201171875,,320.5146789550781,147.22962951660156,-0.00409117943040109,0.07857503586912327,-0.0016966239932159066,0.0,0.003259971010167728,0
2023-05-12 04:00:00+00:00,147.56799417450813,147.75089668059073,146.33337783795884,147.03756713867188,3904200,0.0,0.0,4124.080078125,,319.3650817871094,147.03756713867188,-0.0013053606204500555,0.06668761971330645,-0.0015833068345566526,0.0,-0.003586722367027284,0
2023-05-15 04:00:00+00:00,147.0558472034851,147.2661843671949,145.3548275494854,145.91268920898438,5104500,0.0,0.0,4136.27978515625,,321.0943603515625,145.91268920898438,-0.007679689188594548,0.0766088879638164,0.0029581644391338813,0.0,0.005414739002699953,0
2023-05-16 04:00:00+00:00,145.46456056665897,146.55284916762318,144.97986271229817,145.7206268310547,5599200,0.0,0.0,4109.89990234375,,321.4579772949219,145.7206268310547,-0.0013171499628696814,0.06650036668116786,-0.006377683373153031,0.0,0.0011324301771020728,0
2023-05-17 04:00:00+00:00,146.13216843362275,146.3790944707896,144.2848351387813,145.4005584716797,6840700,0.0,0.0,4158.77001953125,,325.3489685058594,145.4005584716797,-0.0021988677189778327,0.04269085302426919,0.011890829058788244,0.0,0.012104198637969077,0
2023-05-18 04:00:00+00:00,145.09874980218268,145.34566186218456,144.09276526473872,144.9341278076172,5173000,0.0,0.0,4198.0498046875,,331.39178466796875,144.9341278076172,-0.0032130578079774836,0.04214112989673013,0.009445048649426635,0.0,0.018573337391726064,0
2023-05-19 04:00:00+00:00,145.03473743393724,146.2601994524515,144.62320334766784,145.327392578125,6527100,0.0,0.0,4191.97998046875,,330.6450500488281,145.327392578125,0.0027097288722136106,0.05931227522806013,-0.0014458676054706077,0.0,-0.002253328699408752,0
2023-05-22 04:00:00+00:00,145.5853752959935,146.6358008591528,144.46123393157808,144.54415893554688,5675900,1.19,0.0,4192.6298828125,,331.7553405761719,144.54415893554688,-0.005404018052674834,0.04741120838011495,0.0001550346964389604,0.0,0.003357952968537692,0
2023-05-23 04:00:00+00:00,144.7561131681918,145.83418051873556,144.08346167967875,144.4888916015625,5793000,0.0,0.0,4145.580078125,,327.5498962402344,144.4888916015625,-0.0003824291689497015,0.04856642075728627,-0.011222026747550129,0.0,-0.012676342537949026,0
2023-05-24 04:00:00+00:00,144.73769022906527,144.79297357480638,143.66883201189037,144.35069274902344,5015100,0.0,0.0,4115.240234375,,325.8697509765625,144.35069274902344,-0.0009569246777277212,0.04855939333500091,-0.007318600335353365,0.0,-0.0051294330511392205,0
2023-05-25 04:00:00+00:00,143.7886046816044,144.0097380379847,141.6416793010146,142.2774658203125,6886100,0.0,0.0,4151.27978515625,,333.799072265625,142.2774658203125,-0.01446656948356314,0.10602640092393391,0.008757581265902425,0.0,0.024332793287195287,0
2023-05-26 04:00:00+00:00,142.53546485728998,143.07910310771402,142.08396081922376,142.22218322753906,6845400,0.0,0.0,4205.4501953125,,342.3277587890625,142.22218322753906,-0.0003886303104713374,0.09603695946042032,0.01304908677799732,0.0,0.025550360177905684,0
2023-05-30 04:00:00+00:00,141.87205083876879,143.17126568352865,141.27312918912395,142.24061584472656,5593100,0.0,0.0,4205.52001953125,,343.88031005859375,142.24061584472656,0.000129595977213221,0.10005186279567645,1.660326849850513e-05,0.0,0.004535277171279217,0
2023-05-31 04:00:00+00:00,142.54468967609162,143.45690705543595,141.7614855159157,142.87640380859375,11324600,0.0,0.0,4179.830078125,,341.9249267578125,142.87640380859375,0.004459846125429464,0.11366238357444694,-0.006108624209833935,0.0,-0.005686232225532439,0
2023-06-01 04:00:00+00:00,142.397216796875,142.85792995522627,141.11643477905247,142.397216796875,7901300,0.0,0.0,4221.02001953125,,345.8748474121094,142.397216796875,-0.0033594936775780946,0.11322664291397358,0.009854453563032717,0.0,0.011552011407155005,0
2023-06-02 04:00:00+00:00,142.56314243087547,144.94963424771203,141.98263910142924,144.6363525390625,7659700,0.0,0.0,4282.3701171875,,348.4688415527344,144.6363525390625,0.015602224992782377,0.11791448751668751,0.014534424705965554,0.0,0.007499805666800308,0
2023-06-05 04:00:00+00:00,144.43358757418804,146.17508290024833,144.43358757418804,145.88023376464844,6430500,0.0,0.0,4273.7900390625,,348.7145080566406,145.88023376464844,0.008563289570115627,0.11745169182052598,-0.0020035816359177394,0.0,0.0007049884368759418,0
2023-06-06 04:00:00+00:00,147.0412568822901,147.0688985551948,145.03253960547275,145.75125122070312,5073600,0.0,0.0,4283.85009765625,,348.655517578125,145.75125122070312,-0.0008845584855964564,0.12032954996092617,0.0023538963079141606,0.0,-0.0001691655413030846,0
2023-06-07 04:00:00+00:00,145.67751676650423,146.32251242259096,145.06937197940067,146.06451416015625,6504300,0.0,0.0,4267.52001953125,,342.7405090332031,146.06451416015625,0.0021469920199707598,0.12194325190817724,-0.0038120096998572883,0.0,-0.016965194143518714,0
2023-06-08 04:00:00+00:00,146.04609537895564,147.8152325127677,145.41953212858252,147.6678009033203,5818400,0.0,0.0,4293.93017578125,,346.9949951171875,147.6678009033203,0.010916760490009772,0.10563988897228972,0.0061886426142414575,0.0,0.012413140471738693,0
2023-06-09 04:00:00+00:00,147.81525777374858,148.1008977784599,146.93990529032064,147.43746948242188,6264400,0.0,0.0,4298.85986328125,,348.3214416503906,147.43746948242188,-0.001561012227055175,0.089359731384188,0.001148059539441082,0.0,0.0038226676230737056,0
2023-06-12 04:00:00+00:00,147.42822309247475,147.65857969105676,146.25800763491998,147.33607482910156,6510600,0.0,0.0,4338.93017578125,,354.2070617675781,147.33607482910156,-0.0006879495075183685,0.082393057788984,0.009321148810237156,0.0,0.016897093929390872,0
2023-06-13 04:00:00+00:00,147.1794272903327,148.20221110360052,146.64499831891032,148.11007690429688,6066800,0.0,0.0,4369.009765625,,356.9288024902344,148.11007690429688,0.0052395595026408556,0.0803976903405613,0.006932489951473775,0.0,0.007684038565109574,0
2023-06-14 04:00:00+00:00,148.90254181681507,149.34482264102493,148.33124777319622,148.8656768798828,6699100,0.0,0.0,4372.58984375,,359.52276611328125,148.8656768798828,0.005088641725347412,0.08065724370741774,0.0008194255259321714,0.0,0.007267453915036359,0
2023-06-15 04:00:00+00:00,149.3171833999724,151.0310374390323,148.74588934704968,150.86517333984375,7138300,0.0,0.0,4425.83984375,,363.8067626953125,150.86517333984375,0.013342144258688437,0.09474799763397038,0.01217813742034668,0.0,0.011915786664484562,0
2023-06-16 04:00:00+00:00,151.5562080369364,152.02614449211464,150.994137379066,151.3258514404297,13426600,0.0,0.0,4409.58984375,,361.5174255371094,151.3258514404297,0.003048922169611128,0.08156599887576384,-0.0036716195284263176,0.0,-0.006292728428801797,0
2023-06-20 04:00:00+00:00,151.3535100137235,152.32101063909369,150.93887090566554,151.23373413085938,7995800,0.0,0.0,4388.7099609375,,360.9998474121094,151.23373413085938,-0.000608920138773201,0.0812073527707576,-0.0047351076976228645,0.0,-0.0014316823711361115,0
2023-06-21 04:00:00+00:00,150.72695667431466,151.96166487644305,149.90688760754543,151.00338745117188,7177500,0.0,0.0,4365.68994140625,,356.0802307128906,151.00338745117188,-0.0015242781765600556,0.09426294718875981,-0.005245281583003636,0.0,-0.013627752849442731,0
2023-06-22 04:00:00+00:00,151.02178906288282,152.69879194541286,150.92043159130296,152.6066436767578,5485900,0.0,0.0,4381.89013671875,,360.2816162109375,152.6066436767578,0.01056138443284087,0.10599926388210941,0.003710798414438443,0.0,0.011798985553439723,0
2023-06-23 04:00:00+00:00,153.05816435684972,153.20559597880413,152.06302199843734,152.4776611328125,9450700,0.0,0.0,4348.330078125,,356.7099914550781,152.4776611328125,-0.0008455535050262091,0.08002151277110452,-0.007658808766684566,0.0,-0.009913424929703485,0
2023-06-26 04:00:00+00:00,152.01694287503747,152.01694287503747,148.65374171110702,150.7730255126953,6978800,0.0,0.0,4328.81982421875,,351.9281005859375,150.7730255126953,-0.011242537279438945,0.12262162711907088,-0.004486838293256468,0.0,-0.013405542271564985,0
2023-06-27 04:00:00+00:00,150.81911843081386,151.00341502227087,149.6765582989736,150.4597625732422,4927500,0.0,0.0,4378.41015625,,357.979248046875,150.4597625732422,-0.0020798735381471743,0.1229727856502419,0.011455854954693034,0.0,0.017194271929018345,0
2023-06-28 04:00:00+00:00,150.37680352997742,150.37680352997742,149.18816951912444,150.15567016601562,6780400,0.0,0.0,4376.85986328125,,358.6778259277344,150.15567016601562,-0.002023133065246713,0.12315095293064562,-0.00035407668843834283,0.0,0.0019514479810514018,0
2023-06-29 04:00:00+00:00,149.86079640942916,151.40880014770815,149.48300819272308,151.20608520507812,4547500,0.0,0.0,4396.43994140625,,357.95953369140625,151.20608520507812,0.00697115194116336,0.10261000783901826,0.004473544672805918,0.0,-0.00200261121375489,0
2023-06-30 04:00:00+00:00,151.90635107443276,152.9014932356716,151.4364286898966,152.51449584960938,7580000,0.0,0.0,4450.3798828125,,363.47930908203125,152.51449584960938,0.008615937280673544,0.12740052923944292,0.012269004495714109,0.0,0.015420110015518018,0
2023-07-03 04:00:00+00:00,151.42723317730412,151.47330731596077,150.1556741214696,150.51502990722656,4033700,0.0,0.0,4455.58984375,,364.3354187011719,150.51502990722656,-0.013196700585782636,0.13857649124173702,0.0011706778016009611,0.0,0.0023553187148470656,0
2023-07-05 04:00:00+00:00,150.18330487102978,151.04022473634348,149.94372499137918,150.01744079589844,7224600,0.0,0.0,4446.81982421875,,364.3255310058594,150.01744079589844,-0.0033113863859537598,0.13981941008019472,-0.0019683184132291975,0.0,-2.713899007611431e-05,0
2023-07-06 04:00:00+00:00,149.50144845182786,149.61201513180737,148.34966533586615,148.90252685546875,6332500,0.0,0.0,4411.58984375,,361.5508728027344,148.90252685546875,-0.007459649612979886,0.1483966883491494,-0.007922511336500904,0.0,-0.007615876371509067,0
2023-07-07 04:00:00+00:00,147.86132416767734,148.38653000626636,146.69110847629454,146.7371826171875,7022200,0.0,0.0,4398.9501953125,,360.3504638671875,146.7371826171875,-0.014648796423693907,0.14840309417100586,-0.0028651005386203243,0.0,-0.0033201660564150526,0
2023-07-10 04:00:00+00:00,146.90301454230942,147.70466512742834,146.50680791115292,146.9767303466797,5739200,0.0,0.0,4409.52978515625,,360.4685363769531,146.9767303466797,0.0016311640139110328,0.1077915868602755,0.002405026057131332,0.0,0.0003276602130561912,0
2023-07-11 04:00:00+00:00,146.62659150839528,147.7046587384557,145.21681020294307,146.16587829589844,6606700,0.0,0.0,4439.259765625,,362.24951171875,146.16587829589844,-0.0055321478001611035,0.09475704757183365,0.0067422110558885695,0.0,0.004940723425398863,0
2023-07-12 04:00:00+00:00,146.45151540733755,146.45151540733755,145.47480566529913,145.65908813476562,6940400,0.0,0.0,4472.16015625,,366.8246765136719,145.65908813476562,-0.0034732509476626257,0.09448891381496412,0.007411233485312474,0.0,0.012629871530300374,1
2023-07-13 04:00:00+00:00,145.58538811188407,146.62660456398905,145.04174984709675,146.3317413330078,6401700,0.0,0.0,4510.0400390625,,373.0528259277344,146.3317413330078,0.00460736653532324,0.11785761488985848,0.008470153458069118,0.0,0.016978545372833942,1
2023-07-14 04:00:00+00:00,146.67265466591851,147.64015524447626,146.48837218901508,147.30844116210938,5362200,0.0,0.0,4505.419921875,,372.9742431640625,147.30844116210938,0.006652382672710178,0.08240666530009845,-0.0010244071333035398,0.0,-0.00021064781770907537,1
2023-07-17 04:00:00+00:00,147.19786752509302,147.30843419403465,145.7235796598997,146.57130432128906,5486800,0.0,0.0,4522.7900390625,,376.45721435546875,146.57130432128906,-0.0050165987827581575,0.09111967972712987,0.0038553825145495324,0.0,0.009338369217828824,1
2023-07-18 04:00:00+00:00,146.57129601569613,148.24828465897068,145.7604363298028,146.56207275390625,6332500,0.0,0.0,4554.97998046875,,379.536865234375,146.56207275390625,-6.298544012947283e-05,0.07986717470761281,0.007117275205842377,0.0,0.008180613258212954,1
2023-07-19 04:00:00+00:00,145.50245677685615,147.80602294433274,144.96802773881933,146.26724243164062,7522600,0.0,0.0,4565.72021484375,,379.44830322265625,146.26724243164062,-0.002013667393261917,0.07581434948542781,0.002357910335732072,0.0,-0.0002333423175218119,1
2023-07-20 04:00:00+00:00,149.21580673880297,155.85007459697226,148.62609435274018,155.14979553222656,21892900,0.0,0.0,4534.8701171875,,370.7012939453125,155.14979553222656,0.05895569689080761,0.4248067289755744,-0.006756896218903741,0.0,-0.023051913009111802,0
2023-07-21 04:00:00+00:00,154.9654898007175,157.3980690663432,154.9654898007175,156.81756591796875,12080000,0.0,0.0,4536.33984375,,369.5894775390625,156.81756591796875,0.010692056157802571,0.4227440025812899,0.0003240945218980773,0.0,-0.002999224508814402,0
2023-07-24 04:00:00+00:00,158.02464698442253,160.16236324337848,157.5547245243249,157.6376495361328,15155400,0.0,0.0,4554.64013671875,,370.1798095703125,157.6376495361328,0.005215912709399935,0.40173554201036943,0.004034153877153557,0.0,0.0015972641731598625,0
2023-07-25 04:00:00+00:00,157.0571416719184,159.11191879822263,156.41214594391397,158.84471130371094,13790100,0.0,0.0,4567.4599609375,,372.6888427734375,158.84471130371094,0.007628024622206634,0.3875623158657403,0.002814673351556163,0.0,0.006777876962110296,0
2023-07-26 04:00:00+00:00,158.48534504281065,160.18998955238612,157.93248356406957,159.14877319335938,14288200,0.0,0.0,4566.75,,371.4490966796875,159.14877319335938,0.001912378694155053,0.37685949466125995,-0.00015543889679858758,0.0,-0.0033264910334427356,0
2023-07-27 04:00:00+00:00,158.6511938734652,160.5954041774833,158.52219473736284,160.0425567626953,12446400,0.0,0.0,4537.41015625,,370.5635681152344,160.0425567626953,0.005600314428806502,0.051395846487022535,-0.006424666064487883,0.0,-0.0023839836262052883,0
2023-07-28 04:00:00+00:00,160.32819655153807,161.58133704100163,159.6186942737183,160.77047729492188,14138800,0.0,0.0,4582.22998046875,,377.313232421875,160.77047729492188,0.00453798134201974,0.03278206407022342,0.009877842794752345,0.0,0.01821459227891964,0
2023-07-31 04:00:00+00:00,156.35686172061835,156.84521663047954,153.61101474557486,154.3665771484375,22632700,0.0,0.0,4588.9599609375,,377.510009765625,154.3665771484375,-0.040647596064389384,0.32514550560888195,0.0014687129405193122,0.0,0.0005215225092609632,0
2023-08-01 04:00:00+00:00,153.29770671952244,155.80398766948812,153.0120667831409,155.6197052001953,15810300,0.0,0.0,4576.72998046875,,376.6343688964844,155.6197052001953,0.008085098918237364,0.32620693281477253,-0.002665087639215691,0.0,-0.002319516957137835,0
2023-08-02 04:00:00+00:00,155.58287569604218,157.78508454716493,155.58287569604218,156.55958557128906,14595600,0.0,0.0,4513.39013671875,,368.36944580078125,156.55958557128906,0.006021432162204466,0.33222885238576094,-0.013839541336347905,0.0,-0.021944155335368976,0
2023-08-03 04:00:00+00:00,156.5964369514466,157.85880086622666,156.33843864620394,157.2322235107422,17424800,0.0,0.0,4501.89013671875,,367.77911376953125,157.2322235107422,0.004287167161351904,0.3301416665786816,-0.0025479738404268204,0.0,-0.0016025542779931623,0
2023-08-04 04:00:00+00:00,156.95579187224786,159.11192657981968,154.6982996839003,155.7579345703125,23415100,0.0,0.0,4478.02978515625,,366.05718994140625,155.7579345703125,-0.00942074251213287,0.32342017722425137,-0.005300074155050516,0.0,-0.004681951105042992,0
2023-08-07 04:00:00+00:00,156.17261155704932,159.72009580511565,156.05282159064438,159.49896240234375,17736400,0.0,0.0,4518.43994140625,,369.15655517578125,159.49896240234375,0.023734316247663735,0.18751437805962656,0.00902409277936278,0.0,0.008466888015151719,0
2023-08-08 04:00:00+00:00,159.39757261415963,159.91356919589987,157.9232846150283,159.5726318359375,27378700,0.0,0.0,4499.3798828125,,366.01788330078125,159.5726318359375,0.00046177369739672393,0.19133194101655496,-0.004218283044793103,0.0,-0.008502278588837342,0
2023-08-09 04:00:00+00:00,159.40679161116654,160.5585747875478,158.5314392090874,159.47129821777344,42974400,0.0,0.0,4467.7099609375,,361.9936828613281,159.47129821777344,-0.0006352330323571604,0.1949321979061375,-0.007038730380597102,0.0,-0.010994545958144308,0
2023-08-10 04:00:00+00:00,160.3281950466232,162.14340619578974,158.1536281606083,158.64198303222656,48213800,0.0,0.0,4468.830078125,,362.6626892089844,158.64198303222656,-0.005213973217763447,0.20451875104351339,0.00025071394456976925,0.0,0.0018481160841488098,0
2023-08-11 04:00:00+00:00,158.92763857734195,160.28213665537533,158.13521122597447,160.19000244140625,45905600,0.0,0.0,4464.0498046875,,360.3504638671875,160.19000244140625,0.009710641617526387,0.1823793143681617,-0.0010696923700230787,0.0,-0.006375691270696038,0
2023-08-14 04:00:00+00:00,159.88594115402185,161.80251009231023,158.2550122006967,159.81222534179688,64036900,0.0,0.0,4489.72021484375,,364.3943176269531,159.81222534179688,-0.002361091531940629,0.08941435648010551,0.005750475751703066,0.0,0.011222002370603334,0
2023-08-15 04:00:00+00:00,159.22250231699073,160.84420789855048,158.6143574514611,159.35150146484375,88958100,0.0,0.0,4437.85986328125,,360.527587890625,159.35150146484375,-0.002887071169276255,0.09236280920766343,-0.011550909428841738,0.0,-0.010611388677818745,0
2023-08-16 04:00:00+00:00,158.97371044931182,161.0008459058339,158.6051454789814,158.84471130371094,85832700,0.0,0.0,4404.330078125,,356.7099914550781,158.84471130371094,-0.003185396741501909,0.09472936853467928,-0.007555395210577687,0.0,-0.0105889162543229,0
2023-08-17 04:00:00+00:00,159.27778276866897,161.60899065106506,159.18563449622272,160.33741760253906,70904200,0.0,0.0,4370.35986328125,,352.81365966796875,160.33741760253906,0.00935338821435029,0.10744290315963523,-0.007712913029036983,0.0,-0.010922967902344483,0
2023-08-18 04:00:00+00:00,159.56342239063585,160.3189988555041,157.8495685696823,158.93685913085938,49631700,0.0,0.0,4369.7099609375,,352.3708801269531,158.93685913085938,-0.008773443760018798,0.10535341075633267,-0.00014870682600087726,0.0,-0.0012549954597345092,0
2023-08-21 04:00:00+00:00,156.35686399136688,156.50429560474785,152.91994710605664,154.2007293701172,151319500,0.0,0.0,4399.77001953125,,358.048095703125,154.2007293701172,-0.030251819820952583,0.23039677228873204,0.006879188518795987,0.0,0.016111477696813203,0
2023-08-22 04:00:00+00:00,153.7492605607748,154.65225479492742,152.41319465047786,152.9752655029297,56834800,0.0,0.0,4387.5498046875,,357.5364074707031,152.9752655029297,-0.007978946200784593,0.22727766071052355,-0.002777466728829614,0.0,-0.0014291047447607674,0
2023-08-23 04:00:00+00:00,152.86462929193098,153.41749073835177,150.62556995961307,151.60227966308594,119011400,0.0,0.0,4436.009765625,,363.1742248535156,151.60227966308594,-0.009015734493298736,0.222954248639881,0.011044879965972587,0.0,0.01576851270251267,0
2023-08-24 04:00:00+00:00,151.1415763654428,153.57414158110282,150.9849355593412,152.1182861328125,70755100,0.0,0.0,4376.31005859375,,355.41119384765625,152.1182861328125,0.0033979059985510527,0.19358162605388146,-0.013457974663146133,0.0,-0.021375500998151886,0
2023-08-25 04:00:00+00:00,152.48953790970398,155.71937923997473,152.26678485998644,154.2993621826172,18185500,1.19,0.0,4405.7099609375,,358.1661682128906,154.2993621826172,0.01423620929254844,0.26312402649334327,0.006717966037625089,0.0,0.007751512650485903,0
2023-08-28 04:00:00+00:00,153.13922408000292,154.26225128784057,151.44076916804715,152.48025512695312,18458000,0.0,0.0,4433.31005859375,,360.8621520996094,152.48025512695312,-0.011859512654205802,0.1729215033345823,0.006264619755036449,0.0,0.007527187450927286,0
2023-08-29 04:00:00+00:00,153.0185680651376,153.77034018998162,151.0695318455298,152.4988250732422,12208600,0.0,0.0,4497.6298828125,,368.7432556152344,152.4988250732422,0.00012177849247771696,0.1653952484679302,0.01450830719454621,0.0,0.02183965115147224,0
2023-08-30 04:00:00+00:00,153.24133094037785,153.90957601900047,151.91411685074797,151.9605255126953,9939100,0.0,0.0,4514.8701171875,,370.7996826171875,151.9605255126953,-0.0035361050361611595,0.1519042243410375,0.003833182103508026,0.0,0.005576853191584519,0
2023-08-31 04:00:00+00:00,151.62639581794016,151.81203045696913,149.68663563272543,150.05787658691406,15333000,0.0,0.0,4507.66015625,,371.9114990234375,150.05787658691406,-0.01259972295347401,0.17342384081038936,-0.0015969365120942491,0.0,0.00299842868904987,0
2023-09-01 04:00:00+00:00,149.8165540338956,150.80035519431098,148.5079064547319,148.94412231445312,8610100,0.0,0.0,4515.77001953125,,371.5179748535156,148.94412231445312,-0.007449846005585775,0.08617368815138012,0.0017991292600010311,0.0,-0.001058112402964606,0
2023-09-05 04:00:00+00:00,149.01840653518693,150.3270544059596,148.75853500705372,149.12977600097656,9019800,0.0,0.0,4496.830078125,,371.990234375,149.12977600097656,0.0012456891501058506,0.09035722451642648,-0.004194177587506065,0.0,0.0012711619718281941,0
2023-09-06 04:00:00+00:00,148.35012713375102,148.49862916177668,146.03912628105792,146.65167236328125,9753800,0.0,0.0,4465.47998046875,,368.7137756347656,146.65167236328125,-0.016756707603677336,0.11319592245862378,-0.006971599351452862,0.0,-0.00880791600816977,0
2023-09-07 04:00:00+00:00,147.70046610093937,149.48244816424094,147.5519640551806,148.5264892578125,9931800,0.0,0.0,4451.14013671875,,366.07684326171875,148.5264892578125,0.012703122044390511,0.18673117885239254,-0.0032112659361860363,0.0,-0.007151705597403302,0
2023-09-08 04:00:00+00:00,148.1180975129001,149.12974102169852,147.74685660605405,149.01837158203125,6957000,0.0,0.0,4457.490234375,,366.5885009765625,149.01837158203125,0.003306276377371053,0.17756674748101803,0.0014266227216406246,0.0,0.0013976784499256656,0
2023-09-11 04:00:00+00:00,149.4824607442386,150.99529536861075,148.9163090388304,150.9674530029297,6309300,0.0,0.0,4487.4599609375,,370.9079284667969,150.9674530029297,0.012994673002231892,0.19231899045516138,0.006723453106275201,0.0,0.011782768632206952,0
2023-09-12 04:00:00+00:00,150.5590804005815,152.14615190244362,149.91867766188997,151.82131958007812,6045800,0.0,0.0,4461.89990234375,,366.7951965332031,151.82131958007812,0.005640029736350503,0.1927572723669747,-0.005695885604828921,0.0,-0.01108828261125161,0
2023-09-13 04:00:00+00:00,151.98833577665758,153.09279655283297,151.28297241461513,152.20181274414062,7397500,0.0,0.0,4467.43994140625,,368.19232177734375,152.20181274414062,0.0025030553419529583,0.08065409010642936,0.0012416323054647016,0.0,0.003809006381069624,0
2023-09-14 04:00:00+00:00,152.8422204821787,153.38981998762867,151.69136507030595,151.9698028564453,7758400,0.0,0.0,4505.10009765625,,371.2030334472656,151.9698028564453,-0.0015255199419700973,0.08517075167270137,0.00842991886716793,0.0,0.008177008296611277,0
2023-09-15 04:00:00+00:00,152.1925242426268,152.97215278649006,149.62165199540752,149.84439086914062,13392100,0.0,0.0,4450.31982421875,,364.8470153808594,149.84439086914062,-0.01408447426684075,0.15904742626151316,-0.012159612938677844,0.0,-0.017122753570679605,0
2023-09-18 04:00:00+00:00,150.46623024672482,151.42218903125044,149.19471527665206,150.79107666015625,5789000,0.0,0.0,4453.52978515625,,365.2273254394531,150.79107666015625,0.0062979190571811165,0.13237981516964512,0.0007212876971294246,0.0,0.0010423822658840454,0
2023-09-19 04:00:00+00:00,150.586890221101,151.1437657418535,149.77943346174933,150.5404815673828,5550800,0.0,0.0,4443.9501953125,,364.44891357421875,150.5404815673828,-0.0016632519475764376,0.12168595339740333,-0.002151010615372817,0.0,-0.0021313078486057124,0
2023-09-20 04:00:00+00:00,150.5312178755632,151.78416665735364,150.03931726196686,151.199462890625,3837400,0.0,0.0,4402.2001953125,,359.197021484375,151.199462890625,0.004367882894112855,0.12636859963806613,-0.0093947947580596,0.0,-0.014410502800893177,0
2023-09-21 04:00:00+00:00,150.88388065268083,151.7470220537918,149.97431644011024,150.03929138183594,4526700,0.0,0.0,4330.0,,352.6149597167969,150.03929138183594,-0.007702709087572113,0.13435390580210793,-0.01640093410321941,0.0,-0.018324377358080235,0
2023-09-22 04:00:00+00:00,149.70520359812147,149.79800675673602,148.7306783800927,148.96270751953125,4976700,0.0,0.0,4320.06005859375,,352.6642150878906,148.96270751953125,-0.007201212825771598,0.1021819480809741,-0.002295598477193961,0.0,0.0001396859938480599,0
2023-09-25 04:00:00+00:00,148.5636142199021,148.83276177232352,147.3199273529671,148.7399444580078,6722500,0.0,0.0,4337.43994140625,,354.3392333984375,148.7399444580078,-0.0014965476566616142,0.07847791285377392,0.0040230650909416354,0.0,0.004749612347624943,0
2023-09-26 04:00:00+00:00,148.3223172388465,148.57291269574907,147.44060926759488,147.589111328125,4904800,0.0,0.0,4273.52978515625,,349.0184326171875,147.589111328125,-0.007767303902982777,0.08490677787144187,-0.014734533990868215,0.0,-0.015016120936478417,0
2023-09-27 04:00:00+00:00,147.18070804412986,147.34776220706564,144.0993546386053,145.81637573242188,10211600,0.0,0.0,4274.509765625,,349.8362731933594,145.81637573242188,-0.012084008278982554,0.05989591833665094,0.00022931406074522265,0.0,0.0023432589793013214,0
2023-09-28 04:00:00+00:00,146.17831759016963,146.60525732041273,144.99032985635955,145.60289001464844,7861900,0.0,0.0,4299.7001953125,,352.76275634765625,145.60289001464844,-0.0014651451091682866,0.07206195364317093,0.005893173970516585,0.0,0.008365293648893157,0
2023-09-29 04:00:00+00:00,146.05769772967548,146.27117473392016,144.1829124851538,144.5541534423828,7680700,0.0,0.0,4288.0498046875,,353.0188903808594,144.5541534423828,-0.007228782914271659,0.07209109795881621,-0.002709582086142026,0.0,0.0007260801447834808,0
2023-10-02 04:00:00+00:00,144.2478640959969,144.2478640959969,142.29882795173137,143.9972686767578,7259700,0.0,0.0,4288.39013671875,,355.9651184082031,143.9972686767578,-0.0038598697794318,0.0643047798429276,7.936755559079245e-05,0.0,0.008345808418821932,0
2023-10-03 04:00:00+00:00,143.561069403687,144.32213181613778,142.8278635183164,144.1736297607422,5740800,0.0,0.0,4229.4501953125,,349.7179870605469,144.1736297607422,0.0012240035823123494,0.08217291401168911,-0.013744071674259506,0.0,-0.01754984133162274,0
2023-10-04 04:00:00+00:00,144.3870916410868,144.7211999878016,143.45897513505508,144.34068298339844,4955200,0.0,0.0,4263.75,,354.47723388671875,144.34068298339844,0.0011580239450572993,0.056931067749541917,0.008109754957160709,0.0,0.013608813393255259,0
2023-10-05 04:00:00+00:00,145.03678139142278,146.6795375354206,144.85116090848877,145.84423828125,5993300,0.0,0.0,4258.18994140625,,353.43280029296875,145.84423828125,0.010362831718660105,0.10554840145392297,-0.001304030159777203,0.0,-0.00294640528052581,0
2023-10-06 04:00:00+00:00,145.78854558563197,146.92084888016785,145.3337633896514,146.30828857421875,5802200,0.0,0.0,4308.5,,359.35467529296875,146.30828857421875,0.0031767699442792805,0.08176555866753803,0.011814893014644445,0.0,0.016755306794081326,0
2023-10-09 04:00:00+00:00,145.88136131340238,147.45917087293503,145.7978342177383,147.1436004638672,4414100,0.0,0.0,4335.66015625,,361.1874084472656,147.1436004638672,0.00569302278788455,0.06111748674276703,0.00630385429964031,0.0,0.005100067649885798,1
2023-10-10 04:00:00+00:00,146.99509827807614,147.82112141051385,146.5495921539788,146.97653198242188,5273500,0.0,0.0,4358.240234375,,363.18768310546875,146.97653198242188,-0.0011360561959788292,0.07026798321425261,0.005207990781392224,0.0,0.005538052023469575,1
2023-10-11 04:00:00+00:00,147.06935051363072,147.61693586351447,144.82329606473857,144.95323181152344,6922900,0.0,0.0,4376.9501953125,,365.7791748046875,144.95323181152344,-0.013861776493078015,0.14630050056100846,0.00429300817103373,0.0,0.007135406347098527,1
2023-10-12 04:00:00+00:00,144.71193706082948,145.30593111214688,143.9230464562319,145.09246826171875,5792400,0.0,0.0,4349.60986328125,,364.50799560546875,145.09246826171875,0.0009601001556357539,0.12077207248289817,-0.00624643434611849,0.0,-0.0034752640029260817,1
2023-10-13 04:00:00+00:00,145.46370488335467,146.04842284958127,144.8325924185484,145.57508850097656,5359800,0.0,0.0,4327.77978515625,,359.9261779785156,145.57508850097656,0.003320774345389658,0.12109225292614584,-0.005018858888767519,0.0,-0.012569868650871285,1
2023-10-16 04:00:00+00:00,146.47535373394982,146.8744370336906,145.56578936173005,146.20619201660156,6408100,0.0,0.0,4373.6298828125,,363.9956970214844,146.20619201660156,0.004325873809781267,0.116635184572259,0.01059436938392988,0.0,0.011306538095741558,1
2023-10-17 04:00:00+00:00,144.76762706385446,147.52413457042593,143.49611182063867,144.86972045898438,12244400,0.0,0.0,4373.2001953125,,362.80340576171875,144.86972045898438,-0.00918304052090321,0.12931831324022247,-9.824505308242415e-05,0.0,-0.003275564160570954,0
2023-10-18 04:00:00+00:00,144.2386111934256,144.73978795045673,141.12013869985387,141.75125122070312,9097300,0.0,0.0,4314.60009765625,,358.0441589355469,141.75125122070312,-0.021761089429921887,0.17547328745975074,-0.013399820506516447,0.0,-0.013117977258729652,0
2023-10-19 04:00:00+00:00,140.76744325092258,142.10393342300034,139.35670205129216,141.3707275390625,7733800,0.0,0.0,4278.0,,354.6940612792969,141.3707275390625,-0.0026880563101104892,0.17019626562176016,-0.008482848196321058,0.0,-0.009356660547709339,0
2023-10-20 04:00:00+00:00,141.76052585184524,142.8092879151402,141.37999467041612,142.0018310546875,7207000,0.0,0.0,4224.16015625,,349.4027404785156,142.0018310546875,0.004454239056837001,0.17391956298212247,-0.012585283719027562,0.0,-0.014917985324300997,0
2023-10-23 04:00:00+00:00,141.87188545680888,142.46587943651636,140.34049893219958,140.50755310058594,5874000,0.0,0.0,4217.0400390625,,350.4570617675781,140.50755310058594,-0.010578706217560874,0.15487408284478055,-0.0016855698941634634,0.0,0.0030174957632518318,0
2023-10-24 04:00:00+00:00,139.91357782038136,141.03660514060584,139.3381500586774,140.35906982421875,6155300,0.0,0.0,4247.68017578125,,353.8662414550781,140.35906982421875,-0.0010573224305101684,0.1614084346912789,0.007265792222727274,0.0,0.009727809935703213,0
2023-10-25 04:00:00+00:00,140.3683566699609,141.23149829170868,139.43094986043917,140.6746368408203,5880800,0.0,0.0,4186.77001953125,,345.20513916015625,140.6746368408203,0.0022457601472427586,0.09171253928189388,-0.014339628627712542,0.0,-0.024475638759176133,0
2023-10-26 04:00:00+00:00,141.04589055957672,141.04589055957672,138.17801346671112,138.2893829345703,7612500,0.0,0.0,4137.22998046875,,338.6230773925781,138.2893829345703,-0.017101216413723926,0.14489221761802248,-0.011832519778109618,0.0,-0.01906710248749921,0
2023-10-27 04:00:00+00:00,137.81601447448597,137.97379256893882,134.53047436526148,135.13375854492188,11385800,0.0,0.0,4117.3701171875,,340.2489013671875,135.13375854492188,-0.023083375402342867,0.16871675768938177,-0.004800280229768528,0.0,0.0048012793077434335,0
2023-10-30 04:00:00+00:00,135.58855140190985,136.65589399463477,135.50502430633895,136.4609832763672,8205300,0.0,0.0,4166.81982421875,,344.0818786621094,136.4609832763672,0.00977364501016898,0.21826558192065867,0.012010022325859904,0.0,0.011265215786208982,0
2023-10-31 04:00:00+00:00,136.93429235098026,137.8624087843694,136.0989932257032,137.67678833007812,7576900,0.0,0.0,4193.7998046875,,345.7273254394531,137.67678833007812,0.008870087606298649,0.24206408246792388,0.006474957307233353,0.0,0.004782137274249143,0
2023-11-01 04:00:00+00:00,138.46572152040977,138.9947406323414,137.78820034964494,138.0016632080078,5733000,0.0,0.0,4237.85986328125,,351.7281494140625,138.0016632080078,0.002356912747500741,0.24224190707014223,0.010505999486313922,0.0,0.01735710061963358,0
2023-11-02 04:00:00+00:00,137.09209765621614,139.58871920364922,136.93430538501966,139.4402313232422,5349100,0.0,0.0,4317.77978515625,,358.1131286621094,139.4402313232422,0.010370322838522916,0.22539657527454265,0.01885855702012762,0.0,0.01815316533147393,0
2023-11-03 04:00:00+00:00,140.34050560523136,141.3243068532192,139.35669019530923,140.46115112304688,4926800,0.0,0.0,4358.33984375,,362.320556640625,140.46115112304688,0.00729488592205277,0.051136450687263635,0.009393730253031363,0.0,0.011748879451122907,0
2023-11-06 05:00:00+00:00,140.86952384795669,141.4727939193643,140.4889926770397,140.79527282714844,4851400,0.0,0.0,4365.97998046875,,363.7986145019531,140.79527282714844,0.0023759234124192227,0.05891679718911255,0.0017529924220356374,0.0,0.00407942037579212,0
2023-11-07 05:00:00+00:00,141.0087390541356,141.30574314451601,139.8485933797143,140.0527801513672,4840400,0.0,0.0,4378.3798828125,,367.2374572753906,140.0527801513672,-0.005287516846066084,0.09437084719440952,0.0028401189192852616,0.0,0.00945259997250214,0
2023-11-08 05:00:00+00:00,140.47044442369997,140.91593639892181,139.53303765179285,139.54232788085938,5460000,0.0,0.0,4382.77978515625,,367.4739074707031,139.54232788085938,-0.003651371737042364,0.10738560620296013,0.0010049156221052513,0.0,0.0006438618681949837,0
2023-11-09 05:00:00+00:00,139.68155319818197,139.68155319818197,136.67445021043582,136.8229522705078,6973600,0.0,0.0,4347.35009765625,,364.64599609375,136.8229522705078,-0.019680210036229315,0.16182148482069647,-0.008083839306732843,0.0,-0.00769554332827993,0
2023-11-10 05:00:00+00:00,137.59327767700816,137.82530681305707,135.1708929301801,136.6651611328125,6930700,0.0,0.0,4415.240234375,,372.843994140625,136.6651611328125,-0.0011539160019810564,0.13410375864612145,0.015616441094852496,0.0,0.022482073393635504,0
2023-11-13 05:00:00+00:00,136.6651487377882,137.2684187720272,136.10827319700354,137.01783752441406,5889300,0.0,0.0,4411.5498046875,,371.6813049316406,137.01783752441406,0.002577263392660039,0.1348522972497244,-0.0008358389332403515,0.0,-0.0031184335198003454,0
2023-11-14 05:00:00+00:00,137.02711851924366,137.862417698531,136.40528216809705,137.04568481445312,6713600,0.0,0.0,4495.7001953125,,379.6822814941406,137.04568481445312,0.0002032177788364592,0.14074627739218892,0.019075017703661823,0.0,0.02152644337054177,0
2023-11-15 05:00:00+00:00,136.75799346123,138.6791875543606,136.68374243011314,138.103759765625,6729100,0.0,0.0,4502.8798828125,,379.96807861328125,138.103759765625,0.0076909489551807726,0.16516343625274832,0.0015970120755575135,0.0,0.0007527270380276452,0
2023-11-16 05:00:00+00:00,138.75342712795037,139.37526353002806,137.95524631177372,139.310302734375,6875600,0.0,0.0,4508.240234375,,380.293212890625,139.310302734375,0.00869855381956569,0.07006167771463327,0.0011904273935798848,0.0,0.0008556884002739462,0
2023-11-17 05:00:00+00:00,139.72793003393224,139.9506689113672,138.35432169599682,139.02255249023438,7023300,0.0,0.0,4514.02001953125,,380.3819274902344,139.02255249023438,-0.0020676707133673784,0.07415135260735925,0.0012820490603360213,0.0,0.00023327947121387638,0
2023-11-20 05:00:00+00:00,138.3770406357038,140.70654825056218,138.0308778369447,140.24813842773438,8851700,1.19,0.0,4547.3798828125,,385.0130310058594,140.24813842773438,0.008777102971109984,0.08232258878504335,0.007390278097329839,0.0,0.012174877881767632,0
2023-11-21 05:00:00+00:00,140.4258926323287,141.53918380851164,139.9674685418936,141.38014221191406,5916300,0.0,0.0,4538.18994140625,,382.77630615234375,141.38014221191406,0.008039035554363895,0.07396557543242308,-0.0020209310950652926,0.0,-0.005809478312129079,0
2023-11-22 05:00:00+00:00,141.85726426394518,142.24082840957658,140.69717865246963,141.09947204589844,4633500,0.0,0.0,4556.6201171875,,384.3429870605469,141.09947204589844,-0.001987189476416522,0.09169083750273936,0.00406112922094648,0.0,0.004092941185287469,0
2023-11-24 05:00:00+00:00,141.1369040274046,142.8395955588241,141.1369040274046,142.67120361328125,3351400,0.0,0.0,4559.33984375,,383.801025390625,142.67120361328125,0.011077590285590373,0.1000668615285713,0.0005968736678840791,0.0,-0.0014100990213631315,0
2023-11-27 05:00:00+00:00,142.47473014565793,142.50280974487916,141.2398130689781,141.5298309326172,6449700,0.0,0.0,4550.43017578125,,383.4660339355469,141.5298309326172,-0.008032193259911216,0.13016690792485805,-0.001954157460090089,0.0,-0.000872825847031522,0
2023-11-28 05:00:00+00:00,141.6421284915258,142.02570704985916,141.11822327787362,141.85731506347656,5909000,0.0,0.0,4554.89013671875,,384.4710998535156,141.85731506347656,0.002311214755245668,0.12170563963691663,0.0009801185306033133,0.0,0.0026210037631069216,0
2023-11-29 05:00:00+00:00,141.57662367235565,142.39054668704213,141.33338608558628,142.3063507080078,5190000,0.0,0.0,4550.580078125,,384.0966796875,142.3063507080078,0.0031604041781006136,0.11168147791229137,-0.0009462486392383118,0.0,-0.0009738577650134639,0
2023-11-30 05:00:00+00:00,142.44669036131876,145.1410761394731,142.12860711677146,144.6920166015625,12481900,0.0,0.0,4567.7998046875,,383.1309814453125,144.6920166015625,0.01662532693688338,0.14902878957509003,0.0037840728581564065,0.0,-0.0025142061706265872,0
2023-12-01 05:00:00+00:00,146.35727403808923,148.24708683691864,145.44979045166508,148.1722412109375,10342900,0.0,0.0,4594.6298828125,,384.2247314453125,148.1722412109375,0.023767929002962852,0.1999966841400556,0.005873742123607695,0.0,0.0028547678286783285,0
2023-12-04 05:00:00+00:00,147.81672704362893,149.70653982951072,147.81672704362893,148.6400146484375,8920300,0.0,0.0,4569.77978515625,,380.65777587890625,148.6400146484375,0.00315198456629255,0.15595246079521174,-0.005408509126972105,0.0,-0.009283513721224268,0
2023-12-05 05:00:00+00:00,148.56518608131492,149.3416934749469,148.02256594087288,148.331298828125,7268200,0.0,0.0,4567.18017578125,,381.6136474609375,148.331298828125,-0.002079095976672358,0.17157251092906028,-0.0005688697261614362,0.0,0.00251110483642214,0
2023-12-06 05:00:00+00:00,148.3032476599547,148.43422396323305,146.1047015599113,146.52569580078125,6642900,0.0,0.0,4549.33984375,,379.4063720703125,146.52569580078125,-0.012247466604369232,0.22933414817915046,-0.003906202808869552,0.0,-0.0057840577906767,0
2023-12-07 05:00:00+00:00,146.4882630966974,146.4882630966974,144.73879104718455,145.38430786132812,6532400,0.0,0.0,4585.58984375,,384.70758056640625,145.38430786132812,-0.007820175683877616,0.22249399003983752,0.007968189065892917,0.0,0.013972376023013489,0
2023-12-08 05:00:00+00:00,145.40301721894423,145.80531069373018,143.92484815348666,144.46746826171875,6254700,0.0,0.0,4604.3701171875,,386.42205810546875,144.46746826171875,-0.00632628628104878,0.09297235834485741,0.00409549786994079,0.0,0.004456573318722512,0
2023-12-11 05:00:00+00:00,144.54230279397427,145.45913670456812,144.40197617130184,145.0662078857422,6090400,0.0,0.0,4622.43994140625,,389.722900390625,145.0662078857422,0.004135895246970262,0.09854559661065396,0.003924494286698943,0.0,0.008542064863842125,0
2023-12-12 05:00:00+00:00,145.01009675805605,145.3094792938512,143.74709988260597,145.07559204101562,5324400,0.0,0.0,4643.7001953125,,392.8268127441406,145.07559204101562,6.468668271212912e-05,0.10342164844597787,0.00459935752021523,0.0,0.007964408430719772,0
2023-12-13 05:00:00+00:00,143.75646631345253,145.88951694406063,141.9882792308341,145.74917602539062,10764600,0.0,0.0,4707.08984375,,397.822509765625,145.74917602539062,0.004632240873527297,0.09191379911476683,0.013650676351045998,0.0,0.012717301516631085,0
2023-12-14 05:00:00+00:00,146.38533815049155,147.03086917830464,145.05686041985652,146.75955200195312,9240700,0.0,0.0,4719.5498046875,,397.4776306152344,146.75955200195312,0.006908375020308033,0.0827101853763948,0.0026470624846992585,0.0,-0.0008669171349650062,0
2023-12-15 05:00:00+00:00,145.46850763888625,146.5911634949868,143.84999771870304,145.15977478027344,21727800,0.0,0.0,4719.18994140625,,399.39898681640625,145.15977478027344,-0.01096051607663865,0.11276909046160874,-7.62494933082003e-05,0.0,0.004833872533148265,0
2023-12-18 05:00:00+00:00,145.20655016351935,146.3572713063969,144.78554174081538,145.42172241210938,7231400,0.0,0.0,4740.56005859375,,401.9147033691406,145.42172241210938,0.00180292073185991,0.10980199461063439,0.004528344366900416,0.0,0.006298755469529516,0
2023-12-19 05:00:00+00:00,145.29076678241944,146.41342276001504,144.95396856160622,146.37600708007812,6651500,0.0,0.0,4768.3701171875,,403.96832275390625,146.37600708007812,0.006540750483319908,0.1175735905419176,0.005866407818910568,0.0,0.005109590088520521,0
2023-12-20 05:00:00+00:00,146.45080539541175,146.5630809605796,143.24187980825943,143.39157104492188,7008300,0.0,0.0,4698.35009765625,,397.96539306640625,143.39157104492188,-0.020599554917549837,0.19198342396643692,-0.014684266911006771,0.0,-0.014859902000674774,0
2023-12-21 05:00:00+00:00,143.78450660103874,145.13169924371454,143.4196431165926,144.86038208007812,4598600,0.0,0.0,4746.75,,402.5959167480469,144.86038208007812,0.010191249231521067,0.2039792673895346,0.010301467821202559,0.0,0.011635493342678549,0
2023-12-22 05:00:00+00:00,145.24398862530253,146.44149025583778,145.02881634295437,145.44046020507812,3798900,0.0,0.0,4754.6298828125,,403.1982421875,145.44046020507812,0.0039963983051435744,0.192706983044936,0.0016600585268868873,0.0,0.001496104193799086,0
2023-12-26 05:00:00+00:00,145.0100739866572,146.2730706637749,144.8697473671298,146.07659912109375,4170000,0.0,0.0,4774.75,,405.66650390625,146.07659912109375,0.004364340990693524,0.19474041956467575,0.0042316894655107795,0.0,0.0061217075386013065,0
2023-12-27 05:00:00+00:00,145.47786421659418,146.4321281590342,145.40301858627103,146.27308654785156,5288100,0.0,0.0,4781.580078125,,406.4923095703125,146.27308654785156,0.0013441947501577863,0.18865465258290148,0.0014304577464787638,0.0,0.002035676241717299,0
2023-12-28 05:00:00+00:00,145.94561544675128,147.1057011189127,145.93626509770476,146.4882354736328,4377500,0.0,0.0,4783.35009765625,,406.2947692871094,146.4882354736328,0.0014697909069927599,0.05698617053520765,0.0003701746080437829,0.0,-0.0004859631499841699,0
2023-12-29 05:00:00+00:00,146.42275292827696,146.78761642758644,145.92691315422417,146.637939453125,4313700,0.0,0.0,4769.830078125,,404.53643798828125,146.637939453125,0.0010214303962814476,0.02544864275726903,-0.0028264750133749628,0.0,-0.004327723199374023,0
2024-01-02 05:00:00+00:00,146.81571279284015,151.22215531644446,146.68473649040533,149.6597900390625,9622100,0.0,0.0,4742.830078125,,397.6907653808594,149.6597900390625,0.020398100037071293,0.1320003598148827,-0.005660579005492328,0.0,-0.016922264509631635,0
2024-01-03 05:00:00+00:00,150.28658877636659,151.0350308214125,149.50073105297344,150.59532165527344,8232000,0.0,0.0,4704.81005859375,,393.48260498046875,150.59532165527344,0.00623159844556153,0.1314571074268976,-0.008016314922730805,0.0,-0.010581488851923893,0
2024-01-04 05:00:00+00:00,151.1753713133501,151.54023488088677,150.08078061074005,150.27725219726562,6766600,0.0,0.0,4688.68017578125,,391.4575500488281,150.27725219726562,-0.002114314192380729,0.14125589105445155,-0.0034283812973570083,0.0,-0.005146491626335403,0
2024-01-05 05:00:00+00:00,150.1556403539607,150.9414982231878,149.1920258600721,150.7450408935547,5602500,0.0,0.0,4697.240234375,,391.92181396484375,150.7450408935547,0.003108002852834333,0.13884149783970376,0.0018256861788026324,0.0,0.001185987895642171,0
2024-01-08 05:00:00+00:00,150.71693773281265,151.24084284747087,149.32296469354128,151.1192169189453,6569800,0.0,0.0,4763.5400390625,,400.0220642089844,151.1192169189453,0.0024791024928955204,0.13608613024613803,0.014114629309846638,0.0,0.020668026008032303,0
2024-01-09 05:00:00+00:00,151.21279907226562,152.7564493104776,150.24918468289886,151.21279907226562,6357000,0.0,0.0,4756.5,,400.81231689453125,151.21279907226562,0.0006190687810699443,0.049042507240348976,-0.0014779006799081618,0.0,0.001975522743000502,0
2024-01-10 05:00:00+00:00,151.39055086331476,152.13897866692255,150.8105007575698,151.43731689453125,4945100,0.0,0.0,4783.4501953125,,403.52886962890625,151.43731689453125,0.001483679348573226,0.03238086215262547,0.00566597189372442,0.0,0.006777617902121058,0
2024-01-11 05:00:00+00:00,151.62441995925218,151.74603161133194,150.4175538611038,150.76370239257812,4946000,0.0,0.0,4780.240234375,,404.36846923828125,150.76370239257812,-0.004458063173830919,0.04773954070002063,-0.0006710555783868699,0.0,0.002080643226709089,0
2024-01-12 05:00:00+00:00,151.4092580227775,151.9986585048327,151.26893137245287,151.92381286621094,4496900,0.0,0.0,4783.830078125,,404.575927734375,151.92381286621094,0.007665437758189757,0.06884365984533869,0.0007509755941104146,0.0,0.0005130432065698631,0
2024-01-16 05:00:00+00:00,151.15664562581915,151.7928120382831,149.85621892467444,150.17431640625,6923200,0.0,0.0,4765.97998046875,,404.53643798828125,150.17431640625,-0.011582435299764084,0.11433565121290548,-0.0037313402367431525,0.0,-9.760775020617452e-05,1
2024-01-17 05:00:00+00:00,149.921726441277,150.904055741047,149.5662132550844,150.09011840820312,5072100,0.0,0.0,4739.2099609375,,402.2544860839844,150.09011840820312,-0.0005608256622585035,0.11342078217116125,-0.005616897183990499,0.0,-0.005640905713326538,1
2024-01-18 05:00:00+00:00,149.68783420897128,150.96953172127544,149.39781631424648,150.81985473632812,5368500,0.0,0.0,4780.93994140625,,407.9641418457031,150.81985473632812,0.004850206532244147,0.12123139959850995,0.008805260963896,0.0,0.0141941381867563,1
2024-01-19 05:00:00+00:00,150.76371218534211,151.48408889593233,149.94978914210228,151.25955200195312,7071300,0.0,0.0,4839.81005859375,,416.05450439453125,151.25955200195312,0.0029111390339310126,0.11854686641068819,0.012313502764936146,0.0,0.01983106287779579,1
2024-01-22 05:00:00+00:00,151.5589175961533,153.03708653019396,150.94145191319777,151.99862670898438,6824200,0.0,0.0,4850.43017578125,,416.59783935546875,151.99862670898438,0.0048742373473895486,0.10945823705795887,0.0021943252026270788,0.0,0.0013059225538927244,1
2024-01-23 05:00:00+00:00,149.36975941721764,150.1649675161247,146.79699962155422,149.5100860595703,9149800,0.0,0.0,4864.60009765625,,418.3265380859375,149.5100860595703,-0.01650763015968078,0.14301242950951246,0.002921374261968035,0.0,0.004149562400859397,0
2024-01-24 05:00:00+00:00,149.45395169119038,150.24917404569456,147.9664322178115,148.71487426757812,7247900,0.0,0.0,4868.5498046875,,420.64794921875,148.71487426757812,-0.0053329786736478185,0.1463026541305182,0.0008119284117831249,0.0,0.005549280099307552,0
2024-01-25 05:00:00+00:00,148.75227896846147,149.33231473343605,148.2564391805941,149.27618408203125,5478900,0.0,0.0,4894.16015625,,421.1615905761719,149.27618408203125,0.0037672974580441098,0.14335472638220095,0.005260365527706368,0.0,0.0012210718211649318,0
2024-01-26 05:00:00+00:00,150.09010060702022,150.38013275234658,149.08907072432484,149.2200469970703,5591900,0.0,0.0,4890.97021484375,,418.6524658203125,149.2200469970703,-0.0003761326259955294,0.13797528836705736,-0.0006517852510764532,0.0,-0.005957629593968283,0
2024-01-29 05:00:00+00:00,148.76163296885906,149.75332684427147,148.71486694177,149.08908081054688,6483200,0.0,0.0,4927.93017578125,,422.93963623046875,149.08908081054688,-0.0008780569062727305,0.12330544973486644,0.007556774896180896,0.0,0.010240404058664554,0
2024-01-30 05:00:00+00:00,149.07972947387728,149.4632936904655,147.93835862371196,148.537109375,7200500,0.0,0.0,4924.97021484375,,420.1243591308594,148.537109375,-0.003709163283196998,0.055434708008567105,-0.0006006499345398986,0.0,-0.006656451319391743,0
2024-01-31 05:00:00+00:00,150.06202994107912,150.26785183025905,148.4435344264755,148.65870666503906,8256800,0.0,0.0,4845.64990234375,,411.895751953125,148.65870666503906,0.0008182975012537387,0.043113211652748305,-0.016105744611597972,0.0,-0.019586122534664407,0
2024-02-01 05:00:00+00:00,147.9664269985413,148.27515986850543,146.92796708151445,148.15353393554688,8012000,0.0,0.0,4906.18994140625,,416.7460632324219,148.15353393554688,-0.003403991804805651,0.03127872327446681,0.012493688211609788,0.0,0.011775579758464882,0
2024-02-02 05:00:00+00:00,147.7886587018118,148.10674189705205,145.88949560476627,146.5163116455078,8295900,0.0,0.0,4958.60986328125,,423.7892150878906,146.5163116455078,-0.011112362952661959,0.07248585344960745,0.01068444607751462,0.0,0.01690034406285612,0
2024-02-05 05:00:00+00:00,146.51632203060015,146.77827459528794,145.32817086375937,145.75852966308594,9121600,0.0,0.0,4942.81005859375,,423.236083984375,145.75852966308594,-0.0051854184711950906,0.06841819470025362,-0.0031863375266721894,0.0,-0.0013052033506820715,0
2024-02-06 05:00:00+00:00,145.78660866551195,148.4996951722907,145.57143638333596,147.8728790283203,9229900,0.0,0.0,4954.22998046875,,422.3865051269531,147.8728790283203,0.014401633113948006,0.15185267461956792,0.0023104108269635937,0.0,-0.0020073403227434117,0
2024-02-07 05:00:00+00:00,147.62964269142395,149.09844727422066,147.52673172508693,147.79803466796875,8690300,0.0,0.0,4995.06005859375,,426.7328796386719,147.79803466796875,-0.0005062680059698501,0.15120016748118453,0.008241457963390042,0.0,0.010290041132853922,0
2024-02-08 05:00:00+00:00,147.19925771093165,147.19925771093165,145.30009462194258,146.31983947753906,9755000,0.0,0.0,4997.91015625,,427.5233154296875,146.31983947753906,-0.010051804168345396,0.16421749951176282,0.0005705832608251526,0.0,0.0018522964335088155,0
2024-02-09 05:00:00+00:00,146.19823688403184,147.06829054626397,145.63690180976707,146.65664672851562,6529200,0.0,0.0,5026.60986328125,,431.73138427734375,146.65664672851562,0.0022992111326893836,0.1465049683433103,0.0057423415255595245,0.0,0.009842899078911893,0
2024-02-12 05:00:00+00:00,146.4882557016412,148.20031198614205,146.27308344112242,147.67640686035156,6701500,0.0,0.0,5021.83984375,,430.0422058105469,147.67640686035156,0.006929321730985712,0.14371209920448955,-0.0009489536011326738,0.0,-0.003912568157685148,0
2024-02-13 05:00:00+00:00,147.47993601826903,148.2377283842858,145.71174907244858,146.38534545898438,8621000,0.0,0.0,4953.169921875,,423.3348388671875,146.38534545898438,-0.008780942688235406,0.11536561210708356,-0.013674255653625456,0.0,-0.015596996882474068,0
2024-02-14 05:00:00+00:00,146.27307798500487,146.37598893625676,144.86038999278855,145.702392578125,9098800,0.0,0.0,5000.6201171875,,427.947998046875,145.702392578125,-0.0046763628630038055,0.11571171166864853,0.009579763275017639,0.0,0.010897187654179241,0
2024-02-15 05:00:00+00:00,145.92690008133548,148.26577211746883,145.84270411411677,147.7418670654297,7462500,0.0,0.0,5029.72998046875,,429.2223205566406,147.7418670654297,0.013900475198665345,0.14348439827741247,0.005821250684729495,0.0,0.0029777508379091877,0
2024-02-16 05:00:00+00:00,147.61934007652707,148.24147959606134,146.74266605215664,147.57220458984375,8541000,1.19,0.0,5005.56982421875,,425.33026123046875,147.57220458984375,-0.001149030882962478,0.145012133651412,-0.0048034698371121065,0.0,-0.009067700209822283,0
2024-02-20 05:00:00+00:00,147.58163234156362,149.5140723096364,147.46851867559718,148.8070831298828,9501700,0.0,0.0,4975.509765625,,422.1197814941406,148.8070831298828,0.008333144299625953,0.14877281242314241,-0.006005322001165325,0.0,-0.007548204369565159,0
2024-02-21 05:00:00+00:00,148.9579232681752,149.58949859497682,148.11896328078404,149.58006286621094,7472500,0.0,0.0,4981.7998046875,,420.4305725097656,149.58006286621094,0.005181064102916207,0.11758850413759508,0.001264199922982101,0.0,-0.0040017290314987575,0
2024-02-22 05:00:00+00:00,149.86285045886265,151.52192762202995,148.72224929291693,151.24855041503906,8065000,0.0,0.0,5087.02978515625,,432.7389831542969,151.24855041503906,0.011092725783920386,0.09213612719683928,0.02112288421741404,0.0,0.0292757269554782,0
2024-02-23 05:00:00+00:00,151.6538997783806,152.94532876826761,150.97518900233135,152.558837890625,6726000,0.0,0.0,5088.7998046875,,431.4647216796875,152.558837890625,0.008625831038589594,0.07495782072655015,0.0003479475462115911,0.0,-0.0029446422074598244,0
2024-02-26 05:00:00+00:00,152.52113398020288,152.71908289398888,151.36167576254726,151.5690460205078,5465400,0.0,0.0,5069.52978515625,,431.23748779296875,151.5690460205078,-0.006509073433280853,0.11034642695833574,-0.003786751350190576,0.0,-0.0005266569323075787,0
2024-02-27 05:00:00+00:00,151.14485682780054,151.80471051957065,150.48500313603043,151.74815368652344,5078600,0.0,0.0,5078.18017578125,,432.27471923828125,151.74815368652344,0.0011809926176693526,0.10982437721674575,0.0017063496993998672,0.0,0.002405244151246988,0
2024-02-28 05:00:00+00:00,151.76701506072203,152.34203351922065,151.0977256219848,152.2854766845703,6071100,0.0,0.0,5069.759765625,,429.9730529785156,152.2854766845703,0.003534632381404386,0.10924845969124226,-0.001658155060430544,0.0,-0.005324545149948734,0
2024-02-29 05:00:00+00:00,152.7096686900777,152.88877492388917,151.71045957905832,152.12522888183594,9849100,0.0,0.0,5096.27001953125,,433.6576843261719,152.12522888183594,-0.0010528395658011916,0.08877285938970696,0.005229094697149161,0.0,0.008569447136586916,0
2024-03-01 05:00:00+00:00,152.54942158897856,153.2469894606807,151.8518537172764,152.82278442382812,5670100,0.0,0.0,5137.080078125,,440.1872253417969,152.82278442382812,0.004574922466806061,0.06996371164858449,0.00800782894888763,0.0,0.015056901449286508,0
2024-03-04 05:00:00+00:00,152.06867395003687,152.34203678461694,149.19358159591727,150.6735382080078,8532900,0.0,0.0,5130.9501953125,,438.6165771484375,150.6735382080078,-0.014163480638210827,0.12024559438722356,-0.0011932620709189656,0.0,-0.003568136699423241,0
2024-03-05 05:00:00+00:00,151.40881507260147,151.9932693075231,150.07025046855944,150.7960968017578,8298200,0.0,0.0,5078.64990234375,,430.74359130859375,150.7960968017578,0.0008130742620091266,0.11981709452395482,-0.010193100883444606,0.0,-0.017949585697440207,0
2024-03-06 05:00:00+00:00,150.31533752616204,151.70102313208528,150.08909580288264,150.20220947265625,5773700,0.0,0.0,5104.759765625,,433.4502258300781,150.20220947265625,-0.003946122535466584,0.11250997137030828,0.005141103203274655,0.0,0.006283632713516729,0
2024-03-07 05:00:00+00:00,150.82435689681535,151.16371227518246,149.16529414909374,149.7591552734375,5188700,0.0,0.0,5157.35986328125,,440.0292053222656,149.7591552734375,-0.0029540772478422682,0.11150308812651855,0.010304127925951478,0.0,0.015178166027225881,0
2024-03-08 05:00:00+00:00,149.75916982614635,151.1920053833454,149.34440050297823,150.3719024658203,5284000,0.0,0.0,5123.68994140625,,433.6773986816406,150.3719024658203,0.004083203173548223,0.1093957744945915,-0.0065285190034379825,0.0,-0.014434966051794507,0
2024-03-11 04:00:00+00:00,150.34361989385164,152.06867532188554,149.76860141784033,151.98382568359375,4620800,0.0,0.0,5117.93994140625,,432.0672607421875,151.98382568359375,0.010662529856327036,0.09402458395903944,-0.001122238087346461,0.0,-0.0037127550210084292,0
2024-03-12 04:00:00+00:00,152.3137616916336,153.75601857254375,151.88957102967169,153.40724182128906,8018700,0.0,0.0,5175.27001953125,,438.26092529296875,153.40724182128906,0.009321991354617563,0.1072602592666489,0.011201787981366396,0.0,0.014334954562727154,0
2024-03-13 04:00:00+00:00,153.2092681541315,153.35066023731957,150.64525289828845,151.8612823486328,6260000,0.0,0.0,5165.31005859375,,434.8924560546875,151.8612823486328,-0.01012860853136772,0.1384914762504963,-0.0019245297153407392,0.0,-0.00768599034018258,0
2024-03-14 04:00:00+00:00,151.7104504493581,152.27603315060168,149.58948295629912,150.0796661376953,6988300,0.0,0.0,5150.47998046875,,433.7960205078125,150.0796661376953,-0.011801227338050654,0.1699026962959042,-0.0028710915621273925,0.0,-0.0025211647882370514,0
2024-03-15 04:00:00+00:00,148.99560521027234,150.06080680464032,148.09066714842635,149.1087188720703,13165500,0.0,0.0,5117.08984375,,428.6395263671875,149.1087188720703,-0.006490563958331603,0.17213804143427375,-0.006482917484461503,0.0,-0.011886909738334395,0
2024-03-18 04:00:00+00:00,149.47638489622034,149.58949857153038,147.52508769472453,147.77017211914062,6602300,0.0,0.0,5149.419921875,,432.7276306152344,147.77017211914062,-0.009017521042686353,0.13611851492601273,0.006318059504952345,0.0,0.009537394469181226,0
2024-03-19 04:00:00+00:00,147.68533625254992,147.8644424935395,146.73326259391334,147.25172424316406,7840600,0.0,0.0,5178.509765625,,433.80572509765625,147.25172424316406,-0.0035146435980232134,0.051580546235498674,0.0056491496501236416,0.0,0.002491392751807986,0
2024-03-20 04:00:00+00:00,146.77095781276742,147.46852568140716,146.30906739897358,146.8275146484375,5982300,0.0,0.0,5224.6201171875,,438.94927978515625,146.8275146484375,-0.0028850039911613875,0.059465472469139836,0.008904173912846591,0.0,0.011856816058253061,0
2024-03-21 04:00:00+00:00,146.66727215112346,147.94927989158865,146.20538171633996,146.81809997558594,5915800,0.0,0.0,5241.52978515625,,441.0264587402344,146.81809997558594,-6.412268657130664e-05,0.05474444399146087,0.0032365354015160275,0.0,0.004732161665909951,0
2024-03-22 04:00:00+00:00,146.76153776046286,147.39311307056096,146.2147977046169,146.32791137695312,7248600,0.0,0.0,5234.18017578125,,441.5309143066406,146.32791137695312,-0.0033443337895000392,0.051622365241986205,-0.0014021878490156903,0.0,0.0011438215472314717,0
2024-03-25 04:00:00+00:00,146.48816722034266,147.03490730111923,146.01684105247318,146.31849670410156,7498100,0.0,0.0,5218.18994140625,,439.92852783203125,146.31849670410156,-6.434162589960484e-05,0.027922612847747833,-0.0030549644525015296,0.0,-0.003629160320802627,0
2024-03-26 04:00:00+00:00,146.68611676842403,147.27055655891888,145.88485660477699,146.83694458007812,6864100,0.0,0.0,5203.580078125,,438.50421142578125,146.83694458007812,0.003537020593644925,0.04378834240096077,-0.002799795225030266,0.0,-0.0032376086480888633,0
2024-03-27 04:00:00+00:00,147.0443258930305,149.1464363292962,146.5258642920507,148.90135192871094,8461600,0.0,0.0,5248.490234375,,439.99774169921875,148.90135192871094,0.013961268494736223,0.1062754948898354,0.008630626525532925,0.0,0.0034059656316214326,0
2024-03-28 04:00:00+00:00,149.12758540700398,150.01368083726788,149.042750155272,149.1181640625,6181500,0.0,0.0,5254.35009765625,,439.18670654296875,149.1181640625,0.0014550199594730354,0.10421895422272841,0.0011164855071790214,0.0,-0.001843271179342576,0
2024-04-01 04:00:00+00:00,148.6751021064762,149.08043563730314,147.77958541748566,148.73165893554688,4364700,0.0,0.0,5243.77001953125,,440.116455078125,148.73165893554688,-0.00259530349897827,0.10139439096492611,-0.0020135845401164643,0.0,0.0021169778622733837,0
2024-04-02 04:00:00+00:00,147.59107408397963,148.77881077622328,147.0066198906289,148.68453979492188,6102300,0.0,0.0,5205.81005859375,,436.3181457519531,148.68453979492188,-0.00031685658831200444,0.1019302020611419,-0.0072390590731691296,0.0,-0.008630237025556431,0
2024-04-03 04:00:00+00:00,148.74107406982603,148.98617283054134,145.4040918403855,145.41351318359375,8098200,0.0,0.0,5211.490234375,,437.2974548339844,145.41351318359375,-0.022245380191661206,0.20694000202319984,0.001091122364688113,0.0,0.0022444839655786364,0
2024-04-04 04:00:00+00:00,146.4033058561018,146.58241206935193,143.6696203234132,143.75445556640625,6947400,0.0,0.0,5147.2099609375,,430.61083984375,143.75445556640625,-0.01147482432822215,0.15634425944236682,-0.012334336350379616,0.0,-0.01529077042712923,0
2024-04-05 04:00:00+00:00,143.31141671813558,144.2352118718488,142.91550450940133,143.65077209472656,6783000,0.0,0.0,5204.33984375,,435.6851806640625,143.65077209472656,-0.0007215141980641177,0.1495119650853469,0.011099194174331695,0.0,0.011784052677711765,0
2024-04-08 04:00:00+00:00,143.2737370538649,144.26351052266276,142.86838906043073,142.89666748046875,5935400,0.0,0.0,5202.39013671875,,435.8136901855469,142.89666748046875,-0.005263396220253478,0.14516740822477964,-0.00037463099831791524,0.0,0.00029495958822489676,1
2024-04-09 04:00:00+00:00,142.85896502855562,143.78276029447073,142.28394652570643,143.5565185546875,6135300,0.0,0.0,5209.91015625,,437.426025390625,143.5565185546875,0.004607051158750714,0.1645143193596413,0.0014454931932483817,0.0,0.0036995974229072637,1
2024-04-10 04:00:00+00:00,142.84007856784092,143.11345574513714,141.17158024156575,141.5863494873047,6809500,0.0,0.0,5160.64013671875,,433.60797119140625,141.5863494873047,-0.013819040495274772,0.12032472327428069,-0.009456980649108493,0.0,-0.008728456876358037,1
2024-04-11 04:00:00+00:00,142.1519730388852,142.21795122188618,139.88017749069675,140.25723266601562,8374400,0.0,0.0,5199.06005859375,,440.5318603515625,140.25723266601562,-0.009431661802548934,0.11448859677055037,0.007444797710585593,0.0,0.015968085506204543,1
2024-04-12 04:00:00+00:00,139.5690997749544,140.52118782085896,138.7112827142574,139.06007385253906,7100200,0.0,0.0,5123.41015625,,433.5090026855469,139.06007385253906,-0.008572087129575308,0.10979613064168971,-0.01455068829580164,0.0,-0.015941770160303737,1
2024-04-15 04:00:00+00:00,139.861305178029,140.9170854446071,138.91865295870687,139.12603759765625,8502300,0.0,0.0,5061.81982421875,,426.3773193359375,139.12603759765625,0.00047424183766484133,0.12085263509875886,-0.01202135494776202,0.0,-0.016451061697517866,1
2024-04-16 04:00:00+00:00,136.69399010742436,137.86288401154576,135.16689814885964,136.16610717773438,12774900,0.0,0.0,5051.41015625,,426.41693115234375,136.16610717773438,-0.02150475082272272,0.127339822732643,-0.0020565070133361507,0.0,9.290319773103128e-05,0
2024-04-17 04:00:00+00:00,136.68457943260324,137.07107031619805,135.30830078671556,136.4677734375,9378100,0.0,0.0,5022.2099609375,,421.2140197753906,136.4677734375,0.002212977948277434,0.15035850734019124,-0.005780602724641426,0.0,-0.012201465272246192,0
2024-04-18 04:00:00+00:00,136.66571621323237,137.43869794565742,134.92181821879717,137.38214111328125,9887700,0.0,0.0,5011.1201171875,,418.8104553222656,137.38214111328125,0.006677899281050626,0.177456912539146,-0.002208160119998248,0.0,-0.005706278376979679,0
2024-04-19 04:00:00+00:00,137.7686266191553,139.6350885122052,136.2509558548223,139.42770385742188,9750800,0.0,0.0,4967.22998046875,,410.14556884765625,139.42770385742188,0.0147798210053692,0.21433816317211585,-0.00875854812743615,0.0,-0.020689279277762873,0
2024-04-22 04:00:00+00:00,139.99326469798586,141.65234167666586,138.8526636588736,140.5682830810547,10118700,0.0,0.0,5010.60009765625,,414.2702941894531,140.5682830810547,0.008147156286315727,0.2210340904659177,0.008731248071466746,0.0,0.010056735108429082,0
2024-04-23 04:00:00+00:00,141.26584599552908,141.85972142852887,139.70104003844597,140.98304748535156,10110400,0.0,0.0,5070.5498046875,,420.4524230957031,140.98304748535156,0.0029462812588749664,0.07987986293062076,0.011964576270872662,0.0,0.014922935563955297,0
2024-04-24 04:00:00+00:00,139.64452739046797,140.4457876921657,138.43793345681243,140.0121612548828,9756300,0.0,0.0,5071.6298828125,,421.87677001953125,140.0121612548828,-0.00691036760657838,0.12658796126920976,0.0002130100613548791,0.0,0.003387653027044024,0
2024-04-25 04:00:00+00:00,140.80395920263672,141.0019225000743,137.9383027479979,138.40020751953125,7642700,0.0,0.0,5048.419921875,,419.839111328125,138.40020751953125,-0.011579742341944912,0.17105496274276924,-0.004576430353515626,0.0,-0.004829985522340818,0
2024-04-26 04:00:00+00:00,138.28706869808437,138.7395377064675,137.58007957960362,137.75918579101562,6183000,0.0,0.0,5099.9599609375,,426.3179931640625,137.75918579101562,-0.004642412283032201,0.12536450283488002,0.01020914263474304,0.0,0.01543182057393877,0
2024-04-29 04:00:00+00:00,137.75919652263332,138.77726265860187,137.61780444141473,138.40020751953125,6149600,0.0,0.0,5116.169921875,,428.0489807128906,138.40020751953125,0.0046424122830321796,0.10804758683927933,0.0031784486665891176,0.0,0.004060320175512722,0
2024-04-30 04:00:00+00:00,138.45677757408473,138.45677757408473,136.2415388652366,136.298095703125,8817700,0.0,0.0,5035.68994140625,,419.9776306152344,136.298095703125,-0.015305175359856725,0.1205761951988835,-0.01573051358686217,0.0,-0.01885613670709807,0
2024-05-01 04:00:00+00:00,140.2101029119135,143.14175202801863,139.15432259539804,142.51016235351562,14470900,0.0,0.0,5018.39013671875,,416.9409484863281,142.51016235351562,0.0445689446862749,0.3835664045266217,-0.0034354388154940185,0.0,-0.0072305806489211255,0
2024-05-02 04:00:00+00:00,143.3208208294425,143.59419799690616,140.58713545718444,141.32240295410156,8459800,0.0,0.0,5064.2001953125,,422.26251220703125,141.32240295410156,-0.008369485943203133,0.37620216510531806,0.009128437077573048,0.0,0.012763351117280886,0
2024-05-03 04:00:00+00:00,141.29415663648044,141.29415663648044,139.34287380026677,140.709716796875,6532700,0.0,0.0,5127.7900390625,,430.7492980957031,140.709716796875,-0.004344803858439923,0.3757682094300301,0.012556739721478527,0.0,0.020098364508642108,0
2024-05-06 04:00:00+00:00,141.27529553310512,141.4449804265679,139.42770508084675,140.0592803955078,5042800,0.0,0.0,5180.740234375,,435.467529296875,140.0592803955078,-0.004633257741785553,0.3808751197024373,0.01032612390701182,0.0,0.010953543562417067,0
2024-05-07 04:00:00+00:00,140.81340764310204,141.14332732364093,139.9367335092064,140.19125366210938,7333500,0.0,0.0,5187.7001953125,,435.5367736816406,140.19125366210938,0.0009418235494231854,0.3495130051368915,0.0013434298232750663,0.0,0.0001590115912371015,0
2024-05-08 04:00:00+00:00,140.56829969444763,141.14331814547634,140.17238747330634,140.40805053710938,7735100,0.0,0.0,5187.669921875,,435.2795715332031,140.40805053710938,0.0015452420223007158,0.06617057415432519,-5.835618166138978e-06,0.0,-0.0005905406018035242,0
2024-05-09 04:00:00+00:00,140.43633717678227,141.49211754537484,140.35150192094164,141.25645446777344,6546200,0.0,0.0,5214.080078125,,436.2291259765625,141.25645446777344,0.006024234373881456,0.07093393277810656,0.005090947698625836,0.0,0.002181481754392367,0
2024-05-10 04:00:00+00:00,141.39783879121813,141.48267404239718,140.63429276314267,141.31300354003906,5710600,0.0,0.0,5222.68017578125,,437.2579040527344,141.31300354003906,0.00040024901076891124,0.06020433307291337,0.001649398844549843,0.0,0.0023583433909160068,0
2024-05-13 04:00:00+00:00,141.43552974585353,143.28313438652143,141.12446717756615,142.54786682128906,5628500,0.0,0.0,5221.419921875,,438.2667541503906,142.54786682128906,0.00870053748183662,0.05799555338862415,-0.00024130405535727206,0.0,0.0023072198085059004,0
2024-05-14 04:00:00+00:00,143.14176295852832,143.48111837479837,142.05770414201388,142.69871520996094,8254200,0.0,0.0,5246.68017578125,,441.0858154296875,142.69871520996094,0.0010576701859850944,0.057675753241480006,0.004837813139759728,0.0,0.006432295520023779,0
2024-05-15 04:00:00+00:00,143.11347283817227,144.1786601097006,142.62328963614115,143.9147186279297,5548000,0.0,0.0,5308.14990234375,,447.9800720214844,143.9147186279297,0.008485371378810171,0.06328360384304338,0.011715927882596233,0.0,0.015630193378766366,0
2024-05-16 04:00:00+00:00,144.22579457365492,145.52665928436835,143.59421929078542,145.43238830566406,7591000,0.0,0.0,5297.10009765625,,447.070068359375,145.43238830566406,0.010490401040469922,0.07499239092797177,-0.0020816677921287052,0.0,-0.0020313485329894743,0
2024-05-17 04:00:00+00:00,145.97912842069556,145.97912842069556,144.89508408364105,145.77174377441406,6521800,0.0,0.0,5303.27001953125,,446.85247802734375,145.77174377441406,0.0023307060922952653,0.06702037188859454,0.0011647735102702228,0.0,-0.00048670297439001864,0
2024-05-20 04:00:00+00:00,145.48668054107242,145.7622531008157,143.73816866200033,143.7476806640625,7742300,1.24,0.0,5308.1298828125,,449.9682312011719,143.7476806640625,-0.013982454483356594,0.15268837695510593,0.0009163899374069473,0.0,0.00697266620872905,0
2024-05-21 04:00:00+00:00,144.23230255688293,145.00202066125127,143.29152792932052,143.7191619873047,5492400,0.0,0.0,5321.41015625,,450.84857177734375,143.7191619873047,-0.0001984136785191138,0.15326830544497447,0.002501874243978186,0.0,0.0019564505116769215,0
2024-05-22 04:00:00+00:00,143.3390630996128,146.41795041798295,142.84493196827242,145.86679077148438,6609800,0.0,0.0,5307.009765625,,450.7596130371094,145.86679077148438,0.01483268189138475,0.17654523289664742,-0.002706123039226127,0.0,-0.00019731401140665739,0
2024-05-23 04:00:00+00:00,145.15407024893844,145.23959126204693,141.95165775807877,142.2557373046875,8000400,0.0,0.0,5267.83984375,,448.73187255859375,142.2557373046875,-0.025067408510054647,0.24487625401654048,-0.0073807894850155265,0.0,-0.0044984963600736005,0
2024-05-24 04:00:00+00:00,142.09419340705284,142.36026844901062,139.461935491968,139.6614990234375,9520600,0.0,0.0,5304.72021484375,,452.9752502441406,139.6614990234375,-0.018404774001910974,0.25299188947664475,0.0070010425881694704,0.0,0.00945637683668843,0
2024-05-28 04:00:00+00:00,139.49044706008516,139.49044706008516,136.9817290824054,137.20030212402344,10499800,0.0,0.0,5306.0400390625,,454.6864318847656,137.20030212402344,-0.01777971337782566,0.2594688263782107,0.0002488018529340774,0.0,0.0037776493079979545,0
2024-05-29 04:00:00+00:00,136.6681448785771,138.18857158860038,136.56361436413783,137.25730895996094,8263800,0.0,0.0,5266.9501953125,,451.4816589355469,137.25730895996094,0.00041541450814311024,0.2608616864108797,-0.007367046509680453,0.0,-0.007048314452521298,0
2024-05-30 04:00:00+00:00,137.4283588695626,138.36913355349992,136.85820425808777,138.0555419921875,8490300,0.0,0.0,5235.47998046875,,446.6448059082031,138.0555419921875,0.005798750521190122,0.21167282672904542,-0.005975035585443322,0.0,-0.010713287974416397,0
2024-05-31 04:00:00+00:00,138.33111322378193,140.1461218710464,137.97000519448267,139.37640380859375,14621200,0.0,0.0,5277.509765625,,445.8138732910156,139.37640380859375,0.009522131944106477,0.20935359854446375,0.00802787620486467,0.0,-0.0018603879552520075,0
2024-06-03 04:00:00+00:00,139.9275499832736,141.49549296067536,139.47142348984758,140.3931884765625,7329200,0.0,0.0,5283.39990234375,,448.20758056640625,140.3931884765625,0.0072687609576734665,0.175332721681461,0.0011160825806737495,0.0,0.005369297410419804,0
2024-06-04 04:00:00+00:00,140.1461165581439,140.93484409223848,138.9202720051539,140.45021057128906,8876400,0.0,0.0,5291.33984375,,449.4341125488281,140.45021057128906,0.0004060775200945346,0.06538129827064593,0.0015028090913065117,0.0,0.0027365266354306694,0
2024-06-05 04:00:00+00:00,140.61175625628087,140.63076575726186,138.5971841523187,138.71121215820312,5891300,0.0,0.0,5354.02978515625,,458.4945983886719,138.71121215820312,-0.012458891279064237,0.13982082902139684,0.011847649793331305,0.0,0.020159764439018568,0
2024-06-06 04:00:00+00:00,138.26460628895137,139.6900146012086,137.46638111408808,139.13885498046875,5016300,0.0,0.0,5352.9599609375,,458.3363342285156,139.13885498046875,0.0030782296678700696,0.13659257968440572,-0.00019981663563317653,0.0,-0.0003451821694573365,0
2024-06-07 04:00:00+00:00,139.38591940710893,140.92537023189638,139.06283033894482,139.7660369873047,5111600,0.0,0.0,5346.990234375,,457.9308166503906,139.7660369873047,0.004497469080517221,0.12202939397891258,-0.0011152197300303701,0.0,-0.0008847598321166661,0
2024-06-10 04:00:00+00:00,139.24338373876677,140.2221629407793,138.35963755636834,139.8135528564453,5749900,0.0,0.0,5360.7900390625,,459.780517578125,139.8135528564453,0.0003399094306181352,0.10701580257823566,0.0025808546645145203,0.0,0.0040392584654256325,0
2024-06-11 04:00:00+00:00,139.50944582667958,139.84204686441157,138.20757767898886,139.46192932128906,5661200,0.0,0.0,5375.31982421875,,462.93585205078125,139.46192932128906,-0.002518113786538378,0.10690584406744622,0.0027103813151374556,0.0,0.006862697204476742,0
2024-06-12 04:00:00+00:00,139.74700496782654,139.8895544749341,137.58038585979827,138.17906188964844,6180500,0.0,0.0,5421.02978515625,,468.9992370605469,138.17906188964844,-0.009241261932330623,0.08644145966838189,0.008503672791998707,0.0,0.013097678615525465,0
2024-06-13 04:00:00+00:00,137.85599322069157,138.73973939519382,136.72516699740152,138.2170867919922,6840400,0.0,0.0,5433.740234375,,471.5413818359375,138.2170867919922,0.0002751478467772304,0.08068099377844651,0.0023446558536817097,0.0,0.005420360150953485,0
2024-06-14 04:00:00+00:00,137.92250921727728,138.71123689865664,137.29532607304745,138.3026123046875,4075300,0.0,0.0,5431.60009765625,,473.9845275878906,138.3026123046875,0.0006185853355250583,0.06648249780872358,-0.000393860697500914,0.0,0.005181190550956005,0
2024-06-17 04:00:00+00:00,137.8084688417842,139.1483415298389,137.54239380443985,138.6922149658203,6666600,0.0,0.0,5473.22998046875,,479.79071044921875,138.6922149658203,0.0028130699904700125,0.07409533941030268,0.007664386564552705,0.0,0.012249730789474889,0
2024-06-18 04:00:00+00:00,138.7017315608699,139.1103416317523,138.03652944547594,138.40713500976562,6156600,0.0,0.0,5487.02978515625,,479.9391174316406,138.40713500976562,-0.0020576017710540956,0.07381154862042966,0.0025213273947457537,0.0,0.0003093160813449902,0
2024-06-20 04:00:00+00:00,138.0460355667466,140.71629791621663,137.79895553441006,140.43121337890625,8749700,0.0,0.0,5473.169921875,,476.23968505859375,140.43121337890625,0.014518189002911614,0.10382533476070448,-0.0025259318472709014,0.0,-0.0077081284660524,0
2024-06-21 04:00:00+00:00,140.53576211326074,141.66658840787073,140.04161648452282,141.35299682617188,15172300,0.0,0.0,5464.6201171875,,474.9637756347656,141.35299682617188,0.006542500977031125,0.10209429149234216,-0.001562130321101196,0.0,-0.0026791329321308455,0
2024-06-24 04:00:00+00:00,141.59053132349536,142.27472833955522,140.8018038049819,141.70455932617188,6914700,0.0,0.0,5447.8701171875,,469.5564270019531,141.70455932617188,0.0024840367136168013,0.09843467399499353,-0.003065171894990004,0.0,-0.011384760081094236,0
2024-06-25 04:00:00+00:00,141.76159198566108,141.78060148860925,139.63299165553863,139.8705596923828,5912500,0.0,0.0,5469.2998046875,,474.9261169433594,139.8705596923828,-0.013026900785423123,0.16254351933881436,0.003933590015736899,0.0,0.011435664879918539,0
2024-06-26 04:00:00+00:00,138.92978807060476,139.87056273698667,138.53067550001919,139.5189666748047,5267800,0.0,0.0,5477.89990234375,,475.90692138671875,139.5189666748047,-0.0025168674556307826,0.16324217862732196,0.0015724312002203256,0.0,0.0020651726834310935,0
2024-06-27 04:00:00+00:00,139.4999547688829,140.03210485383192,137.6374149715589,138.5496826171875,5739200,0.0,0.0,5482.8701171875,,477.1353454589844,138.5496826171875,-0.006971573285311499,0.12224989108199072,0.0009073212238914774,0.0,0.0025812275826671005,0
2024-06-28 04:00:00+00:00,138.77772690063284,139.75652047398808,138.40712137285797,138.8917694091797,10495700,0.0,0.0,5460.47998046875,,474.6585998535156,138.8917694091797,0.0024660119304614923,0.10505439102124346,-0.004083652583445674,0.0,-0.005190865923140109,0
2024-07-01 04:00:00+00:00,138.8062256864636,141.30543096475844,138.37859172439912,139.15782165527344,5144400,0.0,0.0,5475.08984375,,477.4425048828125,139.15782165527344,0.0019137041437200576,0.10306239111187951,0.0026755639309195,0.0,0.005865068135615825,0
2024-07-02 04:00:00+00:00,139.1483219941246,139.8325189940957,138.49264649415227,138.76821899414062,5492000,0.0,0.0,5509.009765625,,482.45550537109375,138.76821899414062,-0.002803644562602919,0.06149207349294144,0.006195317856513505,0.0,0.010499694595711873,0
2024-07-03 04:00:00+00:00,138.92977820461493,139.35739774987505,137.54238905777078,138.4451446533203,3246200,0.0,0.0,5537.02001953125,,486.4778137207031,138.4451446533203,-0.0023308723853742684,0.06132797714089299,0.005084444409779065,0.0,0.008337159188422039,0
2024-07-05 04:00:00+00:00,138.52116151856174,139.26237256146817,137.31431194870095,139.1958465576172,4888500,0.0,0.0,5567.18994140625,,491.5501708984375,139.1958465576172,0.005407729820108075,0.05496252315726309,0.005448765178485582,0.0,0.010426697856865674,0
2024-07-08 04:00:00+00:00,139.11982350461608,139.89905355225164,138.02701643781103,138.24557495117188,5260200,0.0,0.0,5572.85009765625,,492.71923828125,138.24557495117188,-0.006850277203276207,0.07478565839807413,0.0010166989647510949,0.0,0.002378327690692794,0
2024-07-09 04:00:00+00:00,138.4261230278106,139.8135265531461,137.96048451930753,139.7375030517578,5890400,0.0,0.0,5576.97998046875,,493.1452331542969,139.7375030517578,0.010734052131932265,0.11259351948720989,0.0007410719362856977,0.0,0.0008645793383932343,1
2024-07-10 04:00:00+00:00,139.93707193598866,142.0371797726971,139.3859123476217,141.99916076660156,6093200,0.0,0.0,5633.91015625,,498.2869873046875,141.99916076660156,0.016055463053778373,0.1482062887915982,0.010208065293514812,0.0,0.010426450069287885,1
2024-07-11 04:00:00+00:00,142.14170928720952,143.0919814328654,141.2484511502926,142.2557373046875,6350400,0.0,0.0,5584.5400390625,,487.3594665527344,142.2557373046875,0.0018052572497978293,0.13861315785058503,-0.008763028841120457,0.0,-0.021930174839728034,1
2024-07-12 04:00:00+00:00,142.5408316141575,143.37707579962824,141.81862995398026,142.4268035888672,5336400,0.0,0.0,5615.35009765625,,490.2226257324219,142.4268035888672,0.001201803975982889,0.14183515750224826,0.0055170270744306915,0.0,0.005874840597515529,1
2024-07-15 04:00:00+00:00,142.61685923320152,142.77840377367713,141.46702344510575,141.81863403320312,6711400,0.0,0.0,5631.22021484375,,491.540283203125,141.81863403320312,-0.004279192579430246,0.12940040826241622,0.0028262026252154904,0.0,0.0026878756743111687,1
2024-07-16 04:00:00+00:00,142.24625849447528,143.56713637050103,141.74261535109883,143.5006103515625,6469600,0.0,0.0,5667.2001953125,,491.7285461425781,143.5006103515625,0.011790272375832026,0.13247652640208263,0.006389375498743188,0.0,0.00038300612561448233,1
2024-07-17 04:00:00+00:00,144.0137420370787,149.65836072444452,143.8902020220348,148.79360961914062,13801400,0.0,0.0,5588.27001953125,,477.29388427734375,148.79360961914062,0.03622088685723156,0.25560799606599177,-0.013927543241993745,0.0,-0.02935493979039605,0
2024-07-18 04:00:00+00:00,147.8623559696768,149.25925722446763,146.93107879981446,147.69129943847656,10166200,0.0,0.0,5544.58984375,,475.03509521484375,147.69129943847656,-0.007435894550515037,0.2800392519392466,-0.007816403936922511,0.0,-0.0047324911064384745,0
2024-07-19 04:00:00+00:00,148.7270767420575,148.7270767420575,146.4559270703847,146.99758911132812,7398000,0.0,0.0,5505.0,,470.8245849609375,146.99758911132812,-0.004708094777305176,0.29132785061157146,-0.007140265531926926,0.0,-0.008863577231071673,0
2024-07-22 04:00:00+00:00,147.0736198695458,147.39670890989976,145.9522912294915,146.56997680664062,6840600,0.0,0.0,5564.41015625,,477.8387756347656,146.56997680664062,-0.002913214242674445,0.28834373566125476,0.01079203564940956,0.0,0.01489767292931421,0
2024-07-23 04:00:00+00:00,145.68622472496267,145.86677875808385,144.032760421648,144.7739715576172,6261900,0.0,0.0,5555.740234375,,476.1545715332031,144.7739715576172,-0.012329262440854884,0.31090330649443554,-0.001558102589770738,0.0,-0.0035246283630397945,0
2024-07-24 04:00:00+00:00,145.1635527375247,148.6320544104563,144.75494271715232,148.50851440429688,7168200,0.0,0.0,5427.1298828125,,459.0747375488281,148.50851440429688,0.025468583297471013,0.23624090570723305,-0.02314909375473495,0.0,-0.03587035598414701,0
2024-07-25 04:00:00+00:00,148.69856808093382,152.5946893319684,148.24244155154472,151.70143127441406,10019600,0.0,0.0,5399.22021484375,,454.0122375488281,151.70143127441406,0.021272028555555704,0.26802431444441727,-0.005142620237842288,0.0,-0.011027616172108679,0
2024-07-26 04:00:00+00:00,151.80597650313655,153.54497628383004,151.53990146018913,152.65171813964844,8356900,0.0,0.0,5459.10009765625,,458.6685485839844,152.65171813964844,0.0062446533256072636,0.2529653437756187,0.011090468702846357,0.0,0.010255915259675064,0
2024-07-29 04:00:00+00:00,152.01502750874198,152.04353451146278,150.1905068346046,150.67514038085938,5625000,0.0,0.0,5463.5400390625,,459.58990478515625,150.67514038085938,-0.013032843487629207,0.2872147256459963,0.0008133101292933098,0.0,0.002008762545451015,0
2024-07-30 04:00:00+00:00,150.65612122255587,153.51644931221742,150.48507921719428,153.30738830566406,6545700,0.0,0.0,5436.43994140625,,453.27911376953125,153.30738830566406,0.01731884874726057,0.24514957281250394,-0.004960171878030217,0.0,-0.013731352560006904,0
2024-07-31 04:00:00+00:00,151.90100197607188,152.3761380291719,149.8959272519898,150.00045776367188,8293200,0.0,0.0,5522.2998046875,,466.69329833984375,150.00045776367188,-0.021806633946359344,0.2987653964081067,0.0157933986591674,0.0,0.029593652482150068,0
2024-08-01 04:00:00+00:00,150.59911266527897,152.81324831473074,149.86741361589006,152.76573181152344,7213400,0.0,0.0,5446.68017578125,,455.3892822265625,152.76573181152344,0.01826723748193198,0.2870871860119687,-0.013693502993456064,0.0,-0.024221509401340713,0
2024-08-02 04:00:00+00:00,153.84904641947276,156.65236070043406,152.99380733375668,155.9776611328125,11280400,0.0,0.0,5346.56005859375,,444.5806579589844,155.9776611328125,0.020807215797813642,0.31937418329115635,-0.018381860868696753,0.0,-0.023734911403120562,0
2024-08-05 04:00:00+00:00,155.64506915975795,157.53611595936755,152.59470367647071,153.23138427734375,12032200,0.0,0.0,5186.330078125,,431.3249816894531,153.23138427734375,-0.017763704596038758,0.3368474420661852,-0.02996879838863975,0.0,-0.0298161335456798,0
2024-08-06 04:00:00+00:00,153.04135694402632,153.4499670733686,151.03628180933572,151.06478881835938,7607100,0.0,0.0,5240.02978515625,,435.4463195800781,151.06478881835938,-0.014240284718021847,0.32889986800813154,0.010354085880061037,0.0,0.009555064198883523,0
2024-08-07 04:00:00+00:00,150.9697229776406,152.63269914262372,150.32354491353354,150.99822998046875,5993000,0.0,0.0,5199.5,,430.73052978515625,150.99822998046875,-0.0004406950525258871,0.28356894153569606,-0.007734647858502863,0.0,-0.010829784482894511,0
2024-08-08 04:00:00+00:00,150.68465086032305,152.70872053306917,150.17149581652734,152.25259399414062,5094800,0.0,0.0,5319.31005859375,,443.90704345703125,152.25259399414062,0.008272829410640985,0.2532027420767708,0.023042611519136447,0.0,0.030591083660699292,0
2024-08-09 04:00:00+00:00,152.15756962096168,152.92728773033545,151.41635851563865,152.63270568847656,4579200,0.0,0.0,5344.16015625,,446.2252502441406,152.63270568847656,0.00249347470458115,0.17733960656991943,0.004671676849538509,0.0,0.00522227980222123,0
2024-08-12 04:00:00+00:00,152.96529747903207,153.65899203562424,150.81768780382836,151.92950439453125,7605400,0.0,0.0,5344.39013671875,,447.18621826171875,151.92950439453125,-0.004617792491999285,0.13385525113199587,4.303397765514916e-05,0.0,0.0021535491706314858,0
2024-08-13 04:00:00+00:00,152.30012718809206,152.39514570661416,148.66058297863026,150.51361083984375,9711400,0.0,0.0,5434.43017578125,,458.28216552734375,150.51361083984375,-0.009363108812040137,0.10683523642534247,0.016847579753558328,0.0,0.024812811335636953,0
2024-08-14 04:00:00+00:00,149.98145001748912,151.61591921928917,149.5728254670382,150.59912109375,5141200,0.0,0.0,5455.2099609375,,458.4307861328125,150.59912109375,0.0005679617441334995,0.10724712876219254,0.0038237284285767004,0.0,0.0003242993436101127,0
2024-08-15 04:00:00+00:00,150.49459014893438,151.56840227843105,149.99094708819743,151.1787872314453,7237800,0.0,0.0,5543.22021484375,,470.0121765136719,151.1787872314453,0.003841678496804166,0.08704649003400974,0.016133247764330783,0.0,0.025263116551478948,0
2024-08-16 04:00:00+00:00,151.22629916603145,151.98651973473113,150.31403158359157,151.4638671875,5012800,0.0,0.0,5554.25,,470.61651611328125,151.4638671875,0.00188393827644511,0.08541426639057426,0.001989779357261412,0.0,0.0012857956236200785,0
2024-08-19 04:00:00+00:00,151.53039579025037,152.31910887504083,151.21680425653776,151.6919403076172,4408400,0.0,0.0,5608.25,,476.798583984375,151.6919403076172,0.0015046596997860954,0.08251398359380022,0.009722284736913167,0.0,0.013136104788990632,0
2024-08-20 04:00:00+00:00,152.04355538160976,152.92730158726374,151.72996380863478,152.1956024169922,7275100,0.0,0.0,5597.1201171875,,475.7979431152344,152.1956024169922,0.0033147957697793906,0.021271639996342115,-0.0019845553982971165,0.0,-0.002098665773666464,0
2024-08-21 04:00:00+00:00,152.42365609024736,153.44995181304992,152.33813507168128,153.40243530273438,5019400,0.0,0.0,5620.85009765625,,478.01708984375,153.40243530273438,0.007898212753182645,0.040402416795065274,0.004239676828782013,0.0,0.004664052799358442,0
2024-08-22 04:00:00+00:00,153.94408657329998,154.409725141578,152.794250904696,154.2766876220703,6552100,0.0,0.0,5570.64013671875,,470.4382629394531,154.2766876220703,0.005682898884268173,0.042880251626929364,-0.008932805548120926,0.0,-0.015854719559867947,0
2024-08-23 04:00:00+00:00,154.41923705313215,156.0537064453256,153.65901637071605,155.9681854248047,7093400,0.0,0.0,5634.60986328125,,475.54034423828125,155.9681854248047,0.010904383668294451,0.058906260108206404,0.01148337085011919,0.0,0.010845379087467633,0
2024-08-26 04:00:00+00:00,156.00617907623229,157.46960632553254,155.40750297424557,156.42430114746094,6870600,0.0,0.0,5616.83984375,,470.9236755371094,156.42430114746094,0.0029201473555212597,0.05285803020622289,-0.0031537266931381813,0.0,-0.009708258735789954,0
2024-08-27 04:00:00+00:00,156.5487753592511,157.06581075769947,155.26574914712472,156.02215576171875,4388700,1.24,0.0,5625.7998046875,,472.3304443359375,156.02215576171875,-0.00257417294331879,0.08149358270478493,0.0015951960865450143,0.0,0.0029872543511932914,0
2024-08-28 04:00:00+00:00,156.07001300701938,157.9849824917681,155.79234886015624,156.95089721679688,5187000,0.0,0.0,5592.18017578125,,466.9707336425781,156.95089721679688,0.005934978570207918,0.07816776006441759,-0.00597597320797616,0.0,-0.011347375037183416,0
2024-08-29 04:00:00+00:00,157.63071383496106,157.71688395318662,156.4147041520119,157.24771118164062,7390100,0.0,0.0,5591.9599609375,,466.2871398925781,157.24771118164062,0.0018893403420792798,0.07940591925517809,-3.937906806072977e-05,0.0,-0.0014638899201833144,0
2024-08-30 04:00:00+00:00,157.14241222827346,158.92333467131888,156.84559425610914,158.80844116210938,7971000,0.0,0.0,5648.39990234375,,471.8450012207031,158.80844116210938,0.009876363142051247,0.07375814302427865,0.010093051774424433,0.0,0.011919396553388584,0
2024-09-03 04:00:00+00:00,158.21480765392596,160.67553621109667,157.76478858917997,160.0531768798828,6956500,0.0,0.0,5528.93017578125,,457.5193176269531,160.0531768798828,0.007807412182252241,0.07886500746851952,-0.02115107439771169,0.0,-0.030360994726421286,0
2024-09-04 04:00:00+00:00,160.67553996892372,161.67133245422704,158.9807875920538,160.2446746826172,6939100,0.0,0.0,5520.06982421875,,456.33050537109375,160.2446746826172,0.0011957484236462547,0.05945134767598724,-0.0016025435809103872,0.0,-0.002598387018990733,0
2024-09-05 04:00:00+00:00,160.09146672248764,160.2542373965506,157.82223226458788,157.97543334960938,4600400,0.0,0.0,5503.41015625,,456.7565002441406,157.97543334960938,-0.014262328130039626,0.15027312925583203,-0.003018017615584734,0.0,0.0009335226727840151,0
2024-09-06 04:00:00+00:00,158.15731824721612,158.88501598122,157.14238678669204,157.39134216308594,6016900,0.0,0.0,5408.419921875,,444.521240234375,157.39134216308594,-0.003704206655507529,0.15409243592907235,-0.01726024985928465,0.0,-0.02678727068629727,0
2024-09-09 04:00:00+00:00,157.83181312655384,160.29255642151548,157.47754837594093,159.5265655517578,7538200,0.0,0.0,5471.0498046875,,450.23760986328125,159.5265655517578,0.013475134386220207,0.1696844369357208,0.0115800702824842,0.0,0.012859609646306946,0
2024-09-10 04:00:00+00:00,160.37870270395436,161.297894532952,159.66058910975752,160.26380920410156,6559600,0.0,0.0,5495.52001953125,,454.3986511230469,160.26380920410156,0.004610801429059833,0.16287000953196867,0.004472672652839682,0.0,0.009241878440650941,0
2024-09-11 04:00:00+00:00,159.6988842126655,159.6988842126655,157.1136781609321,157.81265258789062,5920200,0.0,0.0,5554.1298828125,,464.26611328125,157.81265258789062,-0.015412678605843185,0.19615581539828103,0.010665025888896507,0.0,0.0217154301268625,0
2024-09-12 04:00:00+00:00,157.21899367729145,158.0807387218851,155.79235074433652,157.64028930664062,4540900,0.0,0.0,5595.759765625,,468.82330322265625,157.64028930664062,-0.001092798801418609,0.16919624603194458,0.007495302358939249,0.0,0.009815900430892643,0
2024-09-13 04:00:00+00:00,157.73604270375895,158.70309703997754,156.85515848847854,158.48287963867188,3693400,0.0,0.0,5626.02001953125,,470.9236755371094,158.48287963867188,0.0053307850239795625,0.17031797503934393,0.005407711405364557,0.0,0.004480093672851515,0
2024-09-16 04:00:00+00:00,159.28717600345252,160.13933691293664,158.73183305198233,159.89039611816406,5187800,0.0,0.0,5633.08984375,,468.8431396484375,159.89039611816406,0.008841983650689984,0.15175821195599062,0.0012566297656613212,0.0,-0.004417989573998193,0
2024-09-17 04:00:00+00:00,159.17228108868477,160.58935452570162,158.87544852324322,159.9669952392578,5066500,0.0,0.0,5634.580078125,,469.0908203125,159.9669952392578,0.0004789579645665511,0.1474033617166699,0.00026455008109871336,0.0,0.0005282804484421089,0
2024-09-18 04:00:00+00:00,159.54569330076674,161.19256828842722,158.69353243238905,159.08609008789062,4722800,0.0,0.0,5618.259765625,,467.05987548828125,159.08609008789062,-0.005522011416298158,0.0889524187563775,-0.002896455862498093,0.0,-0.004329534359392873,0
2024-09-19 04:00:00+00:00,159.16269505942404,159.29674234773438,157.4296498998191,157.81265258789062,4956100,0.0,0.0,5713.64013671875,,478.8691101074219,157.81265258789062,-0.008036916421519403,0.11271826701282961,0.01697685316676334,0.0,0.025284198534063274,0
2024-09-20 04:00:00+00:00,157.31477239960117,157.8605311967839,156.59665872274059,157.18072509765625,11839000,0.0,0.0,5702.5498046875,,477.9576721191406,157.18072509765625,-0.0040123277679602,0.10529357434742785,-0.0019410273951238066,0.0,-0.001903313387820682,0
2024-09-23 04:00:00+00:00,157.41049521676248,157.5062495407499,155.80192776619572,156.28067016601562,4671600,0.0,0.0,5718.56982421875,,479.224609375,156.28067016601562,-0.005742700177982261,0.05026481291449917,0.0028092730585327352,0.0,0.002650731078846613,0
2024-09-24 04:00:00+00:00,155.868944588405,156.53919563827867,154.6816727836065,155.859375,6041600,0.0,0.0,5732.93017578125,,481.53619384765625,155.859375,-0.002699400018441103,0.03185780738047441,0.0025111788443470395,0.0,0.004823593003020044,0
2024-09-25 04:00:00+00:00,156.070006390449,156.37640850784663,153.5422473621471,153.7720489501953,5420000,0.0,0.0,5722.259765625,,481.9826354980469,153.7720489501953,-0.013482854187533122,0.0673003729042619,-0.0018612489301417234,0.0,0.0009271196144642335,0
2024-09-26 04:00:00+00:00,153.427371212922,154.6720897778661,153.2167233859188,154.52847290039062,6122000,0.0,0.0,5745.3701171875,,485.6037902832031,154.52847290039062,0.004907065764926148,0.10463239383883051,0.00403867571712313,0.0,0.007513039928117804,0
2024-09-27 04:00:00+00:00,155.1125368824988,156.4817331273372,154.48059341100793,154.5380401611328,7553800,0.0,0.0,5738.169921875,,482.9052734375,154.5380401611328,6.191069132965557e-05,0.10901372940932282,-0.0012532169669905446,0.0,-0.005557034149443862,0
2024-09-30 04:00:00+00:00,154.7008247129483,155.2848764098711,153.84864922320168,155.16998291015625,6010000,0.0,0.0,5762.47998046875,,484.2148132324219,155.16998291015625,0.004080899292009608,0.11763128674770706,0.004236552581176722,0.0,0.0027117943558578883,0
2024-10-01 04:00:00+00:00,155.52424734351888,155.83064948898271,154.3273913566603,155.10296630859375,4408000,0.0,0.0,5708.75,,477.4685363769531,155.10296630859375,-0.0004319848235137261,0.11718603769577586,-0.009324107094664358,0.0,-0.01393240493910819,0
2024-10-02 04:00:00+00:00,154.6433666468811,155.22743296630276,153.8199291245827,154.3178253173828,4684400,0.0,0.0,5709.5400390625,,478.1432189941406,154.3178253173828,-0.005074918670979454,0.06358119232703653,0.00013839090212397487,0.0,0.0014130409980666059,0
2024-10-03 04:00:00+00:00,153.94440989137405,154.57635338596907,153.40822072386032,153.6763153076172,4791200,0.0,0.0,5699.93994140625,,477.7860412597656,153.6763153076172,-0.00416573468676359,0.05823831432882133,-0.001681413492255035,0.0,-0.000747009933815157,0
2024-10-04 04:00:00+00:00,152.84329091341598,153.67629794669372,152.02942305534512,153.4752197265625,5331100,0.0,0.0,5751.06982421875,,483.47076416015625,153.4752197265625,-0.0013094227887567795,0.05731218209671867,0.008970249395274354,0.0,0.011898051448723468,0
2024-10-07 04:00:00+00:00,153.43693353430973,154.0209998251453,152.45072539553036,152.74754333496094,4266000,0.0,0.0,5695.93994140625,,478.2920227050781,152.74754333496094,-0.00475260398025062,0.03375027547766356,-0.009586022165882668,0.0,-0.010711591763101103,1
2024-10-08 04:00:00+00:00,152.70927802912882,153.43696132242454,152.1922279809481,152.90077209472656,4766300,0.0,0.0,5751.1298828125,,485.43511962890625,152.90077209472656,0.0010026475846071222,0.04163624504064972,0.009689347495581924,0.0,0.014934593480001812,1
2024-10-09 04:00:00+00:00,153.12095601057734,154.36568907949305,152.72838376552454,153.81991577148438,6047200,0.0,0.0,5792.0400390625,,489.25469970703125,153.81991577148438,0.005993377456850377,0.06941909293327203,0.007113411987488272,0.0,0.007868363708511517,1
2024-10-10 04:00:00+00:00,154.4997505060455,154.52847388172302,153.197570571783,153.68588256835938,4793900,0.0,0.0,5780.0498046875,,488.6991271972656,153.68588256835938,-0.0008717442879887123,0.06249138246244707,-0.002070122839989974,0.0,-0.001135548641838957,1
2024-10-11 04:00:00+00:00,155.2848650599134,155.74446824529676,154.3465341240228,154.59548950195312,5253500,0.0,0.0,5815.02978515625,,489.46307373046875,154.59548950195312,0.005901164686945291,0.07297007176054694,0.006051847587953629,0.0,0.001563224672784802,1
2024-10-14 04:00:00+00:00,154.5380445700316,155.2465885985896,154.0593021585878,154.72955322265625,5964000,0.0,0.0,5859.85009765625,,493.57037353515625,154.72955322265625,0.0008668145838857394,0.050211429798220776,0.0077076668832223305,0.0,0.008391439569451986,1
2024-10-15 04:00:00+00:00,153.19756699965725,159.6605893574553,152.2400822059094,157.12326049804688,10548000,0.0,0.0,5815.259765625,,486.972900390625,157.12326049804688,0.015351821000038455,0.1002468863656062,-0.007609466332438197,0.0,-0.013366833785580345,0
2024-10-16 04:00:00+00:00,157.0274987010338,157.9754138613499,155.72531885911073,157.29559326171875,5982100,0.0,0.0,5842.47021484375,,487.0323791503906,157.29559326171875,0.0010961987735031424,0.10450743444278558,0.004679145956573816,0.0,0.00012213977352315553,0
2024-10-17 04:00:00+00:00,157.27646080968216,157.98500487906432,156.6732552713482,157.4775390625,4798000,0.0,0.0,5841.47021484375,,487.3697204589844,157.4775390625,0.0011560441623533159,0.09881556384911733,-0.00017116047891174713,0.0,0.0006926465734828913,0
2024-10-18 04:00:00+00:00,157.87966662206372,158.26265469448518,156.96047479417044,158.09988403320312,5908000,0.0,0.0,5864.669921875,,490.56427001953125,158.09988403320312,0.00394417174327555,0.09851071012890147,0.00397155273894878,0.0,0.006554673847071202,0
2024-10-21 04:00:00+00:00,158.0807517413792,158.22436862227744,155.40936087619903,155.90725708007812,6082700,0.0,0.0,5853.97998046875,,491.5068054199219,155.90725708007812,-0.013965686148430993,0.16598435198595055,-0.0018227694906369774,0.0,0.001921329085693646,0
2024-10-22 04:00:00+00:00,155.41893713877533,156.76897958045865,155.01678067267747,156.50088500976562,5680300,0.0,0.0,5851.2001953125,,492.04254150390625,156.50088500976562,0.003800340414795483,0.1189071305989116,-0.0004748538883844189,0.0,0.0010899871132541428,0
2024-10-23 04:00:00+00:00,155.89769358501152,158.94248845954036,155.51469087088046,158.80844116210938,7441600,0.0,0.0,5797.419921875,,484.5025329589844,158.80844116210938,0.014637038354292337,0.16310902546607922,-0.009191323428069387,0.0,-0.015323895616578542,0
2024-10-24 04:00:00+00:00,157.98498910665833,158.4733010860943,156.39556086135312,156.71153259277344,5386300,0.0,0.0,5809.85986328125,,488.4313049316406,156.71153259277344,-0.013291960043671908,0.19622896794501885,0.002145772011323821,0.0,0.008108878087101479,0
2024-10-25 04:00:00+00:00,156.72109139232177,156.95089298391477,153.78162090973848,154.04014587402344,6400400,0.0,0.0,5808.1201171875,,491.4075927734375,154.04014587402344,-0.017193487355108346,0.21891213852168706,-0.00029944716993013376,0.0,0.0060935648713453805,0
2024-10-28 04:00:00+00:00,154.27953418709438,155.0838179319058,154.15505648490011,154.72955322265625,4842500,0.0,0.0,5823.52001953125,,491.4869689941406,154.72955322265625,0.004465519098953087,0.21140820909042607,0.0026514435020339455,0.0,0.0001615282748381741,0
2024-10-29 04:00:00+00:00,154.59550128538734,155.2753073075725,153.25501380759857,153.2837371826172,5216900,0.0,0.0,5832.919921875,,496.2093811035156,153.2837371826172,-0.009388079697228924,0.21124511372935906,0.001614127248163344,0.0,0.00960841773493959,0
2024-10-30 04:00:00+00:00,152.6709456158437,154.42314452066108,152.2688037604844,153.78163146972656,5820500,0.0,0.0,5813.669921875,,492.459228515625,153.78163146972656,0.0032429233269693327,0.1555311192369694,-0.003300233889343751,0.0,-0.007557601147222814,0
2024-10-31 04:00:00+00:00,153.1879847682105,154.0305613823281,152.6805190382117,153.06350708007812,8613900,0.0,0.0,5705.4501953125,,480.0281982421875,153.06350708007812,-0.004680704437144867,0.1431265123784173,-0.018614700871699585,0.0,-0.025242760321310675,0
2024-11-01 04:00:00+00:00,153.75291725765334,154.2125058897296,153.08268079211308,153.32205200195312,5256400,0.0,0.0,5728.7998046875,,483.5799255371094,153.32205200195312,0.0016877099822773186,0.09357349631695522,0.004092509543626166,0.0,0.007398997200430912,0
2024-11-04 05:00:00+00:00,152.91030967197577,153.465652572988,151.34961948453443,151.51239013671875,4644000,0.0,0.0,5712.68994140625,,482.171142578125,151.51239013671875,-0.011873219522011274,0.10532582132737045,-0.002812083478299976,0.0,-0.002913237056769158,0
2024-11-05 05:00:00+00:00,150.96663949981158,151.84752383750802,149.70276705357225,151.61773681640625,6547100,0.0,0.0,5782.759765625,,488.3221435546875,151.61773681640625,0.0006950591482774065,0.09812870116957262,0.012265644545291332,0.0,0.012756883258657314,0
2024-11-06 05:00:00+00:00,153.1018027302796,154.01142491329492,150.66022835288177,151.16769409179688,8926600,0.0,0.0,5929.0400390625,,501.5865173339844,151.16769409179688,-0.002972686332187652,0.0855856885827737,0.025295927786425976,0.0,0.027163162585133405,0
2024-11-07 05:00:00+00:00,151.73263360352172,152.000728207303,149.85595676699248,150.0666046142578,7522800,0.0,0.0,5973.10009765625,,509.4836120605469,150.0666046142578,-0.007310551196623376,0.08993510812545605,0.007431229727488331,0.0,0.015744232457716167,0
2024-11-08 05:00:00+00:00,150.32510367673314,150.40170420888361,148.80270645164373,148.8601531982422,8926100,0.0,0.0,5995.5400390625,,510.07891845703125,148.8601531982422,-0.008071930231151115,0.07713852623474317,0.0037568333092317108,0.0,0.001168450529893894,0
2024-11-11 05:00:00+00:00,149.00376818651625,150.8804446754029,148.32396221359355,148.44842529296875,7146800,0.0,0.0,6001.35009765625,,509.7814025878906,148.44842529296875,-0.0027697025801849896,0.05730015872793969,0.0009690634297987444,0.0,-0.0005832741922379148,0
2024-11-12 05:00:00+00:00,147.9601433488424,148.44845539785976,145.89197241760348,146.15049743652344,7181400,0.0,0.0,5983.990234375,,508.858642578125,146.15049743652344,-0.015600698340065954,0.08276719448576482,-0.00289265965137242,0.0,-0.0018101092057914991,0
2024-11-13 05:00:00+00:00,146.01643157637207,146.98348596194532,144.98234624216516,146.7249755859375,7161900,0.0,0.0,5985.3798828125,,508.203857421875,146.7249755859375,0.003923024896960243,0.11421907053705412,0.00023222772482434095,0.0,-0.0012867722024578754,0
2024-11-14 05:00:00+00:00,146.6675107246232,147.06008298852743,144.35039932386343,145.4132080078125,7716400,0.0,0.0,5949.169921875,,504.6719665527344,145.4132080078125,-0.008980519958870038,0.11605805678872251,-0.006049734794859041,0.0,-0.006949752186175773,0
2024-11-15 05:00:00+00:00,144.4844433989031,147.86436340854468,144.4844433989031,147.45265197753906,11328500,0.0,0.0,5870.6201171875,,492.647705078125,147.45265197753906,0.013927720612924686,0.181522696296225,-0.013203489851361216,0.0,-0.02382589537664148,0
2024-11-18 05:00:00+00:00,146.10261673628088,148.72613061026115,145.85367592300716,148.18994140625,7510600,0.0,0.0,5893.6201171875,,496.0704650878906,148.18994140625,0.0049877181007948156,0.18743904507300643,0.003917814394541086,0.0,0.006947682846148329,0
2024-11-19 05:00:00+00:00,147.4047858843799,147.44309345901232,145.58557056093258,146.49517822265625,8233700,0.0,0.0,5916.97998046875,,499.4833068847656,146.49517822265625,-0.011502324046353655,0.16764191828300373,0.003963584828470035,0.0,0.0068797520454484395,0
2024-11-20 05:00:00+00:00,146.52389384961083,146.73454166877198,145.35576125610208,146.60049438476562,9061300,0.0,0.0,5917.10986328125,,499.1955871582031,146.60049438476562,0.000718647025423718,0.16500791276473473,2.195086225209586e-05,0.0,-0.0005760347194724291,0
2024-11-21 05:00:00+00:00,147.0888094097328,149.4250746451893,146.31324906404043,148.88888549804688,10141100,0.0,0.0,5948.7099609375,,500.99127197265625,148.88888549804688,0.015489131049459457,0.17389697584131306,0.0053404615405816536,0.0,0.003597156827197745,0
2024-11-22 05:00:00+00:00,149.27188159946877,150.4400142800186,147.5579901541049,148.5729217529297,8266000,0.0,0.0,5969.33984375,,501.794921875,148.5729217529297,-0.0021243995447202202,0.15688203453293734,0.003467959094991535,0.0,0.001604119567152118,0
2024-11-25 05:00:00+00:00,148.57291610380778,150.36340802195508,148.54419272833388,149.156982421875,12256200,0.0,0.0,5987.3701171875,,502.5885314941406,149.156982421875,0.003923431338098101,0.15557378372294695,0.003020480305938378,0.0,0.0015815417505127272,0
2024-11-26 05:00:00+00:00,149.75540196105325,149.84226350679788,147.82506684341334,149.1376953125,5683500,1.24,0.0,6021.6298828125,,505.2870788574219,149.1376953125,-0.00012931581313065817,0.11124388725501573,0.005722005647630368,0.0,0.0053692975350208005,0
2024-11-27 05:00:00+00:00,149.24386162613231,151.17419670876055,149.21490777807594,149.98703002929688,4140400,0.0,0.0,5998.740234375,,501.3087463378906,149.98703002929688,0.005678815071787901,0.10876455547822776,-0.003801238017440034,0.0,-0.00787341035620237,0
2024-11-29 05:00:00+00:00,149.49479557302908,150.24762505535648,148.79987378514417,149.61061096191406,5687800,0.0,0.0,6032.3798828125,,505.71368408203125,149.61061096191406,-0.0025128319716187166,0.05822373555287142,0.005607785488815242,0.0,0.00878687590495697,0
2024-12-02 05:00:00+00:00,149.35966714746309,149.6009590168451,148.56822274679237,149.40792846679688,6946500,0.0,0.0,6047.14990234375,,511.2198486328125,149.40792846679688,-0.0013556519040265377,0.05585995976862533,0.0024484564662998753,0.0,0.010887908957369907,0
2024-12-03 05:00:00+00:00,149.40794398540086,149.40794398540086,147.00467141491126,147.0529327392578,8674400,0.0,0.0,6049.8798828125,,512.7872924804688,147.0529327392578,-0.01588773138610437,0.1261178530036271,0.0004514491145146682,0.0,0.003066085661282747,0
2024-12-04 05:00:00+00:00,146.02018948393368,146.2807888412993,144.53383796417515,145.228759765625,10333100,0.0,0.0,6086.490234375,,519.1268920898438,145.228759765625,-0.012482455836098878,0.13919589607073296,0.006051417924264779,0.0,0.012363020110558676,0
2024-12-05 05:00:00+00:00,144.77513544062865,145.14190382981053,143.7617065470866,144.31185913085938,7898100,0.0,0.0,6075.10986328125,,517.6883544921875,144.31185913085938,-0.006333506526656152,0.10006436457833034,-0.0018697756269248078,0.0,-0.0027710712343664845,0
2024-12-06 05:00:00+00:00,144.18637654653605,144.8233906501293,143.21156264421623,144.10916137695312,8389600,0.0,0.0,6090.27001953125,,522.3214111328125,144.10916137695312,-0.0014055687544588277,0.10392483650545765,0.0024954538421815275,0.0,0.008949509102188946,0
2024-12-09 05:00:00+00:00,144.08985429782848,145.63412823914575,143.26947073242502,144.38906860351562,8410300,0.0,0.0,6052.85009765625,,518.2538452148438,144.38906860351562,0.001940443893952941,0.11788474372751973,-0.006144213927296471,0.0,-0.00778747688927206,0
2024-12-10 05:00:00+00:00,144.70756625576044,145.57622590246075,143.1633069848849,144.03195190429688,9398700,0.0,0.0,6034.91015625,,516.48779296875,144.03195190429688,-0.002476358214716966,0.08753463186412903,-0.002963883313944371,0.0,-0.0034076973328805993,0
2024-12-11 05:00:00+00:00,143.3273777161118,143.3273777161118,141.27156617149208,141.53216552734375,13446700,0.0,0.0,6084.18994140625,,525.7343139648438,141.53216552734375,-0.017508153721868057,0.11920898020705321,0.008165786048233592,0.0,0.017902690290016565,0
2024-12-12 05:00:00+00:00,142.07265547376997,142.62280802723592,140.92410377284637,141.14610290527344,6176300,0.0,0.0,6051.25,,522.34130859375,141.14610290527344,-0.0027314647442982275,0.11971036516088582,-0.005414022527810203,0.0,-0.006453840430359792,0
2024-12-13 05:00:00+00:00,140.5863105473898,141.81206274688867,139.98789664468356,141.5128631591797,8324900,0.0,0.0,6051.08984375,,526.3394775390625,141.5128631591797,0.002595073949635341,0.1290926972896577,-2.6466639124200775e-05,0.0,0.007654322718753326,0
2024-12-16 05:00:00+00:00,141.61904351263104,142.12093480843086,138.52086363947126,138.83937072753906,8732400,0.0,0.0,6074.080078125,,533.9190673828125,138.83937072753906,-0.01907296004399629,0.15541806669313848,0.0037993543260221863,0.0,0.014400572571886316,0
2024-12-17 05:00:00+00:00,138.82967806838184,141.55145726011725,138.7042163184176,141.31016540527344,10343000,0.0,0.0,6050.60986328125,,531.5678100585938,141.31016540527344,0.017639570481339868,0.24112398898265874,-0.003863994965801476,0.0,-0.0044037710354571935,0
2024-12-18 05:00:00+00:00,140.6056065967046,141.6286966068757,139.63079263848962,139.7080078125,9336100,0.0,0.0,5872.16015625,,512.3905639648438,139.7080078125,-0.01140264299495982,0.22245434958579702,-0.02949284635160343,0.0,-0.036076763360889275,0
2024-12-19 05:00:00+00:00,139.11922673253628,140.16160927896524,138.37604372005455,138.5787353515625,9516700,0.0,0.0,5867.080078125,,510.1086730957031,138.5787353515625,-0.00811593571944104,0.2259205485652524,-0.0008651123249070469,0.0,-0.004453420944139808,0
2024-12-20 05:00:00+00:00,138.06720811453977,140.4029116007374,137.7776549310487,139.437744140625,17702800,0.0,0.0,5930.85009765625,,514.5631713867188,139.437744140625,0.006179572694532357,0.2334906612751969,0.010869123768910471,0.0,0.008732449624866412,0
2024-12-23 05:00:00+00:00,139.59217804236087,140.267792336278,138.45327275208308,140.2098846435547,8720800,0.0,0.0,5974.06982421875,,519.576416015625,140.2098846435547,0.00552225290452567,0.1872297048514698,0.007287273468533639,0.0,0.009742719470956063,0
2024-12-24 05:00:00+00:00,139.94928558321214,140.76968383789062,139.30262513434346,140.76968383789062,3164100,0.0,0.0,6040.0400390625,,526.621826171875,140.76968383789062,0.003984630897081892,0.13222410369415963,0.01104275925539211,0.0,0.01355991137988477,0
2024-12-26 05:00:00+00:00,140.44151018897102,141.27155478412448,140.03614162770347,140.5090789794922,4656300,0.0,0.0,6037.58984375,,526.2640991210938,140.5090789794922,-0.001853001132087973,0.09633998664415178,-0.00040565878647391695,0.0,-0.0006792864120001019,0
2024-12-27 05:00:00+00:00,139.82380553357908,141.49355584680043,139.64042135939863,139.99754333496094,5588300,0.0,0.0,5970.83984375,,519.2684326171875,139.99754333496094,-0.0036472309092756205,0.07123381482962686,-0.011055736101235558,0.0,-0.01329307189221085,0
2024-12-30 05:00:00+00:00,139.7948427757816,139.83345771908768,137.9706769776421,138.3470916748047,6268700,0.0,0.0,5906.93994140625,,512.3621215820312,138.3470916748047,-0.01185919034078646,0.10981453719138332,-0.010701995701766776,0.0,-0.01330007872873662,0
2024-12-31 05:00:00+00:00,138.75247488981566,139.6307808518437,138.3181524590472,139.58251953125,5811400,0.0,0.0,5881.6298828125,,508.0097351074219,139.58251953125,0.008890279723155247,0.12506364323618951,-0.004284800394927402,0.0,-0.00849474676459383,0
2025-01-02 05:00:00+00:00,140.17127770359986,140.6924764224552,138.77178771612694,139.00343322753906,6051300,0.0,0.0,5868.5498046875,,507.0160827636719,139.00343322753906,-0.004157331925927128,0.11821212447006967,-0.0022238866412221947,0.0,-0.0019559710672470976,0
2025-01-03 05:00:00+00:00,139.05169559339697,139.53427936699416,138.61735841532905,139.16751098632812,5878800,0.0,0.0,5942.47021484375,,515.3135375976562,139.16751098632812,0.0011796902676607108,0.12122104776773591,0.01259602672149196,0.0,0.016365269497480517,0
2025-01-06 05:00:00+00:00,138.5112066141361,139.77558862905587,137.95140759990116,138.65599060058594,7910500,0.0,0.0,5975.3798828125,,521.2359619140625,138.65599060058594,-0.0036823448039777803,0.1212528430214915,0.005538045085450305,0.0,0.011492856065874024,0
2025-01-07 05:00:00+00:00,138.75247910938674,142.0533503018113,138.5884023962084,141.13644409179688,8422000,0.0,0.0,5909.02978515625,,511.93487548828125,141.13644409179688,0.017731133295654195,0.14763573799550947,-0.01110391288210788,0.0,-0.01784429146374733,0
2025-01-08 05:00:00+00:00,140.4222327932336,140.51874071230193,136.51330125240716,137.31439208984375,11175600,0.0,0.0,5918.25,,512.0243530273438,137.31439208984375,-0.027453981570247563,0.2567881950845886,0.001560360190925314,0.0,0.00017478305024076768,0
2025-01-10 05:00:00+00:00,136.08863427498304,138.66563005036227,135.77977356781338,137.11170959472656,8821500,0.0,0.0,5827.0400390625,,503.9952392578125,137.11170959472656,-0.001477137420430084,0.2569139629092259,-0.01541164380306681,0.0,-0.01568111696652541,0
2025-01-13 05:00:00+00:00,137.99963932323428,140.01685050760713,137.35297889223335,139.437744140625,10376400,0.0,0.0,5836.22021484375,,502.3754577636719,139.437744140625,0.016822231014654833,0.2933661671614605,0.0015754440882007614,0.0,-0.003213882528981693,0
2025-01-14 05:00:00+00:00,139.46671591645077,139.76591551118565,137.88384166745942,139.7080078125,8681700,0.0,0.0,5842.91015625,,501.89849853515625,139.7080078125,0.0019363630249086311,0.2911584003601134,0.0011462798112440442,0.0,-0.0009494079002959621,1
2025-01-15 05:00:00+00:00,140.2484872782462,140.9627165311371,139.2350584562741,139.9203338623047,7434600,0.0,0.0,5949.91015625,,513.4453125,139.9203338623047,0.0015186306891441358,0.25473123154073857,0.018312792279639112,0.0,0.023006273177832437,1
2025-01-16 05:00:00+00:00,139.29299277424568,142.91237121378492,139.04203977697296,142.62281799316406,8964000,0.0,0.0,5937.33984375,,509.8481140136719,142.62281799316406,0.01913029235490222,0.15256270869076324,-0.0021126894641922966,0.0,-0.007006001221070868,1
2025-01-17 05:00:00+00:00,142.3043068272754,143.2115666863725,141.5032159884405,141.90858459472656,10773100,0.0,0.0,5996.66015625,,518.4535522460938,141.90858459472656,-0.005020429324223715,0.16719588167288624,0.009991058969353706,0.0,0.016878434961105082,1
2025-01-21 05:00:00+00:00,142.4201176828794,143.67483841127958,141.9278875467793,142.98956298828125,11111700,0.0,0.0,6049.240234375,,521.4943237304688,142.98956298828125,0.007588561667948711,0.1438102310875535,0.008768227105582893,0.0,0.0058650798537331905,1
2025-01-22 05:00:00+00:00,138.98411781419193,140.40291519506144,137.15995185697216,140.2098846435547,16834700,0.0,0.0,6086.3701171875,,528.1620483398438,140.2098846435547,-0.01963116550815414,0.22920341012906187,0.006137941522227575,0.0,0.012785804765194753,0
2025-01-23 05:00:00+00:00,140.3739674407519,142.75793240990325,139.7659071861939,141.53216552734375,10506400,0.0,0.0,6118.7099609375,,529.2849731445312,141.53216552734375,0.009386533472662146,0.23758931844509323,0.00531348622041139,0.0,0.0021260990035485428,0
2025-01-24 05:00:00+00:00,141.696225741214,142.4876700900607,141.28121082214997,141.7058868408203,9887300,0.0,0.0,6101.240234375,,526.2938232421875,141.7058868408203,0.0012266807641694532,0.18605460965450668,-0.002855132319398823,0.0,-0.005651303275384989,0
2025-01-27 05:00:00+00:00,143.27913685564982,148.10497517835472,142.84481435206436,147.56448364257812,15152300,0.0,0.0,6012.27978515625,,510.9710693359375,147.56448364257812,0.040511567254531596,0.3430771340656985,-0.014580715690809543,0.0,-0.029114447537794574,0
2025-01-28 05:00:00+00:00,147.34247217275632,147.64167173750818,145.0646763132196,145.1418914794922,10320600,0.0,0.0,6067.7001953125,,518.5231323242188,145.1418914794922,-0.01655343161506001,0.38440865459075474,0.009217869449967608,0.0,0.014779825006719038,0
2025-01-29 05:00:00+00:00,145.2577025845351,146.58963839073303,144.77511885501838,145.8850555419922,7156400,0.0,0.0,6039.31005859375,,517.5493774414062,145.8850555419922,0.005107194955391619,0.3287998213429163,-0.004678895760321544,0.0,-0.0018779391354205588,0
2025-01-30 05:00:00+00:00,146.61861336868796,148.77093298890944,146.0877682442507,147.545166015625,8911000,0.0,0.0,6071.169921875,,519.7553100585938,147.545166015625,0.01131531835860234,0.32962010031591393,0.005275414405311762,0.0,0.004262265038541546,0
2025-01-31 05:00:00+00:00,147.3038496003761,147.8443410090171,146.7633581917351,146.8502197265625,8457800,0.0,0.0,6040.52978515625,,519.0000610351562,146.8502197265625,-0.004721185273668838,0.3402197373833707,-0.005046825754019935,0.0,-0.0014530857286525478,0
2025-02-03 05:00:00+00:00,146.70546306261699,147.15909297526994,145.52795750985246,146.57998657226562,6687500,0.0,0.0,5994.56982421875,,514.846435546875,146.57998657226562,-0.0018418910179972855,0.16740950129075088,-0.007608597684666707,0.0,-0.008003131020826393,0
2025-02-04 05:00:00+00:00,146.08775838820736,148.80952317315663,145.69203616511683,148.14356994628906,9645000,0.0,0.0,6037.8798828125,,521.1663208007812,148.14356994628906,0.010610607866812225,0.11463287440951472,0.007224881828679752,0.0,0.012275282137659493,0
2025-02-05 05:00:00+00:00,148.46206682902104,149.34035803117018,147.969821995434,149.3017578125,8947000,0.0,0.0,6061.47998046875,,523.5313110351562,149.3017578125,0.007787607412093793,0.1176647168117206,0.003908672930614365,0.0,0.004537880020222929,0
2025-02-06 05:00:00+00:00,149.39827027274904,149.44653159302166,148.03739529569998,148.16285705566406,7418100,0.0,0.0,6083.56982421875,,526.2640991210938,148.16285705566406,-0.007657423874751013,0.1265138176230308,0.003644298722618622,0.0,0.005219913362075834,0
2025-02-07 05:00:00+00:00,148.18216018471236,149.1087274340039,147.4775920567086,147.78643798828125,6204900,0.0,0.0,6025.990234375,,519.6260986328125,147.78643798828125,-0.0025438092042745627,0.12132685512412315,-0.009464770111542897,0.0,-0.012613439714712182,0
2025-02-10 05:00:00+00:00,148.25938663555067,148.9929086652504,146.98535841170133,148.86744689941406,6936200,0.0,0.0,6066.43994140625,,525.9161987304688,148.86744689941406,0.007288046784958904,0.12385609448712238,0.006712541085862833,0.0,0.012105050370268433,0
2025-02-11 05:00:00+00:00,148.74197722622773,150.94255814351325,148.57790050392794,150.69161987304688,7554500,0.0,0.0,6068.5,,524.6641845703125,150.69161987304688,0.012179204201614745,0.13018968067640246,0.00033958278885926063,0.0,-0.0023806343352392734,0
2025-02-12 05:00:00+00:00,149.86155929365853,150.23797402314958,148.8963918101136,149.85189819335938,7746000,0.0,0.0,6051.97021484375,,524.9722290039062,149.85189819335938,-0.005588035105159852,0.13634445863297895,-0.0027238667143857365,0.0,0.0005871268568600208,0
2025-02-13 05:00:00+00:00,149.8518944615661,152.62193508491228,149.39826457741387,151.7725830078125,10704700,0.0,0.0,6115.06982421875,,532.5243530273438,151.7725830078125,0.012735775080226525,0.1341046797265547,0.010426292122230674,0.0,0.014385759105328466,0
2025-02-14 05:00:00+00:00,151.81119739989842,151.98493521702002,150.62404543750512,150.71090698242188,6411800,0.0,0.0,6114.6298828125,,534.7601928710938,150.71090698242188,-0.0070197575749018385,0.1521298711462085,-7.194380749464546e-05,0.0,0.004198568255215918,0
2025-02-18 05:00:00+00:00,149.96177679957768,151.23626468246152,149.08617874352478,150.7887420654297,9670700,1.24,0.0,6129.580078125,,535.9724731445312,150.7887420654297,0.0005163195710692773,0.15026675287621544,0.0024449877750611915,0.0,0.002266960573353183,0
2025-02-19 05:00:00+00:00,150.79846163495475,154.0090124968627,150.5552383097371,153.61012268066406,7974700,0.0,0.0,6144.14990234375,,536.1215209960938,153.61012268066406,0.018537923362457624,0.17978059479845548,0.0023769693899173827,0.0,0.0002780886314701636,0
2025-02-20 05:00:00+00:00,152.69561349734732,155.61429364643396,152.69561349734732,155.3516082763672,7224000,0.0,0.0,6117.52001953125,,533.845947265625,155.3516082763672,0.01127326697421331,0.16317911680958344,-0.0043341850761716705,0.0,-0.004244511069506851,0
2025-02-21 05:00:00+00:00,155.5461889335318,159.07778159453383,154.96244700278118,157.9005889892578,12546900,0.0,0.0,6013.1298828125,,522.7661743164062,157.9005889892578,0.016274663010407905,0.17240400142951862,-0.01706412670256352,0.0,-0.02075462594774702,0
2025-02-24 05:00:00+00:00,158.27028004687892,160.40091881814757,157.6573673427363,159.3015594482422,10201900,0.0,0.0,5983.25,,516.5953369140625,159.3015594482422,0.008833354852537573,0.1120477718982501,-0.00496910650440241,0.0,-0.01180420177417374,0
2025-02-25 05:00:00+00:00,159.65181175594168,161.9186402982549,159.49614525019376,161.58786010742188,12303700,0.0,0.0,5955.25,,510.08660888671875,161.58786010742188,0.014250013919338398,0.06138972264444444,-0.004679730915472358,0.0,-0.012599277543278498,0
2025-02-26 05:00:00+00:00,160.60521021574706,160.65385784447201,158.15351521069508,158.659423828125,11396400,0.0,0.0,5956.06005859375,,511.3188781738281,158.659423828125,-0.018289103788143992,0.22426500811210057,0.00013602428004699796,0.0,0.0024158040333559505,0
2025-02-27 05:00:00+00:00,157.9103175626223,159.50586206584,157.3460376371317,159.2918243408203,8364600,0.0,0.0,5861.56982421875,,497.1187744140625,159.2918243408203,0.003977976814233616,0.22036450688053152,-0.015864553655509872,0.0,-0.027771522558449613,0
2025-02-28 05:00:00+00:00,159.85608375934913,161.4419044698759,158.28972507001143,160.54684448242188,12037200,0.0,0.0,5954.5,,504.9690246582031,160.54684448242188,0.007847872726020751,0.20044515110408215,0.01585414463498891,0.0,0.015791498225737888,0
2025-03-03 05:00:00+00:00,160.48850051821015,162.79425310739774,160.37174321642055,162.74560546875,9191500,0.0,0.0,5849.72021484375,,493.9190673828125,162.74560546875,0.01360251307642751,0.21127052421962186,-0.0175967394669998,0.0,-0.02188244572599274,0
2025-03-04 05:00:00+00:00,163.5239198311518,165.38214973546795,160.83873946731583,160.93601989746094,11999700,0.0,0.0,5778.14990234375,,492.42852783203125,160.93601989746094,-0.011181384933890643,0.2127848395616467,-0.012234826602200433,0.0,-0.0030177809467436534,0
2025-03-05 05:00:00+00:00,160.05068422605132,161.9478381887641,159.09725287252516,160.64414978027344,8744800,0.0,0.0,5842.6298828125,,498.8478698730469,160.64414978027344,-0.0018152250968937343,0.15056752813318625,0.011159277893187936,0.0,0.013036088849842864,0
2025-03-06 05:00:00+00:00,160.52738148858535,161.37379384052454,159.07776524482028,161.3348846435547,8037900,0.0,0.0,5738.52001953125,,485.1248474121094,161.3348846435547,0.004290564596285781,0.15077882627311284,-0.017819007085749905,0.0,-0.02750943381682658,0
2025-03-07 05:00:00+00:00,160.65388903997257,163.89362578587057,160.2355371659095,162.17160034179688,9637600,0.0,0.0,5770.2001953125,,488.6922302246094,162.17160034179688,0.005172802418521951,0.14597547893269155,0.00552061780274804,0.0,0.0073535355517866385,0
2025-03-10 04:00:00+00:00,162.9401676061837,165.294567637911,162.5218306080433,163.15420532226562,17559000,0.0,0.0,5614.56005859375,,469.7522888183594,163.15420532226562,0.006040762530139069,0.1146702527643924,-0.0269730913054258,0.0,-0.03875637924004838,0
2025-03-11 04:00:00+00:00,162.66776347857538,162.76505875064484,160.5760487356501,161.3640899658203,9890300,0.0,0.0,5572.06982421875,,468.6293640136719,161.3640899658203,-0.01103255834719466,0.11371589120887239,-0.007567865323653167,0.0,-0.002390461593092308,0
2025-03-12 04:00:00+00:00,159.29182023694912,159.75881972232855,157.83248024677997,158.43568420410156,8010700,0.0,0.0,5599.2998046875,,473.9158935546875,158.43568420410156,-0.018314507087877675,0.17756592901421459,0.004886869929446425,0.0,0.011280832886223946,0
2025-03-13 04:00:00+00:00,158.99994473690649,160.0798568926511,158.25082758516842,158.57188415527344,5286700,0.0,0.0,5521.52001953125,,465.38995361328125,158.57188415527344,0.0008592852231084384,0.17050246440589928,-0.013890984206835322,0.0,-0.017990407279772747,0
2025-03-14 04:00:00+00:00,157.72546026726332,158.727539199118,156.73311976951868,158.39675903320312,6235800,0.0,0.0,5638.93994140625,,476.63861083984375,158.39675903320312,-0.0011049997761798526,0.1556692024695218,0.021265869083087807,0.0,0.024170391172452454,0
2025-03-17 04:00:00+00:00,158.0076120830635,159.0680622686795,157.34603688747066,158.4259490966797,6669800,0.0,0.0,5675.1201171875,,479.7290344238281,158.4259490966797,0.00018426749604815806,0.13426862538510015,0.006416130719105961,0.0,0.0064837877454766435,0
2025-03-18 04:00:00+00:00,159.00968826991965,160.39119501744185,158.55242721709214,159.7977294921875,7348800,0.0,0.0,5614.66015625,,471.5509033203125,159.7977294921875,0.008621538778780913,0.15729300939759808,-0.010653512117636543,0.0,-0.01704739658573684,0
2025-03-19 04:00:00+00:00,159.52531543168692,159.90474322450672,157.81302856963381,158.57188415527344,5936400,0.0,0.0,5675.2900390625,,477.86090087890625,158.57188415527344,-0.007700806498649225,0.09238603105824422,0.010798495567894584,0.0,0.013381370948848614,0
2025-03-20 04:00:00+00:00,158.58159693865755,158.7761726161735,157.5405940539295,158.60105895996094,7485900,0.0,0.0,5662.89013671875,,476.2411804199219,158.60105895996094,0.00018396780307437563,0.0921936580075539,-0.0021848931523151816,0.0,-0.003389522884180929,0
2025-03-21 04:00:00+00:00,158.58162197668406,159.68099625372687,158.07571325912787,159.19454956054688,17047100,0.0,0.0,5667.56005859375,,477.8111877441406,159.19454956054688,0.003735050294189334,0.09478410622535126,0.0008246534476661349,0.0,0.0032966643557250652,0
2025-03-24 04:00:00+00:00,158.4259400015963,159.93392757223305,158.09515984537686,158.86373901367188,8046400,0.0,0.0,5767.56982421875,,488.2964782714844,158.86373901367188,-0.0020801889342223117,0.09734774079289685,0.017646000146633645,0.0,0.02194442239171357,0
2025-03-25 04:00:00+00:00,159.0875220297203,159.739358781659,156.20775123106108,156.65528869628906,7456200,0.0,0.0,5776.64990234375,,491.08294677734375,156.65528869628906,-0.013999069405443884,0.1107512207480572,0.0015743334544251475,0.0,0.005706509528234038,0
2025-03-26 04:00:00+00:00,156.8401486890274,158.08545103073016,156.28559233544456,157.33631896972656,7223500,0.0,0.0,5712.2001953125,,482.04669189453125,157.33631896972656,0.004337895184082653,0.11795974260448495,-0.011156934922627149,0.0,-0.018400669259870495,0
2025-03-27 04:00:00+00:00,157.94924372823283,159.6226215034605,156.9471647500084,158.70809936523438,6752500,0.0,0.0,5693.31005859375,,479.2999572753906,158.70809936523438,0.00868098868795215,0.1393745612988857,-0.003306980860763864,0.0,-0.005698067563425169,0
2025-03-28 04:00:00+00:00,159.1556273411305,160.06042592033606,158.49406695648568,159.2723846435547,5760300,0.0,0.0,5580.93994140625,,466.6810607910156,159.2723846435547,0.003549185557248324,0.1390780302552645,-0.01973722070834405,0.0,-0.02632776467602438,0
2025-03-31 04:00:00+00:00,159.9144805497099,162.11322909532817,159.77827606995103,161.34463500976562,12481400,0.0,0.0,5611.85009765625,,466.66119384765625,161.34463500976562,0.012926819823344805,0.1630185485862565,0.005538521570653376,0.0,-4.2570708409961355e-05,0
2025-04-01 04:00:00+00:00,156.37315537949164,157.42388205545032,148.97917428799886,149.09591674804688,23303100,0.0,0.0,5633.06982421875,,470.4229431152344,149.09591674804688,-0.0789528319084106,0.6157492388744514,0.0037812354559083605,0.0,0.008060985822631261,0
2025-04-02 04:00:00+00:00,149.83528506528043,151.56703387395896,149.29046721695548,151.14869689941406,10356900,0.0,0.0,5670.97021484375,,473.8563232421875,151.14869689941406,0.013674264547217811,0.6326766141783657,0.006728194715792668,0.0,0.00729849633654478,0
2025-04-03 04:00:00+00:00,154.44680531172344,156.29529657108586,153.21122671258118,155.48780822753906,13249300,0.0,0.0,5396.52001953125,,448.48907470703125,155.48780822753906,0.02830322491689281,0.6789606322883571,-0.04839563335990149,0.0,-0.05353362884679935,0
2025-04-04 04:00:00+00:00,154.84570846579808,155.4878216368075,148.78457223350892,149.086181640625,16601700,0.0,0.0,5074.080078125,,420.6339416503906,149.086181640625,-0.04204278585499353,0.722363982529854,-0.05974960534553109,0.0,-0.0621088330297378,0
2025-04-07 04:00:00+00:00,147.1792988166815,148.57054397010987,143.40446802169475,146.5371856689453,18083000,0.0,0.0,5062.25,,421.6490173339844,146.5371856689453,-0.017245315668892387,0.6843217691060381,-0.0023314724921273955,0.0,0.00241320441144377,1
2025-04-08 04:00:00+00:00,149.42668937844223,149.42668937844223,143.98821899414062,145.9340057373047,12018400,0.0,0.0,4982.77001953125,,414.0557861328125,145.9340057373047,-0.004124719319630036,0.4331569300789699,-0.015700524562941354,0.0,-0.018008416690219242,1
2025-04-09 04:00:00+00:00,138.34542251739794,149.03752509158932,137.6644001851633,146.87770080566406,18773700,0.0,0.0,5456.89990234375,,463.7552185058594,146.87770080566406,0.006445769172830663,0.4170124408325451,0.09515387644904849,0.0,0.12003076406014834,1
2025-04-10 04:00:00+00:00,146.29396909214825,147.1014723585021,141.19601741107385,144.65951538085938,13830500,0.0,0.0,5268.0498046875,,444.03070068359375,144.65951538085938,-0.015217461834204356,0.2876100243996297,-0.03460757958472693,0.0,-0.04253217437814427,1
2025-04-11 04:00:00+00:00,145.2821579701608,148.22029988673702,144.17306020425994,147.61709594726562,9943900,0.0,0.0,5363.35986328125,,452.21112060546875,147.61709594726562,0.02023892030077322,0.24816254197323148,0.018092095201708958,0.0,0.01842309531588948,1
2025-04-14 04:00:00+00:00,147.4808931450617,150.47740631813335,147.072279736712,150.17581176757812,10685300,0.0,0.0,5405.97021484375,,455.2762756347656,150.17581176757812,0.017184954539057103,0.23475354926531394,0.007944712390868913,0.0,0.006778150491285828,1
2025-04-15 04:00:00+00:00,151.47949153017248,152.0632334778731,147.97708437949197,149.45587158203125,10847700,0.0,0.0,5396.6298828125,,455.7838134765625,149.45587158203125,-0.004805510304909648,0.23644702714285604,-0.0017277808903947145,0.0,0.0011147908840389853,0
2025-04-16 04:00:00+00:00,151.15843785474706,151.41139963137073,148.1132917072422,149.73802185058594,7986900,0.0,0.0,5275.7001953125,,442.0403137207031,149.73802185058594,0.0018860702600429697,0.23662609094604933,-0.0224083715440897,0.0,-0.030153549444919214,0
2025-04-17 04:00:00+00:00,149.9812331535937,155.11810853732888,149.9812331535937,153.20150756835938,10981100,0.0,0.0,5282.7001953125,,441.9607238769531,153.20150756835938,0.02286685162839968,0.19380341908551085,0.0013268380955802073,0.0,-0.0001800510977835179,0
2025-04-21 04:00:00+00:00,153.67822968223672,153.9409001804085,151.27518208299085,152.66641235351562,6285400,0.0,0.0,5158.2001953125,,431.02362060546875,152.66641235351562,-0.003498868144590718,0.1993602769556386,-0.023567493023827546,0.0,-0.024746776536028525,0
2025-04-22 04:00:00+00:00,153.2793470326259,154.41763044672643,152.02430632426632,153.4739227294922,7136300,0.0,0.0,5287.759765625,,442.33892822265625,153.4739227294922,0.00527543845880217,0.1766336211977879,0.025117204723895226,0.0,0.02625217523181811,0
2025-04-23 04:00:00+00:00,152.24807928113609,152.8415447934777,150.14662617069615,151.1681671142578,9099400,0.0,0.0,5375.85986328125,,452.37030029296875,151.1681671142578,-0.015137761475598902,0.22020981052598734,0.01666113847096007,0.0,0.022678022281735766,0
2025-04-24 04:00:00+00:00,151.57678926088408,151.67406969029523,149.2807603253007,150.73036193847656,8310400,0.0,0.0,5484.77001953125,,465.09869384765625,150.73036193847656,-0.002900348564513569,0.223346349901024,0.020259113708281262,0.0,0.02813711144706943,0
2025-04-25 04:00:00+00:00,150.13691512332085,150.70118022596543,148.31759438866158,150.38986206054688,8643600,0.0,0.0,5525.2099609375,,470.2835998535156,150.38986206054688,-0.002261555325214028,0.11614722185541601,0.007373133469998461,0.0,0.01114796939756113,0
2025-04-28 04:00:00+00:00,151.2849051047744,151.58649964647577,149.65045151935777,151.13897705078125,5815200,0.0,0.0,5528.75,,470.13433837890625,151.13897705078125,0.004968788615208317,0.13161853543651963,0.0006407067039131409,0.0,-0.0003173860935313799,0
2025-04-29 04:00:00+00:00,151.23626989541486,152.76371959682837,150.10771003458157,151.68380737304688,5246700,0.0,0.0,5560.830078125,,473.23931884765625,151.68380737304688,0.0035983481968111463,0.12619609779691093,0.005802410694099036,0.0,0.006604453696057222,0
2025-04-30 04:00:00+00:00,153.9117200490407,153.9117200490407,150.8179264212635,152.0729522705078,9598200,0.0,0.0,5569.06005859375,,473.1795959472656,152.0729522705078,0.0025622153120841732,0.056464223088551445,0.00147999135976562,0.0,-0.00012620020782727615,0
2025-05-01 04:00:00+00:00,150.79847295546213,150.88602979627174,149.20292841606295,150.2731170654297,7325800,0.0,0.0,5604.14013671875,,479.35968017578125,150.2731170654297,-0.011905935934480336,0.10918321095084918,0.006299102138585644,0.0,0.013060758074624035,0
2025-05-02 04:00:00+00:00,151.83947450772436,152.47184925651504,150.8373806848308,151.8881072998047,5974500,0.0,0.0,5686.669921875,,486.4752502441406,151.8881072998047,0.010689694658375281,0.13295050703949798,0.01472657412963474,0.0,0.014843906074349267,0
2025-05-05 04:00:00+00:00,152.42319194810284,152.53993439396783,150.5357765656926,150.7984619140625,5464100,0.0,0.0,5650.3798828125,,483.5892028808594,150.7984619140625,-0.007199857566524758,0.14338872769281846,-0.006381597588933863,0.0,-0.005932567714046821,0
2025-05-06 04:00:00+00:00,150.62334023116017,151.67405187838798,149.52396610717955,150.28282165527344,8644200,0.0,0.0,5606.91015625,,479.09100341796875,150.28282165527344,-0.003425259496821649,0.139509669840191,-0.007693239651855532,0.0,-0.009301695397857856,0
2025-05-07 04:00:00+00:00,150.5455131054373,153.65876866577935,150.31201337147158,153.03611755371094,7853100,0.0,0.0,5631.27978515625,,480.97186279296875,153.03611755371094,0.018154959460486952,0.20098993242108137,0.00434635623313584,0.0,0.003925891660626846,0
2025-05-08 04:00:00+00:00,151.5962487740799,152.77344141312827,150.58443137777405,151.44058227539062,7606100,0.0,0.0,5663.93994140625,,485.9378662109375,151.44058227539062,-0.010480604158299878,0.19528021247265476,0.005799775094835535,0.0,0.010324935411255787,0
2025-05-09 04:00:00+00:00,151.20709623082035,151.82974743683212,149.64073720309423,150.0396270751953,6520400,0.0,0.0,5659.91015625,,485.619384765625,150.0396270751953,-0.009293912110302645,0.1877301277276896,-0.0007114809122162891,0.0,-0.0006553954064041356,0
2025-05-12 04:00:00+00:00,147.8992476319424,151.148707779188,147.08200595545642,149.96177673339844,9023800,0.0,0.0,5844.18994140625,,505.40362548828125,149.96177673339844,-0.0005189998617075435,0.18301059327890856,0.032558782749008364,0.0,0.04074022031102564,0
2025-05-13 04:00:00+00:00,147.5879172387248,147.5879172387248,144.06604808573897,144.41629028320312,10549600,0.0,0.0,5886.5498046875,,513.1063842773438,144.41629028320312,-0.03768040615498609,0.32033431620753205,0.0072482009835321826,0.0,0.015240806358721048,0
2025-05-14 04:00:00+00:00,144.6400509154053,144.78599382334744,142.1591699321315,142.39266967773438,10216000,0.0,0.0,5892.580078125,,516.1814575195312,142.39266967773438,-0.014111513020652576,0.22113124469458656,0.001024415597859818,0.0,0.005993051999379162,0
2025-05-15 04:00:00+00:00,143.98820664200468,145.59347462933604,143.336369920384,145.5545654296875,7945800,0.0,0.0,5916.93017578125,,516.748779296875,145.5545654296875,0.021962515773693955,0.3435688235152437,0.004132332074135769,0.0,0.0010990743062913033,0
2025-05-16 04:00:00+00:00,145.6129445411787,147.39334113632552,145.17514550683833,147.2279510498047,8051200,0.0,0.0,5958.3798828125,,518.997802734375,147.2279510498047,0.011431036673764772,0.36894696701591545,0.007005272294898557,0.0,0.004352256894656126,0
2025-05-19 04:00:00+00:00,147.7727644229513,148.52189642911543,146.95553760450343,148.35650634765625,12639900,0.0,0.0,5963.60009765625,,519.4954833984375,148.35650634765625,0.0076361307469784735,0.3779261473192091,0.0008761131291423752,0.0,0.0009589263411915461,0
2025-05-20 04:00:00+00:00,148.20083168038465,149.86447083723303,147.99651756445562,149.49478149414062,7351500,0.0,0.0,5940.4599609375,,517.7638549804688,149.49478149414062,0.007643281962665761,0.20849263342985197,-0.0038802294486252054,0.0,-0.003333288687402569,0
2025-05-21 04:00:00+00:00,149.0375552082151,150.2439336276162,148.85270307100328,149.02781677246094,7032200,0.0,0.0,5844.60986328125,,510.5686340332031,149.02781677246094,-0.003128507558633838,0.14302019488972983,-0.01613513066101424,0.0,-0.013896723145220391,0
2025-05-22 04:00:00+00:00,148.51214528121932,149.16399680757792,147.26684313728586,148.47323608398438,7535300,0.0,0.0,5842.009765625,,511.5240173339844,148.47323608398438,-0.003728264660168044,0.11005416003706109,-0.00044487103794299543,0.0,0.0018712142444674562,0
2025-05-23 04:00:00+00:00,148.85268274928774,149.31966740126413,148.0841035336355,148.7943115234375,6727300,0.0,0.0,5802.81982421875,,506.78692626953125,148.7943115234375,0.002160179050099102,0.08791558733231254,-0.006708297825321674,0.0,-0.00926074026619983,0
2025-05-27 04:00:00+00:00,149.6578031550245,151.1492679480594,149.07886375742697,150.3740997314453,6990700,1.3,0.0,5921.5400390625,,518.7091674804688,150.3740997314453,0.010561294794527809,0.10096906859506757,0.0204590558452733,0.0,0.023525155431094902,0
2025-05-28 04:00:00+00:00,150.40352805427477,150.75677285026757,149.0788563261916,149.56947326660156,8459300,0.0,0.0,5888.5498046875,,516.4103393554688,149.56947326660156,-0.005365198439971583,0.10307137518918247,-0.005571225417268844,0.0,-0.004431824747123891,0
2025-05-29 04:00:00+00:00,148.90223155564834,151.14925040607753,148.71579473504596,150.69789123535156,6810600,0.0,0.0,5912.169921875,,517.4254760742188,150.69789123535156,0.007516123391183537,0.10956469830533926,0.004011194261904327,0.0,0.001965755991673257,0
2025-05-30 04:00:00+00:00,151.0118885418378,152.7879344461785,150.34465668844726,152.2973175048828,15529700,0.0,0.0,5911.68994140625,,516.609375,152.2973175048828,0.010557534109938307,0.10755199192835424,-8.118516130162234e-05,0.0,-0.0015772340403696905,0
2025-06-02 04:00:00+00:00,151.58100078655963,152.62110627080844,149.4419181827181,152.48373413085938,6669300,0.0,0.0,5935.93994140625,,520.6896362304688,152.48373413085938,0.0012232824069773917,0.10934833985898916,0.0041020419271569075,0.0,0.007898155604452173,0
2025-06-03 04:00:00+00:00,151.8950141846294,152.7388759568056,151.18852456269389,151.5221405029297,8209800,0.0,0.0,5970.3701171875,,524.7598876953125,151.5221405029297,-0.006326172716482018,0.11950429725354073,0.005800290454605506,0.0,0.007817039521489821,0
2025-06-04 04:00:00+00:00,152.02255175157072,152.02255175157072,150.2563428162781,150.3446502685547,6983900,0.0,0.0,5970.81005859375,,526.2228393554688,150.3446502685547,-0.007801429255752874,0.12920630623653231,7.36874595066439e-05,0.0,0.0027878496326794178,0
2025-06-05 04:00:00+00:00,150.79599634124082,151.19830577433518,149.77551982351054,150.77638244628906,5295400,0.0,0.0,5939.2998046875,,522.2620239257812,150.77638244628906,0.00286750128126695,0.11826482806862786,-0.005277383403094138,0.0,-0.0075268786024924594,0
2025-06-06 04:00:00+00:00,151.1100272577506,153.1019309647165,151.1100272577506,152.12069702148438,5391500,0.0,0.0,6000.35986328125,,527.3673095703125,152.12069702148438,0.008876436869038568,0.10915486882801104,0.010280683010067904,0.0,0.009775333856663515,0
2025-06-09 04:00:00+00:00,151.9440663702561,153.06267235085258,151.5515638501274,152.31692504882812,5319000,0.0,0.0,6005.8798828125,,528.1436157226562,152.31692504882812,0.0012891182974301262,0.10921115561184774,0.0009199480792858594,0.0,0.0014720407166994853,0
2025-06-10 04:00:00+00:00,152.513190491746,154.48548037607026,152.11089593856136,153.51405334472656,6791600,0.0,0.0,6038.81005859375,,531.6366577148438,153.51405334472656,0.007828732173687354,0.10551243047545997,0.00548298940767844,0.0,0.006613810880602866,0
2025-06-11 04:00:00+00:00,153.3668508220171,153.66122396588617,151.8263065201517,152.3463592529297,6016000,0.0,0.0,6022.240234375,,529.8452758789062,152.3463592529297,-0.007635507681536194,0.10448231720350527,-0.002743888954607865,0.0,-0.003369560413003625,0
2025-06-12 04:00:00+00:00,153.30797636857517,153.7397066695454,152.2580490016518,153.7200927734375,7075500,0.0,0.0,6045.259765625,,531.0892333984375,153.7200927734375,0.008976761329298241,0.1138802600761154,0.0038224199557175265,0.0,0.0023477750508726913,0
2025-06-13 04:00:00+00:00,153.0430563433094,154.71115101983074,153.0430563433094,154.15185546875,6587500,0.0,0.0,5976.97021484375,,524.4215698242188,154.15185546875,0.002804821815270695,0.10485433119368358,-0.011296379879250695,0.0,-0.01255469543517651,0
2025-06-16 04:00:00+00:00,153.48459122854055,153.56309173027117,151.5515594191886,152.30711364746094,7024000,0.0,0.0,6033.10986328125,,531.7162475585938,152.30711364746094,-0.012039224098484338,0.1491235294204873,0.009392659896159117,0.0,0.013909949845922753,0
2025-06-17 04:00:00+00:00,152.06180829378278,152.36598838641433,149.2456719843281,149.52041625976562,6407100,0.0,0.0,5982.72021484375,,526.5313110351562,149.52041625976562,-0.018466019818226983,0.17636533577983024,-0.008352184790166306,0.0,-0.009751322340147528,0
2025-06-18 04:00:00+00:00,149.70684876716982,149.7853342957975,147.8817532915629,147.9013671875,8325200,0.0,0.0,5980.8701171875,,526.4417724609375,147.9013671875,-0.01088733344390005,0.1805717259307305,-0.0003092402101070313,0.0,-0.0001700536555797605,0
2025-06-20 04:00:00+00:00,148.42141878604235,148.55879091876358,146.24307855829224,146.97900390625,22605500,0.0,0.0,5967.83984375,,524.292236328125,146.97900390625,-0.006255867665601263,0.12531906791242534,-0.002178658486505891,0.0,-0.004083141280305624,0
2025-06-23 04:00:00+00:00,146.92996485325,148.58823751409696,146.92996485325,148.48031616210938,7397900,0.0,0.0,6025.169921875,,529.6832275390625,148.48031616210938,0.010162652352423428,0.17131405394118268,0.009606504133156335,0.0,0.010282416632169111,0
2025-06-24 04:00:00+00:00,148.65693061226455,149.85403712588132,148.14668480995888,149.333984375,9544200,0.0,0.0,6092.18017578125,,537.7831420898438,149.333984375,0.0057329050312153644,0.1873400092277188,0.01112172017970181,0.0,0.015291997423467318,0
2025-06-25 04:00:00+00:00,148.5391976946219,150.19748543838807,147.90138665416632,149.42230224609375,7153700,0.0,0.0,6092.16015625,,539.157958984375,149.42230224609375,0.0005912369220097471,0.13611383834391483,-3.2861029504172024e-06,0.0,0.0025564521959329234,0
2025-06-26 04:00:00+00:00,149.83440236894492,150.34464815120182,148.6863605881969,149.1573486328125,7156900,0.0,0.0,6141.02001953125,,544.19921875,149.1573486328125,-0.0017747604838218173,0.10179495518011751,0.008020121275230219,0.0,0.009350246401112816,0
2025-06-27 04:00:00+00:00,149.15734795144718,150.45258378377332,148.17611412905705,149.5498504638672,10010800,0.0,0.0,6173.06982421875,,546.0624389648438,149.5498504638672,0.002628005338605314,0.07378490179344616,0.005218970885222163,0.0,0.0034237833327350753,0
2025-06-30 04:00:00+00:00,149.3045442573842,150.0993412699026,148.67655520049212,149.8834686279297,9039300,0.0,0.0,6204.9501953125,,549.5992431640625,149.8834686279297,0.0022283311898734573,0.043866454241723786,0.005164427424532603,0.0,0.006476922686576625,0
2025-07-01 04:00:00+00:00,150.1287868430718,154.78964787251357,149.94235000630354,152.99398803710938,10896700,0.0,0.0,6198.009765625,,544.9664916992188,152.99398803710938,0.02054051038725222,0.14199185350283064,-0.001118531087121899,0.0,-0.008429326500110967,0
2025-07-02 04:00:00+00:00,153.07249239316593,153.3668655653334,152.15995202913243,152.6407470703125,5544000,0.0,0.0,6227.419921875,,548.7622680664062,152.6407470703125,-0.002311524728742383,0.14879956045464074,0.004745096791088033,0.0,0.006965155518740662,0
2025-07-03 04:00:00+00:00,152.5131732081926,153.3472279865642,151.97350655771282,153.08229064941406,3482500,0.0,0.0,6279.35009765625,,554.1622924804688,153.08229064941406,0.002888522169599223,0.14032181136266525,0.008338955206607324,0.0,0.009840371192228359,0
2025-07-07 04:00:00+00:00,153.09211130943166,153.41592028051664,151.98331225442314,152.35618591308594,6270900,0.0,0.0,6229.97998046875,,549.9878540039062,152.35618591308594,-0.004754516276567022,0.1575585296298013,-0.007862297279128794,0.0,-0.007532880770139472,0
2025-07-08 04:00:00+00:00,151.5809954009529,153.8182072991739,151.31607305131817,152.8664093017578,6438200,0.0,0.0,6225.52001953125,,550.2966918945312,152.8664093017578,0.0033432902539098225,0.15709242867103976,-0.0007158868810946961,0.0,0.0005615358382493607,1
2025-07-09 04:00:00+00:00,152.86641901439813,153.74953848661053,152.15994439804524,153.34722900390625,6147400,0.0,0.0,6263.259765625,,554.1921997070312,153.34722900390625,0.0031404224839406193,0.059539070737373266,0.0060621034026635545,0.0,0.007078922824501843,1
2025-07-10 04:00:00+00:00,153.17061563995466,156.25168944402995,152.89587134958674,154.73077392578125,6732900,0.0,0.0,6280.4599609375,,553.3952026367188,154.73077392578125,0.00898184362396205,0.0776362135320837,0.0027462050044453346,0.0,-0.0014381239409970714,1
2025-07-11 04:00:00+00:00,154.142033765266,154.23034122517612,152.2678733741525,153.95559692382812,7872000,0.0,0.0,6259.75,,552.1497802734375,153.95559692382812,-0.005022435096801495,0.0949395086039619,-0.0032975229626984737,0.0,-0.0022505116729369945,1
2025-07-14 04:00:00+00:00,153.92615542940482,154.5149017519845,152.60149866226192,153.87710571289062,10185600,0.0,0.0,6268.56005859375,,554.1524047851562,153.87710571289062,-0.0005099601956921198,0.08228170049940267,0.001407413809457303,0.0,0.003626958813108594,1
2025-07-15 04:00:00+00:00,153.4257273325383,154.24015323506973,151.8950049026972,152.258056640625,6873200,0.0,0.0,6243.759765625,,554.660400390625,152.258056640625,-0.010577446609172494,0.11898547438819962,-0.003956298214731202,0.0,0.0009167073914724266,1
2025-07-16 04:00:00+00:00,157.29179013965734,163.0025633969383,156.80117321156885,161.68771362304688,22134800,0.0,0.0,6263.7001953125,,555.2283325195312,161.68771362304688,0.060089958785042655,0.4537340149243441,0.003193657417327689,0.0,0.0010239276654802065,0
2025-07-17 04:00:00+00:00,160.1177373117364,161.60921700124823,159.25426167881125,159.92149353027344,11295700,0.0,0.0,6297.35986328125,,559.7216796875,159.92149353027344,-0.010983751772427351,0.47960072637932993,0.00537376740890938,0.0,0.008092791568432123,0
2025-07-18 04:00:00+00:00,160.85365505316872,162.0017118134992,160.2943595540406,160.6279754638672,9792600,0.0,0.0,6296.7900390625,,559.1836547851562,160.6279754638672,0.004407950384218836,0.4697763217761003,-9.048620868445933e-05,0.0,-0.0009612364892568337,0
2025-07-21 04:00:00+00:00,160.6966798409886,161.8250928359287,159.7252528908425,161.27560424804688,8254000,0.0,0.0,6305.60009765625,,562.0828857421875,161.27560424804688,0.004023749338533924,0.46538929164351645,0.001399134882868358,0.0,0.00518475626428172,0
2025-07-22 04:00:00+00:00,161.90358694684275,164.90616016372098,161.61903571523425,164.77859497070312,9288000,0.0,0.0,6309.6201171875,,559.1736450195312,164.77859497070312,0.02148799504797571,0.433273880649505,0.0006375316336257875,0.0,-0.005175821567338423,0
2025-07-23 04:00:00+00:00,165.43603407308774,165.946264897935,163.4637444406128,165.92665100097656,10617600,0.0,0.0,6358.91015625,,561.7242431640625,165.92665100097656,0.006943105114022093,0.1831183145381583,0.007811886951519131,0.0,0.004561370456653391,0
2025-07-24 04:00:00+00:00,166.3191343471783,166.79994431442555,165.7107741631659,166.3780059814453,6636900,0.0,0.0,6363.35009765625,,562.9197998046875,166.3780059814453,0.0027165147917582832,0.12287019005801039,0.0006982236416543941,0.0,0.0021283693114093616,0
2025-07-25 04:00:00+00:00,166.5644487084836,166.6920139022101,164.29780087422668,165.14166259765625,6254900,0.0,0.0,6388.64013671875,,564.2747802734375,165.14166259765625,-0.007458677313216508,0.16564802025267006,0.00397432777929585,0.0,0.0024070577535559856,0
2025-07-28 04:00:00+00:00,164.70991567403397,164.78841617921015,161.95265093414764,163.10069274902344,8014600,0.0,0.0,6389.77001953125,,566.0381469726562,163.10069274902344,-0.012435909739455298,0.21034137503247205,0.00017685810881817865,0.0,0.003125014196743381,0
2025-07-29 04:00:00+00:00,163.54223638019647,165.61264030634692,163.24786324439296,164.95521545410156,7663400,0.0,0.0,6370.85986328125,,565.1614379882812,164.95521545410156,0.011306258562610678,0.1574443560054011,-0.002959442388724254,0.0,-0.001548851414103325,0
2025-07-30 04:00:00+00:00,164.5529153379632,165.44584174400563,163.65018198339874,164.1211700439453,6189200,0.0,0.0,6362.89990234375,,565.918701171875,164.1211700439453,-0.005069018822420649,0.14790774914605143,-0.0012494327466496813,0.0,0.0013399059679111147,0
2025-07-31 04:00:00+00:00,162.81613907808057,163.93476013361044,161.1480443889056,161.6484832763672,11036200,0.0,0.0,6339.39013671875,,562.9197998046875,161.6484832763672,-0.015180875381925526,0.16419577427660298,-0.0036948193411530106,0.0,-0.00529917346957709,0
2025-08-01 04:00:00+00:00,162.37457646550328,164.47441634646825,161.69752270023744,164.1898651123047,8927800,0.0,0.0,6238.009765625,,551.8309936523438,164.1898651123047,0.01559935092496782,0.22100583160672527,-0.015992133140148468,0.0,-0.01969873178415671,0
2025-08-04 04:00:00+00:00,163.89548837392292,167.97742477350116,163.51280777223997,167.83023071289062,12679100,0.0,0.0,6329.93994140625,,562.0130615234375,167.83023071289062,0.021929464711776547,0.24397265641731514,0.01473710033091602,0.0,0.01845142441837644,0
2025-08-05 04:00:00+00:00,167.3396146645784,168.34047738669344,166.4663171345052,167.53587341308594,7934400,0.0,0.0,6299.18994140625,,558.1973266601562,167.53587341308594,-0.0017554390367622943,0.24273998612351172,-0.004857865996303334,0.0,-0.006789406020098587,0
2025-08-06 04:00:00+00:00,166.72144007168663,168.94883003784128,166.49574551547207,167.388671875,8957200,0.0,0.0,6345.06005859375,,565.2212524414062,167.388671875,-0.0008790131964644685,0.2355680233583783,0.007281907295092482,0.0,0.012583230778398846,0
2025-08-07 04:00:00+00:00,167.9578056105761,168.39935787304452,166.73126323014094,168.31105041503906,9315900,0.0,0.0,6340.0,,567.1341552734375,168.31105041503906,0.00549527330504477,0.16497823933890693,-0.0007974800154801898,0.0,0.0033843434297078367,0
2025-08-08 04:00:00+00:00,167.81062263672857,170.69545264445026,167.19244050009084,170.0772705078125,7686800,0.0,0.0,6389.4501953125,,572.4244384765625,170.0772705078125,0.01043910810757553,0.1538490075355786,0.007799715348974834,0.0,0.009328098394240314,0
2025-08-11 04:00:00+00:00,170.1459587804455,171.32345148344675,169.80253588577153,170.55809020996094,7256800,0.0,0.0,6373.4501953125,,570.730712890625,170.55809020996094,0.002823077559947514,0.07897736571121698,-0.0025041278217863283,0.0,-0.0029588631653203468,0
2025-08-12 04:00:00+00:00,170.73470425167199,171.48043665027848,168.58579954394824,169.53759765625,7916700,0.0,0.0,6445.759765625,,577.9041137695312,169.53759765625,-0.006001226436248771,0.09904614476588991,0.01134543584661274,0.0,0.012568801217258008,0
2025-08-13 04:00:00+00:00,169.75343941699913,171.26453281006349,169.4590662963547,171.14678955078125,5878700,0.0,0.0,6466.580078125,,578.1930541992188,171.14678955078125,0.009446889393601804,0.10464103247859936,0.0032300788824048965,0.0,0.0004999798804039557,0
2025-08-14 04:00:00+00:00,171.03886790121015,172.4224112061355,169.4787096922212,171.44117736816406,8241700,0.0,0.0,6468.5400390625,,577.7447509765625,171.44117736816406,0.0017186119669625893,0.10567282036138427,0.00030309080129242716,0.0,-0.000775352141296759,0
2025-08-15 04:00:00+00:00,172.27525225126996,173.94334697626468,171.67669894126365,173.32516479492188,9477600,0.0,0.0,6449.7998046875,,575.2042236328125,173.32516479492188,0.010929176948884522,0.10768420768796635,-0.0028971350972291088,0.0,-0.004397317914971555,0
2025-08-18 04:00:00+00:00,173.1877828395113,174.23771029618828,172.79529526964464,172.94247436523438,9284000,0.0,0.0,6449.14990234375,,574.9749755859375,172.94247436523438,-0.0022103745324088655,0.11611113647262089,-0.00010076318078544588,0.0,-0.00039855070157024386,0
2025-08-19 04:00:00+00:00,172.73639777380563,174.83623758239492,172.6775261392796,174.46337890625,9274200,0.0,0.0,6411.3701171875,,567.1740112304688,174.46337890625,0.00875583553539014,0.09019988075869924,-0.005858103118756786,0.0,-0.013567484997967227,0
2025-08-20 04:00:00+00:00,175.15024028924466,177.22064428876024,174.65962336966695,175.48385620117188,9030000,0.0,0.0,6395.77978515625,,563.8064575195312,175.48385620117188,0.005832194600376626,0.08426615330369511,-0.0024316693228262354,0.0,-0.005937425982603939,0
2025-08-21 04:00:00+00:00,175.19931537251938,176.70060203772263,174.81663475143702,175.57217407226562,8859600,0.0,0.0,6370.169921875,,561.1962280273438,175.57217407226562,0.0005031554244386421,0.08762738192782786,-0.004004181529308926,0.0,-0.004629655189958615,0
2025-08-22 04:00:00+00:00,176.66134044605786,177.76033256843067,174.13957717042288,175.9254150390625,9524000,0.0,0.0,6466.91015625,,569.85400390625,175.9254150390625,0.0020099203901109137,0.06897244144895352,0.015186444876893468,0.0,0.01542735935581585,0
2025-08-25 04:00:00+00:00,176.1511056012645,176.8772090706108,174.94417718110606,175.0619354248047,6229100,0.0,0.0,6439.31982421875,,568.2100830078125,175.0619354248047,-0.004920299008717741,0.08305987378393087,-0.004266385548063467,0.0,-0.0028848106482866065,0
2025-08-26 04:00:00+00:00,174.7060999231484,175.1113623885591,173.7374366614811,174.44911193847656,9145000,1.3,0.0,6465.93994140625,,570.4916381835938,174.44911193847656,-0.0035067510395307673,0.06865277160905976,0.004133995191134998,0.0,0.0040153373620261945,0
2025-08-27 04:00:00+00:00,174.92354707776784,175.63522231400546,174.12291620758523,174.74562072753906,5951100,0.0,0.0,6481.39990234375,,571.368408203125,174.74562072753906,0.001698243602132444,0.05028057408443001,0.0023909843081744153,0.0,0.0015368674330140664,0
2025-08-28 04:00:00+00:00,174.3305021472525,174.4491247570279,172.61063267008686,173.421142578125,6424700,0.0,0.0,6501.85986328125,,574.9451293945312,173.421142578125,-0.00760833415560443,0.0668452197979372,0.0031567194195349924,0.0,0.006259921164795568,0
2025-08-29 04:00:00+00:00,173.93511071425883,175.3584611850056,173.4211196926361,175.12123107910156,6942300,0.0,0.0,6460.259765625,,568.2899169921875,175.12123107910156,0.009755496677172383,0.10890214619637446,-0.00639818429357164,0.0,-0.011575387044938212,0
2025-09-02 04:00:00+00:00,175.41777231103694,177.12776270121626,174.84447750943602,176.00094604492188,9049000,0.0,0.0,6415.5400390625,,563.5274658203125,176.00094604492188,0.005010887171836839,0.10872104618881813,-0.006922279936861564,0.0,-0.008380319673946368,0
2025-09-03 04:00:00+00:00,175.6154493916547,176.22827497981044,174.48863278118253,175.94163513183594,7111700,0.0,0.0,6448.259765625,,567.9611206054688,175.94163513183594,-0.000337048807502094,0.1024636407614638,0.0051000736279842585,0.0,0.007867681797376624,0
2025-09-04 04:00:00+00:00,175.9416497264455,176.83123630448588,175.49685643742527,176.69285583496094,7854800,0.0,0.0,6502.080078125,,573.1019287109375,176.69285583496094,0.004260625995319067,0.10405721718956831,0.008346486409699372,0.0,0.00905133805635927,0
2025-09-05 04:00:00+00:00,175.94163314117105,177.4341662848054,174.51828268460764,176.3666534423828,9733800,0.0,0.0,6481.5,,573.9288940429688,176.3666534423828,-0.001847861206551033,0.07327618801280746,-0.003165152978388819,0.0,0.001442963791609131,0
2025-09-08 04:00:00+00:00,175.30904455833596,177.37487259095406,174.65667304834938,176.0701446533203,8382500,0.0,0.0,6495.14990234375,,576.7284545898438,176.0701446533203,-0.0016826214550879764,0.05251843379224828,0.0021059789159529885,0.0,0.004877887445522866,0
2025-09-09 04:00:00+00:00,175.94164806814993,176.03060370864756,174.4095689027739,174.91368103027344,6005700,0.0,0.0,6512.60986328125,,578.3624877929688,174.91368103027344,-0.006589863825604877,0.06161408438663671,0.0026881536531127015,0.0,0.0028332800126658064,0
2025-09-10 04:00:00+00:00,174.26131428978755,174.5677271148135,172.31409366624945,173.7572021484375,6891600,0.0,0.0,6532.0400390625,,578.5517578125,173.7572021484375,-0.006633666179663718,0.071264708582583,0.002983469943562689,0.0,0.0003272515481658189,0
2025-09-11 04:00:00+00:00,173.7176526494387,176.78181073479666,173.5990451382739,176.43585205078125,5792500,0.0,0.0,6587.47021484375,,581.9192504882812,176.43585205078125,0.015298431040055675,0.14359540687974792,0.008485890387959882,0.0,0.005820555603380573,0
2025-09-12 04:00:00+00:00,175.65500242690814,176.73239425710358,174.67644516657117,176.00094604492188,7220200,0.0,0.0,6584.2900390625,,584.4896240234375,176.00094604492188,-0.0024679955609650597,0.14408560753316152,-0.00048276131466740146,0.0,0.004417062217823897,0
2025-09-15 04:00:00+00:00,175.7044094043786,176.92019676144542,174.88400556753885,175.34857177734375,4768100,0.0,0.0,6615.27978515625,,589.4911499023438,175.34857177734375,-0.003713538708283255,0.14592081917627758,0.004706619226962694,0.0,0.008557082407173233,0
2025-09-16 04:00:00+00:00,175.51662893199313,175.5660386777145,173.61881809435098,174.41946411132812,7959300,0.0,0.0,6606.759765625,,588.992919921875,174.41946411132812,-0.005312720180346327,0.1429923743642797,-0.0012879303382402618,0.0,-0.0008451865317253837,0
2025-09-17 04:00:00+00:00,174.6665700727086,176.4457431926535,174.5479474709965,175.15089416503906,6714900,0.0,0.0,6600.35009765625,,587.8173217773438,175.15089416503906,0.004184743378826987,0.1344412128656326,-0.0009701681605103207,0.0,-0.0019959461391949596,0
2025-09-18 04:00:00+00:00,174.55784393897036,174.97298534494763,171.8594021766082,172.14605712890625,8200900,0.0,0.0,6631.9599609375,,593.11767578125,172.14605712890625,-0.017304568941898375,0.12395743515692066,0.004789119185128365,0.0,0.009017008869149912,0
2025-09-19 04:00:00+00:00,172.66993349357537,175.111372273971,171.32565957029007,174.152587890625,25621000,0.0,0.0,6664.35986328125,,597.1326904296875,174.152587890625,0.01158857099853217,0.17225456000097863,0.004885418870829605,0.0,0.0067693390576313295,0
2025-09-22 04:00:00+00:00,174.05373018239203,174.59737311930513,172.10650962439226,172.1954803466797,7193900,0.0,0.0,6693.75,,600.667724609375,172.1954803466797,-0.011301511711551247,0.1846759677173559,0.004410046474333074,0.0,0.005920014489817493,0
2025-09-23 04:00:00+00:00,172.8675959300631,174.92354491124786,172.80829217483426,174.53805541992188,8350400,0.0,0.0,6656.919921875,,596.6779174804688,174.53805541992188,0.0135124553873532,0.21902699182548577,-0.005502159197012135,0.0,-0.0066422865178928925,0
2025-09-24 04:00:00+00:00,174.10316185129446,174.9037928069642,173.70779338109767,174.6468048095703,6676800,0.0,0.0,6637.97021484375,,594.583251953125,174.6468048095703,0.0006228757632444192,0.21632188509353292,-0.002846617843333288,0.0,-0.0035105464204016057,0
2025-09-25 04:00:00+00:00,175.15088893974706,176.3370093451046,173.87581289751407,175.6747589111328,8475000,0.0,0.0,6604.72021484375,,592.0198364257812,175.6747589111328,0.005868648455207604,0.15816646041556,-0.0050090613431266195,0.0,-0.0043112810845634675,0
2025-09-26 04:00:00+00:00,176.534716894135,177.82956594360434,175.26951972500925,177.6318817138672,8634400,0.0,0.0,6643.7001953125,,594.4535522460938,177.6318817138672,0.01107900388196118,0.15667235105976857,0.005901836747171263,0.0,0.004110868708396165,0
2025-09-29 04:00:00+00:00,177.75048125277442,179.76688443728418,177.72082937376246,179.519775390625,8597100,0.0,0.0,6661.2099609375,,597.20654296875,179.519775390625,0.010572042565254675,0.08129376839445826,0.00263554421636214,0.0,0.004631128390526484,0
2025-09-30 04:00:00+00:00,179.59884936490977,183.83924898722276,178.97614483278656,183.2758331298828,11569000,0.0,0.0,6688.4599609375,,598.8424072265625,183.2758331298828,0.020706931723277512,0.11795936109127225,0.0040908483833717035,0.0,0.0027391934617468916,0
2025-10-01 04:00:00+00:00,183.8491347434297,184.40265660690224,181.78330668784835,183.8985595703125,13063800,0.0,0.0,6711.2001953125,,601.7150268554688,183.8985595703125,0.003391996009972705,0.10540113281530204,0.003399920834961989,0.0,0.004796954247462626,0
2025-10-02 04:00:00+00:00,182.06006679331983,184.432307649533,181.96121714000282,183.82936096191406,7728100,0.0,0.0,6715.35009765625,,604.188720703125,183.82936096191406,-0.0003763576565798145,0.12876557399243818,0.0006183547238911569,0.0,0.004111072081054212,0
2025-10-03 04:00:00+00:00,184.89687190994138,187.58541956236877,184.74861251387858,186.45860290527344,8675100,0.0,0.0,6715.7900390625,,601.645263671875,186.45860290527344,0.014201304865002944,0.13364286210523657,6.551280273581206e-05,0.0,-0.0042097062459061085,0
2025-10-06 04:00:00+00:00,185.8260079631804,187.72380368143425,185.20328832291253,185.98416137695312,5806100,0.0,0.0,6740.27978515625,,606.1636962890625,185.98416137695312,-0.002547729908863207,0.1584069812221284,0.0036465919796933033,0.0,0.00751012746217139,1
2025-10-07 04:00:00+00:00,181.64491547464473,187.04176840652755,180.82451166041724,186.70570373535156,8776800,0.0,0.0,6714.58984375,,602.9718627929688,186.70570373535156,0.0038720841506648786,0.10228049112809656,-0.0038114057910215715,0.0,-0.005265629590874843,1
2025-10-08 04:00:00+00:00,186.68595025285137,188.02034522715945,186.09289755053467,187.49647521972656,5751200,0.0,0.0,6753.72021484375,,609.88427734375,187.49647521972656,0.004226446054921132,0.1022894939197143,0.0058276636405680815,0.0,0.011463908977050519,1
2025-10-09 04:00:00+00:00,187.80287893451043,189.87860099777504,187.53599693612736,188.87039184570312,7484800,0.0,0.0,6735.10986328125,,609.1461181640625,188.87039184570312,0.007300975984682476,0.09654594571614751,-0.002755570407195318,0.0,-0.001210326626064906,1
2025-10-10 04:00:00+00:00,189.78963297098187,189.8489518132843,187.6546222006277,188.51455688476562,9598000,0.0,0.0,6552.509765625,,588.0000610351562,188.51455688476562,-0.0018857936310748586,0.06742309333773182,-0.02711167321141361,0.0,-0.03471426066481298,1
2025-10-13 04:00:00+00:00,187.63484024575644,189.0878426244488,187.09119733496354,188.6924591064453,7979500,0.0,0.0,6654.72021484375,,600.4782104492188,188.6924591064453,0.0009432604767584464,0.055450269689427026,0.015598671787557583,0.0,0.021221340338120287,1
2025-10-14 04:00:00+00:00,190.68910619899648,192.15198752359413,183.73052212206747,188.64305114746094,13613300,0.0,0.0,6644.31005859375,,596.4783935546875,188.64305114746094,-0.00026187813192298404,0.0585254614885228,-0.0015643266604626893,0.0,-0.006661052516025445,0
2025-10-15 04:00:00+00:00,189.26576340131732,191.33160656608345,187.1109796787497,188.9593505859375,9473000,0.0,0.0,6671.06005859375,,600.6876220703125,188.9593505859375,0.001675304558461049,0.0553022398917887,0.004026001159503689,0.0,0.007056799644560963,0
2025-10-16 04:00:00+00:00,189.12738216329106,190.81761473078961,188.2279015859536,189.8983612060547,10611800,0.0,0.0,6629.06982421875,,598.4633178710938,189.8983612060547,0.00495707234518178,0.04047313696502469,-0.006294387099829435,0.0,-0.003702929971409308,0
2025-10-17 04:00:00+00:00,190.27396621744242,191.36125205733495,189.46344130364264,190.9856414794922,7764400,0.0,0.0,6664.009765625,,602.393310546875,190.9856414794922,0.0057092617130431135,0.041253404017357144,0.0052707155502571545,0.0,0.006566806282733095,0
2025-10-20 04:00:00+00:00,191.26240123179355,192.2310644671735,190.10593270864481,191.4798583984375,8034700,0.0,0.0,6735.1298828125,,609.98388671875,191.4798583984375,0.0025843752922850302,0.03865294437812134,0.010672270853256949,0.0,0.01260069798083241,0
2025-10-21 04:00:00+00:00,190.77807075185612,191.31183476056947,189.55241948302077,189.66114807128906,6716000,0.0,0.0,6735.35009765625,,609.8244018554688,189.66114807128906,-0.009543576263081877,0.09783759317895177,3.2696450934288634e-05,0.0,-0.00026145750199924045,0
2025-10-22 04:00:00+00:00,189.7797603324635,191.21298988100622,189.56230315049532,190.70889282226562,6343100,0.0,0.0,6699.39990234375,,603.9493408203125,190.70889282226562,0.005509095292817599,0.10296715265478343,-0.005337539220865439,0.0,-0.009634020903854679,0
2025-10-23 04:00:00+00:00,190.33326410610792,191.75661458631456,189.3250550022384,190.2443084716797,8882500,0.0,0.0,6738.43994140625,,609.0264282226562,190.2443084716797,-0.0024390637974788,0.10226163072064068,0.0058273934429324825,0.0,0.008406478919983362,0
2025-10-24 04:00:00+00:00,189.97743032369885,190.08615890653152,187.2295789564792,188.1982421875,6903400,0.0,0.0,6791.68994140625,,615.52978515625,188.1982421875,-0.01081319326783218,0.11440423707869621,0.00790242258787388,0.0,0.010678283621570861,0
2025-10-27 04:00:00+00:00,187.79299820332676,188.59362910846755,187.33831091719009,188.0994110107422,7126000,0.0,0.0,6875.16015625,,626.4918823242188,188.0994110107422,-0.0005252819314194209,0.10682213063508628,0.012290050865671143,0.0,0.017809206690438284,0
2025-10-28 04:00:00+00:00,187.071429737358,187.31853878729856,184.4619587732793,184.76837158203125,8329500,0.0,0.0,6890.89013671875,,631.3095703125,184.76837158203125,-0.017867609934097008,0.14552107282397084,0.0022879438603986557,0.0,0.007689944792912851,0
2025-10-29 04:00:00+00:00,184.54103427695995,184.93641780369282,182.5246310788101,184.44219970703125,10551100,0.0,0.0,6890.58984375,,634.15234375,184.44219970703125,-0.0017668614347351483,0.11832922977485523,-4.3578255173426506e-05,0.0,0.004502978524613344,0
2025-10-30 04:00:00+00:00,184.91664062115282,187.19004683019028,184.7486082820175,186.86386108398438,7072500,0.0,0.0,6822.33984375,,624.45703125,186.86386108398438,0.013044202451652246,0.18537143440760645,-0.00990481243951924,0.0,-0.015288617310262875,0
2025-10-31 04:00:00+00:00,185.2922599991901,187.30866324699156,184.60034258095476,186.68594360351562,8791700,0.0,0.0,6840.2001953125,,627.4693603515625,186.68594360351562,-0.0009525770951542548,0.17402126294621245,0.0026179217059763005,0.0,0.004823917340689654,0
2025-11-03 05:00:00+00:00,186.81444554993618,186.8440974299442,183.37469172794485,184.1061248779297,7542600,0.0,0.0,6851.97021484375,,630.4716796875,184.1061248779297,-0.013915402049192371,0.19360702294231263,0.0017207127269924793,0.0,0.004784806280031528,0
2025-11-04 05:00:00+00:00,184.66953635312188,185.6480936170402,183.47352191944393,184.69918823242188,7209400,0.0,0.0,6771.5498046875,,617.6743774414062,184.69918823242188,0.0032161351510236864,0.15434526708170204,-0.011736830084583816,0.0,-0.020297981112231467,0
2025-11-05 05:00:00+00:00,184.48173492809292,185.65797643943674,183.25606858943368,183.84913635253906,5049400,0.0,0.0,6796.2900390625,,621.6941528320312,183.84913635253906,-0.004612981965047585,0.15759910475536637,0.0036535556982648654,0.0,0.006507919929066963,0
2025-11-06 05:00:00+00:00,184.60032887796228,185.35155000031943,183.22640324069272,184.8079071044922,6767400,0.0,0.0,6720.31982421875,,610.1136474609375,184.8079071044922,0.005201435483692023,0.12004533201067845,-0.011178189042419073,0.0,-0.018627335191010785,0
2025-11-07 05:00:00+00:00,185.56902044160103,186.17196713607015,183.5526021168054,184.4125518798828,6959200,0.0,0.0,6728.7998046875,,608.1885375976562,184.4125518798828,-0.002141568085359098,0.11955481109286999,0.0012618418007710464,0.0,-0.003155329947613583,0
2025-11-10 05:00:00+00:00,183.84914248376896,186.24115639867696,182.97931375749687,186.2312774658203,5323800,0.0,0.0,6832.43017578125,,621.6442260742188,186.2312774658203,0.009813950964535438,0.09161730931987841,0.01540101862170995,0.0,0.022124205973549582,0
2025-11-11 05:00:00+00:00,187.19993334062747,191.6775481684981,186.86386864875197,191.58859252929688,7465600,0.0,0.0,6846.60986328125,,619.9884643554688,191.58859252929688,0.02836099728362619,0.20779071484964126,0.002075350517340535,0.0,-0.0026635198225943846,0
2025-11-12 05:00:00+00:00,191.12401706134077,193.28869467126262,190.83737721032932,192.14210510253906,8803000,0.0,0.0,6850.919921875,,619.4996948242188,192.14210510253906,0.0028849031914820245,0.18636729597043936,0.0006295171887717999,0.0,-0.0007883526216219128,0
2025-11-13 05:00:00+00:00,191.96420520711595,193.73349940731035,191.2129840261044,192.99217224121094,8631600,0.0,0.0,6737.490234375,,606.8519897460938,192.99217224121094,0.004414400738193518,0.18741189659914062,-0.01655685496159698,0.0,-0.020415998883927977,0
2025-11-14 05:00:00+00:00,192.74506817041248,194.8998519494097,191.31183862869028,193.664306640625,8824800,0.0,0.0,6734.10986328125,,607.310791015625,193.664306640625,0.0034766523420027597,0.1704788931245632,-0.0005017255648851471,0.0,0.0007560348771753489,0
2025-11-17 05:00:00+00:00,194.68239675983705,197.96399703648848,193.6346417392758,197.2720947265625,13257000,0.0,0.0,6672.41015625,,602.1240234375,197.2720947265625,0.018457685187098692,0.18125819690665534,-0.00916226617680782,0.0,-0.008540549015193744,0
2025-11-18 05:00:00+00:00,196.7086833299708,197.9837744779547,196.23423817558447,197.68724060058594,12468600,0.0,0.0,6617.31982421875,,594.792724609375,197.68724060058594,0.0021022216202012576,0.10900798320839872,-0.008256436690967983,0.0,-0.012175728824554977,0
2025-11-19 05:00:00+00:00,197.68724341540397,201.12699722777688,197.07441778716495,200.168212890625,14690800,0.0,0.0,6642.16015625,,598.3436889648438,200.168212890625,0.01247188860866745,0.11148709461077018,0.0037538357962292324,0.0,0.005970087071594188,0
2025-11-20 05:00:00+00:00,199.66410677890858,202.14507614142028,199.23908646439702,200.72174072265625,10612600,0.0,0.0,6538.759765625,,584.1798095703125,200.72174072265625,0.0027614969085799366,0.11555201088963944,-0.015567283563270418,0.0,-0.023671812130308,0
2025-11-21 05:00:00+00:00,201.60144835610953,204.54698392676534,200.64266406230783,201.54212951660156,13189100,0.0,0.0,6602.990234375,,588.568603515625,201.54212951660156,0.004078864606294729,0.11418580672193641,0.009823035415319481,0.0,0.007512745003187771,0
2025-11-24 05:00:00+00:00,201.35434501536758,203.73646479570215,200.65254867686934,203.6672821044922,14803900,0.0,0.0,6705.1201171875,,603.6201782226562,203.6672821044922,0.010489253269046355,0.07558551655591711,0.015467217001293498,0.0,0.02557318657013896,0
2025-11-25 05:00:00+00:00,204.09500679162497,206.6215838446117,204.09500679162497,205.57713317871094,10275300,1.3,0.0,6765.8798828125,,607.3406982421875,205.57713317871094,0.009333615159138399,0.06671086628515502,0.009061696817220577,0.0,0.0061636773483719764,0
2025-11-26 05:00:00+00:00,205.39808366901323,206.71109559930028,204.85098904051847,206.46241760253906,6729000,0.0,0.0,6812.60986328125,,612.70703125,206.46241760253906,0.004297091307764538,0.05508277128246218,0.006906711511012631,0.0,0.008835786936959966,0
2025-11-28 05:00:00+00:00,205.90538444560678,206.3629586449613,203.54792185749713,205.8258056640625,5638300,0.0,0.0,6849.08984375,,617.6743774414062,205.8258056640625,-0.0030881912627817184,0.08536555638567306,0.005354773163420257,0.0,0.008107212644960615,0
2025-12-01 05:00:00+00:00,205.40801990791223,206.601671225268,204.254150390625,204.254150390625,8473700,0.0,0.0,6812.6298828125,,615.599609375,204.254150390625,-0.007665153809092179,0.1250373301031209,-0.005323329342915684,0.0,-0.003358999728951928,0
2025-12-02 05:00:00+00:00,204.15469935722084,204.5227379456605,202.02601625292777,204.333740234375,8393600,0.0,0.0,6829.3701171875,,620.4173583984375,204.333740234375,0.0003895849416138758,0.10406283651383744,0.002457235261999813,0.0,0.007826107993032627,0
2025-12-03 05:00:00+00:00,204.8111948667149,205.9252826285737,203.90601848146164,204.2442169189453,8363300,0.0,0.0,6849.72021484375,,621.9335327148438,204.2442169189453,-0.00043821902427659587,0.07038585700819859,0.0029797912994984355,0.0,0.0024437973823301373,0
2025-12-04 05:00:00+00:00,203.50812947813563,203.7767059746564,200.64336916828415,201.40928649902344,9049900,0.0,0.0,6857.1201171875,,621.35498046875,201.40928649902344,-0.013977330652467876,0.09431590528280277,0.0010803218396737702,0.0,-0.0009302477124336628,0
2025-12-05 05:00:00+00:00,201.90663323067022,202.37414907500914,199.74811005779273,200.8621826171875,7785300,0.0,0.0,6870.39990234375,,623.8884887695312,200.8621826171875,-0.0027200746817277123,0.09481005892662328,0.001936641757662061,0.0,0.0040773927632637985,0
2025-12-08 05:00:00+00:00,201.58834201037314,202.18516011668032,199.927174755095,200.5538330078125,7785700,0.0,0.0,6846.509765625,,622.6915893554688,200.5538330078125,-0.0015363097535774667,0.09345076860477791,-0.003477255626794018,0.0,-0.0019184508699994218,0
2025-12-09 05:00:00+00:00,201.84695743157303,204.45309801733026,198.85287977253054,198.90261840820312,7509400,0.0,0.0,6840.509765625,,623.4595947265625,198.90261840820312,-0.008267354294422343,0.08998233324223051,-0.0008763589340257116,0.0,0.001233363970579271,0
2025-12-10 05:00:00+00:00,199.52928142896002,205.70644978186098,199.1214458560129,205.44781494140625,11599800,0.0,0.0,6886.68017578125,,626.0130615234375,205.44781494140625,0.03237670957787878,0.2878084467155357,0.00674955693920154,0.0,0.004095641190661192,0
2025-12-11 05:00:00+00:00,206.800616929999,210.1229665164575,206.73099498321687,208.8994598388672,9009000,0.0,0.0,6901.0,,623.98828125,208.8994598388672,0.01666102302233247,0.26767438491443063,0.002079350841514227,0.0,-0.0032344057942019777,0
2025-12-12 05:00:00+00:00,209.16803774867068,211.14752008902906,207.8550258037756,210.46116638183594,6922700,0.0,0.0,6827.41015625,,612.0587158203125,210.46116638183594,0.007448070537825479,0.2530204014218571,-0.010663649289958,0.0,-0.019118252358505283,0
2025-12-15 05:00:00+00:00,209.23766850267896,214.05207078419528,207.9047429304409,213.03746032714844,8467000,0.0,0.0,6816.509765625,,608.9865112304688,213.03746032714844,0.012166866969826115,0.23390257667778389,-0.0015965630269072495,0.0,-0.0050194605687891025,0
2025-12-16 05:00:00+00:00,212.86836535212407,213.5945008532235,207.7058077078452,208.19322204589844,9949800,0.0,0.0,6800.259765625,,610.1934204101562,208.19322204589844,-0.02300141969055917,0.3215915728673692,-0.0023839179519623555,0.0,0.00198183236809113,0
2025-12-17 05:00:00+00:00,208.28274174394826,210.40148312707717,207.35766688422177,209.2177734375,8457600,0.0,0.0,6721.43017578125,,598.8822631835938,209.2177734375,0.004909087016172675,0.2469661827623997,-0.011592143912241393,0.0,-0.018537002937461078,0
2025-12-18 05:00:00+00:00,208.69057663307282,209.94390826491855,206.6613556922556,207.2084503173828,7499900,0.0,0.0,6774.759765625,,607.5601806640625,207.2084503173828,-0.009650394713457609,0.22957589763015201,0.007934262269941872,0.0,0.014490189497912143,0
2025-12-19 05:00:00+00:00,206.46242678675088,208.13355089193627,204.94051859312015,205.27871704101562,24803900,0.0,0.0,6834.5,,615.4799194335938,205.27871704101562,-0.009356641891161034,0.21846172583987133,0.008818059450332205,0.0,0.013035315712881301,0
2025-12-22 05:00:00+00:00,205.03998416945456,206.97966948419256,204.41331076850065,206.22369384765625,8187800,0.0,0.0,6878.490234375,,618.4302368164062,206.22369384765625,0.004592821051577378,0.1850589399058334,0.006436496360377575,0.0,0.004793523378516795,0
2025-12-23 05:00:00+00:00,203.9358578426093,205.43786749372595,202.20505350398636,204.69183349609375,7047300,0.0,0.0,6909.7900390625,,621.3265380859375,204.69183349609375,-0.007455875215088363,0.11877403739113505,0.004550388765703239,0.0,0.004683311224304099,0
2025-12-24 05:00:00+00:00,204.91067300087317,206.84041671879498,204.48295412427228,206.68125915527344,2376500,0.0,0.0,6932.0498046875,,623.144287109375,206.68125915527344,0.00967219881009292,0.14224184939642745,0.0032214822012188726,0.0,0.0029255937289227596,0
2025-12-26 05:00:00+00:00,206.4325814439545,206.93987910302855,205.61692549143734,206.5320587158203,2316700,0.0,0.0,6929.93994140625,,623.1043090820312,206.5320587158203,-0.0007221473243204165,0.12703714134254918,-0.00030436354912266594,0.0,-6.415532994641371e-05,0
2025-12-29 05:00:00+00:00,206.90009330533488,208.36232114053888,206.28337673035918,206.46241760253906,4348900,0.0,0.0,6905.740234375,,620.088134765625,206.46241760253906,-0.0003372496143877208,0.10172662359632652,-0.00349205148036813,0.0,-0.004840560837798935,0
2025-12-30 05:00:00+00:00,206.41267500751042,206.59173105435548,205.4279198732129,205.81585693359375,3937400,0.0,0.0,6896.240234375,,618.64990234375,205.81585693359375,-0.0031365281119135175,0.10003169172320596,-0.0013756671519022934,0.0,-0.0023194000033860407,0
2025-12-31 05:00:00+00:00,205.8158700525786,206.40274650834,205.27871705590465,205.85565185546875,4083800,0.0,0.0,6845.5,,613.536376953125,205.85565185546875,0.00019333337940252105,0.07842752424332299,-0.007357666300846111,0.0,-0.008265620622022962,0
2026-01-02 05:00:00+00:00,205.72634389134794,206.29332184084635,202.60293362874384,206.2535400390625,6325500,0.0,0.0,6858.47021484375,,612.347900390625,206.2535400390625,0.0019309848702887481,0.029034310060672083,0.0018947067188299638,0.0,-0.0019370922526258383,0
2026-01-05 05:00:00+00:00,204.781347234846,204.8509843578355,199.8475843916204,203.22959899902344,9477000,0.0,0.0,6902.0498046875,,617.2117309570312,203.22959899902344,-0.014769819431675019,0.10645954439897555,0.006354126864826393,0.0,0.007942920296294842,0
2026-01-06 05:00:00+00:00,203.51807923906964,205.6169221452363,203.04060655560488,203.70706176757812,8107900,0.0,0.0,6944.81982421875,,622.6348876953125,203.70706176757812,0.0023466206596183163,0.11257366777805254,0.006196712678341321,0.0,0.008786541904950873,0
2026-01-07 05:00:00+00:00,204.17457313070608,207.15870903533664,203.94579362788576,206.39279174804688,7545900,0.0,0.0,6920.93017578125,,623.2341918945312,206.39279174804688,0.013098119175043273,0.15823107396178135,-0.003439923431013958,0.0,0.0009625291018258153,0
2026-01-08 05:00:00+00:00,205.83574014080108,207.87490270971202,203.88611318431748,204.6619873046875,6557800,0.0,0.0,6921.4599609375,,619.6885986328125,204.6619873046875,-0.008421333410720672,0.17080753563883888,7.65482590914246e-05,0.0,-0.005689022373661312,0
2026-01-09 05:00:00+00:00,204.82115536067752,205.60697117688437,202.9311934187722,203.30918884277344,6154300,0.0,0.0,6966.27978515625,,625.86083984375,203.30918884277344,-0.006631857833021193,0.1718499577742047,0.006475487031883276,0.0,0.009960230387576985,0
2026-01-12 05:00:00+00:00,204.4630603557572,208.79004856995033,202.77205294406903,208.6110076904297,11794300,0.0,0.0,6977.27001953125,,626.3801879882812,208.6110076904297,0.025743392491191848,0.22702252653572655,0.001577633215136931,0.0,0.0008298140919966723,0
2026-01-13 05:00:00+00:00,208.8000046390471,213.25631025751974,207.75555397803453,212.5202178955078,11379600,0.0,0.0,6963.740234375,,625.4513549804688,212.5202178955078,0.018565816332655798,0.24271628503299372,-0.0019391230550597216,0.0,-0.0014828582155441694,1
2026-01-14 05:00:00+00:00,213.59449538718158,217.70266064794117,213.0175606277502,217.39430236816406,11858800,0.0,0.0,6926.60009765625,,618.769775390625,217.39430236816406,0.022675639409205292,0.2629037787572622,-0.005333360445499591,0.0,-0.010682812558703958,1
2026-01-15 05:00:00+00:00,217.07599467784007,218.5879611619112,214.76827073930042,218.40892028808594,8492100,0.0,0.0,6944.47021484375,,620.9970092773438,218.40892028808594,0.004656320561032564,0.21621073490497822,0.0025799262171273263,0.0,0.0035994548785334146,1
2026-01-16 05:00:00+00:00,217.88170337226921,218.94605246635012,216.9864686699265,217.50372314453125,10021500,0.0,0.0,6940.009765625,,620.4776611328125,217.50372314453125,-0.004153118558461663,0.20229859361252492,-0.0006423023039563436,0.0,-0.0008363134391510263,1
2026-01-20 05:00:00+00:00,215.94201883517667,217.5733458657319,213.36571846475653,217.0561065673828,14057100,0.0,0.0,6796.85986328125,,607.2942504882812,217.0561065673828,-0.0020600925573426186,0.1923167165554071,-0.02062675805627745,0.0,-0.021247196265635315,1
2026-01-21 05:00:00+00:00,209.8842366647272,217.523617709026,209.38688065367336,216.85716247558594,14762900,0.0,0.0,6875.6201171875,,615.50390625,216.85716247558594,-0.0009169763633906497,0.17327533309038992,0.011587741323274559,0.0,0.013518415093042524,0
2026-01-22 05:00:00+00:00,217.61314338335688,220.99515803275426,216.946688180368,217.33462524414062,13160000,0.0,0.0,6913.35009765625,,619.978271484375,217.33462524414062,0.0021993182483689856,0.055467985713073494,0.005487502192628835,0.0,0.007269434343049719,0
2026-01-23 05:00:00+00:00,218.63769268831862,220.0402402000813,216.68805056082226,218.97589111328125,6950600,0.0,0.0,6915.60986328125,,621.935791015625,218.97589111328125,0.00752341990008536,0.07206213774854536,0.0003268698377891788,0.0,0.0031574002207581664,0
2026-01-26 05:00:00+00:00,219.04554118755243,220.85590917617478,218.83664498443017,220.3187713623047,6856700,0.0,0.0,6950.22998046875,,624.67236328125,220.3187713623047,0.006113820843583516,0.06679998902492527,0.005006083031276365,0.0,0.0044000880881227555,0
2026-01-27 05:00:00+00:00,220.8260589167103,224.30755083656834,219.53293031085727,223.25315856933594,8154100,0.0,0.0,6978.60009765625,,630.335205078125,223.25315856933594,0.013230909424024833,0.08556986389530354,0.004081896177137168,0.0,0.009065299074749289,0
2026-01-28 05:00:00+00:00,225.20279620683007,227.36133465606514,224.88449625169972,226.5158233642578,9026500,0.0,0.0,6978.02978515625,,632.4225463867188,226.5158233642578,0.014508435027369341,0.08117658662676915,-8.172305219089626e-05,0.0,0.0033114782290084577,0
2026-01-29 05:00:00+00:00,227.60005551381826,228.78376524947475,225.87920796420136,226.0880889892578,9645300,0.0,0.0,6969.009765625,,628.6373291015625,226.0880889892578,-0.0018901051920466086,0.10387448179941526,-0.001292631274007694,0.0,-0.005985266190749683,0
2026-01-30 05:00:00+00:00,227.0529476880107,227.29168402374904,224.13844891577625,226.0482940673828,11045500,0.0,0.0,6939.02978515625,,621.0868530273438,226.0482940673828,-0.00017603061142184464,0.11891343994911237,-0.004301899620894223,0.0,-0.012010861787367544,0
2026-02-02 05:00:00+00:00,227.11265747297156,229.96747613576758,226.0483083177362,229.52980041503906,8187500,0.0,0.0,6976.43994140625,,625.3515014648438,229.52980041503906,0.015284203366560972,0.1345265236429425,0.00539126612916796,0.0,0.006866428449922912,0
2026-02-03 05:00:00+00:00,230.27582535252645,233.95625667459254,229.26121487432323,231.86737060546875,9346600,0.0,0.0,6917.81005859375,,615.7435913085938,231.86737060546875,0.010132659397279694,0.1288948946559996,-0.008403983020698336,0.0,-0.015364015491678096,0
2026-02-04 05:00:00+00:00,233.75731392991355,234.58292668984654,231.70820969161971,233.23011779785156,8641400,0.0,0.0,6882.72021484375,,604.9871826171875,233.23011779785156,0.005860066442543506,0.113246404839572,-0.005072391906223106,0.0,-0.017468973844366742,0
2026-02-05 05:00:00+00:00,233.75732242542819,238.31310525407034,233.74738076944124,236.53256225585938,10267500,0.0,0.0,6798.39990234375,,596.2781982421875,236.53256225585938,0.014060286197809,0.10053532441587047,-0.012251015567674717,0.0,-0.014395320471625062,0
2026-02-06 05:00:00+00:00,237.6963798882826,239.6659053461298,236.72155122592875,238.72093200683594,8274000,0.0,0.0,6932.2998046875,,608.8822631835938,238.72093200683594,0.009209338780362853,0.06047765192147487,0.0196957966973359,0.0,0.021137893316513612,0
2026-02-09 05:00:00+00:00,238.97955391635966,239.466968252147,235.78652177255736,237.37806701660156,9378500,0.0,0.0,6964.81982421875,,613.54638671875,237.37806701660156,-0.005641131588522578,0.11912753187130148,0.004691086716887227,0.0,0.007660140255637327,0
2026-02-10 05:00:00+00:00,238.71098513165373,239.22823962936926,236.62209900682328,237.08961486816406,6723300,0.0,0.0,6941.81005859375,,610.699951171875,237.08961486816406,-0.0012158981316880068,0.12573232303767332,-0.003303712975458173,0.0,-0.004639315964515389,0
2026-02-11 05:00:00+00:00,238.07436773043472,239.9842129594366,236.14462401145659,239.58633422851562,6803900,0.0,0.0,6941.47021484375,,612.337890625,239.58633422851562,0.010475637368854951,0.13304028840154605,-4.895607156218951e-05,0.0,0.0026820690749720377,0
2026-02-12 05:00:00+00:00,239.2083355857912,245.0473052999273,238.41256295657277,243.25682067871094,10254300,0.0,0.0,6832.759765625,,599.8836059570312,243.25682067871094,0.015203931621606777,0.13790141497747568,-0.01566101212770199,0.0,-0.02033890905437341,0
2026-02-13 05:00:00+00:00,243.29659922239838,243.6546961418469,241.32707375448166,242.16262817382812,13268500,0.0,0.0,6836.169921875,,601.1619873046875,242.16262817382812,-0.0045082427607263205,0.14924226834648793,0.0004990891480125548,0.0,0.0021310489817716327,0
2026-02-17 05:00:00+00:00,242.83904656516387,243.19714349398103,240.5909877205504,242.04327392578125,12703000,0.0,0.0,6843.22021484375,,600.542724609375,242.04327392578125,-0.0004929896556264518,0.13450938818838898,0.0010313220779065713,0.0,-0.0010301095351836764,0
2026-02-18 05:00:00+00:00,241.9537577453205,243.7740825673282,241.53598051736643,243.6945037841797,8129700,0.0,0.0,6881.31005859375,,605.027099609375,243.6945037841797,0.006798879127005508,0.1271673641738403,0.005566070147410729,0.0,0.007467203941096567,0
2026-02-19 05:00:00+00:00,243.3264406566298,245.6540782344269,242.97830056910783,245.60433959960938,7553900,0.0,0.0,6861.89013671875,,602.7100219726562,245.60433959960938,0.007806458323592176,0.12188392989557349,-0.0028221256867719813,0.0,-0.003829708848107294,0
2026-02-20 05:00:00+00:00,245.16666739827662,245.57450296026227,239.00939770123207,241.2077178955078,13565800,0.0,0.0,6909.509765625,,608.0433349609375,241.2077178955078,-0.01806340324688731,0.1664378809793824,0.006939724763506794,0.0,0.008848887182637988,0
2026-02-23 05:00:00+00:00,242.3416882762172,245.5048651358389,241.31713613528814,244.5399932861328,9622700,0.0,0.0,6837.75,,600.652587890625,244.5399932861328,0.01372040501144032,0.1948844935015157,-0.010385652247284827,0.0,-0.012154967656684001,0
2026-02-24 05:00:00+00:00,245.35000610351562,247.25,244.5399932861328,246.27999877929688,7246300,1.3,0.0,6890.06982421875,,607.1044921875,246.27999877929688,0.007090227825487471,0.19631680684939876,0.0076516140863223114,0.0,0.010741490883328764,0
2026-02-25 05:00:00+00:00,244.86000061035156,247.25,243.72000122070312,245.1699981689453,7698200,0.0,0.0,6946.1298828125,,615.9033813476562,245.1699981689453,-0.004517255080932447,0.20062044237902077,0.008136355657339944,0.0,0.014493203844452518,0
2026-02-26 05:00:00+00:00,245.11000061035156,245.47000122070312,242.02000427246094,243.47000122070312,7172600,0.0,0.0,6908.85986328125,,608.4727783203125,243.47000122070312,-0.006958103344663161,0.1973795941871271,-0.005365580569328343,0.0,-0.012064559559788246,0
2026-02-27 05:00:00+00:00,244.02999877929688,248.94000244140625,242.5,248.42999267578125,16428600,0.0,0.0,6878.8798828125,,606.5252075195312,248.42999267578125,0.020167349570848408,0.18444215312270074,-0.00433935281103115,0.0,-0.003200752556519526,0
2026-03-02 05:00:00+00:00,249.19000244140625,251.7100067138672,246.8699951171875,248.55999755859375,9042400,0.0,0.0,6881.6201171875,,607.32421875,248.55999755859375,0.0005231690308951577,0.1726082998241835,0.0003983547353176853,0.0,0.0013173586531323167,0
2026-03-03 05:00:00+00:00,246.4600067138672,247.8800048828125,244.36000061035156,246.75,6178700,0.0,0.0,6816.6298828125,,600.8224487304688,246.75,-0.007308576949000106,0.18247136992383522,-0.009444031095625416,0.0,-0.01070559977488339,0
2026-03-04 05:00:00+00:00,245.75,246.57000732421875,243.17999267578125,245.3000030517578,5768000,0.0,0.0,6869.5,,609.9808959960938,245.3000030517578,-0.005893714608226886,0.18504288459924867,0.007756049264286302,0.0,0.015243184213533878,0
2026-03-05 05:00:00+00:00,242.6300048828125,243.0,235.92999267578125,239.6300048828125,9375400,0.0,0.0,6830.7099609375,,608.1431274414062,239.6300048828125,-0.023385876244421677,0.24992886654535693,-0.005646704863891072,0.0,-0.0030128296914716524,0
2026-03-06 05:00:00+00:00,238.1199951171875,240.7899932861328,235.42999267578125,240.39999389648438,7179800,0.0,0.0,6740.02001953125,,598.9946899414062,240.39999389648438,0.0032080898111096854,0.16453309592069695,-0.013276795812569242,0.0,-0.015043230922446638,0
2026-03-09 04:00:00+00:00,240.8699951171875,244.08999633789062,240.0399932861328,242.58999633789062,7844000,0.0,0.0,6795.990234375,,606.99462890625,242.58999633789062,0.009068583177029521,0.1959347204710256,0.008304161513105202,0.0,0.013355609155110137,0
2026-03-10 04:00:00+00:00,242.3000030517578,245.0,240.82000732421875,243.7100067138672,7214100,0.0,0.0,6781.47998046875,,607.004638671875,243.7100067138672,0.004606260947064221,0.20462855475906108,-0.0021351198877325173,0.0,1.6490698843574236e-05,0
2026-03-11 04:00:00+00:00,242.8699951171875,243.69000244140625,241.36000061035156,242.99000549316406,6933200,0.0,0.0,6775.7998046875,,606.9247436523438,242.99000549316406,-0.0029587085592060547,0.202593999145264,-0.0008376012017449197,0.0,-0.00013162176108916235,0
2026-03-12 04:00:00+00:00,241.4600067138672,244.39999389648438,240.3000030517578,242.0399932861328,7710200,0.0,0.0,6672.6201171875,,596.5078735351562,242.0399932861328,-0.0039173388214874495,0.08615508910734027,-0.015227676506708532,0.0,-0.017163363705524626,0
2026-03-13 04:00:00+00:00,244.2100067138672,245.58999633789062,241.5,241.52000427246094,6415300,0.0,0.0,6632.18994140625,,592.9722900390625,241.52000427246094,-0.0021506709269845815,0.08975090422138753,-0.006059115470564369,0.0,-0.005927136342962935,0
2026-03-16 04:00:00+00:00,243.9199981689453,245.05999755859375,241.6699981689453,243.19000244140625,7571500,0.0,0.0,6699.3798828125,,599.6239013671875,243.19000244140625,0.0068907377761957935,0.07785160958698553,0.010130883162251969,0.0,0.011217406681325315,0
2026-03-17 04:00:00+00:00,243.5800018310547,244.13999938964844,237.22000122070312,238.11000061035156,7281800,0.0,0.0,6716.08984375,,602.5502319335938,238.11000061035156,-0.021110286530452105,0.16145505407039087,0.0024942548757938,0.0,0.004880276719680499,0
2026-03-18 04:00:00+00:00,237.8699951171875,239.11000061035156,235.4199981689453,237.27999877929688,6811500,0.0,0.0,6624.7001953125,,594.15087890625,237.27999877929688,-0.0034918810891576223,0.16114742157342768,-0.013607567880073446,0.0,-0.01393967271473795,0
2026-03-19 04:00:00+00:00,238.33999633789062,239.25999450683594,236.30999755859375,237.60000610351562,7511500,0.0,0.0,6606.490234375,,592.273193359375,237.60000610351562,0.0013477399316327691,0.16709855182353112,-0.002748797741878972,0.0,-0.0031602840516394837,0
2026-03-20 04:00:00+00:00,236.8300018310547,238.2899932861328,234.5,235.3699951171875,17156600,0.0,0.0,6506.47998046875,,581.3269653320312,235.3699951171875,-0.009429889868085087,0.17078882239714824,-0.015138182356779217,0.0,-0.018481721188927547,0
2026-03-23 04:00:00+00:00,237.39999389648438,238.30999755859375,234.25,235.4199981689453,7313700,0.0,0.0,6581.0,,588.0,235.4199981689453,0.00021242189791177728,0.14586784989946,0.011453200463990454,0.0,0.011478969781072212,0
2026-03-24 04:00:00+00:00,234.13999938964844,236.0,232.24000549316406,235.27000427246094,9046200,0.0,0.0,6556.3701171875,,583.97998046875,235.27000427246094,-0.0006373362543655078,0.06854996017094182,-0.0037425745042546366,0.0,-0.006836767910289088,0
2026-03-25 04:00:00+00:00,236.8000030517578,241.4600067138672,235.72999572753906,239.92999267578125,6456400,0.0,0.0,6591.89990234375,,587.8200073242188,239.92999267578125,0.019613374653700045,0.16859986388594192,0.005419124381509377,0.0,0.006575613863315066,0
2026-03-26 04:00:00+00:00,240.0,241.64999389648438,238.92999267578125,239.24000549316406,5171400,0.0,0.0,6477.16015625,,573.7899780273438,239.24000549316406,-0.0028799284685987313,0.17260369516689333,-0.017406172392416708,0.0,-0.023867900245077234,0
2026-03-27 04:00:00+00:00,241.19000244140625,242.67999267578125,239.1300048828125,240.4499969482422,7617600,0.0,0.0,6368.85009765625,,562.5800170898438,240.4499969482422,0.005044899894562175,0.1436811738201365,-0.01672184352107431,0.0,-0.019536696991535485,0
2026-03-30 04:00:00+00:00,243.49000549316406,244.2100067138672,240.50999450683594,242.49000549316406,7241300,0.0,0.0,6343.72021484375,,558.280029296875,242.49000549316406,0.008448340035208267,0.14089557826085727,-0.003945748828622642,0.0,-0.00764333545868201,0
2026-03-31 04:00:00+00:00,243.00999450683594,245.3300018310547,242.64999389648438,244.44000244140625,7554200,0.0,0.0,6528.52001953125,,577.1799926757812,244.44000244140625,0.008009394947447778,0.1283664636837477,0.02913114047102594,0.0,0.03385391270884219,0
2026-04-01 04:00:00+00:00,245.60000610351562,247.1999969482422,243.74000549316406,244.1199951171875,6314600,0.0,0.0,6575.31982421875,,584.3099975585938,244.1199951171875,-0.0013100023398630667,0.08363923330750976,0.007168516684867399,0.0,0.012353174006878076,0
2026-04-02 04:00:00+00:00,245.11000061035156,247.2100067138672,241.8699951171875,243.0399932861328,6878700,0.0,0.0,6582.68994140625,,584.97998046875,243.0399932861328,-0.004433876451677718,0.09142791834383815,0.0011208758485563575,0.0,0.0011466223630531847,0
