Date,Open,High,Low,Close,Volume,Dividends,Stock Splits,snp500,vix_close,qqq_close
2021-04-05 04:00:00+00:00,136.76956180083403,137.2479085299614,135.17510874757653,136.07862854003906,13508000,0.9,0.0,4077.909912109375,,321.2608642578125
2021-04-06 04:00:00+00:00,135.34338627258592,136.66325274206028,134.51958652469784,135.12193298339844,13071600,0.0,0.0,4073.93994140625,,321.0377197265625
2021-04-07 04:00:00+00:00,135.6180177908859,137.50479087520506,135.21939100403904,137.23904418945312,16903500,0.0,0.0,4079.949951171875,,321.81402587890625
2021-04-08 04:00:00+00:00,136.41521180915416,137.75278466941833,134.9181855688787,137.40731811523438,12335500,0.0,0.0,4097.169921875,,325.1717834472656
2021-04-09 04:00:00+00:00,138.01857265982088,139.10811927013245,137.27449270723926,138.43490600585938,12122400,0.0,0.0,4128.7998046875,,327.1416931152344
2021-04-12 04:00:00+00:00,137.81484675969273,139.29415347670954,137.80599349184453,138.14259338378906,12273400,0.0,0.0,4127.990234375,,326.7147216796875
2021-04-13 04:00:00+00:00,137.07958928218827,137.47820250896228,135.02449622153836,136.4949493408203,16113600,0.0,0.0,4141.58984375,,330.5285339355469
2021-04-14 04:00:00+00:00,134.1741389849991,136.26465887240974,133.69579224323164,133.94383239746094,19939600,0.0,0.0,4124.66015625,,326.55950927734375
2021-04-15 04:00:00+00:00,133.97928845228427,134.82080855249802,132.26967492885095,134.7942352294922,17694100,0.0,0.0,4170.419921875,,331.508544921875
2021-04-16 04:00:00+00:00,136.30008782568052,136.86700779569176,135.25483462202538,135.79518127441406,13773400,0.0,0.0,4185.47021484375,,331.89678955078125
2021-04-19 04:00:00+00:00,135.90148621047948,136.30896630973294,134.8385128650192,135.2194061279297,11900200,0.0,0.0,4163.259765625,,328.859375
2021-04-20 04:00:00+00:00,134.41333253202296,134.42218580025943,131.6761588056715,132.22537231445312,13716700,0.0,0.0,4134.93994140625,,326.46246337890625
2021-04-21 04:00:00+00:00,130.91435497412823,133.41235522207234,130.0285415840385,133.350341796875,12236700,0.0,0.0,4173.419921875,,329.2572021484375
2021-04-22 04:00:00+00:00,133.0757705226054,133.1377839611835,130.44490310505614,130.54234313964844,15256100,0.0,0.0,4134.97998046875,,325.2882385253906
2021-04-23 04:00:00+00:00,130.37399184308134,133.87296510634272,129.93995198713216,133.04029846191406,14041900,0.0,0.0,4180.169921875,,329.3835144042969
2021-04-26 04:00:00+00:00,133.56295255247787,135.05112619533114,133.20863257469603,133.36807250976562,10799100,0.0,0.0,4187.6201171875,,331.528076171875
2021-04-27 04:00:00+00:00,133.3149033223302,134.26273005311032,132.9694366716541,133.97926330566406,12821200,0.0,0.0,4186.72021484375,,330.0917663574219
2021-04-28 04:00:00+00:00,135.02452630477427,135.4320064046326,134.11213960955956,134.8473663330078,8943700,0.0,0.0,4183.18017578125,,328.9757995605469
2021-04-29 04:00:00+00:00,136.0078056696996,137.54912610298533,135.70663230852807,137.4694061279297,12976900,0.0,0.0,4211.47021484375,,330.15972900390625
2021-04-30 04:00:00+00:00,136.50379581840733,136.84926236574873,135.5382493256128,136.2469024658203,11705100,0.0,0.0,4181.169921875,,327.9956970214844
2021-05-03 04:00:00+00:00,137.16817890684598,137.7262320295545,135.64457912730393,135.8483123779297,11801100,0.0,0.0,4192.66015625,,326.2488708496094
2021-05-04 04:00:00+00:00,135.41425391041884,137.86796015667355,134.7676140859934,137.72622680664062,12977700,0.0,0.0,4164.66015625,,320.3778991699219
2021-05-05 04:00:00+00:00,138.18688509440503,140.2065384875466,136.97332510825962,139.5333251953125,10506700,0.0,0.0,4167.58984375,,319.3006591796875
2021-05-06 04:00:00+00:00,140.0205126269201,142.4564991637856,139.214419292594,142.34133911132812,13542400,0.0,0.0,4201.6201171875,,321.7073974609375
2021-05-07 04:00:00+00:00,139.26757872402914,143.0588588557328,139.09041875381146,142.82855224609375,14257800,0.0,0.0,4232.60009765625,,324.3177490234375
2021-05-10 04:00:00+00:00,143.0588328909906,145.03419255745274,142.72221954716377,142.81080627441406,14014300,0.0,0.0,4188.43017578125,,316.1273193359375
2021-05-11 04:00:00+00:00,142.68678636476108,143.84719944929452,139.99390677160545,140.4368133544922,15451700,0.0,0.0,4152.10009765625,,315.690673828125
2021-05-12 04:00:00+00:00,141.38462721007508,142.42102689881787,139.09922782601342,139.4712677001953,14381700,0.0,0.0,4063.0400390625,,307.51959228515625
2021-05-13 04:00:00+00:00,140.1179314535284,143.90035776316472,139.675024834672,143.058837890625,15395000,0.0,0.0,4112.5,,309.89715576171875
2021-05-14 04:00:00+00:00,143.8472134198371,145.67198655592387,143.49289352569042,145.2822265625,10584000,0.0,0.0,4173.85009765625,,316.7387390136719
2021-05-17 04:00:00+00:00,144.71530713074833,146.02632047986253,144.4141338680211,145.8668670654297,9886800,0.0,0.0,4163.2900390625,,314.81719970703125
2021-05-18 04:00:00+00:00,145.87571576174525,146.6020890959109,143.71434284126835,143.81178283691406,11098100,0.0,0.0,4127.830078125,,312.6919860839844
2021-05-19 04:00:00+00:00,142.61592365585847,142.77536354224253,140.52540398583562,142.71336364746094,13278900,0.0,0.0,4115.68017578125,,313.0510559082031
2021-05-20 04:00:00+00:00,142.46533203125,143.3777185040081,141.30491895520447,142.46533203125,10426000,0.0,0.0,4159.1201171875,,319.1065673828125
2021-05-21 04:00:00+00:00,142.9171000796118,144.5824332399298,142.56278020213165,144.0863800048828,10249000,0.0,0.0,4155.85986328125,,317.3403015136719
2021-05-24 04:00:00+00:00,144.7064506085215,145.4771037977023,143.60803733121725,144.8658905029297,9440300,0.0,0.0,4197.0498046875,,322.6777648925781
2021-05-25 04:00:00+00:00,145.14050774173066,146.77925415930193,143.11198781153988,143.36888122558594,12609100,0.0,0.0,4188.1298828125,,323.1241149902344
2021-05-26 04:00:00+00:00,144.89248575586066,145.04307239258807,142.89053907791708,143.35116577148438,13058300,0.0,0.0,4195.990234375,,324.24981689453125
2021-05-27 04:00:00+00:00,145.2290711518486,145.93772441374594,144.00665812942333,145.58340454101562,15707500,0.0,0.0,4200.8798828125,,323.0367431640625
2021-05-28 04:00:00+00:00,145.87570836043355,146.1060284383306,144.61785526365065,145.4859619140625,10291300,0.0,0.0,4204.10986328125,,324.05572509765625
2021-06-01 04:00:00+00:00,146.92984101834662,147.85109437737117,146.58437438782184,147.08929443359375,9445400,0.0,0.0,4202.0400390625,,322.9786071777344
2021-06-02 04:00:00+00:00,148.1611484544992,148.32060189939196,146.62869501535306,147.09817504882812,10498600,0.0,0.0,4208.1201171875,,323.6093444824219
2021-06-03 04:00:00+00:00,146.52235876041894,148.15225173889317,145.85799888715036,147.19557189941406,13354400,0.0,0.0,4192.85009765625,,320.241943359375
2021-06-04 04:00:00+00:00,147.23105063887286,147.63851723222092,146.18578380203266,147.43478393554688,8510800,0.0,0.0,4229.89013671875,,325.6763916015625
2021-06-07 04:00:00+00:00,147.93079127034437,148.01937798905652,146.28317832392142,146.74380493164062,7267200,0.0,0.0,4226.52001953125,,326.64678955078125
2021-06-08 04:00:00+00:00,145.7074198162014,146.83239286135543,144.52928662462668,146.1591796875,10370700,0.0,0.0,4227.259765625,,326.8020935058594
2021-06-09 04:00:00+00:00,145.39738480678477,145.46825148802247,143.7497716382106,144.33441162109375,12377400,0.0,0.0,4219.5498046875,,326.879638671875
2021-06-10 04:00:00+00:00,145.59226861133575,146.3717886089139,142.00472218885713,142.08444213867188,12119400,0.0,0.0,4239.18017578125,,330.2859802246094
2021-06-11 04:00:00+00:00,142.11099755360996,142.7930774655695,140.89743786006468,141.9869842529297,13683800,0.0,0.0,4247.43994140625,,331.1495666503906
2021-06-14 04:00:00+00:00,141.86299258848757,142.02244600878757,138.77151286559072,139.57760620117188,19917900,0.0,0.0,4255.14990234375,,334.3228759765625
2021-06-15 04:00:00+00:00,138.80691952467308,139.00179950126653,136.53038673110208,137.46047973632812,24485500,0.0,0.0,4246.58984375,,332.139404296875
2021-06-16 04:00:00+00:00,137.06191088921136,139.62191121074804,135.62689743012814,138.4260711669922,25321200,0.0,0.0,4223.7001953125,,330.9263610839844
2021-06-17 04:00:00+00:00,139.16126807945932,139.48016139263265,133.9792551195019,134.43101501464844,29722400,0.0,0.0,4221.85986328125,,335.12835693359375
2021-06-18 04:00:00+00:00,132.25192185811235,132.60624175402845,130.71060192635827,131.0294952392578,43595700,0.0,0.0,4166.4501953125,,332.49853515625
2021-06-21 04:00:00+00:00,132.05701386105733,133.93493324083482,132.00386723958206,133.2528533935547,18664800,0.0,0.0,4224.7900390625,,334.56494140625
2021-06-22 04:00:00+00:00,133.4034652436372,133.73121178251924,131.68498557713028,133.05799865722656,14251200,0.0,0.0,4246.43994140625,,337.68365478515625
2021-06-23 04:00:00+00:00,133.04915858833772,134.67905186088106,132.9517185820205,133.86410522460938,12733300,0.0,0.0,4241.83984375,,337.84881591796875
2021-06-24 04:00:00+00:00,134.5727408830764,135.63571402896002,133.95267434101402,135.09536743164062,13733200,0.0,0.0,4266.490234375,,339.9376525878906
2021-06-25 04:00:00+00:00,135.16622528665232,136.8581316467477,134.35127881079288,136.4595184326172,15484900,0.0,0.0,4280.7001953125,,339.5199279785156
2021-06-28 04:00:00+00:00,136.14948341870925,136.84041661960097,134.74989696867732,136.70755004882812,14125800,0.0,0.0,4290.60986328125,,343.6490173339844
2021-06-29 04:00:00+00:00,137.30106083924923,138.4614740940347,136.06978089883222,136.5392608642578,14528700,0.0,0.0,4291.7998046875,,344.892578125
2021-06-30 04:00:00+00:00,136.19377355736304,138.25771984527788,136.15834697814103,137.7793731689453,12531000,0.0,0.0,4297.5,,344.3486022949219
2021-07-01 04:00:00+00:00,138.41716611499032,139.19668605821502,137.67308626905955,139.14353942871094,10479400,0.0,0.0,4319.93994140625,,344.4845275878906
2021-07-02 04:00:00+00:00,138.93862789893225,139.26827672838118,138.1991644951682,139.00990295410156,11424000,0.9,0.0,4352.33984375,,348.4387512207031
2021-07-06 04:00:00+00:00,138.78717582269684,138.78717582269684,135.73133424935952,136.6757049560547,15083400,0.0,0.0,4343.5400390625,,349.9447021484375
2021-07-07 04:00:00+00:00,135.42842293809764,137.4508103454487,135.01860832341828,136.83607482910156,12271800,0.0,0.0,4358.1298828125,,350.6830749511719
2021-07-08 04:00:00+00:00,135.0720567651414,135.89169956178634,133.67330920518603,134.4751434326172,17834600,0.0,0.0,4320.81982421875,,348.5650939941406
2021-07-09 04:00:00+00:00,136.35494696017335,139.11678347622205,135.93621458354923,138.7782440185547,13694500,0.0,0.0,4369.5498046875,,350.74139404296875
2021-07-12 04:00:00+00:00,137.51315515793425,141.79846720476752,137.14787563105716,140.76499938964844,19940400,0.0,0.0,4384.6298828125,,352.111328125
2021-07-13 04:00:00+00:00,139.02771619536153,140.22154270560705,136.75587323705346,138.6713409423828,22671700,0.0,0.0,4369.2099609375,,352.111328125
2021-07-14 04:00:00+00:00,138.93862108232827,140.12354332702083,136.26586781907992,138.19915771484375,14622800,0.0,0.0,4374.2998046875,,352.7427978515625
2021-07-15 04:00:00+00:00,137.11223212823683,139.45535008984723,136.9340513025068,138.5020751953125,11539300,0.0,0.0,4360.02978515625,,350.2652587890625
2021-07-16 04:00:00+00:00,138.9475603907228,139.23264704705653,134.5464238300087,135.33934020996094,14002700,0.0,0.0,4327.16015625,,347.4283447265625
2021-07-19 04:00:00+00:00,132.34583836311384,133.4773077452115,129.81563514154035,130.9381866455078,22172900,0.0,0.0,4258.490234375,,344.5816650390625
2021-07-20 04:00:00+00:00,130.5373030345036,134.63551748539462,130.3680264473625,133.37933349609375,15385200,0.0,0.0,4323.06005859375,,348.5845642089844
2021-07-21 04:00:00+00:00,135.46402784286119,136.8894878888211,134.84929250541776,136.1856689453125,12356700,0.0,0.0,4358.68994140625,,351.2757568359375
2021-07-22 04:00:00+00:00,136.2035021707036,136.70241390704203,133.61092840402503,134.46620178222656,9913300,0.0,0.0,4367.47998046875,,353.5977783203125
2021-07-23 04:00:00+00:00,134.95622290491735,136.16787164203217,133.8603978305859,134.20785522460938,9666100,0.0,0.0,4411.7900390625,,357.7269287109375
2021-07-26 04:00:00+00:00,133.80696398857532,135.3838925064186,133.78914182384207,135.10769653320312,8208000,0.0,0.0,4422.2998046875,,358.00860595703125
2021-07-27 04:00:00+00:00,133.99403794196442,135.85606656263974,133.4594953935887,134.92950439453125,11218700,0.0,0.0,4401.4599609375,,354.0640869140625
2021-07-28 04:00:00+00:00,135.67787521438657,136.10552557603702,134.42169136073053,135.15223693847656,9217300,0.0,0.0,4400.64013671875,,355.42425537109375
2021-07-29 04:00:00+00:00,136.43515275419978,137.08551894849032,135.33932765531873,136.3104248046875,9063500,0.0,0.0,4419.14990234375,,356.05584716796875
2021-07-30 04:00:00+00:00,135.93624774398745,136.907344941847,134.70677675574072,135.2235107421875,9805200,0.0,0.0,4395.259765625,,354.2000732421875
2021-08-02 04:00:00+00:00,135.44624362822614,137.6022632572644,134.5909700799162,134.6800537109375,10203200,0.0,0.0,4387.16015625,,354.2292175292969
2021-08-03 04:00:00+00:00,135.37496788683222,136.59553461521213,133.21004398386447,136.21243286132812,10394800,0.0,0.0,4423.14990234375,,356.37640380859375
2021-08-04 04:00:00+00:00,134.7513054063066,136.64004662611495,134.4483966435686,134.74240112304688,10155000,0.0,0.0,4402.66015625,,356.891357421875
2021-08-05 04:00:00+00:00,135.66898228351138,136.92517983662307,135.4284306342428,136.44407653808594,9151500,0.0,0.0,4429.10009765625,,359.15509033203125
2021-08-06 04:00:00+00:00,138.26154671041147,140.60466506361132,138.1902716493426,140.31956481933594,13328800,0.0,0.0,4436.52001953125,,357.58111572265625
2021-08-09 04:00:00+00:00,140.33736736739925,141.2550115596133,138.89407137256688,140.1680908203125,9516900,0.0,0.0,4432.35009765625,,358.2418212890625
2021-08-10 04:00:00+00:00,139.64247002681896,142.529035187815,139.25936827863669,141.8875732421875,8667000,0.0,0.0,4436.75,,356.4055480957031
2021-08-11 04:00:00+00:00,142.54682401132686,143.88320048643305,141.72718140458068,143.58029174804688,9156500,0.0,0.0,4442.41015625,,355.79345703125
2021-08-12 04:00:00+00:00,144.2217792381911,144.65832026413224,143.03685692117227,144.14158630371094,8844200,0.0,0.0,4460.830078125,,357.075927734375
2021-08-13 04:00:00+00:00,144.1415966501648,144.47124550722398,142.16377147944905,142.52903747558594,8980900,0.0,0.0,4468.0,,358.32916259765625
2021-08-16 04:00:00+00:00,141.60243899412032,141.682618311788,139.67805380415737,141.59352111816406,8755800,0.0,0.0,4479.7099609375,,358.4847106933594
2021-08-17 04:00:00+00:00,140.38190566779636,141.5311834959897,138.33279228048053,139.8829803466797,9347200,0.0,0.0,4448.080078125,,355.32708740234375
2021-08-18 04:00:00+00:00,139.2593903813291,140.7739482622067,138.39519883392902,138.60902404785156,8065500,0.0,0.0,4400.27001953125,,351.9072265625
2021-08-19 04:00:00+00:00,136.45299716406848,138.5911948169834,136.31935131430558,137.45082092285156,9517700,0.0,0.0,4405.7998046875,,353.607421875
2021-08-20 04:00:00+00:00,137.5131839395258,138.0031779113322,136.45298945852372,137.8428192138672,6974100,0.0,0.0,4441.669921875,,357.27020263671875
2021-08-23 04:00:00+00:00,138.3862887822601,139.95429950270739,138.30610942825336,139.60684204101562,7934600,0.0,0.0,4479.52978515625,,362.61370849609375
2021-08-24 04:00:00+00:00,139.8740950043748,141.25502031723238,139.75827133985538,140.47100830078125,7670900,0.0,0.0,4486.22998046875,,363.7213134765625
2021-08-25 04:00:00+00:00,141.2193404516435,144.1326447392862,140.58679658383008,143.366455078125,11335000,0.0,0.0,4496.18994140625,,364.1391906738281
2021-08-26 04:00:00+00:00,144.5603355312766,145.9590831786276,143.5714161050185,144.10597229003906,11027500,0.0,0.0,4470.0,,361.8268127441406
2021-08-27 04:00:00+00:00,144.1059642164792,145.36216166486895,143.66940957002618,145.26416015625,8780200,0.0,0.0,4509.3701171875,,365.3438720703125
2021-08-30 04:00:00+00:00,145.4067042141322,145.65616011761068,142.43994622526958,142.93885803222656,7937600,0.0,0.0,4528.7900390625,,369.44378662109375
2021-08-31 04:00:00+00:00,142.93887401299588,143.76742115768351,141.9677767377183,142.5023193359375,12340800,0.0,0.0,4522.68017578125,,369.14263916015625
2021-09-01 04:00:00+00:00,142.7428373975788,143.2239269822185,141.62919025372946,142.29737854003906,8729900,0.0,0.0,4524.08984375,,369.7546691894531
2021-09-02 04:00:00+00:00,142.5646742794388,143.98123035970812,142.03902243057053,142.95668029785156,8813300,0.0,0.0,4536.9501953125,,369.579833984375
2021-09-03 04:00:00+00:00,142.89431944036056,143.33977838413554,141.78957636584053,142.09249877929688,7959700,0.0,0.0,4535.43017578125,,370.71649169921875
2021-09-07 04:00:00+00:00,142.53794765256004,143.7763228849883,141.62030338076275,141.84303283691406,9285600,0.0,0.0,4520.02978515625,,371.2411804199219
2021-09-08 04:00:00+00:00,141.5579371553132,142.17267264913158,140.80065154234,141.21047973632812,7852700,0.0,0.0,4514.06982421875,,369.9490661621094
2021-09-09 04:00:00+00:00,141.0056133163794,143.28636150677264,140.83633670009792,141.82525634765625,7904300,0.0,0.0,4493.27978515625,,368.67633056640625
2021-09-10 04:00:00+00:00,143.04572729460807,143.1882773728608,140.07006578128164,140.19479370117188,8311600,0.0,0.0,4458.580078125,,365.8782043457031
2021-09-13 04:00:00+00:00,141.23719684288633,142.59139569663432,140.82738227033113,142.422119140625,10052800,0.0,0.0,4468.72998046875,,365.6255798339844
2021-09-14 04:00:00+00:00,142.94775525831307,143.74067153971725,139.21480758042009,139.93646240234375,11685600,0.0,0.0,4443.0498046875,,364.5860595703125
2021-09-15 04:00:00+00:00,139.62465357094885,141.37976291138116,139.40192409723235,140.90757751464844,11691500,0.0,0.0,4480.7001953125,,367.29669189453125
2021-09-16 04:00:00+00:00,142.02120228555066,143.30412602511805,140.07009023115245,140.84518432617188,10880900,0.0,0.0,4473.75,,367.54931640625
2021-09-17 04:00:00+00:00,140.2126244957346,141.66481102511818,139.87407143761257,140.47988891601562,25581600,0.0,0.0,4432.990234375,,363.1966857910156
2021-09-20 04:00:00+00:00,137.10334257835498,137.7002558855751,134.0742274324531,136.27479553222656,15819900,0.0,0.0,4357.72998046875,,355.69195556640625
2021-09-21 04:00:00+00:00,136.7825947389586,137.69133460830878,135.93622563449807,136.29258728027344,8999900,0.0,0.0,4354.18994140625,,356.12957763671875
2021-09-22 04:00:00+00:00,138.27041186881513,140.0967957082002,138.18132826343296,138.90296936035156,11236200,0.0,0.0,4395.64013671875,,359.45599365234375
2021-09-23 04:00:00+00:00,140.76501709916,144.070328229005,140.47101258402603,143.59812927246094,12336100,0.0,0.0,4448.97998046875,,362.7727355957031
2021-09-24 04:00:00+00:00,143.82975831616062,145.74522596876304,143.27739368215586,145.25521850585938,10102400,0.0,0.0,4455.47998046875,,363.113037109375
2021-09-27 04:00:00+00:00,147.00145871395398,149.1396563120618,146.65400126440323,148.76547241210938,13220900,0.0,0.0,4443.10986328125,,360.21466064453125
2021-09-28 04:00:00+00:00,149.40692087390673,150.83239487304763,147.5894544396133,147.96363830566406,13387900,0.0,0.0,4352.6298828125,,350.0214538574219
2021-09-29 04:00:00+00:00,148.07944088771023,148.6941626980374,147.03705518762249,147.84779357910156,7777100,0.0,0.0,4359.4599609375,,349.4475402832031
2021-09-30 04:00:00+00:00,148.71199598454749,148.77436675517,145.03250115896438,145.83433532714844,13161200,0.0,0.0,4307.5400390625,,348.1637268066406
2021-10-01 04:00:00+00:00,146.1105315861398,149.94148116976393,145.75416987366089,148.89910888671875,11285000,0.0,0.0,4357.0400390625,,350.3229675292969
2021-10-04 04:00:00+00:00,148.75657643850082,151.84806292143443,147.65183324763146,148.73875427246094,14120000,0.0,0.0,4300.4599609375,,342.9698486328125
2021-10-05 04:00:00+00:00,149.86805106327247,152.494163582366,149.3840487611648,151.16766357421875,12292900,1.0,0.0,4345.72021484375,,347.5995788574219
2021-10-06 04:00:00+00:00,150.56715206170296,151.56203047840847,148.7835372638271,151.49032592773438,8692600,0.0,0.0,4363.5498046875,,349.826904296875
2021-10-07 04:00:00+00:00,153.44421920823416,153.7220657864047,151.95638059634337,152.4493408203125,10195400,0.0,0.0,4399.759765625,,353.0366516113281
2021-10-08 04:00:00+00:00,152.38664812924782,153.5697393029528,151.74132069768223,152.56590270996094,8190100,0.0,0.0,4391.33984375,,351.2761535644531
2021-10-11 04:00:00+00:00,153.08570147543713,153.52487300591233,149.19582224876356,149.35714721679688,12154700,0.0,0.0,4361.18994140625,,348.58197021484375
2021-10-12 04:00:00+00:00,148.55946629949358,149.40197767816952,147.68110948345142,148.2099151611328,13032600,0.0,0.0,4350.64990234375,,347.3661804199219
2021-10-13 04:00:00+00:00,147.0537300958119,148.25475070290034,143.94361490008902,144.3021240234375,22753500,0.0,0.0,4363.7998046875,,350.1478271484375
2021-10-14 04:00:00+00:00,144.97431656549836,146.9999187854076,143.45959045151446,146.51593017578125,15176800,0.0,0.0,4438.259765625,,356.596435546875
2021-10-15 04:00:00+00:00,148.20097570088603,149.83220999122946,147.1164630369586,149.33029174804688,14267400,0.0,0.0,4471.3701171875,,358.8432312011719
2021-10-18 04:00:00+00:00,149.2137579032215,151.12285233542477,148.70288176049877,149.27650451660156,12672900,0.0,0.0,4486.4599609375,,362.45166015625
2021-10-19 04:00:00+00:00,150.03833848795588,151.1586964924246,149.30339074867186,151.08700561523438,8053900,0.0,0.0,4519.6298828125,,365.19451904296875
2021-10-20 04:00:00+00:00,150.84502034394944,153.14846953208942,150.09214296795207,153.12158203125,8185600,0.0,0.0,4536.18994140625,,364.718017578125
2021-10-21 04:00:00+00:00,153.04986344586516,153.5607532674933,151.18558605976273,151.92054748535156,8415200,0.0,0.0,4549.77978515625,,366.9452819824219
2021-10-22 04:00:00+00:00,152.39557956864948,154.24192741376942,152.09980340759938,153.96408081054688,8817900,0.0,0.0,4544.89990234375,,363.86199951171875
2021-10-25 04:00:00+00:00,154.79761221404007,155.0216837880608,152.79888392687968,153.211181640625,10159200,0.0,0.0,4566.47998046875,,367.5871276855469
2021-10-26 04:00:00+00:00,153.26498027663456,154.60045198728875,152.852682499278,153.6234893798828,8015100,0.0,0.0,4574.7900390625,,368.74462890625
2021-10-27 04:00:00+00:00,152.65549445989438,152.99607396582704,149.98455134662956,150.42373657226562,9847000,0.0,0.0,4551.68017578125,,369.6005554199219
2021-10-28 04:00:00+00:00,150.84501257114914,152.82579797090264,150.54027845984027,152.6913604736328,7212900,0.0,0.0,4596.419921875,,373.70501708984375
2021-10-29 04:00:00+00:00,153.42628388805707,154.376358864125,151.8219374116783,152.27008056640625,8140100,0.0,0.0,4605.3798828125,,375.5433654785156
2021-11-01 04:00:00+00:00,154.1970797874392,154.45701045754788,151.48133355539872,152.1894073486328,7435500,0.0,0.0,4613.669921875,,376.82720947265625
2021-11-02 04:00:00+00:00,152.1894220491323,153.883402671124,151.40068569984717,152.78993225097656,7173800,0.0,0.0,4630.64990234375,,378.40289306640625
2021-11-03 04:00:00+00:00,152.4851951680816,153.38148148320346,151.60682473236662,152.8437042236328,8402700,0.0,0.0,4660.56982421875,,382.419921875
2021-11-04 04:00:00+00:00,152.36868478191192,152.54793932287697,149.22272450780412,150.83602905273438,9574200,0.0,0.0,4680.06005859375,,387.32196044921875
2021-11-05 04:00:00+00:00,151.3827764414129,152.44935950868373,150.04731837923842,150.62094116210938,7975600,0.0,0.0,4697.52978515625,,387.6915588378906
2021-11-08 05:00:00+00:00,151.5172261410369,153.19327741544467,151.23937953150897,151.52618408203125,6413700,0.0,0.0,4701.7001953125,,387.16632080078125
2021-11-09 05:00:00+00:00,149.99352494596204,150.99736127355266,149.32131018882671,150.37892150878906,7990300,0.0,0.0,4685.25,,384.5012512207031
2021-11-10 05:00:00+00:00,150.08312187832058,151.42755118211488,149.76045829836028,150.23548889160156,6999200,0.0,0.0,4646.7099609375,,378.85028076171875
2021-11-11 05:00:00+00:00,150.14590000713164,151.1855818264509,149.59019314502248,150.2265625,5815300,0.0,0.0,4649.27001953125,,379.9007568359375
2021-11-12 05:00:00+00:00,150.26239672616083,150.34307288925447,148.53257068569053,149.55433654785156,8113400,0.0,0.0,4682.85009765625,,383.898193359375
2021-11-15 05:00:00+00:00,149.86804047643008,150.38787450309113,148.78352801970303,149.2854461669922,6492500,0.0,0.0,4682.7998046875,,383.81072998046875
2021-11-16 05:00:00+00:00,149.73359925972483,149.7425708762499,147.99480150820128,148.2099151611328,9706100,0.0,0.0,4700.89990234375,,386.5438232421875
2021-11-17 05:00:00+00:00,148.075518987288,148.3892110995548,146.44427076900598,147.41226196289062,9909600,0.0,0.0,4688.669921875,,386.74798583984375
2021-11-18 05:00:00+00:00,147.340500922913,147.75279862898236,145.70029539046854,146.1394805908203,8122500,0.0,0.0,4704.5400390625,,390.7552795410156
2021-11-19 05:00:00+00:00,144.57097033800943,145.29695998960133,142.91283535687944,144.23037719726562,12193600,0.0,0.0,4697.9599609375,,392.93402099609375
2021-11-22 05:00:00+00:00,147.13436039941146,148.7655943328011,146.0857070830374,147.30465698242188,14549900,0.0,0.0,4682.93994140625,,388.372314453125
2021-11-23 05:00:00+00:00,148.33538207453157,151.07801595369253,148.2188604795857,150.82705688476562,12354400,0.0,0.0,4690.7001953125,,386.6022033691406
2021-11-24 05:00:00+00:00,150.98841152076474,151.86676835503454,149.17790918069255,149.64398193359375,9629800,0.0,0.0,4701.4599609375,,387.8471374511719
2021-11-26 05:00:00+00:00,145.3238615183155,145.78096261221904,142.34819808563626,145.13563537597656,13619300,0.0,0.0,4594.6201171875,,380.4940490722656
2021-11-29 05:00:00+00:00,146.37250147980674,147.69004332702576,143.24447130172604,144.5082244873047,12104400,0.0,0.0,4655.27001953125,,388.751708984375
2021-11-30 05:00:00+00:00,142.65293861195255,143.97048063929282,141.8731601883517,142.35716247558594,18922600,0.0,0.0,4567.0,,383.0423583984375
2021-12-01 05:00:00+00:00,144.30213059625441,146.33670483835823,141.4340164500876,141.51467895507812,12253400,0.0,0.0,4513.0400390625,,376.52569580078125
2021-12-02 05:00:00+00:00,143.25347666670322,146.31877493537897,142.330302641762,144.4903564453125,12969900,0.0,0.0,4577.10009765625,,379.2392883300781
2021-12-03 05:00:00+00:00,144.75023875296867,145.04601487578034,140.88724695339496,141.87315368652344,12681800,0.0,0.0,4538.43017578125,,372.6448974609375
2021-12-06 05:00:00+00:00,144.31107538373945,145.74513916422782,142.9218423369332,143.5492401123047,11186500,0.0,0.0,4591.669921875,,375.6308288574219
2021-12-07 05:00:00+00:00,145.09084973411137,146.4442373019538,144.44552241899893,145.70928955078125,9851600,0.0,0.0,4686.75,,386.9425964355469
2021-12-08 05:00:00+00:00,145.78993081848213,146.33666600094975,143.55817303898448,144.04217529296875,11705700,0.0,0.0,4701.2099609375,,388.673828125
2021-12-09 05:00:00+00:00,143.09209661351704,144.23934193762955,142.19581034928893,143.81809997558594,11189600,0.0,0.0,4667.4501953125,,382.9548034667969
2021-12-10 05:00:00+00:00,144.58892110736258,144.92950062183732,142.62605180505082,143.24449157714844,10405400,0.0,0.0,4712.02001953125,,387.1176452636719
2021-12-13 05:00:00+00:00,142.9576838661397,143.2176009101665,140.967926921364,141.5415496826172,12069000,0.0,0.0,4668.97021484375,,381.5249938964844
2021-12-14 05:00:00+00:00,141.1202846598583,144.2035119267438,140.9858471763436,142.6260528564453,12563600,0.0,0.0,4634.08984375,,377.576171875
2021-12-15 05:00:00+00:00,143.2714199836035,143.2714199836035,141.03070346009545,141.55950927734375,14014200,0.0,0.0,4709.85009765625,,386.1839599609375
2021-12-16 05:00:00+00:00,143.75534010034303,145.03703645150352,142.2406142654451,143.7732696533203,19542800,0.0,0.0,4668.669921875,,376.25335693359375
2021-12-17 05:00:00+00:00,142.7963974306235,142.850172442097,139.08575752396177,140.50189208984375,28082000,0.0,0.0,4620.64013671875,,374.37615966796875
2021-12-20 05:00:00+00:00,138.4852261836647,138.65552281177332,136.0921428008289,137.97434997558594,15148000,0.0,0.0,4568.02001953125,,370.7445983886719
2021-12-21 05:00:00+00:00,139.29186850092006,140.87828553412785,139.00505029698178,139.90133666992188,11291300,0.0,0.0,4649.22998046875,,379.0419616699219
2021-12-22 05:00:00+00:00,139.5966050070057,140.7707379877258,139.139503872325,140.4480743408203,7273000,0.0,0.0,4696.56005859375,,383.65814208984375
2021-12-23 05:00:00+00:00,141.26371795729386,142.61710566939774,140.9052088223482,140.95001220703125,8055200,0.0,0.0,4725.7900390625,,386.5505676269531
2021-12-27 05:00:00+00:00,141.25473466269463,141.79249826859342,140.12540510544284,141.75665283203125,6188100,0.0,0.0,4791.18994140625,,392.93914794921875
2021-12-28 05:00:00+00:00,141.79247575129205,143.54023112633914,141.68492578244062,142.1868438720703,6342300,0.0,0.0,4786.35009765625,,391.1180114746094
2021-12-29 05:00:00+00:00,142.3751040617547,143.0742063790569,141.74769262334644,142.11517333984375,6398900,0.0,0.0,4793.06005859375,,391.0596008300781
2021-12-30 05:00:00+00:00,142.60810648914855,143.62091433305034,141.9448497374241,142.04344177246094,6948200,0.0,0.0,4778.72998046875,,389.89093017578125
2021-12-31 05:00:00+00:00,142.01659187897172,142.76946924972364,141.57742025082302,141.92697143554688,5805900,0.0,0.0,4766.18017578125,,387.45623779296875
2022-01-03 05:00:00+00:00,143.28035582866227,145.77203112442172,142.96665009325346,144.9295196533203,13120900,0.0,0.0,4796.56005859375,,391.1861877441406
2022-01-04 05:00:00+00:00,147.26880485781015,151.09595132051288,147.19710031018116,150.42373657226562,20195800,0.0,0.0,4793.5400390625,,386.1123352050781
2022-01-05 05:00:00+00:00,151.31640038878064,151.80329013211062,147.62860510009205,147.67369079589844,17539400,1.0,0.0,4700.580078125,,374.2505187988281
2022-01-06 05:00:00+00:00,150.49587415594445,150.91062950084512,147.75482368939643,149.24256896972656,14047500,0.0,0.0,4696.0498046875,,373.9875793457031
2022-01-07 05:00:00+00:00,149.37780644172148,151.05489230050952,148.82779404291946,150.72128295898438,13913300,0.0,0.0,4677.02978515625,,369.9361877441406
2022-01-10 05:00:00+00:00,152.44345768645198,152.65984699001987,149.25157787661314,150.8655548095703,12922500,0.0,0.0,4670.2900390625,,370.1796875
2022-01-11 05:00:00+00:00,151.7131120078545,151.9475521123548,149.95488001521278,151.0188446044922,11854100,0.0,0.0,4713.06982421875,,375.7405700683594
2022-01-12 05:00:00+00:00,151.89343375518527,152.9122987513869,150.73929793807142,151.87539672851562,12568000,0.0,0.0,4726.35009765625,,377.2306213378906
2022-01-13 05:00:00+00:00,151.7852334296692,153.11067291689878,151.37948973644444,151.68605041503906,13623400,0.0,0.0,4659.02978515625,,367.793701171875
2022-01-14 05:00:00+00:00,144.95068706777226,145.19413883526272,141.47028298920227,142.36293029785156,40158400,0.0,0.0,4662.85009765625,,370.08233642578125
2022-01-18 05:00:00+00:00,140.46041256008874,140.46041256008874,135.7357153001426,136.39393615722656,32324800,0.0,0.0,4577.10986328125,,360.8695373535156
2022-01-19 05:00:00+00:00,136.6644503963154,137.25953483287398,133.94143657995036,134.2840576171875,22380000,0.0,0.0,4532.759765625,,356.90576171875
2022-01-20 05:00:00+00:00,134.33815443163346,135.7988373379188,132.8684461317594,133.13894653320312,14860800,0.0,0.0,4482.72998046875,,352.2701110839844
2022-01-21 05:00:00+00:00,132.9946961299702,133.00370776657778,130.08234155176575,130.81268310546875,20705400,0.0,0.0,4397.93994140625,,342.5021667480469
2022-01-24 05:00:00+00:00,128.28802230871474,131.17332792725574,125.84453448731847,130.69544982910156,28471400,0.0,0.0,4410.1298828125,,344.0701599121094
2022-01-25 05:00:00+00:00,129.52327453761563,132.40859355763388,126.94452995027333,132.12005615234375,18915900,0.0,0.0,4356.4501953125,,336.0941162109375
2022-01-26 05:00:00+00:00,134.094712438551,135.7627869034802,131.60613883252398,133.37338256835938,20709100,0.0,0.0,4349.93017578125,,335.5682067871094
2022-01-27 05:00:00+00:00,134.72588429756982,135.59148297942178,129.95611430602813,131.0200653076172,17536800,0.0,0.0,4326.509765625,,332.18890380859375
2022-01-28 05:00:00+00:00,130.0101870209384,132.32744302628882,128.18883235834684,132.19219970703125,14117000,0.0,0.0,4431.85009765625,,342.6093444824219
2022-01-31 05:00:00+00:00,131.317609923402,134.1578301341488,130.44299963461228,133.9865264892578,13985700,0.0,0.0,4515.5498046875,,353.5653991699219
2022-02-01 05:00:00+00:00,134.06764790281895,136.57425824240727,133.71600152448022,136.2857208251953,14584900,0.0,0.0,4546.5400390625,,355.9709167480469
2022-02-02 05:00:00+00:00,135.69964411424328,136.09637617210524,133.50861991953408,135.19471740722656,12441100,0.0,0.0,4589.3798828125,,358.8632507324219
2022-02-03 05:00:00+00:00,135.24883473438163,136.73656641317066,133.7069919647916,134.07667541503906,12474900,0.0,0.0,4477.43994140625,,344.3135681152344
2022-02-04 05:00:00+00:00,134.43733604731216,138.40462936624814,134.13978698465868,137.55706787109375,16654400,0.0,0.0,4500.52978515625,,348.6571044921875
2022-02-07 05:00:00+00:00,138.1972510091852,138.5128233408308,136.01523831868516,138.0169219970703,12572300,0.0,0.0,4483.8701171875,,345.8523254394531
2022-02-08 05:00:00+00:00,139.75710492577593,142.89487349374323,139.57677592912873,140.61367797851562,20411400,0.0,0.0,4521.5400390625,,349.7381286621094
2022-02-09 05:00:00+00:00,141.19078844693837,141.94817875291554,140.4965208789053,141.19981384277344,9131100,0.0,0.0,4587.18017578125,,357.1493225097656
2022-02-10 05:00:00+00:00,141.25386173856685,143.39078855318846,139.95547094955404,140.61367797851562,16455600,0.0,0.0,4504.080078125,,349.06610107421875
2022-02-11 05:00:00+00:00,140.3071462427198,142.63342792639324,137.92676722471822,138.78334045410156,16830000,0.0,0.0,4418.64013671875,,337.9931335449219
2022-02-14 05:00:00+00:00,137.7103621124639,138.56693532930305,135.5373745855073,137.4939727783203,17026500,0.0,0.0,4401.669921875,,338.4118347167969
2022-02-15 05:00:00+00:00,139.31528428649779,140.60466341418777,138.72019998578418,139.504638671875,9500000,0.0,0.0,4471.06982421875,,346.8261413574219
2022-02-16 05:00:00+00:00,138.62104062308677,140.74895612190988,138.62104062308677,139.7571258544922,9076500,0.0,0.0,4475.009765625,,346.738525390625
2022-02-17 05:00:00+00:00,137.9538345783141,138.61204183216898,135.85296734191874,136.53822326660156,11367500,0.0,0.0,4380.259765625,,336.4252014160156
2022-02-18 05:00:00+00:00,137.16936360870864,138.98169292252197,136.26770476951796,137.17837524414062,11733300,0.0,0.0,4348.8701171875,,332.58807373046875
2022-02-22 05:00:00+00:00,135.78980933234305,138.17018781328053,135.61849197347453,136.93490600585938,11333500,0.0,0.0,4304.759765625,,329.24774169921875
2022-02-23 05:00:00+00:00,138.0620310247679,138.22433681003344,133.41849236366994,134.06768798828125,11799000,0.0,0.0,4225.5,,320.81402587890625
2022-02-24 05:00:00+00:00,128.8831519298828,130.73155580747985,126.03390591668523,130.33482360839844,25655100,0.0,0.0,4288.7001953125,,331.59478759765625
2022-02-25 05:00:00+00:00,130.96594393403072,135.36604338931622,130.65938323643374,133.41845703125,18367700,0.0,0.0,4384.64990234375,,336.7369079589844
2022-02-28 05:00:00+00:00,129.43315072961323,130.7946508511682,127.02572287797963,127.8552474975586,31315300,0.0,0.0,4373.93994140625,,337.7399597167969
2022-03-01 05:00:00+00:00,126.26829337023882,126.66502544692199,120.4435851773985,123.03134155273438,36840400,0.0,0.0,4306.259765625,,332.56866455078125
2022-03-02 05:00:00+00:00,123.78873986026287,126.26830174578382,123.17561843433538,125.58304595947266,19405600,0.0,0.0,4386.5400390625,,338.14892578125
2022-03-03 05:00:00+00:00,126.08797317108902,127.11586373331227,123.58136261131266,124.69039916992188,16640800,0.0,0.0,4363.490234375,,333.3185729980469
2022-03-04 05:00:00+00:00,121.66983342025418,122.10262576615227,119.37961250017631,121.18292999267578,21016000,0.0,0.0,4328.8701171875,,328.4881286621094
2022-03-07 05:00:00+00:00,119.1722518698656,119.64111833721554,116.26890919141296,116.50334930419922,27560100,0.0,0.0,4201.08984375,,316.373046875
2022-03-08 05:00:00+00:00,116.89105034254813,118.82961132660652,114.75411643582969,115.68283081054688,19207800,0.0,0.0,4170.7001953125,,314.9025573730469
2022-03-09 05:00:00+00:00,119.83047163459888,121.94036408108737,119.4157162129182,120.31737518310547,17536200,0.0,0.0,4277.8798828125,,326.23846435546875
2022-03-10 05:00:00+00:00,118.89273834228516,120.32637263388989,117.50418974551918,118.89273834228516,15604200,0.0,0.0,4259.52001953125,,322.6155700683594
2022-03-11 05:00:00+00:00,119.46078288187726,120.89441711411023,115.79102485389355,116.21480560302734,20061800,0.0,0.0,4204.31005859375,,315.9251403808594
2022-03-14 04:00:00+00:00,116.7287645318465,119.84849654865901,116.52137308375106,117.36893463134766,15786900,0.0,0.0,4173.10986328125,,309.8579406738281
2022-03-15 04:00:00+00:00,118.83863793077913,120.41654090167052,118.23452815862449,119.4517593383789,15096600,0.0,0.0,4262.4501953125,,319.57708740234375
2022-03-16 04:00:00+00:00,121.60671917413966,124.87073341849661,121.20998709684156,124.7895736694336,20354900,0.0,0.0,4357.85986328125,,331.4292297363281
2022-03-17 04:00:00+00:00,123.40104086989797,126.40356673734074,122.55347928015323,126.36749267578125,17050500,0.0,0.0,4411.669921875,,335.4415283203125
2022-03-18 04:00:00+00:00,126.40357184673906,126.99867006251533,124.84370569771082,126.32242584228516,23656500,0.0,0.0,4463.1201171875,,342.30743408203125
2022-03-21 04:00:00+00:00,126.54783638137619,126.91750608657999,125.08713955857726,125.91666412353516,12676100,0.0,0.0,4461.18017578125,,341.3557434082031
2022-03-22 04:00:00+00:00,128.27898642741008,129.77572940530004,127.78307139337129,128.5945587158203,13548600,0.0,0.0,4511.60986328125,,348.06427001953125
2022-03-23 04:00:00+00:00,127.1158623934614,127.66587484909542,125.51091072126162,126.03387451171875,12093200,0.0,0.0,4456.240234375,,343.0620422363281
2022-03-24 04:00:00+00:00,126.50271615126607,126.87239951377938,125.42974011569896,126.85436248779297,10017600,0.0,0.0,4520.16015625,,350.6872253417969
2022-03-25 04:00:00+00:00,127.21501583333615,129.09947911292707,126.95354087802751,127.96339416503906,8383500,0.0,0.0,4543.06005859375,,350.3948059082031
2022-03-28 04:00:00+00:00,126.23223905920848,127.10684924477648,124.33874997003147,127.01667785644531,10818100,0.0,0.0,4575.52001953125,,355.816162109375
2022-03-29 04:00:00+00:00,129.25279239674674,129.47820709310784,126.44863302368573,127.29618072509766,11316500,0.0,0.0,4631.60009765625,,361.93963623046875
2022-03-30 04:00:00+00:00,127.94538808261238,128.14375413456614,126.15109573751576,126.71913146972656,8771000,0.0,0.0,4602.4501953125,,357.94189453125
2022-03-31 04:00:00+00:00,126.07895634675783,126.54782279250774,122.86002770702568,122.91413879394531,17353900,0.0,0.0,4530.41015625,,353.5052185058594
2022-04-01 04:00:00+00:00,123.88791979980071,123.89694519351288,120.64195621273164,122.00345611572266,15721300,0.0,0.0,4545.85986328125,,352.8324890136719
2022-04-04 04:00:00+00:00,120.93049450844931,123.47317936268936,119.82145784732646,122.54447174072266,17416400,0.0,0.0,4582.64013671875,,360.0967712402344
2022-04-05 04:00:00+00:00,121.78144696178055,122.98952990622735,120.81859257491729,121.11834716796875,12110300,1.0,0.0,4525.1201171875,,352.10113525390625
2022-04-06 04:00:00+00:00,119.51967472201088,120.40984624469272,118.95650696320031,119.43792724609375,12914700,0.0,0.0,4481.14990234375,,344.4565124511719
2022-04-07 04:00:00+00:00,118.94740997617824,119.82850303127752,116.93088915525023,119.07457733154297,12994200,0.0,0.0,4500.2099609375,,345.2756042480469
2022-04-08 04:00:00+00:00,119.60142618341868,121.62702558423577,119.43793122613627,121.2546157836914,13126900,0.0,0.0,4488.27978515625,,340.448974609375
2022-04-11 04:00:00+00:00,120.8095474243164,122.53539255772422,120.41896681862539,120.8095474243164,10466400,0.0,0.0,4412.52978515625,,332.3947448730469
2022-04-12 04:00:00+00:00,120.02834065018254,122.24469788930124,118.72032563298447,119.48332977294922,12989900,0.0,0.0,4397.4501953125,,330.99066162109375
2022-04-13 04:00:00+00:00,115.3049694963408,117.4032379137628,114.4602109115174,115.63197326660156,30838000,0.0,0.0,4446.58984375,,337.71868896484375
2022-04-14 04:00:00+00:00,114.90529481904719,116.54031364384889,113.5609452375323,114.56012725830078,18835200,0.0,0.0,4392.58984375,,329.9960021972656
2022-04-18 04:00:00+00:00,114.1513635368558,117.39415187006067,114.0332815447342,116.6856460571289,11834400,0.0,0.0,4391.68994140625,,330.2496337890625
2022-04-19 04:00:00+00:00,116.67655742232519,119.28350906413976,116.47672102162295,119.1018295288086,15015400,0.0,0.0,4462.2099609375,,337.63092041015625
2022-04-20 04:00:00+00:00,120.3735201503462,121.27277011702424,119.30166907646961,119.5196762084961,13430200,0.0,0.0,4459.4501953125,,332.7067565917969
2022-04-21 04:00:00+00:00,120.10100627922701,120.63692484848677,118.04815790567835,118.59315490722656,12174200,0.0,0.0,4393.66015625,,325.82275390625
2022-04-22 04:00:00+00:00,118.3388229933567,118.55683011524108,115.07787775880739,115.18687438964844,14318800,0.0,0.0,4271.77978515625,,317.2907409667969
2022-04-25 04:00:00+00:00,114.46020809718202,115.4684685423448,111.82601420378467,115.15054321289062,17149000,0.0,0.0,4296.1201171875,,321.3665771484375
2022-04-26 04:00:00+00:00,113.21577966345569,114.82354935774018,111.60801689927274,111.7442626953125,17209500,0.0,0.0,4175.2001953125,,309.2366027832031
2022-04-27 04:00:00+00:00,111.11751891921612,112.2347761045314,110.10925837826214,110.29092407226562,17215200,0.0,0.0,4183.9599609375,,308.86614990234375
2022-04-28 04:00:00+00:00,111.55350709488083,112.31651817204957,110.0365772333767,112.03492736816406,13015600,0.0,0.0,4287.5,,319.8356628417969
2022-04-29 04:00:00+00:00,111.7715162486986,112.2801856893102,108.00189453819128,108.41973114013672,14874800,0.0,0.0,4131.93017578125,,305.4436340332031
2022-05-02 04:00:00+00:00,108.89205816129036,109.64598383472966,107.38421374451264,109.4098129272461,18545000,0.0,0.0,4155.3798828125,,310.54327392578125
2022-05-03 04:00:00+00:00,110.39084342417641,112.78886664634277,109.70958666946774,111.75335693359375,15720900,0.0,0.0,4175.47998046875,,310.874755859375
2022-05-04 04:00:00+00:00,111.54444185876808,115.72281522681074,111.48993660602828,115.45030975341797,17128500,0.0,0.0,4300.169921875,,321.3860778808594
2022-05-05 04:00:00+00:00,113.76987211959876,114.54196168209465,110.96309776261796,112.56177520751953,15055400,0.0,0.0,4146.8701171875,,305.1997985839844
2022-05-06 04:00:00+00:00,112.45277310802744,112.89785886925199,110.07291392272015,112.3801040649414,14417900,0.0,0.0,4123.33984375,,301.54327392578125
2022-05-09 04:00:00+00:00,110.91767547295842,112.02585415446022,109.45524385951447,110.69058990478516,14312300,0.0,0.0,3991.239990234375,,289.7447814941406
2022-05-10 04:00:00+00:00,111.82603444101008,112.43462219135075,106.78473130286848,107.99282836914062,16382400,0.0,0.0,4001.050048828125,,293.2648010253906
2022-05-11 04:00:00+00:00,108.36523430227344,111.62617968658363,107.12988827526584,107.31155395507812,14630300,0.0,0.0,3935.179931640625,,284.567138671875
2022-05-12 04:00:00+00:00,106.27605675095734,107.47506839607175,104.7954611902039,107.22073364257812,16318800,0.0,0.0,3930.080078125,,283.89434814453125
2022-05-13 04:00:00+00:00,108.46516809997871,109.22817238101437,107.14806747661602,108.17449188232422,10443200,0.0,0.0,4023.889892578125,,294.4154052734375
2022-05-16 04:00:00+00:00,107.67490512774322,108.51057844302753,106.48497884336876,107.42057037353516,10269000,0.0,0.0,4008.010009765625,,291.00262451171875
2022-05-17 04:00:00+00:00,109.94575254209087,111.69885345380604,109.73683076438104,110.98126220703125,11160200,0.0,0.0,4088.85009765625,,298.5400085449219
2022-05-18 04:00:00+00:00,110.1819172946116,110.79050493666445,108.57414763712704,109.08281707763672,12664900,0.0,0.0,3923.679931640625,,283.88458251953125
2022-05-19 04:00:00+00:00,107.35697626208484,108.68315515891753,106.84829987295196,107.46597290039062,12765800,0.0,0.0,3900.7900390625,,282.3634033203125
2022-05-20 04:00:00+00:00,108.51057285934253,108.70132391518301,104.47753073556694,106.58488464355469,13150100,0.0,0.0,3901.360107421875,,281.4858093261719
2022-05-23 04:00:00+00:00,109.41891436154341,114.96888645696252,109.40982899797083,113.17945098876953,24376700,0.0,0.0,3973.75,,286.1662902832031
2022-05-24 04:00:00+00:00,112.96145254966146,115.80456154360846,111.82602463880535,114.77813720703125,19324900,0.0,0.0,3941.47998046875,,280.0817565917969
2022-05-25 04:00:00+00:00,114.70546112163284,116.14064357614728,113.6972006442298,115.57746887207031,12780400,0.0,0.0,3978.72998046875,,284.0016174316406
2022-05-26 04:00:00+00:00,116.6038956464279,118.25708527158294,116.45857141339064,117.5758285522461,15990900,0.0,0.0,4057.840087890625,,291.8704833984375
2022-05-27 04:00:00+00:00,118.22983006765288,119.23809051513672,117.30331709586166,119.23809051513672,11177800,0.0,0.0,4158.240234375,,301.39703369140625
2022-05-31 04:00:00+00:00,118.24799528459808,120.94577305460936,117.82108715020716,120.11009979248047,17015000,0.0,0.0,4132.14990234375,,300.597412109375
2022-06-01 04:00:00+00:00,120.69144752227814,120.69144752227814,116.87641230062839,118.00276184082031,10768000,0.0,0.0,4101.22998046875,,298.3742980957031
2022-06-02 04:00:00+00:00,117.99365219226368,119.91025488542228,116.87639511072088,119.90117645263672,8374800,0.0,0.0,4176.81982421875,,306.54541015625
2022-06-03 04:00:00+00:00,119.1835899935739,119.69225942430099,118.0754113651174,118.22982788085938,8596000,0.0,0.0,4108.5400390625,,298.56927490234375
2022-06-06 04:00:00+00:00,119.07459480210566,120.25544262386137,117.5940062031713,117.83924865722656,11323500,0.0,0.0,4121.43017578125,,299.56378173828125
2022-06-07 04:00:00+00:00,117.02173713540805,118.3751721169585,116.83097915886881,118.14808654785156,6722200,0.0,0.0,4160.68017578125,,302.1478271484375
2022-06-08 04:00:00+00:00,117.1761646270752,117.58491591768689,115.26864705405023,116.267822265625,8422100,0.0,0.0,4115.77001953125,,299.9734191894531
2022-06-09 04:00:00+00:00,115.69556118741495,116.3586541153249,113.78803681429676,113.82437133789062,13560100,0.0,0.0,4017.820068359375,,291.9388122558594
2022-06-10 04:00:00+00:00,111.35368558367267,112.08944760111972,108.38340914245269,108.59233093261719,12945200,0.0,0.0,3900.860107421875,,281.6418762207031
2022-06-13 04:00:00+00:00,106.14887228605704,107.13896197849859,104.51385351951916,105.35861206054688,16805600,0.0,0.0,3749.6298828125,,268.546630859375
2022-06-14 04:00:00+00:00,104.95895719379872,106.56672004093218,102.8425179381667,103.60552215576172,13357900,0.0,0.0,3735.47998046875,,269.0341491699219
2022-06-15 04:00:00+00:00,105.02254580211081,106.23063586993884,102.79710286959158,104.83179473876953,14083500,0.0,0.0,3789.989990234375,,275.7523498535156
2022-06-16 04:00:00+00:00,103.42385161420655,103.78718990892105,101.61625243388144,103.03326416015625,16724900,0.0,0.0,3666.77001953125,,264.62677001953125
2022-06-17 04:00:00+00:00,103.13318601982735,104.12327580466221,101.87967613524056,102.66992950439453,30919900,0.0,0.0,3674.840087890625,,267.844482421875
2022-06-21 04:00:00+00:00,105.24960661206133,106.30327989436726,104.49568097009121,105.21327209472656,11680500,0.0,0.0,3764.7900390625,,274.6021423339844
2022-06-22 04:00:00+00:00,104.35036592384174,105.54937754002775,103.90528011596642,104.62287139892578,9842700,0.0,0.0,3759.889892578125,,274.2016296386719
2022-06-23 04:00:00+00:00,104.46845984233711,104.62287638486268,101.26201232587104,103.47836303710938,11851500,0.0,0.0,3795.72998046875,,278.2851867675781
2022-06-24 04:00:00+00:00,102.85160235034752,107.02089020814364,102.48826404195286,106.56671905517578,14841100,0.0,0.0,3911.739990234375,,287.8202819824219
2022-06-27 04:00:00+00:00,107.23889846119197,107.63857132340105,105.04071157924665,105.71288299560547,11280500,0.0,0.0,3900.110107421875,,285.7100830078125
2022-06-28 04:00:00+00:00,106.88463254709411,108.35614950968552,105.00436433772249,105.2042007446289,11590900,0.0,0.0,3821.550048828125,,277.0054016113281
2022-06-29 04:00:00+00:00,105.36770941231696,106.11254983957924,104.21411771196144,104.73187255859375,9338400,0.0,0.0,3818.830078125,,277.2594299316406
2022-06-30 04:00:00+00:00,102.79709107473845,103.62368585114335,100.76240636912074,102.28842163085938,15172600,0.0,0.0,3785.3798828125,,273.82049560546875
2022-07-01 04:00:00+00:00,102.32474748539616,103.93251008724718,100.97131958394183,103.59642791748047,10573600,0.0,0.0,3825.330078125,,275.6279296875
2022-07-05 04:00:00+00:00,101.50709683666992,103.28487079758956,100.1600282590382,103.20240020751953,12514200,1.0,0.0,3831.389892578125,,280.3465881347656
2022-07-06 04:00:00+00:00,102.38681530801372,103.54144540722169,101.5254186064502,102.53343200683594,10656200,0.0,0.0,3845.080078125,,282.1441345214844
2022-07-07 04:00:00+00:00,104.00881915967594,105.2917487238029,103.9171828318248,105.12680053710938,10347400,0.0,0.0,3902.6201171875,,288.1817932128906
2022-07-08 04:00:00+00:00,105.52999476713383,105.97901760800858,104.10960740399186,104.79689025878906,8807800,0.0,0.0,3899.3798828125,,288.5432434082031
2022-07-11 04:00:00+00:00,104.05461992547765,104.67775661770675,102.83583673471452,103.42231750488281,7939500,0.0,0.0,3854.429931640625,,282.378662109375
2022-07-12 04:00:00+00:00,103.16573057314183,105.54830951886154,102.87249019507483,103.52311706542969,11250900,0.0,0.0,3818.800048828125,,279.64312744140625
2022-07-13 04:00:00+00:00,102.40515698581454,103.07411544994838,101.14971764501159,102.5517807006836,12979900,0.0,0.0,3801.780029296875,,279.0668029785156
2022-07-14 04:00:00+00:00,98.9595690118828,99.17950456734009,97.1909607873143,98.96873474121094,26204800,0.0,0.0,3790.3798828125,,280.0633544921875
2022-07-15 04:00:00+00:00,100.03173555608011,104.35702993966817,98.66632853456102,103.50479888916016,18863900,0.0,0.0,3863.159912109375,,285.1434631347656
2022-07-18 04:00:00+00:00,105.1726029847528,106.15312626077532,101.98361440109569,102.44180297851562,13977900,0.0,0.0,3830.85009765625,,282.7303161621094
2022-07-19 04:00:00+00:00,103.6697439762107,105.32839136408279,103.24821132815673,104.98016357421875,11862300,0.0,0.0,3936.68994140625,,291.4252624511719
2022-07-20 04:00:00+00:00,104.55863719242753,105.14511804151188,103.99048780254137,104.96184539794922,11667500,0.0,0.0,3959.89990234375,,296.0462341308594
2022-07-21 04:00:00+00:00,104.8701959062406,105.86904357360412,103.88967270437081,105.67660522460938,11595900,0.0,0.0,3998.949951171875,,300.29595947265625
2022-07-22 04:00:00+00:00,105.60329397801301,106.52883679724192,104.16458222522463,105.16343688964844,7645500,0.0,0.0,3961.6298828125,,295.0301513671875
2022-07-25 04:00:00+00:00,106.15312555400921,106.72128190313217,105.172602284515,105.58497619628906,9394000,0.0,0.0,3966.840087890625,,293.349853515625
2022-07-26 04:00:00+00:00,104.99850201420325,105.9148792208385,103.57811454735733,103.93550109863281,10675100,0.0,0.0,3921.050048828125,,287.58575439453125
2022-07-27 04:00:00+00:00,104.47616200989958,106.06149058213165,103.82553506501444,105.60330200195312,9337400,0.0,0.0,4023.610107421875,,299.7391662597656
2022-07-28 04:00:00+00:00,105.61245956042035,106.28141791194416,104.03628984792245,105.2092514038086,10384800,0.0,0.0,4072.429931640625,,302.66998291015625
2022-07-29 04:00:00+00:00,105.92402728643636,106.7579338163255,105.1909297898353,105.71326446533203,12944500,0.0,0.0,4130.2900390625,,308.18975830078125
2022-08-01 04:00:00+00:00,104.92518166489677,105.48417227500013,103.614762085845,104.65943145751953,14740400,0.0,0.0,4118.6298828125,,308.004150390625
2022-08-02 04:00:00+00:00,104.39368214700731,104.83354625057682,102.88165846720327,103.02828216552734,14942900,0.0,0.0,4091.18994140625,,307.0858154296875
2022-08-03 04:00:00+00:00,103.96299542586556,104.55864203211962,102.36850098057602,104.109619140625,14394500,0.0,0.0,4155.169921875,,315.44854736328125
2022-08-04 04:00:00+00:00,103.41315704949486,103.8438554164175,101.73618523456729,102.9641342163086,18033900,0.0,0.0,4151.93994140625,,316.9237060546875
2022-08-05 04:00:00+00:00,103.11991751391076,106.47386117188196,102.68006040587031,106.07981872558594,14174600,0.0,0.0,4145.18994140625,,314.3348083496094
2022-08-08 04:00:00+00:00,106.52884536668232,106.9412122941212,104.63194491593815,104.78772735595703,10332500,0.0,0.0,4140.06005859375,,313.3188781738281
2022-08-09 04:00:00+00:00,105.15428278631208,106.2905885468458,104.80606197024294,105.73159790039062,10233800,0.0,0.0,4122.47021484375,,309.7724304199219
2022-08-10 04:00:00+00:00,108.09585619678464,109.3879514348252,107.67432351391135,108.48989868164062,12847300,0.0,0.0,4210.240234375,,318.4184875488281
2022-08-11 04:00:00+00:00,109.87361546039648,111.06490149308424,109.33294933698859,110.09354400634766,11684900,0.0,0.0,4207.27001953125,,316.611083984375
2022-08-12 04:00:00+00:00,110.57923490407693,112.02711255615458,109.45209486470999,111.91714477539062,9906700,0.0,0.0,4280.14990234375,,322.7757263183594
2022-08-15 04:00:00+00:00,111.00992591478045,112.45780347045417,110.51508142139566,112.21954345703125,8456200,0.0,0.0,4297.14013671875,,325.3841552734375
2022-08-16 04:00:00+00:00,112.06376781665492,113.85070054717264,111.67889107337466,113.29170989990234,9555000,0.0,0.0,4305.2001953125,,324.6221008300781
2022-08-17 04:00:00+00:00,112.07292560842028,112.86101049821654,111.51393500074147,112.33866882324219,8149300,0.0,0.0,4274.0400390625,,320.91949462890625
2022-08-18 04:00:00+00:00,112.01793398886056,112.22870379665225,110.46926145448748,111.46810913085938,9531800,0.0,0.0,4283.740234375,,321.69134521484375
2022-08-19 04:00:00+00:00,110.53341149420012,110.8724665564426,108.23330294953219,108.7098159790039,13464500,0.0,0.0,4228.47998046875,,315.4192810058594
2022-08-22 04:00:00+00:00,106.9870310263357,107.36274900936787,105.84155960207086,106.9137191772461,8967600,0.0,0.0,4137.990234375,,307.1151428222656
2022-08-23 04:00:00+00:00,106.93206817062135,107.48189314615172,105.73160916697903,105.85990142822266,7607000,0.0,0.0,4128.72998046875,,306.86114501953125
2022-08-24 04:00:00+00:00,105.64912365693193,106.67546859344074,104.8793632066996,106.1164779663086,9771300,0.0,0.0,4140.77001953125,,307.7501525878906
2022-08-25 04:00:00+00:00,106.44636447521818,108.81061201719247,106.00650040264026,108.63650512695312,10758900,0.0,0.0,4199.1201171875,,313.1918029785156
2022-08-26 04:00:00+00:00,109.47041039784526,109.95608915495758,105.01681701573952,105.08096313476562,11276200,0.0,0.0,4057.659912109375,,300.3546447753906
2022-08-29 04:00:00+00:00,104.46699244717283,105.25507733547249,103.97214795977054,104.82437896728516,8117300,0.0,0.0,4030.610107421875,,297.3944396972656
2022-08-30 04:00:00+00:00,105.38336389269955,105.91486427548622,103.8805060451941,104.84270477294922,10745400,0.0,0.0,3986.159912109375,,294.08251953125
2022-08-31 04:00:00+00:00,104.90685682147296,105.41086004766464,103.86218046214988,104.21957397460938,10738300,0.0,0.0,3955.0,,292.3728942871094
2022-09-01 04:00:00+00:00,103.81636027398933,105.0443022058109,102.55176241998473,104.93434143066406,9979800,0.0,0.0,3966.85009765625,,292.4999084472656
2022-09-02 04:00:00+00:00,106.18063400547189,107.62850474061082,103.72474270666187,104.20125579833984,10666600,0.0,0.0,3924.260009765625,,288.3674011230469
2022-09-06 04:00:00+00:00,104.76941070974759,105.15428746960802,102.69839620591223,104.22874450683594,9751900,0.0,0.0,3908.18994140625,,286.2962951660156
2022-09-07 04:00:00+00:00,103.6697385194618,106.40054534612854,103.3306834678968,106.2081069946289,10647900,0.0,0.0,3979.8701171875,,292.079833984375
2022-09-08 04:00:00+00:00,105.63994803332598,108.85643352252292,105.04430153660029,108.68231964111328,11435000,0.0,0.0,4006.179931640625,,293.59405517578125
2022-09-09 04:00:00+00:00,109.17718356857628,110.0110902109732,108.74648514812104,109.20467376708984,9299700,0.0,0.0,4067.360107421875,,300.0126647949219
2022-09-12 04:00:00+00:00,110.53342106391365,111.38565214483589,109.77282630527701,110.49676513671875,8614600,0.0,0.0,4110.41015625,,303.5785217285156
2022-09-13 04:00:00+00:00,108.19664888815058,108.97556806065546,106.09814439377209,106.65713500976562,12904600,0.0,0.0,3932.68994140625,,286.9313049316406
2022-09-14 04:00:00+00:00,106.9412148290217,107.98588426193879,105.27340862985554,106.40972137451172,9345700,0.0,0.0,3946.010009765625,,289.20751953125
2022-09-15 04:00:00+00:00,106.40972187467932,109.39710648181243,106.07982552679664,108.01338195800781,10821400,0.0,0.0,3901.35009765625,,284.3912353515625
2022-09-16 04:00:00+00:00,107.57349571493944,107.58266144255272,105.7224172469532,107.28942108154297,14844100,0.0,0.0,3873.330078125,,282.6522521972656
2022-09-19 04:00:00+00:00,106.29974350875173,108.80145606582131,105.85072068772985,108.27912139892578,8201300,0.0,0.0,3899.889892578125,,284.8533020019531
2022-09-20 04:00:00+00:00,107.59184424581785,107.8484287284981,105.05347563201083,106.14396667480469,9619000,0.0,0.0,3855.929931640625,,282.58270263671875
2022-09-21 04:00:00+00:00,106.79459759436294,106.84957798801601,103.01912108885114,103.08326721191406,12606300,0.0,0.0,3789.929931640625,,277.52276611328125
2022-09-22 04:00:00+00:00,103.89883015210658,104.1004342270476,101.78200134803042,101.91029357910156,11684500,0.0,0.0,3757.989990234375,,274.1070861816406
2022-09-23 04:00:00+00:00,100.84731143570065,101.11305466541363,98.19898194533444,100.0134048461914,18138600,0.0,0.0,3693.22998046875,,269.6441650390625
2022-09-26 04:00:00+00:00,98.96873219953821,100.44409997034356,97.1909582912976,97.85991668701172,15753600,0.0,0.0,3655.0400390625,,268.52838134765625
2022-09-27 04:00:00+00:00,98.73963788017144,99.12451460510876,95.8988701143821,96.99851989746094,12793600,0.0,0.0,3647.2900390625,,268.6361083984375
2022-09-28 04:00:00+00:00,97.09015402674522,99.6376883182945,96.80607935398723,98.95956420898438,12762600,0.0,0.0,3719.0400390625,,273.9798583984375
2022-09-29 04:00:00+00:00,98.00653218998973,98.30893832370536,95.6697746810847,97.28260040283203,12713900,0.0,0.0,3640.469970703125,,266.0816955566406
2022-09-30 04:00:00+00:00,97.19096745514538,98.62052069808095,95.66978487825416,95.76142120361328,15973400,0.0,0.0,3585.6201171875,,261.5699157714844
2022-10-03 04:00:00+00:00,96.7877646101113,99.29863623834855,95.72476367775484,98.72132110595703,12248100,0.0,0.0,3678.429931640625,,267.7062683105469
2022-10-04 04:00:00+00:00,101.36048779193251,103.54146312163817,100.67320485707613,103.33985900878906,16013600,0.0,0.0,3790.929931640625,,276.123291015625
2022-10-05 04:00:00+00:00,101.47222147733665,102.58170991564333,100.62161320437114,102.06394958496094,10943500,1.0,0.0,3783.280029296875,,275.9764404296875
2022-10-06 04:00:00+00:00,101.20407482633946,101.87901832146568,99.79872259458983,99.98363494873047,11521400,0.0,0.0,3744.52001953125,,273.80377197265625
2022-10-07 04:00:00+00:00,99.41039768566269,99.58606936396589,97.33010191021481,97.98655700683594,11681100,0.0,0.0,3639.659912109375,,263.37060546875
2022-10-10 04:00:00+00:00,98.67999527596226,99.21624397154699,96.63667619768087,97.07122802734375,8931700,0.0,0.0,3612.389892578125,,260.7379455566406
2022-10-11 04:00:00+00:00,96.49799148907313,96.65516770281602,94.16805621613065,94.26976013183594,12739700,0.0,0.0,3588.840087890625,,257.15582275390625
2022-10-12 04:00:00+00:00,94.12183832385476,96.83084624866187,93.64105486026882,95.79531860351562,13181000,0.0,0.0,3577.030029296875,,257.0677795410156
2022-10-13 04:00:00+00:00,94.28826401967913,101.61090428058591,94.08485617010588,101.12088012695312,22398700,0.0,0.0,3669.909912109375,,263.09661865234375
2022-10-14 04:00:00+00:00,103.51553219973346,106.54814047081088,102.36905988958463,102.8036117553711,33387100,0.0,0.0,3583.070068359375,,255.18862915039062
2022-10-17 04:00:00+00:00,106.70532725850188,108.18464755463535,105.69753567760262,107.12138366699219,22276300,0.0,0.0,3677.949951171875,,263.6153564453125
2022-10-18 04:00:00+00:00,110.63476890334529,111.07856143857562,108.13840944034285,109.8766098022461,21539700,0.0,0.0,3719.97998046875,,265.699951171875
2022-10-19 04:00:00+00:00,109.0907041429914,109.86735153627168,106.9456884221494,107.72233581542969,17072000,0.0,0.0,3695.159912109375,,264.7310791015625
2022-10-20 04:00:00+00:00,108.32332904516313,109.75641763262496,106.92721729073263,107.37100982666016,12207400,0.0,0.0,3665.780029296875,,263.3804931640625
2022-10-21 04:00:00+00:00,107.67611793089235,113.15885378191355,107.55592559275252,113.01092529296875,20593300,0.0,0.0,3752.75,,269.55609130859375
2022-10-24 04:00:00+00:00,112.8629732834667,113.81528527658875,112.17878913226461,113.14958953857422,12624200,0.0,0.0,3797.340087890625,,272.52154541015625
2022-10-25 04:00:00+00:00,112.65956937264416,113.97246542702777,111.77197737585155,113.4454574584961,11289100,0.0,0.0,3859.110107421875,,278.15899658203125
2022-10-26 04:00:00+00:00,113.72283518159631,115.75689933074233,113.61188353467853,114.74911499023438,11667000,0.0,0.0,3830.60009765625,,272.0127258300781
2022-10-27 04:00:00+00:00,115.75690786386285,116.6814838278041,114.84157963466836,115.20216369628906,10727600,0.0,0.0,3807.300048828125,,267.0603942871094
2022-10-28 04:00:00+00:00,115.840117928754,116.75544611496414,114.6936457624132,116.5705337524414,11859500,0.0,0.0,3901.06005859375,,275.2325744628906
2022-10-31 04:00:00+00:00,116.21919616106848,117.81871568676551,116.11749224044269,116.3856201171875,13295200,0.0,0.0,3871.97998046875,,272.0323181152344
2022-11-01 04:00:00+00:00,117.30097155890127,118.60462018309194,116.80169962177852,118.48442077636719,13386900,0.0,0.0,3856.10009765625,,269.2527160644531
2022-11-02 04:00:00+00:00,118.02212932864234,120.52772947439159,117.08830558152526,117.39341735839844,16546100,0.0,0.0,3759.68994140625,,260.02349853515625
2022-11-03 04:00:00+00:00,116.78318419482487,118.51213668025758,116.41335946366476,117.6060562133789,12474400,0.0,0.0,3719.889892578125,,254.94395446777344
2022-11-04 04:00:00+00:00,119.7233519154161,120.96228037569111,118.77103975930365,120.8235855102539,14953200,0.0,0.0,3770.550048828125,,259.0447692871094
2022-11-07 05:00:00+00:00,121.1194516290445,122.31214841852203,120.63866817618016,121.46154022216797,12011200,0.0,0.0,3806.800048828125,,261.8927917480469
2022-11-08 05:00:00+00:00,121.34133891643408,122.09948377284582,120.32429984427564,121.53549194335938,9884100,0.0,0.0,3828.110107421875,,263.80133056640625
2022-11-09 05:00:00+00:00,121.41531465554665,121.51700446153708,119.47369961125709,119.95448303222656,9494000,0.0,0.0,3748.570068359375,,257.7137451171875
2022-11-10 05:00:00+00:00,122.62652282050307,125.04890749364904,122.53405957475574,124.89173126220703,16351600,0.0,0.0,3956.3701171875,,276.73004150390625
2022-11-11 05:00:00+00:00,124.99342699991585,125.8995074956498,123.6897715030098,125.09513092041016,10704700,0.0,0.0,3992.929931640625,,281.8291015625
2022-11-14 05:00:00+00:00,124.63283138007225,125.4926801762243,123.8099594116211,123.8099594116211,11085600,0.0,0.0,3957.25,,279.3627624511719
2022-11-15 05:00:00+00:00,124.52188487266783,125.47421110108195,121.67420329991711,122.91313171386719,14038300,0.0,0.0,3991.72998046875,,283.2286682128906
2022-11-16 05:00:00+00:00,122.96861471464504,123.48637504565149,122.0717748170407,123.07955932617188,7893400,0.0,0.0,3958.7900390625,,279.3627624511719
2022-11-17 05:00:00+00:00,122.0440319815209,122.8669040570799,121.37833613298888,122.54329681396484,8820200,0.0,0.0,3946.56005859375,,278.74609375
2022-11-18 05:00:00+00:00,124.42019751635594,124.51264665043922,122.30291060273589,123.74524688720703,9468500,0.0,0.0,3965.340087890625,,278.75604248046875
2022-11-21 05:00:00+00:00,123.6527835293775,124.41092841645519,122.73744832741083,123.01482391357422,7800500,0.0,0.0,3949.93994140625,,275.888427734375
2022-11-22 05:00:00+00:00,123.89316835821455,125.06738368018213,123.60655209166612,124.85472106933594,9185700,0.0,0.0,4003.580078125,,279.8619384765625
2022-11-23 05:00:00+00:00,124.76228589701013,126.20462217893234,124.68831812512823,126.18612670898438,7316200,0.0,0.0,4027.260009765625,,282.6707763671875
2022-11-25 05:00:00+00:00,126.18613013853671,126.79635369221492,125.79780990653522,126.42652893066406,3220500,0.0,0.0,4026.1201171875,,280.81134033203125
2022-11-28 05:00:00+00:00,125.8070378874577,126.39876584459377,124.06883084116102,124.21676635742188,9906900,0.0,0.0,3963.93994140625,,276.6908874511719
2022-11-29 05:00:00+00:00,124.50338992200528,126.3340461926546,124.27224595472453,126.26007843017578,7925300,0.0,0.0,3957.6298828125,,274.59649658203125
2022-11-30 05:00:00+00:00,125.8255285835747,127.75788879394531,123.1442641649299,127.75788879394531,14761200,0.0,0.0,4080.110107421875,,287.1141357421875
2022-12-01 05:00:00+00:00,127.75789890348939,128.20170552032548,125.21531502299267,125.9642333984375,8858500,0.0,0.0,4076.570068359375,,287.46649169921875
2022-12-02 05:00:00+00:00,124.34623400177102,125.14136994324346,123.28296311408354,124.9656982421875,8931900,0.0,0.0,4071.699951171875,,286.3214111328125
2022-12-05 05:00:00+00:00,124.1150828397859,124.42019460172425,120.74962688555479,121.46154022216797,10154500,0.0,0.0,3998.840087890625,,281.5158996582031
2022-12-06 05:00:00+00:00,123.32917932995863,124.91945101424133,120.0746681960884,121.6649398803711,13966700,0.0,0.0,3941.260009765625,,275.6828308105469
2022-12-07 05:00:00+00:00,121.40606202122476,123.04256535284911,120.49998156817279,121.58173370361328,11739400,0.0,0.0,3933.919921875,,274.5573425292969
2022-12-08 05:00:00+00:00,122.34913878537827,122.95010751771568,121.51701195455388,122.85765838623047,8907300,0.0,0.0,3963.510009765625,,277.8065490722656
2022-12-09 05:00:00+00:00,122.22894002700392,123.67127627839037,122.04402765516893,122.19196319580078,7957800,0.0,0.0,3934.3798828125,,276.03515625
2022-12-12 05:00:00+00:00,122.41383950440904,124.49413521122202,121.67419009497985,124.08733367919922,8841600,0.0,0.0,3990.56005859375,,279.4997863769531
2022-12-13 05:00:00+00:00,126.56517289003433,126.75008521704589,123.04254156660625,123.96711730957031,10025400,0.0,0.0,4019.64990234375,,282.50439453125
2022-12-14 05:00:00+00:00,123.6897753708883,125.47421437574182,122.74670390662422,123.34768676757812,9966100,0.0,0.0,3995.320068359375,,280.4100036621094
2022-12-15 05:00:00+00:00,121.2581163483281,122.11797921972102,119.31651553985789,120.28732299804688,12087800,0.0,0.0,3895.75,,270.9948425292969
2022-12-16 05:00:00+00:00,119.40898917977583,120.10242120546073,118.74329330648547,119.5384292602539,21133700,0.0,0.0,3852.360107421875,,268.4109802246094
2022-12-19 05:00:00+00:00,119.87127141050762,121.42456640917514,119.35351111358844,120.25035095214844,9017200,0.0,0.0,3817.659912109375,,264.638916015625
2022-12-20 05:00:00+00:00,121.09172011776286,122.09026389293138,120.37979264596574,120.83283996582031,8549900,0.0,0.0,3821.6201171875,,264.43292236328125
2022-12-21 05:00:00+00:00,122.21044455744753,122.95010815269714,121.83137913295417,122.19196319580078,8051700,0.0,0.0,3878.43994140625,,268.26873779296875
2022-12-22 05:00:00+00:00,121.21191517090286,121.39682754310846,118.72480355719475,120.80509948730469,8648200,0.0,0.0,3822.389892578125,,261.70556640625
2022-12-23 05:00:00+00:00,120.73111850079353,121.52625431135543,119.86201492786446,121.3783187866211,5091900,0.0,0.0,3844.820068359375,,262.294189453125
2022-12-27 05:00:00+00:00,121.64645081331068,122.24741946996502,120.703379500306,121.80362701416016,5411000,0.0,0.0,3829.25,,258.5857238769531
2022-12-28 05:00:00+00:00,121.90534556533085,123.34768180088733,121.1286910394924,122.4693374633789,8827700,0.0,0.0,3783.219970703125,,255.17176818847656
2022-12-29 05:00:00+00:00,122.9038773963336,123.21824394936257,122.33064480724447,123.17201232910156,6585200,0.0,0.0,3849.280029296875,,261.3916015625
2022-12-30 05:00:00+00:00,122.79293059450758,124.19828999939203,122.45084200494136,123.98564147949219,9292500,0.0,0.0,3839.5,,261.2346496582031
2023-01-03 05:00:00+00:00,125.03963147564897,126.42649512246355,123.79144855035322,124.92867279052734,11054800,0.0,0.0,3824.139892578125,,259.4687194824219
2023-01-04 05:00:00+00:00,125.73308964663816,127.29561116550344,125.34476943710571,126.09367370605469,11687600,0.0,0.0,3852.969970703125,,260.704833984375
2023-01-05 05:00:00+00:00,126.3544835760625,126.40105669718538,124.52892239774245,126.06575012207031,8381300,1.0,0.0,3808.10009765625,,256.6236572265625
2023-01-06 05:00:00+00:00,126.79221643066228,128.88787849439743,125.26471220602448,128.47805786132812,10029100,0.0,0.0,3895.080078125,,263.70684814453125
2023-01-09 05:00:00+00:00,129.09280541781632,129.3535978156608,127.49078685270311,127.9471664428711,8482300,0.0,0.0,3892.090087890625,,265.4139099121094
2023-01-10 05:00:00+00:00,128.33835358544826,129.20456806371087,127.89128293879766,129.09280395507812,9048700,0.0,0.0,3919.25,,267.6604919433594
2023-01-11 05:00:00+00:00,129.37220311412872,130.16390338125925,128.62709017108637,130.05213928222656,8703700,0.0,0.0,3969.610107421875,,272.2910461425781
2023-01-12 05:00:00+00:00,130.39674928407086,131.19775845530057,129.6702542464576,129.92173767089844,11001700,0.0,0.0,3983.169921875,,273.7626647949219
2023-01-13 05:00:00+00:00,126.298583355672,133.6473717091843,125.5534561612079,133.20028686523438,20200000,0.0,0.0,3999.090087890625,,275.6463317871094
2023-01-17 05:00:00+00:00,131.4864916525837,131.83110708446426,129.67956299829072,131.14187622070312,14292900,0.0,0.0,3990.969970703125,,276.2054748535156
2023-01-18 05:00:00+00:00,129.39085905913623,131.0767008536097,127.05303621322567,127.20206451416016,13392600,0.0,0.0,3928.860107421875,,272.6148376464844
2023-01-19 05:00:00+00:00,126.03782027754552,126.57802305172555,124.42647825884036,125.50691223144531,13303400,0.0,0.0,3898.85009765625,,269.93658447265625
2023-01-20 05:00:00+00:00,125.88876890508037,126.19613442093039,124.38920550405919,125.81425476074219,13092500,0.0,0.0,3972.610107421875,,277.3238525390625
2023-01-23 05:00:00+00:00,125.85151913114433,128.49672181548593,125.57210882304616,127.85404968261719,10487100,0.0,0.0,4019.81005859375,,283.4848937988281
2023-01-24 05:00:00+00:00,127.0623273335594,130.66686180767942,125.73973332551567,128.9530792236328,6945000,0.0,0.0,4016.949951171875,,282.9060974121094
2023-01-25 05:00:00+00:00,128.58052150745957,129.57711791992188,127.83539432652056,129.57711791992188,8967000,0.0,0.0,4016.219970703125,,282.2781677246094
2023-01-26 05:00:00+00:00,129.85654328513786,130.45264219157764,128.86925580373315,130.3781280517578,7487600,0.0,0.0,4060.429931640625,,287.7818908691406
2023-01-27 05:00:00+00:00,130.96494084585726,131.57034879574513,130.1639314683365,130.69483947753906,7489900,0.0,0.0,4070.56005859375,,290.6465759277344
2023-01-30 05:00:00+00:00,129.67960359457138,130.48061301541287,129.38156117934687,129.5864715576172,6729300,0.0,0.0,4017.77001953125,,284.77001953125
2023-01-31 05:00:00+00:00,130.28499818805093,130.4619674965313,128.76680276489768,130.35951232910156,9188700,0.0,0.0,4076.60009765625,,289.03765869140625
2023-02-01 05:00:00+00:00,128.72954752224172,131.21639825284845,128.64571023442275,130.01487731933594,8841800,0.0,0.0,4119.2099609375,,295.21826171875
2023-02-02 05:00:00+00:00,130.39677243779963,130.8252252291425,128.53396140297392,129.40948486328125,11822100,0.0,0.0,4179.759765625,,305.8135986328125
2023-02-03 05:00:00+00:00,128.7016240095664,132.56696592770845,128.65506509744642,131.41201782226562,11501200,0.0,0.0,4136.47998046875,,300.37860107421875
2023-02-06 05:00:00+00:00,130.61098112318146,132.4831151569408,130.42470287724677,132.18505859375,8406200,0.0,0.0,4111.080078125,,297.8376770019531
2023-02-07 05:00:00+00:00,131.68212160536794,134.4390740829232,131.49582912510755,133.79640197753906,10447900,0.0,0.0,4164.0,,304.008544921875
2023-02-08 05:00:00+00:00,132.86496079213688,134.1596135948615,132.52034537789388,132.85565185546875,6958000,0.0,0.0,4117.85986328125,,298.6029052734375
2023-02-09 05:00:00+00:00,133.30272487158322,133.507635178985,130.27565758110498,130.78793334960938,6443100,0.0,0.0,4081.5,,295.9638671875
2023-02-10 05:00:00+00:00,130.19185173817743,131.58895990324197,129.0834769866205,131.36541748046875,6582900,0.0,0.0,4090.4599609375,,294.0214538574219
2023-02-13 05:00:00+00:00,131.6075926688138,132.93949563787933,131.0860078917778,132.7904815673828,7134600,0.0,0.0,4137.2900390625,,298.73040771484375
2023-02-14 05:00:00+00:00,132.72526214056734,133.94540087297335,131.88700301189505,133.3772430419922,9249400,0.0,0.0,4136.1298828125,,300.93780517578125
2023-02-15 05:00:00+00:00,131.89633116616562,134.01993453285192,131.60759774004632,133.9361114501953,6728300,0.0,0.0,4147.60009765625,,303.2432556152344
2023-02-16 05:00:00+00:00,133.10713203123896,133.5542025864328,131.96149330363698,132.09190368652344,8165300,0.0,0.0,4090.409912109375,,297.5531921386719
2023-02-17 05:00:00+00:00,131.30952862688065,133.03263429272963,130.4619605185169,132.4831085205078,7948800,0.0,0.0,4079.090087890625,,295.4537353515625
2023-02-21 05:00:00+00:00,131.03942672266425,131.64483454191577,129.2324979903379,130.05213928222656,9996300,0.0,0.0,3997.340087890625,,288.4588623046875
2023-02-22 05:00:00+00:00,129.39084853595958,129.86586021792007,128.01237239472763,129.0555419921875,11107500,0.0,0.0,3991.050048828125,,288.6746520996094
2023-02-23 05:00:00+00:00,129.21387782294622,130.55510398353837,128.47807374957344,130.0894012451172,8068000,0.0,0.0,4012.320068359375,,291.19598388671875
2023-02-24 05:00:00+00:00,129.56781935517012,131.6634817250216,129.40015897527957,131.26296997070312,9126900,0.0,0.0,3970.0400390625,,286.3201599121094
2023-02-27 05:00:00+00:00,132.3620267394111,133.47971041732444,131.9987791887863,132.40859985351562,10014700,0.0,0.0,3982.239990234375,,288.37054443359375
2023-02-28 05:00:00+00:00,133.1350881542534,133.8988331805033,132.16641859398732,133.5169677734375,11019800,0.0,0.0,3970.14990234375,,287.9976806640625
2023-03-01 05:00:00+00:00,132.35273618381132,133.61944831794423,132.07331167249419,132.77186584472656,7139200,0.0,0.0,3951.389892578125,,285.6824645996094
2023-03-02 05:00:00+00:00,132.48311423589823,132.66006933042848,129.96830819084622,131.39337158203125,11106800,0.0,0.0,3981.35009765625,,288.0467224121094
2023-03-03 05:00:00+00:00,131.80317960186355,133.88022398003244,131.40268208173438,133.8057098388672,9513100,0.0,0.0,4045.639892578125,,294.0018310546875
2023-03-06 05:00:00+00:00,133.6007975087355,134.1596322409515,132.87430240837136,133.02333068847656,9261300,0.0,0.0,4048.419921875,,294.3353271484375
2023-03-07 05:00:00+00:00,132.26885233911233,132.54827675210552,128.35695319355588,129.11138916015625,11747600,0.0,0.0,3986.3701171875,,290.7250671386719
2023-03-08 05:00:00+00:00,128.53394975296376,129.08347554752075,127.50008915385733,128.34767150878906,10002500,0.0,0.0,3992.010009765625,,292.177001953125
2023-03-09 05:00:00+00:00,127.37899685297414,127.92853683787757,120.3562064197839,121.39937591552734,25888100,0.0,0.0,3918.320068359375,,287.11474609375
2023-03-10 05:00:00+00:00,120.11404342198563,125.98188591521387,119.05223475683478,124.4823226928711,37599700,0.0,0.0,3861.590087890625,,283.0826110839844
2023-03-13 04:00:00+00:00,122.20972116393081,124.69657212832854,120.53318843171887,122.2469711303711,42901100,0.0,0.0,3855.760009765625,,285.1820983886719
2023-03-14 04:00:00+00:00,126.00051892683136,126.23337027230704,122.28420633667692,125.38578796386719,29648100,0.0,0.0,3919.2900390625,,291.73553466796875
2023-03-15 04:00:00+00:00,121.99547521453442,122.00479836428278,118.0370093737759,119.46205139160156,34280600,0.0,0.0,3891.929931640625,,293.26593017578125
2023-03-16 04:00:00+00:00,119.22918674490909,122.89892588263507,117.37569219680427,121.78124237060547,24558500,0.0,0.0,3960.280029296875,,300.9966735839844
2023-03-17 04:00:00+00:00,119.57382573514523,119.66695774470824,116.84480061561271,117.18010711669922,38396000,0.0,0.0,3916.639892578125,,299.5741271972656
2023-03-20 04:00:00+00:00,118.2791796638236,120.58906837597486,117.36640627475937,118.41889190673828,22875500,0.0,0.0,3951.570068359375,,300.6373291015625
2023-03-21 04:00:00+00:00,121.6322282953467,122.69402988740359,121.2596718186006,121.59497833251953,17807800,0.0,0.0,4002.8701171875,,304.9311218261719
2023-03-22 04:00:00+00:00,121.60429412497828,121.69744035547473,118.36300711579763,118.45614624023438,17250200,0.0,0.0,3936.969970703125,,300.78466796875
2023-03-23 04:00:00+00:00,119.12675226024076,120.64494050634103,117.37570555773128,118.13945770263672,16677600,0.0,0.0,3948.719970703125,,304.35150146484375
2023-03-24 04:00:00+00:00,117.0124485168238,117.05902162553518,114.66531022257891,116.34184265136719,22311100,0.0,0.0,3970.989990234375,,305.4715576171875
2023-03-27 04:00:00+00:00,118.09289887713624,120.50524270860102,117.62719614811813,119.6762924194336,18853900,0.0,0.0,3977.530029296875,,303.3786315917969
2023-03-28 04:00:00+00:00,119.88120592525928,120.46798171508755,118.97773436405896,120.03954315185547,10820500,0.0,0.0,3971.27001953125,,301.7671813964844
2023-03-29 04:00:00+00:00,121.17587099844471,121.28763511957155,119.00568719707039,120.2817153930664,14595300,0.0,0.0,4027.81005859375,,307.2696533203125
2023-03-30 04:00:00+00:00,121.03613307812857,121.19447029615635,118.89390484759521,119.91844940185547,12134700,0.0,0.0,4050.830078125,,310.1781005859375
2023-03-31 04:00:00+00:00,120.76603683059649,121.3993857293204,120.01160067271435,121.37144470214844,13105200,0.0,0.0,4109.31005859375,,315.3365478515625
2023-04-03 04:00:00+00:00,120.99888386997586,122.42393305324629,120.5331811509432,121.23173522949219,11775400,0.0,0.0,4124.509765625,,314.57012939453125
2023-04-04 04:00:00+00:00,121.54841674317646,121.63223982657331,118.67037718292498,119.61109161376953,11579900,0.0,0.0,4100.60009765625,,313.5090026855469
2023-04-05 04:00:00+00:00,119.02907938933363,120.29633619977899,118.70991252623699,119.78943634033203,9614700,1.0,0.0,4090.3798828125,,310.4139099121094
2023-04-06 04:00:00+00:00,119.21680755539286,120.23062149596231,119.08538802552208,119.65800476074219,8760200,0.0,0.0,4105.02001953125,,312.5067443847656
2023-04-10 04:00:00+00:00,118.78502772426626,120.37145161510128,118.4846391329399,120.05229187011719,9477300,0.0,0.0,4109.10986328125,,312.32989501953125
2023-04-11 04:00:00+00:00,120.43715827606266,121.03793540742856,119.72373274688002,120.6436767578125,10516300,0.0,0.0,4108.93994140625,,310.325439453125
2023-04-12 04:00:00+00:00,121.2632125961424,122.43660649875403,120.21185624297229,120.62489318847656,11821000,0.0,0.0,4091.949951171875,,307.58404541015625
2023-04-13 04:00:00+00:00,120.58735151336242,121.1317936821894,119.05724127282645,121.08486938476562,12450200,0.0,0.0,4146.22021484375,,313.60723876953125
2023-04-14 04:00:00+00:00,126.86734903458922,130.59404939182681,126.63267024294281,130.2279510498047,43931300,0.0,0.0,4137.64013671875,,313.0177001953125
2023-04-17 04:00:00+00:00,131.3731697880885,131.47642901763928,129.2235186030015,131.26052856445312,16050500,0.0,0.0,4151.31982421875,,313.282958984375
2023-04-18 04:00:00+00:00,131.67354533183544,133.09099969906055,130.50953367900397,132.73428344726562,13760100,0.0,0.0,4154.8701171875,,313.3025817871094
2023-04-19 04:00:00+00:00,132.5747506483199,132.8282077762557,131.79561527256016,132.56536865234375,9158100,0.0,0.0,4154.52001953125,,313.15521240234375
2023-04-20 04:00:00+00:00,131.33565819372595,132.76249510554496,131.26994124880432,132.1804962158203,10586200,0.0,0.0,4129.7900390625,,310.767578125
2023-04-21 04:00:00+00:00,131.17605657171086,132.4620917078977,130.2748837503485,131.92701721191406,11842500,0.0,0.0,4133.52001953125,,311.0918273925781
2023-04-24 04:00:00+00:00,131.85191919383533,132.45269623907592,131.45764627708422,132.10536193847656,7567500,0.0,0.0,4137.0400390625,,310.44342041015625
2023-04-25 04:00:00+00:00,131.04463780444166,131.38257582399962,129.19536785347964,129.23291015625,10629300,0.0,0.0,4071.6298828125,,304.58721923828125
2023-04-26 04:00:00+00:00,129.18596468581714,129.36432284274647,125.78782068084463,126.94243621826172,14416100,0.0,0.0,4055.989990234375,,306.4344482421875
2023-04-27 04:00:00+00:00,127.66524054609205,129.45818964143845,127.34608088240384,128.65089416503906,9041100,0.0,0.0,4135.35009765625,,314.7666931152344
2023-04-28 04:00:00+00:00,128.19094118016548,129.8430890446596,127.35548525274534,129.7679901123047,9887300,0.0,0.0,4169.47998046875,,316.9382019042969
2023-05-01 04:00:00+00:00,133.54163628938056,134.583610867704,132.19928025690874,132.54660034179688,20415800,0.0,0.0,4167.8701171875,,316.5745849609375
2023-05-02 04:00:00+00:00,132.73428960763403,133.682400884323,129.94630503068677,130.40628051757812,14113400,0.0,0.0,4119.580078125,,313.8135986328125
2023-05-03 04:00:00+00:00,129.95571445297722,130.17161490491574,127.43995065830276,127.64646911621094,12930900,0.0,0.0,4090.75,,311.7600402832031
2023-05-04 04:00:00+00:00,126.68899850326945,127.40241683573265,123.73203729027983,125.90046691894531,17089200,0.0,0.0,4061.219970703125,,310.6595764160156
2023-05-05 04:00:00+00:00,128.07830688572503,129.43005909406895,127.58078896510642,128.35992431640625,11261400,0.0,0.0,4136.25,,317.262451171875
2023-05-08 04:00:00+00:00,129.06395163887973,129.51453090203245,128.11584016650147,128.66969299316406,7484900,0.0,0.0,4138.1201171875,,318.0484619140625
2023-05-09 04:00:00+00:00,127.59953157900776,128.55702495344676,126.9236699117242,128.0501251220703,7343600,0.0,0.0,4119.169921875,,316.0341796875
2023-05-10 04:00:00+00:00,129.4957417743725,129.5990010056029,126.60449762357707,128.11582946777344,8133400,0.0,0.0,4137.64013671875,,319.4731750488281
2023-05-11 04:00:00+00:00,126.72655773951448,128.4256300366812,126.63268048579982,127.71221160888672,7057300,0.0,0.0,4130.6201171875,,320.5147705078125
2023-05-12 04:00:00+00:00,128.4350125692385,128.5945924244968,124.97115140440546,125.88170623779297,9988600,0.0,0.0,4124.080078125,,319.3651123046875
2023-05-15 04:00:00+00:00,126.04127776298925,127.35547314511801,125.7502783800647,126.94243621826172,7639500,0.0,0.0,4136.27978515625,,321.0943908691406
2023-05-16 04:00:00+00:00,127.15836871476095,127.60894800516988,125.75029589903286,126.0882339477539,6477200,0.0,0.0,4109.89990234375,,321.4580078125
2023-05-17 04:00:00+00:00,127.57139174971228,130.0965379651103,127.15836908775938,129.96511840820312,12711500,0.0,0.0,4158.77001953125,,325.3489685058594
2023-05-18 04:00:00+00:00,129.79615941925783,131.16667563968596,129.31740548276412,130.95077514648438,10999600,0.0,0.0,4198.0498046875,,331.3917541503906
2023-05-19 04:00:00+00:00,131.22297688858401,131.88008891431372,129.66472071613862,130.65036010742188,13492200,0.0,0.0,4191.97998046875,,330.64501953125
2023-05-22 04:00:00+00:00,132.35884719035093,132.95962436351687,129.22354176550556,129.57086181640625,11402500,0.0,0.0,4192.6298828125,,331.7552795410156
2023-05-23 04:00:00+00:00,129.11089285909978,130.5095837779452,128.09709296505025,128.2191162109375,9514900,0.0,0.0,4145.580078125,,327.54986572265625
2023-05-24 04:00:00+00:00,127.10202832106606,127.99381919171971,126.8016469148907,127.04570770263672,8578000,0.0,0.0,4115.240234375,,325.8697204589844
2023-05-25 04:00:00+00:00,126.55757713557296,127.91871117098508,126.33228035420558,127.35547637939453,8472500,0.0,0.0,4151.27978515625,,333.7991027832031
2023-05-26 04:00:00+00:00,127.76850274911199,129.16719329422867,127.31792354730003,128.54763793945312,8579900,0.0,0.0,4205.4501953125,,342.3277893066406
2023-05-30 04:00:00+00:00,128.41622646669984,129.27984262588612,127.68402984644071,129.03578186035156,7399900,0.0,0.0,4205.52001953125,,343.8802490234375
2023-05-31 04:00:00+00:00,128.35049962945962,128.45375885376546,126.16329193182058,127.39302062988281,14219900,0.0,0.0,4179.830078125,,341.9249267578125
2023-06-01 04:00:00+00:00,128.15341683206634,129.75861197463715,127.14898458519723,129.14845275878906,12248100,0.0,0.0,4221.02001953125,,345.8748779296875
2023-06-02 04:00:00+00:00,131.00706351707888,132.80939460386531,130.800545070542,131.86129760742188,12922500,0.0,0.0,4282.3701171875,,348.4689025878906
2023-06-05 04:00:00+00:00,131.52336554906023,131.52336554906023,129.66471377028452,130.5658721923828,8511900,0.0,0.0,4273.7900390625,,348.7145080566406
2023-06-06 04:00:00+00:00,130.18098180747361,131.5139696353172,129.7397989607111,130.800537109375,9329500,0.0,0.0,4283.85009765625,,348.6555480957031
2023-06-07 04:00:00+00:00,130.9976907119284,132.61228177610948,130.3218147165198,132.0678253173828,9281400,0.0,0.0,4267.52001953125,,342.7404479980469
2023-06-08 04:00:00+00:00,132.04904132855629,132.25555978070037,130.93196815295553,132.10536193847656,7368100,0.0,0.0,4293.93017578125,,346.9950256347656
2023-06-09 04:00:00+00:00,131.74868395209361,133.10981812635623,131.61726439713703,132.36822509765625,7249100,0.0,0.0,4298.85986328125,,348.3214111328125
2023-06-12 04:00:00+00:00,132.42454261425223,132.65922138319476,131.19481383312282,132.35882568359375,7596600,0.0,0.0,4338.93017578125,,354.20703125
2023-06-13 04:00:00+00:00,131.87070060009387,134.11422924141024,131.55154088595165,133.3163299560547,7701600,0.0,0.0,4369.009765625,,356.9288330078125
2023-06-14 04:00:00+00:00,134.23627191637723,134.80888875414163,132.07722411872507,132.81881713867188,9068700,0.0,0.0,4372.58984375,,359.5228271484375
2023-06-15 04:00:00+00:00,131.97395200439672,134.61173913427928,131.4482738420415,134.32073974609375,9343100,0.0,0.0,4425.83984375,,363.8067932128906
2023-06-16 04:00:00+00:00,134.28320925450666,135.14682550056537,133.7669130411952,134.48033142089844,13813500,0.0,0.0,4409.58984375,,361.51739501953125
2023-06-20 04:00:00+00:00,133.87015812933888,134.23625643758606,132.39636857841077,133.79505920410156,8428600,0.0,0.0,4388.7099609375,,360.9999084472656
2023-06-21 04:00:00+00:00,134.14238834568462,135.19375904703173,133.00655104271297,133.5979461669922,9926500,0.0,0.0,4365.68994140625,,356.0802917480469
2023-06-22 04:00:00+00:00,133.5885364643692,133.8607718500969,130.43445332364368,131.02584838867188,10075200,0.0,0.0,4381.89013671875,,360.2816467285156
2023-06-23 04:00:00+00:00,130.04959295576228,130.6503700897976,129.18597672081503,130.34060668945312,9919500,0.0,0.0,4348.330078125,,356.7099914550781
2023-06-26 04:00:00+00:00,130.35936380847232,131.42949846967983,129.25168684496631,130.65975952148438,8429700,0.0,0.0,4328.81982421875,,351.92816162109375
2023-06-27 04:00:00+00:00,130.48137304111728,131.2698901311711,130.04955787828618,130.6691131591797,8154000,0.0,0.0,4378.41015625,,357.9792175292969
2023-06-28 04:00:00+00:00,130.6316169233694,130.6785555503479,129.50516149417433,130.09654235839844,7558600,0.0,0.0,4376.85986328125,,358.6778564453125
2023-06-29 04:00:00+00:00,131.48583866610704,134.7619453906619,131.27932018606757,134.63990783691406,15423200,0.0,0.0,4396.43994140625,,357.9595642089844
2023-06-30 04:00:00+00:00,135.7382161119017,137.05241158946137,134.85582158111603,136.5267333984375,14212800,0.0,0.0,4450.3798828125,,363.4793395996094
2023-07-03 04:00:00+00:00,137.23077186825142,138.44170812520798,137.05241369562958,137.62503051757812,8021600,0.0,0.0,4455.58984375,,364.3353271484375
2023-07-05 04:00:00+00:00,136.99177289990052,137.45489301705248,136.44357724802387,136.70822143554688,8934900,1.0,0.0,4446.81982421875,,364.32550048828125
2023-07-06 04:00:00+00:00,135.1770453675237,135.52675062026958,133.68368798522096,135.35662841796875,9709500,0.0,0.0,4411.58984375,,361.55078125
2023-07-07 04:00:00+00:00,136.01823944416276,137.84239481362727,135.15813873637265,136.42465209960938,8981500,0.0,0.0,4398.9501953125,,360.3504943847656
2023-07-10 04:00:00+00:00,136.57588191389272,137.9841782065254,136.57588191389272,137.1902313232422,9100100,0.0,0.0,4409.52978515625,,360.4684753417969
2023-07-11 04:00:00+00:00,138.31497789374046,139.71382777743057,137.71953575146452,139.33575439453125,11260900,0.0,0.0,4439.259765625,,362.24945068359375
2023-07-12 04:00:00+00:00,139.36411588881907,141.65140590067313,138.938795928545,140.02572631835938,11323200,0.0,0.0,4472.16015625,,366.82470703125
2023-07-13 04:00:00+00:00,140.54556201162572,141.17881871057477,139.64766115257927,140.70623779296875,11234900,0.0,0.0,4510.0400390625,,373.0528869628906
2023-07-14 04:00:00+00:00,143.2393179118114,144.5058316536701,140.27150952012738,141.5569305419922,27028400,0.0,0.0,4505.419921875,,372.9741516113281
2023-07-17 04:00:00+00:00,142.10510873330162,145.3186536800163,142.10510873330162,144.9689483642578,17262400,0.0,0.0,4522.7900390625,,376.4571838378906
2023-07-18 04:00:00+00:00,144.9689373637693,145.93299212141326,144.43964900537037,145.23358154296875,13491700,0.0,0.0,4554.97998046875,,379.5368957519531
2023-07-19 04:00:00+00:00,144.3734561172065,146.698560348647,143.87252154761572,145.79119873046875,12510000,0.0,0.0,4565.72021484375,,379.4483337402344
2023-07-20 04:00:00+00:00,146.05589345397786,148.00292500972867,145.9424786206809,147.58705139160156,9935900,0.0,0.0,4534.8701171875,,370.7013244628906
2023-07-21 04:00:00+00:00,147.25624381788302,147.5775954395064,146.20711341150152,146.45285034179688,10636400,0.0,0.0,4536.33984375,,369.5895080566406
2023-07-24 04:00:00+00:00,146.47177695521577,150.0822888050638,146.244932851287,149.3356170654297,14381400,0.0,0.0,4554.64013671875,,370.1798095703125
2023-07-25 04:00:00+00:00,148.67398010189208,149.07094639687722,147.4074665290309,148.22030639648438,9944700,0.0,0.0,4567.4599609375,,372.6888427734375
2023-07-26 04:00:00+00:00,148.1163256869326,149.57186864751083,147.7098985759883,149.10873413085938,8728600,0.0,0.0,4566.75,,371.44903564453125
2023-07-27 04:00:00+00:00,149.11819035578094,150.07279864030986,147.0199298775269,147.4641571044922,10778400,0.0,0.0,4537.41015625,,370.5635681152344
2023-07-28 04:00:00+00:00,148.65507947344003,148.95753823859155,147.8611468479588,148.3053741455078,9103800,0.0,0.0,4582.22998046875,,377.313232421875
2023-07-31 04:00:00+00:00,148.56052055855852,150.63988799679169,148.53216685913026,149.29776000976562,8892700,0.0,0.0,4588.9599609375,,377.5099792480469
2023-08-01 04:00:00+00:00,148.79683736010875,149.3355865887295,147.5870312301141,148.560546875,6853900,0.0,0.0,4576.72998046875,,376.6343688964844
2023-08-02 04:00:00+00:00,147.02938793985078,147.15226360614741,145.49823022396106,146.87815856933594,8299400,0.0,0.0,4513.39013671875,,368.36944580078125
2023-08-03 04:00:00+00:00,146.50008773681375,148.31479677039448,145.88573829898567,147.77606201171875,6084000,0.0,0.0,4501.89013671875,,367.77911376953125
2023-08-04 04:00:00+00:00,147.82330880350904,149.14654405775528,147.16169838739862,147.4641571044922,6209400,0.0,0.0,4478.02978515625,,366.05718994140625
2023-08-07 04:00:00+00:00,148.0123592755238,149.05202871207436,148.0123592755238,148.16357421875,7251800,0.0,0.0,4518.43994140625,,369.156494140625
2023-08-08 04:00:00+00:00,145.85738271634628,147.426340416945,144.22224234205765,147.3318328857422,8623400,0.0,0.0,4499.3798828125,,366.017822265625
2023-08-09 04:00:00+00:00,146.8025409075846,146.99157038731175,145.05398577055246,145.35643005371094,6277800,0.0,0.0,4467.7099609375,,361.9936218261719
2023-08-10 04:00:00+00:00,145.91410833506913,146.9159777074465,144.6948413275329,145.13906860351562,5995100,0.0,0.0,4468.830078125,,362.6627197265625
2023-08-11 04:00:00+00:00,144.6381118175921,146.04640811797896,144.26005285929924,145.98023986816406,5180700,0.0,0.0,4464.0498046875,,360.3504943847656
2023-08-14 04:00:00+00:00,145.186323551912,146.42448336337284,144.53415951759416,146.28271484375,5044300,0.0,0.0,4489.72021484375,,364.3943786621094
2023-08-15 04:00:00+00:00,144.4679770823268,144.86494328071032,141.991643527615,142.55874633789062,10300300,0.0,0.0,4437.85986328125,,360.5275573730469
2023-08-16 04:00:00+00:00,142.34137723309698,142.68163606845835,141.47181565893183,141.953857421875,6978200,0.0,0.0,4404.330078125,,356.7099914550781
2023-08-17 04:00:00+00:00,142.60604562929265,142.96519737842092,140.26203351084033,140.47943115234375,9953900,0.0,0.0,4370.35986328125,,352.8136901855469
2023-08-18 04:00:00+00:00,139.5531605143972,141.30171594540883,139.3546845750232,140.80078125,8517500,0.0,0.0,4369.7099609375,,352.3709411621094
2023-08-21 04:00:00+00:00,141.44348219978474,141.86881662137475,139.9028780048332,141.28280639648438,8327000,0.0,0.0,4399.77001953125,,358.0481262207031
2023-08-22 04:00:00+00:00,141.07483926808246,141.4340053523436,137.85184862351022,138.352783203125,9673300,0.0,0.0,4387.5498046875,,357.5364685058594
2023-08-23 04:00:00+00:00,138.32442806360226,139.49641940505157,137.48323468187462,139.28848266601562,7858000,0.0,0.0,4436.009765625,,363.1743469238281
2023-08-24 04:00:00+00:00,139.41137144109697,141.21663401731516,138.92934409448392,139.1561737060547,6534000,0.0,0.0,4376.31005859375,,355.4112243652344
2023-08-25 04:00:00+00:00,139.2034366549742,140.4699500776079,137.85186212679616,138.98605346679688,6695500,0.0,0.0,4405.7099609375,,358.1661682128906
2023-08-28 04:00:00+00:00,139.47756998141278,140.46053216307138,139.0616963738551,139.46810913085938,5094100,0.0,0.0,4433.31005859375,,360.8621520996094
2023-08-29 04:00:00+00:00,139.6098712013941,140.68735519519547,139.10892212395314,140.60227966308594,6337000,0.0,0.0,4497.6298828125,,368.7432556152344
2023-08-30 04:00:00+00:00,140.46993784728988,140.9708724323588,139.11836343678956,140.03517150878906,6277300,0.0,0.0,4514.8701171875,,370.79974365234375
2023-08-31 04:00:00+00:00,140.129697529157,140.214773060549,137.95583670566558,138.3055419921875,10933900,0.0,0.0,4507.66015625,,371.9114990234375
2023-09-01 04:00:00+00:00,138.0786678227184,139.95954477763632,137.7100553405209,138.76864624023438,7903500,0.0,0.0,4515.77001953125,,371.5179443359375
2023-09-05 04:00:00+00:00,139.09002669521007,140.08244956055856,137.05791998577726,137.2375030517578,7854700,0.0,0.0,4496.830078125,,371.9902648925781
2023-09-06 04:00:00+00:00,136.76492981787493,137.55886238609727,136.20728773462542,137.01068115234375,8629200,0.0,0.0,4465.47998046875,,368.7137756347656
2023-09-07 04:00:00+00:00,136.226188661821,137.30367264619244,135.52676366697335,135.8386688232422,8373700,0.0,0.0,4451.14013671875,,366.0768737792969
2023-09-08 04:00:00+00:00,135.50784616814917,136.2167175365484,134.82732850072392,135.942626953125,7107900,0.0,0.0,4457.490234375,,366.5885314941406
2023-09-11 04:00:00+00:00,136.81217652578113,137.0957279625712,135.81030728154468,136.5380859375,6854200,0.0,0.0,4487.4599609375,,370.907958984375
2023-09-12 04:00:00+00:00,136.57589277056198,139.24125621640766,136.15057280550866,138.3149871826172,8363200,0.0,0.0,4461.89990234375,,366.79510498046875
2023-09-13 04:00:00+00:00,139.26015824164483,139.6004171205013,137.823522461608,138.38116455078125,8325900,0.0,0.0,4467.43994140625,,368.1923522949219
2023-09-14 04:00:00+00:00,139.73274779499476,141.6797792238606,139.4303034519031,141.0654296875,10034900,0.0,0.0,4505.10009765625,,371.2031555175781
2023-09-15 04:00:00+00:00,140.75350451581164,141.5190833260664,140.17695519591197,140.6495361328125,19863400,0.0,0.0,4450.31982421875,,364.8470153808594
2023-09-18 04:00:00+00:00,140.03521839001513,140.9614731978929,139.64769847272942,140.94256591796875,6512400,0.0,0.0,4453.52978515625,,365.22735595703125
2023-09-19 04:00:00+00:00,141.30171923416918,141.509656028276,139.1373045962744,140.76296997070312,7943400,0.0,0.0,4443.9501953125,,364.448974609375
2023-09-20 04:00:00+00:00,141.4434708829278,142.01057378498936,140.0162816228416,140.16751098632812,7332000,0.0,0.0,4402.2001953125,,359.1970520019531
2023-09-21 04:00:00+00:00,139.48697945440784,140.6873389723767,138.58907863344902,139.07110595703125,8052400,0.0,0.0,4330.0,,352.6148986816406
2023-09-22 04:00:00+00:00,139.212914876422,139.42085168548243,137.22808318361135,137.73846435546875,7071700,0.0,0.0,4320.06005859375,,352.6641845703125
2023-09-25 04:00:00+00:00,137.37927596628438,138.48511356230838,135.81975031392378,138.4189453125,7044700,0.0,0.0,4337.43994140625,,354.3392639160156
2023-09-26 04:00:00+00:00,136.67042431005655,137.842415902858,136.32070458011657,136.98231506347656,7468400,0.0,0.0,4273.52978515625,,349.0184020996094
2023-09-27 04:00:00+00:00,137.22807868374107,138.07871874961947,136.58536099807642,137.7857208251953,6717800,0.0,0.0,4274.509765625,,349.8363037109375
2023-09-28 04:00:00+00:00,138.2582697676522,140.7062354182507,138.00307203828493,139.49642944335938,8868100,0.0,0.0,4299.7001953125,,352.7627868652344
2023-09-29 04:00:00+00:00,140.45103287509698,140.6022477847298,136.91612296326622,137.06735229492188,11917800,0.0,0.0,4288.0498046875,,353.0189208984375
2023-10-02 04:00:00+00:00,136.88777919049235,137.63445063388755,134.80842620655724,135.8859100341797,9170600,0.0,0.0,4288.39013671875,,355.965087890625
2023-10-03 04:00:00+00:00,135.34718383062278,135.7157964019181,134.5438048531977,134.88406372070312,9431100,0.0,0.0,4229.4501953125,,349.7180480957031
2023-10-04 04:00:00+00:00,135.33773852602286,135.6023827116083,134.14682526886182,135.4889678955078,8128700,0.0,0.0,4263.75,,354.47723388671875
2023-10-05 04:00:00+00:00,135.24140407917886,136.2506805403231,134.08932754409395,136.06024169921875,8576200,1.05,0.0,4258.18994140625,,353.43280029296875
2023-10-06 04:00:00+00:00,136.06977263324086,138.89761799371698,135.33662377315048,138.1549530029297,10270600,0.0,0.0,4308.5,,359.3547058105469
2023-10-09 04:00:00+00:00,136.783887533103,138.44059519327567,136.6315422570001,137.84075927734375,6964900,0.0,0.0,4335.66015625,,361.1873779296875
2023-10-10 04:00:00+00:00,138.4596169115128,139.74500633713924,138.3263184511728,138.67860412597656,11288800,0.0,0.0,4358.240234375,,363.18768310546875
2023-10-11 04:00:00+00:00,139.49741731221945,140.1829562823615,138.0787442024744,139.15464782714844,8698200,0.0,0.0,4376.9501953125,,365.7790832519531
2023-10-12 04:00:00+00:00,139.29749974635203,139.92591299336164,138.1835023694399,138.83094787597656,10484400,0.0,0.0,4349.60986328125,,364.5080261230469
2023-10-13 04:00:00+00:00,141.39220572806693,145.78155357120053,140.76379243800466,140.9161376953125,29427000,0.0,0.0,4327.77978515625,,359.92620849609375
2023-10-16 04:00:00+00:00,142.296739758379,142.36339626021208,139.69741222732762,140.77333068847656,12663500,0.0,0.0,4373.6298828125,,363.99566650390625
2023-10-17 04:00:00+00:00,140.5067367699015,142.16344435077457,139.7640572165599,140.46864318847656,11482700,0.0,0.0,4373.2001953125,,362.8033752441406
2023-10-18 04:00:00+00:00,139.57360820497632,140.4210086362249,138.4120011605535,138.92616271972656,9620300,0.0,0.0,4314.60009765625,,358.0441589355469
2023-10-19 04:00:00+00:00,138.51673884994236,139.98303640086567,137.94546597674957,138.33583068847656,11143600,0.0,0.0,4278.0,,354.6940002441406
2023-10-20 04:00:00+00:00,137.6503194431313,138.19302945151148,135.31757443481777,136.10784912109375,13332900,0.0,0.0,4224.16015625,,349.4026794433594
2023-10-23 04:00:00+00:00,136.09832107654196,136.8028924127063,133.9940941408491,134.2511749267578,10133400,0.0,0.0,4217.0400390625,,350.4570617675781
2023-10-24 04:00:00+00:00,134.43208694949126,134.94623400762785,133.64181230970658,134.4130401611328,8881400,0.0,0.0,4247.68017578125,,353.8663330078125
2023-10-25 04:00:00+00:00,133.8417617659881,134.42255076684708,132.83248542266534,133.6798858642578,8242600,0.0,0.0,4186.77001953125,,345.20513916015625
2023-10-26 04:00:00+00:00,133.07052329343162,134.88910655616087,132.75631666727085,134.0226593017578,9109400,0.0,0.0,4137.22998046875,,338.623046875
2023-10-27 04:00:00+00:00,132.29930131198498,132.44213043662663,128.7192749923256,129.19534301757812,17434700,0.0,0.0,4117.3701171875,,340.2488708496094
2023-10-30 04:00:00+00:00,129.9094552211172,131.432864304069,129.52859205404604,130.84254455566406,9855500,0.0,0.0,4166.81982421875,,344.08184814453125
2023-10-31 04:00:00+00:00,131.11863229716687,132.57539896318386,130.8901144664121,132.4040069580078,9672500,0.0,0.0,4193.7998046875,,345.72735595703125
2023-11-01 04:00:00+00:00,132.5849700875464,133.80370330022268,131.84230499008572,132.28981018066406,9432000,0.0,0.0,4237.85986328125,,351.7281494140625
2023-11-02 04:00:00+00:00,133.38473459166462,134.70820310845752,132.56589701468494,134.6510772705078,10186200,0.0,0.0,4317.77978515625,,358.1131286621094
2023-11-03 04:00:00+00:00,135.38422865912943,136.88860537693347,135.06050588564386,136.15545654296875,9538700,0.0,0.0,4358.33984375,,362.320556640625
2023-11-06 05:00:00+00:00,136.31731431844256,137.2884971416143,135.95549797622422,137.1837615966797,7625100,0.0,0.0,4365.97998046875,,363.7986145019531
2023-11-07 05:00:00+00:00,136.64104316759799,137.35514522528302,135.98408147842036,137.1171112060547,6297900,0.0,0.0,4378.3798828125,,367.2374267578125
2023-11-08 05:00:00+00:00,137.21231780410557,137.9073730073427,136.7457659397726,137.79312133789062,7618200,0.0,0.0,4382.77978515625,,367.4739074707031
2023-11-09 05:00:00+00:00,138.478678010919,138.6786184578708,136.821955951098,137.3837127685547,7992500,0.0,0.0,4347.35009765625,,364.6459045410156
2023-11-10 05:00:00+00:00,138.00262154276933,139.46890488114937,137.18378383918315,139.42129516601562,7983300,0.0,0.0,4415.240234375,,372.8440246582031
2023-11-13 05:00:00+00:00,138.72624130108937,139.24991911627558,138.21209414609913,138.8024139404297,6676300,0.0,0.0,4411.5498046875,,371.6813049316406
2023-11-14 05:00:00+00:00,139.65931419733056,142.10631091334398,139.50698346510433,141.3350830078125,9927700,0.0,0.0,4495.7001953125,,379.6822814941406
2023-11-15 05:00:00+00:00,141.35412770732256,142.97275612478606,141.35412770732256,142.57286071777344,8365300,0.0,0.0,4502.8798828125,,379.9679870605469
2023-11-16 05:00:00+00:00,142.90608327800533,144.27716139002592,142.90608327800533,144.20098876953125,8126200,0.0,0.0,4508.240234375,,380.29327392578125
2023-11-17 05:00:00+00:00,144.9151283166954,145.54354170238418,144.2867149310066,145.50546264648438,7812400,0.0,0.0,4514.02001953125,,380.38189697265625
2023-11-20 05:00:00+00:00,144.80086530590324,146.39093090960563,144.64852003731698,145.95294189453125,7019000,0.0,0.0,4547.3798828125,,385.01300048828125
2023-11-21 05:00:00+00:00,145.86724162056868,146.27666768153603,145.26740578155804,145.64825439453125,7083500,0.0,0.0,4538.18994140625,,382.77630615234375
2023-11-22 05:00:00+00:00,146.0672004623361,146.51470558509976,145.58160176019817,145.99102783203125,5174500,0.0,0.0,4556.6201171875,,384.3429870605469
2023-11-24 05:00:00+00:00,146.2385734536382,147.04789491316575,145.94341360062845,146.1909637451172,3496900,0.0,0.0,4559.33984375,,383.8010559082031
2023-11-27 05:00:00+00:00,146.08621512693892,146.18143453546136,145.40069059365675,145.8577117919922,6259100,0.0,0.0,4550.43017578125,,383.46600341796875
2023-11-28 05:00:00+00:00,145.88628776178052,146.50517038722398,145.41021973345684,146.1909637451172,6582700,0.0,0.0,4554.89013671875,,384.4710998535156
2023-11-29 05:00:00+00:00,146.79081040440963,148.1809354045383,146.6289490222787,146.9336395263672,9126100,0.0,0.0,4550.580078125,,384.0966491699219
2023-11-30 05:00:00+00:00,147.49540801435012,148.65701522867897,146.99077703925823,148.60940551757812,9869800,0.0,0.0,4567.7998046875,,383.1310119628906
2023-12-01 05:00:00+00:00,148.3618547056448,150.3042059653773,148.3618547056448,149.33302307128906,8916000,0.0,0.0,4594.6298828125,,384.2247619628906
2023-12-04 05:00:00+00:00,148.5522844190122,150.4851196181815,148.41898594074,150.42799377441406,9607500,0.0,0.0,4569.77978515625,,380.6578063964844
2023-12-05 05:00:00+00:00,149.73292773753394,150.91358180969218,149.45681464282688,150.40895080566406,9135600,0.0,0.0,4567.18017578125,,381.61358642578125
2023-12-06 05:00:00+00:00,151.23728745575312,151.5991038056745,148.5332245469806,148.82838439941406,9366000,0.0,0.0,4549.33984375,,379.40643310546875
2023-12-07 05:00:00+00:00,149.1902260036743,149.78054580846828,148.67606431112512,149.28543090820312,8130900,0.0,0.0,4585.58984375,,384.70751953125
2023-12-08 05:00:00+00:00,149.73290127733767,151.1801520570624,149.46630436113077,150.93260192871094,7369400,0.0,0.0,4604.3701171875,,386.42205810546875
2023-12-11 05:00:00+00:00,150.93260738223807,151.67527232256882,150.5803071721735,151.48484802246094,8093900,0.0,0.0,4622.43994140625,,389.7229309082031
2023-12-12 05:00:00+00:00,151.60860476245662,152.9606360815268,151.27536589369836,152.8368682861328,10223000,0.0,0.0,4643.7001953125,,392.8268127441406
2023-12-13 05:00:00+00:00,152.83686616511588,154.2745862137624,152.12276420540454,153.35101318359375,12379100,0.0,0.0,4707.08984375,,397.82244873046875
2023-12-14 05:00:00+00:00,154.08420564992016,156.9501304311645,153.96995395304995,156.1408233642578,13643000,0.0,0.0,4719.5498046875,,397.47760009765625
2023-12-15 05:00:00+00:00,155.27435487389386,157.36905136044854,154.61737864904833,157.32144165039062,20309300,0.0,0.0,4719.18994140625,,399.3990173339844
2023-12-18 05:00:00+00:00,157.9784302023214,159.1305213504684,157.7023171079503,158.27359008789062,8469600,0.0,0.0,4740.56005859375,,401.91473388671875
2023-12-19 05:00:00+00:00,158.05459847553416,160.40637589223485,157.62614012029542,160.3873291015625,10345700,0.0,0.0,4768.3701171875,,403.9682922363281
2023-12-20 05:00:00+00:00,159.94935595892852,161.30138753913405,158.48305816217345,158.57827758789062,10734700,0.0,0.0,4698.35009765625,,397.9654541015625
2023-12-21 05:00:00+00:00,158.85437480725014,160.04454486759295,157.74989350442564,159.4827880859375,7601700,0.0,0.0,4746.75,,402.5959777832031
2023-12-22 05:00:00+00:00,159.482777393219,160.17783259389432,159.22569660945717,159.38755798339844,6576300,0.0,0.0,4754.6298828125,,403.1982421875
2023-12-26 05:00:00+00:00,159.44470540544634,160.69200127572972,159.1780939518335,160.33018493652344,4683600,0.0,0.0,4774.75,,405.6665344238281
2023-12-27 05:00:00+00:00,159.80650969959626,161.35849609615912,159.5589595590751,161.29183959960938,6428600,0.0,0.0,4781.580078125,,406.4923095703125
2023-12-28 05:00:00+00:00,161.24424684612208,162.49154275455325,160.91099341524577,162.14877319335938,6320100,0.0,0.0,4783.35009765625,,406.2947692871094
2023-12-29 05:00:00+00:00,161.86312409207517,162.52010027323502,161.51083841227057,161.95834350585938,6435100,0.0,0.0,4769.830078125,,404.53643798828125
2024-01-02 05:00:00+00:00,160.99668997848715,163.92927091566213,160.82531245380352,163.8435821533203,9977400,0.0,0.0,4742.830078125,,397.6907653808594
2024-01-03 05:00:00+00:00,163.63408646230044,163.80546396123427,162.21539865343385,163.12945556640625,9852300,0.0,0.0,4704.81005859375,,393.4825439453125
2024-01-04 05:00:00+00:00,163.47433603229473,166.0705417857939,163.3785294721103,164.21200561523438,11972500,1.05,0.0,4688.68017578125,,391.45758056640625
2024-01-05 05:00:00+00:00,164.26951043733862,166.09930786122962,164.26951043733862,165.03591918945312,10066000,0.0,0.0,4697.240234375,,391.92181396484375
2024-01-08 05:00:00+00:00,164.7964324951172,165.1221514938043,162.37267500941948,164.7964324951172,11229900,0.0,0.0,4763.5400390625,,400.0220642089844
2024-01-09 05:00:00+00:00,164.41320910066761,164.5760685884473,162.95704852121472,163.4935302734375,9923600,0.0,0.0,4756.5,,400.81231689453125
2024-01-10 05:00:00+00:00,162.8612075677953,163.89585699356587,161.85529718568267,163.83837890625,9670200,0.0,0.0,4783.4501953125,,403.52880859375
2024-01-11 05:00:00+00:00,163.17737491200987,163.2061139597619,161.55834033783609,163.1486358642578,11919500,0.0,0.0,4780.240234375,,404.36846923828125
2024-01-12 05:00:00+00:00,166.50166046764423,168.9062533664625,161.80741624247742,161.9511260986328,19436500,0.0,0.0,4783.830078125,,404.5759582519531
2024-01-16 05:00:00+00:00,157.94666093131482,161.03144564695285,157.40060436457583,160.93565368652344,17206400,0.0,0.0,4765.97998046875,,404.53643798828125
2024-01-17 05:00:00+00:00,160.3129423831961,161.97030558173176,159.49864492712499,160.0734405517578,11107500,0.0,0.0,4739.2099609375,,402.2545471191406
2024-01-18 05:00:00+00:00,160.10218227621107,160.494968794658,158.30113841397468,160.38958740234375,9382300,0.0,0.0,4780.93994140625,,407.96417236328125
2024-01-19 05:00:00+00:00,160.51410852793856,163.4072943513664,160.06384397661594,163.158203125,13115700,0.0,0.0,4839.81005859375,,416.0545349121094
2024-01-22 05:00:00+00:00,163.30190686382716,164.75806722149593,162.58340149409867,162.9665985107422,12837500,0.0,0.0,4850.43017578125,,416.59783935546875
2024-01-23 05:00:00+00:00,162.54508413668046,162.6217264688559,161.366739342797,161.89364624023438,8360800,0.0,0.0,4864.60009765625,,418.3265380859375
2024-01-24 05:00:00+00:00,162.24809761236278,163.82880362211606,161.76909401934304,163.34022521972656,9967100,0.0,0.0,4868.5498046875,,420.64794921875
2024-01-25 05:00:00+00:00,165.0742156883323,165.72566817542818,163.73301147670767,165.67776489257812,8873500,0.0,0.0,4894.16015625,,421.16162109375
2024-01-26 05:00:00+00:00,165.3616153061402,165.79271560149414,164.56646761478433,165.04547119140625,7443000,0.0,0.0,4890.97021484375,,418.65252685546875
2024-01-29 05:00:00+00:00,165.0071788069499,165.5819744028677,164.10664962684461,165.47659301757812,6971200,0.0,0.0,4927.93017578125,,422.9396667480469
2024-01-30 05:00:00+00:00,165.57240299685432,169.3373646597328,165.57240299685432,168.86795043945312,10822100,0.0,0.0,4924.97021484375,,420.1243896484375
2024-01-31 05:00:00+00:00,168.80087682836762,170.8126979280155,167.01898273434634,167.03814697265625,11521800,0.0,0.0,4845.64990234375,,411.8957214355469
2024-02-01 05:00:00+00:00,166.3483989340028,167.49800485295836,164.23119621701684,166.4346160888672,9354800,0.0,0.0,4906.18994140625,,416.74603271484375
2024-02-02 05:00:00+00:00,166.02265010918322,168.43683233787874,165.98432163521917,167.39259338378906,8607600,0.0,0.0,4958.60986328125,,423.7892761230469
2024-02-05 05:00:00+00:00,166.5591476490177,167.73749252001522,165.65861845956076,167.17227172851562,7820200,0.0,0.0,4942.81005859375,,423.236083984375
2024-02-06 05:00:00+00:00,167.27764151152834,168.4847253479882,166.46332952613528,167.7470703125,6764800,0.0,0.0,4954.22998046875,,422.3865051269531
2024-02-07 05:00:00+00:00,168.3123084218738,168.48474272285162,166.6549598510057,168.06321716308594,7225500,0.0,0.0,4995.06005859375,,426.73297119140625
2024-02-08 05:00:00+00:00,167.65126954781346,167.94824945784183,166.28132619044888,167.4596710205078,6060300,0.0,0.0,4997.91015625,,427.52325439453125
2024-02-09 05:00:00+00:00,167.65126808553677,167.74707465736927,166.37711669392303,167.6608428955078,6296700,0.0,0.0,5026.60986328125,,431.7313537597656
2024-02-12 05:00:00+00:00,167.4405293770849,169.38528319682555,166.40587964838014,168.40811157226562,8539300,0.0,0.0,5021.83984375,,430.0421447753906
2024-02-13 05:00:00+00:00,167.95782164206278,168.82959704450485,165.37119062589295,166.94232177734375,8397600,0.0,0.0,4953.169921875,,423.3348388671875
2024-02-14 05:00:00+00:00,167.7183217937811,168.70506800664546,167.09560836422625,168.63800048828125,7056700,0.0,0.0,5000.6201171875,,427.947998046875
2024-02-15 05:00:00+00:00,168.7529840509546,172.64250606036836,168.7529840509546,172.3167724609375,8723400,0.0,0.0,5029.72998046875,,429.2223205566406
2024-02-16 05:00:00+00:00,172.06768515146553,172.42214316112788,170.67857754324285,171.5120391845703,8152600,0.0,0.0,5005.56982421875,,425.33026123046875
2024-02-20 05:00:00+00:00,171.66533019570556,172.88200355812293,170.91808567215,172.18264770507812,9668000,0.0,0.0,4975.509765625,,422.1198425292969
2024-02-21 05:00:00+00:00,172.3934085731368,173.38974433887643,171.02346516778374,173.3035125732422,7024000,0.0,0.0,4981.7998046875,,420.43060302734375
2024-02-22 05:00:00+00:00,174.1848762529964,175.71767900334314,173.62923032241065,175.38238525390625,9296500,0.0,0.0,5087.02978515625,,432.7389831542969
2024-02-23 05:00:00+00:00,176.09131451721248,177.42294404200635,175.49735468570222,176.26376342773438,7105800,0.0,0.0,5088.7998046875,,431.4646911621094
2024-02-26 05:00:00+00:00,176.03380896106003,176.71400045074694,174.81713582104305,175.66018676757812,7145400,0.0,0.0,5069.52978515625,,431.2374572753906
2024-02-27 05:00:00+00:00,175.6123090112838,175.83264658868708,174.587248841427,175.74642944335938,5717100,0.0,0.0,5078.18017578125,,432.27471923828125
2024-02-28 05:00:00+00:00,175.72727150994749,177.4229485190519,175.27702152884916,176.63739013671875,6131600,0.0,0.0,5069.759765625,,429.97308349609375
2024-02-29 05:00:00+00:00,177.8636443459848,178.60129946489397,176.12965341805872,178.24684143066406,9643000,0.0,0.0,5096.27001953125,,433.6576843261719
2024-03-01 05:00:00+00:00,177.9019417506201,178.61087237153285,177.32714617677203,177.5091552734375,6311800,0.0,0.0,5137.080078125,,440.1871643066406
2024-03-04 05:00:00+00:00,176.95351382755808,179.71256458406262,176.53198832666763,178.8407745361328,7063600,0.0,0.0,5130.9501953125,,438.6165771484375
2024-03-05 05:00:00+00:00,178.5342250453487,181.35076859433357,178.5342250453487,180.63226318359375,6617800,0.0,0.0,5078.64990234375,,430.7435607910156
2024-03-06 05:00:00+00:00,181.30286510676484,182.08843803828077,179.75089809907624,181.57110595703125,7572900,0.0,0.0,5104.759765625,,433.4502258300781
2024-03-07 05:00:00+00:00,181.93514727898537,182.50036800753202,178.79288489428228,179.98080444335938,7618300,0.0,0.0,5157.35986328125,,440.0291748046875
2024-03-08 05:00:00+00:00,180.52689436305062,182.4620731636392,180.02872648390257,180.31613159179688,6172200,0.0,0.0,5123.68994140625,,433.67742919921875
2024-03-11 04:00:00+00:00,179.4156118276523,180.52690384023362,178.40012639540902,180.38319396972656,5762600,0.0,0.0,5117.93994140625,,432.06732177734375
2024-03-12 04:00:00+00:00,181.0154619245126,182.17465709667462,180.0191408441831,181.8680877685547,5708400,0.0,0.0,5175.27001953125,,438.26092529296875
2024-03-13 04:00:00+00:00,182.36625809133085,183.67872332732483,181.86809023539396,183.3434295654297,7795500,0.0,0.0,5165.31005859375,,434.8924865722656
2024-03-14 04:00:00+00:00,183.00811407017264,183.58292423683054,179.24315279445563,180.0766143798828,10310900,0.0,0.0,5150.47998046875,,433.79595947265625
2024-03-15 04:00:00+00:00,178.6491972115897,182.92191620153875,178.6491972115897,182.3087921142578,17214200,0.0,0.0,5117.08984375,,428.6394958496094
2024-03-18 04:00:00+00:00,182.6249332720875,184.6080007490843,181.91600261926007,184.56968688964844,9013800,0.0,0.0,5149.419921875,,432.7276306152344
2024-03-19 04:00:00+00:00,184.61760186984023,185.7863573820429,184.30145769185557,185.65223693847656,8478700,0.0,0.0,5178.509765625,,433.8057556152344
2024-03-20 04:00:00+00:00,186.0354211993634,188.30589359404527,185.47977526713157,188.08555603027344,9367000,0.0,0.0,5224.6201171875,,438.94927978515625
2024-03-21 04:00:00+00:00,188.26759566341468,191.05538575190852,188.08557194045494,190.700927734375,11203800,0.0,0.0,5241.52978515625,,441.02642822265625
2024-03-22 04:00:00+00:00,190.65302489235967,192.06129677346303,188.28674572441219,188.36338806152344,8108800,0.0,0.0,5234.18017578125,,441.5309143066406
2024-03-25 04:00:00+00:00,188.34421336610853,188.66993229194443,186.19827206678013,186.6389617919922,8620000,0.0,0.0,5218.18994140625,,439.9284973144531
2024-03-26 04:00:00+00:00,186.41862975146782,188.40171180202861,185.9108870716493,187.51075744628906,5961500,0.0,0.0,5203.580078125,,438.5041809082031
2024-03-27 04:00:00+00:00,188.2484157114437,191.21824389303464,188.13345952465664,191.1416015625,8725800,0.0,0.0,5248.490234375,,439.99774169921875
2024-03-28 04:00:00+00:00,191.11287144733137,192.29121627105735,190.20275286596726,191.88885498046875,8628300,0.0,0.0,5254.35009765625,,439.1866760253906
2024-04-01 04:00:00+00:00,191.59189391076254,192.50199796358424,190.23152523700224,190.5859832763672,7309000,0.0,0.0,5243.77001953125,,440.1164855957031
2024-04-02 04:00:00+00:00,190.05904331855777,191.3906727102747,189.76206343248145,190.50930786132812,7014700,0.0,0.0,5205.81005859375,,436.3181457519531
2024-04-03 04:00:00+00:00,190.68175536029023,191.1799232200789,189.39802916201796,189.97283935546875,9353400,0.0,0.0,5211.490234375,,437.29742431640625
2024-04-04 04:00:00+00:00,191.90003475549202,192.41073918574324,188.43109983510448,188.52745056152344,9243800,1.15,0.0,5147.2099609375,,430.61083984375
2024-04-05 04:00:00+00:00,189.0189006224198,190.90753960667652,188.00712238634617,190.26193237304688,6532300,0.0,0.0,5204.33984375,,435.6850891113281
2024-04-08 04:00:00+00:00,190.42573235528224,191.73622278453385,190.42573235528224,191.25442504882812,8001000,0.0,0.0,5202.39013671875,,435.813720703125
2024-04-09 04:00:00+00:00,190.85937544895748,191.63988548294424,187.8144100172181,189.9728546142578,7351500,0.0,0.0,5209.91015625,,437.4260559082031
2024-04-10 04:00:00+00:00,188.43109330669446,189.89576250853975,187.1109575411202,188.35400390625,7681400,0.0,0.0,5160.64013671875,,433.6079406738281
2024-04-11 04:00:00+00:00,188.86471669386384,189.41397318264956,186.2051984254445,188.31546020507812,10137700,0.0,0.0,5199.06005859375,,440.5318908691406
2024-04-12 04:00:00+00:00,181.46428547393805,182.05206452908797,175.89469075931578,176.13558959960938,31532300,0.0,0.0,5123.41015625,,433.5090026855469
2024-04-15 04:00:00+00:00,177.78333791789487,180.635586556652,175.5670657240583,176.23194885253906,14766600,0.0,0.0,5061.81982421875,,426.3773193359375
2024-04-16 04:00:00+00:00,176.2416050129826,176.49214924448614,173.10991974558794,174.2180633544922,16451800,0.0,0.0,5051.41015625,,426.4169006347656
2024-04-17 04:00:00+00:00,174.76729307171811,175.77907118283395,172.67629281717151,173.52426147460938,9017100,0.0,0.0,5022.2099609375,,421.21405029296875
2024-04-18 04:00:00+00:00,174.50713892954175,176.68485931658026,173.4182713843728,174.65167236328125,9557700,0.0,0.0,5011.1201171875,,418.8104248046875
2024-04-19 04:00:00+00:00,175.7597928603478,179.11311539639945,174.8058428364993,179.03602600097656,13402300,0.0,0.0,4967.22998046875,,410.1455993652344
2024-04-22 04:00:00+00:00,179.2191232415869,183.2084078209713,179.2094778769642,182.51461791992188,11529700,0.0,0.0,5010.60009765625,,414.27032470703125
2024-04-23 04:00:00+00:00,184.17200702206668,185.23195321786886,183.5842131968009,185.14523315429688,9144400,0.0,0.0,5070.5498046875,,420.4524230957031
2024-04-24 04:00:00+00:00,183.5938538657154,186.19555883778995,183.24695888921872,186.051025390625,6964900,0.0,0.0,5071.6298828125,,421.8768310546875
2024-04-25 04:00:00+00:00,185.25123732550676,186.87971609457637,184.2201830692837,186.33045959472656,9802300,0.0,0.0,5048.419921875,,419.8392028808594
2024-04-26 04:00:00+00:00,186.52316483427794,187.77582706610977,186.03172178018212,186.44607543945312,6413700,0.0,0.0,5099.9599609375,,426.3179931640625
2024-04-29 04:00:00+00:00,186.43644478831635,187.18804806804826,185.42466661843113,186.2437286376953,5387800,0.0,0.0,5116.169921875,,428.0489501953125
2024-04-30 04:00:00+00:00,185.79082028032872,187.89146582521732,184.66341546581035,184.75978088378906,8153700,0.0,0.0,5035.68994140625,,419.9776306152344
2024-05-01 04:00:00+00:00,185.27050491712367,187.3807813464834,183.8443730368157,184.87542724609375,7445300,0.0,0.0,5018.39013671875,,416.9410095214844
2024-05-02 04:00:00+00:00,186.04136649178366,186.45570544630326,182.6205999628326,184.6826934814453,6501700,0.0,0.0,5064.2001953125,,422.2624816894531
2024-05-03 04:00:00+00:00,185.01031688319262,185.52102126915833,181.59919563511028,183.57455444335938,8922800,0.0,0.0,5127.7900390625,,430.74932861328125
2024-05-06 04:00:00+00:00,184.7501553064273,185.20304635349385,182.90969913363128,185.0103302001953,7911100,0.0,0.0,5180.740234375,,435.4675598144531
2024-05-07 04:00:00+00:00,184.72122647131476,185.90644464013317,184.67304376294203,184.7694091796875,7688800,0.0,0.0,5187.7001953125,,435.5367736816406
2024-05-08 04:00:00+00:00,184.04673744228526,189.49104604551445,184.04673744228526,188.52745056152344,9227600,0.0,0.0,5187.669921875,,435.279541015625
2024-05-09 04:00:00+00:00,188.0649251718864,190.39682443319006,187.9974811350408,190.3101043701172,7977300,0.0,0.0,5214.080078125,,436.2291259765625
2024-05-10 04:00:00+00:00,191.31222172747283,192.08310097798218,191.05206155927368,191.5338592529297,7529800,0.0,0.0,5222.68017578125,,437.25787353515625
2024-05-13 04:00:00+00:00,191.56278955355822,192.57456777562447,190.83044755880903,191.49533081054688,7049200,0.0,0.0,5221.419921875,,438.2667541503906
2024-05-14 04:00:00+00:00,191.75549870329445,194.24157678253718,190.94608203655494,194.1741180419922,8596200,0.0,0.0,5246.68017578125,,441.0858154296875
2024-05-15 04:00:00+00:00,194.65590813494666,195.31116067512863,192.49746377505176,194.7522735595703,8370000,0.0,0.0,5308.14990234375,,447.9801025390625
2024-05-16 04:00:00+00:00,194.85823753397796,197.03595756058348,194.63661473782489,195.09913635253906,8497900,0.0,0.0,5297.10009765625,,447.070068359375
2024-05-17 04:00:00+00:00,196.39036694832853,197.5852304817056,195.42677159333684,197.33468627929688,9260500,0.0,0.0,5303.27001953125,,446.85247802734375
2024-05-20 04:00:00+00:00,196.94928058388155,198.3850431496676,188.28655188085736,188.4600067138672,17373300,0.0,0.0,5308.1298828125,,449.96826171875
2024-05-21 04:00:00+00:00,189.82829671705844,192.62271753868023,189.44286443245517,192.25656127929688,14420800,0.0,0.0,5321.41015625,,450.8486022949219
2024-05-22 04:00:00+00:00,191.75547457442974,193.62485190522074,190.49316701895492,191.09059143066406,9425300,0.0,0.0,5307.009765625,,450.7595520019531
2024-05-23 04:00:00+00:00,190.608789439155,191.08095644296316,188.93214297889745,189.75119018554688,8069400,0.0,0.0,5267.83984375,,448.7318420410156
2024-05-24 04:00:00+00:00,190.55101012784888,193.45142728970407,190.36792463031807,193.40325927734375,7356200,0.0,0.0,5304.72021484375,,452.97528076171875
2024-05-28 04:00:00+00:00,192.58416908738297,193.1141494756289,191.4278575969454,192.23727416992188,6910200,0.0,0.0,5306.0400390625,,454.68646240234375
2024-05-29 04:00:00+00:00,190.79190735016738,191.74587218010635,189.72231576628442,190.8979034423828,6120000,0.0,0.0,5266.9501953125,,451.4816589355469
2024-05-30 04:00:00+00:00,191.33151370112188,192.5745600882193,191.17733489750825,192.073486328125,6829100,0.0,0.0,5235.47998046875,,446.6447448730469
2024-05-31 04:00:00+00:00,192.04458221888913,195.89896414118172,191.12916945300466,195.25335693359375,14417900,0.0,0.0,5277.509765625,,445.81390380859375
2024-06-03 04:00:00+00:00,194.94497641657145,195.05097249511218,191.93856357548694,194.4728240966797,6444300,0.0,0.0,5283.39990234375,,448.2076110839844
2024-06-04 04:00:00+00:00,192.8732787271311,194.62701489067234,191.06171448284195,191.90968322753906,6848300,0.0,0.0,5291.33984375,,449.43408203125
2024-06-05 04:00:00+00:00,192.48784635418596,192.54567443933476,189.7512384558731,190.078857421875,8351600,0.0,0.0,5354.02978515625,,458.49462890625
2024-06-06 04:00:00+00:00,190.07881143660111,190.81115330496309,188.21907948836196,189.74156188964844,7640300,0.0,0.0,5352.9599609375,,458.33636474609375
2024-06-07 04:00:00+00:00,190.24264896458575,193.60560249014668,189.83794062651856,192.67091369628906,6964500,0.0,0.0,5346.990234375,,457.93084716796875
2024-06-10 04:00:00+00:00,191.98675138719827,193.52849519396025,191.21587213216785,192.34327697753906,6070800,0.0,0.0,5360.7900390625,,459.780517578125
2024-06-11 04:00:00+00:00,190.70517529026583,190.7340819769337,186.55208133491664,187.28440856933594,9235300,0.0,0.0,5375.31982421875,,462.93585205078125
2024-06-12 04:00:00+00:00,188.8647068899173,189.55849678536873,184.34544190823777,184.55743408203125,12751300,0.0,0.0,5421.02978515625,,468.9992370605469
2024-06-13 04:00:00+00:00,185.31869460949812,187.49641515796614,183.93111472954305,186.6099090576172,8587800,0.0,0.0,5433.740234375,,471.5413513183594
2024-06-14 04:00:00+00:00,184.48033066680375,187.76619440766876,184.45142398196433,186.7255096435547,6874000,0.0,0.0,5431.60009765625,,473.98455810546875
2024-06-17 04:00:00+00:00,186.43642762714947,188.45998378065488,185.6270110470667,187.88182067871094,8725400,0.0,0.0,5473.22998046875,,479.79071044921875
2024-06-18 04:00:00+00:00,187.5156697796133,190.75335089548557,187.0627787676238,189.8282928466797,9023000,0.0,0.0,5487.02978515625,,479.9391174316406
2024-06-20 04:00:00+00:00,189.24048853874228,192.18908793135557,188.97068301937233,191.43748474121094,8731100,0.0,0.0,5473.169921875,,476.23974609375
2024-06-21 04:00:00+00:00,189.54887100568703,189.99211668717973,187.1495129968505,189.15379333496094,20972100,0.0,0.0,5464.6201171875,,474.9637451171875
2024-06-24 04:00:00+00:00,190.6088079023479,191.97711163596483,189.92466338718907,191.63986206054688,9785900,0.0,0.0,5447.8701171875,,469.5564270019531
2024-06-25 04:00:00+00:00,190.87863632435608,192.7865660732813,190.54138670851245,190.859375,6862500,0.0,0.0,5469.2998046875,,474.92608642578125
2024-06-26 04:00:00+00:00,190.26192128986204,190.73408836007184,189.13451636218556,190.24264526367188,7758600,0.0,0.0,5477.89990234375,,475.9068908691406
2024-06-27 04:00:00+00:00,190.25229544661778,192.58419476248764,189.7319456494045,191.9193115234375,7913500,0.0,0.0,5482.8701171875,,477.1353454589844
2024-06-28 04:00:00+00:00,192.72871510952479,195.2244384276402,192.04457059358026,194.8968048095703,15307600,0.0,0.0,5460.47998046875,,474.6585693359375
2024-07-01 04:00:00+00:00,195.45568801743792,199.55096848022373,195.28224790247992,197.97067260742188,10205800,0.0,0.0,5475.08984375,,477.4425354003906
2024-07-02 04:00:00+00:00,197.81649464048778,201.25653730118145,197.3154356152056,201.22763061523438,7802900,0.0,0.0,5509.009765625,,482.45550537109375
2024-07-03 04:00:00+00:00,201.92140497688058,202.72119086769038,200.0905650221468,201.09271240234375,5560900,0.0,0.0,5537.02001953125,,486.4777526855469
2024-07-05 04:00:00+00:00,200.55981469829467,200.9279998596982,198.16654461770065,198.4281463623047,8093100,1.15,0.0,5567.18994140625,,491.5502014160156
2024-07-08 04:00:00+00:00,198.6703899428391,200.47260930809625,197.63363736853518,198.79635620117188,8707000,0.0,0.0,5572.85009765625,,492.71923828125
2024-07-09 04:00:00+00:00,199.2420772065153,203.243768068706,199.06766124607273,201.17994689941406,9058900,0.0,0.0,5576.97998046875,,493.1452331542969
2024-07-10 04:00:00+00:00,199.73621498518906,201.5093674070047,199.19361387387812,201.3446502685547,8328500,0.0,0.0,5633.91015625,,498.2869873046875
2024-07-11 04:00:00+00:00,199.8040388100942,201.6353248733567,198.9998212034549,201.00550842285156,10658100,0.0,0.0,5584.5400390625,,487.3594970703125
2024-07-12 04:00:00+00:00,197.6626853145437,201.005507182762,195.82171523777728,198.573486328125,15443400,0.0,0.0,5615.35009765625,,490.22271728515625
2024-07-15 04:00:00+00:00,200.75361079562126,205.03630099143194,200.29821024046566,203.52476501464844,10719700,0.0,0.0,5631.22021484375,,491.540283203125
2024-07-16 04:00:00+00:00,203.47631680452577,207.10013843584824,201.61596368219992,206.98385620117188,11557000,0.0,0.0,5667.2001953125,,491.7285461425781
2024-07-17 04:00:00+00:00,207.15826659720184,210.8014561824825,206.64473232755455,210.1328887939453,11572500,0.0,0.0,5588.27001953125,,477.2938537597656
2024-07-18 04:00:00+00:00,208.93141490981057,209.91003373180175,202.73992215128823,203.45692443847656,12415100,0.0,0.0,5544.58984375,,475.0350341796875
2024-07-19 04:00:00+00:00,204.63902343657583,205.75330730910804,202.42985331170013,203.2631378173828,8095900,0.0,0.0,5505.0,,470.82452392578125
2024-07-22 04:00:00+00:00,203.92203559046192,205.5789059089919,203.1953344509871,203.74761962890625,7663200,0.0,0.0,5564.41015625,,477.83880615234375
2024-07-23 04:00:00+00:00,204.46461837922644,204.9103200919362,202.84649909482658,203.79605102539062,5557300,0.0,0.0,5555.740234375,,476.15460205078125
2024-07-24 04:00:00+00:00,203.04027601093728,205.44323000612815,201.60625674757168,202.11009216308594,7119000,0.0,0.0,5427.1298828125,,459.0747375488281
2024-07-25 04:00:00+00:00,202.16823923465998,203.66040709970025,201.58688722802887,202.1876220703125,6403800,0.0,0.0,5399.22021484375,,454.0122375488281
2024-07-26 04:00:00+00:00,202.739924098082,206.53814676283224,202.13917446481165,205.646728515625,8027800,0.0,0.0,5459.10009765625,,458.6685485839844
2024-07-29 04:00:00+00:00,206.04398233686015,206.9741662638421,204.00922809779334,204.29991149902344,6533600,0.0,0.0,5463.5400390625,,459.58990478515625
2024-07-30 04:00:00+00:00,206.60596247075222,209.086433183662,206.3443607207926,208.5050811767578,8850700,0.0,0.0,5436.43994140625,,453.27911376953125
2024-07-31 04:00:00+00:00,208.10780244291595,209.66778796696985,206.0633495484698,206.18931579589844,9071600,0.0,0.0,5522.2998046875,,466.6933288574219
2024-08-01 04:00:00+00:00,206.57691954144522,207.18735326494604,199.96879115335906,201.4997100830078,10918600,0.0,0.0,5446.68017578125,,455.3893737792969
2024-08-02 04:00:00+00:00,197.54639931924422,198.31185118026227,190.77354085678738,192.95364379882812,18041700,0.0,0.0,5346.56005859375,,444.5806884765625
2024-08-05 04:00:00+00:00,188.02181219061254,190.07594935886874,184.96965851641983,188.84539794921875,13927000,0.0,0.0,5186.330078125,,431.32501220703125
2024-08-06 04:00:00+00:00,189.32983888880372,196.306180719586,187.97333619102415,194.1163787841797,10605800,0.0,0.0,5240.02978515625,,435.4463195800781
2024-08-07 04:00:00+00:00,197.1879023844961,199.35832151107093,193.98073078067114,194.1745147705078,9204400,0.0,0.0,5199.5,,430.7305603027344
2024-08-08 04:00:00+00:00,196.18023761176147,198.54444097938318,195.5213542345817,197.72084045410156,7761200,0.0,0.0,5319.31005859375,,443.906982421875
2024-08-09 04:00:00+00:00,197.14916420781512,200.0559685970376,196.59686427717244,199.4067840576172,5540200,0.0,0.0,5344.16015625,,446.2252502441406
2024-08-12 04:00:00+00:00,199.99783480666875,200.70515306806914,197.33326411745605,199.78466796875,6936000,0.0,0.0,5344.39013671875,,447.1862487792969
2024-08-13 04:00:00+00:00,201.2768180938325,201.62563520668914,199.01919827795092,201.4803009033203,6387800,0.0,0.0,5434.43017578125,,458.2821960449219
2024-08-14 04:00:00+00:00,201.28652524962934,204.2126977671037,200.6857756063299,203.7088623046875,6999800,0.0,0.0,5455.2099609375,,458.4308166503906
2024-08-15 04:00:00+00:00,206.38310184525676,207.24545318176396,204.54213173331544,204.9781494140625,7001000,0.0,0.0,5543.22021484375,,470.01214599609375
2024-08-16 04:00:00+00:00,205.11382769696473,207.43926550167882,205.01692829477958,207.322998046875,7931200,0.0,0.0,5554.25,,470.61651611328125
2024-08-19 04:00:00+00:00,207.35203609757156,208.8345050794127,207.1776349396001,208.75698852539062,6090800,0.0,0.0,5608.25,,476.79852294921875
2024-08-20 04:00:00+00:00,208.32099585006753,209.28993071448645,207.04199473234365,207.8559112548828,5640000,0.0,0.0,5597.1201171875,,475.7979431152344
2024-08-21 04:00:00+00:00,207.7686787205856,208.32097864437964,206.22807596174675,207.93341064453125,5202300,0.0,0.0,5620.85009765625,,478.0171203613281
2024-08-22 04:00:00+00:00,207.9140104903408,210.06504671529734,207.68146083893973,209.90032958984375,5247100,0.0,0.0,5570.64013671875,,470.438232421875
2024-08-23 04:00:00+00:00,210.8402170417045,212.38081981547876,209.77438285463143,211.5281524658203,7214000,0.0,0.0,5634.60986328125,,475.5403137207031
2024-08-26 04:00:00+00:00,212.2064170703137,212.85560164837696,211.27624788986617,212.3614501953125,5105200,0.0,0.0,5616.83984375,,470.92364501953125
2024-08-27 04:00:00+00:00,212.69088804295066,213.57262232321077,212.38083657255706,213.34007263183594,5185200,0.0,0.0,5625.7998046875,,472.3304443359375
2024-08-28 04:00:00+00:00,212.43895265431158,215.307006137293,212.38081893248957,214.4155731201172,6506400,0.0,0.0,5592.18017578125,,466.9706726074219
2024-08-29 04:00:00+00:00,215.24885832915527,216.05307598143608,212.13858592341361,215.3070068359375,6416100,0.0,0.0,5591.9599609375,,466.2871398925781
2024-08-30 04:00:00+00:00,215.58800570955643,218.47542744404245,215.03570574430626,217.81655883789062,8574100,0.0,0.0,5648.39990234375,,471.8450012207031
2024-09-03 04:00:00+00:00,215.39419885445255,217.13828436928125,212.4292608716293,213.45632934570312,8956100,0.0,0.0,5528.93017578125,,457.51934814453125
2024-09-04 04:00:00+00:00,214.1733344055988,215.1713508176599,210.46232725835844,212.51646423339844,7389500,0.0,0.0,5520.06982421875,,456.3304748535156
2024-09-05 04:00:00+00:00,213.31098292052562,213.94079938958222,209.31897641386968,210.86927795410156,8067900,0.0,0.0,5503.41015625,,456.75653076171875
2024-09-06 04:00:00+00:00,210.84021807182933,211.94480315075108,204.53244307121116,205.85989379882812,7777000,0.0,0.0,5408.419921875,,444.521240234375
2024-09-09 04:00:00+00:00,208.50506800911248,211.37310654550083,207.5264344644205,210.07473754882812,8935100,0.0,0.0,5471.0498046875,,450.2376708984375
2024-09-10 04:00:00+00:00,211.80915850031667,211.84790938798793,194.37801568910027,199.1742401123047,28406900,0.0,0.0,5495.52001953125,,454.39862060546875
2024-09-11 04:00:00+00:00,198.8738715965842,201.247758946142,195.5601162898296,200.7923583984375,13658700,0.0,0.0,5554.1298828125,,464.2660827636719
2024-09-12 04:00:00+00:00,201.19930022849982,202.29420125599518,198.52504557050682,200.1819305419922,9054400,0.0,0.0,5595.759765625,,468.8233642578125
2024-09-13 04:00:00+00:00,200.43385091874683,201.39310168177548,196.71314487965583,197.97276306152344,10226700,0.0,0.0,5626.02001953125,,470.92364501953125
2024-09-16 04:00:00+00:00,199.43584981187368,201.74191934565195,199.2033001395087,201.4027862548828,8634900,0.0,0.0,5633.08984375,,468.8431396484375
2024-09-17 04:00:00+00:00,201.27681826210605,203.40847182700247,201.20900051540104,202.74960327148438,7573300,0.0,0.0,5634.580078125,,469.0908203125
2024-09-18 04:00:00+00:00,202.5170423300789,204.77466202220052,200.27880547226775,201.08302307128906,8259900,0.0,0.0,5618.259765625,,467.05987548828125
2024-09-19 04:00:00+00:00,203.26312438535416,205.3269600701471,200.89892130291486,203.94137573242188,11635200,0.0,0.0,5713.64013671875,,478.86907958984375
2024-09-20 04:00:00+00:00,203.40848746171363,204.85220572136328,202.9918525698363,204.53245544433594,20885000,0.0,0.0,5702.5498046875,,477.9576721191406
2024-09-23 04:00:00+00:00,204.4452483421294,205.22039916009663,203.4666294901187,204.87158203125,7223500,0.0,0.0,5718.56982421875,,479.224609375
2024-09-24 04:00:00+00:00,204.59057306913016,206.33465863167038,203.83480512282463,205.01690673828125,7323200,0.0,0.0,5732.93017578125,,481.53619384765625
2024-09-25 04:00:00+00:00,205.1041190935442,205.6467350211927,202.12949683357203,203.66041564941406,8976500,0.0,0.0,5722.259765625,,481.9826354980469
2024-09-26 04:00:00+00:00,204.5712056897728,205.12349082860598,202.51705389392038,203.2631378173828,7807500,0.0,0.0,5745.3701171875,,485.603759765625
2024-09-27 04:00:00+00:00,204.10610395531677,205.84050547792145,202.82711774343403,203.9607696533203,7032500,0.0,0.0,5738.169921875,,482.9052734375
2024-09-30 04:00:00+00:00,199.90094435379316,204.40650022792838,198.88355981545473,204.30960083007812,8663800,0.0,0.0,5762.47998046875,,484.2148742675781
2024-10-01 04:00:00+00:00,202.410449695536,202.59454965117,199.78464497978652,200.6082305908203,8540100,0.0,0.0,5708.75,,477.4685363769531
2024-10-02 04:00:00+00:00,200.64701110662753,202.4589143697624,199.30019238677582,200.85047912597656,5810900,0.0,0.0,5709.5400390625,,478.1432189941406
2024-10-03 04:00:00+00:00,199.7652779699277,200.07534419024452,197.9921255825151,198.85447692871094,7251300,0.0,0.0,5699.93994140625,,477.7860412597656
2024-10-04 04:00:00+00:00,204.04081375554424,206.35125678113758,201.7108691151778,205.91256713867188,10211700,1.25,0.0,5751.06982421875,,483.47076416015625
2024-10-07 04:00:00+00:00,205.727330230475,207.96953982198877,204.4210047283782,205.6298370361328,6718900,0.0,0.0,5695.93994140625,,478.2920227050781
2024-10-08 04:00:00+00:00,205.28863443681155,206.01978874628455,203.14391810409856,205.45436096191406,6021800,0.0,0.0,5751.1298828125,,485.4350891113281
2024-10-09 04:00:00+00:00,204.43075470295543,208.85668406253154,204.1188032466524,208.05728149414062,7024000,0.0,0.0,5792.0400390625,,489.2547302246094
2024-10-10 04:00:00+00:00,209.41235175203676,209.41235175203676,206.15628129018555,207.49185180664062,7927100,0.0,0.0,5780.0498046875,,488.6991882324219
2024-10-11 04:00:00+00:00,210.250740587431,218.98560432950427,209.75356099050913,216.7043914794922,18320700,0.0,0.0,5815.02978515625,,489.4630432128906
2024-10-14 04:00:00+00:00,217.59154635078056,218.0789826171915,213.38010474418445,215.91476440429688,9048900,0.0,0.0,5859.85009765625,,493.57037353515625
2024-10-15 04:00:00+00:00,218.03997203841485,219.78498714914952,216.24621033093248,216.8018798828125,9235800,0.0,0.0,5815.259765625,,486.972900390625
2024-10-16 04:00:00+00:00,216.74341191631046,218.0594809098427,215.48581801928876,218.02049255371094,6382500,0.0,0.0,5842.47021484375,,487.03240966796875
2024-10-17 04:00:00+00:00,218.63465886479744,220.1749591936757,217.69877472337978,218.7808837890625,6470200,0.0,0.0,5841.47021484375,,487.3697204589844
2024-10-18 04:00:00+00:00,219.34631791742206,220.24319885452837,217.49406607182462,219.70701599121094,7000500,0.0,0.0,5864.669921875,,490.5643310546875
2024-10-21 04:00:00+00:00,219.56077874097096,220.0287133611628,217.29906747185922,217.3965606689453,5870000,0.0,0.0,5853.97998046875,,491.5068054199219
2024-10-22 04:00:00+00:00,217.41606776100463,219.61927424214815,215.54431435770707,218.48841857910156,9586800,0.0,0.0,5851.2001953125,,492.04254150390625
2024-10-23 04:00:00+00:00,218.03998276879733,219.15133680262315,216.9383721046514,217.7962646484375,6180500,0.0,0.0,5797.419921875,,484.5025634765625
2024-10-24 04:00:00+00:00,216.25595524811104,219.4047890656316,216.09022871828077,219.32679748535156,6002200,0.0,0.0,5809.85986328125,,488.4312744140625
2024-10-25 04:00:00+00:00,219.34630148528674,219.95071764481568,215.32983174709776,216.72389221191406,6369700,0.0,0.0,5808.1201171875,,491.4075927734375
2024-10-28 04:00:00+00:00,217.7377703907154,219.9702217840732,217.34781248059676,219.833740234375,6843000,0.0,0.0,5823.52001953125,,491.4869384765625
2024-10-29 04:00:00+00:00,219.55104021485744,221.05233730563867,217.21133731153603,217.299072265625,6580000,0.0,0.0,5832.919921875,,496.2093200683594
2024-10-30 04:00:00+00:00,216.94811179819678,220.6233851560508,216.01224256208235,218.77113342285156,7110900,0.0,0.0,5813.669921875,,492.459228515625
2024-10-31 04:00:00+00:00,219.05383314379685,220.01896220946816,216.24621064657887,216.34368896484375,7829900,0.0,0.0,5705.4501953125,,480.0281982421875
2024-11-01 04:00:00+00:00,217.94247460855877,220.4673905920591,217.10408373706235,217.3380584716797,6923500,0.0,0.0,5728.7998046875,,483.57989501953125
2024-11-04 05:00:00+00:00,217.05534066277878,218.13744965545976,213.66278877033548,214.25746154785156,8229600,0.0,0.0,5712.68994140625,,482.171142578125
2024-11-05 05:00:00+00:00,214.50119437936183,216.3827060342441,214.4719493944743,215.9245147705078,5600700,0.0,0.0,5782.759765625,,488.3221740722656
2024-11-06 05:00:00+00:00,229.09503015318575,241.76837224676623,228.87081365048078,240.85198974609375,23987800,0.0,0.0,5929.0400390625,,501.5865478515625
2024-11-07 05:00:00+00:00,238.35631288973238,238.4245611010864,229.30949778685132,230.4403533935547,16451100,0.0,0.0,5973.10009765625,,509.483642578125
2024-11-08 05:00:00+00:00,233.3259835376562,233.3259835376562,229.85543977372186,231.02528381347656,9502100,0.0,0.0,5995.5400390625,,510.0788879394531
2024-11-11 05:00:00+00:00,233.96938766335575,236.01662575555932,232.99451521475842,233.2772216796875,9017100,0.0,0.0,6001.35009765625,,509.78131103515625
2024-11-12 05:00:00+00:00,234.5055801689047,235.3927177038515,232.76055008364676,233.5404510498047,6861000,0.0,0.0,5983.990234375,,508.8586120605469
2024-11-13 05:00:00+00:00,234.53482242214545,237.95661946303818,234.2716026881157,235.10025024414062,11472600,0.0,0.0,5985.3798828125,,508.2038879394531
2024-11-14 05:00:00+00:00,236.32858701887602,238.1515938133449,234.99301646894952,235.7924041748047,10172200,0.0,0.0,5949.169921875,,504.6719970703125
2024-11-15 05:00:00+00:00,235.3927154551627,240.22807462347745,235.3927154551627,239.14596557617188,11518800,0.0,0.0,5870.6201171875,,492.6477355957031
2024-11-18 05:00:00+00:00,241.53439878737493,241.7001253228993,236.58204483473264,238.8730010986328,9051400,0.0,0.0,5893.6201171875,,496.0704650878906
2024-11-19 05:00:00+00:00,236.16284595910426,238.98997005346044,235.48043823378097,236.9817352294922,6792700,0.0,0.0,5916.97998046875,,499.4832763671875
2024-11-20 05:00:00+00:00,238.25883102314248,238.46356079156547,232.64357082604232,234.72979736328125,9015300,0.0,0.0,5917.10986328125,,499.1955871582031
2024-11-21 05:00:00+00:00,237.1182332570701,239.32145462031437,236.02638082065624,238.6097869873047,8783500,0.0,0.0,5948.7099609375,,500.9913024902344
2024-11-22 05:00:00+00:00,237.48867789284088,242.88946471506705,236.9232500873834,242.30455017089844,7997300,0.0,0.0,5969.33984375,,501.7948913574219
2024-11-25 05:00:00+00:00,243.31843143678847,247.91983097303608,242.80175018539992,244.00083923339844,10295400,0.0,0.0,5987.3701171875,,502.5885925292969
2024-11-26 05:00:00+00:00,244.19581114213256,244.6929907482795,242.09982639974197,243.68887329101562,6212100,0.0,0.0,6021.6298828125,,505.2870788574219
2024-11-27 05:00:00+00:00,243.08445057669923,244.8782123088469,242.51902277247098,243.5133819580078,5472300,0.0,0.0,5998.740234375,,501.3087463378906
2024-11-29 05:00:00+00:00,243.58164146598557,245.443651495947,243.18194017414328,243.44515991210938,5494800,0.0,0.0,6032.3798828125,,505.7136535644531
2024-12-02 05:00:00+00:00,243.27942956062554,243.96183731931117,238.87300180038295,240.06234741210938,8899700,0.0,0.0,6047.14990234375,,511.2198486328125
2024-12-03 05:00:00+00:00,241.99259305685098,242.78223739052356,238.48306103215356,238.6682891845703,6657700,0.0,0.0,6049.8798828125,,512.787353515625
2024-12-04 05:00:00+00:00,238.551287978695,239.18496400289706,236.14335181254822,237.28395080566406,7346300,0.0,0.0,6086.490234375,,519.126953125
2024-12-05 05:00:00+00:00,239.22394107821938,240.96895615412842,238.47328515432952,239.31167602539062,6572500,0.0,0.0,6075.10986328125,,517.6883544921875
2024-12-06 05:00:00+00:00,239.52614792815564,241.51489597282327,238.68775706135898,241.14443969726562,5519700,0.0,0.0,6090.27001953125,,522.3214111328125
2024-12-09 05:00:00+00:00,240.92023852920124,241.64163463753476,237.63490818652937,237.68365478515625,7076500,0.0,0.0,6052.85009765625,,518.2538452148438
2024-12-10 05:00:00+00:00,237.76165533481145,241.72939358177842,236.13362003181334,236.75753784179688,9108300,0.0,0.0,6034.91015625,,516.4878540039062
2024-12-11 05:00:00+00:00,237.8688662681449,238.1320859819885,236.09459135498247,237.41067504882812,7884400,0.0,0.0,6084.18994140625,,525.7342529296875
2024-12-12 05:00:00+00:00,236.89400116622053,237.96636679243073,234.9832446528022,235.4609375,6113800,0.0,0.0,6051.25,,522.34130859375
2024-12-13 05:00:00+00:00,235.98737166739292,236.62103278438437,233.13098776801226,233.910888671875,10392700,0.0,0.0,6051.08984375,,526.3394775390625
2024-12-16 05:00:00+00:00,234.56406925192243,234.6225592209729,231.55171684283482,233.55995178222656,9032000,0.0,0.0,6074.080078125,,533.9191284179688
2024-12-17 05:00:00+00:00,232.65331194344375,233.01402487713747,230.68408023952856,232.37060546875,8083600,0.0,0.0,6050.60986328125,,531.56787109375
2024-12-18 05:00:00+00:00,232.99451380384923,233.06276201501683,223.76247058150787,224.58135986328125,11322400,0.0,0.0,5872.16015625,,512.3904418945312
2024-12-19 05:00:00+00:00,226.43364356697018,230.42086858926697,226.43364356697018,227.10630798339844,11790800,0.0,0.0,5867.080078125,,510.1086730957031
2024-12-20 05:00:00+00:00,226.09243135853401,233.19926030626974,225.77072164430072,231.6297149658203,32348400,0.0,0.0,5930.85009765625,,514.563232421875
2024-12-23 05:00:00+00:00,230.1381600842092,232.62407307909908,228.97805941972783,232.3998565673828,8611500,0.0,0.0,5974.06982421875,,519.5764770507812
2024-12-24 05:00:00+00:00,233.41370654218963,236.3968287725742,233.06276673606905,236.22134399414062,3729100,0.0,0.0,6040.0400390625,,526.621826171875
2024-12-26 05:00:00+00:00,235.36344862473942,237.1474669945077,234.73953085132644,237.03048706054688,4451800,0.0,0.0,6037.58984375,,526.2639770507812
2024-12-27 05:00:00+00:00,236.62105597051928,237.27421876483717,234.0083899178738,235.11000061035156,5730200,0.0,0.0,5970.83984375,,519.2683715820312
2024-12-30 05:00:00+00:00,232.77030520037115,234.78828348998326,231.15201332053348,233.30648803710938,5723800,0.0,0.0,5906.93994140625,,512.3621215820312
2024-12-31 05:00:00+00:00,234.01812908048691,235.3732011590255,233.0237550398253,233.68667602539062,4871000,0.0,0.0,5881.6298828125,,508.0097961425781
2025-01-02 05:00:00+00:00,234.86628706637518,237.16698682164812,233.43322326381167,233.9694061279297,9220900,0.0,0.0,5868.5498046875,,507.01611328125
2025-01-03 05:00:00+00:00,237.7616344424465,238.72676349550633,234.22284278993322,237.16696166992188,9491100,0.0,0.0,5942.47021484375,,515.3135375976562
2025-01-06 05:00:00+00:00,238.80339256994662,240.75341336991133,235.74608675084033,236.0106658935547,9917800,1.25,0.0,5975.3798828125,,521.2359008789062
2025-01-07 05:00:00+00:00,237.2747542889821,240.33206029657904,236.0596638477121,238.2840576171875,8753400,0.0,0.0,5909.02978515625,,511.9348449707031
2025-01-08 05:00:00+00:00,237.8725034781478,239.3423644677141,235.66771199379835,238.244873046875,8675300,0.0,0.0,5918.25,,512.0242919921875
2025-01-10 05:00:00+00:00,238.2056720990623,238.9112065812437,233.94308413409902,235.0503692626953,10256800,0.0,0.0,5827.0400390625,,503.9952392578125
2025-01-13 05:00:00+00:00,234.85438920536888,239.6265331425252,234.19785308512638,239.3031768798828,10005300,0.0,0.0,5836.22021484375,,502.37548828125
2025-01-14 05:00:00+00:00,237.7843135936985,242.74264223499935,237.32375595763784,242.49766540527344,12407400,0.0,0.0,5842.91015625,,501.89849853515625
2025-01-15 05:00:00+00:00,245.36880122143756,248.5731025308634,238.78382245178085,247.27963256835938,18448500,0.0,0.0,5949.91015625,,513.4453735351562
2025-01-16 05:00:00+00:00,248.89644685117278,251.87537332844937,247.26000350275368,249.16102600097656,15292300,0.0,0.0,5937.33984375,,509.84814453125
2025-01-17 05:00:00+00:00,249.03365028322543,255.3834456469004,247.07383560720973,253.95278930664062,17678100,0.0,0.0,5996.66015625,,518.4535522460938
2025-01-21 05:00:00+00:00,254.8445384648547,258.9405444411146,254.28598403961865,257.74505615234375,13712100,0.0,0.0,6049.240234375,,521.4943237304688
2025-01-22 05:00:00+00:00,257.6176604623576,258.08802679999536,255.0209117225283,257.5588684082031,9021900,0.0,0.0,6086.3701171875,,528.1620483398438
2025-01-23 05:00:00+00:00,259.3716610143274,261.4980430710298,258.5093378209672,260.6063537597656,10749700,0.0,0.0,6118.7099609375,,529.284912109375
2025-01-24 05:00:00+00:00,258.3917588239568,261.7332463118807,257.7254290357368,259.5186462402344,7666300,0.0,0.0,6101.240234375,,526.2938842773438
2025-01-27 05:00:00+00:00,258.86215505336446,260.6259764391142,256.99052830164493,260.5083923339844,7522300,0.0,0.0,6012.27978515625,,510.9710693359375
2025-01-28 05:00:00+00:00,260.50837209675103,261.9586158198937,259.5088474719919,261.7724609375,7375400,0.0,0.0,6067.7001953125,,518.5231323242188
2025-01-29 05:00:00+00:00,261.8410096864953,265.2412890633801,260.27315209491445,261.2236633300781,7684900,0.0,0.0,6039.31005859375,,517.54931640625
2025-01-30 05:00:00+00:00,263.2325025931336,264.28101058042995,261.2628793521523,262.8405456542969,8753500,0.0,0.0,6071.169921875,,519.7552490234375
2025-01-31 05:00:00+00:00,263.8204429620972,265.3784919204346,261.59603433813663,261.92919921875,7193800,0.0,0.0,6040.52978515625,,519.0000610351562
2025-02-03 05:00:00+00:00,256.5690870601881,262.7817249766467,256.4417242448514,261.44903564453125,8381400,0.0,0.0,5994.56982421875,,514.8463745117188
2025-02-04 05:00:00+00:00,264.4182146013332,264.4182146013332,261.4686836979807,262.556396484375,5626000,0.0,0.0,6037.8798828125,,521.1663818359375
2025-02-05 05:00:00+00:00,263.5068591358702,265.2021094243298,262.93849619098734,264.9963073730469,5704400,0.0,0.0,6061.47998046875,,523.5313720703125
2025-02-06 05:00:00+00:00,266.97576454409875,271.41474356153265,265.7410717364686,271.3363342285156,7264400,0.0,0.0,6083.56982421875,,526.2639770507812
2025-02-07 05:00:00+00:00,271.6988877865912,272.953167941253,269.1903274772675,270.2584228515625,6857900,0.0,0.0,6025.990234375,,519.6260986328125
2025-02-10 05:00:00+00:00,270.6014287866163,270.63082481312006,264.1732384863203,265.5941162109375,8627400,0.0,0.0,6066.43994140625,,525.9161987304688
2025-02-11 05:00:00+00:00,264.8297788969493,270.6700185263523,264.2418284862738,269.4647216796875,7196400,0.0,0.0,6068.5,,524.6641845703125
2025-02-12 05:00:00+00:00,268.57299861058124,270.8954041954382,267.75968865202606,269.9154968261719,6683900,0.0,0.0,6051.97021484375,,524.9722900390625
2025-02-13 05:00:00+00:00,269.96444374227315,271.4049085765656,268.3083981197057,270.7679748535156,8398700,0.0,0.0,6115.06982421875,,532.5243530273438
2025-02-14 05:00:00+00:00,271.79688876986324,273.6195319367328,270.8953907812424,271.0325622558594,5688600,0.0,0.0,6114.6298828125,,534.7601928710938
2025-02-18 05:00:00+00:00,271.19916641874227,274.34466062350725,270.47401464832495,274.3250732421875,7919800,0.0,0.0,6129.580078125,,535.9724731445312
2025-02-19 05:00:00+00:00,272.7866150221738,274.61903699637526,271.64991889871,273.6391296386719,7007200,0.0,0.0,6144.14990234375,,536.1216430664062
2025-02-20 05:00:00+00:00,273.0805741668203,273.1393662156936,260.40057061690504,261.43927001953125,13846700,0.0,0.0,6117.52001953125,,533.845947265625
2025-02-21 05:00:00+00:00,262.92876408693655,263.79108739460094,257.5588607010997,258.93072509765625,12835600,0.0,0.0,6013.1298828125,,522.766357421875
2025-02-24 05:00:00+00:00,260.1555678724812,261.63523739871215,253.4138011652941,256.0889587402344,10372800,0.0,0.0,5983.25,,516.5952758789062
2025-02-25 05:00:00+00:00,256.9611031816803,257.715621040436,248.25952153447065,252.22813415527344,9608400,0.0,0.0,5955.25,,510.0865783691406
2025-02-26 05:00:00+00:00,251.9929563312711,255.66760858195272,251.7675668943132,253.5902099609375,5943600,0.0,0.0,5956.06005859375,,511.3187561035156
2025-02-27 05:00:00+00:00,254.9522707219969,258.34277146574925,252.67887863939237,253.844970703125,8204400,0.0,0.0,5861.56982421875,,497.1188049316406
2025-02-28 05:00:00+00:00,255.4912386631127,259.4892472511293,252.70830554612516,259.33245849609375,10467100,0.0,0.0,5954.5,,504.9691162109375
2025-03-03 05:00:00+00:00,258.69552959977966,260.9689217339241,252.6397096066585,255.38343811035156,9058300,0.0,0.0,5849.72021484375,,493.9190673828125
2025-03-04 05:00:00+00:00,250.15073427928613,252.06156547552163,241.0081973785272,245.2218017578125,13465600,0.0,0.0,5778.14990234375,,492.42852783203125
2025-03-05 05:00:00+00:00,246.20170137955762,247.96553745450754,242.8504203132519,246.47607421875,7861400,0.0,0.0,5842.6298828125,,498.84783935546875
2025-03-06 05:00:00+00:00,243.12481119110677,244.3496953684526,238.950411297504,241.5863494873047,9983200,0.0,0.0,5738.52001953125,,485.1248779296875
2025-03-07 05:00:00+00:00,240.30268054279244,241.76274790921943,234.60942110633937,237.41195678710938,20498700,0.0,0.0,5770.2001953125,,488.6922302246094
2025-03-10 04:00:00+00:00,231.46391270541537,232.73778024903012,224.10479922419384,227.5540771484375,18887200,0.0,0.0,5614.56005859375,,469.7522888183594
2025-03-11 04:00:00+00:00,227.09352369484046,228.63198537977485,222.13519499810542,224.5359649658203,18143000,0.0,0.0,5572.06982421875,,468.6294250488281
2025-03-12 04:00:00+00:00,229.29831783730396,229.6118953635389,222.69373697492486,223.3208770751953,16054000,0.0,0.0,5599.2998046875,,473.9159240722656
2025-03-13 04:00:00+00:00,224.69276414889097,224.88874263351286,219.72462657901622,220.66534423828125,16467900,0.0,0.0,5521.52001953125,,465.3899230957031
2025-03-14 04:00:00+00:00,223.53644664227286,228.45558543419895,223.00730328361723,227.7696533203125,11962100,0.0,0.0,5638.93994140625,,476.6386413574219
2025-03-17 04:00:00+00:00,226.53497583495994,230.93476525496936,225.8294562932561,229.22972106933594,9586000,0.0,0.0,5675.1201171875,,479.72900390625
2025-03-18 04:00:00+00:00,229.6118760770625,231.42469553466563,228.82794727952142,230.24880981445312,10344900,0.0,0.0,5614.66015625,,471.5509033203125
2025-03-19 04:00:00+00:00,231.003365794291,237.46095169041473,230.1704385597004,234.30564880371094,10120600,0.0,0.0,5675.2900390625,,477.86090087890625
2025-03-20 04:00:00+00:00,231.80687167408394,236.90238671351167,231.45410444315897,234.2076416015625,8328500,0.0,0.0,5662.89013671875,,476.2411804199219
2025-03-21 04:00:00+00:00,233.03175603733484,237.43154526163565,231.7480798478655,236.77500915527344,19326900,0.0,0.0,5667.56005859375,,477.8111877441406
2025-03-24 04:00:00+00:00,240.54764300232483,243.69315205594,239.49914995258575,243.0758056640625,9422700,0.0,0.0,5767.56982421875,,488.2964172363281
2025-03-25 04:00:00+00:00,244.30069841338116,246.76027542501896,242.64465260375079,246.08413696289062,9287700,0.0,0.0,5776.64990234375,,491.08294677734375
2025-03-26 04:00:00+00:00,247.52460676201224,249.55300723554984,244.76126081139026,245.98614501953125,12779300,0.0,0.0,5712.2001953125,,482.0466613769531
2025-03-27 04:00:00+00:00,244.51627067852738,245.6039683943203,242.21348251151562,243.1345977783203,8022500,0.0,0.0,5693.31005859375,,479.29998779296875
2025-03-28 04:00:00+00:00,241.97832221404934,244.49667631604888,236.2654605973164,237.9705047607422,11978400,0.0,0.0,5580.93994140625,,466.6810607910156
2025-03-31 04:00:00+00:00,234.59960824780165,240.92000728757085,232.59079530977615,240.3712615966797,13603000,0.0,0.0,5611.85009765625,,466.66119384765625
2025-04-01 04:00:00+00:00,237.74510920532492,240.7534318549276,236.04008003784892,238.76422119140625,8054700,0.0,0.0,5633.06982421875,,470.4229736328125
2025-04-02 04:00:00+00:00,236.7456336942468,242.28210452040526,236.6084472564082,240.88084411621094,7758800,0.0,0.0,5670.97021484375,,473.8563232421875
2025-04-03 04:00:00+00:00,229.56288570971617,230.41540026989287,222.73293068156858,224.09500122070312,17188500,0.0,0.0,5396.52001953125,,448.4891357421875
2025-04-04 04:00:00+00:00,212.2834044818624,214.63980786720018,205.9930827481223,207.32411193847656,27170700,1.4,0.0,5074.080078125,,420.63397216796875
2025-04-07 04:00:00+00:00,202.87751892186455,218.92867162545016,199.318263676067,211.42564392089844,22914400,0.0,0.0,5062.25,,421.6490478515625
2025-04-08 04:00:00+00:00,220.3780027140348,224.63726902095286,210.25236301213724,213.82147216796875,19485700,0.0,0.0,4982.77001953125,,414.0557861328125
2025-04-09 04:00:00+00:00,209.51290511747,234.14175911605213,208.03399049311142,231.0458984375,24022400,0.0,0.0,5456.89990234375,,463.7552490234375
2025-04-10 04:00:00+00:00,226.76690105221883,227.11198713675623,217.0060708942117,223.9175262451172,18896400,0.0,0.0,5268.0498046875,,444.0306701660156
2025-04-11 04:00:00+00:00,223.12878393710992,235.22631016994242,221.83720086361387,232.8797607421875,20284500,0.0,0.0,5363.35986328125,,452.2110900878906
2025-04-14 04:00:00+00:00,233.76711210699779,236.4094323607213,230.34588838919925,231.42056274414062,13017800,0.0,0.0,5405.97021484375,,455.2762451171875
2025-04-15 04:00:00+00:00,232.78115729997276,235.2953000115482,229.54726533873128,229.8529052734375,10912900,0.0,0.0,5396.6298828125,,455.7837829589844
2025-04-16 04:00:00+00:00,228.7387885514358,230.29658038223104,224.72599309998205,226.38238525390625,9322300,0.0,0.0,5275.7001953125,,442.04034423828125
2025-04-17 04:00:00+00:00,227.5556737150443,231.04590571903626,227.30918793654973,228.69937133789062,9557900,0.0,0.0,5282.7001953125,,441.9607238769531
2025-04-21 04:00:00+00:00,227.38806426261334,228.55146991109476,223.15835989610855,225.7711181640625,8716200,0.0,0.0,5158.2001953125,,431.0236511230469
2025-04-22 04:00:00+00:00,228.71908031334866,232.6727218450888,228.1176544095649,232.27833557128906,10701400,0.0,0.0,5287.759765625,,442.3388977050781
2025-04-23 04:00:00+00:00,236.8432619550101,243.32090055249418,236.626353260977,237.49398803710938,14126800,0.0,0.0,5375.85986328125,,452.37030029296875
2025-04-24 04:00:00+00:00,236.37001079182633,242.01946069973562,234.2403700258936,241.2011260986328,9055200,0.0,0.0,5484.77001953125,,465.0987243652344
2025-04-25 04:00:00+00:00,241.21097798902758,242.167344017777,238.35174896231777,240.12644958496094,8588600,0.0,0.0,5525.2099609375,,470.2835998535156
2025-04-28 04:00:00+00:00,241.12224659361283,243.3701956996928,237.45453699015647,239.80108642578125,7394300,0.0,0.0,5528.75,,470.1343688964844
2025-04-29 04:00:00+00:00,238.78556197088412,241.80254545200498,238.29259042052325,241.181396484375,7216800,0.0,0.0,5560.830078125,,473.23931884765625
2025-04-30 04:00:00+00:00,237.8193419445802,241.77296836252717,235.07840628381982,241.181396484375,12991700,0.0,0.0,5569.06005859375,,473.17962646484375
2025-05-01 04:00:00+00:00,239.42642201137784,244.957563478491,238.76584193081504,243.41949462890625,8689600,0.0,0.0,5604.14013671875,,479.35968017578125
2025-05-02 04:00:00+00:00,247.72805089612243,250.0548771482027,245.9533654016641,248.96047973632812,7165000,0.0,0.0,5686.669921875,,486.4752502441406
2025-05-05 04:00:00+00:00,247.64917462464473,251.57323889927602,247.067471820398,249.00978088378906,5450700,0.0,0.0,5650.3798828125,,483.5892028808594
2025-05-06 04:00:00+00:00,246.48576466704802,249.09850775479987,245.49982160837982,245.74630737304688,6369900,0.0,0.0,5606.91015625,,479.09100341796875
2025-05-07 04:00:00+00:00,246.33787880460858,248.90132172618286,245.33221267408402,245.88433837890625,8724100,0.0,0.0,5631.27978515625,,480.97186279296875
2025-05-08 04:00:00+00:00,248.0337269608881,252.28313955589826,248.0140038853657,249.90701293945312,8320100,0.0,0.0,5663.93994140625,,485.9378967285156
2025-05-09 04:00:00+00:00,250.92251356291578,251.91831065658968,248.7928729020058,249.52247619628906,5087600,0.0,0.0,5659.91015625,,485.619384765625
2025-05-12 04:00:00+00:00,259.2044446904927,259.8946169218072,255.0635015683959,256.3945007324219,9603900,0.0,0.0,5844.18994140625,,505.4036560058594
2025-05-13 04:00:00+00:00,257.3607489039017,259.96365336015776,256.72976091028096,259.31292724609375,8589000,0.0,0.0,5886.5498046875,,513.1064453125
2025-05-14 04:00:00+00:00,259.30304054504273,262.8918879441619,258.60302935469,261.90594482421875,8643100,0.0,0.0,5892.580078125,,516.1814575195312
2025-05-15 04:00:00+00:00,263.217209377267,265.7313520440172,261.03828372684393,263.7298889160156,9214600,0.0,0.0,5916.93017578125,,516.7486572265625
2025-05-16 04:00:00+00:00,263.7397655019056,264.6862624037603,260.9889759714906,263.7989196777344,8932900,0.0,0.0,5958.3798828125,,518.9978637695312
2025-05-19 04:00:00+00:00,261.8171506513173,264.54823200796864,258.2480418186231,261.1565856933594,12145000,0.0,0.0,5963.60009765625,,519.4954223632812
2025-05-20 04:00:00+00:00,258.8297895150459,262.91160867125683,258.61288081463954,261.94537353515625,8436300,0.0,0.0,5940.4599609375,,517.7637939453125
2025-05-21 04:00:00+00:00,260.6340439477094,261.91575784118834,257.06493502136397,257.3705749511719,7464000,0.0,0.0,5844.60986328125,,510.5685729980469
2025-05-22 04:00:00+00:00,255.79307750804895,258.6128603010642,255.2310827258566,257.00579833984375,6514100,0.0,0.0,5842.009765625,,511.5240173339844
2025-05-23 04:00:00+00:00,253.20002476972337,258.30720239630915,252.40141332994654,257.0451965332031,6671800,0.0,0.0,5802.81982421875,,506.7868957519531
2025-05-27 04:00:00+00:00,258.35653699260183,261.5706910214846,258.30722178470336,261.56085205078125,7506600,0.0,0.0,5921.5400390625,,518.709228515625
2025-05-28 04:00:00+00:00,262.49750712162876,262.97077068804947,259.20446045452275,259.7861633300781,5535400,0.0,0.0,5888.5498046875,,516.4102783203125
2025-05-29 04:00:00+00:00,261.0776958297107,261.6791367091541,258.8396160390441,260.65374755859375,5081200,0.0,0.0,5912.169921875,,517.4254150390625
2025-05-30 04:00:00+00:00,259.74671429323007,261.600261993738,259.0368340780119,260.2889709472656,10977700,0.0,0.0,5911.68994140625,,516.609375
2025-06-02 04:00:00+00:00,259.3227665121298,261.3045219486384,258.21851495559116,260.9397277832031,6011200,0.0,0.0,5935.93994140625,,520.6896362304688
2025-06-03 04:00:00+00:00,260.02279517964416,262.8327090581509,259.18473749281026,262.5270690917969,6998400,0.0,0.0,5970.3701171875,,524.7599487304688
2025-06-04 04:00:00+00:00,262.18197450214643,263.3650880431389,260.4664132303892,260.505859375,5915700,0.0,0.0,5970.81005859375,,526.2228393554688
2025-06-05 04:00:00+00:00,261.0185511699558,261.0185511699558,256.65083071751394,258.2677917480469,8173800,0.0,0.0,5939.2998046875,,522.261962890625
2025-06-06 04:00:00+00:00,260.61431507286125,262.90171018684686,260.5453219261883,261.9946594238281,7738100,0.0,0.0,6000.35986328125,,527.3673095703125
2025-06-09 04:00:00+00:00,262.26085974590114,264.13414558351,259.6481165969787,262.9904479980469,8285000,0.0,0.0,6005.8798828125,,528.1436157226562
2025-06-10 04:00:00+00:00,262.14254399250694,265.12008118347507,262.1129669044328,264.8243103027344,7538100,0.0,0.0,6038.81005859375,,531.6365966796875
2025-06-11 04:00:00+00:00,264.9031944101953,265.8299833646017,262.05383439482847,264.3806457519531,7434100,0.0,0.0,6022.240234375,,529.84521484375
2025-06-12 04:00:00+00:00,263.108754096244,264.51867555838396,261.41296089523235,264.4693603515625,6618000,0.0,0.0,6045.259765625,,531.0892944335938
2025-06-13 04:00:00+00:00,261.3537637738832,263.2664956490745,259.0170836192922,261.2256164550781,7098300,0.0,0.0,5976.97021484375,,524.421630859375
2025-06-16 04:00:00+00:00,263.2467856983216,267.91030700344754,263.0989002634007,266.5595397949219,8566000,0.0,0.0,6033.10986328125,,531.71630859375
2025-06-17 04:00:00+00:00,264.4003851091389,266.78635065847226,264.03556087289496,265.73138427734375,6739300,0.0,0.0,5982.72021484375,,526.5313720703125
2025-06-18 04:00:00+00:00,266.20462172672063,273.81610322556173,265.92855887810333,270.10894775390625,9586400,0.0,0.0,5980.8701171875,,526.4417724609375
2025-06-20 04:00:00+00:00,271.6963331378996,273.40199535536493,269.96106374392457,271.13433837890625,13969700,0.0,0.0,5967.83984375,,524.292236328125
2025-06-23 04:00:00+00:00,271.1934990823813,274.63443077664516,268.2849549834157,274.3583679199219,8094600,0.0,0.0,6025.169921875,,529.6832275390625
2025-06-24 04:00:00+00:00,276.2710772548705,278.7359347339012,275.58093521389725,277.30633544921875,9267900,0.0,0.0,6092.18017578125,,537.7831420898438
2025-06-25 04:00:00+00:00,277.5429742316298,280.283894762949,276.96127143090536,280.0669860839844,6826900,0.0,0.0,6092.16015625,,539.157958984375
2025-06-26 04:00:00+00:00,280.6980130310247,285.3417966142587,280.47123528578646,284.6910705566406,8942100,0.0,0.0,6141.02001953125,,544.1992797851562
2025-06-27 04:00:00+00:00,281.79238274090324,284.6417726184297,281.0332174188349,283.0740966796875,17868600,0.0,0.0,6173.06982421875,,546.0623779296875
2025-06-30 04:00:00+00:00,286.3178803397518,288.5362523931413,284.8587037568908,285.83477783203125,12689200,0.0,0.0,6204.9501953125,,549.5992431640625
2025-07-01 04:00:00+00:00,286.8009917731804,287.0376084797312,282.5614185530472,286.3277282714844,9338300,0.0,0.0,6198.009765625,,544.9664306640625
2025-07-02 04:00:00+00:00,287.93483189106854,288.70386630697305,285.6277286433551,287.8953857421875,8158700,0.0,0.0,6227.419921875,,548.7623291015625
2025-07-03 04:00:00+00:00,289.43094323142554,293.6413883261785,288.4996894270786,293.2451171875,6541600,1.4,0.0,6279.35009765625,,554.1622314453125
2025-07-07 04:00:00+00:00,292.50209620860613,293.28475211178096,287.38020030669605,289.25262451171875,8825700,0.0,0.0,6229.97998046875,,549.9878540039062
2025-07-08 04:00:00+00:00,286.5777506799395,287.0037716436535,277.7011499441943,280.1481628417969,15440900,0.0,0.0,6225.52001953125,,550.2966918945312
2025-07-09 04:00:00+00:00,284.50723352964,284.52706674085863,279.8509941598734,280.524658203125,11273800,0.0,0.0,6263.259765625,,554.1921997070312
2025-07-10 04:00:00+00:00,280.3661135119623,285.6266908203048,280.3661135119623,285.5078125,8410900,0.0,0.0,6280.4599609375,,553.3951416015625
2025-07-11 04:00:00+00:00,282.86266052650467,284.70536526736765,281.0100694142449,284.190185546875,7384700,0.0,0.0,6259.75,,552.1497802734375
2025-07-14 04:00:00+00:00,284.39822720712635,286.60745309571854,282.6050754191309,286.0130615234375,9079900,0.0,0.0,6268.56005859375,,554.1524047851562
2025-07-15 04:00:00+00:00,285.3196042033426,289.23285392385833,282.82306855064246,283.8830871582031,12526100,0.0,0.0,6243.759765625,,554.660400390625
2025-07-16 04:00:00+00:00,285.7158562387447,288.0241878683028,280.3760366699049,283.1598815917969,9979800,0.0,0.0,6263.7001953125,,555.228271484375
2025-07-17 04:00:00+00:00,280.8020357673763,287.5981754634707,280.8020357673763,287.201904296875,8509500,0.0,0.0,6297.35986328125,,559.7216186523438
2025-07-18 04:00:00+00:00,286.825430293332,289.7777063567027,285.54745807447995,288.55914306640625,12217000,0.0,0.0,6296.7900390625,,559.1836547851562
2025-07-21 04:00:00+00:00,288.291651952566,291.44204831578946,287.8755476057488,288.2619323730469,7898100,0.0,0.0,6305.60009765625,,562.0828857421875
2025-07-22 04:00:00+00:00,288.7870071326712,290.89718804274116,286.4885921354602,288.7176513671875,6717500,0.0,0.0,6309.6201171875,,559.1737060546875
2025-07-23 04:00:00+00:00,290.1145172431339,294.2258869019811,289.8272078248217,293.998046875,7083500,0.0,0.0,6358.91015625,,561.7242431640625
2025-07-24 04:00:00+00:00,294.6519062776982,296.80169301766455,293.443259686642,293.78997802734375,7001200,0.0,0.0,6363.35009765625,,562.9197387695312
2025-07-25 04:00:00+00:00,293.93864551661835,296.1181521271809,293.20551208711413,295.84075927734375,5918500,0.0,0.0,6388.64013671875,,564.2747192382812
2025-07-28 04:00:00+00:00,294.8896814285751,296.64319715105114,294.05750293823644,295.50390625,5840400,0.0,0.0,6389.77001953125,,566.0382080078125
2025-07-29 04:00:00+00:00,297.20789441970317,298.485896831102,293.44327318380715,294.27545166015625,7635700,0.0,0.0,6370.85986328125,,565.1614990234375
2025-07-30 04:00:00+00:00,294.65191611543503,297.8121988713861,294.6122799312847,296.8413391113281,8061700,0.0,0.0,6362.89990234375,,565.9186401367188
2025-07-31 04:00:00+00:00,296.3559134765009,298.17878493737805,292.7497765059144,293.4828796386719,14749700,0.0,0.0,6339.39013671875,,562.9197387695312
2025-08-01 04:00:00+00:00,287.6972620199026,289.0842262737886,281.5945890692511,286.6768493652344,12007100,0.0,0.0,6238.009765625,,551.8309936523438
2025-08-04 04:00:00+00:00,287.5585597880286,291.5807709484115,287.5585597880286,291.5213317871094,6649500,0.0,0.0,6329.93994140625,,562.0131225585938
2025-08-05 04:00:00+00:00,291.9473110106125,293.03707931410463,284.56663635989554,288.658203125,7182300,0.0,0.0,6299.18994140625,,558.1973266601562
2025-08-06 04:00:00+00:00,289.5795373797788,290.5603439597299,287.4594701868467,288.6383972167969,6330200,0.0,0.0,6345.06005859375,,565.2212524414062
2025-08-07 04:00:00+00:00,290.21359744338497,290.72874689730406,283.7443736390337,284.2694396972656,8057100,0.0,0.0,6340.0,,567.1340942382812
2025-08-08 04:00:00+00:00,286.2904939677283,288.51955337300967,282.0602152135648,286.0725402832031,6634100,0.0,0.0,6389.4501953125,,572.4244995117188
2025-08-11 04:00:00+00:00,286.7065672685148,288.6087112580965,286.0923424049315,286.8650817871094,5510100,0.0,0.0,6373.4501953125,,570.7307739257812
2025-08-12 04:00:00+00:00,288.78700908878795,292.00676133420325,287.6378015823982,290.12445068359375,8570900,0.0,0.0,6445.759765625,,577.904052734375
2025-08-13 04:00:00+00:00,291.2142024521843,291.80859403066296,284.4873889092739,287.8260192871094,8420400,0.0,0.0,6466.580078125,,578.1930541992188
2025-08-14 04:00:00+00:00,287.87557367248905,291.46190791598,286.9443500187198,291.4222717285156,6322400,0.0,0.0,6468.5400390625,,577.7448120117188
2025-08-15 04:00:00+00:00,292.0959281808534,292.7497892060912,287.1226600740198,287.7864074707031,7340500,0.0,0.0,6449.7998046875,,575.2041625976562
2025-08-18 04:00:00+00:00,287.30098279519575,289.1832935323159,285.7257844830691,288.8167419433594,5386900,0.0,0.0,6449.14990234375,,574.9749755859375
2025-08-19 04:00:00+00:00,288.12323486532705,289.7579025190641,286.83534604543564,287.954833984375,6031500,0.0,0.0,6411.3701171875,,567.1739501953125
2025-08-20 04:00:00+00:00,288.1034273576763,290.59996282013503,284.59636569119436,289.5201110839844,7374200,0.0,0.0,6395.77978515625,,563.8065185546875
2025-08-21 04:00:00+00:00,289.2229206266122,290.04518252461884,286.77590767522184,288.7572937011719,6624000,0.0,0.0,6370.169921875,,561.1962280273438
2025-08-22 04:00:00+00:00,290.4711947382056,294.3943304858857,287.42976002403793,293.4828796386719,8552800,0.0,0.0,6466.91015625,,569.85400390625
2025-08-25 04:00:00+00:00,293.4828900064588,294.58257497799383,291.4024588552954,292.1553649902344,5856300,0.0,0.0,6439.31982421875,,568.2101440429688
2025-08-26 04:00:00+00:00,291.42226929827126,295.9596301346493,290.7684082615478,295.7912292480469,6714700,0.0,0.0,6465.93994140625,,570.4916381835938
2025-08-27 04:00:00+00:00,294.48349281779485,298.2679473154416,294.2754557542009,296.4945983886719,6056500,0.0,0.0,6481.39990234375,,571.3684692382812
2025-08-28 04:00:00+00:00,297.22769856125745,298.4363452126477,295.9200067981791,298.2679443359375,6410500,0.0,0.0,6501.85986328125,,574.9451904296875
2025-08-29 04:00:00+00:00,299.2289404362671,300.13047474928055,296.94044188536884,298.6147155761719,6796400,0.0,0.0,6460.259765625,,568.2898559570312
2025-09-02 04:00:00+00:00,297.4654912302876,297.6636116910732,291.75908984916356,296.91070556640625,7221900,0.0,0.0,6415.5400390625,,563.527587890625
2025-09-03 04:00:00+00:00,297.77260531660534,297.77260531660534,293.62159918539595,296.72247314453125,6316900,0.0,0.0,6448.259765625,,567.9610595703125
2025-09-04 04:00:00+00:00,297.2079158871201,301.5966788556673,295.50392262669186,300.99237060546875,6605800,0.0,0.0,6502.080078125,,573.1019897460938
2025-09-05 04:00:00+00:00,300.82394206718743,302.3099816593852,291.5708725011291,291.6402282714844,9837700,0.0,0.0,6481.5,,573.9288940429688
2025-09-08 04:00:00+00:00,292.14548200845184,293.70084708741166,288.72757896293916,290.18389892578125,8188500,0.0,0.0,6495.14990234375,,576.728515625
2025-09-09 04:00:00+00:00,289.8767732101451,296.21720226202,289.58946377934626,295.0779113769531,7848200,0.0,0.0,6512.60986328125,,578.3624877929688
2025-09-10 04:00:00+00:00,293.93863182647567,298.73358242665296,292.6507127572817,297.7428894042969,7787300,0.0,0.0,6532.0400390625,,578.5517578125
2025-09-11 04:00:00+00:00,298.43635491424595,302.88458712159553,297.99056119650595,302.7161560058594,7942500,0.0,0.0,6587.47021484375,,581.919189453125
2025-09-12 04:00:00+00:00,302.1613616302637,304.6876166586702,300.8734728380468,304.0535888671875,6846700,0.0,0.0,6584.2900390625,,584.4896240234375
2025-09-15 04:00:00+00:00,304.31117542875756,307.0653006989229,304.31117542875756,306.0250549316406,7122000,0.0,0.0,6615.27978515625,,589.4910888671875
2025-09-16 04:00:00+00:00,307.1148062613988,308.00642384577054,304.27152240854014,306.3123474121094,10525600,0.0,0.0,6606.759765625,,588.9929809570312
2025-09-17 04:00:00+00:00,307.50121329837117,309.99774876224666,305.89626524993236,308.8485412597656,8657800,0.0,0.0,6600.35009765625,,587.8173217773438
2025-09-18 04:00:00+00:00,308.8881884357977,310.5228258893637,306.7284546518725,310.3147888183594,8050700,0.0,0.0,6631.9599609375,,593.11767578125
2025-09-19 04:00:00+00:00,310.6813313111796,312.8608377743073,306.2430157804659,311.850341796875,23568600,0.0,0.0,6664.35986328125,,597.1326904296875
2025-09-22 04:00:00+00:00,306.91666061932966,310.78038727091956,306.6789039885423,309.5321044921875,7520200,0.0,0.0,6693.75,,600.667724609375
2025-09-23 04:00:00+00:00,308.9178945679837,313.3660964063979,307.68941470486936,309.8293151855469,8584400,0.0,0.0,6656.919921875,,596.6779174804688
2025-09-24 04:00:00+00:00,311.12713244988527,313.633584594132,308.76930844625,310.5030212402344,7310500,0.0,0.0,6637.97021484375,,594.583251953125
2025-09-25 04:00:00+00:00,311.1964927670822,312.7122519083539,308.8980776591185,310.5327453613281,7083200,0.0,0.0,6604.72021484375,,592.0198364257812
2025-09-26 04:00:00+00:00,311.9692007646792,314.8521208481549,310.7803873767882,313.118408203125,7258100,0.0,0.0,6643.7001953125,,594.4535522460938
2025-09-29 04:00:00+00:00,314.1091367340854,315.0503072271631,310.74078640307744,312.75189208984375,6462400,0.0,0.0,6661.2099609375,,597.20654296875
2025-09-30 04:00:00+00:00,313.3066687483855,314.45587628391564,307.22379907069933,312.4942932128906,11823300,0.0,0.0,6688.4599609375,,598.8424072265625
2025-10-01 04:00:00+00:00,311.04790640850786,311.66213127851097,304.5489622459693,307.8182373046875,9235200,0.0,0.0,6711.2001953125,,601.7150268554688
2025-10-02 04:00:00+00:00,307.11483202977473,307.66961769475733,303.29077153660535,304.6876220703125,7600000,0.0,0.0,6715.35009765625,,604.188720703125
2025-10-03 04:00:00+00:00,305.6387192319075,308.7593962590199,305.3414931799835,307.1445617675781,6029900,0.0,0.0,6715.7900390625,,601.645263671875
2025-10-06 04:00:00+00:00,308.78713549615594,310.3500927332471,303.759824574425,307.7916259765625,7214500,1.5,0.0,6740.27978515625,,606.1636962890625
2025-10-07 04:00:00+00:00,307.96086849994276,308.617908412618,303.3317554221121,306.3083190917969,8454200,0.0,0.0,6714.58984375,,602.9718627929688
2025-10-08 04:00:00+00:00,306.82598699255016,307.3934347220047,302.1869088878288,302.6647644042969,6489900,0.0,0.0,6753.72021484375,,609.88427734375
2025-10-09 04:00:00+00:00,303.68016451672463,306.65675861669814,302.0276454614978,304.15802001953125,7060300,0.0,0.0,6735.10986328125,,609.1461181640625
2025-10-10 04:00:00+00:00,304.28744895257694,309.07584739868366,299.45922161840923,299.53887939453125,8597400,0.0,0.0,6552.509765625,,588.0000610351562
2025-10-13 04:00:00+00:00,304.2277139599526,308.0703661064548,304.0783936087615,306.5870666503906,10788700,0.0,0.0,6654.72021484375,,600.4782104492188
2025-10-14 04:00:00+00:00,304.46663636257074,305.62143108333873,292.8888554642275,300.7235107421875,16178800,0.0,0.0,6644.31005859375,,596.4783935546875
2025-10-15 04:00:00+00:00,305.014160038565,310.71840983834574,304.0684138931284,304.3172912597656,11354800,0.0,0.0,6671.06005859375,,600.6876220703125
2025-10-16 04:00:00+00:00,303.97881882847634,307.29385195347595,295.73600173818085,297.19940185546875,10549400,0.0,0.0,6629.06982421875,,598.4633178710938
2025-10-17 04:00:00+00:00,297.8166372560658,298.2048701782948,292.878918450451,296.22381591796875,10153500,0.0,0.0,6664.009765625,,602.393310546875
2025-10-20 04:00:00+00:00,297.15957582421487,302.3262723870789,296.8211062511852,301.0022277832031,6894900,0.0,0.0,6735.1298828125,,609.98388671875
2025-10-21 04:00:00+00:00,300.3054062195614,302.6846581805869,295.66632819879106,295.75592041015625,7372700,0.0,0.0,6735.35009765625,,609.8244018554688
2025-10-22 04:00:00+00:00,296.43284443493457,296.7215506882625,289.2353303984808,292.7892761230469,8054100,0.0,0.0,6699.39990234375,,603.9493408203125
2025-10-23 04:00:00+00:00,293.05809154328034,295.0391457269973,291.1964936387067,293.2173767089844,5438800,0.0,0.0,6738.43994140625,,609.0264282226562
2025-10-24 04:00:00+00:00,294.7504440610291,301.24118554737896,294.1232985857486,299.09088134765625,7228300,0.0,0.0,6791.68994140625,,615.52978515625
2025-10-27 04:00:00+00:00,300.80315600970596,303.1625086782835,299.6583261537955,302.7842102050781,5642200,0.0,0.0,6875.16015625,,626.4918823242188
2025-10-28 04:00:00+00:00,303.4910147760203,306.58706515142967,301.7986668365627,303.98876953125,6336000,0.0,0.0,6890.89013671875,,631.3095703125
2025-10-29 04:00:00+00:00,302.14710352264194,306.86580891607514,301.64934876365396,304.13812255859375,7520300,0.0,0.0,6890.58984375,,634.15234375
2025-10-30 04:00:00+00:00,304.41687231061707,311.20622431916547,303.72996829403695,308.05047607421875,7514600,0.0,0.0,6822.33984375,,624.45703125
2025-10-31 04:00:00+00:00,307.1544993342095,311.46504195719143,305.8702836157328,309.722900390625,7721300,0.0,0.0,6840.2001953125,,627.4693603515625
2025-11-03 05:00:00+00:00,309.60346109874524,310.9175409580823,304.83496198556077,307.96087646484375,7770000,0.0,0.0,6851.97021484375,,630.4716796875
2025-11-04 05:00:00+00:00,305.332725363194,310.8179927016808,303.7299695714597,307.861328125,7085200,0.0,0.0,6771.5498046875,,617.6743774414062
2025-11-05 05:00:00+00:00,308.2196835392686,311.6940323736288,304.2575751493287,310.2803955078125,6865200,0.0,0.0,6796.2900390625,,621.6941528320312
2025-11-06 05:00:00+00:00,309.59349256305353,313.42621024981315,308.8667900648387,312.0126037597656,7206100,0.0,0.0,6720.31982421875,,610.1136474609375
2025-11-07 05:00:00+00:00,310.4894827215045,313.0180550604519,306.2585672077333,312.7990417480469,7302300,0.0,0.0,6728.7998046875,,608.1885375976562
2025-11-10 05:00:00+00:00,313.58548301728496,318.1250037695683,312.7990220295163,315.4670104980469,5794100,0.0,0.0,6832.43017578125,,621.6442260742188
2025-11-11 05:00:00+00:00,316.0742604403922,317.617287984815,313.86422817579216,314.20269775390625,5030200,0.0,0.0,6846.60986328125,,619.9884643554688
2025-11-12 05:00:00+00:00,314.8398332015723,320.8029251766445,314.7900394999871,318.97119140625,10578300,0.0,0.0,6850.919921875,,619.4996948242188
2025-11-13 05:00:00+00:00,317.7965194699941,319.1902267414606,307.7120030298724,308.0903015136719,8973300,0.0,0.0,6737.490234375,,606.8519897460938
2025-11-14 05:00:00+00:00,306.1291237470128,306.25854483769064,299.8773255538296,302.2466125488281,10327000,0.0,0.0,6734.10986328125,,607.310791015625
2025-11-17 05:00:00+00:00,302.6348834912671,304.2177399270206,296.3333218175865,299.02117919921875,8344000,0.0,0.0,6672.41015625,,602.1240234375
2025-11-18 05:00:00+00:00,298.15508292828906,301.5896027135679,295.686208533325,298.06549072265625,8077300,0.0,0.0,6617.31982421875,,594.792724609375
2025-11-19 05:00:00+00:00,298.3939949218268,303.0828663383219,297.9261042618115,301.90814208984375,5546600,0.0,0.0,6642.16015625,,598.3436889648438
2025-11-20 05:00:00+00:00,304.9643777592117,308.52831879604355,296.8211173091691,297.0401306152344,7501600,0.0,0.0,6538.759765625,,584.1798095703125
2025-11-21 05:00:00+00:00,299.93706770739834,300.32530061703676,291.4951361556371,296.6817321777344,11766800,0.0,0.0,6602.990234375,,588.568603515625
2025-11-24 05:00:00+00:00,296.9007472780177,298.4736693208262,293.18751624004057,296.6618347167969,10940200,0.0,0.0,6705.1201171875,,603.6201782226562
2025-11-25 05:00:00+00:00,298.70260864804214,303.13263800592705,294.23278078476807,301.6393737792969,8877200,0.0,0.0,6765.8798828125,,607.3406982421875
2025-11-26 05:00:00+00:00,303.6303853642607,307.1445325435829,301.83848048809654,306.258544921875,7910900,0.0,0.0,6812.60986328125,,612.70703125
2025-11-28 05:00:00+00:00,307.71199439271356,312.31124344972676,306.85584041963983,311.6741027832031,4322400,0.0,0.0,6849.08984375,,617.6743774414062
2025-12-01 05:00:00+00:00,311.5447084439427,312.6298101472411,307.1545079277028,307.5328063964844,7727300,0.0,0.0,6812.6298828125,,615.599609375
2025-12-02 05:00:00+00:00,307.3535906208714,309.0857977944923,305.7110060363412,306.4974670410156,7249000,0.0,0.0,6829.3701171875,,620.4173583984375
2025-12-03 05:00:00+00:00,305.8205388774128,310.9573413023751,305.4223107621409,310.7283935546875,8535300,0.0,0.0,6849.72021484375,,621.9335327148438
2025-12-04 05:00:00+00:00,311.8533290542866,317.0598245188333,311.594486851423,314.6805725097656,9627800,0.0,0.0,6857.1201171875,,621.35498046875
2025-12-05 05:00:00+00:00,314.22264749671507,317.0498909600222,313.26693645912985,313.6253356933594,6518900,0.0,0.0,6870.39990234375,,623.8884887695312
2025-12-08 05:00:00+00:00,313.64523530818684,315.04890741449873,311.9429224901236,313.7945556640625,7417200,0.0,0.0,6846.509765625,,622.6915893554688
2025-12-09 05:00:00+00:00,313.53574377586375,317.36843122488773,298.6727631596137,299.16058349609375,18049200,0.0,0.0,6840.509765625,,623.4595947265625
2025-12-10 05:00:00+00:00,299.1506059920777,309.79260502170655,297.1197580970947,308.7174377441406,18874100,0.0,0.0,6886.68017578125,,626.0130615234375
2025-12-11 05:00:00+00:00,307.85134172095206,316.57201448320507,307.85134172095206,315.9548034667969,9721900,0.0,0.0,6901.0,,623.98828125
2025-12-12 05:00:00+00:00,318.2444858866232,318.8318328758901,315.1783298378069,317.0896911621094,8982900,0.0,0.0,6827.41015625,,612.0587158203125
2025-12-15 05:00:00+00:00,318.15488497356307,321.43011981246894,316.9602917736724,318.58294677734375,10864100,0.0,0.0,6816.509765625,,608.9865112304688
2025-12-16 05:00:00+00:00,317.65713843404893,318.0852002489096,312.9881962174831,314.1330261230469,8331300,0.0,0.0,6800.259765625,,610.1934204101562
2025-12-17 05:00:00+00:00,317.0000717018951,317.93585302959536,313.247011955208,313.5655822753906,8718700,0.0,0.0,6721.43017578125,,598.8822631835938
2025-12-18 05:00:00+00:00,314.5810110073882,316.2733893580616,310.8179862048632,311.594482421875,11444900,0.0,0.0,6774.759765625,,607.5601806640625
2025-12-19 05:00:00+00:00,312.38092757719465,317.12949684979,311.7836158143462,315.7855529785156,24494400,0.0,0.0,6834.5,,615.4799194335938
2025-12-22 05:00:00+00:00,316.0842305232393,321.778546068669,316.0842305232393,321.63916015625,8354600,0.0,0.0,6878.490234375,,618.4302368164062
2025-12-23 05:00:00+00:00,322.15681084289565,326.3080987754714,321.63915684610726,324.4664001464844,6668300,0.0,0.0,6909.7900390625,,621.3265380859375
2025-12-24 05:00:00+00:00,324.7749981915486,328.5081586858931,324.0383309091034,327.6918640136719,4289300,0.0,0.0,6932.0498046875,,623.144287109375
2025-12-26 05:00:00+00:00,327.6321237138718,329.3742653747722,325.0736873353596,326.4375305175781,4158300,0.0,0.0,6929.93994140625,,623.1043090820312
2025-12-29 05:00:00+00:00,325.5316095182794,326.29814090339255,322.077190306029,322.29620361328125,8635300,0.0,0.0,6905.740234375,,620.088134765625
2025-12-30 05:00:00+00:00,323.35145488056963,323.48087598310644,321.0418654305578,321.96771240234375,7904300,0.0,0.0,6896.240234375,,618.64990234375
2025-12-31 05:00:00+00:00,322.8835465614906,323.42113019633854,320.59388687095947,320.7730712890625,5048500,0.0,0.0,6845.5,,613.536376953125
2026-01-02 05:00:00+00:00,321.0518034652283,324.2673099842148,319.2996970795839,324.0184326171875,8054000,0.0,0.0,6858.47021484375,,612.347900390625
2026-01-05 05:00:00+00:00,324.03834873814424,335.7355855973553,323.7297432174082,332.5400085449219,10752600,0.0,0.0,6902.0498046875,,617.2117309570312
2026-01-06 05:00:00+00:00,332.6199951171875,335.8699951171875,330.6499938964844,334.6099853515625,7660800,1.5,0.0,6944.81982421875,,622.6348876953125
2026-01-07 05:00:00+00:00,331.1400146484375,332.1499938964844,324.6000061035156,326.989990234375,9815200,0.0,0.0,6920.93017578125,,623.2341918945312
2026-01-08 05:00:00+00:00,326.3900146484375,331.3999938964844,325.6499938964844,329.7900085449219,11737100,0.0,0.0,6921.4599609375,,619.6885986328125
2026-01-09 05:00:00+00:00,329.3399963378906,331.8999938964844,328.1700134277344,329.19000244140625,6738100,0.0,0.0,6966.27978515625,,625.86083984375
2026-01-12 05:00:00+00:00,321.8800048828125,326.0199890136719,321.2300109863281,324.489990234375,12805100,0.0,0.0,6977.27001953125,,626.3801879882812
2026-01-13 05:00:00+00:00,324.29998779296875,326.8599853515625,310.57000732421875,310.8999938964844,19371200,0.0,0.0,6963.740234375,,625.4513549804688
2026-01-14 05:00:00+00:00,308.20001220703125,311.760009765625,306.1199951171875,307.8699951171875,25951500,0.0,0.0,6926.60009765625,,618.769775390625
2026-01-15 05:00:00+00:00,308.4700012207031,312.94000244140625,307.75,309.260009765625,14751400,0.0,0.0,6944.47021484375,,620.9970092773438
2026-01-16 05:00:00+00:00,310.3500061035156,317.2099914550781,310.0,312.4700012207031,14652500,0.0,0.0,6940.009765625,,620.4776611328125
2026-01-20 05:00:00+00:00,306.2099914550781,311.1499938964844,301.8599853515625,302.739990234375,12900600,0.0,0.0,6796.85986328125,,607.2942504882812
2026-01-21 05:00:00+00:00,303.42999267578125,305.3999938964844,301.1499938964844,302.0400085449219,10270100,0.0,0.0,6875.6201171875,,615.50390625
2026-01-22 05:00:00+00:00,304.8599853515625,308.20001220703125,302.8999938964844,303.6300048828125,10535800,0.0,0.0,6913.35009765625,,619.978271484375
2026-01-23 05:00:00+00:00,302.0,302.3699951171875,296.510009765625,297.7200012207031,11107900,0.0,0.0,6915.60986328125,,621.935791015625
2026-01-26 05:00:00+00:00,297.80999755859375,301.7799987792969,297.45001220703125,301.0400085449219,11752700,0.0,0.0,6950.22998046875,,624.67236328125
2026-01-27 05:00:00+00:00,301.3299865722656,301.9700012207031,298.1499938964844,300.30999755859375,11527400,0.0,0.0,6978.60009765625,,630.335205078125
2026-01-28 05:00:00+00:00,300.2699890136719,301.9200134277344,298.04998779296875,300.7699890136719,9556700,0.0,0.0,6978.02978515625,,632.4225463867188
2026-01-29 05:00:00+00:00,302.3999938964844,306.8299865722656,302.2200012207031,306.4200134277344,11580000,0.0,0.0,6969.009765625,,628.6373291015625
2026-01-30 05:00:00+00:00,305.25,307.92999267578125,302.55999755859375,305.8900146484375,11953200,0.0,0.0,6939.02978515625,,621.0868530273438
2026-02-02 05:00:00+00:00,304.4599914550781,309.29998779296875,301.3699951171875,308.1400146484375,9839400,0.0,0.0,6976.43994140625,,625.3515014648438
2026-02-03 05:00:00+00:00,309.7300109863281,316.25,309.1000061035156,314.8500061035156,12688000,0.0,0.0,6917.81005859375,,615.7435913085938
2026-02-04 05:00:00+00:00,314.4100036621094,319.30999755859375,314.4100036621094,317.2699890136719,9848800,0.0,0.0,6882.72021484375,,604.9871826171875
2026-02-05 05:00:00+00:00,315.0,316.010009765625,305.5400085449219,310.1600036621094,9388000,0.0,0.0,6798.39990234375,,596.2781982421875
2026-02-06 05:00:00+00:00,314.7099914550781,324.25,314.7099914550781,322.3999938964844,17797400,0.0,0.0,6932.2998046875,,608.8822631835938
2026-02-09 05:00:00+00:00,321.3399963378906,326.3999938964844,320.1099853515625,322.1000061035156,11477500,0.0,0.0,6964.81982421875,,613.54638671875
2026-02-10 05:00:00+00:00,322.54998779296875,326.1300048828125,315.1199951171875,318.2799987792969,9902200,0.0,0.0,6941.81005859375,,610.699951171875
2026-02-11 05:00:00+00:00,323.239990234375,325.2799987792969,308.7300109863281,310.82000732421875,8703500,0.0,0.0,6941.47021484375,,612.337890625
2026-02-12 05:00:00+00:00,312.2799987792969,313.6199951171875,300.0199890136719,302.6400146484375,13443400,0.0,0.0,6832.759765625,,599.8836059570312
2026-02-13 05:00:00+00:00,298.5199890136719,304.2900085449219,296.5199890136719,302.54998779296875,9114500,0.0,0.0,6836.169921875,,601.1619873046875
2026-02-17 05:00:00+00:00,302.760009765625,308.239990234375,302.5,307.1300048828125,8896800,0.0,0.0,6843.22021484375,,600.542724609375
2026-02-18 05:00:00+00:00,308.4599914550781,312.2799987792969,307.2200012207031,308.7799987792969,7209600,0.0,0.0,6881.31005859375,,605.027099609375
2026-02-19 05:00:00+00:00,307.1700134277344,309.17999267578125,305.1199951171875,308.04998779296875,6737700,0.0,0.0,6861.89013671875,,602.7100219726562
2026-02-20 05:00:00+00:00,308.3999938964844,311.0,305.67999267578125,310.7900085449219,7792700,0.0,0.0,6909.509765625,,608.0433349609375
2026-02-23 05:00:00+00:00,308.79998779296875,311.0,295.1000061035156,297.6700134277344,12955400,0.0,0.0,6837.75,,600.652587890625
2026-02-24 05:00:00+00:00,296.82000732421875,299.75,291.3800048828125,297.29998779296875,13554100,0.0,0.0,6890.06982421875,,607.1044921875
2026-02-25 05:00:00+00:00,298.6400146484375,303.6600036621094,297.010009765625,303.29998779296875,8095500,0.0,0.0,6946.1298828125,,615.9033813476562
2026-02-26 05:00:00+00:00,304.5799865722656,309.010009765625,303.6400146484375,306.1300048828125,7007800,0.0,0.0,6908.85986328125,,608.4727783203125
2026-02-27 05:00:00+00:00,300.0,302.95001220703125,294.45001220703125,300.29998779296875,18620800,0.0,0.0,6878.8798828125,,606.5252075195312
2026-03-02 05:00:00+00:00,294.80999755859375,299.9800109863281,293.2099914550781,297.55999755859375,8508900,0.0,0.0,6881.6201171875,,607.32421875
2026-03-03 05:00:00+00:00,292.2900085449219,302.3900146484375,289.5,300.260009765625,10278200,0.0,0.0,6816.6298828125,,600.8224487304688
2026-03-04 05:00:00+00:00,299.989990234375,301.0,295.82000732421875,299.3900146484375,8055700,0.0,0.0,6869.5,,609.9808959960938
2026-03-05 05:00:00+00:00,297.9800109863281,301.239990234375,292.42999267578125,293.54998779296875,12732500,0.0,0.0,6830.7099609375,,608.1431274414062
2026-03-06 05:00:00+00:00,286.3399963378906,289.989990234375,283.7099914550781,289.4800109863281,13496500,0.0,0.0,6740.02001953125,,598.9946899414062
2026-03-09 04:00:00+00:00,285.5,291.1000061035156,280.45001220703125,289.9200134277344,12241100,0.0,0.0,6795.990234375,,606.99462890625
2026-03-10 04:00:00+00:00,289.2900085449219,292.75,287.17999267578125,288.7300109863281,8344900,0.0,0.0,6781.47998046875,,607.004638671875
2026-03-11 04:00:00+00:00,288.80999755859375,290.4800109863281,284.8599853515625,287.5199890136719,10205000,0.0,0.0,6775.7998046875,,606.9247436523438
2026-03-12 04:00:00+00:00,282.8299865722656,283.8800048828125,279.1000061035156,282.8900146484375,13760500,0.0,0.0,6672.6201171875,,596.5078735351562
2026-03-13 04:00:00+00:00,284.6700134277344,287.19000244140625,282.95001220703125,283.44000244140625,9091200,0.0,0.0,6632.18994140625,,592.9722900390625
2026-03-16 04:00:00+00:00,286.3399963378906,289.2699890136719,284.6099853515625,286.1600036621094,8149000,0.0,0.0,6699.3798828125,,599.6239013671875
2026-03-17 04:00:00+00:00,289.0,291.760009765625,285.95001220703125,286.8900146484375,8961200,0.0,0.0,6716.08984375,,602.5502319335938
2026-03-18 04:00:00+00:00,286.8299865722656,289.4100036621094,285.1199951171875,287.739990234375,10057000,0.0,0.0,6624.7001953125,,594.15087890625
2026-03-19 04:00:00+00:00,286.8800048828125,289.510009765625,284.6199951171875,287.9700012207031,9846700,0.0,0.0,6606.490234375,,592.273193359375
2026-03-20 04:00:00+00:00,288.0799865722656,290.7099914550781,285.2699890136719,286.55999755859375,22436500,0.0,0.0,6506.47998046875,,581.3269653320312
2026-03-23 04:00:00+00:00,294.30999755859375,295.75,287.9700012207031,289.9100036621094,11470800,0.0,0.0,6581.0,,588.0
2026-03-24 04:00:00+00:00,286.1700134277344,295.4800109863281,285.3699951171875,292.3999938964844,11092300,0.0,0.0,6556.3701171875,,583.97998046875
2026-03-25 04:00:00+00:00,294.1499938964844,297.6400146484375,292.44000244140625,295.4200134277344,12188200,0.0,0.0,6591.89990234375,,587.8200073242188
2026-03-26 04:00:00+00:00,292.5799865722656,294.989990234375,290.7300109863281,291.6600036621094,8669200,0.0,0.0,6477.16015625,,573.7899780273438
2026-03-27 04:00:00+00:00,289.1400146484375,290.1099853515625,281.75,282.8399963378906,9873300,0.0,0.0,6368.85009765625,,562.5800170898438
2026-03-30 04:00:00+00:00,284.739990234375,287.25,282.3299865722656,283.7699890136719,11734400,0.0,0.0,6343.72021484375,,558.280029296875
2026-03-31 04:00:00+00:00,288.4700012207031,295.07000732421875,284.95001220703125,294.1600036621094,12956900,0.0,0.0,6528.52001953125,,577.1799926757812
2026-04-01 04:00:00+00:00,295.3900146484375,298.7200012207031,292.9100036621094,295.3800048828125,11267200,0.0,0.0,6575.31982421875,,584.3099975585938
2026-04-02 04:00:00+00:00,291.9100036621094,295.6199951171875,288.7200012207031,294.6000061035156,6669300,0.0,0.0,6582.68994140625,,584.97998046875
