Date,Open,High,Low,Close,Volume,Dividends,Stock Splits,snp500,vix_close,qqq_close,close,log_ret,rv_5,snp500_change,vix_change,qqq_change,earnings_week
2021-04-12 04:00:00+00:00,137.81484675969273,139.29415347670954,137.80599349184453,138.14259338378906,12273400,0.0,0.0,4127.990234375,,326.7147216796875,138.14259338378906,-0.002113785333624558,0.13921570485033916,-0.00019607884876882142,0.0,-0.0013051575037135166,1
2021-04-13 04:00:00+00:00,137.07958928218827,137.47820250896228,135.02449622153836,136.4949493408203,16113600,0.0,0.0,4141.58984375,,330.5285339355469,136.4949493408203,-0.011998824300783533,0.16395938038322522,0.0032944868090414303,0.0,0.011673218262868712,1
2021-04-14 04:00:00+00:00,134.1741389849991,136.26465887240974,133.69579224323164,133.94383239746094,19939600,0.0,0.0,4124.66015625,,326.55950927734375,133.94383239746094,-0.018867061908986845,0.16711353493831388,-0.004087726727828533,0.0,-0.012008115036074574,0
2021-04-15 04:00:00+00:00,133.9792884522843,134.82080855249802,132.26967492885095,134.7942352294922,17694100,0.0,0.0,4170.419921875,,331.508544921875,134.7942352294922,0.006328881338576438,0.1820803673242073,0.01109419052516647,0.0,0.015155080479766658,0
2021-04-16 04:00:00+00:00,136.30008782568052,136.86700779569176,135.25483462202538,135.79518127441406,13773400,0.0,0.0,4185.47021484375,,331.89678955078125,135.79518127441406,0.007398298303017358,0.1818763790558972,0.0036088195555097347,0.0,0.0011711451630840308,0
2021-04-19 04:00:00+00:00,135.90148621047948,136.30896630973294,134.8385128650192,135.2194061279297,11900200,0.0,0.0,4163.259765625,,328.859375,135.2194061279297,-0.00424904074923242,0.18122239845288496,-0.005306560094486046,0.0,-0.009151684036752372,0
2021-04-20 04:00:00+00:00,134.41333253202296,134.42218580025943,131.6761588056715,132.22537231445312,13716700,0.0,0.0,4134.93994140625,,326.46246337890625,132.22537231445312,-0.0223908570451576,0.21998790881541386,-0.006802319771775922,0.0,-0.007288561018197415,0
2021-04-21 04:00:00+00:00,130.91435497412823,133.41235522207234,130.0285415840385,133.350341796875,12236700,0.0,0.0,4173.419921875,,329.2572021484375,133.350341796875,0.008471981068386713,0.2072861874128908,0.009306055472153574,0.0,0.008560674144909353,0
2021-04-22 04:00:00+00:00,133.0757705226054,133.1377839611835,130.44490310505614,130.54234313964844,15256100,0.0,0.0,4134.97998046875,,325.2882385253906,130.54234313964844,-0.02128217114362596,0.23724045357461865,-0.009210657476561801,0.0,-0.012054295539016269,0
2021-04-23 04:00:00+00:00,130.37399184308134,133.87296510634272,129.93995198713216,133.04029846191406,14041900,0.0,0.0,4180.169921875,,329.3835144042969,133.04029846191406,0.018954435644710537,0.28830553540414333,0.010928696540176919,0.0,0.012589683222089754,0
2021-04-26 04:00:00+00:00,133.56295255247787,135.05112619533114,133.20863257469605,133.36807250976562,10799100,0.0,0.0,4187.6201171875,,331.528076171875,133.36807250976562,0.00246069004547603,0.2919972195511203,0.001782270924804541,0.0,0.00651083516264217,0
2021-04-27 04:00:00+00:00,133.3149033223302,134.26273005311032,132.9694366716541,133.97926330566406,12821200,0.0,0.0,4186.72021484375,,330.0917663574219,133.97926330566406,0.004572268197935033,0.2349492584424198,-0.00021489588801437698,0.0,-0.00433239269216068,0
2021-04-28 04:00:00+00:00,135.02452630477427,135.4320064046326,134.11213960955956,134.8473663330078,8943700,0.0,0.0,4183.18017578125,,328.9757995605469,134.8473663330078,0.0064584825248475445,0.23221703101065067,-0.0008455399168898481,0.0,-0.003380777440133542,0
2021-04-29 04:00:00+00:00,136.0078056696996,137.54912610298533,135.70663230852807,137.4694061279297,12976900,0.0,0.0,4211.47021484375,,330.15972900390625,137.4694061279297,0.01925787241159723,0.1290025696132105,0.006762806734045723,0.0,0.003598834458160338,0
2021-04-30 04:00:00+00:00,136.50379581840733,136.84926236574873,135.5382493256128,136.2469024658203,11705100,0.0,0.0,4181.169921875,,327.9956970214844,136.2469024658203,-0.008932692372733511,0.1599085805035955,-0.007194706699326425,0.0,-0.0065545001171123385,0
2021-05-03 04:00:00+00:00,137.16817890684598,137.7262320295545,135.64457912730393,135.8483123779297,11801100,0.0,0.0,4192.66015625,,326.2488708496094,135.8483123779297,-0.0029297859812234335,0.16911294345835584,0.002748090747253684,0.0,-0.005325759416168752,0
2021-05-04 04:00:00+00:00,135.41425391041884,137.86796015667355,134.7676140859934,137.72622680664062,12977700,0.0,0.0,4164.66015625,,320.3778991699219,137.72622680664062,0.013728937865169799,0.18397926090977412,-0.006678337608227225,0.0,-0.017995377775250065,0
2021-05-05 04:00:00+00:00,138.18688509440503,140.2065384875466,136.97332510825962,139.5333251953125,10506700,0.0,0.0,4167.58984375,,319.3006591796875,139.5333251953125,0.013035612047597383,0.19185721147142232,0.0007034637617677753,0.0,-0.003362404189007573,0
2021-05-06 04:00:00+00:00,140.0205126269201,142.4564991637856,139.214419292594,142.34133911132812,13542400,0.0,0.0,4201.6201171875,,321.7073974609375,142.34133911132812,0.019924506641876248,0.19461580319540123,0.008165456466051824,0.0,0.0075375299488360525,0
2021-05-07 04:00:00+00:00,139.26757872402914,143.0588588557328,139.09041875381146,142.82855224609375,14257800,0.0,0.0,4232.60009765625,,324.3177490234375,142.82855224609375,0.0034170059574094177,0.14430448134432022,0.007373341616968343,0.0,0.008114055141728471,0
2021-05-10 04:00:00+00:00,143.0588328909906,145.03419255745274,142.72221954716375,142.81080627441406,14014300,0.0,0.0,4188.43017578125,,316.1273193359375,142.81080627441406,-0.00012425438703151328,0.12980553667683664,-0.010435647322188157,0.0,-0.02525433687228784,0
2021-05-11 04:00:00+00:00,142.68678636476108,143.84719944929452,139.99390677160545,140.4368133544922,15451700,0.0,0.0,4152.10009765625,,315.690673828125,140.4368133544922,-0.016763060630925274,0.222191254122111,-0.00867391280271812,0.0,-0.0013812330700482267,0
2021-05-12 04:00:00+00:00,141.38462721007508,142.42102689881787,139.09922782601342,139.4712677001953,14381700,0.0,0.0,4063.0400390625,,307.51959228515625,139.4712677001953,-0.006899046861382303,0.21551285973267006,-0.021449400664502738,0.0,-0.025883189528169037,0
2021-05-13 04:00:00+00:00,140.1179314535284,143.90035776316472,139.675024834672,143.058837890625,15395000,0.0,0.0,4112.5,,309.89715576171875,143.058837890625,0.025397385676002623,0.24850823375657988,0.012173141406923493,0.0,0.007731421139365535,0
2021-05-14 04:00:00+00:00,143.8472134198371,145.6719865559239,143.49289352569042,145.2822265625,10584000,0.0,0.0,4173.85009765625,,316.7387390136719,145.2822265625,0.015422241327331936,0.26956984964127095,0.014917956876899785,0.0,0.022076947544538372,0
2021-05-17 04:00:00+00:00,144.71530713074833,146.02632047986253,144.4141338680211,145.8668670654297,9886800,0.0,0.0,4163.2900390625,,314.81719970703125,145.8668670654297,0.004016095543703272,0.267749635830892,-0.0025300521932207776,0.0,-0.0060666381151365245,0
2021-05-18 04:00:00+00:00,145.87571576174523,146.6020890959109,143.71434284126835,143.81178283691406,11098100,0.0,0.0,4127.830078125,,312.6919860839844,143.81178283691406,-0.014188955296918509,0.2553692521471196,-0.008517292959364653,0.0,-0.0067506274276774025,0
2021-05-19 04:00:00+00:00,142.61592365585847,142.77536354224253,140.52540398583562,142.71336364746094,13278900,0.0,0.0,4115.68017578125,,313.0510559082031,142.71336364746094,-0.00766721234705717,0.2576250155151336,-0.002943411456817757,0.0,0.0011483179620801476,0
2021-05-20 04:00:00+00:00,142.46533203125,143.3777185040081,141.30491895520447,142.46533203125,10426000,0.0,0.0,4159.1201171875,,319.1065673828125,142.46533203125,-0.0017394825245398641,0.17988981829649464,0.010554741756143349,0.0,0.019343526751703477,0
2021-05-21 04:00:00+00:00,142.9171000796118,144.5824332399298,142.56278020213165,144.0863800048828,10249000,0.0,0.0,4155.85986328125,,317.3403015136719,144.0863800048828,0.011314294757114879,0.15747355421513032,-0.0007838806801412357,0.0,-0.005535034529771221,0
2021-05-24 04:00:00+00:00,144.7064506085215,145.4771037977023,143.60803733121725,144.8658905029297,9440300,0.0,0.0,4197.0498046875,,322.6777648925781,144.8658905029297,0.005395440483572615,0.16086980571222645,0.009911292190138532,0.0,0.016819368209607388,0
2021-05-25 04:00:00+00:00,145.14050774173066,146.77925415930193,143.11198781153988,143.36888122558594,12609100,0.0,0.0,4188.1298828125,,323.1241149902344,143.36888122558594,-0.010387523538752486,0.14307631204313678,-0.0021252837802967495,0.0,0.001383268840370322,0
2021-05-26 04:00:00+00:00,144.89248575586066,145.04307239258807,142.89053907791708,143.35116577148438,13058300,0.0,0.0,4195.990234375,,324.24981689453125,143.35116577148438,-0.00012357318094530668,0.12898683460693797,0.0018768165702687245,0.0,0.003483806537716516,0
2021-05-27 04:00:00+00:00,145.2290711518486,145.93772441374594,144.00665812942333,145.58340454101562,15707500,0.0,0.0,4200.8798828125,,323.0367431640625,145.58340454101562,0.015451824825561592,0.1607270084599636,0.0011653145418315525,0.0,-0.0037411701326058866,0
2021-05-28 04:00:00+00:00,145.87570836043355,146.1060284383306,144.61785526365065,145.4859619140625,10291300,0.0,0.0,4204.10986328125,,324.05572509765625,145.4859619140625,-0.0006695491990802172,0.15008446277969908,0.0007688818911402162,0.0,0.003154383998591248,0
2021-06-01 04:00:00+00:00,146.92984101834662,147.85109437737117,146.58437438782184,147.08929443359375,9445400,0.0,0.0,4202.0400390625,,322.9786071777344,147.08929443359375,0.010960247218515736,0.16282998413243246,-0.0004923335226864056,0.0,-0.0033238663492128895,0
2021-06-02 04:00:00+00:00,148.1611484544992,148.32060189939196,146.62869501535306,147.09817504882812,10498600,0.0,0.0,4208.1201171875,,323.6093444824219,147.09817504882812,6.037385108675469e-05,0.1197098916320108,0.0014469348384307246,0.0,0.0019528764155589684,0
2021-06-03 04:00:00+00:00,146.52235876041894,148.15225173889317,145.85799888715036,147.19557189941406,13354400,0.0,0.0,4192.85009765625,,320.241943359375,147.19557189941406,0.000661902301029733,0.11764789599486815,-0.0036287033416374515,0.0,-0.010405759847363694,0
2021-06-04 04:00:00+00:00,147.23105063887286,147.63851723222092,146.18578380203266,147.43478393554688,8510800,0.0,0.0,4229.89013671875,,325.6763916015625,147.43478393554688,0.0016238115588397438,0.07601393683214314,0.008834095710505974,0.0,0.01696982033389971,0
2021-06-07 04:00:00+00:00,147.93079127034437,148.01937798905652,146.28317832392142,146.74380493164062,7267200,0.0,0.0,4226.52001953125,,326.64678955078125,146.74380493164062,-0.004697692495535496,0.09065584974918063,-0.0007967387044511831,0.0,0.002979638605201451,0
2021-06-08 04:00:00+00:00,145.7074198162014,146.83239286135543,144.52928662462668,146.1591796875,10370700,0.0,0.0,4227.259765625,,326.8020935058594,146.1591796875,-0.003991943074693565,0.045619761799705914,0.00017502486450582388,0.0,0.00047544920092956744,0
2021-06-09 04:00:00+00:00,145.39738480678477,145.46825148802247,143.7497716382106,144.33441162109375,12377400,0.0,0.0,4219.5498046875,,326.879638671875,144.33441162109375,-0.012563389503474853,0.08943625734529258,-0.0018238673194856947,0.0,0.00023728478965279187,0
2021-06-10 04:00:00+00:00,145.59226861133575,146.3717886089139,142.00472218885713,142.08444213867188,12119400,0.0,0.0,4239.18017578125,,330.2859802246094,142.08444213867188,-0.015711366314658165,0.1109897068135865,0.004652243012262192,0.0,0.010420782299486397,0
2021-06-11 04:00:00+00:00,142.11099755360996,142.7930774655695,140.89743786006468,141.9869842529297,13683800,0.0,0.0,4247.43994140625,,331.1495666503906,141.9869842529297,-0.0006861505981348512,0.10028865671972248,0.0019484346695590737,0.0,0.0026146626786700544,0
2021-06-14 04:00:00+00:00,141.86299258848757,142.02244600878757,138.77151286559072,139.57760620117188,19917900,0.0,0.0,4255.14990234375,,334.3228759765625,139.57760620117188,-0.017114629780727683,0.11574580821197458,0.0018152018730952513,0.0,0.009582707168456217,0
2021-06-15 04:00:00+00:00,138.80691952467308,139.00179950126653,136.53038673110208,137.46047973632812,24485500,0.0,0.0,4246.58984375,,332.139404296875,137.46047973632812,-0.01528430773472401,0.10609561868200189,-0.0020116937805257917,0.0,-0.006531026850345012,0
2021-06-16 04:00:00+00:00,137.06191088921136,139.62191121074804,135.62689743012814,138.4260711669922,25321200,0.0,0.0,4223.7001953125,,330.9263610839844,138.4260711669922,0.006999945233062098,0.17270560772532617,-0.005390124612855707,0.0,-0.0036522110812433617,0
2021-06-17 04:00:00+00:00,139.16126807945932,139.48016139263265,133.9792551195019,134.43101501464844,29722400,0.0,0.0,4221.85986328125,,335.12835693359375,134.43101501464844,-0.02928523298258309,0.2273493094489565,-0.00043571559205179966,0.0,0.012697676413100822,0
2021-06-18 04:00:00+00:00,132.25192185811235,132.60624175402845,130.7106019263583,131.0294952392578,43595700,0.0,0.0,4166.4501953125,,332.49853515625,131.0294952392578,-0.025628715588767264,0.22449131738422806,-0.013124468779900589,0.0,-0.007847207563712266,0
2021-06-21 04:00:00+00:00,132.05701386105733,133.93493324083482,132.00386723958206,133.2528533935547,18664800,0.0,0.0,4224.7900390625,,334.56494140625,133.2528533935547,0.016826024296155446,0.3224227957413917,0.014002289962720793,0.0,0.006214783018604786,0
2021-06-22 04:00:00+00:00,133.4034652436372,133.73121178251924,131.68498557713028,133.05799865722656,14251200,0.0,0.0,4246.43994140625,,337.68365478515625,133.05799865722656,-0.0014633633560176315,0.3211199215341174,0.005124491902218642,0.0,0.009321698100815956,0
2021-06-23 04:00:00+00:00,133.04915858833772,134.67905186088106,132.9517185820205,133.86410522460938,12733300,0.0,0.0,4241.83984375,,337.84881591796875,133.86410522460938,0.006040031952060065,0.31863834738581315,-0.0010832833431588806,0.0,0.0004891001695583874,0
2021-06-24 04:00:00+00:00,134.5727408830764,135.63571402896002,133.95267434101402,135.09536743164062,13733200,0.0,0.0,4266.490234375,,339.9376525878906,135.09536743164062,0.00915580920897069,0.2581179673086829,0.005811249724885448,0.0,0.0061827556335998235,0
2021-06-25 04:00:00+00:00,135.16622528665232,136.8581316467477,134.35127881079288,136.4595184326172,15484900,0.0,0.0,4280.7001953125,,339.5199279785156,136.4595184326172,0.010047047923735458,0.10552321270019706,0.0033305973193167304,0.0,-0.0012288271281364338,0
2021-06-28 04:00:00+00:00,136.14948341870925,136.84041661960097,134.74989696867732,136.70755004882812,14125800,0.0,0.0,4290.60986328125,,343.6490173339844,136.70755004882812,0.0018159706127969116,0.07763401058042718,0.0023149642620619026,0.0,0.012161552283699972,0
2021-06-29 04:00:00+00:00,137.30106083924923,138.4614740940347,136.06978089883222,136.5392608642578,14528700,0.0,0.0,4291.7998046875,,344.892578125,136.5392608642578,-0.0012317743455908662,0.07640461405572696,0.00027733619326086867,0.0,0.003618694447791837,0
2021-06-30 04:00:00+00:00,136.19377355736304,138.25771984527788,136.15834697814103,137.7793731689453,12531000,0.0,0.0,4297.5,,344.3486022949219,137.7793731689453,0.009041461999901149,0.08137849603668479,0.0013281596467464851,0.0,-0.001577232635841086,0
2021-07-01 04:00:00+00:00,138.41716611499032,139.19668605821502,137.67308626905955,139.14353942871094,10479400,0.0,0.0,4319.93994140625,,344.4845275878906,139.14353942871094,0.009852397419117918,0.08333345949263,0.0052216268542757405,0.0,0.0003947316529322453,0
2021-07-02 04:00:00+00:00,138.93862789893225,139.26827672838118,138.1991644951682,139.00990295410156,11424000,0.9,0.0,4352.33984375,,348.4387512207031,139.00990295410156,-0.0009608831999111722,0.08547908371306198,0.007500081663913916,0.0,0.011478668317849605,0
2021-07-06 04:00:00+00:00,138.78717582269684,138.78717582269684,135.73133424935952,136.6757049560547,15083400,0.0,0.0,4343.5400390625,,349.9447021484375,136.6757049560547,-0.016934172198761772,0.17171156355312306,-0.0020218560598241897,0.0,0.004321996111105619,1
2021-07-07 04:00:00+00:00,135.42842293809764,137.4508103454487,135.01860832341828,136.83607482910156,12271800,0.0,0.0,4358.1298828125,,350.6830749511719,136.83607482910156,0.001172672647230943,0.171514370455394,0.003358975310182588,0.0,0.002109969941540113,1
2021-07-08 04:00:00+00:00,135.0720567651414,135.89169956178634,133.67330920518603,134.4751434326172,17834600,0.0,0.0,4320.81982421875,,348.5650939941406,134.4751434326172,-0.01740430054501697,0.18969802220407445,-0.008561024934316985,0.0,-0.006039587046868911,1
2021-07-09 04:00:00+00:00,136.35494696017335,139.11678347622205,135.93621458354923,138.7782440185547,13694500,0.0,0.0,4369.5498046875,,350.74139404296875,138.7782440185547,0.03149791763450257,0.3157701641584538,0.011277947808795874,0.0,0.006243597211328167,1
2021-07-12 04:00:00+00:00,137.51315515793425,141.79846720476752,137.14787563105716,140.76499938964844,19940400,0.0,0.0,4384.6298828125,,352.111328125,140.76499938964844,0.014214536536504573,0.33239369529056056,0.0034511743312370946,0.0,0.0039058237929665562,1
2021-07-13 04:00:00+00:00,139.0277161953615,140.22154270560705,136.75587323705346,138.6713409423828,22671700,0.0,0.0,4369.2099609375,,352.111328125,138.6713409423828,-0.014985149197375845,0.3254261014707218,-0.0035168126585656267,0.0,0.0,0
2021-07-14 04:00:00+00:00,138.93862108232827,140.12354332702083,136.26586781907992,138.19915771484375,14622800,0.0,0.0,4374.2998046875,,352.7427978515625,138.19915771484375,-0.003410863111888875,0.3285697297747449,0.0011649345752446916,0.0,0.0017933808887236058,0
2021-07-15 04:00:00+00:00,137.11223212823683,139.45535008984723,136.9340513025068,138.5020751953125,11539300,0.0,0.0,4360.02978515625,,350.2652587890625,138.5020751953125,0.0021894922425553433,0.28186019028251896,-0.0032622408541723713,0.0,-0.007023641808110215,0
2021-07-16 04:00:00+00:00,138.9475603907228,139.23264704705653,134.5464238300087,135.33934020996094,14002700,0.0,0.0,4327.16015625,,347.4283447265625,135.33934020996094,-0.0231000531383091,0.23150753376585245,-0.007538854211077806,0.0,-0.00809933041120825,0
2021-07-19 04:00:00+00:00,132.34583836311384,133.4773077452115,129.81563514154035,130.9381866455078,22172900,0.0,0.0,4258.490234375,,344.5816650390625,130.9381866455078,-0.03305990156308084,0.22731202926461452,-0.015869512427409305,0.0,-0.008193573525903441,0
2021-07-20 04:00:00+00:00,130.5373030345036,134.63551748539462,130.3680264473625,133.37933349609375,15385200,0.0,0.0,4323.06005859375,,348.5845642089844,133.37933349609375,0.01847184598792802,0.3254677710227495,0.015162609437855634,0.0,0.011616692285319585,0
2021-07-21 04:00:00+00:00,135.4640278428612,136.8894878888211,134.84929250541776,136.1856689453125,12356700,0.0,0.0,4358.68994140625,,351.2757568359375,136.1856689453125,0.020821967352150025,0.3858392155144783,0.008241819990835397,0.0,0.007720343650500006,0
2021-07-22 04:00:00+00:00,136.2035021707036,136.70241390704203,133.61092840402503,134.46620178222656,9913300,0.0,0.0,4367.47998046875,,353.5977783203125,134.46620178222656,-0.012706287914167147,0.3878611235754292,0.0020166699583279435,0.0,0.006610252598386657,0
2021-07-23 04:00:00+00:00,134.95622290491735,136.16787164203217,133.8603978305859,134.20785522460938,9666100,0.0,0.0,4411.7900390625,,357.7269287109375,134.20785522460938,-0.0019231230593512413,0.35662672692813197,0.010145452020822843,0.0,0.011677534882259755,0
2021-07-26 04:00:00+00:00,133.80696398857532,135.3838925064186,133.78914182384207,135.10769653320312,8208000,0.0,0.0,4422.2998046875,,358.00860595703125,135.10769653320312,0.0066824559611861215,0.22281522883743296,0.0023821998626283314,0.0,0.0007874085607946224,0
2021-07-27 04:00:00+00:00,133.99403794196442,135.85606656263974,133.4594953935887,134.92950439453125,11218700,0.0,0.0,4401.4599609375,,354.0640869140625,134.92950439453125,-0.0013197601213742276,0.19738000318256252,-0.0047124448070912095,0.0,-0.011017944757010012,0
2021-07-28 04:00:00+00:00,135.67787521438655,136.10552557603702,134.4216913607305,135.15223693847656,9217300,0.0,0.0,4400.64013671875,,355.42425537109375,135.15223693847656,0.0016493717297582527,0.11299393472796485,-0.0001862618826539153,0.0,0.0038415883092977055,0
2021-07-29 04:00:00+00:00,136.43515275419978,137.08551894849032,135.33932765531873,136.3104248046875,9063500,0.0,0.0,4419.14990234375,,356.05584716796875,136.3104248046875,0.00853299592853752,0.07467618100731414,0.004206152980007483,0.0,0.0017770081454220321,0
2021-07-30 04:00:00+00:00,135.93624774398745,136.907344941847,134.70677675574072,135.2235107421875,9805200,0.0,0.0,4395.259765625,,354.2000732421875,135.2235107421875,-0.008005775525278248,0.10489605861454328,-0.0054060480514769305,0.0,-0.005212030473707663,0
2021-08-02 04:00:00+00:00,135.44624362822614,137.6022632572644,134.5909700799162,134.6800537109375,10203200,0.0,0.0,4387.16015625,,354.2292175292969,134.6800537109375,-0.004027051415895986,0.09900073546788991,-0.001842805614891363,0.0,8.228199063475827e-05,0
2021-08-03 04:00:00+00:00,135.37496788683222,136.59553461521213,133.21004398386447,136.21243286132812,10394800,0.0,0.0,4423.14990234375,,356.37640380859375,136.21243286132812,0.011313680309425018,0.12943587462927397,0.0082034265474622,0.0,0.006061573052254854,0
2021-08-04 04:00:00+00:00,134.7513054063066,136.64004662611495,134.4483966435686,134.74240112304688,10155000,0.0,0.0,4402.66015625,,356.891357421875,134.74240112304688,-0.010850857615149409,0.1581521286522219,-0.004632387901412294,0.0,0.0014449711254109765,0
2021-08-05 04:00:00+00:00,135.66898228351138,136.92517983662307,135.4284306342428,136.44407653808594,9151500,0.0,0.0,4429.10009765625,,359.15509033203125,136.44407653808594,0.012550019193947338,0.17450426956379997,0.006005446813494242,0.0,0.006342918826919952,0
2021-08-06 04:00:00+00:00,138.2615467104115,140.60466506361132,138.1902716493426,140.31956481933594,13328800,0.0,0.0,4436.52001953125,,357.58111572265625,140.31956481933594,0.028007592289409567,0.24207762445948083,0.001675266241764728,0.0,-0.004382437146915774,0
2021-08-09 04:00:00+00:00,140.33736736739925,141.2550115596133,138.89407137256688,140.1680908203125,9516900,0.0,0.0,4432.35009765625,,358.2418212890625,140.1680908203125,-0.0010800761509689523,0.23408693842001077,-0.0009399082741974318,0.0,0.0018477082187939864,0
2021-08-10 04:00:00+00:00,139.64247002681896,142.529035187815,139.25936827863669,141.8875732421875,8667000,0.0,0.0,4436.75,,356.4055480957031,141.8875732421875,0.012192655156770406,0.23495520326960068,0.0009926793341701323,0.0,-0.005125792367713822,0
2021-08-11 04:00:00+00:00,142.54682401132686,143.88320048643303,141.72718140458068,143.58029174804688,9156500,0.0,0.0,4442.41015625,,355.79345703125,143.58029174804688,0.011859396820572361,0.16366902688382254,0.0012757437876824707,0.0,-0.0017174004942503984,0
2021-08-12 04:00:00+00:00,144.2217792381911,144.65832026413224,143.03685692117227,144.14158630371094,8844200,0.0,0.0,4460.830078125,,357.075927734375,144.14158630371094,0.0039016516332238474,0.17529136486131533,0.004146380281677686,0.0,0.0036045370643573715,0
2021-08-13 04:00:00+00:00,144.1415966501648,144.47124550722398,142.16377147944905,142.52903747558594,8980900,0.0,0.0,4468.0,,358.32916259765625,142.52903747558594,-0.01125030402557591,0.1554257971131849,0.001607306655808216,0.0,0.003509715346069253,0
2021-08-16 04:00:00+00:00,141.60243899412032,141.682618311788,139.67805380415737,141.59352111816406,8755800,0.0,0.0,4479.7099609375,,358.4847106933594,141.59352111816406,-0.006585325310947874,0.16911935525795646,0.002620850702215849,0.0,0.0004340927614585599,0
2021-08-17 04:00:00+00:00,140.38190566779636,141.5311834959897,138.33279228048053,139.8829803466797,9347200,0.0,0.0,4448.080078125,,355.32708740234375,139.8829803466797,-0.012154206976171124,0.1651706299040424,-0.00706069881494753,0.0,-0.008808250942999307,0
2021-08-18 04:00:00+00:00,139.2593903813291,140.7739482622067,138.39519883392902,138.60902404785156,8065500,0.0,0.0,4400.27001953125,,351.9072265625,138.60902404785156,-0.009149025214749813,0.10295690863884371,-0.010748470745585936,0.0,-0.009624543022725973,0
2021-08-19 04:00:00+00:00,136.45299716406848,138.5911948169834,136.31935131430558,137.45082092285156,9517700,0.0,0.0,4405.7998046875,,353.607421875,137.45082092285156,-0.00839100609343338,0.0354579261283422,0.0012566922329095842,0.0,0.004831373680807438,0
2021-08-20 04:00:00+00:00,137.5131839395258,138.0031779113322,136.45298945852372,137.8428192138672,6974100,0.0,0.0,4441.669921875,,357.27020263671875,137.8428192138672,0.0028478576966470834,0.0904218029375372,0.008141567655737925,0.0,0.01035832546244908,0
2021-08-23 04:00:00+00:00,138.3862887822601,139.9542995027074,138.30610942825336,139.60684204101562,7934600,0.0,0.0,4479.52978515625,,362.61370849609375,139.60684204101562,0.012716156072458247,0.16491861551797324,0.00852379036424833,0.0,0.01495648341210365,0
2021-08-24 04:00:00+00:00,139.8740950043748,141.25502031723238,139.75827133985538,140.47100830078125,7670900,0.0,0.0,4486.22998046875,,363.7213134765625,140.47100830078125,0.006170919985390781,0.15028166461911222,0.0014957363013194946,0.0,0.00305450388255446,0
2021-08-25 04:00:00+00:00,141.2193404516435,144.1326447392862,140.58679658383008,143.366455078125,11335000,0.0,0.0,4496.18994140625,,364.1391906738281,143.366455078125,0.0204028543968341,0.17149016437474332,0.002220118224179668,0.0,0.001148893897009895,0
2021-08-26 04:00:00+00:00,144.5603355312766,145.9590831786276,143.5714161050185,144.10597229003906,11027500,0.0,0.0,4470.0,,361.8268127441406,144.10597229003906,0.005144972336867514,0.11322945291856631,-0.005824918819612557,0.0,-0.0063502583322836426,0
2021-08-27 04:00:00+00:00,144.1059642164792,145.36216166486895,143.66940957002618,145.26416015625,8780200,0.0,0.0,4509.3701171875,,365.3438720703125,145.26416015625,0.008004931545857848,0.09933300331537459,0.008807632480425154,0.0,0.00972028385485868,0
2021-08-30 04:00:00+00:00,145.4067042141322,145.65616011761068,142.43994622526958,142.93885803222656,7937600,0.0,0.0,4528.7900390625,,369.44378662109375,142.93885803222656,-0.016136906528104622,0.2091039356350619,0.004306570844779589,0.0,0.01122207012135723,0
2021-08-31 04:00:00+00:00,142.93887401299588,143.76742115768351,141.9677767377183,142.5023193359375,12340800,0.0,0.0,4522.68017578125,,369.14263916015625,142.5023193359375,-0.0030586970012883917,0.21523806377800403,-0.0013491160395050494,0.0,-0.0008151374359054442,0
2021-09-01 04:00:00+00:00,142.7428373975788,143.2239269822185,141.62919025372946,142.29737854003906,8729900,0.0,0.0,4524.08984375,,369.7546691894531,142.29737854003906,-0.0014391927575832931,0.1487407507191886,0.0003116886257619189,0.0,0.0016579770646092395,0
2021-09-02 04:00:00+00:00,142.5646742794388,143.98123035970812,142.03902243057053,142.95668029785156,8813300,0.0,0.0,4536.9501953125,,369.579833984375,142.95668029785156,0.004622566525443044,0.14731045948006627,0.002842638410522902,0.0,-0.0004728411015373357,0
2021-09-03 04:00:00+00:00,142.89431944036056,143.33977838413554,141.78957636584053,142.09249877929688,7959700,0.0,0.0,4535.43017578125,,370.7164916992187,142.09249877929688,-0.006063403999109912,0.1210250147119429,-0.0003350311257153127,0.0,0.003075540411903832,0
2021-09-07 04:00:00+00:00,142.53794765256004,143.7763228849883,141.62030338076275,141.84303283691406,9285600,0.0,0.0,4520.02978515625,,371.2411804199219,141.84303283691406,-0.0017572017503668567,0.06189133793105843,-0.003395574405981705,0.0,0.0014153368745430939,0
2021-09-08 04:00:00+00:00,141.5579371553132,142.17267264913158,140.80065154234,141.21047973632812,7852700,0.0,0.0,4514.06982421875,,369.9490661621094,141.21047973632812,-0.004469502235452395,0.06481483595118992,-0.001318566739775151,0.0,-0.0034805251301888163,0
2021-09-09 04:00:00+00:00,141.0056133163794,143.28636150677264,140.83633670009792,141.82525634765625,7904300,0.0,0.0,4493.27978515625,,368.67633056640625,141.82525634765625,0.0043441693028769945,0.07851867785300343,-0.004605608657393345,0.0,-0.003440299522598167,0
2021-09-10 04:00:00+00:00,143.04572729460807,143.1882773728608,140.07006578128164,140.19479370117188,8311600,0.0,0.0,4458.580078125,,365.8782043457031,140.19479370117188,-0.011562871591809515,0.09265945856234258,-0.007722578759925436,0.0,-0.00758965517640986,0
2021-09-13 04:00:00+00:00,141.23719684288633,142.59139569663432,140.82738227033113,142.422119140625,10052800,0.0,0.0,4468.72998046875,,365.6255798339844,142.422119140625,0.015762478847056272,0.16324868545783,0.0022764876184568905,0.0,-0.0006904606743943775,0
2021-09-14 04:00:00+00:00,142.94775525831307,143.74067153971723,139.21480758042009,139.93646240234375,11685600,0.0,0.0,4443.0498046875,,364.5860595703125,139.93646240234375,-0.01760683834946257,0.209155104589339,-0.00574663850657553,0.0,-0.0028431278362522905,0
2021-09-15 04:00:00+00:00,139.62465357094885,141.37976291138116,139.40192409723235,140.90757751464844,11691500,0.0,0.0,4480.7001953125,,367.2966918945313,140.90757751464844,0.006915717229110884,0.21851726123810475,0.008473996979569742,0.0,0.0074348216369366504,0
2021-09-16 04:00:00+00:00,142.02120228555066,143.30412602511805,140.07009023115245,140.84518432617188,10880900,0.0,0.0,4473.75,,367.54931640625,140.84518432617188,-0.000442893188260589,0.21453541304484391,-0.0015511404489350067,0.0,0.00068779413834541,0
2021-09-17 04:00:00+00:00,140.2126244957346,141.66481102511818,139.87407143761257,140.47988891601562,25581600,0.0,0.0,4432.990234375,,363.1966857910156,140.47988891601562,-0.0025969645097691286,0.19642075539520384,-0.009110872450405094,0.0,-0.011842303660887343,0
2021-09-20 04:00:00+00:00,137.10334257835498,137.7002558855751,134.0742274324531,136.27479553222656,15819900,0.0,0.0,4357.72998046875,,355.69195556640625,136.27479553222656,-0.030390936596974612,0.2379890823054895,-0.01697731100841482,0.0,-0.020662992032167482,0
2021-09-21 04:00:00+00:00,136.7825947389586,137.69133460830878,135.93622563449807,136.29258728027344,8999900,0.0,0.0,4354.18994140625,,356.12957763671875,136.29258728027344,0.00013054935545518838,0.22992909955827495,-0.0008123585165593639,0.0,0.0012303400835018685,0
2021-09-22 04:00:00+00:00,138.27041186881513,140.0967957082002,138.18132826343296,138.90296936035156,11236200,0.0,0.0,4395.64013671875,,359.45599365234375,138.90296936035156,0.018971675317043156,0.28056023940109376,0.009519611195260236,0.0,0.009340465449961144,0
2021-09-23 04:00:00+00:00,140.76501709916,144.070328229005,140.47101258402603,143.59812927246094,12336100,0.0,0.0,4448.97998046875,,362.7727355957031,143.59812927246094,0.03324300196260151,0.3823459113132648,0.012134715784494876,0.0,0.009227115424224275,0
2021-09-24 04:00:00+00:00,143.82975831616062,145.74522596876304,143.27739368215586,145.25521850585938,10102400,0.0,0.0,4455.47998046875,,363.113037109375,145.25521850585938,0.011473693659101197,0.3803930368956723,0.001461009046688222,0.0,0.0009380570265653532,0
2021-09-27 04:00:00+00:00,147.00145871395398,149.1396563120618,146.65400126440323,148.76547241210938,13220900,0.0,0.0,4443.10986328125,,360.21466064453125,148.76547241210938,0.023878732394471382,0.19901823986383507,-0.0027763826213396126,0.0,-0.007982022589760995,0
2021-09-28 04:00:00+00:00,149.40692087390673,150.83239487304763,147.5894544396133,147.96363830566406,13387900,0.0,0.0,4352.6298828125,,350.0214538574219,147.96363830566406,-0.0054044987780911624,0.23085418675531694,-0.020364110556098214,0.0,-0.02829759002276777,0
2021-09-29 04:00:00+00:00,148.07944088771023,148.6941626980374,147.03705518762249,147.84779357910156,7777100,0.0,0.0,4359.4599609375,,349.4475402832031,147.84779357910156,-0.0007832336414216112,0.25815174458462364,0.0015691842194003325,0.0,-0.001639652563846905,0
2021-09-30 04:00:00+00:00,148.71199598454749,148.77436675517,145.03250115896438,145.83433532714844,13161200,0.0,0.0,4307.5400390625,,348.1637268066406,145.83433532714844,-0.01371203489208854,0.23437415782125776,-0.011909714125195148,0.0,-0.0036738374965297194,0
2021-10-01 04:00:00+00:00,146.1105315861398,149.94148116976393,145.75416987366089,148.89910888671875,11285000,0.0,0.0,4357.0400390625,,350.3229675292969,148.89910888671875,0.020797667108780313,0.2629858480134433,0.01149147763018199,0.0,0.006201796903028356,0
2021-10-04 04:00:00+00:00,148.75657643850082,151.84806292143443,147.65183324763146,148.73875427246094,14120000,0.0,0.0,4300.4599609375,,342.9698486328125,148.73875427246094,-0.0010775149913428718,0.2026005648918592,-0.012985898136748442,0.0,-0.020989542730650235,0
2021-10-05 04:00:00+00:00,149.86805106327247,152.494163582366,149.3840487611648,151.16766357421875,12292900,1.0,0.0,4345.72021484375,,347.5995788574219,151.16766357421875,0.016198135584997806,0.2235049244834927,0.010524514660609219,0.0,0.013498942379526868,1
2021-10-06 04:00:00+00:00,150.56715206170296,151.56203047840847,148.7835372638271,151.49032592773438,8692600,0.0,0.0,4363.5498046875,,349.826904296875,151.49032592773438,0.0021321920249874156,0.22027527926986465,0.004102792854185466,0.0,0.006407733423539952,1
2021-10-07 04:00:00+00:00,153.44421920823416,153.7220657864047,151.95638059634337,152.4493408203125,10195400,0.0,0.0,4399.759765625,,353.0366516113281,152.4493408203125,0.006310581869376688,0.1478274969109339,0.008298280656405366,0.0,0.009175244313768482,1
2021-10-08 04:00:00+00:00,152.38664812924782,153.5697393029528,151.74132069768223,152.56590270996094,8190100,0.0,0.0,4391.33984375,,351.2761535644531,152.56590270996094,0.0007643020983052586,0.10944408724456568,-0.0019137230947889883,0.0,-0.00498672882500939,1
2021-10-11 04:00:00+00:00,153.08570147543713,153.52487300591233,149.19582224876356,149.35714721679688,12154700,0.0,0.0,4361.18994140625,,348.58197021484375,149.35714721679688,-0.021256252612959957,0.2181978309764253,-0.006865763848056816,0.0,-0.007669701806601648,1
2021-10-12 04:00:00+00:00,148.55946629949358,149.40197767816952,147.68110948345142,148.2099151611328,13032600,0.0,0.0,4350.64990234375,,347.3661804199219,148.2099151611328,-0.007710784457539338,0.17356055870835374,-0.0024167805585421087,0.0,-0.0034878160628116772,1
2021-10-13 04:00:00+00:00,147.0537300958119,148.25475070290034,143.94361490008902,144.3021240234375,22753500,0.0,0.0,4363.7998046875,,350.1478271484375,144.3021240234375,-0.026720429376657178,0.2235202841196713,0.00302251448379387,0.0,0.008007822538028897,0
2021-10-14 04:00:00+00:00,144.97431656549836,146.9999187854076,143.45959045151446,146.51593017578125,15176800,0.0,0.0,4438.259765625,,356.596435546875,146.51593017578125,0.015224975778132034,0.26828160498551307,0.01706310194558336,0.0,0.01841681683691765,0
2021-10-15 04:00:00+00:00,148.20097570088603,149.83220999122946,147.1164630369586,149.33029174804688,14267400,0.0,0.0,4471.3701171875,,358.8432312011719,149.33029174804688,0.01902641483406749,0.32986611397587706,0.007460210377712606,0.0,0.00630066773059923,0
2021-10-18 04:00:00+00:00,149.2137579032215,151.12285233542477,148.70288176049877,149.27650451660156,12672900,0.0,0.0,4486.4599609375,,362.45166015625,149.27650451660156,-0.00036025457357218113,0.29349742813680263,0.00337476955709759,0.0,0.010055725289841666,0
2021-10-19 04:00:00+00:00,150.03833848795588,151.1586964924246,149.30339074867186,151.08700561523438,8053900,0.0,0.0,4519.6298828125,,365.1945190429687,151.08700561523438,0.012055545797791322,0.29478344607899387,0.007393339551406308,0.0,0.0075675164118058635,0
2021-10-20 04:00:00+00:00,150.84502034394944,153.14846953208942,150.09214296795207,153.12158203125,8185600,0.0,0.0,4536.18994140625,,364.718017578125,153.12158203125,0.013376392616238972,0.11620767663781989,0.0036640298040166996,0.0,-0.0013047881060548328,0
2021-10-21 04:00:00+00:00,153.04986344586516,153.5607532674933,151.18558605976273,151.92054748535156,8415200,0.0,0.0,4549.77978515625,,366.9452819824219,151.92054748535156,-0.007874589349720271,0.17497620768490177,0.002995871849622578,0.0,0.0061068121040106504,0
2021-10-22 04:00:00+00:00,152.39557956864948,154.24192741376942,152.09980340759938,153.96408081054688,8817900,0.0,0.0,4544.89990234375,,363.8619995117187,153.96408081054688,0.01336166344707429,0.1543524525159123,-0.0010725536274130976,0.0,-0.008402567418351214,0
2021-10-25 04:00:00+00:00,154.79761221404007,155.0216837880608,152.79888392687968,153.211181640625,10159200,0.0,0.0,4566.47998046875,,367.5871276855469,153.211181640625,-0.0049020918652470866,0.16902097466596114,0.004748196569493546,0.0,0.010237749967919374,0
2021-10-26 04:00:00+00:00,153.26498027663456,154.60045198728875,152.852682499278,153.6234893798828,8015100,0.0,0.0,4574.7900390625,,368.74462890625,153.6234893798828,0.002687492818515234,0.15780715056537872,0.0018197952535197182,0.0,0.003148916633700205,0
2021-10-27 04:00:00+00:00,152.65549445989438,152.99607396582704,149.98455134662956,150.42373657226562,9847000,0.0,0.0,4551.68017578125,,369.6005554199219,150.42373657226562,-0.021048512655014246,0.2026159886811634,-0.005051568068462853,0.0,0.002321190456958444,0
2021-10-28 04:00:00+00:00,150.84501257114914,152.82579797090264,150.54027845984027,152.6913604736328,7212900,0.0,0.0,4596.419921875,,373.70501708984375,152.6913604736328,0.014962410176370587,0.23432759299292782,0.009829281576461124,0.0,0.011105128522489904,0
2021-10-29 04:00:00+00:00,153.42628388805707,154.376358864125,151.8219374116783,152.27008056640625,8140100,0.0,0.0,4605.3798828125,,375.5433654785156,152.27008056640625,-0.0027628422384768417,0.20717899562824416,0.001949334719149265,0.0,0.004919249955453342,0
2021-11-01 04:00:00+00:00,154.1970797874392,154.45701045754788,151.48133355539872,152.1894073486328,7435500,0.0,0.0,4613.669921875,,376.82720947265625,152.1894073486328,-0.0005299438701280937,0.2059247687905152,0.0018000771431341267,0.0,0.0034186304756169683,0
2021-11-02 04:00:00+00:00,152.1894220491323,153.883402671124,151.40068569984717,152.78993225097656,7173800,0.0,0.0,4630.64990234375,,378.40289306640625,152.78993225097656,0.003938140067177558,0.20764929418762773,0.0036803630854131963,0.0,0.004181448563534085,0
2021-11-03 04:00:00+00:00,152.4851951680816,153.38148148320346,151.60682473236662,152.8437042236328,8402700,0.0,0.0,4660.56982421875,,382.419921875,152.8437042236328,0.00035187208993950363,0.11125714821203499,0.006461279195357994,0.0,0.010615745498248064,0
2021-11-04 04:00:00+00:00,152.36868478191192,152.54793932287697,149.22272450780412,150.83602905273438,9574200,0.0,0.0,4680.06005859375,,387.3219604492187,150.83602905273438,-0.013222511756793419,0.10302855049593834,0.004181942361150437,0.0,0.012818470727633757,0
2021-11-05 04:00:00+00:00,151.3827764414129,152.44935950868373,150.04731837923842,150.62094116210938,7975600,0.0,0.0,4697.52978515625,,387.6915588378906,150.62094116210938,-0.0014269892447356406,0.10320529247007935,0.003732799652949259,0.0,0.0009542407258376073,0
2021-11-08 05:00:00+00:00,151.5172261410369,153.19327741544467,151.23937953150897,151.52618408203125,6413700,0.0,0.0,4701.7001953125,,387.1663208007813,151.52618408203125,0.005992085000029716,0.1189513737118835,0.0008877879113036169,0.0,-0.001354783268131321,0
2021-11-09 05:00:00+00:00,149.99352494596204,150.99736127355266,149.32131018882671,150.37892150878906,7990300,0.0,0.0,4685.25,,384.5012512207031,150.37892150878906,-0.007600190089035624,0.11774573826191972,-0.003498775895770745,0.0,-0.006883526373280602,0
2021-11-10 05:00:00+00:00,150.08312187832058,151.42755118211488,149.76045829836028,150.23548889160156,6999200,0.0,0.0,4646.7099609375,,378.8502807617187,150.23548889160156,-0.0009542631564522466,0.11562266679091497,-0.008225823395229703,0.0,-0.014696884447173875,0
2021-11-11 05:00:00+00:00,150.14590000713164,151.1855818264509,149.59019314502248,150.2265625,5815300,0.0,0.0,4649.27001953125,,379.9007568359375,150.2265625,-5.941776382638979e-05,0.07668385667577539,0.0005509400447352153,0.0,0.0027728000415010445,0
2021-11-12 05:00:00+00:00,150.26239672616083,150.34307288925447,148.53257068569053,149.55433654785156,8113400,0.0,0.0,4682.85009765625,,383.898193359375,149.55433654785156,-0.004484789264483569,0.08117555481253722,0.007222656026415475,0.0,0.010522317872516895,0
2021-11-15 05:00:00+00:00,149.86804047643008,150.38787450309113,148.78352801970303,149.2854461669922,6492500,0.0,0.0,4682.7998046875,,383.8107299804687,149.2854461669922,-0.0017995626350797384,0.04869451226914471,-1.0739820344718431e-05,0.0,-0.0002278296184229367,0
2021-11-16 05:00:00+00:00,149.73359925972483,149.7425708762499,147.99480150820128,148.2099151611328,9706100,0.0,0.0,4700.89990234375,,386.5438232421875,148.2099151611328,-0.0072306047861135135,0.046506681537961926,0.003865229864862485,0.0,0.007120940214094373,0
2021-11-17 05:00:00+00:00,148.075518987288,148.3892110995548,146.44427076900598,147.41226196289062,9909600,0.0,0.0,4688.669921875,,386.74798583984375,147.41226196289062,-0.005396449899333098,0.04544393116156467,-0.002601625374463401,0.0,0.0005281745183347564,0
2021-11-18 05:00:00+00:00,147.340500922913,147.75279862898236,145.70029539046854,146.1394805908203,8122500,0.0,0.0,4704.5400390625,,390.7552795410156,146.1394805908203,-0.008671652478199066,0.04184040033061312,0.0033847802152713324,0.0,0.010361511495579734,0
2021-11-19 05:00:00+00:00,144.57097033800943,145.29695998960133,142.91283535687944,144.23037719726562,12193600,0.0,0.0,4697.9599609375,,392.93402099609375,144.23037719726562,-0.013149649327438818,0.06639371708702081,-0.001398665559303236,0.0,0.005575718535747676,0
2021-11-22 05:00:00+00:00,147.13436039941146,148.7655943328011,146.0857070830374,147.30465698242188,14549900,0.0,0.0,4682.93994140625,,388.372314453125,147.30465698242188,0.02109107575933317,0.21572168877230993,-0.0031971365563219223,0.0,-0.01160934482436704,0
2021-11-23 05:00:00+00:00,148.33538207453157,151.07801595369253,148.2188604795857,150.82705688476562,12354400,0.0,0.0,4690.7001953125,,386.6022033691406,150.82705688476562,0.02363092319271188,0.27714621966270475,0.001657132912945114,0.0,-0.0045577684559644505,0
2021-11-24 05:00:00+00:00,150.98841152076474,151.86676835503454,149.17790918069255,149.64398193359375,9629800,0.0,0.0,4701.4599609375,,387.8471374511719,149.64398193359375,-0.00787484257829384,0.28266239890834227,0.0022938506357221833,0.0,0.003220193964705853,0
2021-11-26 05:00:00+00:00,145.3238615183155,145.78096261221904,142.34819808563626,145.13563537597656,13619300,0.0,0.0,4594.6201171875,,380.4940490722656,145.13563537597656,-0.0305902976367215,0.36926956488401175,-0.022724822637582465,0.0,-0.01895872798553777,0
2021-11-29 05:00:00+00:00,146.37250147980674,147.69004332702576,143.24447130172604,144.5082244873047,12104400,0.0,0.0,4655.27001953125,,388.751708984375,144.5082244873047,-0.004332298777407831,0.3566523150391882,0.013200199537034996,0.0,0.02170246796827313,0
2021-11-30 05:00:00+00:00,142.65293861195255,143.97048063929282,141.8731601883517,142.35716247558594,18922600,0.0,0.0,4567.0,,383.0423583984375,142.35716247558594,-0.014997294390975724,0.31414428294306657,-0.01896131033450521,0.0,-0.014686367812641543,0
2021-12-01 05:00:00+00:00,144.3021305962544,146.33670483835823,141.4340164500876,141.51467895507812,12253400,0.0,0.0,4513.0400390625,,376.5256958007813,141.51467895507812,-0.005935678507678718,0.17104484001238895,-0.011815187417889228,0.0,-0.01701290328543148,0
2021-12-02 05:00:00+00:00,143.25347666670322,146.31877493537897,142.330302641762,144.4903564453125,12969900,0.0,0.0,4577.10009765625,,379.2392883300781,144.4903564453125,0.02080931802147606,0.2972039008923295,0.01419443613158311,0.0,0.007206925210046178,0
2021-12-03 05:00:00+00:00,144.75023875296867,145.04601487578034,140.88724695339496,141.87315368652344,12681800,0.0,0.0,4538.43017578125,,372.6448974609375,141.87315368652344,-0.01827939343504793,0.24370144489106393,-0.008448563730297565,0.0,-0.017388469686719477,0
2021-12-06 05:00:00+00:00,144.31107538373945,145.74513916422782,142.9218423369332,143.5492401123047,11186500,0.0,0.0,4591.669921875,,375.6308288574219,143.5492401123047,0.011744738525147083,0.26991184012606645,0.011730872577451423,0.0,0.008012806338767442,0
2021-12-07 05:00:00+00:00,145.09084973411137,146.4442373019538,144.44552241899893,145.70928955078125,9851600,0.0,0.0,4686.75,,386.9425964355469,145.70928955078125,0.014935356225712987,0.25781551888731163,0.020707080374404274,0.0,0.030114055367959747,0
2021-12-08 05:00:00+00:00,145.78993081848213,146.33666600094975,143.55817303898448,144.04217529296875,11705700,0.0,0.0,4701.2099609375,,388.673828125,144.04217529296875,-0.0115073285657675,0.27471491155378824,0.0030852853123166657,0.0,0.004474130543912658,0
2021-12-09 05:00:00+00:00,143.09209661351704,144.23934193762955,142.19581034928893,143.81809997558594,11189600,0.0,0.0,4667.4501953125,,382.9548034667969,143.81809997558594,-0.0015568342136266626,0.22806767140289225,-0.007181080169894716,0.0,-0.014714200556781076,0
2021-12-10 05:00:00+00:00,144.58892110736258,144.92950062183732,142.62605180505082,143.24449157714844,10405400,0.0,0.0,4712.02001953125,,387.1176452636719,143.24449157714844,-0.003996404817302189,0.17629108834827995,0.009549073338481762,0.0,0.010870321403961603,0
2021-12-13 05:00:00+00:00,142.9576838661397,143.2176009101665,140.967926921364,141.5415496826172,12069000,0.0,0.0,4668.97021484375,,381.5249938964844,141.5415496826172,-0.011959590328609814,0.1733947456411678,-0.009136167611567658,0.0,-0.014446903765852004,0
2021-12-14 05:00:00+00:00,141.1202846598583,144.2035119267438,140.9858471763436,142.6260528564453,12563600,0.0,0.0,4634.08984375,,377.576171875,142.6260528564453,0.007632878832573357,0.128137640450875,-0.0074706775774360246,0.0,-0.01035010047744278,0
2021-12-15 05:00:00+00:00,143.2714199836035,143.2714199836035,141.03070346009545,141.55950927734375,14014200,0.0,0.0,4709.85009765625,,386.1839599609375,141.55950927734375,-0.007506001209320155,0.11653808450778085,0.016348464630746795,0.0,0.022797487572354447,0
2021-12-16 05:00:00+00:00,143.75534010034303,145.03703645150352,142.2406142654451,143.7732696533203,19542800,0.0,0.0,4668.669921875,,376.25335693359375,143.7732696533203,0.015517353489638017,0.18001523334921357,-0.008743415379980468,0.0,-0.025714695732956483,0
2021-12-17 05:00:00+00:00,142.7963974306235,142.850172442097,139.08575752396175,140.50189208984375,28082000,0.0,0.0,4620.64013671875,,374.3761596679687,140.50189208984375,-0.023016586911411424,0.24508505074808334,-0.010287680637092622,0.0,-0.004989184099044142,0
2021-12-20 05:00:00+00:00,138.4852261836647,138.65552281177332,136.0921428008289,137.97434997558594,15148000,0.0,0.0,4568.02001953125,,370.7445983886719,137.97434997558594,-0.01815315737559909,0.26137308313672775,-0.01138805785140995,0.0,-0.009700300581419574,0
2021-12-21 05:00:00+00:00,139.29186850092006,140.87828553412783,139.00505029698178,139.90133666992188,11291300,0.0,0.0,4649.22998046875,,379.0419616699219,139.90133666992188,0.013869637953557761,0.28334822154966116,0.017777934551572505,0.0,0.022380267486868277,0
2021-12-22 05:00:00+00:00,139.5966050070057,140.7707379877258,139.139503872325,140.4480743408203,7273000,0.0,0.0,4696.56005859375,,383.65814208984375,140.4480743408203,0.003900406725033887,0.2856576127837693,0.010180197220578835,0.0,0.012178547197214451,0
2021-12-23 05:00:00+00:00,141.26371795729386,142.61710566939774,140.9052088223482,140.95001220703125,8055200,0.0,0.0,4725.7900390625,,386.5505676269531,140.95001220703125,0.003567461347774414,0.25111640979423144,0.006223699921661829,0.0,0.0075390698640041,0
2021-12-27 05:00:00+00:00,141.25473466269463,141.79249826859342,140.12540510544284,141.75665283203125,6188100,0.0,0.0,4791.18994140625,,392.9391479492187,141.75665283203125,0.005706570900301143,0.1889331872076172,0.01383893524747526,0.0,0.01652715286769668,0
2021-12-28 05:00:00+00:00,141.79247575129205,143.54023112633914,141.68492578244062,142.1868438720703,6342300,0.0,0.0,4786.35009765625,,391.1180114746094,142.1868438720703,0.00303011954270382,0.07150665296719146,-0.0010101548486260992,0.0,-0.004634652678701001,0
2021-12-29 05:00:00+00:00,142.3751040617547,143.0742063790569,141.74769262334644,142.11517333984375,6398900,0.0,0.0,4793.06005859375,,391.0596008300781,142.11517333984375,-0.0005041858967281209,0.03606029278613089,0.0014018951394270118,0.0,-0.0001493427630986366,0
2021-12-30 05:00:00+00:00,142.60810648914855,143.62091433305034,141.9448497374241,142.04344177246094,6948200,0.0,0.0,4778.72998046875,,389.8909301757813,142.04344177246094,-0.0005048699218788113,0.043085922673398655,-0.0029897555945093135,0.0,-0.0029884719664627912,0
2021-12-31 05:00:00+00:00,142.01659187897172,142.76946924972364,141.57742025082302,141.92697143554688,5805900,0.0,0.0,4766.18017578125,,387.4562377929687,141.92697143554688,-0.0008202991440500889,0.04586215582681703,-0.0026261799136575448,0.0,-0.006244547370504172,0
2022-01-03 05:00:00+00:00,143.28035582866227,145.77203112442172,142.96665009325346,144.9295196533203,13120900,0.0,0.0,4796.56005859375,,391.1861877441406,144.9295196533203,0.020934913247319872,0.14862739711039055,0.006374052530970564,0.0,0.009626764489374384,0
2022-01-04 05:00:00+00:00,147.26880485781015,151.09595132051288,147.19710031018116,150.42373657226562,20195800,0.0,0.0,4793.5400390625,,386.1123352050781,150.42373657226562,0.03720866912371456,0.2737695917904567,-0.000629621957060511,0.0,-0.012970428655270205,0
2022-01-05 05:00:00+00:00,151.31640038878064,151.80329013211062,147.62860510009205,147.67369079589844,17539400,1.0,0.0,4700.580078125,,374.2505187988281,147.67369079589844,-0.018451174304590295,0.34320894005767566,-0.019392757790687165,0.0,-0.03072115372835671,0
2022-01-06 05:00:00+00:00,150.49587415594445,150.91062950084512,147.75482368939643,149.24256896972656,14047500,0.0,0.0,4696.0498046875,,373.9875793457031,149.24256896972656,0.010567914173319246,0.3355020066846504,-0.0009637690162076495,0.0,-0.0007025760551219173,1
2022-01-07 05:00:00+00:00,149.37780644172148,151.05489230050952,148.82779404291946,150.72128295898438,13913300,0.0,0.0,4677.02978515625,,369.9361877441406,150.72128295898438,0.00985936110752388,0.3223359798368156,-0.004050216740091761,0.0,-0.010832957630973916,1
2022-01-10 05:00:00+00:00,152.44345768645198,152.65984699001987,149.25157787661314,150.8655548095703,12922500,0.0,0.0,4670.2900390625,,370.1796875,150.8655548095703,0.0009567517114383484,0.3187245526649953,-0.0014410312534549607,0.0,0.0006582209687142626,1
2022-01-11 05:00:00+00:00,151.7131120078545,151.9475521123548,149.95488001521278,151.0188446044922,11854100,0.0,0.0,4713.06982421875,,375.7405700683594,151.0188446044922,0.0010155530288680056,0.18583387809613425,0.009159984668711818,0.0,0.015022116977607913,1
2022-01-12 05:00:00+00:00,151.89343375518527,152.9122987513869,150.73929793807142,151.87539672851562,12568000,0.0,0.0,4726.35009765625,,377.2306213378906,151.87539672851562,0.005655798562159111,0.0733505926172996,0.002817754443029452,0.0,0.00396563849695597,1
2022-01-13 05:00:00+00:00,151.7852334296692,153.11067291689878,151.37948973644444,151.68605041503906,13623400,0.0,0.0,4659.02978515625,,367.793701171875,151.68605041503906,-0.0012474992448098187,0.07097109763785778,-0.0142436152864307,0.0,-0.025016315304803527,1
2022-01-14 05:00:00+00:00,144.95068706777226,145.19413883526272,141.47028298920227,142.36293029785156,40158400,0.0,0.0,4662.85009765625,,370.0823364257813,142.36293029785156,-0.06343328290436559,0.4633800375426304,0.0008199802697488323,0.0,0.00622260589731205,0
2022-01-18 05:00:00+00:00,140.46041256008874,140.46041256008874,135.7357153001426,136.39393615722656,32324800,0.0,0.0,4577.10986328125,,360.8695373535156,136.39393615722656,-0.04283235605061226,0.49307883598318586,-0.018387945694007368,0.0,-0.024893917286736733,0
2022-01-19 05:00:00+00:00,136.6644503963154,137.25953483287398,133.94143657995036,134.2840576171875,22380000,0.0,0.0,4532.759765625,,356.90576171875,134.2840576171875,-0.015589898856479963,0.4611954765718939,-0.009689541868338813,0.0,-0.010983957426372148,0
2022-01-20 05:00:00+00:00,134.33815443163346,135.7988373379188,132.8684461317594,133.13894653320312,14860800,0.0,0.0,4482.72998046875,,352.2701110839844,133.13894653320312,-0.008564095572161822,0.41312551042695883,-0.01103737849414832,0.0,-0.012988444379383846,0
2022-01-21 05:00:00+00:00,132.9946961299702,133.00370776657778,130.08234155176575,130.81268310546875,20705400,0.0,0.0,4397.93994140625,,342.5021667480469,130.81268310546875,-0.017626893706814823,0.3638980622950626,-0.018914821867908604,0.0,-0.027728564043881465,0
2022-01-24 05:00:00+00:00,128.28802230871474,131.17332792725574,125.84453448731848,130.69544982910156,28471400,0.0,0.0,4410.1298828125,,344.0701599121094,130.69544982910156,-0.0008965937915971716,0.2510135929662485,0.002771738943381896,0.0,0.004578053268830651,0
2022-01-25 05:00:00+00:00,129.52327453761563,132.40859355763388,126.94452995027332,132.12005615234375,18915900,0.0,0.0,4356.4501953125,,336.0941162109375,132.12005615234375,0.010841219363891472,0.18490947711799005,-0.012171906253646725,0.0,-0.023181445619141483,0
2022-01-26 05:00:00+00:00,134.094712438551,135.7627869034802,131.60613883252398,133.37338256835938,20709100,0.0,0.0,4349.93017578125,,335.5682067871094,133.37338256835938,0.009441557068082666,0.19152791984212394,-0.0014966358477518371,0.0,-0.0015647683147718139,0
2022-01-27 05:00:00+00:00,134.72588429756982,135.59148297942178,129.95611430602813,131.0200653076172,17536800,0.0,0.0,4326.509765625,,332.18890380859375,131.0200653076172,-0.017802100841816975,0.22219019791461642,-0.00538408875771057,0.0,-0.010070390788420314,0
2022-01-28 05:00:00+00:00,130.0101870209384,132.32744302628882,128.18883235834684,132.19219970703125,14117000,0.0,0.0,4431.85009765625,,342.6093444824219,132.19219970703125,0.008906440188900692,0.19143566868660672,0.024347646888076113,0.0,0.0313690209226023,0
2022-01-31 05:00:00+00:00,131.317609923402,134.1578301341488,130.44299963461228,133.9865264892578,13985700,0.0,0.0,4515.5498046875,,353.5653991699219,133.9865264892578,0.013482324360099381,0.2040645863008556,0.018885951732779516,0.0,0.031978271649453216,0
2022-02-01 05:00:00+00:00,134.06764790281895,136.57425824240727,133.71600152448022,136.2857208251953,14584900,0.0,0.0,4546.5400390625,,355.9709167480469,136.2857208251953,0.01701432406865047,0.2193778369404373,0.00686300355780145,0.0,0.006803600080133698,0
2022-02-02 05:00:00+00:00,135.69964411424328,136.09637617210524,133.50861991953408,135.19471740722656,12441100,0.0,0.0,4589.3798828125,,358.8632507324219,135.19471740722656,-0.008037479962825311,0.23749599430837437,0.00942251544733641,0.0,0.008125197448144883,0
2022-02-03 05:00:00+00:00,135.24883473438163,136.73656641317066,133.7069919647916,134.07667541503906,12474900,0.0,0.0,4477.43994140625,,344.3135681152344,134.07667541503906,-0.00830424951962816,0.1907884313461942,-0.024391082077444004,0.0,-0.040543807669055965,0
2022-02-04 05:00:00+00:00,134.43733604731216,138.40462936624814,134.13978698465868,137.55706787109375,16654400,0.0,0.0,4500.52978515625,,348.6571044921875,137.55706787109375,0.025627029170105897,0.24400387418308506,0.0051569298644233985,0.0,0.012615060163703617,0
2022-02-07 05:00:00+00:00,138.1972510091852,138.5128233408308,136.01523831868516,138.0169219970703,12572300,0.0,0.0,4483.8701171875,,345.8523254394531,138.0169219970703,0.0033374307425366938,0.24012796372595238,-0.0037017126347429485,0.0,-0.008044520007184364,0
2022-02-08 05:00:00+00:00,139.75710492577593,142.89487349374323,139.57677592912873,140.61367797851562,20411400,0.0,0.0,4521.5400390625,,349.7381286621094,140.61367797851562,0.018639956757854535,0.24508276035866197,0.008401207191663262,0.0,0.011235440495358295,0
2022-02-09 05:00:00+00:00,141.19078844693837,141.94817875291554,140.4965208789053,141.19981384277344,9131100,0.0,0.0,4587.18017578125,,357.1493225097656,141.19981384277344,0.004159749099687307,0.21354639464487396,0.014517207887505545,0.0,0.021190694523376852,0
2022-02-10 05:00:00+00:00,141.25386173856683,143.39078855318846,139.95547094955404,140.61367797851562,16455600,0.0,0.0,4504.080078125,,349.06610107421875,140.61367797851562,-0.004159749099687361,0.19388714495953543,-0.01811572566845976,0.0,-0.02263261030076813,0
2022-02-11 05:00:00+00:00,140.3071462427198,142.63342792639324,137.92676722471822,138.78334045410156,16830000,0.0,0.0,4418.64013671875,,337.9931335449219,138.78334045410156,-0.013102242242386436,0.18599419290226546,-0.01896945434456343,0.0,-0.031721692525343625,0
2022-02-14 05:00:00+00:00,137.7103621124639,138.56693532930305,135.5373745855073,137.4939727783203,17026500,0.0,0.0,4401.669921875,,338.4118347167969,137.4939727783203,-0.009333933515858471,0.20047872932499164,-0.0038405967262932217,0.0,0.001238786029418959,0
2022-02-15 05:00:00+00:00,139.3152842864978,140.60466341418777,138.72019998578418,139.504638671875,9500000,0.0,0.0,4471.06982421875,,346.8261413574219,139.504638671875,0.014517771030332144,0.17598944022474639,0.01576672117072042,0.0,0.02486410278076301,0
2022-02-16 05:00:00+00:00,138.62104062308677,140.74895612190988,138.62104062308677,139.7571258544922,9076500,0.0,0.0,4475.009765625,,346.738525390625,139.7571258544922,0.0018082479128005687,0.17189897260236595,0.0008812077558950637,0.0,-0.0002526221537222373,0
2022-02-17 05:00:00+00:00,137.9538345783141,138.61204183216898,135.85296734191874,136.53822326660156,11367500,0.0,0.0,4380.259765625,,336.4252014160156,136.53822326660156,-0.02330150139273922,0.2304234635740173,-0.021173138152195015,0.0,-0.029743807565054126,0
2022-02-18 05:00:00+00:00,137.16936360870864,138.98169292252197,136.26770476951796,137.17837524414062,11733300,0.0,0.0,4348.8701171875,,332.58807373046875,137.17837524414062,0.0046774886738575865,0.22989777105874096,-0.0071661613961429005,0.0,-0.011405589323856824,0
2022-02-22 05:00:00+00:00,135.78980933234303,138.1701878132805,135.61849197347453,136.93490600585938,11333500,0.0,0.0,4304.759765625,,329.24774169921875,136.93490600585938,-0.0017764137600061677,0.2214920241887419,-0.010142945264832837,0.0,-0.01004345102872517,0
2022-02-23 05:00:00+00:00,138.0620310247679,138.22433681003344,133.41849236366994,134.06768798828125,11799000,0.0,0.0,4225.5,,320.81402587890625,134.06768798828125,-0.021160867616166777,0.21044737186132814,-0.018412122845487655,0.0,-0.0256151060498907,0
2022-02-24 05:00:00+00:00,128.8831519298828,130.73155580747985,126.03390591668524,130.33482360839844,25655100,0.0,0.0,4288.7001953125,,331.59478759765625,130.33482360839844,-0.02823810106704029,0.2298758196019391,0.014956856067329216,0.0,0.03360439646993263,0
2022-02-25 05:00:00+00:00,130.96594393403072,135.36604338931622,130.65938323643374,133.41845703125,18367700,0.0,0.0,4384.64990234375,,336.7369079589844,133.41845703125,0.023383776878536242,0.3282374334531396,0.022372677655603468,0.0,0.015507241228313262,0
2022-02-28 05:00:00+00:00,129.43315072961323,130.7946508511682,127.02572287797965,127.8552474975586,31315300,0.0,0.0,4373.93994140625,,337.7399597167969,127.8552474975586,-0.04259173739773504,0.406153436050085,-0.002442603440647617,0.0,0.0029787401799588054,0
2022-03-01 05:00:00+00:00,126.26829337023882,126.665025446922,120.4435851773985,123.03134155273438,36840400,0.0,0.0,4306.259765625,,332.56866455078125,123.03134155273438,-0.038459612782376335,0.4194388290031007,-0.015473503680411893,0.0,-0.015311469718750081,0
2022-03-02 05:00:00+00:00,123.78873986026288,126.26830174578382,123.17561843433538,125.58304595947266,19405600,0.0,0.0,4386.5400390625,,338.14892578125,125.58304595947266,0.02052812823793403,0.514634592043146,0.018642691757321028,0.0,0.016779275455810927,0
2022-03-03 05:00:00+00:00,126.08797317108902,127.11586373331228,123.58136261131266,124.69039916992188,16640800,0.0,0.0,4363.490234375,,333.3185729980469,124.69039916992188,-0.007133402221815122,0.4969679049709377,-0.005254666430088317,0.0,-0.01428469060501436,0
2022-03-04 05:00:00+00:00,121.66983342025418,122.10262576615229,119.37961250017632,121.18292999267578,21016000,0.0,0.0,4328.8701171875,,328.4881286621094,121.18292999267578,-0.028532636230457126,0.41465022496220993,-0.007934042550334475,0.0,-0.014491974727030343,0
2022-03-07 05:00:00+00:00,119.1722518698656,119.64111833721554,116.26890919141296,116.50334930419922,27560100,0.0,0.0,4201.08984375,,316.373046875,116.50334930419922,-0.03938120008674168,0.4037412736278409,-0.029518158313449172,0.0,-0.03688133825856221,0
2022-03-08 05:00:00+00:00,116.89105034254813,118.82961132660652,114.75411643582969,115.68283081054688,19207800,0.0,0.0,4170.7001953125,,314.9025573730469,115.68283081054688,-0.007067792828194314,0.3662029191200342,-0.00723375351819977,0.0,-0.004647960742793944,0
2022-03-09 05:00:00+00:00,119.83047163459888,121.94036408108737,119.4157162129182,120.31737518310548,17536200,0.0,0.0,4277.8798828125,,326.23846435546875,120.31737518310548,0.039280815507011874,0.4789958698360683,0.02569824789143582,0.0,0.03599814201887508,0
2022-03-10 05:00:00+00:00,118.89273834228516,120.32637263388987,117.50418974551918,118.89273834228516,15604200,0.0,0.0,4259.52001953125,,322.6155700683594,118.89273834228516,-0.011911316488058677,0.47929598562786024,-0.004291813651667864,0.0,-0.01110504947436819,0
2022-03-11 05:00:00+00:00,119.46078288187726,120.89441711411024,115.79102485389356,116.21480560302734,20061800,0.0,0.0,4204.31005859375,,315.9251403808594,116.21480560302734,-0.022781477046176817,0.46649329030311626,-0.012961545123475138,0.0,-0.02073808677641431,0
2022-03-14 04:00:00+00:00,116.7287645318465,119.848496548659,116.52137308375106,117.36893463134766,15786900,0.0,0.0,4173.10986328125,,309.8579406738281,117.36893463134766,0.009882009931583604,0.3839946992919491,-0.007421002465963666,0.0,-0.019204548582987147,0
2022-03-15 04:00:00+00:00,118.83863793077911,120.41654090167052,118.23452815862449,119.4517593383789,15096600,0.0,0.0,4262.4501953125,,319.57708740234375,119.4517593383789,0.01759034126193352,0.3892782753876892,0.021408574170870942,0.0,0.031366460086128534,0
2022-03-16 04:00:00+00:00,121.60671917413966,124.8707334184966,121.20998709684156,124.7895736694336,20354900,0.0,0.0,4357.85986328125,,331.4292297363281,124.7895736694336,0.04371630580700411,0.41339876085287225,0.02238376135718223,0.0,0.0370869589879661,0
2022-03-17 04:00:00+00:00,123.40104086989795,126.40356673734074,122.55347928015324,126.36749267578124,17050500,0.0,0.0,4411.669921875,,335.4415283203125,126.36749267578124,0.012565362308969324,0.3766261252448858,0.01234781757145198,0.0,0.012106049267822216,0
2022-03-18 04:00:00+00:00,126.40357184673906,126.99867006251532,124.84370569771082,126.32242584228516,23656500,0.0,0.0,4463.1201171875,,342.30743408203125,126.32242584228516,-0.00035669673122069016,0.26146987867556853,0.011662294827948783,0.0,0.020468264010419457,0
2022-03-21 04:00:00+00:00,126.5478363813762,126.91750608658,125.08713955857726,125.91666412353516,12676100,0.0,0.0,4461.18017578125,,341.3557434082031,125.91666412353516,-0.0032172814198214283,0.29704204637939685,-0.00043466036210393355,0.0,-0.002780222043322733,0
2022-03-22 04:00:00+00:00,128.27898642741008,129.77572940530004,127.78307139337127,128.5945587158203,13548600,0.0,0.0,4511.60986328125,,348.06427001953125,128.5945587158203,0.02104420692398001,0.3006189259376536,0.0113041136006502,0.0,0.01965259627492455,0
2022-03-23 04:00:00+00:00,127.1158623934614,127.66587484909542,125.51091072126162,126.03387451171876,12093200,0.0,0.0,4456.240234375,,343.0620422363281,126.03387451171876,-0.020113783061628702,0.25050819957278736,-0.012272698789159042,0.0,-0.014371563570493517,0
2022-03-24 04:00:00+00:00,126.50271615126609,126.87239951377938,125.42974011569896,126.85436248779295,10017600,0.0,0.0,4520.16015625,,350.6872253417969,126.85436248779295,0.006488960220563074,0.23772707875368018,0.01434391292056647,0.0,0.02222683411945625,0
2022-03-25 04:00:00+00:00,127.21501583333615,129.09947911292707,126.95354087802752,127.96339416503906,8383500,0.0,0.0,4543.06005859375,,350.3948059082031,127.96339416503906,0.008704563562311717,0.2436534560469224,0.005066170567449069,0.0,-0.0008338468369035734,0
2022-03-28 04:00:00+00:00,126.23223905920848,127.10684924477648,124.33874997003149,127.01667785644533,10818100,0.0,0.0,4575.52001953125,,355.816162109375,127.01667785644533,-0.007425840392079003,0.25166360512758246,0.007144955276586762,0.0,0.015472136315263008,0
2022-03-29 04:00:00+00:00,129.25279239674674,129.47820709310784,126.44863302368572,127.29618072509766,11316500,0.0,0.0,4631.60009765625,,361.9396362304687,127.29618072509766,0.0021981034128577253,0.18813446798925548,0.012256547427530462,0.0,0.017209657045346383,0
2022-03-30 04:00:00+00:00,127.94538808261238,128.14375413456614,126.15109573751576,126.71913146972656,8771000,0.0,0.0,4602.4501953125,,357.94189453125,126.71913146972656,-0.004543428843257407,0.11015728907046832,-0.0062937001746978805,0.0,-0.011045327173487829,0
2022-03-31 04:00:00+00:00,126.07895634675783,126.54782279250774,122.86002770702568,122.91413879394533,17353900,0.0,0.0,4530.41015625,,353.5052185058594,122.91413879394533,-0.030487021080276934,0.23635419859128212,-0.015652540713177343,0.0,-0.012394961565481921,0
2022-04-01 04:00:00+00:00,123.88791979980073,123.89694519351288,120.64195621273164,122.00345611572266,15721300,0.0,0.0,4545.85986328125,,352.8324890136719,122.00345611572266,-0.0074366798808664075,0.1961032045187865,0.0034102225843584133,0.0,-0.0019030256329196638,0
2022-04-04 04:00:00+00:00,120.93049450844931,123.47317936268936,119.82145784732646,122.54447174072266,17416400,0.0,0.0,4582.64013671875,,360.0967712402344,122.54447174072266,0.004424625572401168,0.22065711027180185,0.008090938687879357,0.0,0.020588473150161102,0
2022-04-05 04:00:00+00:00,121.78144696178056,122.98952990622736,120.81859257491728,121.11834716796876,12110300,1.0,0.0,4525.1201171875,,352.10113525390625,121.11834716796876,-0.011705855361171814,0.2049948401336961,-0.012551720801807331,0.0,-0.022204131291679752,1
2022-04-06 04:00:00+00:00,119.51967472201088,120.40984624469272,118.95650696320033,119.43792724609376,12914700,0.0,0.0,4481.14990234375,,344.4565124511719,119.43792724609376,-0.01397134421452271,0.20020126935921723,-0.009716916613271898,0.0,-0.021711440371306123,1
2022-04-07 04:00:00+00:00,118.94740997617824,119.82850303127752,116.93088915525024,119.07457733154295,12994200,0.0,0.0,4500.2099609375,,345.2756042480469,119.07457733154295,-0.0030468020641158007,0.11637069488341961,0.004253385628492534,0.0,0.0023779251292022074,1
2022-04-08 04:00:00+00:00,119.60142618341868,121.62702558423577,119.43793122613629,121.2546157836914,13126900,0.0,0.0,4488.27978515625,,340.448974609375,121.2546157836914,0.01814260033012418,0.20738247592812803,-0.002651026482054286,0.0,-0.01397906362131629,1
2022-04-11 04:00:00+00:00,120.8095474243164,122.53539255772422,120.4189668186254,120.8095474243164,10466400,0.0,0.0,4412.52978515625,,332.3947448730469,120.8095474243164,-0.0036772800649942624,0.20135029038455585,-0.01687729010355421,0.0,-0.023657670714295476,1
2022-04-12 04:00:00+00:00,120.02834065018254,122.24469788930124,118.72032563298448,119.48332977294922,12989900,0.0,0.0,4397.4501953125,,330.99066162109375,119.48332977294922,-0.011038455514516723,0.19954905357320032,-0.003417447717741773,0.0,-0.004224143954169257,1
2022-04-13 04:00:00+00:00,115.3049694963408,117.4032379137628,114.4602109115174,115.63197326660156,30838000,0.0,0.0,4446.58984375,,337.71868896484375,115.63197326660156,-0.03276435848578099,0.290286711125872,0.011174577597236057,0.0,0.02032694007377156,0
2022-04-14 04:00:00+00:00,114.9052948190472,116.54031364384888,113.5609452375323,114.56012725830078,18835200,0.0,0.0,4392.58984375,,329.9960021972656,114.56012725830078,-0.009312689291000341,0.2890278708212559,-0.01214413784439794,0.0,-0.022867217657539962,0
2022-04-18 04:00:00+00:00,114.1513635368558,117.39415187006068,114.0332815447342,116.6856460571289,11834400,0.0,0.0,4391.68994140625,,330.2496337890625,116.6856460571289,0.018383719018165705,0.2903895240678819,-0.0002048682840329885,0.0,0.0007685898923261991,0
2022-04-19 04:00:00+00:00,116.6765574223252,119.28350906413976,116.47672102162296,119.1018295288086,15015400,0.0,0.0,4462.2099609375,,337.63092041015625,119.1018295288086,0.020495304452308714,0.3549257411039526,0.016057604355527166,0.0,0.022350627724869288,0
2022-04-20 04:00:00+00:00,120.3735201503462,121.27277011702424,119.3016690764696,119.5196762084961,13430200,0.0,0.0,4459.4501953125,,332.7067565917969,119.5196762084961,0.003502174755610553,0.34874226538607483,-0.0006184750715809706,0.0,-0.014584457526512828,0
2022-04-21 04:00:00+00:00,120.101006279227,120.63692484848676,118.04815790567837,118.59315490722656,12174200,0.0,0.0,4393.66015625,,325.82275390625,118.59315490722656,-0.007782243174574293,0.2230487412253087,-0.014752948498371943,0.0,-0.020690901369318948,0
2022-04-22 04:00:00+00:00,118.3388229933567,118.55683011524108,115.0778777588074,115.18687438964844,14318800,0.0,0.0,4271.77978515625,,317.2907409667969,115.18687438964844,-0.029142964926781673,0.32476911543989306,-0.027740054250753654,0.0,-0.026186056182890383,0
2022-04-25 04:00:00+00:00,114.46020809718202,115.4684685423448,111.82601420378468,115.15054321289062,17149000,0.0,0.0,4296.1201171875,,321.3665771484375,115.15054321289062,-0.00031546048781178683,0.28697553476660126,0.005697936985382235,0.0,0.01284574573219932,0
2022-04-26 04:00:00+00:00,113.21577966345568,114.82354935774018,111.60801689927274,111.7442626953125,17209500,0.0,0.0,4175.2001953125,,309.2366027832031,111.7442626953125,-0.03002745205114992,0.2523334247529883,-0.028146308431003852,0.0,-0.037744977940352586,0
2022-04-27 04:00:00+00:00,111.11751891921612,112.2347761045314,110.10925837826214,110.29092407226562,17215200,0.0,0.0,4183.9599609375,,308.86614990234375,110.29092407226562,-0.013091252790627799,0.2087178195771946,0.0020980468517017847,0.0,-0.0011979593538579136,0
2022-04-28 04:00:00+00:00,111.55350709488084,112.31651817204956,110.0365772333767,112.03492736816406,13015600,0.0,0.0,4287.5,,319.8356628417969,112.03492736816406,0.015689035330023197,0.30958703751213945,0.02474690007293945,0.0,0.035515426157646024,0
2022-04-29 04:00:00+00:00,111.7715162486986,112.2801856893102,108.00189453819128,108.41973114013672,14874800,0.0,0.0,4131.93017578125,,305.4436340332031,108.41973114013672,-0.03280058015138325,0.32358263439930113,-0.036284507106413955,0.0,-0.04499819901482538,0
2022-05-02 04:00:00+00:00,108.89205816129036,109.64598383472966,107.38421374451264,109.4098129272461,18545000,0.0,0.0,4155.3798828125,,310.54327392578125,109.4098129272461,0.009090489625315206,0.35091592045714853,0.005675242812353654,0.0,0.016695846055916785,0
2022-05-03 04:00:00+00:00,110.3908434241764,112.78886664634275,109.70958666946774,111.75335693359376,15720900,0.0,0.0,4175.47998046875,,310.874755859375,111.75335693359376,0.021193689061794488,0.3571952043304652,0.004837126381486367,0.0,0.0010674258997893649,0
2022-05-04 04:00:00+00:00,111.54444185876808,115.72281522681074,111.48993660602828,115.45030975341795,17128500,0.0,0.0,4300.169921875,,321.3860778808594,115.45030975341795,0.032545946089442064,0.3964683559012894,0.02986242108440229,0.0,0.033812079698871456,0
2022-05-05 04:00:00+00:00,113.76987211959876,114.54196168209464,110.96309776261796,112.56177520751952,15055400,0.0,0.0,4146.8701171875,,305.1997985839844,112.56177520751952,-0.02533803491330295,0.45627406813639515,-0.035649708609806985,0.0,-0.05036397159330408,0
2022-05-06 04:00:00+00:00,112.45277310802744,112.897858869252,110.07291392272016,112.3801040649414,14417900,0.0,0.0,4123.33984375,,301.54327392578125,112.3801040649414,-0.0016152721997843315,0.3530288519310521,-0.0056742248424840325,0.0,-0.011980757114415042,0
2022-05-09 04:00:00+00:00,110.91767547295842,112.02585415446022,109.45524385951448,110.69058990478516,14312300,0.0,0.0,3991.239990234375,,289.7447814941406,110.69058990478516,-0.015148080968466716,0.38521536709485216,-0.03203710063235676,0.0,-0.03912702902650245,0
2022-05-10 04:00:00+00:00,111.82603444101008,112.43462219135075,106.78473130286848,107.99282836914062,16382400,0.0,0.0,4001.050048828125,,293.2648010253906,107.99282836914062,-0.024674009794663047,0.3813025535080851,0.0024578974498534745,0.0,0.012148690006074103,0
2022-05-11 04:00:00+00:00,108.36523430227344,111.62617968658364,107.12988827526584,107.31155395507812,14630300,0.0,0.0,3935.179931640625,,284.567138671875,107.31155395507812,-0.006328498105366799,0.16914178265938745,-0.01646320750393837,0.0,-0.02965805075516914,0
2022-05-12 04:00:00+00:00,106.27605675095734,107.47506839607176,104.7954611902039,107.22073364257812,16318800,0.0,0.0,3930.080078125,,283.89434814453125,107.22073364257812,-0.0008466820443910279,0.16052320679384066,-0.0012959645058717717,0.0,-0.002364259381753553,0
2022-05-13 04:00:00+00:00,108.46516809997873,109.22817238101436,107.14806747661602,108.17449188232422,10443200,0.0,0.0,4023.889892578125,,294.4154052734375,108.17449188232422,0.00885594813761637,0.20491548572985302,0.02386969542307149,0.0,0.03705976254078136,0
2022-05-16 04:00:00+00:00,107.67490512774322,108.51057844302753,106.48497884336876,107.42057037353516,10269000,0.0,0.0,4008.010009765625,,291.00262451171875,107.42057037353516,-0.006993894702810311,0.193946962666557,-0.003946400929555671,0.0,-0.011591719388967192,0
2022-05-17 04:00:00+00:00,109.94575254209089,111.69885345380604,109.73683076438104,110.98126220703124,11160200,0.0,0.0,4088.85009765625,,298.5400085449219,110.98126220703124,0.032609683901849054,0.2611441242810143,0.020169632234863677,0.0,0.02590142974088394,0
2022-05-18 04:00:00+00:00,110.1819172946116,110.79050493666443,108.57414763712704,109.08281707763672,12664900,0.0,0.0,3923.679931640625,,283.88458251953125,109.08281707763672,-0.017253994678678813,0.30073172558586514,-0.04039526078745259,0.0,-0.04909032493440624,0
2022-05-19 04:00:00+00:00,107.35697626208484,108.68315515891751,106.84829987295196,107.46597290039062,12765800,0.0,0.0,3900.7900390625,,282.3634033203125,107.46597290039062,-0.01493311713615769,0.3282597473782747,-0.005833781800992588,0.0,-0.00535844245473982,0
2022-05-20 04:00:00+00:00,108.51057285934252,108.701323915183,104.47753073556694,106.58488464355467,13150100,0.0,0.0,3901.360107421875,,281.4858093261719,106.58488464355467,-0.008232559712734431,0.3230909321935986,0.00014614176965843662,0.0,-0.003108030232746195,0
2022-05-23 04:00:00+00:00,109.4189143615434,114.96888645696252,109.40982899797083,113.17945098876952,24376700,0.0,0.0,3973.75,,286.1662902832031,113.17945098876952,0.06003291433378887,0.5447506185545528,0.018555039930923556,0.0,0.016627768796713127,0
2022-05-24 04:00:00+00:00,112.96145254966146,115.80456154360846,111.82602463880536,114.77813720703124,19324900,0.0,0.0,3941.47998046875,,280.0817565917969,114.77813720703124,0.014026402378483587,0.5121121515659272,-0.008120797617175213,0.0,-0.021262230730896725,0
2022-05-25 04:00:00+00:00,114.70546112163284,116.14064357614728,113.6972006442298,115.57746887207033,12780400,0.0,0.0,3978.72998046875,,284.0016174316406,115.57746887207033,0.006940007989157702,0.4676033836717667,0.009450764734207695,0.0,0.013995416508175929,0
2022-05-26 04:00:00+00:00,116.6038956464279,118.25708527158294,116.45857141339064,117.5758285522461,15990900,0.0,0.0,4057.840087890625,,291.8704833984375,117.5758285522461,0.01714244352597216,0.404236147734001,0.019883256167224195,0.0,0.027707116733907133,0
2022-05-27 04:00:00+00:00,118.22983006765288,119.23809051513672,117.30331709586166,119.23809051513672,11177800,0.0,0.0,4158.240234375,,301.39703369140625,119.23809051513672,0.014038780070421733,0.3388854333964062,0.02474226295510973,0.0,0.032639649552928196,0
2022-05-31 04:00:00+00:00,118.24799528459808,120.94577305460936,117.82108715020716,120.11009979248048,17015000,0.0,0.0,4132.14990234375,,300.597412109375,120.11009979248048,0.0072865655213632365,0.0720777890518599,-0.006274368617659065,0.0,-0.002653050603178664,0
2022-06-01 04:00:00+00:00,120.69144752227814,120.69144752227814,116.8764123006284,118.00276184082033,10768000,0.0,0.0,4101.22998046875,,298.3742980957031,118.00276184082033,-0.01770079078600965,0.21765895700587679,-0.007482768681131846,0.0,-0.007395652537630526,0
2022-06-02 04:00:00+00:00,117.99365219226368,119.91025488542228,116.87639511072088,119.90117645263672,8374800,0.0,0.0,4176.81982421875,,306.54541015625,119.90117645263672,0.015959844311485498,0.23035918166841338,0.018431018038486124,0.0,0.027385442086321987,0
2022-06-03 04:00:00+00:00,119.1835899935739,119.692259424301,118.0754113651174,118.22982788085938,8596000,0.0,0.0,4108.5400390625,,298.56927490234375,118.22982788085938,-0.014037449859176099,0.2521389963159972,-0.016347313992415624,0.0,-0.026019424821401516,0
2022-06-06 04:00:00+00:00,119.07459480210566,120.25544262386136,117.5940062031713,117.83924865722656,11323500,0.0,0.0,4121.43017578125,,299.56378173828125,117.83924865722656,-0.0033090278977084605,0.22467844844009305,0.003137400778913113,0.0,0.0033309081661627715,0
2022-06-07 04:00:00+00:00,117.02173713540805,118.3751721169585,116.8309791588688,118.14808654785156,6722200,0.0,0.0,4160.68017578125,,302.1478271484375,118.14808654785156,0.0026174122155609987,0.21425188733595893,0.009523393173235029,0.0,0.008626027469548436,0
2022-06-08 04:00:00+00:00,117.1761646270752,117.58491591768689,115.26864705405023,116.267822265625,8422100,0.0,0.0,4115.77001953125,,299.9734191894531,116.267822265625,-0.016042465864059198,0.20744201637370976,-0.010793945785935621,0.0,-0.0071965037098087326,0
2022-06-09 04:00:00+00:00,115.69556118741497,116.3586541153249,113.78803681429676,113.82437133789062,13560100,0.0,0.0,4017.820068359375,,291.9388122558594,113.82437133789062,-0.021239684381237516,0.15519353195774074,-0.02379869397635359,0.0,-0.02678439628185647,0
2022-06-10 04:00:00+00:00,111.35368558367269,112.08944760111972,108.38340914245268,108.5923309326172,12945200,0.0,0.0,3900.860107421875,,281.6418762207031,108.5923309326172,-0.0470558707043879,0.30684776590439045,-0.029110303335524668,0.0,-0.03527087047998223,0
2022-06-13 04:00:00+00:00,106.14887228605704,107.1389619784986,104.51385351951916,105.35861206054688,16805600,0.0,0.0,3749.6298828125,,268.546630859375,105.35861206054688,-0.030230903400026897,0.29021166680787985,-0.038768430665237275,0.0,-0.04649608764524171,0
2022-06-14 04:00:00+00:00,104.95895719379872,106.56672004093218,102.8425179381667,103.60552215576172,13357900,0.0,0.0,3735.47998046875,,269.0341491699219,103.60552215576172,-0.016779252976254194,0.20510115807402649,-0.0037736797459957394,0.0,0.0018153953709520998,0
2022-06-15 04:00:00+00:00,105.0225458021108,106.23063586993884,102.79710286959158,104.83179473876952,14083500,0.0,0.0,3789.989990234375,,275.7523498535156,104.83179473876952,0.011766479720329256,0.34187417264080916,0.014592504858983224,0.0,0.024971553627381793,0
2022-06-16 04:00:00+00:00,103.42385161420655,103.78718990892104,101.61625243388144,103.03326416015624,16724900,0.0,0.0,3666.77001953125,,264.62677001953125,103.03326416015624,-0.017305221684205473,0.34262878913434086,-0.03251195148816344,0.0,-0.04034627389356604,0
2022-06-17 04:00:00+00:00,103.13318601982736,104.1232758046622,101.87967613524056,102.66992950439452,30919900,0.0,0.0,3674.840087890625,,267.844482421875,102.66992950439452,-0.0035326144153401064,0.25310056466463265,0.002200865698254617,0.0,0.01215943648522888,0
2022-06-21 04:00:00+00:00,105.24960661206131,106.30327989436726,104.4956809700912,105.21327209472656,11680500,0.0,0.0,3764.7900390625,,274.6021423339844,105.21327209472656,0.02447017825486822,0.2895033202491686,0.024477242280086964,0.0,0.025229789506977962,0
2022-06-22 04:00:00+00:00,104.35036592384174,105.54937754002776,103.90528011596642,104.62287139892578,9842700,0.0,0.0,3759.889892578125,,274.2016296386719,104.62287139892578,-0.005627269391698212,0.25863262049574154,-0.0013015723144006452,0.0,-0.001458519922344137,0
2022-06-23 04:00:00+00:00,104.46845984233713,104.62287638486268,101.26201232587104,103.47836303710938,11851500,0.0,0.0,3795.72998046875,,278.2851867675781,103.47836303710938,-0.010999645481299456,0.25468893693800504,0.009532217409177868,0.0,0.014892534133686075,0
2022-06-24 04:00:00+00:00,102.85160235034752,107.02089020814364,102.48826404195286,106.56671905517578,14841100,0.0,0.0,3911.739990234375,,287.8202819824219,106.56671905517578,0.029408720931422917,0.2971334131956683,0.03056329358583576,0.0,0.03426375412072291,0
2022-06-27 04:00:00+00:00,107.23889846119197,107.63857132340104,105.04071157924665,105.71288299560548,11280500,0.0,0.0,3900.110107421875,,285.7100830078125,105.71288299560548,-0.008044490906336113,0.30847432076087006,-0.0029730715337762392,0.0,-0.007331654878783844,0
2022-06-28 04:00:00+00:00,106.88463254709411,108.35614950968552,105.00436433772248,105.2042007446289,11590900,0.0,0.0,3821.550048828125,,277.0054016113281,105.2042007446289,-0.004823537555398803,0.2639074376904021,-0.020143036075892073,0.0,-0.03046683303874287,0
2022-06-29 04:00:00+00:00,105.36770941231696,106.11254983957924,104.21411771196144,104.73187255859376,9338400,0.0,0.0,3818.830078125,,277.2594299316406,104.73187255859376,-0.004499741045596737,0.262515146189976,-0.0007117454091590814,0.0,0.0009170518655405857,0
2022-06-30 04:00:00+00:00,102.79709107473845,103.62368585114336,100.76240636912074,102.28842163085938,15172600,0.0,0.0,3785.3798828125,,273.82049560546875,102.28842163085938,-0.023607003480213228,0.30778095704987585,-0.008759278267998716,0.0,-0.012403308796457346,0
2022-07-01 04:00:00+00:00,102.32474748539616,103.93251008724718,100.97131958394183,103.59642791748048,10573600,0.0,0.0,3825.330078125,,275.6279296875,103.59642791748048,0.012706363656778592,0.20501324853015465,0.010553814029047315,0.0,0.00660079910393363,0
2022-07-05 04:00:00+00:00,101.50709683666992,103.28487079758956,100.1600282590382,103.20240020751952,12514200,1.0,0.0,3831.389892578125,,280.3465881347656,103.20240020751952,-0.0038107390681448652,0.20410402017809165,0.0015841285142366157,0.0,0.01711966727252756,0
2022-07-06 04:00:00+00:00,102.38681530801372,103.54144540722169,101.5254186064502,102.53343200683594,10656200,0.0,0.0,3845.080078125,,282.1441345214844,102.53343200683594,-0.006503199283531714,0.20446064950657014,0.0035731642904301975,0.0,0.006411871814379522,1
2022-07-07 04:00:00+00:00,104.00881915967594,105.2917487238029,103.9171828318248,105.12680053710938,10347400,0.0,0.0,3902.6201171875,,288.1817932128906,105.12680053710938,0.024978334410654737,0.2966282141337684,0.014964587965241805,0.0,0.021399199744648545,1
2022-07-08 04:00:00+00:00,105.52999476713384,105.97901760800858,104.10960740399186,104.79689025878906,8807800,0.0,0.0,3899.3798828125,,288.5432434082031,104.79689025878906,-0.003143147385399135,0.2151370878656307,-0.000830271529819071,0.0,0.001254243688620038,1
2022-07-11 04:00:00+00:00,104.05461992547764,104.67775661770676,102.83583673471452,103.4223175048828,7939500,0.0,0.0,3854.429931640625,,282.378662109375,103.4223175048828,-0.013203322954286363,0.2333568531948989,-0.011527461422777274,0.0,-0.021364497140926142,1
2022-07-12 04:00:00+00:00,103.16573057314184,105.54830951886154,102.87249019507485,103.52311706542967,11250900,0.0,0.0,3818.800048828125,,279.64312744140625,103.52311706542967,0.0009741656657245675,0.23133240503108343,-0.009243878717321574,0.0,-0.00968746946930854,1
2022-07-13 04:00:00+00:00,102.40515698581454,103.07411544994838,101.1497176450116,102.5517807006836,12979900,0.0,0.0,3801.780029296875,,279.0668029785156,102.5517807006836,-0.009427092468088448,0.2378445481885287,-0.0044569025122100925,0.0,-0.002060928398862183,1
2022-07-14 04:00:00+00:00,98.9595690118828,99.17950456734008,97.1909607873143,98.96873474121094,26204800,0.0,0.0,3790.3798828125,,280.0633544921875,98.96873474121094,-0.03556385902582679,0.22590792802964565,-0.00299863390215227,0.0,0.0035710141909950366,0
2022-07-15 04:00:00+00:00,100.03173555608012,104.35702993966817,98.66632853456102,103.50479888916016,18863900,0.0,0.0,3863.159912109375,,285.1434631347656,103.50479888916016,0.044813988148340846,0.47000649019929885,0.01920124935943668,0.0,0.018139140880424787,0
2022-07-18 04:00:00+00:00,105.1726029847528,106.15312626077532,101.98361440109568,102.44180297851562,13977900,0.0,0.0,3830.85009765625,,282.7303161621094,102.44180297851562,-0.010323116196017069,0.46629720572254685,-0.008363571580831342,0.0,-0.00846292229927692,0
2022-07-19 04:00:00+00:00,103.6697439762107,105.3283913640828,103.24821132815671,104.98016357421876,11862300,0.0,0.0,3936.68994140625,,291.4252624511719,104.98016357421876,0.02447655245605672,0.5037844329043312,0.02762829164595959,0.0,0.030753498270334356,0
2022-07-20 04:00:00+00:00,104.55863719242753,105.14511804151188,103.99048780254137,104.96184539794922,11667500,0.0,0.0,3959.89990234375,,296.0462341308594,104.96184539794922,-0.0001745070117763743,0.4938262266109118,0.005895806193263242,0.0,0.015856455410970804,0
2022-07-21 04:00:00+00:00,104.8701959062406,105.86904357360412,103.8896727043708,105.67660522460938,11595900,0.0,0.0,3998.949951171875,,300.29595947265625,105.67660522460938,0.006786629581951242,0.3459691642258168,0.00986137270919718,0.0,0.014354938019303987,0
2022-07-22 04:00:00+00:00,105.603293978013,106.52883679724192,104.16458222522463,105.16343688964844,7645500,0.0,0.0,3961.6298828125,,295.0301513671875,105.16343688964844,-0.004867854731495992,0.21370321103328802,-0.00933246697634671,0.0,-0.01753539446456731,0
2022-07-25 04:00:00+00:00,106.1531255540092,106.72128190313217,105.172602284515,105.58497619628906,9394000,0.0,0.0,3966.840087890625,,293.349853515625,105.58497619628906,0.0040004084741154175,0.17787688143136277,0.0013151670479691902,0.0,-0.005695342810814075,0
2022-07-26 04:00:00+00:00,104.99850201420324,105.9148792208385,103.57811454735732,103.9355010986328,10675100,0.0,0.0,3921.050048828125,,287.58575439453125,103.9355010986328,-0.01574556527701631,0.14058293816168965,-0.01154320266205866,0.0,-0.0196492312916281,0
2022-07-27 04:00:00+00:00,104.47616200989958,106.06149058213164,103.82553506501444,105.60330200195312,9337400,0.0,0.0,4023.610107421875,,299.7391662597656,105.60330200195312,0.015919114735976927,0.19110072198407815,0.026156273782937722,0.0,0.04226013173295584,0
2022-07-28 04:00:00+00:00,105.61245956042036,106.28141791194416,104.03628984792245,105.2092514038086,10384800,0.0,0.0,4072.429931640625,,302.66998291015625,105.2092514038086,-0.0037384022033271377,0.1863289445060243,0.012133338697180918,0.0,0.009777890180193038,0
2022-07-29 04:00:00+00:00,105.92402728643636,106.7579338163255,105.1909297898353,105.71326446533205,12944500,0.0,0.0,4130.2900390625,,308.18975830078125,105.71326446533205,0.004779139095304582,0.1859286309816945,0.014207760082581844,0.0,0.01823694354343508,0
2022-08-01 04:00:00+00:00,104.92518166489675,105.48417227500012,103.614762085845,104.65943145751952,14740400,0.0,0.0,4118.6298828125,,308.004150390625,104.65943145751952,-0.010018807984389498,0.19811828698754336,-0.0028230841271976725,0.0,-0.0006022520384181274,0
2022-08-02 04:00:00+00:00,104.39368214700733,104.83354625057682,102.88165846720328,103.02828216552734,14942900,0.0,0.0,4091.18994140625,,307.0858154296875,103.02828216552734,-0.015708033979128733,0.19795149395814132,-0.006662395550704803,0.0,-0.0029815668385404503,0
2022-08-03 04:00:00+00:00,103.96299542586556,104.55864203211962,102.36850098057602,104.109619140625,14394500,0.0,0.0,4155.169921875,,315.44854736328125,104.109619140625,0.010440839570241415,0.16881557277302187,0.015638477163140152,0.0,0.027232556873042935,0
2022-08-04 04:00:00+00:00,103.41315704949486,103.8438554164175,101.73618523456727,102.9641342163086,18033900,0.0,0.0,4151.93994140625,,316.9237060546875,102.9641342163086,-0.01106365814210034,0.17895246163044845,-0.0007773401640558397,0.0,0.004676384480881479,0
2022-08-05 04:00:00+00:00,103.11991751391076,106.47386117188196,102.68006040587032,106.07981872558594,14174600,0.0,0.0,4145.18994140625,,314.3348083496094,106.07981872558594,0.02981110149201878,0.3037843277434784,-0.0016257460597355333,0.0,-0.008168835765890559,0
2022-08-08 04:00:00+00:00,106.52884536668232,106.9412122941212,104.63194491593816,104.78772735595705,10332500,0.0,0.0,4140.06005859375,,313.3188781738281,104.78772735595705,-0.012255157942324027,0.3091199686828084,-0.0012375507238541195,0.0,-0.003232000239220434,0
2022-08-09 04:00:00+00:00,105.15428278631208,106.2905885468458,104.80606197024294,105.73159790039062,10233800,0.0,0.0,4122.47021484375,,309.7724304199219,105.73159790039062,0.008967128010186929,0.2768442142381659,-0.004248692893594086,0.0,-0.011318972462102006,0
2022-08-10 04:00:00+00:00,108.09585619678464,109.3879514348252,107.67432351391136,108.48989868164062,12847300,0.0,0.0,4210.240234375,,318.4184875488281,108.48989868164062,0.025753281280417345,0.31402236695512326,0.021290637641290244,0.0,0.027910996201907956,0
2022-08-11 04:00:00+00:00,109.87361546039648,111.06490149308424,109.3329493369886,110.09354400634766,11684900,0.0,0.0,4207.27001953125,,316.611083984375,110.09354400634766,0.01467333552677388,0.2634147466658154,-0.0007054739583503,0.0,-0.005676189150845001,0
2022-08-12 04:00:00+00:00,110.57923490407693,112.02711255615458,109.45209486471,111.91714477539062,9906700,0.0,0.0,4280.14990234375,,322.7757263183594,111.91714477539062,0.016428414267721056,0.22522013997522963,0.017322368774566943,0.0,0.019470709162818123,0
2022-08-15 04:00:00+00:00,111.00992591478044,112.45780347045417,110.51508142139566,112.21954345703124,8456200,0.0,0.0,4297.14013671875,,325.3841552734375,112.21954345703124,0.0026983432967371433,0.13681340778222748,0.0039695418998517695,0.0,0.008081242616445605,0
2022-08-16 04:00:00+00:00,112.06376781665492,113.85070054717264,111.67889107337466,113.29170989990234,9555000,0.0,0.0,4305.2001953125,,324.6221008300781,113.29170989990234,0.009508833865158358,0.13568115723288215,0.0018756797165810912,0.0,-0.0023420146033815703,0
2022-08-17 04:00:00+00:00,112.07292560842028,112.86101049821654,111.51393500074148,112.3386688232422,8149300,0.0,0.0,4274.0400390625,,320.91949462890625,112.3386688232422,-0.008447858395359794,0.1609533489090646,-0.007237794954094601,0.0,-0.01140589686193294,0
2022-08-18 04:00:00+00:00,112.01793398886056,112.22870379665224,110.46926145448748,111.46810913085938,9531800,0.0,0.0,4283.740234375,,321.69134521484375,111.46810913085938,-0.007779604273131919,0.1718352225940392,0.002269561170191503,0.0,0.0024051221532366274,0
2022-08-19 04:00:00+00:00,110.53341149420012,110.8724665564426,108.2333029495322,108.7098159790039,13464500,0.0,0.0,4228.47998046875,,315.4192810058594,108.7098159790039,-0.025056439781227128,0.20824085935551914,-0.012900001139847905,0.0,-0.019497149370914957,0
2022-08-22 04:00:00+00:00,106.9870310263357,107.36274900936787,105.84155960207086,106.9137191772461,8967600,0.0,0.0,4137.990234375,,307.1151428222656,106.9137191772461,-0.016659947097710903,0.20367917500304594,-0.0214000649197158,0.0,-0.0263273004653114,0
2022-08-23 04:00:00+00:00,106.93206817062136,107.48189314615172,105.73160916697904,105.85990142822266,7607000,0.0,0.0,4128.72998046875,,306.86114501953125,105.85990142822266,-0.009905611069890425,0.11629603015099188,-0.0022378626777133093,0.0,-0.0008270442167072067,0
2022-08-24 04:00:00+00:00,105.64912365693192,106.67546859344074,104.8793632066996,106.1164779663086,9771300,0.0,0.0,4140.77001953125,,307.7501525878906,106.1164779663086,0.002420804281306482,0.16276604663491184,0.0029161604463010526,0.0,0.002897100472928127,0
2022-08-25 04:00:00+00:00,106.44636447521818,108.81061201719248,106.00650040264026,108.63650512695312,10758900,0.0,0.0,4199.1201171875,,313.1918029785156,108.63650512695312,0.023470154431765602,0.29991807624505584,0.014091605518061545,0.0,0.01768203961839121,0
2022-08-26 04:00:00+00:00,109.47041039784526,109.95608915495758,105.01681701573952,105.08096313476562,11276200,0.0,0.0,4057.659912109375,,300.3546447753906,105.08096313476562,-0.03327636348625328,0.3376054955432844,-0.03368805871951874,0.0,-0.04098816789277726,0
2022-08-29 04:00:00+00:00,104.46699244717284,105.25507733547248,103.97214795977054,104.82437896728516,8117300,0.0,0.0,4030.610107421875,,297.3944396972656,104.82437896728516,-0.0024447619361019526,0.3263189004734003,-0.006666355799502699,0.0,-0.009855699352805725,0
2022-08-30 04:00:00+00:00,105.38336389269956,105.91486427548622,103.8805060451941,104.84270477294922,10745400,0.0,0.0,3986.159912109375,,294.08251953125,104.84270477294922,0.00017480860976190285,0.3225482654366326,-0.011028155571448206,0.0,-0.011136456247759718,0
2022-08-31 04:00:00+00:00,104.90685682147296,105.41086004766464,103.86218046214988,104.21957397460938,10738300,0.0,0.0,3955.0,,292.3728942871094,104.21957397460938,-0.005961215455743153,0.32090845012231184,-0.007817025105971265,0.0,-0.005813420147738335,0
2022-09-01 04:00:00+00:00,103.81636027398932,105.0443022058109,102.55176241998473,104.93434143066406,9979800,0.0,0.0,3966.85009765625,,292.4999084472656,104.93434143066406,0.006834873133758043,0.24530310353716747,0.0029962320243361873,0.0,0.00043442522421899277,0
2022-09-02 04:00:00+00:00,106.18063400547187,107.62850474061082,103.72474270666189,104.20125579833984,10666600,0.0,0.0,3924.260009765625,,288.3674011230469,104.20125579833984,-0.007010653801521922,0.08812600694594237,-0.010736500458081055,0.0,-0.01412823459041801,0
2022-09-06 04:00:00+00:00,104.7694107097476,105.15428746960802,102.69839620591225,104.22874450683594,9751900,0.0,0.0,3908.18994140625,,286.2962951660156,104.22874450683594,0.0002637692137910131,0.08874353423447216,-0.004095056983834944,0.0,-0.007182177836209336,0
2022-09-07 04:00:00+00:00,103.6697385194618,106.40054534612854,103.3306834678968,106.2081069946289,10647900,0.0,0.0,3979.8701171875,,292.079833984375,106.2081069946289,0.01881249267563144,0.1687288033732963,0.018341016392734,0.0,0.020201235279714957,0
2022-09-08 04:00:00+00:00,105.63994803332598,108.85643352252292,105.04430153660029,108.68231964111328,11435000,0.0,0.0,4006.179931640625,,293.59405517578125,108.68231964111328,0.023028685158566764,0.19899465794383786,0.006610721877456038,0.0,0.0051842716107790565,0
2022-09-09 04:00:00+00:00,109.17718356857628,110.0110902109732,108.74648514812104,109.20467376708984,9299700,0.0,0.0,4067.360107421875,,300.0126647949219,109.20467376708984,0.0047947343577160245,0.20051766252047237,0.015271449816332883,0.0,0.021862192050508877,0
2022-09-12 04:00:00+00:00,110.53342106391364,111.38565214483587,109.772826305277,110.49676513671876,8614600,0.0,0.0,4110.41015625,,303.5785217285156,110.49676513671876,0.011762383288633806,0.15005301756405484,0.0105842727693497,0.0,0.011885688012641893,0
2022-09-13 04:00:00+00:00,108.19664888815058,108.97556806065546,106.09814439377207,106.65713500976562,12904600,0.0,0.0,3932.68994140625,,286.9313049316406,106.65713500976562,-0.03536690189903039,0.3714687493243961,-0.0432366134006168,0.0,-0.05483660932957002,0
2022-09-14 04:00:00+00:00,106.9412148290217,107.9858842619388,105.27340862985554,106.40972137451172,9345700,0.0,0.0,3946.010009765625,,289.20751953125,106.40972137451172,-0.0023224048137371273,0.35024390577445447,0.0033870120853238816,0.0,0.007932960121418864,0
2022-09-15 04:00:00+00:00,106.40972187467932,109.39710648181244,106.07982552679664,108.0133819580078,10821400,0.0,0.0,3901.35009765625,,284.3912353515625,108.0133819580078,0.014958187431270375,0.3208141585822156,-0.011317739184353415,0.0,-0.016653385041626056,0
2022-09-16 04:00:00+00:00,107.57349571493944,107.58266144255272,105.7224172469532,107.28942108154295,14844100,0.0,0.0,3873.330078125,,282.6522521972656,107.28942108154295,-0.006725073661533612,0.31758189690823146,-0.007182134089448455,0.0,-0.006114756497847651,0
2022-09-19 04:00:00+00:00,106.29974350875172,108.80145606582133,105.85072068772983,108.27912139892578,8201300,0.0,0.0,3899.889892578125,,284.8533020019531,108.27912139892578,0.009182297749319668,0.3101926898669652,0.006857100716286535,0.0,0.007787129901060785,0
2022-09-20 04:00:00+00:00,107.59184424581784,107.8484287284981,105.05347563201084,106.14396667480467,9619000,0.0,0.0,3855.929931640625,,282.58270263671875,106.14396667480467,-0.019916001752283807,0.21746873751061124,-0.011272103097361819,0.0,-0.007971118288875645,0
2022-09-21 04:00:00+00:00,106.79459759436294,106.849577988016,103.01912108885114,103.08326721191406,12606300,0.0,0.0,3789.929931640625,,277.52276611328125,103.08326721191406,-0.02925926763475544,0.29744087172524225,-0.017116493600784488,0.0,-0.01790603768816812,0
2022-09-22 04:00:00+00:00,103.89883015210658,104.1004342270476,101.78200134803042,101.91029357910156,11684500,0.0,0.0,3757.989990234375,,274.1070861816406,101.91029357910156,-0.01144412956292343,0.2295902611484035,-0.00842758097968943,0.0,-0.012307746782281637,0
2022-09-23 04:00:00+00:00,100.84731143570065,101.11305466541364,98.19898194533444,100.0134048461914,18138600,0.0,0.0,3693.22998046875,,269.6441650390625,100.0134048461914,-0.01878872613847998,0.2293189871603044,-0.017232619015461026,0.0,-0.01628167007554382,0
2022-09-26 04:00:00+00:00,98.9687321995382,100.44409997034356,97.1909582912976,97.85991668701172,15753600,0.0,0.0,3655.0400390625,,268.52838134765625,97.85991668701172,-0.021767190954444026,0.10141620603429098,-0.010340526208282075,0.0,-0.004137985671763378,0
2022-09-27 04:00:00+00:00,98.73963788017144,99.12451460510876,95.8988701143821,96.99851989746094,12793600,0.0,0.0,3647.2900390625,,268.6361083984375,96.99851989746094,-0.008841314913965326,0.13004600135989153,-0.0021203598092424114,0.0,0.0004011756606159267,0
2022-09-28 04:00:00+00:00,97.09015402674522,99.6376883182945,96.80607935398724,98.95956420898438,12762600,0.0,0.0,3719.0400390625,,273.9798583984375,98.95956420898438,0.020015604767905208,0.26363630857881276,0.019672139926234733,0.0,0.019892150879710524,0
2022-09-29 04:00:00+00:00,98.00653218998973,98.30893832370536,95.6697746810847,97.28260040283205,12713900,0.0,0.0,3640.469970703125,,266.0816955566406,97.28260040283205,-0.017091175390583527,0.27100627159359947,-0.021126437880238824,0.0,-0.028827530928609013,0
2022-09-30 04:00:00+00:00,97.19096745514538,98.62052069808097,95.66978487825416,95.76142120361328,15973400,0.0,0.0,3585.6201171875,,261.5699157714844,95.76142120361328,-0.015760246528065083,0.2651108986767207,-0.015066695771983274,0.0,-0.016956370394880627,0
2022-10-03 04:00:00+00:00,96.7877646101113,99.29863623834856,95.72476367775484,98.72132110595705,12248100,0.0,0.0,3678.429931640625,,267.7062683105469,98.72132110595705,0.030441039974072097,0.3487502051840669,0.025883894952576147,0.0,0.023459703005078714,0
2022-10-04 04:00:00+00:00,101.36048779193251,103.54146312163816,100.67320485707612,103.33985900878906,16013600,0.0,0.0,3790.929931640625,,276.123291015625,103.33985900878906,0.04572221609382378,0.4459170972168717,0.030583700679551518,0.0,0.031441261193458914,0
2022-10-05 04:00:00+00:00,101.47222147733665,102.58170991564332,100.62161320437114,102.06394958496094,10943500,1.0,0.0,3783.280029296875,,275.9764404296875,102.06394958496094,-0.012423584970735115,0.4709942863513564,-0.002017948757084831,0.0,-0.000531829768497083,0
2022-10-06 04:00:00+00:00,101.20407482633946,101.87901832146568,99.79872259458983,99.98363494873048,11521400,0.0,0.0,3744.52001953125,,273.80377197265625,99.98363494873048,-0.020593051461131343,0.48241137233088066,-0.010245080846639998,0.0,-0.007872659179343211,1
2022-10-07 04:00:00+00:00,99.41039768566267,99.58606936396588,97.3301019102148,97.98655700683594,11681100,0.0,0.0,3639.659912109375,,263.37060546875,97.98655700683594,-0.020176226221382564,0.495500170097053,-0.028003617786773516,0.0,-0.038104538986950764,1
2022-10-10 04:00:00+00:00,98.67999527596226,99.216243971547,96.63667619768088,97.07122802734376,8931700,0.0,0.0,3612.389892578125,,260.7379455566406,97.07122802734376,-0.009385277271534808,0.44244615575742263,-0.00749246363390188,0.0,-0.009996027868879764,1
2022-10-11 04:00:00+00:00,96.49799148907312,96.65516770281602,94.16805621613064,94.26976013183594,12739700,0.0,0.0,3588.840087890625,,257.15582275390625,94.26976013183594,-0.029284557665816342,0.12383567193555806,-0.006519175777754405,0.0,-0.013738402345262912,1
2022-10-12 04:00:00+00:00,94.12183832385476,96.83084624866189,93.64105486026882,95.79531860351562,13181000,0.0,0.0,3577.030029296875,,257.0677795410156,95.79531860351562,0.016053356506748138,0.2784813633988015,-0.0032907731480149582,0.0,-0.000342373009281971,1
2022-10-13 04:00:00+00:00,94.28826401967912,101.61090428058591,94.08485617010588,101.12088012695312,22398700,0.0,0.0,3669.909912109375,,263.09661865234375,101.12088012695312,0.054102816716580834,0.5331560558218666,0.02596564246086497,0.0,0.023452332774229312,1
2022-10-14 04:00:00+00:00,103.51553219973346,106.54814047081088,102.36905988958463,102.8036117553711,33387100,0.0,0.0,3583.070068359375,,255.18862915039065,102.8036117553711,0.0165038520632137,0.49835964121206466,-0.02366266361565439,0.0,-0.030057358937032652,0
2022-10-17 04:00:00+00:00,106.70532725850188,108.18464755463536,105.69753567760262,107.1213836669922,22276300,0.0,0.0,3677.949951171875,,263.6153564453125,107.1213836669922,0.041142132069378015,0.5061403940652808,0.026480052302171098,0.0,0.03302156261028277,0
2022-10-18 04:00:00+00:00,110.63476890334528,111.07856143857562,108.13840944034284,109.8766098022461,21539700,0.0,0.0,3719.97998046875,,265.699951171875,109.8766098022461,0.02539538883261796,0.26335724085443024,0.011427569666488724,0.0,0.007907713551562168,0
2022-10-19 04:00:00+00:00,109.0907041429914,109.86735153627168,106.9456884221494,107.72233581542967,17072000,0.0,0.0,3695.159912109375,,264.7310791015625,107.72233581542967,-0.019801055265911298,0.44726212977021684,-0.0066720972934503076,0.0,-0.0036464894556407224,0
2022-10-20 04:00:00+00:00,108.32332904516312,109.75641763262496,106.92721729073264,107.37100982666016,12207400,0.0,0.0,3665.780029296875,,263.3804931640625,107.37100982666016,-0.0032667333352720063,0.38010788197342343,-0.007950909706564868,0.0,-0.005101727919833099,0
2022-10-21 04:00:00+00:00,107.67611793089236,113.15885378191356,107.55592559275252,113.01092529296876,20593300,0.0,0.0,3752.75,,269.55609130859375,113.01092529296876,0.05119427953550495,0.4741772478621355,0.02372481982226482,0.0,0.023447439369340017,0
2022-10-24 04:00:00+00:00,112.8629732834667,113.81528527658875,112.1787891322646,113.14958953857422,12624200,0.0,0.0,3797.340087890625,,272.52154541015625,113.14958953857422,0.0012262464390329474,0.43982454654016956,0.011881976654619875,0.0,0.011001250564089737,0
2022-10-25 04:00:00+00:00,112.65956937264416,113.97246542702776,111.77197737585156,113.4454574584961,11289100,0.0,0.0,3859.110107421875,,278.15899658203125,113.4454574584961,0.0026114259069932072,0.42206412326943965,0.016266654579669915,0.0,0.020686258634671884,0
2022-10-26 04:00:00+00:00,113.72283518159632,115.75689933074231,113.61188353467853,114.74911499023438,11667000,0.0,0.0,3830.60009765625,,272.0127258300781,114.74911499023438,0.011425966014166553,0.35245130693008714,-0.007387716072364547,0.0,-0.022096250085301583,0
2022-10-27 04:00:00+00:00,115.75690786386284,116.6814838278041,114.84157963466836,115.20216369628906,10727600,0.0,0.0,3807.300048828125,,267.0603942871094,115.20216369628906,0.003940393763743346,0.33525596635746735,-0.006082610618211248,0.0,-0.018206249460778534,0
2022-10-28 04:00:00+00:00,115.840117928754,116.75544611496414,114.6936457624132,116.5705337524414,11859500,0.0,0.0,3901.06005859375,,275.2325744628906,116.5705337524414,0.011807999564807535,0.0799586290978562,0.024626377895927698,0.0,0.030600494684343005,0
2022-10-31 04:00:00+00:00,116.21919616106848,117.81871568676551,116.11749224044269,116.3856201171875,13295200,0.0,0.0,3871.97998046875,,272.0323181152344,116.3856201171875,-0.0015875405823676772,0.09250217736802956,-0.00745440410765752,0.0,-0.011627462170498815,0
2022-11-01 04:00:00+00:00,117.30097155890128,118.60462018309194,116.80169962177852,118.4844207763672,13386900,0.0,0.0,3856.10009765625,,269.2527160644531,118.4844207763672,0.017872492536897086,0.12029907534259811,-0.004101230608784645,0.0,-0.01021791112923498,0
2022-11-02 04:00:00+00:00,118.02212932864234,120.5277294743916,117.08830558152526,117.39341735839844,16546100,0.0,0.0,3759.68994140625,,260.02349853515625,117.39341735839844,-0.009250646069621005,0.16998811270788494,-0.02500198485734284,0.0,-0.034277156658607644,0
2022-11-03 04:00:00+00:00,116.78318419482488,118.51213668025758,116.41335946366476,117.6060562133789,12474400,0.0,0.0,3719.889892578125,,254.94395446777344,117.6060562133789,0.0018096969306466576,0.17114375022829945,-0.010585992315429671,0.0,-0.0195349424032768,0
2022-11-04 04:00:00+00:00,119.7233519154161,120.96228037569112,118.77103975930363,120.8235855102539,14953200,0.0,0.0,3770.550048828125,,259.0447692871094,120.8235855102539,0.026990978181595376,0.23578847731352082,0.013618724670070526,0.0,0.016085162042366763,0
2022-11-07 05:00:00+00:00,121.1194516290445,122.31214841852204,120.63866817618016,121.46154022216795,12011200,0.0,0.0,3806.800048828125,,261.8927917480469,121.46154022216795,0.005266160556261407,0.22450731161595444,0.009613981920559844,0.0,0.010994325300507812,0
2022-11-08 05:00:00+00:00,121.34133891643408,122.09948377284582,120.32429984427564,121.53549194335938,9884100,0.0,0.0,3828.110107421875,,263.80133056640625,121.53549194335938,0.0006086635940814001,0.21241323088000935,0.005597892802462701,0.0,0.007287481284309116,0
2022-11-09 05:00:00+00:00,121.41531465554664,121.51700446153708,119.47369961125708,119.95448303222656,9494000,0.0,0.0,3748.570068359375,,257.7137451171875,119.95448303222656,-0.013093972121785823,0.2297955601558445,-0.02077788695478977,0.0,-0.023076401609302466,0
2022-11-10 05:00:00+00:00,122.62652282050308,125.04890749364904,122.53405957475574,124.89173126220705,16351600,0.0,0.0,3956.3701171875,,276.73004150390625,124.89173126220705,0.040334849313622946,0.3397668920813831,0.05543448436034493,0.0,0.07378844453202005,0
2022-11-11 05:00:00+00:00,124.99342699991584,125.8995074956498,123.6897715030098,125.09513092041016,10704700,0.0,0.0,3992.929931640625,,281.8291015625,125.09513092041016,0.0016272831404948243,0.3162662698303327,0.009240746788147902,0.0,0.018426116770273948,0
2022-11-14 05:00:00+00:00,124.63283138007225,125.4926801762243,123.8099594116211,123.8099594116211,11085600,0.0,0.0,3957.25,,279.3627624511719,123.8099594116211,-0.010326690611292039,0.3399763815666152,-0.008935777048800997,0.0,-0.008751186792472443,0
2022-11-15 05:00:00+00:00,124.52188487266784,125.47421110108196,121.67420329991712,122.9131317138672,14038300,0.0,0.0,3991.72998046875,,283.2286682128906,122.9131317138672,-0.007269944970248911,0.34915649048732755,0.008713116550319144,0.0,0.013838300164985107,0
2022-11-16 05:00:00+00:00,122.96861471464504,123.48637504565149,122.0717748170407,123.07955932617188,7893400,0.0,0.0,3958.7900390625,,279.3627624511719,123.07955932617188,0.001353110427743422,0.323250190687447,-0.008252046497990273,0.0,-0.013649415456817082,0
2022-11-17 05:00:00+00:00,122.0440319815209,122.8669040570799,121.37833613298888,122.54329681396484,8820200,0.0,0.0,3946.56005859375,,278.74609375,122.54329681396484,-0.004366559144398487,0.0836125142424115,-0.0030893228355314273,0.0,-0.0022074119534082337,0
2022-11-18 05:00:00+00:00,124.42019751635594,124.51264665043922,122.30291060273588,123.74524688720705,9468500,0.0,0.0,3965.340087890625,,278.75604248046875,123.74524688720705,0.009760580801200153,0.12602924105535848,0.00475858190881473,0.0,3.569101304679023e-05,0
2022-11-21 05:00:00+00:00,123.6527835293775,124.4109284164552,122.73744832741085,123.01482391357422,7800500,0.0,0.0,3949.93994140625,,275.888427734375,123.01482391357422,-0.005920123985823289,0.11105473871568543,-0.003883688698329779,0.0,-0.010287184164966323,0
2022-11-22 05:00:00+00:00,123.89316835821457,125.06738368018212,123.60655209166612,124.85472106933594,9185700,0.0,0.0,4003.580078125,,279.8619384765625,124.85472106933594,0.01484596220919284,0.1425369812560071,0.013579987927526016,0.0,0.014402600264238563,0
2022-11-23 05:00:00+00:00,124.76228589701012,126.20462217893234,124.68831812512823,126.18612670898438,7316200,0.0,0.0,4027.260009765625,,282.6707763671875,126.18612670898438,0.01060718313138467,0.15018557150364278,0.0059146891478476515,0.0,0.010036512667335185,0
2022-11-25 05:00:00+00:00,126.18613013853673,126.79635369221492,125.79780990653522,126.42652893066406,3220500,0.0,0.0,4026.1201171875,,280.81134033203125,126.42652893066406,0.0019033273977939911,0.13095379519087122,-0.0002830441976333642,0.0,-0.006578097881405509,0
2022-11-28 05:00:00+00:00,125.8070378874577,126.39876584459375,124.06883084116102,124.21676635742188,9906900,0.0,0.0,3963.93994140625,,276.6908874511719,124.21676635742188,-0.01763318525677758,0.20692070307516866,-0.015444192913123267,0.0,-0.01467338489958192,0
2022-11-29 05:00:00+00:00,124.50338992200528,126.3340461926546,124.27224595472453,126.26007843017578,7925300,0.0,0.0,3957.6298828125,,274.59649658203125,126.26007843017578,0.01631573890453957,0.22140015724573084,-0.0015918653377758885,0.0,-0.007569424813494208,0
2022-11-30 05:00:00+00:00,125.8255285835747,127.75788879394533,123.1442641649299,127.75788879394533,14761200,0.0,0.0,4080.110107421875,,287.1141357421875,127.75788879394533,0.01179308486975502,0.21396336761838972,0.030947872397389053,0.0,0.045585574892492486,0
2022-12-01 05:00:00+00:00,127.7578989034894,128.20170552032548,125.21531502299268,125.9642333984375,8858500,0.0,0.0,4076.570068359375,,287.46649169921875,125.9642333984375,-0.014138974251058872,0.24063407337217624,-0.0008676332180498347,0.0,0.00122723305183281,0
2022-12-02 05:00:00+00:00,124.34623400177102,125.14136994324346,123.28296311408354,124.9656982421875,8931900,0.0,0.0,4071.699951171875,,286.3214111328125,124.9656982421875,-0.007958719156522605,0.24495743951776855,-0.001194660488065602,0.0,-0.003983353188880101,0
2022-12-05 05:00:00+00:00,124.1150828397859,124.42019460172423,120.7496268855548,121.46154022216795,10154500,0.0,0.0,3998.840087890625,,281.5158996582031,121.46154022216795,-0.028441614291901257,0.2945172690896079,-0.017894212283564803,0.0,-0.016783625980315908,0
2022-12-06 05:00:00+00:00,123.32917932995863,124.91945101424132,120.0746681960884,121.6649398803711,13966700,0.0,0.0,3941.260009765625,,275.6828308105469,121.6649398803711,0.0016732007601187435,0.24324438078706181,-0.014399194981406072,0.0,-0.02072021102445143,0
2022-12-07 05:00:00+00:00,121.40606202122476,123.04256535284912,120.4999815681728,121.58173370361328,11739400,0.0,0.0,3933.919921875,,274.5573425292969,121.58173370361328,-0.00068413005429535,0.1918780312169534,-0.0018623708845491027,0.0,-0.004082547607121234,0
2022-12-08 05:00:00+00:00,122.34913878537829,122.95010751771568,121.51701195455388,122.85765838623048,8907300,0.0,0.0,3963.510009765625,,277.8065490722656,122.85765838623048,0.010439694355133618,0.23273967306191476,0.00752178195750397,0.0,0.01183434583477605,0
2022-12-09 05:00:00+00:00,122.22894002700392,123.67127627839037,122.04402765516892,122.19196319580078,7957800,0.0,0.0,3934.3798828125,,276.03515625,122.19196319580078,-0.005433159404190413,0.23139985894945123,-0.007349578247904498,0.0,-0.006376353718734129,0
2022-12-12 05:00:00+00:00,122.41383950440904,124.49413521122202,121.67419009497983,124.08733367919922,8841600,0.0,0.0,3990.56005859375,,279.4997863769531,124.08733367919922,0.015392344617735431,0.1345146690897026,0.014279296218109305,0.0,0.012551408936531505,0
2022-12-13 05:00:00+00:00,126.56517289003432,126.75008521704588,123.04254156660625,123.96711730957033,10025400,0.0,0.0,4019.64990234375,,282.50439453125,123.96711730957033,-0.000969274113498604,0.13897215237206742,0.0072896644387934195,0.0,0.010749947945379201,0
2022-12-14 05:00:00+00:00,123.6897753708883,125.47421437574182,122.74670390662422,123.34768676757812,9966100,0.0,0.0,3995.320068359375,,280.4100036621094,123.34768676757812,-0.005009258055268581,0.15057236126090495,-0.006052724634100337,0.0,-0.007413657662266759,0
2022-12-15 05:00:00+00:00,121.2581163483281,122.11797921972102,119.31651553985787,120.28732299804688,12087800,0.0,0.0,3895.75,,270.9948425292969,120.28732299804688,-0.025123850204599184,0.22925841815845632,-0.024921675023714007,0.0,-0.03357640957830321,0
2022-12-16 05:00:00+00:00,119.40898917977584,120.10242120546071,118.74329330648548,119.5384292602539,21133700,0.0,0.0,3852.360107421875,,268.4109802246094,119.5384292602539,-0.006245335748203738,0.22959950191674178,-0.011137750774080746,0.0,-0.009534728707643825,0
2022-12-19 05:00:00+00:00,119.87127141050762,121.42456640917514,119.35351111358844,120.25035095214844,9017200,0.0,0.0,3817.659912109375,,264.638916015625,120.25035095214844,0.0059379240601930925,0.18344986387940437,-0.009007516001852345,0.0,-0.014053315575345948,0
2022-12-20 05:00:00+00:00,121.09172011776286,122.09026389293138,120.37979264596574,120.83283996582033,8549900,0.0,0.0,3821.6201171875,,264.43292236328125,120.83283996582033,0.0048322750742004796,0.19807514078465882,0.0010373383615349674,0.0,-0.0007783951636636255,0
2022-12-21 05:00:00+00:00,122.21044455744752,122.95010815269714,121.83137913295415,122.19196319580078,8051700,0.0,0.0,3878.43994140625,,268.26873779296875,122.19196319580078,0.011185174369440956,0.2295233775291045,0.014867993802734736,0.0,0.014505816429384755,0
2022-12-22 05:00:00+00:00,121.21191517090286,121.39682754310846,118.72480355719476,120.80509948730467,8648200,0.0,0.0,3822.389892578125,,261.70556640625,120.80509948730467,-0.011414778037642214,0.14835011608136506,-0.01445169956861636,0.0,-0.02446491320872335,0
2022-12-23 05:00:00+00:00,120.73111850079351,121.52625431135544,119.86201492786446,121.3783187866211,5091900,0.0,0.0,3844.820068359375,,262.294189453125,121.3783187866211,0.0047337705762089555,0.13511119024033588,0.005868102525282026,0.0,0.0022491804624487077,0
2022-12-27 05:00:00+00:00,121.64645081331068,122.24741946996502,120.703379500306,121.80362701416016,5411000,0.0,0.0,3829.25,,258.5857238769531,121.80362701416016,0.0034978637890033157,0.13292374860774267,-0.004049622110409712,0.0,-0.01413857311861888,0
2022-12-28 05:00:00+00:00,121.90534556533083,123.34768180088732,121.1286910394924,122.4693374633789,8827700,0.0,0.0,3783.219970703125,,255.17176818847656,122.4693374633789,0.005450558957695997,0.1336580483374789,-0.012020638322615351,0.0,-0.01320241364175645,0
2022-12-29 05:00:00+00:00,122.9038773963336,123.21824394936256,122.33064480724448,123.17201232910156,6585200,0.0,0.0,3849.280029296875,,261.3916015625,123.17201232910156,0.005721160406903057,0.11627944099970987,0.01746133164481911,0.0,0.024375084352706633,0
2022-12-30 05:00:00+00:00,122.79293059450758,124.19828999939205,122.45084200494136,123.9856414794922,9292500,0.0,0.0,3839.5,,261.2346496582031,123.9856414794922,0.006583911741702438,0.018383277779886735,-0.0025407424823445934,0.0,-0.0006004473875926841,0
2023-01-03 05:00:00+00:00,125.03963147564896,126.42649512246356,123.79144855035322,124.92867279052734,11054800,0.0,0.0,3824.139892578125,,259.4687194824219,124.92867279052734,0.007577192382185776,0.024068802035760114,-0.004000548879248611,0.0,-0.006759938538366872,0
2023-01-04 05:00:00+00:00,125.73308964663816,127.29561116550344,125.34476943710573,126.09367370605467,11687600,0.0,0.0,3852.969970703125,,260.704833984375,126.09367370605467,0.009282116084533044,0.02474702668503115,0.007538970575044379,0.0,0.004764021283254705,0
2023-01-05 05:00:00+00:00,126.3544835760625,126.40105669718538,124.52892239774243,126.06575012207033,8381300,1.0,0.0,3808.10009765625,,256.6236572265625,126.06575012207033,-0.0002214756337445079,0.057325326913518874,-0.011645528874622113,0.0,-0.01565439618222464,1
2023-01-06 05:00:00+00:00,126.79221643066228,128.88787849439743,125.26471220602448,128.47805786132812,10029100,0.0,0.0,3895.080078125,,263.70684814453125,128.47805786132812,0.018954536598762957,0.10954422312842473,0.02284078102943865,0.0,0.027601472890378398,1
2023-01-09 05:00:00+00:00,129.09280541781632,129.3535978156608,127.49078685270312,127.9471664428711,8482300,0.0,0.0,3892.090087890625,,265.4139099121094,127.9471664428711,-0.004140717267050119,0.14247299777928837,-0.0007676325452631305,0.0,0.006473331199357224,1
2023-01-10 05:00:00+00:00,128.33835358544826,129.20456806371087,127.89128293879766,129.09280395507812,9048700,0.0,0.0,3919.25,,267.6604919433594,129.09280395507812,0.008914139669663668,0.14354588207452976,0.006978233159061986,0.0,0.008464447217532589,1
2023-01-11 05:00:00+00:00,129.37220311412872,130.16390338125925,128.62709017108637,130.05213928222656,8703700,0.0,0.0,3969.610107421875,,272.2910461425781,130.05213928222656,0.007403885235228767,0.14191008156577464,0.012849424614881588,0.0,0.017300103446715065,1
2023-01-12 05:00:00+00:00,130.39674928407086,131.19775845530057,129.6702542464576,129.92173767089844,11001700,0.0,0.0,3983.169921875,,273.7626647949219,129.92173767089844,-0.0010031901958202254,0.14422202946873175,0.0034159058663651987,0.0,0.005404579670141629,1
2023-01-13 05:00:00+00:00,126.298583355672,133.6473717091843,125.5534561612079,133.20028686523438,20200000,0.0,0.0,3999.090087890625,,275.6463317871094,133.20028686523438,0.024921660493001232,0.17976425067337584,0.003996858363534361,0.0,0.006880656986585798,0
2023-01-17 05:00:00+00:00,131.4864916525837,131.83110708446426,129.67956299829072,131.14187622070312,14292900,0.0,0.0,3990.969970703125,,276.2054748535156,131.14187622070312,-0.015574150008227107,0.2350932145056082,-0.0020304911890052235,0.0,0.002028479982959075,0
2023-01-18 05:00:00+00:00,129.39085905913623,131.0767008536097,127.05303621322568,127.20206451416016,13392600,0.0,0.0,3928.860107421875,,272.6148376464844,127.20206451416016,-0.030502880507100025,0.3373428960837945,-0.015562598500411085,0.0,-0.012999877026099949,0
2023-01-19 05:00:00+00:00,126.03782027754552,126.57802305172557,124.42647825884036,125.50691223144533,13303400,0.0,0.0,3898.85009765625,,269.93658447265625,125.50691223144533,-0.0134160466350198,0.3293678451160554,-0.007638350296294338,0.0,-0.009824311827447807,0
2023-01-20 05:00:00+00:00,125.88876890508035,126.1961344209304,124.3892055040592,125.8142547607422,13092500,0.0,0.0,3972.610107421875,,277.3238525390625,125.8142547607422,0.0024458161338802168,0.33427342434794527,0.018918401045981525,0.0,0.02736667977346574,0
2023-01-23 05:00:00+00:00,125.85151913114431,128.49672181548593,125.57210882304616,127.8540496826172,10487100,0.0,0.0,4019.81005859375,,283.4848937988281,127.8540496826172,0.016082725770039323,0.2841922249142711,0.01188134498366522,0.0,0.022216052472074255,0
2023-01-24 05:00:00+00:00,127.0623273335594,130.66686180767942,125.73973332551569,128.9530792236328,6945000,0.0,0.0,4016.949951171875,,282.9060974121094,128.9530792236328,0.008559234747955238,0.2960984133366038,-0.0007115031258156934,0.0,-0.002041718621978772,0
2023-01-25 05:00:00+00:00,128.58052150745957,129.57711791992188,127.83539432652056,129.57711791992188,8967000,0.0,0.0,4016.219970703125,,282.2781677246094,129.57711791992188,0.00482759782149304,0.17257779888719407,-0.0001817250594663422,0.0,-0.0022195692961163305,0
2023-01-26 05:00:00+00:00,129.85654328513786,130.45264219157764,128.86925580373315,130.3781280517578,7487600,0.0,0.0,4060.429931640625,,287.7818908691406,130.3781280517578,0.0061626966900341015,0.08294077723667594,0.011007853469181317,0.0,0.019497516187297448,0
2023-01-27 05:00:00+00:00,130.96494084585726,131.57034879574513,130.1639314683365,130.69483947753906,7489900,0.0,0.0,4070.56005859375,,290.6465759277344,130.69483947753906,0.0024262303687823047,0.08301776871863946,0.002494840970949097,0.0,0.009954361790945221,0
2023-01-30 05:00:00+00:00,129.67960359457138,130.48061301541287,129.38156117934687,129.5864715576172,6729300,0.0,0.0,4017.77001953125,,284.77001953125,129.5864715576172,-0.008516743788641612,0.10551997085913581,-0.012968740984683369,0.0,-0.020218908059476015,0
2023-01-31 05:00:00+00:00,130.2849981880509,130.4619674965313,128.76680276489768,130.35951232910156,9188700,0.0,0.0,4076.60009765625,,289.03765869140625,130.35951232910156,0.005947720667261687,0.09771135879891406,0.014642470285510134,0.0,0.014986265644048702,0
2023-02-01 05:00:00+00:00,128.72954752224172,131.21639825284845,128.64571023442275,130.01487731933594,8841800,0.0,0.0,4119.2099609375,,295.21826171875,130.01487731933594,-0.0026472281816390013,0.09929773013484347,0.010452303944590291,0.0,0.02138338324260558,0
2023-02-02 05:00:00+00:00,130.39677243779963,130.8252252291425,128.53396140297392,129.40948486328125,11822100,0.0,0.0,4179.759765625,,305.8135986328125,129.40948486328125,-0.004667206656232247,0.09100728334121569,0.014699373244309921,0.0,0.03588984249272675,0
2023-02-03 05:00:00+00:00,128.7016240095664,132.56696592770845,128.65506509744642,131.41201782226562,11501200,0.0,0.0,4136.47998046875,,300.37860107421875,131.41201782226562,0.015355883533451643,0.15195532414333113,-0.010354610691310495,0.0,-0.017772255984991325,0
2023-02-06 05:00:00+00:00,130.61098112318146,132.4831151569408,130.42470287724677,132.18505859375,8406200,0.0,0.0,4111.080078125,,297.8376770019531,132.18505859375,0.00586533809999045,0.12687969733640733,-0.006140463017754394,0.0,-0.008459071528992834,0
2023-02-07 05:00:00+00:00,131.68212160536794,134.4390740829232,131.49582912510755,133.79640197753906,10447900,0.0,0.0,4164.0,,304.008544921875,133.79640197753906,0.012116356479875988,0.13983118673884654,0.01287251059802652,0.0,0.020718896219034777,0
2023-02-08 05:00:00+00:00,132.86496079213688,134.1596135948615,132.52034537789388,132.85565185546875,6958000,0.0,0.0,4117.85986328125,,298.6029052734375,132.85565185546875,-0.007056041847005897,0.15777898093700307,-0.011080724476164705,0.0,-0.017781209570364775,0
2023-02-09 05:00:00+00:00,133.30272487158322,133.507635178985,130.27565758110498,130.78793334960938,6443100,0.0,0.0,4081.5,,295.9638671875,130.78793334960938,-0.015686032347037814,0.20855470263744294,-0.00882979617773516,0.0,-0.008837951805997557,0
2023-02-10 05:00:00+00:00,130.19185173817743,131.58895990324197,129.0834769866205,131.36541748046875,6582900,0.0,0.0,4090.4599609375,,294.0214538574219,131.36541748046875,0.004405704242361871,0.17684812608744047,0.0021952617756952897,0.0,-0.0065630083446894805,0
2023-02-13 05:00:00+00:00,131.6075926688138,132.93949563787933,131.0860078917778,132.7904815673828,7134600,0.0,0.0,4137.2900390625,,298.73040771484375,132.7904815673828,0.010789673198062871,0.19021217135183263,0.011448609342766147,0.0,0.016015681154019967,0
2023-02-14 05:00:00+00:00,132.72526214056734,133.94540087297335,131.88700301189505,133.3772430419922,9249400,0.0,0.0,4136.1298828125,,300.93780517578125,133.3772430419922,0.004408967510802516,0.16821296635628744,-0.0002804145319874607,0.0,0.0073892627062075444,0
2023-02-15 05:00:00+00:00,131.89633116616562,134.01993453285192,131.60759774004632,133.9361114501953,6728300,0.0,0.0,4147.60009765625,,303.2432556152344,133.9361114501953,0.004181378992700023,0.15986835578111375,0.002773175690496066,0.0,0.007660886734076167,0
2023-02-16 05:00:00+00:00,133.10713203123896,133.5542025864328,131.96149330363698,132.09190368652344,8165300,0.0,0.0,4090.409912109375,,297.5531921386719,132.09190368652344,-0.013864985659528253,0.14749284954326944,-0.013788741489130674,0.0,-0.018764023176766842,0
2023-02-17 05:00:00+00:00,131.30952862688065,133.03263429272965,130.4619605185169,132.4831085205078,7948800,0.0,0.0,4079.090087890625,,295.4537353515625,132.4831085205078,0.0029572340624241973,0.14634866439587316,-0.002767405825327751,0.0,-0.007055736058549589,0
2023-02-21 05:00:00+00:00,131.03942672266425,131.64483454191577,129.2324979903379,130.05213928222656,9996300,0.0,0.0,3997.340087890625,,288.4588623046875,130.05213928222656,-0.01851971298586456,0.17642297288589867,-0.020041234255327334,0.0,-0.023675019842114176,0
2023-02-22 05:00:00+00:00,129.39084853595958,129.86586021792007,128.01237239472763,129.0555419921875,11107500,0.0,0.0,3991.050048828125,,288.6746520996094,129.0555419921875,-0.007692571672576909,0.1594640323090163,-0.0015735561458868341,0.0,0.000748078229241278,0
2023-02-23 05:00:00+00:00,129.21387782294622,130.55510398353837,128.47807374957344,130.0894012451172,8068000,0.0,0.0,4012.320068359375,,291.19598388671875,130.0894012451172,0.007979046205401817,0.17694277331193609,0.005329429416074394,0.0,0.008734164114414078,0
2023-02-24 05:00:00+00:00,129.56781935517012,131.6634817250216,129.40015897527957,131.26296997070312,9126900,0.0,0.0,3970.0400390625,,286.3201599121094,131.26296997070312,0.008980799431365295,0.18568673795047475,-0.010537551485558128,0.0,-0.016744131940041318,0
2023-02-27 05:00:00+00:00,132.3620267394111,133.47971041732444,131.9987791887863,132.40859985351562,10014700,0.0,0.0,3982.239990234375,,288.37054443359375,132.40859985351562,0.008689879556038078,0.1979427766858593,0.0030730045671669703,0.0,0.007161160157614477,0
2023-02-28 05:00:00+00:00,133.1350881542534,133.8988331805033,132.16641859398732,133.5169677734375,11019800,0.0,0.0,3970.14990234375,,287.9976806640625,133.5169677734375,0.008335974220437001,0.11508535261373073,-0.0030360018281855305,0.0,-0.0012930022733896873,0
2023-03-01 05:00:00+00:00,132.35273618381132,133.61944831794423,132.0733116724942,132.77186584472656,7139200,0.0,0.0,3951.389892578125,,285.6824645996094,132.77186584472656,-0.005596208171026724,0.10022564899872877,-0.004725264845680033,0.0,-0.008039009408390752,0
2023-03-02 05:00:00+00:00,132.48311423589823,132.66006933042848,129.96830819084622,131.39337158203125,11106800,0.0,0.0,3981.35009765625,,288.0467224121094,131.39337158203125,-0.01043670082238128,0.1476423934798631,0.0075821940867943916,0.0,0.008275824054561953,0
2023-03-03 05:00:00+00:00,131.80317960186355,133.88022398003244,131.40268208173438,133.8057098388672,9513100,0.0,0.0,4045.639892578125,,294.0018310546875,133.8057098388672,0.0181931610176494,0.18489108883044372,0.0161477371607488,0.0,0.020674106591840102,0
2023-03-06 05:00:00+00:00,133.6007975087355,134.1596322409515,132.87430240837136,133.02333068847656,9261300,0.0,0.0,4048.419921875,,294.3353271484375,133.02333068847656,-0.0058642896665548686,0.18963572582182445,0.0006871667698291617,0.0,0.001134333390216069,0
2023-03-07 05:00:00+00:00,132.26885233911233,132.54827675210552,128.35695319355588,129.11138916015625,11747600,0.0,0.0,3986.3701171875,,290.7250671386719,129.11138916015625,-0.029849017910689807,0.2716612135284551,-0.015326919115337678,0.0,-0.012265805959285725,0
2023-03-08 05:00:00+00:00,128.53394975296376,129.08347554752075,127.50008915385732,128.34767150878906,10002500,0.0,0.0,3992.010009765625,,292.177001953125,128.34767150878906,-0.005932748216053924,0.2715847344870118,0.0014147940136839399,0.0,0.004994185154872044,0
2023-03-09 05:00:00+00:00,127.37899685297414,127.92853683787756,120.3562064197839,121.39937591552734,25888100,0.0,0.0,3918.320068359375,,287.11474609375,121.39937591552734,-0.05565702753788274,0.44459754936349183,-0.01845935787384867,0.0,-0.017325990155060755,0
2023-03-10 05:00:00+00:00,120.11404342198564,125.98188591521388,119.05223475683478,124.4823226928711,37599700,0.0,0.0,3861.590087890625,,283.0826110839844,124.4823226928711,0.025077981537682422,0.4791280502142313,-0.01447813845705137,0.0,-0.014043636088440503,0
2023-03-13 04:00:00+00:00,122.2097211639308,124.69657212832854,120.53318843171888,122.2469711303711,42901100,0.0,0.0,3855.760009765625,,285.1820983886719,122.2469711303711,-0.018120367402730764,0.4731632025533362,-0.001509761003189447,0.0,0.007416518085120449,0
2023-03-14 04:00:00+00:00,126.00051892683136,126.23337027230704,122.28420633667692,125.3857879638672,29648100,0.0,0.0,3919.2900390625,,291.73553466796875,125.3857879638672,0.02535193613624019,0.5360679008426997,0.016476655480623936,0.0,0.022979830488396358,0
2023-03-15 04:00:00+00:00,121.99547521453442,122.00479836428278,118.0370093737759,119.46205139160156,34280600,0.0,0.0,3891.929931640625,,293.26593017578125,119.46205139160156,-0.04839652879295191,0.6153528187807079,-0.00698088356543769,0.0,0.005245831672697321,0
2023-03-16 04:00:00+00:00,119.22918674490909,122.89892588263508,117.37569219680428,121.78124237060548,24558500,0.0,0.0,3960.280029296875,,300.9966735839844,121.78124237060548,0.01922758052897494,0.5210808545945294,0.017562006217166637,0.0,0.026360864364876502,0
2023-03-17 04:00:00+00:00,119.57382573514523,119.66695774470824,116.84480061561273,117.18010711669922,38396000,0.0,0.0,3916.639892578125,,299.5741271972656,117.18010711669922,-0.03851421165340099,0.5286150193475175,-0.011019457310067593,0.0,-0.00472611995933514,0
2023-03-20 04:00:00+00:00,118.2791796638236,120.58906837597486,117.36640627475936,118.41889190673828,22875500,0.0,0.0,3951.570068359375,,300.6373291015625,118.41889190673828,0.010516141507457647,0.5468150661097144,0.008918403718310097,0.0,0.003549044486063968,0
2023-03-21 04:00:00+00:00,121.6322282953467,122.6940298874036,121.2596718186006,121.59497833251952,17807800,0.0,0.0,4002.8701171875,,304.9311218261719,121.59497833251952,0.026467402327082286,0.5509327763883083,0.012982193897784988,0.0,0.014282300662532998,0
2023-03-22 04:00:00+00:00,121.60429412497828,121.69744035547473,118.36300711579764,118.45614624023438,17250200,0.0,0.0,3936.969970703125,,300.78466796875,118.45614624023438,-0.026152853912908395,0.45829158124861963,-0.01646322377571363,0.0,-0.013598001517816871,0
2023-03-23 04:00:00+00:00,119.12675226024076,120.64494050634104,117.37570555773128,118.13945770263672,16677600,0.0,0.0,3948.719970703125,,304.35150146484375,118.13945770263672,-0.002677046584561261,0.4200931878073841,0.0029845287333754023,0.0,0.011858428556818401,0
2023-03-24 04:00:00+00:00,117.0124485168238,117.05902162553518,114.66531022257892,116.3418426513672,22311100,0.0,0.0,3970.989990234375,,305.4715576171875,116.3418426513672,-0.015332994714728416,0.3298540793506039,0.005639807253104534,0.0,0.003680140058297532,0
2023-03-27 04:00:00+00:00,118.09289887713624,120.50524270860102,117.62719614811812,119.6762924194336,18853900,0.0,0.0,3977.530029296875,,303.3786315917969,119.6762924194336,0.028257757771038804,0.38908343046328975,0.0016469543057482383,0.0,-0.00685145956538924,0
2023-03-28 04:00:00+00:00,119.88120592525928,120.46798171508756,118.97773436405896,120.03954315185548,10820500,0.0,0.0,3971.27001953125,,301.7671813964844,120.03954315185548,0.003030680135044026,0.3273359165658563,-0.0015738434957162095,0.0,-0.0053116799520697144,0
2023-03-29 04:00:00+00:00,121.17587099844472,121.28763511957156,119.0056871970704,120.2817153930664,14595300,0.0,0.0,4027.81005859375,,307.2696533203125,120.2817153930664,0.0020154049179803846,0.2519043550534244,0.014237268879836451,0.0,0.018234162834952494,0
2023-03-30 04:00:00+00:00,121.03613307812856,121.19447029615635,118.8939048475952,119.91844940185548,12134700,0.0,0.0,4050.830078125,,310.1781005859375,119.91844940185548,-0.0030246962442730583,0.2524146309522654,0.005715269388667954,0.0,0.009465455615927931,0
2023-03-31 04:00:00+00:00,120.76603683059648,121.3993857293204,120.01160067271437,121.37144470214844,13105200,0.0,0.0,4109.31005859375,,315.3365478515625,121.37144470214844,0.0120437108967573,0.1956662146885342,0.014436542471763847,0.0,0.016630597891600152,0
2023-04-03 04:00:00+00:00,120.99888386997586,122.42393305324627,120.5331811509432,121.2317352294922,11775400,0.0,0.0,4124.509765625,,314.57012939453125,121.2317352294922,-0.0011517531479986122,0.0923666769628719,0.0036988464765423945,0.0,-0.0024304777300727665,0
2023-04-04 04:00:00+00:00,121.54841674317646,121.63223982657333,118.67037718292498,119.61109161376952,11579900,0.0,0.0,4100.60009765625,,313.5090026855469,119.61109161376952,-0.013458304726041172,0.14595854221236154,-0.005796972083329965,0.0,-0.003373259600416567,0
2023-04-05 04:00:00+00:00,119.02907938933365,120.296336199779,118.709912526237,119.78943634033205,9614700,1.0,0.0,4090.3798828125,,310.4139099121094,119.78943634033205,0.0014899278717446208,0.1453857762817848,-0.002492370531228194,0.0,-0.009872420718144093,0
2023-04-06 04:00:00+00:00,119.21680755539286,120.23062149596232,119.08538802552208,119.6580047607422,8760200,0.0,0.0,4105.02001953125,,312.5067443847656,119.6580047607422,-0.0010977907484413093,0.14418367842657262,0.0035791630944272956,0.0,0.006742076968293098,1
2023-04-10 04:00:00+00:00,118.78502772426626,120.37145161510128,118.4846391329399,120.0522918701172,9477300,0.0,0.0,4109.10986328125,,312.32989501953125,120.0522918701172,0.0032896998627261775,0.1043422761472258,0.0009963029974375814,0.0,-0.0005659057553543123,1
2023-04-11 04:00:00+00:00,120.43715827606266,121.03793540742856,119.72373274688002,120.6436767578125,10516300,0.0,0.0,4108.93994140625,,310.325439453125,120.6436767578125,0.004913967451004314,0.11632651957286237,-4.1352477946232646e-05,0.0,-0.006417751225129775,1
2023-04-12 04:00:00+00:00,121.2632125961424,122.43660649875405,120.21185624297227,120.62489318847656,11821000,0.0,0.0,4091.949951171875,,307.58404541015625,120.62489318847656,-0.0001557067244860397,0.03902306769401462,-0.004134884052006904,0.0,-0.008833932686278634,1
2023-04-13 04:00:00+00:00,120.58735151336242,121.1317936821894,119.05724127282645,121.08486938476562,12450200,0.0,0.0,4146.22021484375,,313.60723876953125,121.08486938476562,0.0038060254302798705,0.04165755845499616,0.01326268999363811,0.0,0.019582268486465937,1
2023-04-14 04:00:00+00:00,126.86734903458922,130.5940493918268,126.6326702429428,130.2279510498047,43931300,0.0,0.0,4137.64013671875,,313.0177001953125,130.2279510498047,0.07279468493146059,0.4966632195475317,-0.0020693734728036706,0.0,-0.0018798627752721897,0
2023-04-17 04:00:00+00:00,131.3731697880885,131.47642901763928,129.2235186030015,131.26052856445312,16050500,0.0,0.0,4151.31982421875,,313.282958984375,131.26052856445312,0.007897731352033055,0.4897192846658192,0.00330615690296554,0.0,0.0008474242475648985,0
2023-04-18 04:00:00+00:00,131.67354533183544,133.09099969906055,130.50953367900397,132.73428344726562,13760100,0.0,0.0,4154.8701171875,,313.3025817871094,132.73428344726562,0.01116514511375629,0.48125291561267497,0.0008552202959737354,0.0,6.263603611889046e-05,0
2023-04-19 04:00:00+00:00,132.5747506483199,132.8282077762557,131.79561527256016,132.56536865234375,9158100,0.0,0.0,4154.52001953125,,313.15521240234375,132.56536865234375,-0.0012733889125744746,0.48412735194996004,-8.42619976980652e-05,0.0,-0.00047037398774374406,0
2023-04-20 04:00:00+00:00,131.33565819372595,132.76249510554496,131.26994124880432,132.1804962158203,10586200,0.0,0.0,4129.7900390625,,310.767578125,132.1804962158203,-0.0029074879627766963,0.4993999817711697,-0.00595254815297297,0.0,-0.0076244436713258645,0
2023-04-21 04:00:00+00:00,131.17605657171086,132.4620917078977,130.2748837503485,131.92701721191406,11842500,0.0,0.0,4133.52001953125,,311.0918273925781,131.92701721191406,-0.0019195143556941714,0.1026299401561669,0.0009031888869577287,0.0,0.0010433819046840043,0
2023-04-24 04:00:00+00:00,131.85191919383533,132.45269623907592,131.45764627708422,132.10536193847656,7567500,0.0,0.0,4137.0400390625,,310.44342041015625,132.10536193847656,0.0013509309294553115,0.0911965326064018,0.0008515791660903549,0.0,-0.0020842944922613293,0
2023-04-25 04:00:00+00:00,131.04463780444166,131.38257582399962,129.19536785347964,129.23291015625,10629300,0.0,0.0,4071.6298828125,,304.58721923828125,129.23291015625,-0.021983519216755922,0.14974492219093538,-0.015810858882773227,0.0,-0.018863988691201206,0
2023-04-26 04:00:00+00:00,129.18596468581714,129.36432284274647,125.78782068084465,126.94243621826172,14416100,0.0,0.0,4055.989990234375,,306.4344482421875,126.94243621826172,-0.017882555901655457,0.16674196962563884,-0.003841187197329843,0.0,0.006064696373425882,0
2023-04-27 04:00:00+00:00,127.66524054609204,129.45818964143845,127.34608088240384,128.65089416503906,9041100,0.0,0.0,4135.35009765625,,314.7666931152344,128.65089416503906,0.01336876349096772,0.23015049817063898,0.01956614972249704,0.0,0.027190953630845005,0
2023-04-28 04:00:00+00:00,128.19094118016548,129.8430890446596,127.35548525274534,129.7679901123047,9887300,0.0,0.0,4169.47998046875,,316.9382019042969,129.7679901123047,0.008645675479514888,0.25148733155634595,0.008253202753460531,0.0,0.006898788329766203,0
2023-05-01 04:00:00+00:00,133.54163628938056,134.583610867704,132.19928025690874,132.54660034179688,20415800,0.0,0.0,4167.8701171875,,316.5745849609375,132.54660034179688,0.021186119734255392,0.3077321949319794,-0.0003861064902076494,0.0,-0.001147280262128736,0
2023-05-02 04:00:00+00:00,132.73428960763405,133.682400884323,129.94630503068677,130.40628051757812,14113400,0.0,0.0,4119.580078125,,313.8135986328125,130.40628051757812,-0.01627947247580269,0.28294848963829283,-0.011586262936400304,0.0,-0.008721440252273172,0
2023-05-03 04:00:00+00:00,129.95571445297722,130.17161490491574,127.43995065830276,127.64646911621094,12930900,0.0,0.0,4090.75,,311.7600402832031,127.64646911621094,-0.021390329170390555,0.29896936973637683,-0.006998305064656485,0.0,-0.00654387941936263,0
2023-05-04 04:00:00+00:00,126.68899850326945,127.40241683573264,123.73203729027983,125.90046691894533,17089200,0.0,0.0,4061.219970703125,,310.6595764160156,125.90046691894533,-0.0137728329479866,0.2908169149053107,-0.007218732334382416,0.0,-0.0035298425872277717,0
2023-05-05 04:00:00+00:00,128.07830688572503,129.43005909406895,127.58078896510642,128.35992431640625,11261400,0.0,0.0,4136.25,,317.262451171875,128.35992431640625,0.01934657692899961,0.328375494879246,0.018474751389515376,0.0,0.0212543737812132,0
2023-05-08 04:00:00+00:00,129.06395163887973,129.51453090203245,128.11584016650147,128.66969299316406,7484900,0.0,0.0,4138.1201171875,,318.0484619140625,128.66969299316406,0.0024103745706622226,0.2651696631850333,0.0004521286642489297,0.0,0.002477477997425259,0
2023-05-09 04:00:00+00:00,127.59953157900776,128.55702495344676,126.9236699117242,128.0501251220703,7343600,0.0,0.0,4119.169921875,,316.0341796875,128.0501251220703,-0.004826811412836087,0.2490004663846445,-0.004579421277258522,0.0,-0.0063332556756924285,0
2023-05-10 04:00:00+00:00,129.4957417743725,129.5990010056029,126.60449762357707,128.11582946777344,8133400,0.0,0.0,4137.64013671875,,319.4731750488281,128.11582946777344,0.0005129826658594266,0.1929026939681114,0.004483965263404999,0.0,0.01088171970743379,0
2023-05-11 04:00:00+00:00,126.72655773951448,128.4256300366812,126.63268048579982,127.71221160888672,7057300,0.0,0.0,4130.6201171875,,320.5147705078125,127.71221160888672,-0.0031553866579437256,0.15325063352185617,-0.0016966239932159066,0.0,0.0032603534203621276,0
2023-05-12 04:00:00+00:00,128.4350125692385,128.5945924244968,124.97115140440546,125.88170623779295,9988600,0.0,0.0,4124.080078125,,319.3651123046875,125.88170623779295,-0.014436759204296035,0.10401496827718386,-0.0015833068345566526,0.0,-0.003586911771034873,0
2023-05-15 04:00:00+00:00,126.04127776298924,127.355473145118,125.7502783800647,126.94243621826172,7639500,0.0,0.0,4136.27978515625,,321.0943908691406,126.94243621826172,0.008391098998996331,0.1318200606081344,0.0029581644391338813,0.0,0.005414738485283621,0
2023-05-16 04:00:00+00:00,127.15836871476095,127.60894800516988,125.75029589903286,126.0882339477539,6477200,0.0,0.0,4109.89990234375,,321.4580078125,126.0882339477539,-0.006751794278287496,0.13445601682716862,-0.006377683373153031,0.0,0.001132430069473056,0
2023-05-17 04:00:00+00:00,127.57139174971228,130.0965379651103,127.15836908775938,129.96511840820312,12711500,0.0,0.0,4158.77001953125,,325.3489685058594,129.96511840820312,0.030284163210581774,0.27614651320084,0.011890829058788244,0.0,0.012104102553976093,0
2023-05-18 04:00:00+00:00,129.79615941925783,131.16667563968596,129.31740548276412,130.95077514648438,10999600,0.0,0.0,4198.0498046875,,331.3917541503906,130.95077514648438,0.0075553958298044295,0.2718680879064213,0.009445048649426635,0.0,0.018573243592202804,0
2023-05-19 04:00:00+00:00,131.222976888584,131.88008891431372,129.66472071613862,130.65036010742188,13492200,0.0,0.0,4191.97998046875,,330.64501953125,130.65036010742188,-0.0022967421057172115,0.22714762332111155,-0.0014458676054706077,0.0,-0.0022533289069158746,0
2023-05-22 04:00:00+00:00,132.35884719035093,132.95962436351687,129.22354176550556,129.57086181640625,11402500,0.0,0.0,4192.6298828125,,331.7552795410156,129.57086181640625,-0.00829682126232088,0.2522387722168006,0.0001550346964389604,0.0,0.0033578609813618154,0
2023-05-23 04:00:00+00:00,129.11089285909978,130.5095837779452,128.09709296505025,128.2191162109375,9514900,0.0,0.0,4145.580078125,,327.54986572265625,128.2191162109375,-0.010487281195986662,0.2635047546309047,-0.011222026747550129,0.0,-0.012676252881876016,0
2023-05-24 04:00:00+00:00,127.10202832106606,127.99381919171972,126.8016469148907,127.04570770263672,8578000,0.0,0.0,4115.240234375,,325.8697204589844,127.04570770263672,-0.009193720900879823,0.11838799672429218,-0.007318600335353365,0.0,-0.0051294335290447135,0
2023-05-25 04:00:00+00:00,126.55757713557296,127.91871117098508,126.33228035420558,127.35547637939452,8472500,0.0,0.0,4151.27978515625,,333.7991027832031,127.35547637939452,0.002435278208062351,0.0867833498880033,0.008757581265902425,0.0,0.024332982865208574,0
2023-05-26 04:00:00+00:00,127.768502749112,129.16719329422867,127.31792354730004,128.54763793945312,8579900,0.0,0.0,4205.4501953125,,342.3277893066406,128.54763793945312,0.009317355811199966,0.1382625800471786,0.01304908677799732,0.0,0.025550357841964466,0
2023-05-30 04:00:00+00:00,128.41622646669984,129.27984262588612,127.68402984644072,129.03578186035156,7399900,0.0,0.0,4205.52001953125,,343.8802490234375,129.03578186035156,0.003790185763100115,0.1370623495523322,1.660326849850513e-05,0.0,0.004535009325247197,0
2023-05-31 04:00:00+00:00,128.35049962945962,128.45375885376546,126.16329193182058,127.3930206298828,14219900,0.0,0.0,4179.830078125,,341.9249267578125,127.3930206298828,-0.012812786149236682,0.1479495083782032,-0.006108624209833935,0.0,-0.00568605574521297,0
2023-06-01 04:00:00+00:00,128.15341683206634,129.75861197463715,127.14898458519724,129.14845275878906,12248100,0.0,0.0,4221.02001953125,,345.8748779296875,129.14845275878906,0.0136855807701488,0.15967051167195978,0.009854453563032717,0.0,0.011552100659431463,0
2023-06-02 04:00:00+00:00,131.00706351707888,132.80939460386531,130.800545070542,131.86129760742188,12922500,0.0,0.0,4282.3701171875,,348.4689025878906,131.86129760742188,0.02078805515057553,0.20127102329287633,0.014534424705965554,0.0,0.007499893238069877,0
2023-06-05 04:00:00+00:00,131.52336554906023,131.52336554906023,129.66471377028452,130.5658721923828,8511900,0.0,0.0,4273.7900390625,,348.7145080566406,130.5658721923828,-0.009872727265118258,0.23098709431151482,-0.0020035816359177394,0.0,0.0007048131610196684,0
2023-06-06 04:00:00+00:00,130.1809818074736,131.5139696353172,129.7397989607111,130.800537109375,9329500,0.0,0.0,4283.85009765625,,348.6555480957031,130.800537109375,0.0017956781873747201,0.23105414671018634,0.0023538963079141606,0.0,-0.00016907802679644313,0
2023-06-07 04:00:00+00:00,130.9976907119284,132.61228177610948,130.3218147165198,132.0678253173828,9281400,0.0,0.0,4267.52001953125,,342.7404479980469,132.0678253173828,0.009642073428419738,0.18671048845918217,-0.0038120096998572883,0.0,-0.01696545524648474,0
2023-06-08 04:00:00+00:00,132.04904132855629,132.25555978070037,130.93196815295553,132.10536193847656,7368100,0.0,0.0,4293.93017578125,,346.9950256347656,132.10536193847656,0.0002841819166910948,0.18158793608074014,0.0061886426142414575,0.0,0.012413409801993902,0
2023-06-09 04:00:00+00:00,131.7486839520936,133.10981812635623,131.61726439713703,132.36822509765625,7249100,0.0,0.0,4298.85986328125,,348.3214111328125,132.36822509765625,0.001987822290178516,0.11076733565672052,0.001148059539441082,0.0,0.003822491390533589,0
2023-06-12 04:00:00+00:00,132.42454261425223,132.65922138319476,131.19481383312282,132.35882568359375,7596600,0.0,0.0,4338.93017578125,,354.20703125,132.35882568359375,-7.101211635689069e-05,0.06301410527804122,0.009321148810237156,0.0,0.016897095409800666,0
2023-06-13 04:00:00+00:00,131.87070060009387,134.11422924141024,131.55154088595165,133.3163299560547,7701600,0.0,0.0,4369.009765625,,356.9288330078125,133.3163299560547,0.007208114103848875,0.0693655324101848,0.006932489951473775,0.0,0.007684211542066999,0
2023-06-14 04:00:00+00:00,134.23627191637723,134.80888875414163,132.07722411872507,132.81881713867188,9068700,0.0,0.0,4372.58984375,,359.5228271484375,132.81881713867188,-0.0037388026524122035,0.06327058158139345,0.0008194255259321714,0.0,0.007267538794122119,0
2023-06-15 04:00:00+00:00,131.97395200439672,134.61173913427928,131.4482738420415,134.32073974609375,9343100,0.0,0.0,4425.83984375,,363.8067932128906,134.32073974609375,0.01124459776967298,0.09425529913879105,0.01217813742034668,0.0,0.011915699758013876,0
2023-06-16 04:00:00+00:00,134.28320925450666,135.14682550056537,133.7669130411952,134.48033142089844,13813500,0.0,0.0,4409.58984375,,361.5173950195313,134.48033142089844,0.0011874334641884224,0.0951384105479681,-0.0036716195284263176,0.0,-0.00629289566899216,0
2023-06-20 04:00:00+00:00,133.87015812933888,134.23625643758606,132.39636857841077,133.79505920410156,8428600,0.0,0.0,4388.7099609375,,360.9999084472656,133.79505920410156,-0.005108733273063979,0.11128856644434422,-0.0047351076976228645,0.0,-0.0014314292462682676,0
2023-06-21 04:00:00+00:00,134.14238834568462,135.19375904703173,133.00655104271297,133.5979461669922,9926500,0.0,0.0,4365.68994140625,,356.0802917480469,133.5979461669922,-0.0014743323037973359,0.10324896226295315,-0.005245281583003636,0.0,-0.01362775054536447,0
2023-06-22 04:00:00+00:00,133.5885364643692,133.8607718500969,130.43445332364368,131.02584838867188,10075200,0.0,0.0,4381.89013671875,,360.2816467285156,131.02584838867188,-0.019440268301842954,0.17696750120289292,0.003710798414438443,0.0,0.01179889782679,0
2023-06-23 04:00:00+00:00,130.04959295576228,130.6503700897976,129.18597672081503,130.34060668945312,9919500,0.0,0.0,4348.330078125,,356.7099914550781,130.34060668945312,-0.005243544119380229,0.1265356114675111,-0.007658808766684566,0.0,-0.009913508794770376,0
2023-06-26 04:00:00+00:00,130.35936380847232,131.42949846967983,129.25168684496631,130.65975952148438,8429700,0.0,0.0,4328.81982421875,,351.92816162109375,130.65975952148438,0.0024456133586038217,0.13127449297692728,-0.004486838293256468,0.0,-0.01340537116574314,0
2023-06-27 04:00:00+00:00,130.48137304111728,131.2698901311711,130.04955787828618,130.6691131591797,8154000,0.0,0.0,4378.41015625,,357.9792175292969,130.6691131591797,7.158518385949753e-05,0.13788902285261748,0.011455854954693034,0.0,0.017194008800915483,0
2023-06-28 04:00:00+00:00,130.6316169233694,130.6785555503479,129.50516149417433,130.09654235839844,7558600,0.0,0.0,4376.85986328125,,358.6778564453125,130.09654235839844,-0.00439146573817106,0.13507881430095203,-0.00035407668843834283,0.0,0.0019516186465724505,0
2023-06-29 04:00:00+00:00,131.48583866610704,134.7619453906619,131.27932018606757,134.63990783691406,15423200,0.0,0.0,4396.43994140625,,357.9595642089844,134.63990783691406,0.034327057001524636,0.26121213367702456,0.004473544672805918,0.0,-0.002002611043365743,0
2023-06-30 04:00:00+00:00,135.7382161119017,137.05241158946137,134.85582158111603,136.5267333984375,14212800,0.0,0.0,4450.3798828125,,363.4793395996094,136.5267333984375,0.013916579154472883,0.24685567473256062,0.012269004495714109,0.0,0.015420108700887836,0
2023-07-03 04:00:00+00:00,137.23077186825142,138.44170812520798,137.05241369562958,137.62503051757812,8021600,0.0,0.0,4455.58984375,,364.3353271484375,137.62503051757812,0.008012372265365638,0.2402293459968424,0.0011706778016009611,0.0,0.0023549826787157002,0
2023-07-05 04:00:00+00:00,136.99177289990052,137.45489301705248,136.44357724802387,136.70822143554688,8934900,1.0,0.0,4446.81982421875,,364.3255004882813,136.70822143554688,-0.006683932689179252,0.26228013400630623,-0.0019683184132291975,0.0,-2.6971472223413784e-05,0
2023-07-06 04:00:00+00:00,135.1770453675237,135.52675062026958,133.68368798522096,135.35662841796875,9709500,0.0,0.0,4411.58984375,,361.55078125,135.35662841796875,-0.009935896810066914,0.282348527434863,-0.007922511336500904,0.0,-0.007616044538640732,1
2023-07-07 04:00:00+00:00,136.01823944416276,137.8423948136273,135.15813873637265,136.42465209960938,8981500,0.0,0.0,4398.9501953125,,360.3504943847656,136.42465209960938,0.007859475659057558,0.16427532025146735,-0.0028651005386203243,0.0,-0.0033198292673704,1
2023-07-10 04:00:00+00:00,136.57588191389272,137.9841782065254,136.57588191389272,137.1902313232422,9100100,0.0,0.0,4409.52978515625,,360.4684753417969,137.1902313232422,0.005596049541943719,0.13655340949893677,0.002405026057131332,0.0,0.0003274061195133182,1
2023-07-11 04:00:00+00:00,138.31497789374046,139.71382777743057,137.71953575146452,139.33575439453125,11260900,0.0,0.0,4439.259765625,,362.24945068359375,139.33575439453125,0.015518007253979227,0.16776919461420042,0.0067422110558885695,0.0,0.004940724261971008,1
2023-07-12 04:00:00+00:00,139.36411588881907,141.65140590067313,138.938795928545,140.02572631835938,11323200,0.0,0.0,4472.16015625,,366.82470703125,140.02572631835938,0.004939645401472842,0.1467932441879418,0.007411233485312474,0.0,0.012630126392248142,1
2023-07-13 04:00:00+00:00,140.54556201162572,141.17881871057477,139.64766115257927,140.70623779296875,11234900,0.0,0.0,4510.0400390625,,373.0528869628906,140.70623779296875,0.004848131987249541,0.07157287727392195,0.008470153458069118,0.0,0.016978627154222936,1
2023-07-14 04:00:00+00:00,143.2393179118114,144.5058316536701,140.27150952012738,141.5569305419922,27028400,0.0,0.0,4505.419921875,,372.9741516113281,141.5569305419922,0.006027675021969844,0.07257443062136028,-0.0010244071333035398,0.0,-0.0002110568080667674,0
2023-07-17 04:00:00+00:00,142.10510873330162,145.3186536800163,142.10510873330162,144.9689483642578,17262400,0.0,0.0,4522.7900390625,,376.4571838378906,144.9689483642578,0.02381759812165987,0.13376004854454407,0.0038553825145495324,0.0,0.009338535154554517,0
2023-07-18 04:00:00+00:00,144.9689373637693,145.93299212141326,144.43964900537037,145.23358154296875,13491700,0.0,0.0,4554.97998046875,,379.5368957519531,145.23358154296875,0.0018237832188927826,0.13999923231953823,0.007117275205842377,0.0,0.008180776051782468,0
2023-07-19 04:00:00+00:00,144.3734561172065,146.698560348647,143.87252154761572,145.79119873046875,12510000,0.0,0.0,4565.72021484375,,379.4483337402344,145.79119873046875,0.0038320988979640975,0.14187792030991606,0.002357910335732072,0.0,-0.00023334229875937584,0
2023-07-20 04:00:00+00:00,146.05589345397786,148.00292500972867,145.9424786206809,147.58705139160156,9935900,0.0,0.0,4534.8701171875,,370.7013244628906,147.58705139160156,0.012242728226696673,0.14100877893810085,-0.006756896218903741,0.0,-0.023051911155134608,0
2023-07-21 04:00:00+00:00,147.25624381788302,147.5775954395064,146.20711341150152,146.45285034179688,10636400,0.0,0.0,4536.33984375,,369.5895080566406,146.45285034179688,-0.007714644633925988,0.1884104162568442,0.0003240945218980773,0.0,-0.0029992242619065745,0
2023-07-24 04:00:00+00:00,146.47177695521577,150.0822888050638,146.244932851287,149.3356170654297,14381400,0.0,0.0,4554.64013671875,,370.1798095703125,149.3356170654297,0.01949270049383063,0.16482673834714787,0.004034153877153557,0.0,0.0015971814697224307,0
2023-07-25 04:00:00+00:00,148.67398010189208,149.07094639687722,147.4074665290309,148.22030639648438,9944700,0.0,0.0,4567.4599609375,,372.6888427734375,148.22030639648438,-0.0074965127840340255,0.19072080507324157,0.002814673351556163,0.0,0.006777876962110296,0
2023-07-26 04:00:00+00:00,148.1163256869326,149.57186864751085,147.7098985759883,149.10873413085938,8728600,0.0,0.0,4566.75,,371.4490356445313,149.10873413085938,0.005976075373384175,0.19115827179992362,-0.00015543889679858758,0.0,-0.0033266548031862797,0
2023-07-27 04:00:00+00:00,149.11819035578094,150.07279864030986,147.0199298775269,147.4641571044922,10778400,0.0,0.0,4537.41015625,,370.5635681152344,147.4641571044922,-0.01109065549962064,0.2030225039220892,-0.006424666064487883,0.0,-0.002383819701565426,0
2023-07-28 04:00:00+00:00,148.65507947344005,148.95753823859155,147.8611468479588,148.3053741455078,9103800,0.0,0.0,4582.22998046875,,377.313232421875,148.3053741455078,0.005688343256645048,0.19371383446252252,0.009877842794752345,0.0,0.01821459227891964,0
2023-07-31 04:00:00+00:00,148.56052055855852,150.63988799679169,148.53216685913026,149.29776000976562,8892700,0.0,0.0,4588.9599609375,,377.5099792480469,149.29776000976562,0.006669214323866897,0.13557067481903,0.0014687129405193122,0.0,0.0005214416279784029,0
2023-08-01 04:00:00+00:00,148.79683736010875,149.3355865887295,147.5870312301141,148.560546875,6853900,0.0,0.0,4576.72998046875,,376.6343688964844,148.560546875,-0.004950102938776856,0.12773896238361376,-0.002665087639215691,0.0,-0.0023194363055160094,0
2023-08-02 04:00:00+00:00,147.02938793985078,147.1522636061474,145.49823022396106,146.87815856933594,8299400,0.0,0.0,4513.39013671875,,368.3694458007813,146.87815856933594,-0.011389208390148583,0.139438461783315,-0.013839541336347905,0.0,-0.021944155335368865,0
2023-08-03 04:00:00+00:00,146.50008773681375,148.31479677039448,145.88573829898567,147.77606201171875,6084000,0.0,0.0,4501.89013671875,,367.7791137695313,147.77606201171875,0.006094643545045832,0.12976987213987498,-0.0025479738404268204,0.0,-0.0016025542779931623,0
2023-08-04 04:00:00+00:00,147.82330880350904,149.14654405775528,147.16169838739862,147.4641571044922,6209400,0.0,0.0,4478.02978515625,,366.05718994140625,147.4641571044922,-0.0021128897966322512,0.12137344445684538,-0.005300074155050516,0.0,-0.004681951105043214,0
2023-08-07 04:00:00+00:00,148.0123592755238,149.05202871207436,148.0123592755238,148.16357421875,7251800,0.0,0.0,4518.43994140625,,369.156494140625,148.16357421875,0.00473175108499796,0.11408279260843561,0.00902409277936278,0.0,0.008466721278483469,0
2023-08-08 04:00:00+00:00,145.85738271634628,147.426340416945,144.22224234205763,147.3318328857422,8623400,0.0,0.0,4499.3798828125,,366.017822265625,147.3318328857422,-0.00562948532922119,0.11546137315119573,-0.004218283044793103,0.0,-0.008502279994576978,0
2023-08-09 04:00:00+00:00,146.8025409075846,146.99157038731175,145.05398577055246,145.35643005371094,6277800,0.0,0.0,4467.7099609375,,361.9936218261719,145.35643005371094,-0.013498544882287734,0.12704759571405466,-0.007038730380597102,0.0,-0.010994547791535414,0
2023-08-10 04:00:00+00:00,145.91410833506913,146.9159777074465,144.6948413275329,145.13906860351562,5995100,0.0,0.0,4468.830078125,,362.6627197265625,145.13906860351562,-0.0014964878407044033,0.10594207321785619,0.00025071394456976925,0.0,0.0018483693083186647,0
2023-08-11 04:00:00+00:00,144.6381118175921,146.04640811797896,144.26005285929924,145.98023986816406,5180700,0.0,0.0,4464.0498046875,,360.3504943847656,145.98023986816406,0.005778892578542257,0.12586699770392437,-0.0010696923700230787,0.0,-0.006375690734190198,0
2023-08-14 04:00:00+00:00,145.186323551912,146.42448336337284,144.53415951759416,146.28271484375,5044300,0.0,0.0,4489.72021484375,,364.3943786621094,146.28271484375,0.0020698831562702986,0.11804310954294904,0.005750475751703066,0.0,0.01122208610882569,0
2023-08-15 04:00:00+00:00,144.4679770823268,144.86494328071032,141.991643527615,142.55874633789062,10300300,0.0,0.0,4437.85986328125,,360.5275573730469,142.55874633789062,-0.025786982578426855,0.2054781701483122,-0.011550909428841738,0.0,-0.010611638146723612,0
2023-08-16 04:00:00+00:00,142.34137723309698,142.68163606845835,141.47181565893183,141.953857421875,6978200,0.0,0.0,4404.330078125,,356.7099914550781,141.953857421875,-0.0042521126966690165,0.1961570638739204,-0.007555395210577687,0.0,-0.010588832503637513,0
2023-08-17 04:00:00+00:00,142.60604562929265,142.96519737842092,140.26203351084033,140.47943115234375,9953900,0.0,0.0,4370.35986328125,,352.8136901855469,140.47943115234375,-0.010440976496605166,0.19712256715908508,-0.007712913029036983,0.0,-0.010922882349433505,0
2023-08-18 04:00:00+00:00,139.5531605143972,141.30171594540883,139.3546845750232,140.80078125,8517500,0.0,0.0,4369.7099609375,,352.3709411621094,140.80078125,0.0022849117946901172,0.1845409040857627,-0.00014870682600087726,0.0,-0.00125490885346502,0
2023-08-21 04:00:00+00:00,141.44348219978474,141.86881662137475,139.9028780048332,141.28280639648438,8327000,0.0,0.0,4399.77001953125,,358.0481262207031,141.28280639648438,0.0034176083740214405,0.18901136180780784,0.006879188518795987,0.0,0.016111388299700824,0
2023-08-22 04:00:00+00:00,141.07483926808246,141.4340053523436,137.85184862351022,138.352783203125,9673300,0.0,0.0,4387.5498046875,,357.5364685058594,138.352783203125,-0.020956777585635807,0.15949992937828322,-0.002777466728829614,0.0,-0.0014290193897799064,0
2023-08-23 04:00:00+00:00,138.32442806360226,139.49641940505157,137.48323468187462,139.28848266601562,7858000,0.0,0.0,4436.009765625,,363.1743469238281,139.28848266601562,0.006740374148397151,0.1842189765781122,0.011044879965972587,0.0,0.015768680720960715,0
2023-08-24 04:00:00+00:00,139.41137144109695,141.21663401731516,138.92934409448392,139.1561737060547,6534000,0.0,0.0,4376.31005859375,,355.4112243652344,139.1561737060547,-0.000950343035077432,0.1747113595197101,-0.013457974663146133,0.0,-0.021375745903721488,0
2023-08-25 04:00:00+00:00,139.2034366549742,140.4699500776079,137.85186212679616,138.98605346679688,6695500,0.0,0.0,4405.7099609375,,358.1661682128906,138.98605346679688,-0.00122326093524535,0.17116557155457587,0.006717966037625089,0.0,0.007751426119353866,0
2023-08-28 04:00:00+00:00,139.47756998141278,140.46053216307138,139.0616963738551,139.46810913085938,5094100,0.0,0.0,4433.31005859375,,360.8621520996094,139.46810913085938,0.003462373420028559,0.1712648955260264,0.006264619755036449,0.0,0.007527187450927286,0
2023-08-29 04:00:00+00:00,139.6098712013941,140.6873551951955,139.10892212395314,140.60227966308594,6337000,0.0,0.0,4497.6298828125,,368.7432556152344,140.60227966308594,0.00809922631947397,0.06799813355200268,0.01450830719454621,0.0,0.02183965115147224,0
2023-08-30 04:00:00+00:00,140.46993784728988,140.9708724323588,139.11836343678956,140.03517150878906,6277300,0.0,0.0,4514.8701171875,,370.79974365234375,140.03517150878906,-0.004041576944727326,0.07555103465309733,0.003833182103508026,0.0,0.005577018713679882,0
2023-08-31 04:00:00+00:00,140.129697529157,140.214773060549,137.95583670566558,138.3055419921875,10933900,0.0,0.0,4507.66015625,,371.9114990234375,138.3055419921875,-0.012428306002419728,0.12356645737635612,-0.0015969365120942491,0.0,0.002998263591401207,0
2023-09-01 04:00:00+00:00,138.0786678227184,139.95954477763632,137.7100553405209,138.76864624023438,7903500,0.0,0.0,4515.77001953125,,371.5179443359375,138.76864624023438,0.0033428207964501487,0.12775452117913302,0.0017991292600010311,0.0,-0.0010581944589865833,0
2023-09-05 04:00:00+00:00,139.09002669521007,140.08244956055856,137.05791998577726,137.2375030517578,7854700,0.0,0.0,4496.830078125,,371.9902648925781,137.2375030517578,-0.011095107116476436,0.14169289876745206,-0.004194177587506065,0.0,0.0012713263621353388,0
2023-09-06 04:00:00+00:00,136.76492981787493,137.55886238609727,136.20728773462542,137.01068115234375,8629200,0.0,0.0,4465.47998046875,,368.7137756347656,137.01068115234375,-0.001654136393215324,0.10466722729010804,-0.006971599351452862,0.0,-0.008807997324227435,0
2023-09-07 04:00:00+00:00,136.226188661821,137.30367264619244,135.52676366697335,135.8386688232422,8373700,0.0,0.0,4451.14013671875,,366.0768737792969,135.8386688232422,-0.008590964482998198,0.10652933835361793,-0.0032112659361860363,0.0,-0.007151622829738691,0
2023-09-08 04:00:00+00:00,135.50784616814917,136.2167175365484,134.82732850072392,135.942626953125,7107900,0.0,0.0,4457.490234375,,366.5885314941406,135.942626953125,0.0007650131673406219,0.09786057713475514,0.0014266227216406246,0.0,0.0013976783334099796,0
2023-09-11 04:00:00+00:00,136.81217652578113,137.0957279625712,135.81030728154468,136.5380859375,6854200,0.0,0.0,4487.4599609375,,370.907958984375,136.5380859375,0.004370657474881726,0.1025143976007531,0.006723453106275201,0.0,0.011782767651320913,0
2023-09-12 04:00:00+00:00,136.57589277056198,139.24125621640766,136.15057280550866,138.3149871826172,8363200,0.0,0.0,4461.89990234375,,366.7951049804687,138.3149871826172,0.012930006427235255,0.12579521199734478,-0.005695885604828921,0.0,-0.01108861081107071,0
2023-09-13 04:00:00+00:00,139.26015824164483,139.6004171205013,137.823522461608,138.38116455078125,8325900,0.0,0.0,4467.43994140625,,368.1923522949219,138.38116455078125,0.0004783396444896617,0.12324329044668762,0.0012416323054647016,0.0,0.0038093401342627065,0
2023-09-14 04:00:00+00:00,139.73274779499476,141.6797792238606,139.4303034519031,141.0654296875,10034900,0.0,0.0,4505.10009765625,,371.2031555175781,141.0654296875,0.01921188344598804,0.13068698437545087,0.00842991886716793,0.0,0.008177256273494304,0
2023-09-15 04:00:00+00:00,140.75350451581164,141.5190833260664,140.17695519591197,140.6495361328125,19863400,0.0,0.0,4450.31982421875,,364.8470153808594,140.6495361328125,-0.00295258617599501,0.14475635661839026,-0.012159612938677844,0.0,-0.01712307679027192,0
2023-09-18 04:00:00+00:00,140.03521839001513,140.9614731978929,139.64769847272942,140.94256591796875,6512400,0.0,0.0,4453.52978515625,,365.2273559570313,140.94256591796875,0.0020812365744268396,0.14805933506431676,0.0007212876971294246,0.0,0.001042465910745971,0
2023-09-19 04:00:00+00:00,141.30171923416918,141.509656028276,139.1373045962744,140.76296997070312,7943400,0.0,0.0,4443.9501953125,,364.448974609375,140.76296997070312,-0.0012750617131542176,0.14252693772155453,-0.002151010615372817,0.0,-0.0021312241127630083,0
2023-09-20 04:00:00+00:00,141.4434708829278,142.01057378498936,140.0162816228416,140.16751098632812,7332000,0.0,0.0,4402.2001953125,,359.1970520019531,140.16751098632812,-0.004239197356480892,0.15243654530897235,-0.0093947947580596,0.0,-0.014410584123747405,0
2023-09-21 04:00:00+00:00,139.48697945440784,140.6873389723767,138.58907863344902,139.07110595703125,8052400,0.0,0.0,4330.0,,352.6148986816406,139.07110595703125,-0.007852858430986836,0.05820041651961839,-0.01640093410321941,0.0,-0.018324630682872933,0
2023-09-22 04:00:00+00:00,139.212914876422,139.42085168548243,137.22808318361135,137.73846435546875,7071700,0.0,0.0,4320.06005859375,,352.6641845703125,137.73846435546875,-0.009628654789061726,0.07564287951683547,-0.002295598477193961,0.0,0.00013977256450625752,0
2023-09-25 04:00:00+00:00,137.37927596628438,138.48511356230838,135.81975031392378,138.4189453125,7044700,0.0,0.0,4337.43994140625,,354.3392639160156,138.4189453125,0.004928220720971978,0.09152828489269127,0.0040230650909416354,0.0,0.0047497858273986004,0
2023-09-26 04:00:00+00:00,136.67042431005655,137.842415902858,136.32070458011657,136.98231506347656,7468400,0.0,0.0,4273.52978515625,,349.0184020996094,136.98231506347656,-0.010433091543590706,0.09952932693997177,-0.014734533990868215,0.0,-0.015016291893825806,0
2023-09-27 04:00:00+00:00,137.22807868374107,138.07871874961947,136.58536099807642,137.7857208251953,6717800,0.0,0.0,4274.509765625,,349.8363037109375,137.7857208251953,0.00584790038395431,0.12871268685181234,0.00022931406074522265,0.0,0.002343434060805505,0
2023-09-28 04:00:00+00:00,138.2582697676522,140.7062354182507,138.00307203828493,139.49642944335938,8868100,0.0,0.0,4299.7001953125,,352.7627868652344,139.49642944335938,0.012339274794037283,0.16080305216907265,0.005893173970516585,0.0,0.00836529291915622,0
2023-09-29 04:00:00+00:00,140.45103287509698,140.6022477847298,136.91612296326622,137.06735229492188,11917800,0.0,0.0,4288.0498046875,,353.0189208984375,137.06735229492188,-0.01756657793374558,0.1981781208402647,-0.002709582086142026,0.0,0.0007260800819701707,0
2023-10-02 04:00:00+00:00,136.88777919049235,137.63445063388755,134.80842620655724,135.8859100341797,9170600,0.0,0.0,4288.39013671875,,355.965087890625,135.8859100341797,-0.008656790754293953,0.1961331950994879,7.936755559079245e-05,0.0,0.008345634802490176,0
2023-10-03 04:00:00+00:00,135.34718383062278,135.7157964019181,134.5438048531977,134.88406372070312,9431100,0.0,0.0,4229.4501953125,,349.7180480957031,134.88406372070312,-0.007400014642362743,0.19067346466085877,-0.013744071674259506,0.0,-0.017549585640379894,0
2023-10-04 04:00:00+00:00,135.33773852602286,135.6023827116083,134.14682526886182,135.4889678955078,8128700,0.0,0.0,4263.75,,354.47723388671875,135.4889678955078,0.0044745970444756145,0.18682965344787197,0.008109754957160709,0.0,0.013608636491397874,0
2023-10-05 04:00:00+00:00,135.24140407917886,136.2506805403231,134.08932754409395,136.06024169921875,8576200,1.05,0.0,4258.18994140625,,353.43280029296875,136.06024169921875,0.004207522071940458,0.14883077773202347,-0.001304030159777203,0.0,-0.00294640528052581,1
2023-10-06 04:00:00+00:00,136.06977263324086,138.89761799371698,135.33662377315048,138.1549530029297,10270600,0.0,0.0,4308.5,,359.3547058105469,138.1549530029297,0.015278161750609183,0.15641722713305226,0.011814893014644445,0.0,0.016755393140278185,1
2023-10-09 04:00:00+00:00,136.783887533103,138.44059519327567,136.6315422570001,137.84075927734375,6964900,0.0,0.0,4335.66015625,,361.1873779296875,137.84075927734375,-0.002276802481584164,0.1352336798495502,0.00630385429964031,0.0,0.005099897370223427,1
2023-10-10 04:00:00+00:00,138.4596169115128,139.74500633713924,138.3263184511728,138.67860412597656,11288800,0.0,0.0,4358.240234375,,363.1876831054687,138.67860412597656,0.006059954734001505,0.10012107353615249,0.005207990781392224,0.0,0.0055381369837641525,1
2023-10-11 04:00:00+00:00,139.49741731221943,140.1829562823615,138.0787442024744,139.15464782714844,8698200,0.0,0.0,4376.9501953125,,365.7790832519531,139.15464782714844,0.0034268336398265704,0.10110073322177829,0.00429300817103373,0.0,0.007135154266043386,1
2023-10-12 04:00:00+00:00,139.29749974635203,139.92591299336164,138.1835023694399,138.83094787597656,10484400,0.0,0.0,4349.60986328125,,364.5080261230469,138.83094787597656,-0.002328898349277511,0.11535454403562002,-0.00624643434611849,0.0,-0.00347493114588715,1
2023-10-13 04:00:00+00:00,141.39220572806693,145.78155357120053,140.76379243800466,140.9161376953125,29427000,0.0,0.0,4327.77978515625,,359.92620849609375,140.9161376953125,0.014907954689758137,0.11308838066500562,-0.005018858888767519,0.0,-0.01256986759848866,0
2023-10-16 04:00:00+00:00,142.296739758379,142.36339626021208,139.69741222732762,140.77333068847656,12663500,0.0,0.0,4373.6298828125,,363.99566650390625,140.77333068847656,-0.001013932255897195,0.10898302744013784,0.01059436938392988,0.0,0.011306367560218078,0
2023-10-17 04:00:00+00:00,140.5067367699015,142.16344435077457,139.7640572165599,140.46864318847656,11482700,0.0,0.0,4373.2001953125,,362.8033752441406,140.46864318847656,-0.002166729346986202,0.11563343586085298,-9.824505308242415e-05,0.0,-0.0032755644351959434,0
2023-10-18 04:00:00+00:00,139.57360820497632,140.4210086362249,138.4120011605535,138.92616271972656,9620300,0.0,0.0,4314.60009765625,,358.0441589355469,138.92616271972656,-0.01104169517526482,0.14950141745065465,-0.013399820506516447,0.0,-0.013117894246135742,0
2023-10-19 04:00:00+00:00,138.51673884994236,139.98303640086567,137.94546597674957,138.33583068847656,11143600,0.0,0.0,4278.0,,354.6940002441406,138.33583068847656,-0.004258303967605146,0.15173846349109438,-0.008482848196321058,0.0,-0.009356831015945533,0
2023-10-20 04:00:00+00:00,137.6503194431313,138.19302945151148,135.31757443481777,136.10784912109375,13332900,0.0,0.0,4224.16015625,,349.4026794433594,136.10784912109375,-0.016236704854858636,0.1029845925965139,-0.012585283719027562,0.0,-0.014917987891363116,0
2023-10-23 04:00:00+00:00,136.09832107654196,136.8028924127063,133.9940941408491,134.2511749267578,10133400,0.0,0.0,4217.0400390625,,350.4570617675781,134.2511749267578,-0.013735094581624948,0.09621691074497399,-0.0016855698941634634,0.0,0.0030176709746430053,0
2023-10-24 04:00:00+00:00,134.43208694949126,134.94623400762785,133.64181230970658,134.4130401611328,8881400,0.0,0.0,4247.68017578125,,353.8663330078125,134.4130401611328,0.0012049632579976865,0.11375786148996025,0.007265792222727274,0.0,0.009728071173795927,0
2023-10-25 04:00:00+00:00,133.8417617659881,134.42255076684708,132.83248542266534,133.6798858642578,8242600,0.0,0.0,4186.77001953125,,345.20513916015625,133.6798858642578,-0.005469417902273514,0.11375965997413022,-0.014339628627712542,0.0,-0.024475891148042717,0
2023-10-26 04:00:00+00:00,133.07052329343162,134.88910655616087,132.75631666727085,134.0226593017578,9109400,0.0,0.0,4137.22998046875,,338.623046875,134.0226593017578,0.0025608544335085776,0.13505970821399194,-0.011832519778109618,0.0,-0.01906719089168174,0
2023-10-27 04:00:00+00:00,132.29930131198498,132.44213043662663,128.7192749923256,129.19534301757812,17434700,0.0,0.0,4117.3701171875,,340.2488708496094,129.19534301757812,-0.03668333897880481,0.25459951047469254,-0.004800280229768528,0.0,0.004801279740447084,0
2023-10-30 04:00:00+00:00,129.9094552211172,131.432864304069,129.52859205404604,130.84254455566406,9855500,0.0,0.0,4166.81982421875,,344.08184814453125,130.84254455566406,0.012669104379918139,0.29823555453917006,0.012010022325859904,0.0,0.011265216796607858,0
2023-10-31 04:00:00+00:00,131.11863229716687,132.57539896318386,130.8901144664121,132.4040069580078,9672500,0.0,0.0,4193.7998046875,,345.72735595703125,132.4040069580078,0.011863256755048197,0.32124067844231347,0.006474957307233353,0.0,0.004782315083964539,0
2023-11-01 04:00:00+00:00,132.5849700875464,133.80370330022268,131.84230499008572,132.28981018066406,9432000,0.0,0.0,4237.85986328125,,351.7281494140625,132.28981018066406,-0.0008628594778935661,0.3206847007352584,0.010505999486313922,0.0,0.017357010816861917,0
2023-11-02 04:00:00+00:00,133.38473459166462,134.70820310845752,132.56589701468494,134.6510772705078,10186200,0.0,0.0,4317.77978515625,,358.1131286621094,134.6510772705078,0.017691772148882318,0.35106332724361833,0.01885855702012762,0.0,0.01815316533147393,0
2023-11-03 04:00:00+00:00,135.38422865912943,136.88860537693347,135.06050588564386,136.15545654296875,9538700,0.0,0.0,4358.33984375,,362.320556640625,136.15545654296875,0.011110476003869307,0.10876417827514478,0.009393730253031363,0.0,0.011748879451122907,0
2023-11-06 05:00:00+00:00,136.31731431844256,137.2884971416143,135.95549797622422,137.1837615966797,7625100,0.0,0.0,4365.97998046875,,363.7986145019531,137.1837615966797,0.007524056824752622,0.10841572635601827,0.0017529924220356374,0.0,0.00407942037579212,0
2023-11-07 05:00:00+00:00,136.641043167598,137.35514522528302,135.98408147842036,137.1171112060547,6297900,0.0,0.0,4378.3798828125,,367.2374267578125,137.1171112060547,-0.000485965584109773,0.12533544214221823,0.0028401189192852616,0.0,0.009452516086591478,0
2023-11-08 05:00:00+00:00,137.21231780410557,137.9073730073427,136.7457659397726,137.79312133789062,7618200,0.0,0.0,4382.77978515625,,367.4739074707031,137.79312133789062,0.004918052617744472,0.10802454183449008,0.0010049156221052513,0.0,0.0006439450221029652,0
2023-11-09 05:00:00+00:00,138.478678010919,138.6786184578708,136.821955951098,137.3837127685547,7992500,0.0,0.0,4347.35009765625,,364.6459045410156,137.3837127685547,-0.0029756056518959986,0.09139980395101993,-0.008083839306732843,0.0,-0.007695792469055718,0
2023-11-10 05:00:00+00:00,138.00262154276933,139.46890488114937,137.18378383918315,139.42129516601562,7983300,0.0,0.0,4415.240234375,,372.8440246582031,139.42129516601562,0.014722415727109922,0.11063079495436165,0.015616441094852496,0.0,0.02248241380225169,0
2023-11-13 05:00:00+00:00,138.72624130108937,139.24991911627558,138.21209414609913,138.8024139404297,6676300,0.0,0.0,4411.5498046875,,371.6813049316406,138.8024139404297,-0.004448810263583703,0.12355122517728291,-0.0008358389332403515,0.0,-0.0031185151153445556,0
2023-11-14 05:00:00+00:00,139.65931419733056,142.10631091334398,139.50698346510433,141.3350830078125,9927700,0.0,0.0,4495.7001953125,,379.6822814941406,141.3350830078125,0.018082106836349126,0.16129425812221515,0.019075017703661823,0.0,0.02152644337054177,0
2023-11-15 05:00:00+00:00,141.35412770732256,142.97275612478606,141.35412770732256,142.57286071777344,8365300,0.0,0.0,4502.8798828125,,379.9679870605469,142.57286071777344,0.008719626060864554,0.16185611529768046,0.0015970120755575135,0.0,0.0007524859081702306,0
2023-11-16 05:00:00+00:00,142.90608327800533,144.27716139002592,142.90608327800533,144.20098876953125,8126200,0.0,0.0,4508.240234375,,380.2932739257813,144.20098876953125,0.01135490943855988,0.13733332365957276,0.0011904273935798848,0.0,0.0008560901873624349,0
2023-11-17 05:00:00+00:00,144.9151283166954,145.54354170238418,144.2867149310066,145.50546264648438,7812400,0.0,0.0,4514.02001953125,,380.38189697265625,145.50546264648438,0.009005548109980057,0.12992236726318745,0.0012820490603360213,0.0,0.00023303869132385024,0
2023-11-20 05:00:00+00:00,144.80086530590324,146.39093090960563,144.64852003731698,145.95294189453125,7019000,0.0,0.0,4547.3798828125,,385.0130004882813,145.95294189453125,0.0030706240936736687,0.08614386653840653,0.007390278097329839,0.0,0.012174878858543403,0
2023-11-21 05:00:00+00:00,145.86724162056868,146.27666768153605,145.26740578155804,145.64825439453125,7083500,0.0,0.0,4538.18994140625,,382.77630615234375,145.64825439453125,-0.002089755561776207,0.08663227629973666,-0.0020209310950652926,0.0,-0.005809399508850177,0
2023-11-22 05:00:00+00:00,146.0672004623361,146.51470558509976,145.58160176019817,145.99102783203125,5174500,0.0,0.0,4556.6201171875,,384.3429870605469,145.99102783203125,0.0023506682139657837,0.08588871566568934,0.00406112922094648,0.0,0.004092941185287469,0
2023-11-24 05:00:00+00:00,146.2385734536382,147.04789491316575,145.94341360062845,146.1909637451172,3496900,0.0,0.0,4559.33984375,,383.8010559082031,146.1909637451172,0.0013685713018326032,0.06385684007084956,0.0005968736678840791,0.0,-0.0014100196194248849,0
2023-11-27 05:00:00+00:00,146.08621512693892,146.18143453546136,145.40069059365675,145.8577117919922,6259100,0.0,0.0,4550.43017578125,,383.4660034179687,145.8577117919922,-0.0022821681841326074,0.03987112961584427,-0.001954157460090089,0.0,-0.0008729848057389411,0
2023-11-28 05:00:00+00:00,145.88628776178052,146.50517038722398,145.41021973345684,146.1909637451172,6582700,0.0,0.0,4554.89013671875,,384.4710998535156,146.1909637451172,0.0022821681841325905,0.03693275679336331,0.0009801185306033133,0.0,0.0026210835552256118,0
2023-11-29 05:00:00+00:00,146.79081040440963,148.1809354045383,146.6289490222787,146.9336395263672,9126100,0.0,0.0,4550.580078125,,384.0966491699219,146.9336395263672,0.005067315142729496,0.04203912120810255,-0.0009462486392383118,0.0,-0.0009739371404935415,0
2023-11-30 05:00:00+00:00,147.49540801435012,148.65701522867897,146.99077703925823,148.60940551757812,9869800,0.0,0.0,4567.7998046875,,383.1310119628906,148.60940551757812,0.011340371417711527,0.08069974684298441,0.0037840728581564065,0.0,-0.002514047464663105,0
2023-12-01 05:00:00+00:00,148.3618547056448,150.3042059653773,148.3618547056448,149.33302307128906,8916000,0.0,0.0,4594.6298828125,,384.2247619628906,149.33302307128906,0.0048574416200800365,0.07851540805146248,0.005873742123607695,0.0,0.0028547676012871115,0
2023-12-04 05:00:00+00:00,148.5522844190122,150.4851196181815,148.41898594074,150.42799377441406,9607500,0.0,0.0,4569.77978515625,,380.6578063964844,150.42799377441406,0.007305656918063096,0.053877770481419104,-0.005408509126972105,0.0,-0.009283512983868425,0
2023-12-05 05:00:00+00:00,149.73292773753394,150.91358180969218,149.45681464282688,150.40895080566406,9135600,0.0,0.0,4567.18017578125,,381.6135864257813,150.40895080566406,-0.00012659993473883118,0.06614679152255437,-0.0005688697261614362,0.0,0.0025108641231998963,0
2023-12-06 05:00:00+00:00,151.23728745575312,151.5991038056745,148.5332245469806,148.82838439941406,9366000,0.0,0.0,4549.33984375,,379.4064331054687,148.82838439941406,-0.010564063500518382,0.13384414326467844,-0.003906202808869552,0.0,-0.005783738836410257,0
2023-12-07 05:00:00+00:00,149.1902260036743,149.78054580846828,148.67606431112512,149.28543090820312,8130900,0.0,0.0,4585.58984375,,384.70751953125,149.28543090820312,0.0030662575393284033,0.11051462995119353,0.007968189065892917,0.0,0.013972052035047255,0
2023-12-08 05:00:00+00:00,149.73290127733767,151.1801520570624,149.46630436113077,150.93260192871094,7369400,0.0,0.0,4604.3701171875,,386.4220581054687,150.93260192871094,0.010973275211206673,0.13092836747384748,0.00409549786994079,0.0,0.0044567326791735695,0
2023-12-11 05:00:00+00:00,150.93260738223807,151.67527232256882,150.5803071721735,151.48484802246094,8093900,0.0,0.0,4622.43994140625,,389.7229309082031,151.48484802246094,0.003652214564281556,0.12422900524696913,0.003924494286698943,0.0,0.008542143838573324,0
2023-12-12 05:00:00+00:00,151.60860476245662,152.9606360815268,151.27536589369836,152.8368682861328,10223000,0.0,0.0,4643.7001953125,,392.8268127441406,152.8368682861328,0.008885525328361829,0.1333885692198654,0.00459935752021523,0.0,0.007964329501228606,0
2023-12-13 05:00:00+00:00,152.83686616511588,154.2745862137624,152.12276420540454,153.35101318359375,12379100,0.0,0.0,4707.08984375,,397.8224487304687,153.35101318359375,0.0033583653162879974,0.058410892545364586,0.013650676351045998,0.0,0.012717146142419367,0
2023-12-14 05:00:00+00:00,154.08420564992016,156.9501304311645,153.96995395304995,156.1408233642578,13643000,0.0,0.0,4719.5498046875,,397.47760009765625,156.1408233642578,0.018028816382483152,0.0958573265179554,0.0026470624846992585,0.0,-0.0008668405564163928,0
2023-12-15 05:00:00+00:00,155.27435487389386,157.36905136044854,154.61737864904833,157.32144165039062,20309300,0.0,0.0,4719.18994140625,,399.3990173339844,157.32144165039062,0.0075327974085043345,0.09445085828863414,-7.62494933082003e-05,0.0,0.004834026460500018,0
2023-12-18 05:00:00+00:00,157.9784302023214,159.1305213504684,157.7023171079503,158.27359008789062,8469600,0.0,0.0,4740.56005859375,,401.9147338867187,158.27359008789062,0.006034007070204546,0.08840017371233198,0.004528344366900416,0.0,0.006298754988249389,0
2023-12-19 05:00:00+00:00,158.05459847553416,160.40637589223485,157.62614012029542,160.3873291015625,10345700,0.0,0.0,4768.3701171875,,403.9682922363281,160.3873291015625,0.01326657828536277,0.0940578482348808,0.005866407818910568,0.0,0.0051094378395897255,0
2023-12-20 05:00:00+00:00,159.94935595892852,161.30138753913403,158.48305816217345,158.57827758789062,10734700,0.0,0.0,4698.35009765625,,397.9654541015625,158.57827758789062,-0.011343360371900648,0.1771558648012206,-0.014684266911006771,0.0,-0.01485967648979214,0
2023-12-21 05:00:00+00:00,158.85437480725014,160.04454486759295,157.74989350442564,159.4827880859375,7601700,0.0,0.0,4746.75,,402.5959777832031,159.4827880859375,0.005687668401076327,0.14645832838951625,0.010301467821202559,0.0,0.011635491558166455,0
2023-12-22 05:00:00+00:00,159.482777393219,160.17783259389432,159.22569660945717,159.38755798339844,6576300,0.0,0.0,4754.6298828125,,403.1982421875,159.38755798339844,-0.0005972967166383913,0.1463000933558584,0.0016600585268868873,0.0,0.0014959523629944904,0
2023-12-26 05:00:00+00:00,159.44470540544634,160.69200127572972,159.1780939518335,160.33018493652344,4683600,0.0,0.0,4774.75,,405.6665344238281,160.33018493652344,0.005896636675847934,0.1461006333605674,0.0042316894655107795,0.0,0.006121783227369004,0
2023-12-27 05:00:00+00:00,159.80650969959626,161.35849609615912,159.5589595590751,161.29183959960938,6428600,0.0,0.0,4781.580078125,,406.4923095703125,161.29183959960938,0.005980047730126162,0.11921329049269652,0.0014304577464787638,0.0,0.0020356008603401587,0
2023-12-28 05:00:00+00:00,161.24424684612208,162.49154275455325,160.91099341524577,162.14877319335938,6320100,0.0,0.0,4783.35009765625,,406.2947692871094,162.14877319335938,0.005298874445210177,0.045012955743751824,0.0003701746080437829,0.0,-0.0004859631499841699,0
2023-12-29 05:00:00+00:00,161.86312409207517,162.52010027323502,161.51083841227057,161.95834350585938,6435100,0.0,0.0,4769.830078125,,404.5364379882813,161.95834350585938,-0.001175103535846912,0.057727107127194255,-0.0028264750133749628,0.0,-0.004327723199373801,0
2024-01-02 05:00:00+00:00,160.99668997848715,163.92927091566213,160.82531245380352,163.8435821533203,9977400,0.0,0.0,4742.830078125,,397.6907653808594,163.8435821533203,0.011573042027095854,0.0718161333476226,-0.005660579005492328,0.0,-0.016922264509631746,0
2024-01-03 05:00:00+00:00,163.63408646230044,163.80546396123427,162.21539865343385,163.12945556640625,9852300,0.0,0.0,4704.81005859375,,393.4825439453125,163.12945556640625,-0.004368113819904657,0.09986979738458261,-0.008016314922730805,0.0,-0.010581642325832585,0
2024-01-04 05:00:00+00:00,163.47433603229473,166.0705417857939,163.3785294721103,164.21200561523438,11972500,1.05,0.0,4688.68017578125,,391.45758056640625,164.21200561523438,0.006614218629830633,0.10097262950382493,-0.0034283812973570083,0.0,-0.005146259751710014,1
2024-01-05 05:00:00+00:00,164.26951043733862,166.09930786122962,164.26951043733862,165.03591918945312,10066000,0.0,0.0,4697.240234375,,391.92181396484375,165.03591918945312,0.005004832115572017,0.10068000993250849,0.0018256861788026324,0.0,0.001185909844345856,1
2024-01-08 05:00:00+00:00,164.7964324951172,165.1221514938043,162.37267500941948,164.7964324951172,11229900,0.0,0.0,4763.5400390625,,400.0220642089844,164.7964324951172,-0.0014521725064183882,0.1015114970235131,0.014114629309846638,0.0,0.020668026008032303,1
2024-01-09 05:00:00+00:00,164.4132091006676,164.5760685884473,162.95704852121472,163.4935302734375,9923600,0.0,0.0,4756.5,,400.8123168945313,163.4935302734375,-0.00793755039863164,0.09788126844777172,-0.0014779006799081618,0.0,0.001975522743000724,1
2024-01-10 05:00:00+00:00,162.8612075677953,163.89585699356587,161.85529718568267,163.83837890625,9670200,0.0,0.0,4783.4501953125,,403.52880859375,163.83837890625,0.002107028069816008,0.09208190063605283,0.00566597189372442,0.0,0.006777465623476697,1
2024-01-11 05:00:00+00:00,163.17737491200987,163.2061139597619,161.55834033783609,163.1486358642578,11919500,0.0,0.0,4780.240234375,,404.3684692382813,163.1486358642578,-0.004218785663330521,0.08092819110262266,-0.0006710555783868699,0.0,0.0020807947949426087,1
2024-01-12 05:00:00+00:00,166.50166046764423,168.9062533664625,161.80741624247742,161.9511260986328,19436500,0.0,0.0,4783.830078125,,404.5759582519531,161.9511260986328,-0.007367062802435332,0.06660697403202734,0.0007509755941104146,0.0,0.0005131186762969975,0
2024-01-16 05:00:00+00:00,157.94666093131482,161.03144564695285,157.40060436457583,160.93565368652344,17206400,0.0,0.0,4765.97998046875,,404.5364379882813,160.93565368652344,-0.006289980412223721,0.06481470218827388,-0.0037313402367431525,0.0,-9.768317386571468e-05,0
2024-01-17 05:00:00+00:00,160.3129423831961,161.97030558173176,159.498644927125,160.0734405517578,11107500,0.0,0.0,4739.2099609375,,402.2545471191406,160.0734405517578,-0.005371905180716806,0.059156062830795164,-0.005616897183990499,0.0,-0.005640754836544026,0
2024-01-18 05:00:00+00:00,160.10218227621107,160.494968794658,158.30113841397468,160.38958740234375,9382300,0.0,0.0,4780.93994140625,,407.9641723632813,160.38958740234375,0.0019730635085553156,0.05825297901244206,0.008805260963896,0.0,0.014194060166707212,0
2024-01-19 05:00:00+00:00,160.51410852793856,163.4072943513664,160.06384397661594,163.158203125,13115700,0.0,0.0,4839.81005859375,,416.0545349121094,163.158203125,0.017114524544969,0.16256729915693155,0.012313502764936146,0.0,0.019831061394341765,0
2024-01-22 05:00:00+00:00,163.30190686382716,164.7580672214959,162.58340149409867,162.9665985107422,12837500,0.0,0.0,4850.43017578125,,416.5978393554687,162.9665985107422,-0.0011750387296074409,0.1503450213488485,0.0021943252026270788,0.0,0.0013058491081561208,0
2024-01-23 05:00:00+00:00,162.54508413668046,162.6217264688559,161.366739342797,161.89364624023438,8360800,0.0,0.0,4864.60009765625,,418.3265380859375,161.89364624023438,-0.006605647747466195,0.15135570254207645,0.002921374261968035,0.0,0.004149562400859619,0
2024-01-24 05:00:00+00:00,162.24809761236278,163.82880362211606,161.76909401934304,163.34022521972656,9967100,0.0,0.0,4868.5498046875,,420.64794921875,163.34022521972656,0.008895681820279893,0.14620919604298135,0.0008119284117831249,0.0,0.005549280099307552,0
2024-01-25 05:00:00+00:00,165.0742156883323,165.72566817542818,163.73301147670767,165.67776489257812,8873500,0.0,0.0,4894.16015625,,421.16162109375,165.67776489257812,0.014209429718805486,0.16042409729573776,0.005260365527706368,0.0,0.0012211443701413138,0
2024-01-26 05:00:00+00:00,165.3616153061402,165.79271560149414,164.56646761478433,165.04547119140625,7443000,0.0,0.0,4890.97021484375,,418.6525268554687,165.04547119140625,-0.0038237075752039795,0.14069860862881017,-0.0006517852510764532,0.0,-0.005957556701784106,0
2024-01-29 05:00:00+00:00,165.0071788069499,165.5819744028677,164.1066496268446,165.47659301757812,6971200,0.0,0.0,4927.93017578125,,422.9396667480469,165.47659301757812,0.0026087339839374955,0.13733484729499776,0.007556774896180896,0.0,0.010240329670954562,0
2024-01-30 05:00:00+00:00,165.57240299685432,169.3373646597328,165.57240299685432,168.86795043945312,10822100,0.0,0.0,4924.97021484375,,420.1243896484375,168.86795043945312,0.020287298260380608,0.1502332691386852,-0.0006006499345398986,0.0,-0.006656450839089723,0
2024-01-31 05:00:00+00:00,168.80087682836762,170.8126979280155,167.01898273434634,167.03814697265625,11521800,0.0,0.0,4845.64990234375,,411.8957214355469,167.03814697265625,-0.010894839839398639,0.20288517588879038,-0.016105744611597972,0.0,-0.01958626639071448,0
2024-02-01 05:00:00+00:00,166.3483989340028,167.49800485295836,164.23119621701684,166.4346160888672,9354800,0.0,0.0,4906.18994140625,,416.74603271484375,166.4346160888672,-0.0036196751854971573,0.18793794282264542,0.012493688211609788,0.0,0.011775580630923876,0
2024-02-02 05:00:00+00:00,166.02265010918322,168.43683233787874,165.98432163521915,167.39259338378906,8607600,0.0,0.0,4958.60986328125,,423.7892761230469,167.39259338378906,0.005739375925145411,0.18499763159269753,0.01068444607751462,0.0,0.016900564985155908,0
2024-02-05 05:00:00+00:00,166.5591476490177,167.73749252001522,165.65861845956076,167.17227172851562,7820200,0.0,0.0,4942.81005859375,,423.236083984375,167.17227172851562,-0.0013170641038355243,0.1873698289387587,-0.0031863375266721894,0.0,-0.0013053471851214304,0
2024-02-06 05:00:00+00:00,167.27764151152834,168.4847253479882,166.46332952613528,167.7470703125,6764800,0.0,0.0,4954.22998046875,,422.3865051269531,167.7470703125,0.003432463140697725,0.103302087810001,0.0023104108269635937,0.0,-0.0020073403227434117,0
2024-02-07 05:00:00+00:00,168.3123084218738,168.48474272285162,166.6549598510057,168.06321716308594,7225500,0.0,0.0,4995.06005859375,,426.73297119140625,168.06321716308594,0.0018828901661401955,0.05919417560046242,0.008241457963390042,0.0,0.010290257883941445,0
2024-02-08 05:00:00+00:00,167.65126954781346,167.94824945784185,166.28132619044888,167.4596710205078,6060300,0.0,0.0,4997.91015625,,427.5232543945313,167.4596710205078,-0.003597649011810445,0.0590807358696692,0.0005705832608251526,0.0,0.0018519384638093772,0
2024-02-09 05:00:00+00:00,167.65126808553677,167.74707465736927,166.37711669392303,167.6608428955078,6296700,0.0,0.0,5026.60986328125,,431.7313537597656,167.6608428955078,0.0012005943582132296,0.044145299057728724,0.0057423415255595245,0.0,0.00984297186639349,0
2024-02-12 05:00:00+00:00,167.4405293770849,169.38528319682555,166.40587964838014,168.40811157226562,8539300,0.0,0.0,5021.83984375,,430.0421447753906,168.40811157226562,0.004447122522790624,0.04933793260617256,-0.0009489536011326738,0.0,-0.003912639120750461,0
2024-02-13 05:00:00+00:00,167.95782164206278,168.82959704450485,165.37119062589295,166.94232177734375,8397600,0.0,0.0,4953.169921875,,423.3348388671875,166.94232177734375,-0.008741894948492398,0.08305805561224075,-0.013674255653625456,0.0,-0.015596857167816225,0
2024-02-14 05:00:00+00:00,167.7183217937811,168.70506800664546,167.09560836422625,168.63800048828125,7056700,0.0,0.0,5000.6201171875,,427.947998046875,168.63800048828125,0.010106034414512428,0.11512649621557848,0.009579763275017639,0.0,0.010897187654179241,0
2024-02-15 05:00:00+00:00,168.7529840509546,172.64250606036836,168.7529840509546,172.3167724609375,8723400,0.0,0.0,5029.72998046875,,429.2223205566406,172.3167724609375,0.021580074721465035,0.17783185038860125,0.005821250684729495,0.0,0.0029777508379091877,0
2024-02-16 05:00:00+00:00,172.06768515146553,172.42214316112788,170.67857754324285,171.5120391845703,8152600,0.0,0.0,5005.56982421875,,425.3302612304687,171.5120391845703,-0.004681019847956973,0.19161350201352748,-0.0048034698371121065,0.0,-0.009067700209822505,0
2024-02-20 05:00:00+00:00,171.66533019570556,172.88200355812293,170.91808567215,172.18264770507812,9668000,0.0,0.0,4975.509765625,,422.1198425292969,172.18264770507812,0.0039023551838969777,0.19166952872085172,-0.006005322001165325,0.0,-0.007548060868944884,0
2024-02-21 05:00:00+00:00,172.3934085731368,173.38974433887643,171.02346516778374,173.3035125732422,7024000,0.0,0.0,4981.7998046875,,420.43060302734375,173.3035125732422,0.00648864660664081,0.15213479542678573,0.001264199922982101,0.0,-0.004001800748885342,0
2024-02-22 05:00:00+00:00,174.1848762529964,175.71767900334314,173.62923032241065,175.38238525390625,9296500,0.0,0.0,5087.02978515625,,432.7389831542969,175.38238525390625,0.011924183488937591,0.15463948532739527,0.02112288421741404,0.0,0.02927565224397477,0
2024-02-23 05:00:00+00:00,176.09131451721248,177.42294404200635,175.49735468570222,176.26376342773438,7105800,0.0,0.0,5088.7998046875,,431.4646911621094,176.26376342773438,0.005012880265054978,0.09524051271494109,0.0003479475462115911,0.0,-0.002944712729366361,0
2024-02-26 05:00:00+00:00,176.03380896106003,176.71400045074694,174.81713582104305,175.66018676757812,7145400,0.0,0.0,5069.52978515625,,431.2374572753906,175.66018676757812,-0.0034301572918070317,0.08773807843661285,-0.003786751350190576,0.0,-0.0005266569695581147,0
2024-02-27 05:00:00+00:00,175.6123090112838,175.83264658868708,174.587248841427,175.74642944335938,5717100,0.0,0.0,5078.18017578125,,432.2747192382813,175.74642944335938,0.0004908426508451647,0.09306784067420898,0.0017063496993998672,0.0,0.0024053150889169483,0
2024-02-28 05:00:00+00:00,175.72727150994749,177.4229485190519,175.27702152884916,176.63739013671875,6131600,0.0,0.0,5069.759765625,,429.97308349609375,176.63739013671875,0.005056773565711544,0.0912880886670746,-0.001658155060430544,0.0,-0.005324474552301672,0
2024-02-29 05:00:00+00:00,177.8636443459848,178.60129946489397,176.12965341805872,178.24684143066406,9643000,0.0,0.0,5096.27001953125,,433.6576843261719,178.24684143066406,0.00907035131497598,0.07633213464161362,0.005229094697149161,0.0,0.008569375552810898,0
2024-03-01 05:00:00+00:00,177.9019417506201,178.61087237153285,177.32714617677203,177.5091552734375,6311800,0.0,0.0,5137.080078125,,440.1871643066406,177.5091552734375,-0.004147152662732662,0.08949542988946367,0.00800782894888763,0.0,0.015056760704273975,0
2024-03-04 05:00:00+00:00,176.95351382755808,179.71256458406262,176.53198832666763,178.8407745361328,7063600,0.0,0.0,5130.9501953125,,438.6165771484375,178.8407745361328,0.007473695654487722,0.08575800446955932,-0.0011932620709189656,0.0,-0.0035679985368883838,0
2024-03-05 05:00:00+00:00,178.5342250453487,181.35076859433357,178.5342250453487,180.63226318359375,6617800,0.0,0.0,5078.64990234375,,430.7435607910156,180.63226318359375,0.009967387210210184,0.0904509862988415,-0.010193100883444606,0.0,-0.0179496552743319,0
2024-03-06 05:00:00+00:00,181.30286510676484,182.08843803828077,179.75089809907624,181.57110595703125,7572900,0.0,0.0,5104.759765625,,433.4502258300781,181.57110595703125,0.0051840758867195075,0.09041759542592272,0.005141103203274655,0.0,0.006283704007303159,0
2024-03-07 05:00:00+00:00,181.93514727898537,182.500368007532,178.79288489428228,179.98080444335938,7618300,0.0,0.0,5157.35986328125,,440.0291748046875,179.98080444335938,-0.008797142119805233,0.12747248018527274,0.010304127925951478,0.0,0.01517809562103789,0
2024-03-08 05:00:00+00:00,180.52689436305064,182.4620731636392,180.02872648390257,180.31613159179688,6172200,0.0,0.0,5123.68994140625,,433.6774291992187,180.31613159179688,0.0018613938211483256,0.11603129268796074,-0.0065285190034379825,0.0,-0.01443482834584342,0
2024-03-11 04:00:00+00:00,179.4156118276523,180.5269038402336,178.40012639540902,180.38319396972656,5762600,0.0,0.0,5117.93994140625,,432.06732177734375,180.38319396972656,0.0003718464324712088,0.11011548228557377,-0.001122238087346461,0.0,-0.0037126843904419227,0
2024-03-12 04:00:00+00:00,181.0154619245126,182.17465709667465,180.0191408441831,181.8680877685547,5708400,0.0,0.0,5175.27001953125,,438.2609252929687,181.8680877685547,0.008198188331438087,0.10219647908267752,0.011201787981366396,0.0,0.014334811274657522,0
2024-03-13 04:00:00+00:00,182.36625809133085,183.67872332732483,181.86809023539396,183.3434295654297,7795500,0.0,0.0,5165.31005859375,,434.8924865722656,183.3434295654297,0.008079426591708946,0.11072652671219828,-0.0019245297153407392,0.0,-0.007685920706828497,0
2024-03-14 04:00:00+00:00,183.00811407017264,183.58292423683056,179.24315279445565,180.0766143798828,10310900,0.0,0.0,5150.47998046875,,433.79595947265625,180.0766143798828,-0.017978662622046147,0.1700992864039834,-0.0028710915621273925,0.0,-0.0025213751294071995,0
2024-03-15 04:00:00+00:00,178.6491972115897,182.92191620153875,178.6491972115897,182.3087921142578,17214200,0.0,0.0,5117.08984375,,428.6394958496094,182.3087921142578,0.01231951356675103,0.19172551917735783,-0.006482917484461503,0.0,-0.011886841060749664,0
2024-03-18 04:00:00+00:00,182.6249332720875,184.6080007490843,181.91600261926007,184.56968688964844,9013800,0.0,0.0,5149.419921875,,432.7276306152344,184.56968688964844,0.012325189542632587,0.2030010973141145,0.006318059504952345,0.0,0.009537466344583745,0
2024-03-19 04:00:00+00:00,184.61760186984023,185.7863573820429,184.30145769185555,185.65223693847656,8478700,0.0,0.0,5178.509765625,,433.8057556152344,185.65223693847656,0.005848130888401105,0.20104478780079355,0.0056491496501236416,0.0,0.0024914632755648203,0
2024-03-20 04:00:00+00:00,186.0354211993634,188.30589359404527,185.47977526713157,188.08555603027344,9367000,0.0,0.0,5224.6201171875,,438.94927978515625,188.08555603027344,0.013021714802748103,0.21003935873690202,0.008904173912846591,0.0,0.01185674487565791,0
2024-03-21 04:00:00+00:00,188.26759566341468,191.05538575190852,188.08557194045497,190.700927734375,11203800,0.0,0.0,5241.52978515625,,441.02642822265625,190.700927734375,0.013809432906297294,0.050785441466944456,0.0032365354015160275,0.0,0.004732092141754185,0
2024-03-22 04:00:00+00:00,190.65302489235967,192.06129677346303,188.2867457244122,188.36338806152344,8108800,0.0,0.0,5234.18017578125,,441.5309143066406,188.36338806152344,-0.012333365109827391,0.17480134993852053,-0.0014021878490156903,0.0,0.001143890823090743,0
2024-03-25 04:00:00+00:00,188.34421336610853,188.66993229194443,186.1982720667801,186.6389617919922,8620000,0.0,0.0,5218.18994140625,,439.9284973144531,186.6389617919922,-0.009196947299507046,0.195440590305608,-0.0030549644525015296,0.0,-0.003629229438450232,0
2024-03-26 04:00:00+00:00,186.41862975146785,188.4017118020286,185.9108870716493,187.51075744628903,5961500,0.0,0.0,5203.580078125,,438.5041809082031,187.51075744628903,0.0046601517371406736,0.19423321384066106,-0.002799795225030266,0.0,-0.0032376088726798757,0
2024-03-27 04:00:00+00:00,188.2484157114437,191.21824389303464,188.13345952465664,191.1416015625,8725800,0.0,0.0,5248.490234375,,439.9977416992187,191.1416015625,0.019178305993661805,0.2195286234040985,0.008630626525532925,0.0,0.0034060354633842493,0
2024-03-28 04:00:00+00:00,191.11287144733137,192.29121627105735,190.20275286596728,191.88885498046875,8628300,0.0,0.0,5254.35009765625,,439.1866760253906,191.88885498046875,0.0039018012965948623,0.19981262907477082,0.0011164855071790214,0.0,-0.001843340537830529,0
2024-04-01 04:00:00+00:00,191.59189391076256,192.50199796358424,190.23152523700224,190.5859832763672,7309000,0.0,0.0,5243.77001953125,,440.1164855957031,190.5859832763672,-0.006812875583996746,0.1789365793877524,-0.0020135845401164643,0.0,0.002117116982526035,0
2024-04-02 04:00:00+00:00,190.05904331855777,191.3906727102747,189.76206343248143,190.50930786132812,7014700,0.0,0.0,5205.81005859375,,436.3181457519531,190.50930786132812,-0.00040239498024123176,0.15207054669349485,-0.0072390590731691296,0.0,-0.008630305766912816,0
2024-04-03 04:00:00+00:00,190.68175536029025,191.1799232200789,189.39802916201796,189.97283935546875,9353400,0.0,0.0,5211.490234375,,437.29742431640625,189.97283935546875,-0.0028199423562272493,0.15944338842157854,0.001091122364688113,0.0,0.00224441402217046,0
2024-04-04 04:00:00+00:00,191.900034755492,192.41073918574324,188.43109983510448,188.52745056152344,9243800,1.15,0.0,5147.2099609375,,430.61083984375,188.52745056152344,-0.007637488574700168,0.07536505867372693,-0.012334336350379616,0.0,-0.015290701707445176,1
2024-04-05 04:00:00+00:00,189.0189006224198,190.90753960667652,188.00712238634617,190.26193237304688,6532300,0.0,0.0,5204.33984375,,435.6850891113281,190.26193237304688,0.009158091606180798,0.10714746819223558,0.011099194174331695,0.0,0.011783840066402762,1
2024-04-08 04:00:00+00:00,190.42573235528224,191.73622278453385,190.42573235528224,191.25442504882812,8001000,0.0,0.0,5202.39013671875,,435.813720703125,191.25442504882812,0.005202895736347581,0.10498030854697361,-0.00037463099831791524,0.0,0.0002952398303537329,1
2024-04-09 04:00:00+00:00,190.85937544895748,191.63988548294424,187.8144100172181,189.9728546142578,7351500,0.0,0.0,5209.91015625,,437.4260559082031,189.9728546142578,-0.006723418446933203,0.11795253510274836,0.0014454931932483817,0.0,0.0036995971638451586,1
2024-04-10 04:00:00+00:00,188.4310933066945,189.89576250853975,187.1109575411202,188.35400390625,7681400,0.0,0.0,5160.64013671875,,433.6079406738281,188.35400390625,-0.008557999792167571,0.1311613180142107,-0.009456980649108493,0.0,-0.008728595799917915,1
2024-04-11 04:00:00+00:00,188.86471669386384,189.41397318264956,186.2051984254445,188.31546020507812,10137700,0.0,0.0,5199.06005859375,,440.5318908691406,188.31546020507812,-0.000204655301152891,0.12015786168187652,0.007444797710585593,0.0,0.015968227391206513,1
2024-04-12 04:00:00+00:00,181.46428547393805,182.05206452908797,175.89469075931578,176.13558959960938,31532300,0.0,0.0,5123.41015625,,433.5090026855469,176.13558959960938,-0.06686444252071032,0.4645876397281794,-0.01455068829580164,0.0,-0.015941838330337577,0
2024-04-15 04:00:00+00:00,177.78333791789487,180.635586556652,175.5670657240583,176.23194885253906,14766600,0.0,0.0,5061.81982421875,,426.3773193359375,176.23194885253906,0.0005469247011512325,0.45258169644515056,-0.01202135494776202,0.0,-0.016451061697517866,0
2024-04-16 04:00:00+00:00,176.2416050129826,176.49214924448614,173.10991974558794,174.2180633544922,16451800,0.0,0.0,5051.41015625,,426.4169006347656,174.2180633544922,-0.011493266352182912,0.44742020488186407,-0.0020565070133361507,0.0,9.283162361861663e-05,0
2024-04-17 04:00:00+00:00,174.76729307171811,175.77907118283397,172.67629281717151,173.52426147460938,9017100,0.0,0.0,5022.2099609375,,421.2140502929687,173.52426147460938,-0.00399032703783779,0.45417626014522405,-0.005780602724641426,0.0,-0.012201323010537224,0
2024-04-18 04:00:00+00:00,174.50713892954175,176.68485931658026,173.4182713843728,174.65167236328125,9557700,0.0,0.0,5011.1201171875,,418.8104248046875,174.65167236328125,0.006476121520272388,0.47133790541453136,-0.002208160119998248,0.0,-0.00570642286649603,0
2024-04-19 04:00:00+00:00,175.7597928603478,179.11311539639945,174.8058428364993,179.03602600097656,13402300,0.0,0.0,4967.22998046875,,410.1455993652344,179.03602600097656,0.024793501445819474,0.2176055443754,-0.00875854812743615,0.0,-0.02068913505076664,0
2024-04-22 04:00:00+00:00,179.2191232415869,183.2084078209713,179.2094778769642,182.51461791992188,11529700,0.0,0.0,5010.60009765625,,414.2703247070313,182.51461791992188,0.019243219840762004,0.24199743449513736,0.008731248071466746,0.0,0.010056734360140984,0
2024-04-23 04:00:00+00:00,184.17200702206668,185.2319532178689,183.5842131968009,185.14523315429688,9144400,0.0,0.0,5070.5498046875,,420.4524230957031,185.14523315429688,0.01431029316347122,0.17881568182474333,0.011964576270872662,0.0,0.014922860798788129,0
2024-04-24 04:00:00+00:00,183.5938538657154,186.19555883778995,183.24695888921872,186.051025390625,6964900,0.0,0.0,5071.6298828125,,421.8768310546875,186.051025390625,0.004880404979033736,0.13372459026836178,0.0002130100613548791,0.0,0.003387798192472591,0
2024-04-25 04:00:00+00:00,185.25123732550676,186.87971609457637,184.2201830692837,186.33045959472656,9802300,0.0,0.0,5048.419921875,,419.8392028808594,186.33045959472656,0.0015007956507938271,0.1543027660518742,-0.004576430353515626,0.0,-0.004829912485912247,0
2024-04-26 04:00:00+00:00,186.5231648342779,187.77582706610977,186.03172178018212,186.44607543945312,6413700,0.0,0.0,5099.9599609375,,426.3179931640625,186.44607543945312,0.0006202957405731111,0.1310487858448067,0.01020914263474304,0.0,0.015431599142592844,0
2024-04-29 04:00:00+00:00,186.43644478831635,187.18804806804823,185.42466661843113,186.2437286376953,5387800,0.0,0.0,5116.169921875,,428.0489501953125,186.2437286376953,-0.0010858725912368543,0.09740584755753004,0.0031784486665891176,0.0,0.004060248591440274,0
2024-04-30 04:00:00+00:00,185.79082028032872,187.89146582521732,184.66341546581037,184.75978088378903,8153700,0.0,0.0,5035.68994140625,,419.9776306152344,184.75978088378903,-0.007999685337625326,0.07561705200196273,-0.01573051358686217,0.0,-0.01885606675684004,0
2024-05-01 04:00:00+00:00,185.27050491712367,187.3807813464834,183.8443730368157,184.87542724609375,7445300,0.0,0.0,5018.39013671875,,416.9410095214844,184.87542724609375,0.0006257324169045163,0.06156714076181486,-0.0034354388154940185,0.0,-0.0072304353193801685,0
2024-05-02 04:00:00+00:00,186.0413664917837,186.45570544630328,182.6205999628326,184.6826934814453,6501700,0.0,0.0,5064.2001953125,,422.2624816894531,184.6826934814453,-0.0010430499091335617,0.05682669257091843,0.009128437077573048,0.0,0.012763129666894857,0
2024-05-03 04:00:00+00:00,185.01031688319264,185.52102126915833,181.59919563511028,183.57455444335935,8922800,0.0,0.0,5127.7900390625,,430.7493286132813,183.57455444335935,-0.006018305893839547,0.05869929102681166,0.012556739721478527,0.0,0.02009851050434963,0
2024-05-06 04:00:00+00:00,184.7501553064273,185.20304635349385,182.90969913363128,185.0103302001953,7911100,0.0,0.0,5180.740234375,,435.4675598144531,185.0103302001953,0.007790786214213648,0.09835819948625303,0.01032612390701182,0.0,0.010953542786384052,0
2024-05-07 04:00:00+00:00,184.72122647131476,185.90644464013317,184.67304376294203,184.7694091796875,7688800,0.0,0.0,5187.7001953125,,435.5367736816406,184.7694091796875,-0.001303051676119531,0.0794095383113993,0.0013434298232750663,0.0,0.00015894150006712238,0
2024-05-08 04:00:00+00:00,184.0467374422853,189.49104604551445,184.0467374422853,188.52745056152344,9227600,0.0,0.0,5187.669921875,,435.279541015625,188.52745056152344,0.02013501184341579,0.16432058699101854,-5.835618166138978e-06,0.0,-0.0005906106706931036,0
2024-05-09 04:00:00+00:00,188.0649251718864,190.3968244331901,187.9974811350408,190.3101043701172,7977300,0.0,0.0,5214.080078125,,436.2291259765625,190.3101043701172,0.009411247343737406,0.16119002854475645,0.005090947698625836,0.0,0.0021815520176340364,0
2024-05-10 04:00:00+00:00,191.31222172747283,192.08310097798216,191.05206155927368,191.5338592529297,7529800,0.0,0.0,5222.68017578125,,437.25787353515625,191.5338592529297,0.006409733761388362,0.12223764261983859,0.001649398844549843,0.0,0.002358273433234803,0
2024-05-13 04:00:00+00:00,191.56278955355825,192.57456777562447,190.83044755880903,191.49533081054688,7049200,0.0,0.0,5221.419921875,,438.2667541503906,191.49533081054688,-0.00020117757869253665,0.13734627902125238,-0.00024130405535727206,0.0,0.002307289762623954,0
2024-05-14 04:00:00+00:00,191.75549870329445,194.2415767825372,190.94608203655497,194.1741180419922,8596200,0.0,0.0,5246.68017578125,,441.0858154296875,194.1741180419922,0.013891846084238654,0.12171219940504352,0.004837813139759728,0.0,0.006432295520023779,0
2024-05-15 04:00:00+00:00,194.65590813494663,195.31116067512863,192.49746377505176,194.7522735595703,8370000,0.0,0.0,5308.14990234375,,447.9801025390625,194.7522735595703,0.0029730867122118266,0.08711755395103044,0.011715927882596233,0.0,0.015630262566160402,0
2024-05-16 04:00:00+00:00,194.85823753397796,197.03595756058348,194.63661473782489,195.09913635253903,8497900,0.0,0.0,5297.10009765625,,447.070068359375,195.09913635253903,0.0017794619984824362,0.08787814205547947,-0.0020816677921287052,0.0,-0.0020314165172283793,0
2024-05-17 04:00:00+00:00,196.39036694832853,197.5852304817056,195.42677159333684,197.33468627929688,9260500,0.0,0.0,5303.27001953125,,446.85247802734375,197.33468627929688,0.011393381409450825,0.09938830405550053,0.0011647735102702228,0.0,-0.00048670297439001864,0
2024-05-20 04:00:00+00:00,196.94928058388157,198.3850431496676,188.28655188085736,188.4600067138672,17373300,0.0,0.0,5308.1298828125,,449.96826171875,188.4600067138672,-0.04601538393397647,0.3889381604300171,0.0009163899374069473,0.0,0.006972734503255085,0
2024-05-21 04:00:00+00:00,189.82829671705844,192.62271753868023,189.44286443245517,192.25656127929688,14420800,0.0,0.0,5321.41015625,,450.8486022949219,192.25656127929688,0.01994491829088538,0.4076172806688027,0.002501874243978186,0.0,0.0019564503789872845,0
2024-05-22 04:00:00+00:00,191.75547457442977,193.6248519052207,190.49316701895492,191.0905914306641,9425300,0.0,0.0,5307.009765625,,450.7595520019531,191.0905914306641,-0.0060831204086677255,0.40574366272694484,-0.002706123039226127,0.0,-0.00019751706563020388,0
2024-05-23 04:00:00+00:00,190.608789439155,191.08095644296316,188.93214297889745,189.75119018554688,8069400,0.0,0.0,5267.83984375,,448.7318420410156,189.75119018554688,-0.007033927642052589,0.4029282051309271,-0.0073807894850155265,0.0,-0.004498429266627579,0
2024-05-24 04:00:00+00:00,190.55101012784888,193.45142728970407,190.36792463031807,193.40325927734375,7356200,0.0,0.0,5304.72021484375,,452.9752807617187,193.40325927734375,0.019063746753399623,0.42626298292274395,0.0070010425881694704,0.0,0.009456513496796104,0
2024-05-28 04:00:00+00:00,192.58416908738295,193.1141494756289,191.4278575969454,192.23727416992188,6910200,0.0,0.0,5306.0400390625,,454.68646240234375,192.23727416992188,-0.006047023376902825,0.22527146170372447,0.0002488018529340774,0.0,0.003777649053492649,0
2024-05-29 04:00:00+00:00,190.79190735016735,191.74587218010635,189.7223157662844,190.8979034423828,6120000,0.0,0.0,5266.9501953125,,451.4816589355469,190.8979034423828,-0.006991663840216458,0.18191686068632265,-0.007367046509680453,0.0,-0.007048381097304324,0
2024-05-30 04:00:00+00:00,191.33151370112188,192.5745600882193,191.17733489750825,192.073486328125,6829100,0.0,0.0,5235.47998046875,,446.6447448730469,192.073486328125,0.006139291913387785,0.1828635627910379,-0.005975035585443322,0.0,-0.010713423162978408,0
2024-05-31 04:00:00+00:00,192.04458221888913,195.89896414118172,191.12916945300464,195.25335693359375,14417900,0.0,0.0,5277.509765625,,445.81390380859375,195.25335693359375,0.016419941480423077,0.19324716568983621,0.00802787620486467,0.0,-0.0018601832306104349,0
2024-06-03 04:00:00+00:00,194.94497641657145,195.05097249511215,191.93856357548697,194.4728240966797,6444300,0.0,0.0,5283.39990234375,,448.2076110839844,194.4728240966797,-0.004005550145237287,0.15928323185195176,0.0011160825806737495,0.0,0.005369297042871812,0
2024-06-04 04:00:00+00:00,192.8732787271311,194.6270148906723,191.06171448284195,191.90968322753903,6848300,0.0,0.0,5291.33984375,,449.43408203125,191.90968322753903,-0.013267569930027532,0.18575206062962868,0.0015028090913065117,0.0,0.002736390273024192,0
2024-06-05 04:00:00+00:00,192.48784635418596,192.54567443933476,189.7512384558731,190.078857421875,8351600,0.0,0.0,5354.02978515625,,458.49462890625,190.078857421875,-0.009585836380394985,0.1923976212112196,0.011847649793331305,0.0,0.02015990161237924,0
2024-06-06 04:00:00+00:00,190.07881143660111,190.81115330496309,188.21907948836196,189.74156188964844,7640300,0.0,0.0,5352.9599609375,,458.33636474609375,189.74156188964844,-0.0017760794509328744,0.1821921100889009,-0.00019981663563317653,0.0,-0.0003451821464818261,0
2024-06-07 04:00:00+00:00,190.24264896458575,193.60560249014668,189.83794062651856,192.67091369628903,6964500,0.0,0.0,5346.990234375,,457.9308471679687,192.67091369628903,0.015320677500494548,0.17504916570084125,-0.0011152197300303701,0.0,-0.0008847597732065671,0
2024-06-10 04:00:00+00:00,191.98675138719827,193.52849519396025,191.21587213216785,192.34327697753903,6070800,0.0,0.0,5360.7900390625,,459.780517578125,192.34327697753903,-0.0017019466075431794,0.174699584014634,0.0025808546645145203,0.0,0.004039191553911303,0
2024-06-11 04:00:00+00:00,190.70517529026583,190.7340819769337,186.55208133491664,187.2844085693359,9235300,0.0,0.0,5375.31982421875,,462.9358520507813,187.2844085693359,-0.02665331366447619,0.24127473830820423,0.0027103813151374556,0.0,0.006862697204476742,0
2024-06-12 04:00:00+00:00,188.8647068899173,189.55849678536873,184.34544190823777,184.55743408203125,12751300,0.0,0.0,5421.02978515625,,468.9992370605469,184.55743408203125,-0.014667652019987203,0.2500574104038771,0.008503672791998707,0.0,0.013097678615525465,0
2024-06-13 04:00:00+00:00,185.31869460949812,187.49641515796617,183.93111472954303,186.6099090576172,8587800,0.0,0.0,5433.740234375,,471.5413513183594,186.6099090576172,0.0110596793303294,0.2783793664747579,0.0023446558536817097,0.0,0.005420295081384863,0
2024-06-14 04:00:00+00:00,184.48033066680375,187.76619440766876,184.45142398196433,186.7255096435547,6874000,0.0,0.0,5431.60009765625,,473.9845581054687,186.7255096435547,0.0006192854138201143,0.2320404539758083,-0.000393860697500914,0.0,0.0051813203238242345,0
2024-06-17 04:00:00+00:00,186.43642762714947,188.45998378065488,185.6270110470667,187.88182067871097,8725400,0.0,0.0,5473.22998046875,,479.7907104492187,187.88182067871097,0.006173476138785117,0.24799271863001135,0.007664386564552705,0.0,0.012249665615600147,0
2024-06-18 04:00:00+00:00,187.5156697796133,190.75335089548557,187.0627787676238,189.8282928466797,9023000,0.0,0.0,5487.02978515625,,479.9391174316406,189.8282928466797,0.010306789939523655,0.1675827112318046,0.0025213273947457537,0.0,0.0003093160813449902,0
2024-06-20 04:00:00+00:00,189.24048853874228,192.18908793135557,188.97068301937233,191.43748474121097,8731100,0.0,0.0,5473.169921875,,476.23974609375,191.43748474121097,0.008441363188504757,0.06658673160221468,-0.0025259318472709014,0.0,-0.007708001293346367,0
2024-06-21 04:00:00+00:00,189.54887100568703,189.99211668717973,187.1495129968505,189.15379333496097,20972100,0.0,0.0,5464.6201171875,,474.9637451171875,189.15379333496097,-0.01200089936970094,0.14272432615984348,-0.001562130321101196,0.0,-0.0026793248296232974,0
2024-06-24 04:00:00+00:00,190.6088079023479,191.97711163596483,189.92466338718907,191.63986206054688,9785900,0.0,0.0,5447.8701171875,,469.5564270019531,191.63986206054688,0.013057486713499577,0.157778620812,-0.003065171894990004,0.0,-0.011384696560155838,0
2024-06-25 04:00:00+00:00,190.87863632435608,192.7865660732813,190.54138670851245,190.859375,6862500,0.0,0.0,5469.2998046875,,474.9260864257813,190.859375,-0.004080991898246142,0.17008950288446137,0.003933590015736899,0.0,0.011435599887563264,0
2024-06-26 04:00:00+00:00,190.26192128986204,190.73408836007184,189.13451636218556,190.24264526367188,7758600,0.0,0.0,5477.89990234375,,475.9068908691406,190.24264526367188,-0.0032365626100452024,0.16109989249471202,0.0015724312002203256,0.0,0.002065172816133831,0
2024-06-27 04:00:00+00:00,190.25229544661775,192.58419476248764,189.7319456494045,191.9193115234375,7913500,0.0,0.0,5482.8701171875,,477.1353454589844,191.9193115234375,0.008774693492738666,0.1621573129155668,0.0009073212238914774,0.0,0.002581291873291036,0
2024-06-28 04:00:00+00:00,192.7287151095248,195.2244384276402,192.04457059358023,194.8968048095703,15307600,0.0,0.0,5460.47998046875,,474.6585693359375,194.8968048095703,0.015395181165143516,0.14477936964740412,-0.004083652583445674,0.0,-0.0051909298831431805,0
2024-07-01 04:00:00+00:00,195.45568801743792,199.55096848022373,195.28224790247992,197.97067260742188,10205800,0.0,0.0,5475.08984375,,477.4425354003906,197.97067260742188,0.01564868919961964,0.15365405005864358,0.0026755639309195,0.0,0.005865197100197728,0
2024-07-02 04:00:00+00:00,197.81649464048775,201.25653730118145,197.3154356152056,201.2276306152344,7802900,0.0,0.0,5509.009765625,,482.45550537109375,201.2276306152344,0.016317856318743208,0.13185331949743054,0.006195317856513505,0.0,0.010499630005732952,0
2024-07-03 04:00:00+00:00,201.92140497688055,202.7211908676904,200.0905650221468,201.09271240234375,5560900,0.0,0.0,5537.02001953125,,486.4777526855469,201.09271240234375,-0.0006707004519648579,0.1151097179769913,0.005084444409779065,0.0,0.008337032679022416,0
2024-07-05 04:00:00+00:00,200.55981469829467,200.9279998596982,198.16654461770065,198.4281463623047,8093100,1.15,0.0,5567.18994140625,,491.5502014160156,198.4281463623047,-0.013339005912279435,0.2106100605061286,0.005448765178485582,0.0,0.010426887360145187,1
2024-07-08 04:00:00+00:00,198.6703899428391,200.47260930809625,197.6336373685352,198.79635620117188,8707000,0.0,0.0,5572.85009765625,,492.71923828125,198.79635620117188,0.0018539135524232025,0.19675372460376642,0.0010166989647510949,0.0,0.0023782654586788077,1
2024-07-09 04:00:00+00:00,199.2420772065153,203.243768068706,199.06766124607273,201.1799468994141,9058900,0.0,0.0,5576.97998046875,,493.1452331542969,201.1799468994141,0.011918800673959304,0.18417633154473587,0.0007410719362856977,0.0,0.0008645793383932343,1
2024-07-10 04:00:00+00:00,199.73621498518904,201.5093674070047,199.19361387387812,201.3446502685547,8328500,0.0,0.0,5633.91015625,,498.2869873046875,201.3446502685547,0.0008183518696309633,0.14297544224412814,0.010208065293514812,0.0,0.010426450069287885,1
2024-07-11 04:00:00+00:00,199.8040388100942,201.6353248733567,198.9998212034549,201.00550842285156,10658100,0.0,0.0,5584.5400390625,,487.3594970703125,201.00550842285156,-0.0016858048577611654,0.14350807419850875,-0.008763028841120457,0.0,-0.021930113594744838,1
2024-07-12 04:00:00+00:00,197.6626853145437,201.005507182762,195.82171523777728,198.573486328125,15443400,0.0,0.0,5615.35009765625,,490.22271728515625,198.573486328125,-0.012173072953139075,0.1368072529545451,0.0055170270744306915,0.0,0.00587496546605859,0
2024-07-15 04:00:00+00:00,200.75361079562128,205.03630099143192,200.2982102404657,203.52476501464844,10719700,0.0,0.0,5631.22021484375,,491.540283203125,203.52476501464844,0.024628453062804628,0.22306375310440923,0.0028262026252154904,0.0,0.0026876884149011904,0
2024-07-16 04:00:00+00:00,203.47631680452577,207.10013843584824,201.61596368219992,206.98385620117188,11557000,0.0,0.0,5667.2001953125,,491.7285461425781,206.98385620117188,0.016853107975678298,0.23552452559647047,0.006389375498743188,0.0,0.00038300612561448233,0
2024-07-17 04:00:00+00:00,207.15826659720184,210.8014561824825,206.64473232755455,210.1328887939453,11572500,0.0,0.0,5588.27001953125,,477.2938537597656,210.1328887939453,0.015099333504554073,0.23872131712106673,-0.013927543241993745,0.0,-0.029355001852235607,0
2024-07-18 04:00:00+00:00,208.93141490981057,209.91003373180175,202.73992215128823,203.45692443847656,12415100,0.0,0.0,5544.58984375,,475.0350341796875,203.45692443847656,-0.03228582540662663,0.37897769310381285,-0.007816403936922511,0.0,-0.004732555347790046,0
2024-07-19 04:00:00+00:00,204.63902343657583,205.75330730910804,202.42985331170013,203.2631378173828,8095900,0.0,0.0,5505.0,,470.8245239257813,203.2631378173828,-0.0009529239088090976,0.3596276175133587,-0.007140265531926926,0.0,-0.008863578369913472,0
2024-07-22 04:00:00+00:00,203.92203559046192,205.5789059089919,203.1953344509871,203.74761962890625,7663200,0.0,0.0,5564.41015625,,477.83880615234375,203.74761962890625,0.0023806842029742334,0.3135695352399988,0.01079203564940956,0.0,0.014897869312491707,0
2024-07-23 04:00:00+00:00,204.46461837922644,204.9103200919362,202.84649909482656,203.79605102539065,5557300,0.0,0.0,5555.740234375,,476.1546020507813,203.79605102539065,0.00023767463562690853,0.27823624075915904,-0.001558102589770738,0.0,-0.003524628137936303,0
2024-07-24 04:00:00+00:00,203.04027601093728,205.44323000612815,201.60625674757168,202.1100921630859,7119000,0.0,0.0,5427.1298828125,,459.0747375488281,202.1100921630859,-0.008307184240284881,0.22658668134741092,-0.02314909375473495,0.0,-0.035870417776896035,0
2024-07-25 04:00:00+00:00,202.16823923466,203.66040709970025,201.58688722802887,202.1876220703125,6403800,0.0,0.0,5399.22021484375,,454.0122375488281,202.1876220703125,0.0003835287979501335,0.06543087689839211,-0.005142620237842288,0.0,-0.011027616172108679,0
2024-07-26 04:00:00+00:00,202.739924098082,206.53814676283224,202.13917446481165,205.646728515625,8027800,0.0,0.0,5459.10009765625,,458.6685485839844,205.646728515625,0.016963698086492153,0.14537616080778004,0.011090468702846357,0.0,0.010255915259675064,0
2024-07-29 04:00:00+00:00,206.04398233686015,206.9741662638421,204.00922809779337,204.29991149902344,6533600,0.0,0.0,5463.5400390625,,459.58990478515625,204.29991149902344,-0.00657071789738565,0.15848466420010615,0.0008133101292933098,0.0,0.002008762545451015,0
2024-07-30 04:00:00+00:00,206.60596247075225,209.086433183662,206.3443607207926,208.5050811767578,8850700,0.0,0.0,5436.43994140625,,453.2791137695313,208.5050811767578,0.02037434246201245,0.21162049688206394,-0.004960171878030217,0.0,-0.013731352560006793,0
2024-07-31 04:00:00+00:00,208.10780244291595,209.66778796696985,206.0633495484698,206.18931579589844,9071600,0.0,0.0,5522.2998046875,,466.6933288574219,206.18931579589844,-0.011168655616655223,0.22324485130955576,0.0157933986591674,0.0,0.029593719808389318,0
2024-08-01 04:00:00+00:00,206.5769195414452,207.18735326494604,199.96879115335904,201.4997100830078,10918600,0.0,0.0,5446.68017578125,,455.3893737792969,201.4997100830078,-0.02300681288587241,0.2967497586878157,-0.013693502993456064,0.0,-0.02422137703532168,0
2024-08-02 04:00:00+00:00,197.54639931924424,198.31185118026227,190.77354085678735,192.95364379882812,18041700,0.0,0.0,5346.56005859375,,444.5806884765625,192.95364379882812,-0.04333797010730408,0.3704863273567175,-0.018381860868696753,0.0,-0.02373504065989207,0
2024-08-05 04:00:00+00:00,188.02181219061256,190.0759493588687,184.96965851641983,188.84539794921875,13927000,0.0,0.0,5186.330078125,,431.3250122070313,188.84539794921875,-0.021521292438213897,0.37000039161494763,-0.02996879838863975,0.0,-0.029816131498995646,0
2024-08-06 04:00:00+00:00,189.32983888880372,196.306180719586,187.97333619102417,194.1163787841797,10605800,0.0,0.0,5240.02978515625,,435.4463195800781,194.1163787841797,0.027529189794789025,0.4147658194543804,0.010354085880061037,0.0,0.009554992769741366,0
2024-08-07 04:00:00+00:00,197.1879023844961,199.35832151107093,193.9807307806711,194.1745147705078,9204400,0.0,0.0,5199.5,,430.7305603027344,194.1745147705078,0.0002994455328598423,0.4280017439967663,-0.007734647858502863,0.0,-0.010829714399449686,0
2024-08-08 04:00:00+00:00,196.18023761176147,198.5444409793832,195.5213542345817,197.72084045410156,7761200,0.0,0.0,5319.31005859375,,443.906982421875,197.72084045410156,0.018098823784712986,0.4597565821420629,0.023042611519136447,0.0,0.030590868941084093,0
2024-08-09 04:00:00+00:00,197.14916420781512,200.0559685970376,196.59686427717244,199.4067840576172,5540200,0.0,0.0,5344.16015625,,446.2252502441406,199.4067840576172,0.00849074014560156,0.2974438421573172,0.004671676849538509,0.0,0.005222418015633723,0
2024-08-12 04:00:00+00:00,199.99783480666875,200.7051530680691,197.33326411745605,199.78466796875,6936000,0.0,0.0,5344.39013671875,,447.1862487792969,199.78466796875,0.001893247072741774,0.18221048834201561,4.303397765514916e-05,0.0,0.0021536175611542863,0
2024-08-13 04:00:00+00:00,201.2768180938325,201.6256352066891,199.01919827795092,201.4803009033203,6387800,0.0,0.0,5434.43017578125,,458.2821960449219,201.4803009033203,0.00845148796441131,0.11154353891818328,0.016847579753558328,0.0,0.024812809642322575,0
2024-08-14 04:00:00+00:00,201.28652524962936,204.2126977671037,200.6857756063299,203.7088623046875,6999800,0.0,0.0,5455.2099609375,,458.4308166503906,203.7088623046875,0.011000214595482904,0.09260885269513636,0.0038237284285767004,0.0,0.00032429932201472056,0
2024-08-15 04:00:00+00:00,206.38310184525676,207.24545318176396,204.54213173331544,204.9781494140625,7001000,0.0,0.0,5543.22021484375,,470.01214599609375,204.9781494140625,0.006211556296616184,0.05430616958654545,0.016133247764330783,0.0,0.02526298173042618,0
2024-08-16 04:00:00+00:00,205.11382769696473,207.4392655016788,205.0169282947796,207.322998046875,7931200,0.0,0.0,5554.25,,470.6165161132813,207.322998046875,0.01137456894667742,0.06191835798054598,0.001989779357261412,0.0,0.0012858606364452019,0
2024-08-19 04:00:00+00:00,207.35203609757156,208.8345050794127,207.1776349396001,208.75698852539065,6090800,0.0,0.0,5608.25,,476.7985229492187,208.75698852539065,0.006892886956461751,0.03716717874364082,0.009722284736913167,0.0,0.013135975097077424,0
2024-08-20 04:00:00+00:00,208.32099585006753,209.28993071448645,207.04199473234365,207.8559112548828,5640000,0.0,0.0,5597.1201171875,,475.7979431152344,207.8559112548828,-0.004325735838049016,0.10073899806230925,-0.0019845553982971165,0.0,-0.002098538031945374,0
2024-08-21 04:00:00+00:00,207.7686787205856,208.32097864437964,206.22807596174675,207.93341064453125,5202300,0.0,0.0,5620.85009765625,,478.0171203613281,207.93341064453125,0.0003727820146601673,0.09723161448562828,0.004239676828782013,0.0,0.004664116939144147,0
2024-08-22 04:00:00+00:00,207.9140104903408,210.06504671529737,207.68146083893973,209.90032958984375,5247100,0.0,0.0,5570.64013671875,,470.438232421875,209.90032958984375,0.009414909735381657,0.1040256375106748,-0.008932805548120926,0.0,-0.015854846231708852,0
2024-08-23 04:00:00+00:00,210.8402170417045,212.38081981547876,209.77438285463143,211.5281524658203,7214000,0.0,0.0,5634.60986328125,,475.5403137207031,211.5281524658203,0.007725301165083564,0.0918944856253292,0.01148337085011919,0.0,0.010845379791013077,0
2024-08-26 04:00:00+00:00,212.2064170703137,212.85560164837696,211.27624788986617,212.3614501953125,5105200,0.0,0.0,5616.83984375,,470.9236450195313,212.3614501953125,0.003931678426144575,0.08839202848752761,-0.0031537266931381813,0.0,-0.00970825935881281,0
2024-08-27 04:00:00+00:00,212.69088804295063,213.57262232321077,212.38083657255703,213.3400726318359,5185200,0.0,0.0,5625.7998046875,,472.3304443359375,213.3400726318359,0.004597701008616296,0.055795952833398374,0.0015951960865450143,0.0,0.002987319348443096,0
2024-08-28 04:00:00+00:00,212.4389526543116,215.307006137293,212.38081893248955,214.4155731201172,6506400,0.0,0.0,5592.18017578125,,466.9706726074219,214.4155731201172,0.005028584731864985,0.03699886633449681,-0.00597597320797616,0.0,-0.011347504258488073,0
2024-08-29 04:00:00+00:00,215.24885832915527,216.05307598143608,212.1385859234136,215.3070068359375,6416100,0.0,0.0,5591.9599609375,,466.2871398925781,215.3070068359375,0.00414888598415024,0.02435881433358297,-3.937906806072977e-05,0.0,-0.001463759407046128,0
2024-08-30 04:00:00+00:00,215.58800570955643,218.47542744404245,215.03570574430623,217.81655883789065,8574100,0.0,0.0,5648.39990234375,,471.8450012207031,217.81655883789065,0.011588286966693033,0.05128243255495144,0.010093051774424433,0.0,0.011919396553388584,0
2024-09-03 04:00:00+00:00,215.39419885445255,217.13828436928125,212.4292608716293,213.45632934570312,8956100,0.0,0.0,5528.93017578125,,457.5193481445313,213.45632934570312,-0.02022096997501462,0.19466926494894432,-0.02115107439771169,0.0,-0.030360930049296186,0
2024-09-04 04:00:00+00:00,214.1733344055988,215.1713508176599,210.46232725835844,212.51646423339844,7389500,0.0,0.0,5520.06982421875,,456.3304748535156,212.51646423339844,-0.004412801247510949,0.19477129241254357,-0.0016025435809103872,0.0,-0.002598520250208347,0
2024-09-05 04:00:00+00:00,213.3109829205256,213.94079938958225,209.31897641386968,210.86927795410156,8067900,0.0,0.0,5503.41015625,,456.7565307617187,210.86927795410156,-0.007781058386620038,0.19194015009938306,-0.003018017615584734,0.0,0.0009336564873074771,0
2024-09-06 04:00:00+00:00,210.84021807182933,211.94480315075108,204.53244307121116,205.85989379882812,7777000,0.0,0.0,5408.419921875,,444.521240234375,205.85989379882812,-0.024042595513926936,0.22430182383791353,-0.01726024985928465,0.0,-0.026787335710207083,0
2024-09-09 04:00:00+00:00,208.50506800911248,211.37310654550083,207.5264344644205,210.07473754882812,8935100,0.0,0.0,5471.0498046875,,450.2376708984375,210.07473754882812,0.020267550284196596,0.2767569068432689,0.0115800702824842,0.0,0.012859746951683348,0
2024-09-10 04:00:00+00:00,211.80915850031667,211.84790938798793,194.37801568910027,199.1742401123047,28406900,0.0,0.0,5495.52001953125,,454.3986206054687,199.1742401123047,-0.05328334040912849,0.4310138894879665,0.004472672652839682,0.0,0.009241673844678777,0
2024-09-11 04:00:00+00:00,198.8738715965842,201.247758946142,195.5601162898296,200.7923583984375,13658700,0.0,0.0,5554.1298828125,,464.2660827636719,200.7923583984375,0.008091311225686623,0.45664246530256386,0.010665025888896507,0.0,0.021715431585279,0
2024-09-12 04:00:00+00:00,201.19930022849985,202.2942012559952,198.5250455705068,200.1819305419922,9054400,0.0,0.0,5595.759765625,,468.8233642578125,200.1819305419922,-0.003044725534057554,0.46019843487657297,0.007495302358939249,0.0,0.00981609827496377,0
2024-09-13 04:00:00+00:00,200.43385091874683,201.39310168177548,196.71314487965583,197.97276306152344,10226700,0.0,0.0,5626.02001953125,,470.9236450195313,197.97276306152344,-0.011097144837789143,0.44494933922888297,0.005407711405364557,0.0,0.004479897807661004,0
2024-09-16 04:00:00+00:00,199.43584981187368,201.74191934565195,199.2033001395087,201.4027862548828,8634900,0.0,0.0,5633.08984375,,468.8431396484375,201.4027862548828,0.0171773536852335,0.43304447559272014,0.0012566297656613212,0.0,-0.004417925056635297,0
2024-09-17 04:00:00+00:00,201.27681826210605,203.40847182700247,201.20900051540104,202.7496032714844,7573300,0.0,0.0,5634.580078125,,469.0908203125,202.7496032714844,0.006664921634022241,0.17281717235834512,0.00026455008109871336,0.0,0.0005282804484421089,0
2024-09-18 04:00:00+00:00,202.5170423300789,204.77466202220052,200.27880547226775,201.08302307128903,8259900,0.0,0.0,5618.259765625,,467.0598754882813,201.08302307128903,-0.00825386337289041,0.18437805258940643,-0.002896455862498093,0.0,-0.0043295343593927615,0
2024-09-19 04:00:00+00:00,203.26312438535416,205.3269600701471,200.89892130291489,203.94137573242188,11635200,0.0,0.0,5713.64013671875,,478.86907958984375,203.94137573242188,0.014114705800479613,0.20402664815950902,0.01697685316676334,0.0,0.025284133194307667,0
2024-09-20 04:00:00+00:00,203.40848746171363,204.85220572136328,202.9918525698363,204.5324554443359,20885000,0.0,0.0,5702.5498046875,,477.9576721191406,204.5324554443359,0.0028940905358512676,0.15927875621756746,-0.0019410273951238066,0.0,-0.001903249780678573,0
2024-09-23 04:00:00+00:00,204.4452483421294,205.22039916009663,203.4666294901187,204.87158203125,7223500,0.0,0.0,5718.56982421875,,479.224609375,204.87158203125,0.0016566845142473661,0.1291045253605615,0.0028092730585327352,0.0,0.002650731078846613,0
2024-09-24 04:00:00+00:00,204.59057306913016,206.3346586316704,203.83480512282463,205.01690673828125,7323200,0.0,0.0,5732.93017578125,,481.53619384765625,205.01690673828125,0.000709093897985602,0.1265588391788735,0.0025111788443470395,0.0,0.004823593003020044,0
2024-09-25 04:00:00+00:00,205.1041190935442,205.6467350211927,202.12949683357203,203.6604156494141,8976500,0.0,0.0,5722.259765625,,481.9826354980469,203.6604156494141,-0.0066384699917809865,0.11838906047033633,-0.0018612489301417234,0.0,0.0009271196144642335,0
2024-09-26 04:00:00+00:00,204.5712056897728,205.123490828606,202.5170538939204,203.2631378173828,7807500,0.0,0.0,5745.3701171875,,485.603759765625,203.2631378173828,-0.0019525925932231433,0.06007495052898175,0.00403867571712313,0.0,0.007512976611359301,0
2024-09-27 04:00:00+00:00,204.10610395531677,205.84050547792145,202.82711774343403,203.9607696533203,7032500,0.0,0.0,5738.169921875,,482.9052734375,203.9607696533203,0.003426284683301346,0.062145133275590146,-0.0012532169669905446,0.0,-0.0055569716540651015,0
2024-09-30 04:00:00+00:00,199.90094435379316,204.4065002279284,198.88355981545473,204.30960083007812,8663800,0.0,0.0,5762.47998046875,,484.2148742675781,204.30960083007812,0.0017088247732962383,0.06226328119055381,0.004236552581176722,0.0,0.0027119207474290974,0
2024-10-01 04:00:00+00:00,202.410449695536,202.59454965117,199.78464497978652,200.6082305908203,8540100,0.0,0.0,5708.75,,477.4685363769531,200.6082305908203,-0.018282589952795688,0.13799907338134806,-0.009324107094664358,0.0,-0.013932529232666524,0
2024-10-02 04:00:00+00:00,200.64701110662753,202.4589143697624,199.30019238677585,200.85047912597656,5810900,0.0,0.0,5709.5400390625,,478.1432189941406,200.85047912597656,0.0012068417433483674,0.1410013147343902,0.00013839090212397487,0.0,0.0014130409980666059,0
2024-10-03 04:00:00+00:00,199.7652779699277,200.07534419024452,197.9921255825151,198.85447692871097,7251300,0.0,0.0,5699.93994140625,,477.7860412597656,198.85447692871097,-0.009987460794100872,0.1493280230425921,-0.001681413492255035,0.0,-0.000747009933815157,1
2024-10-04 04:00:00+00:00,204.04081375554424,206.3512567811376,201.7108691151778,205.91256713867188,10211700,1.25,0.0,5751.06982421875,,483.47076416015625,205.91256713867188,0.0348783618275357,0.3211144475499524,0.008970249395274354,0.0,0.011898051448723468,1
2024-10-07 04:00:00+00:00,205.727330230475,207.96953982198875,204.4210047283782,205.6298370361328,6718900,0.0,0.0,5695.93994140625,,478.2920227050781,205.6298370361328,-0.0013740025044858826,0.3219776440924954,-0.009586022165882668,0.0,-0.010711591763101103,1
2024-10-08 04:00:00+00:00,205.28863443681155,206.01978874628455,203.14391810409856,205.4543609619141,6021800,0.0,0.0,5751.1298828125,,485.4350891113281,205.4543609619141,-0.0008537233283651991,0.2756830251496635,0.009689347495581924,0.0,0.014934529674676345,1
2024-10-09 04:00:00+00:00,204.43075470295545,208.8566840625315,204.1188032466524,208.05728149414065,7024000,0.0,0.0,5792.0400390625,,489.2547302246094,208.05728149414065,0.012589512092136856,0.2782357519827175,0.007113411987488272,0.0,0.0078684899360566,1
2024-10-10 04:00:00+00:00,209.41235175203676,209.41235175203676,206.15628129018555,207.49185180664065,7927100,0.0,0.0,5780.0498046875,,488.6991882324219,207.49185180664065,-0.0027213630887128583,0.25392379011023103,-0.002070122839989974,0.0,-0.0011354861953658535,1
2024-10-11 04:00:00+00:00,210.250740587431,218.98560432950427,209.75356099050913,216.7043914794922,18320700,0.0,0.0,5815.02978515625,,489.4630432128906,216.7043914794922,0.04344210308813495,0.31085774272135835,0.006051847587953629,0.0,0.0015630371378998476,0
2024-10-14 04:00:00+00:00,217.59154635078056,218.0789826171915,213.38010474418445,215.91476440429688,9048900,0.0,0.0,5859.85009765625,,493.57037353515625,215.91476440429688,-0.003650453020048012,0.31657267386037435,0.0077076668832223305,0.0,0.008391502441746468,0
2024-10-15 04:00:00+00:00,218.03997203841485,219.78498714914952,216.24621033093248,216.8018798828125,9235800,0.0,0.0,5815.259765625,,486.972900390625,216.8018798828125,0.004100220007996582,0.30794373011225523,-0.007609466332438197,0.0,-0.013366833785580345,0
2024-10-16 04:00:00+00:00,216.7434119163105,218.0594809098427,215.48581801928876,218.02049255371097,6382500,0.0,0.0,5842.47021484375,,487.0324096679687,218.02049255371097,0.005605120337004723,0.30930708273771046,0.004679145956573816,0.0,0.0001222024414417877,0
2024-10-17 04:00:00+00:00,218.63465886479744,220.1749591936757,217.69877472337976,218.7808837890625,6470200,0.0,0.0,5841.47021484375,,487.3697204589844,218.7808837890625,0.003481637396965559,0.29693670126683,-0.00017116047891174713,0.0,0.0006925838698201847,0
2024-10-18 04:00:00+00:00,219.34631791742208,220.24319885452837,217.49406607182465,219.70701599121097,7000500,0.0,0.0,5864.669921875,,490.5643310546875,219.70701599121097,0.0042242149886923056,0.05813689587774108,0.00397155273894878,0.0,0.006554799080859208,0
2024-10-21 04:00:00+00:00,219.56077874097096,220.0287133611628,217.2990674718592,217.3965606689453,5870000,0.0,0.0,5853.97998046875,,491.5068054199219,217.3965606689453,-0.010571759024816656,0.10666721012003973,-0.0018227694906369774,0.0,0.00192120442839383,0
2024-10-22 04:00:00+00:00,217.41606776100463,219.61927424214815,215.5443143577071,218.48841857910156,9586800,0.0,0.0,5851.2001953125,,492.04254150390625,218.48841857910156,0.005009854644306647,0.10831786553749415,-0.0004748538883844189,0.0,0.0010899871132541428,0
2024-10-23 04:00:00+00:00,218.03998276879733,219.15133680262315,216.9383721046514,217.7962646484375,6180500,0.0,0.0,5797.419921875,,484.5025634765625,217.7962646484375,-0.0031729489389263343,0.10550350081148041,-0.009191323428069387,0.0,-0.015323833594343528,0
2024-10-24 04:00:00+00:00,216.25595524811104,219.4047890656316,216.09022871828077,219.32679748535156,6002200,0.0,0.0,5809.85986328125,,488.4312744140625,219.32679748535156,0.007002783536905136,0.11572318873873919,0.002145772011323821,0.0,0.008108751601455744,0
2024-10-25 04:00:00+00:00,219.34630148528672,219.95071764481568,215.32983174709776,216.7238922119141,6369700,0.0,0.0,5808.1201171875,,491.4075927734375,216.7238922119141,-0.011938686264489927,0.13773402885040864,-0.00029944716993013376,0.0,0.006093627732879137,0
2024-10-28 04:00:00+00:00,217.7377703907154,219.9702217840732,217.34781248059676,219.833740234375,6843000,0.0,0.0,5823.52001953125,,491.4869384765625,219.833740234375,0.014247377190250108,0.15970810869554117,0.0026514435020339455,0.0,0.0001614661724642641,0
2024-10-29 04:00:00+00:00,219.55104021485744,221.05233730563867,217.21133731153603,217.299072265625,6580000,0.0,0.0,5832.919921875,,496.2093200683594,217.299072265625,-0.011596916557963423,0.1832725916769562,0.001614127248163344,0.0,0.009608356239200644,0
2024-10-30 04:00:00+00:00,216.9481117981968,220.6233851560508,216.01224256208235,218.77113342285156,7110900,0.0,0.0,5813.669921875,,492.459228515625,218.77113342285156,0.006751512622311197,0.18960589596624258,-0.003300233889343751,0.0,-0.0075574790739878495,0
2024-10-31 04:00:00+00:00,219.05383314379685,220.01896220946816,216.24621064657887,216.34368896484375,7829900,0.0,0.0,5705.4501953125,,480.0281982421875,216.34368896484375,-0.011157834747251702,0.19644992614354553,-0.018614700871699585,0.0,-0.025242760321310675,0
2024-11-01 04:00:00+00:00,217.94247460855877,220.4673905920591,217.10408373706235,217.3380584716797,6923500,0.0,0.0,5728.7998046875,,483.5798950195313,217.3380584716797,0.004585718699241837,0.18220858514910251,0.004092509543626166,0.0,0.007398933625878179,0
2024-11-04 05:00:00+00:00,217.0553406627788,218.13744965545976,213.66278877033548,214.25746154785156,8229600,0.0,0.0,5712.68994140625,,482.171142578125,214.25746154785156,-0.01427563122381107,0.1582210557800293,-0.002812083478299976,0.0,-0.0029131741329928573,0
2024-11-05 05:00:00+00:00,214.50119437936183,216.3827060342441,214.4719493944743,215.9245147705078,5600700,0.0,0.0,5782.759765625,,488.3221740722656,215.9245147705078,0.007750494718208005,0.16779721769548542,0.012265644545291332,0.0,0.012756946550661619,0
2024-11-06 05:00:00+00:00,229.09503015318575,241.76837224676623,228.8708136504808,240.85198974609375,23987800,0.0,0.0,5929.0400390625,,501.5865478515625,240.85198974609375,0.10925371644117414,0.8131929262566164,0.025295927786425976,0.0,0.027163160887578197,0
2024-11-07 05:00:00+00:00,238.3563128897324,238.4245611010864,229.30949778685132,230.4403533935547,16451100,0.0,0.0,5973.10009765625,,509.483642578125,230.4403533935547,-0.04419053596892618,0.9180198106592494,0.007431229727488331,0.0,0.015744231499803973,0
2024-11-08 05:00:00+00:00,233.3259835376562,233.3259835376562,229.85543977372183,231.02528381347656,9502100,0.0,0.0,5995.5400390625,,510.0788879394531,231.02528381347656,0.0025350998472084183,0.9192656938815691,0.0037568333092317108,0.0,0.0011683306618364142,0
2024-11-11 05:00:00+00:00,233.96938766335575,236.01662575555932,232.9945152147584,233.2772216796875,9017100,0.0,0.0,6001.35009765625,,509.78131103515625,233.2772216796875,0.009700380669911189,0.8910641579430314,0.0009690634297987444,0.0,-0.0005833938854026277,0
2024-11-12 05:00:00+00:00,234.5055801689047,235.3927177038515,232.76055008364676,233.5404510498047,6861000,0.0,0.0,5983.990234375,,508.8586120605469,233.5404510498047,0.0011277610655869763,0.8966228275301681,-0.00289265965137242,0.0,-0.0018099898027562622,0
2024-11-13 05:00:00+00:00,234.53482242214545,237.95661946303815,234.2716026881157,235.10025024414065,11472600,0.0,0.0,5985.3798828125,,508.2038879394531,235.10025024414065,0.0066567199555359865,0.3533698984123515,0.00023222772482434095,0.0,-0.00128665233441283,0
2024-11-14 05:00:00+00:00,236.328587018876,238.1515938133449,234.99301646894952,235.7924041748047,10172200,0.0,0.0,5949.169921875,,504.6719970703125,235.7924041748047,0.0029397546240906773,0.05574208944469904,-0.006049734794859041,0.0,-0.006949751768844048,0
2024-11-15 05:00:00+00:00,235.3927154551627,240.22807462347745,235.3927154551627,239.14596557617188,11518800,0.0,0.0,5870.6201171875,,492.6477355957031,239.14596557617188,0.014122325552062229,0.08289212481066147,-0.013203489851361216,0.0,-0.023825893935886633,0
2024-11-18 05:00:00+00:00,241.53439878737493,241.7001253228993,236.58204483473264,238.8730010986328,9051400,0.0,0.0,5893.6201171875,,496.0704650878906,238.8730010986328,-0.0011420655925312932,0.09477948447072361,0.003917814394541086,0.0,0.0069476204697231925,0
2024-11-19 05:00:00+00:00,236.16284595910423,238.98997005346044,235.48043823378097,236.9817352294922,6792700,0.0,0.0,5916.97998046875,,499.4832763671875,236.9817352294922,-0.007948962921694065,0.13140654064714966,0.003963584828470035,0.0,0.0068796905268129205,0
2024-11-20 05:00:00+00:00,238.25883102314248,238.46356079156547,232.64357082604232,234.72979736328125,9015300,0.0,0.0,5917.10986328125,,499.1955871582031,234.72979736328125,-0.009548017458460664,0.15127494699983748,2.195086225209586e-05,0.0,-0.0005759736563689666,0
2024-11-21 05:00:00+00:00,237.1182332570701,239.32145462031437,236.02638082065624,238.6097869873047,8783500,0.0,0.0,5948.7099609375,,500.9913024902344,238.6097869873047,0.01639447304561753,0.19371739199580892,0.0053404615405816536,0.0,0.003597217960707111,0
2024-11-22 05:00:00+00:00,237.48867789284088,242.88946471506705,236.9232500873834,242.30455017089844,7997300,0.0,0.0,5969.33984375,,501.7948913574219,242.30455017089844,0.015365879515107038,0.1986075129081657,0.003467959094991535,0.0,0.001603997640663879,0
2024-11-25 05:00:00+00:00,243.31843143678847,247.91983097303608,242.80175018539992,244.00083923339844,10295400,0.0,0.0,5987.3701171875,,502.5885925292969,244.00083923339844,0.006976258043038423,0.19726646225375866,0.003020480305938378,0.0,0.0015817242972082646,0
2024-11-26 05:00:00+00:00,244.19581114213256,244.6929907482795,242.09982639974197,243.6888732910156,6212100,0.0,0.0,6021.6298828125,,505.2870788574219,243.6888732910156,-0.0012793625820784846,0.17580140434087702,0.005722005647630368,0.0,0.005369175441377827,0
2024-11-27 05:00:00+00:00,243.08445057669925,244.8782123088469,242.51902277247095,243.5133819580078,5472300,0.0,0.0,5998.740234375,,501.3087463378906,243.5133819580078,-0.0007204044673718817,0.13418274448590461,-0.003801238017440034,0.0,-0.00787341035620237,0
2024-11-29 05:00:00+00:00,243.58164146598557,245.443651495947,243.18194017414328,243.44515991210935,5494800,0.0,0.0,6032.3798828125,,505.7136535644531,243.44515991210935,-0.000280196527954176,0.11406320673852922,0.005607785488815242,0.0,0.008786815029142803,0
2024-12-02 05:00:00+00:00,243.27942956062552,243.96183731931117,238.87300180038295,240.06234741210935,8899700,0.0,0.0,6047.14990234375,,511.2198486328125,240.06234741210935,-0.013993030702454287,0.12022293270680175,0.0024484564662998753,0.0,0.010887969959975763,0
2024-12-03 05:00:00+00:00,241.99259305685095,242.78223739052356,238.48306103215356,238.6682891845703,6657700,0.0,0.0,6049.8798828125,,512.787353515625,238.6682891845703,-0.00582399395976848,0.09198407434062286,0.0004514491145146682,0.0,0.0030662050524927764,0
2024-12-04 05:00:00+00:00,238.551287978695,239.18496400289703,236.14335181254825,237.2839508056641,7346300,0.0,0.0,6086.490234375,,519.126953125,237.2839508056641,-0.005817147883054274,0.08776976630140913,0.006051417924264779,0.0,0.012363018639034884,0
2024-12-05 05:00:00+00:00,239.22394107821935,240.9689561541284,238.47328515432952,239.31167602539065,6572500,0.0,0.0,6075.10986328125,,517.6883544921875,239.31167602539065,0.008509257495280503,0.13173484402909624,-0.0018697756269248078,0.0,-0.002771188481261788,0
2024-12-06 05:00:00+00:00,239.52614792815564,241.51489597282327,238.68775706135895,241.1444396972656,5519700,0.0,0.0,6090.27001953125,,522.3214111328125,241.1444396972656,0.00762930266365486,0.15393841342209427,0.0024954538421815275,0.0,0.008949509102188946,0
2024-12-09 05:00:00+00:00,240.92023852920124,241.64163463753476,237.63490818652937,237.68365478515625,7076500,0.0,0.0,6052.85009765625,,518.2538452148438,237.68365478515625,-0.014455480853557322,0.15624503262036166,-0.006144213927296471,0.0,-0.00778747688927206,0
2024-12-10 05:00:00+00:00,237.76165533481145,241.7293935817784,236.13362003181336,236.75753784179688,9108300,0.0,0.0,6034.91015625,,516.4878540039062,236.75753784179688,-0.003904037566874018,0.15385443664436635,-0.002963883313944371,0.0,-0.0034075795621070215,0
2024-12-11 05:00:00+00:00,237.8688662681449,238.1320859819885,236.09459135498247,237.41067504882812,7884400,0.0,0.0,6084.18994140625,,525.7342529296875,237.41067504882812,0.0027548772876334624,0.15108922885094964,0.008165786048233592,0.0,0.01790245182747574,0
2024-12-12 05:00:00+00:00,236.89400116622053,237.96636679243073,234.9832446528022,235.4609375,6113800,0.0,0.0,6051.25,,522.34130859375,235.4609375,-0.008246418461765059,0.13870277596161204,-0.005414022527810203,0.0,-0.006453725084546225,0
2024-12-13 05:00:00+00:00,235.98737166739292,236.62103278438437,233.13098776801223,233.910888671875,10392700,0.0,0.0,6051.08984375,,526.3394775390625,233.910888671875,-0.006604804023429549,0.09974027724992872,-2.6466639124200775e-05,0.0,0.007654322718753326,0
2024-12-16 05:00:00+00:00,234.56406925192243,234.6225592209729,231.5517168428348,233.55995178222656,9032000,0.0,0.0,6074.080078125,,533.9191284179688,233.55995178222656,-0.0015014282184255773,0.0689442326970501,0.0037993543260221863,0.0,0.01440068853346399,0
2024-12-17 05:00:00+00:00,232.65331194344375,233.01402487713747,230.68408023952856,232.37060546875,8083600,0.0,0.0,6050.60986328125,,531.56787109375,232.37060546875,-0.005105262482562352,0.06990800728530633,-0.003863994965801476,0.0,-0.004403770532038553,0
2024-12-18 05:00:00+00:00,232.99451380384923,233.06276201501683,223.76247058150787,224.58135986328125,11322400,0.0,0.0,5872.16015625,,512.3904418945312,224.58135986328125,-0.03409548821990786,0.20776981996129287,-0.02949284635160343,0.0,-0.03607710368152883,0
2024-12-19 05:00:00+00:00,226.43364356697015,230.42086858926697,226.43364356697015,227.10630798339844,11790800,0.0,0.0,5867.080078125,,510.1086730957031,227.10630798339844,0.011180178696860157,0.26305871861949404,-0.0008651123249070469,0.0,-0.004453183768205027,0
2024-12-20 05:00:00+00:00,226.092431358534,233.19926030626976,225.77072164430072,231.6297149658203,32348400,0.0,0.0,5930.85009765625,,514.563232421875,231.6297149658203,0.01972181546729337,0.3258683063480853,0.010869123768910471,0.0,0.008732569276147517,0
2024-12-23 05:00:00+00:00,230.1381600842092,232.62407307909908,228.97805941972783,232.3998565673828,8611500,0.0,0.0,5974.06982421875,,519.5764770507812,232.3998565673828,0.0033193673676826666,0.3280853865120152,0.007287273468533639,0.0,0.0097427183153187,0
2024-12-24 05:00:00+00:00,233.41370654218963,236.3968287725742,233.06276673606905,236.22134399414065,3729100,0.0,0.0,6040.0400390625,,526.621826171875,236.22134399414065,0.016309855956460697,0.34592695156786213,0.01104275925539211,0.0,0.01355979231601201,0
2024-12-26 05:00:00+00:00,235.36344862473945,237.1474669945077,234.73953085132644,237.03048706054688,4451800,0.0,0.0,6037.58984375,,526.2639770507812,237.03048706054688,0.0034195064942357466,0.11787100107286037,-0.00040565878647391695,0.0,-0.0006795182108099151,0
2024-12-27 05:00:00+00:00,236.62105597051928,237.27421876483717,234.0083899178738,235.11000061035156,5730200,0.0,0.0,5970.83984375,,519.2683715820312,235.11000061035156,-0.008135277919417426,0.1781794230863249,-0.011055736101235558,0.0,-0.01329295899741012,0
2024-12-30 05:00:00+00:00,232.77030520037115,234.7882834899833,231.15201332053348,233.30648803710935,5723800,0.0,0.0,5906.93994140625,,512.3621215820312,233.30648803710935,-0.007700503842049846,0.1594969024941502,-0.010701995701766776,0.0,-0.013299962751359251,0
2024-12-31 05:00:00+00:00,234.01812908048691,235.3732011590255,233.0237550398253,233.68667602539065,4871000,0.0,0.0,5881.6298828125,,508.0097961425781,233.68667602539065,0.001628238276418836,0.15869308017769607,-0.004284800394927402,0.0,-0.008494627639557661,0
2025-01-02 05:00:00+00:00,234.8662870663752,237.16698682164812,233.43322326381167,233.9694061279297,9220900,0.0,0.0,5868.5498046875,,507.01611328125,233.9694061279297,0.001209137003771763,0.08800537029168724,-0.0022238866412221947,0.0,-0.0019560309050600244,0
2025-01-03 05:00:00+00:00,237.7616344424465,238.72676349550633,234.2228427899332,237.16696166992188,9491100,0.0,0.0,5942.47021484375,,515.3135375976562,237.16696166992188,0.013574008958718891,0.14059947169780018,0.01259602672149196,0.0,0.01636520832189703,0
2025-01-06 05:00:00+00:00,238.80339256994665,240.75341336991133,235.74608675084033,236.0106658935547,9917800,1.25,0.0,5975.3798828125,,521.2359008789062,236.0106658935547,-0.004887374257182332,0.1300904147136813,0.005538045085450305,0.0,0.011492737623116867,0
2025-01-07 05:00:00+00:00,237.2747542889821,240.33206029657904,236.0596638477121,238.2840576171875,8753400,0.0,0.0,5909.02978515625,,511.9348449707031,238.2840576171875,0.009586482924768679,0.11638931930313699,-0.01110391288210788,0.0,-0.017844235004764064,1
2025-01-08 05:00:00+00:00,237.8725034781478,239.3423644677141,235.66771199379835,238.244873046875,8675300,0.0,0.0,5918.25,,512.0242919921875,238.244873046875,-0.00016445830621953072,0.11955897194141116,0.001560360190925314,0.0,0.00017472344842928145,1
2025-01-10 05:00:00+00:00,238.2056720990623,238.9112065812437,233.94308413409905,235.0503692626953,10256800,0.0,0.0,5827.0400390625,,503.9952392578125,235.0503692626953,-0.013499194621865742,0.17354232977548753,-0.01541164380306681,0.0,-0.015680999632137538,1
2025-01-13 05:00:00+00:00,234.85438920536888,239.6265331425252,234.1978530851264,239.3031768798828,10005300,0.0,0.0,5836.22021484375,,502.37548828125,239.3031768798828,0.017931442081299556,0.19498812966461027,0.0015754440882007614,0.0,-0.0032138219776595145,1
2025-01-14 05:00:00+00:00,237.7843135936985,242.74264223499935,237.32375595763784,242.49766540527344,12407400,0.0,0.0,5842.91015625,,501.89849853515625,242.49766540527344,0.013260812589878728,0.19835134995502982,0.0011462798112440442,0.0,-0.0009494685891735521,1
2025-01-15 05:00:00+00:00,245.36880122143756,248.5731025308634,238.78382245178085,247.27963256835935,18448500,0.0,0.0,5949.91015625,,513.4453735351562,247.27963256835935,0.01952772879323023,0.22257437582104062,0.018312792279639112,0.0,0.023006394786397655,0
2025-01-16 05:00:00+00:00,248.8964468511728,251.87537332844937,247.26000350275368,249.16102600097656,15292300,0.0,0.0,5937.33984375,,509.84814453125,249.16102600097656,0.0075795662876371106,0.21253198692535843,-0.0021126894641922966,0.0,-0.007006059825096389,0
2025-01-17 05:00:00+00:00,249.03365028322543,255.3834456469004,247.07383560720973,253.95278930664065,17678100,0.0,0.0,5996.66015625,,518.4535522460938,253.95278930664065,0.019049002653969124,0.0803478194406821,0.009991058969353706,0.0,0.016878374094615012,0
2025-01-21 05:00:00+00:00,254.8445384648547,258.9405444411146,254.28598403961865,257.74505615234375,13712100,0.0,0.0,6049.240234375,,521.4943237304688,257.74505615234375,0.014822561055580745,0.077321330456498,0.008768227105582893,0.0,0.0058650798537331905,0
2025-01-22 05:00:00+00:00,257.6176604623576,258.08802679999536,255.0209117225283,257.5588684082031,9021900,0.0,0.0,6086.3701171875,,528.1620483398438,257.5588684082031,-0.0007226327740533337,0.13649180252317983,0.006137941522227575,0.0,0.012785804765194753,0
2025-01-23 05:00:00+00:00,259.3716610143274,261.4980430710298,258.5093378209672,260.6063537597656,10749700,0.0,0.0,6118.7099609375,,529.284912109375,260.6063537597656,0.011762736513798904,0.11980807963793738,0.00531348622041139,0.0,0.002125983442128554,0
2025-01-24 05:00:00+00:00,258.3917588239568,261.7332463118807,257.7254290357368,259.5186462402344,7666300,0.0,0.0,6101.240234375,,526.2938842773438,259.5186462402344,-0.004182491151771091,0.1601629004922227,-0.002855132319398823,0.0,-0.005651073294553277,0
2025-01-27 05:00:00+00:00,258.86215505336446,260.6259764391142,256.99052830164493,260.5083923339844,7522300,0.0,0.0,6012.27978515625,,510.9710693359375,260.5083923339844,0.0038065224129491325,0.12814695728002504,-0.014580715690809543,0.0,-0.029114560132968426,0
2025-01-28 05:00:00+00:00,260.50837209675103,261.9586158198937,259.5088474719919,261.7724609375,7375400,0.0,0.0,6067.7001953125,,518.5231323242188,261.7724609375,0.0048405797908096255,0.09597810362637588,0.009217869449967608,0.0,0.014779825006719038,0
2025-01-29 05:00:00+00:00,261.8410096864953,265.2412890633801,260.27315209491445,261.2236633300781,7684900,0.0,0.0,6039.31005859375,,517.54931640625,261.2236633300781,-0.0020986687410653767,0.0998506940830226,-0.004678895760321544,0.0,-0.001878056845031617,0
2025-01-30 05:00:00+00:00,263.2325025931336,264.28101058042995,261.2628793521523,262.8405456542969,8753500,0.0,0.0,6071.169921875,,519.7552490234375,262.8405456542969,0.006170570044108871,0.07245108448865849,0.005275414405311762,0.0,0.004262265541195243,0
2025-01-31 05:00:00+00:00,263.8204429620972,265.3784919204346,261.59603433813663,261.92919921875,7193800,0.0,0.0,6040.52978515625,,519.0000610351562,261.92919921875,-0.003473322769291538,0.06890735097755551,-0.005046825754019935,0.0,-0.0014529684687171196,0
2025-02-03 05:00:00+00:00,256.5690870601881,262.7817249766467,256.4417242448514,261.44903564453125,8381400,0.0,0.0,5994.56982421875,,514.8463745117188,261.44903564453125,-0.0018348631140879662,0.07043348603544436,-0.007608597684666707,0.0,-0.008003248622269643,0
2025-02-04 05:00:00+00:00,264.4182146013332,264.4182146013332,261.4686836979807,262.556396484375,5626000,0.0,0.0,6037.8798828125,,521.1663818359375,262.556396484375,0.004226530567803331,0.06827251257409175,0.007224881828679752,0.0,0.012275520693357578,0
2025-02-05 05:00:00+00:00,263.5068591358702,265.2021094243298,262.93849619098734,264.9963073730469,5704400,0.0,0.0,6061.47998046875,,523.5313720703125,264.9963073730469,0.009249988741739355,0.08541741018187046,0.003908672930614365,0.0,0.004537879488780039,0
2025-02-06 05:00:00+00:00,266.97576454409875,271.41474356153265,265.7410717364686,271.3363342285156,7264400,0.0,0.0,6083.56982421875,,526.2639770507812,271.3363342285156,0.023643245635721063,0.17307296368894068,0.003644298722618622,0.0,0.005219563002810457,0
2025-02-07 05:00:00+00:00,271.6988877865912,272.953167941253,269.1903274772675,270.2584228515625,6857900,0.0,0.0,6025.990234375,,519.6260986328125,270.2584228515625,-0.003980514161587325,0.17491647511672068,-0.009464770111542897,0.0,-0.0126132106840523,0
2025-02-10 05:00:00+00:00,270.6014287866163,270.63082481312006,264.1732384863203,265.5941162109375,8627400,0.0,0.0,6066.43994140625,,525.9161987304688,265.5941162109375,-0.017409358385302123,0.242297370508741,0.006712541085862833,0.0,0.012105050370268433,0
2025-02-11 05:00:00+00:00,264.8297788969493,270.6700185263523,264.2418284862738,269.4647216796875,7196400,0.0,0.0,6068.5,,524.6641845703125,269.4647216796875,0.014468214385586493,0.25571268591689766,0.00033958278885926063,0.0,-0.0023806343352392734,0
2025-02-12 05:00:00+00:00,268.57299861058124,270.8954041954382,267.75968865202606,269.9154968261719,6683900,0.0,0.0,6051.97021484375,,524.9722900390625,269.9154968261719,0.0016714563714618333,0.2537930581792961,-0.0027238667143857365,0.0,0.00058724318871195,0
2025-02-13 05:00:00+00:00,269.96444374227315,271.4049085765656,268.3083981197057,270.7679748535156,8398700,0.0,0.0,6115.06982421875,,532.5243530273438,270.7679748535156,0.003153337501080217,0.18446516524804502,0.010426292122230674,0.0,0.014385641169211594,0
2025-02-14 05:00:00+00:00,271.79688876986324,273.6195319367328,270.8953907812424,271.0325622558594,5688600,0.0,0.0,6114.6298828125,,534.7601928710938,271.0325622558594,0.0009766967924715792,0.1817734974483275,-7.194380749464546e-05,0.0,0.004198568255215918,0
2025-02-18 05:00:00+00:00,271.19916641874227,274.34466062350725,270.47401464832495,274.3250732421875,7919800,0.0,0.0,6129.580078125,,535.9724731445312,274.3250732421875,0.012074832280158808,0.10026992610040465,0.0024449877750611915,0.0,0.002266960573353183,0
2025-02-19 05:00:00+00:00,272.7866150221738,274.61903699637526,271.64991889871,273.6391296386719,7007200,0.0,0.0,6144.14990234375,,536.1216430664062,273.6391296386719,-0.002503608659849525,0.08640195919991941,0.0023769693899173827,0.0,0.0002783163862871696,0
2025-02-20 05:00:00+00:00,273.0805741668203,273.1393662156936,260.40057061690504,261.43927001953125,13846700,0.0,0.0,6117.52001953125,,533.845947265625,261.43927001953125,-0.04560817369276126,0.3584496178406269,-0.0043341850761716705,0.0,-0.004244737794514619,0
2025-02-21 05:00:00+00:00,262.92876408693655,263.79108739460094,257.5588607010997,258.93072509765625,12835600,0.0,0.0,6013.1298828125,,522.766357421875,258.93072509765625,-0.009641464257324464,0.34837566860192337,-0.01706412670256352,0.0,-0.020754282954661307,0
2025-02-24 05:00:00+00:00,260.1555678724812,261.63523739871215,253.4138011652941,256.0889587402344,10372800,0.0,0.0,5983.25,,516.5952758789062,256.0889587402344,-0.01103567606128839,0.3370877556313756,-0.00496910650440241,0.0,-0.011804664656315356,0
2025-02-25 05:00:00+00:00,256.9611031816803,257.715621040436,248.25952153447065,252.22813415527344,9608400,0.0,0.0,5955.25,,510.0865783691406,252.22813415527344,-0.015190906949499101,0.26579241325610264,-0.004679730915472358,0.0,-0.012599219957426189,0
2025-02-26 05:00:00+00:00,251.9929563312711,255.66760858195272,251.7675668943132,253.5902099609375,5943600,0.0,0.0,5956.06005859375,,511.3187561035156,253.5902099609375,0.005385645316256866,0.29663071330204915,0.00013602428004699796,0.0,0.002415624693193452,0
2025-02-27 05:00:00+00:00,254.9522707219969,258.34277146574925,252.67887863939237,253.844970703125,8204400,0.0,0.0,5861.56982421875,,497.1188049316406,253.844970703125,0.0010041115527666263,0.13787243756380113,-0.015864553655509872,0.0,-0.02777123076822996,0
2025-02-28 05:00:00+00:00,255.4912386631127,259.4892472511293,252.70830554612516,259.33245849609375,10467100,0.0,0.0,5954.5,,504.9691162109375,259.33245849609375,0.021387132980517413,0.22997390046044638,0.01585414463498891,0.0,0.015791620034121268,0
2025-03-03 05:00:00+00:00,258.69552959977966,260.9689217339241,252.6397096066585,255.38343811035156,9058300,0.0,0.0,5849.72021484375,,493.9190673828125,255.38343811035156,-0.015344767466705154,0.24491621610785858,-0.0175967394669998,0.0,-0.021882623062256967,0
2025-03-04 05:00:00+00:00,250.15073427928613,252.06156547552163,241.0081973785272,245.2218017578125,13465600,0.0,0.0,5778.14990234375,,492.4285278320313,245.2218017578125,-0.040602980336508734,0.3733689080906657,-0.012234826602200433,0.0,-0.0030177809467435424,0
2025-03-05 05:00:00+00:00,246.2017013795576,247.9655374545075,242.8504203132519,246.47607421875,7861400,0.0,0.0,5842.6298828125,,498.8478393554687,246.47607421875,0.005101812486024935,0.3728462160107463,0.011159277893187936,0.0,0.013036026876223294,0
2025-03-06 05:00:00+00:00,243.12481119110677,244.3496953684526,238.950411297504,241.5863494873047,9983200,0.0,0.0,5738.52001953125,,485.1248779296875,241.5863494873047,-0.020037962781029834,0.378918538109629,-0.017819007085749905,0.0,-0.027509313147495607,0
2025-03-07 05:00:00+00:00,240.30268054279244,241.76274790921943,234.60942110633937,237.41195678710935,20498700,0.0,0.0,5770.2001953125,,488.6922302246094,237.41195678710935,-0.017430117517396114,0.25787504918414145,0.00552061780274804,0.0,0.007353472182556109,0
2025-03-10 04:00:00+00:00,231.46391270541537,232.73778024903012,224.10479922419384,227.5540771484375,18887200,0.0,0.0,5614.56005859375,,469.7522888183594,227.5540771484375,-0.04240893458480464,0.30904900418056064,-0.0269730913054258,0.0,-0.03875637924004838,0
2025-03-11 04:00:00+00:00,227.09352369484048,228.63198537977485,222.13519499810545,224.5359649658203,18143000,0.0,0.0,5572.06982421875,,468.6294250488281,224.5359649658203,-0.013352017250994996,0.26973472266502635,-0.007567865323653167,0.0,-0.0023903316625785154,0
2025-03-12 04:00:00+00:00,229.29831783730396,229.6118953635389,222.6937369749249,223.3208770751953,16054000,0.0,0.0,5599.2998046875,,473.9159240722656,223.3208770751953,-0.005426246773510285,0.21953279143741689,0.004886869929446425,0.0,0.01128076629607011,0
2025-03-13 04:00:00+00:00,224.69276414889097,224.8887426335129,219.72462657901625,220.66534423828125,16467900,0.0,0.0,5521.52001953125,,465.3899230957031,220.66534423828125,-0.011962373498226618,0.2262061103774182,-0.013890984206835322,0.0,-0.017990534910285905,0
2025-03-14 04:00:00+00:00,223.5364466422729,228.45558543419895,223.00730328361723,227.7696533203125,11962100,0.0,0.0,5638.93994140625,,476.6386413574219,227.7696533203125,0.031687551437194546,0.42072071030276736,0.021265869083087807,0.0,0.02417052390583363,0
2025-03-17 04:00:00+00:00,226.5349758349599,230.93476525496936,225.8294562932561,229.2297210693359,9586000,0.0,0.0,5675.1201171875,,479.72900390625,229.2297210693359,0.0063898237008832605,0.2953878795981977,0.006416130719105961,0.0,0.006483659277030318,0
2025-03-18 04:00:00+00:00,229.6118760770625,231.42469553466563,228.82794727952145,230.24880981445312,10344900,0.0,0.0,5614.66015625,,471.5509033203125,230.24880981445312,0.004435856509736111,0.2645501024841051,-0.010653512117636543,0.0,-0.01704733405599068,0
2025-03-19 04:00:00+00:00,231.003365794291,237.46095169041473,230.1704385597004,234.30564880371097,10120600,0.0,0.0,5675.2900390625,,477.86090087890625,234.30564880371097,0.01746594847971931,0.2573975183017009,0.010798495567894584,0.0,0.013381370948848614,0
2025-03-20 04:00:00+00:00,231.8068716740839,236.90238671351167,231.45410444315897,234.2076416015625,8328500,0.0,0.0,5662.89013671875,,476.2411804199219,234.2076416015625,-0.0004183753399749695,0.20396489273826987,-0.0021848931523151816,0.0,-0.003389522884180929,0
2025-03-21 04:00:00+00:00,233.03175603733484,237.43154526163565,231.7480798478655,236.77500915527344,19326900,0.0,0.0,5667.56005859375,,477.8111877441406,236.77500915527344,0.01090228261809881,0.10763466321923544,0.0008246534476661349,0.0,0.0032966643557250652,0
2025-03-24 04:00:00+00:00,240.54764300232483,243.69315205594,239.49914995258575,243.0758056640625,9422700,0.0,0.0,5767.56982421875,,488.2964172363281,243.0758056640625,0.02626299037849471,0.16754593313291571,0.017646000146633645,0.0,0.02194429465264447,0
2025-03-25 04:00:00+00:00,244.30069841338116,246.76027542501896,242.6446526037508,246.08413696289065,9287700,0.0,0.0,5776.64990234375,,491.08294677734375,246.08413696289065,0.012300145473934732,0.1547941145835278,0.0015743334544251475,0.0,0.005706635237642921,0
2025-03-26 04:00:00+00:00,247.52460676201224,249.55300723554984,244.76126081139023,245.98614501953125,12779300,0.0,0.0,5712.2001953125,,482.0466613769531,245.98614501953125,-0.00039828434369170693,0.1751403832062076,-0.011156934922627149,0.0,-0.018400731403299342,0
2025-03-27 04:00:00+00:00,244.51627067852735,245.6039683943203,242.2134825115156,243.1345977783203,8022500,0.0,0.0,5693.31005859375,,479.2999877929687,243.1345977783203,-0.011660022970762523,0.22675477072265252,-0.003306980860763864,0.0,-0.00569794130746315,0
2025-03-28 04:00:00+00:00,241.97832221404937,244.49667631604888,236.2654605973164,237.9705047607422,11978400,0.0,0.0,5580.93994140625,,466.6810607910156,237.9705047607422,-0.021468453901837145,0.30046196759091975,-0.01973722070834405,0.0,-0.02632782667084843,0
2025-03-31 04:00:00+00:00,234.59960824780163,240.92000728757083,232.59079530977615,240.3712615966797,13603000,0.0,0.0,5611.85009765625,,466.66119384765625,240.3712615966797,0.010037914993239836,0.22784553316818676,0.005538521570653376,0.0,-4.2570708409961355e-05,0
2025-04-01 04:00:00+00:00,237.74510920532492,240.7534318549276,236.04008003784892,238.76422119140625,8054700,0.0,0.0,5633.06982421875,,470.4229736328125,238.76422119140625,-0.006708108621585742,0.18789619699382903,0.0037812354559083605,0.0,0.008061051218208437,0
2025-04-02 04:00:00+00:00,236.7456336942468,242.28210452040528,236.6084472564082,240.88084411621097,7758800,0.0,0.0,5670.97021484375,,473.8563232421875,240.88084411621097,0.008825845682599903,0.21482449892449262,0.006728194715792668,0.0,0.0072984309904364775,0
2025-04-03 04:00:00+00:00,229.56288570971617,230.41540026989287,222.73293068156855,224.09500122070312,17188500,0.0,0.0,5396.52001953125,,448.4891357421875,224.09500122070312,-0.07223231393197141,0.5366977498002486,-0.04839563335990149,0.0,-0.053533500041604065,1
2025-04-04 04:00:00+00:00,212.2834044818624,214.63980786720015,205.9930827481223,207.32411193847656,27170700,1.4,0.0,5074.080078125,,420.6339721679687,207.32411193847656,-0.0777867476361456,0.6960693554159048,-0.05974960534553109,0.0,-0.06210889262261032,1
2025-04-07 04:00:00+00:00,202.87751892186455,218.92867162545016,199.318263676067,211.42564392089844,22914400,0.0,0.0,5062.25,,421.6490478515625,211.42564392089844,0.019590044385917466,0.7310117139383713,-0.0023314724921273955,0.0,0.0024132042363627093,1
2025-04-08 04:00:00+00:00,220.3780027140348,224.63726902095289,210.25236301213724,213.82147216796875,19485700,0.0,0.0,4982.77001953125,,414.0557861328125,213.82147216796875,0.011268053355503566,0.7704515420524654,-0.015700524562941354,0.0,-0.018008487763556236,1
2025-04-09 04:00:00+00:00,209.51290511747,234.14175911605213,208.03399049311145,231.0458984375,24022400,0.0,0.0,5456.89990234375,,463.7552490234375,231.0458984375,0.07747496067686607,1.0480135943260886,0.09515387644904849,0.0,0.12003083776417367,1
2025-04-10 04:00:00+00:00,226.76690105221883,227.11198713675623,217.0060708942117,223.9175262451172,18896400,0.0,0.0,5268.0498046875,,444.0306701660156,223.9175262451172,-0.03133858766722447,0.9237909323114127,-0.03460757958472693,0.0,-0.04253230319000667,1
2025-04-11 04:00:00+00:00,223.12878393710992,235.2263101699424,221.83720086361387,232.8797607421875,20284500,0.0,0.0,5363.35986328125,,452.2110900878906,232.8797607421875,0.03924447439809309,0.6316501275131308,0.018092095201708958,0.0,0.018423096582081744,0
2025-04-14 04:00:00+00:00,233.7671121069978,236.4094323607213,230.34588838919925,231.42056274414065,13017800,0.0,0.0,5405.97021484375,,455.2762451171875,231.42056274414065,-0.00628559890436732,0.6668227705996491,0.007944712390868913,0.0,0.006778150948711037,0
2025-04-15 04:00:00+00:00,232.78115729997276,235.2953000115482,229.54726533873128,229.8529052734375,10912900,0.0,0.0,5396.6298828125,,455.7837829589844,229.8529052734375,-0.006797111106394746,0.6903545286731776,-0.0017277808903947145,0.0,0.0011147909587645444,0
2025-04-16 04:00:00+00:00,228.7387885514358,230.29658038223104,224.72599309998205,226.38238525390625,9322300,0.0,0.0,5275.7001953125,,442.0403442382813,226.38238525390625,-0.015214022386044386,0.4167061701870137,-0.0224083715440897,0.0,-0.030153417551365247,0
2025-04-17 04:00:00+00:00,227.5556737150443,231.04590571903623,227.30918793654973,228.69937133789065,9557900,0.0,0.0,5282.7001953125,,441.9607238769531,228.69937133789065,0.010182812521114443,0.3433900733385503,0.0013268380955802073,0.0,-0.00018012012334611693,0
2025-04-21 04:00:00+00:00,227.38806426261337,228.55146991109476,223.15835989610855,225.7711181640625,8716200,0.0,0.0,5158.2001953125,,431.0236511230469,225.7711181640625,-0.012886617567918559,0.1576946535074709,-0.023567493023827546,0.0,-0.024746707485598374,0
2025-04-22 04:00:00+00:00,228.71908031334863,232.6727218450888,228.1176544095649,232.27833557128903,10701400,0.0,0.0,5287.759765625,,442.3388977050781,232.27833557128903,0.028414640258106236,0.2918574791519569,0.025117204723895226,0.0,0.02625203176797597,0
2025-04-23 04:00:00+00:00,236.8432619550101,243.32090055249415,236.626353260977,237.49398803710935,14126800,0.0,0.0,5375.85986328125,,452.3703002929687,237.49398803710935,0.022205934761697417,0.3162796448117984,0.01666113847096007,0.0,0.022678092837720154,0
2025-04-24 04:00:00+00:00,236.37001079182633,242.0194606997356,234.2403700258936,241.2011260986328,9055200,0.0,0.0,5484.77001953125,,465.0987243652344,241.2011260986328,0.01548882394975624,0.25176235069550074,0.020259113708281262,0.0,0.028137178908567595,0
2025-04-25 04:00:00+00:00,241.2109779890276,242.167344017777,238.35174896231777,240.12644958496097,8588600,0.0,0.0,5525.2099609375,,470.2835998535156,240.12644958496097,-0.004465475712425154,0.28073085378381274,0.007373133469998461,0.0,0.011147903050814811,0
2025-04-28 04:00:00+00:00,241.12224659361283,243.3701956996928,237.45453699015647,239.80108642578125,7394300,0.0,0.0,5528.75,,470.1343688964844,239.80108642578125,-0.0013558847309761057,0.22939190711359816,0.0006407067039131409,0.0,-0.00031732120167005107,0
2025-04-29 04:00:00+00:00,238.78556197088412,241.80254545200495,238.29259042052325,241.181396484375,7216800,0.0,0.0,5560.830078125,,473.23931884765625,241.181396484375,0.005739559742317946,0.17832904637925928,0.005802410694099036,0.0,0.006604388354886526,0
2025-04-30 04:00:00+00:00,237.8193419445802,241.77296836252717,235.07840628381985,241.181396484375,12991700,0.0,0.0,5569.06005859375,,473.17962646484375,241.181396484375,0.0,0.12478156808586638,0.00147999135976562,0.0,-0.0001261357212621883,0
2025-05-01 04:00:00+00:00,239.42642201137784,244.957563478491,238.76584193081504,243.41949462890625,8689600,0.0,0.0,5604.14013671875,,479.3596801757813,243.41949462890625,0.00923693744117453,0.08812823877963384,0.006299102138585644,0.0,0.013060692737574486,0
2025-05-02 04:00:00+00:00,247.72805089612245,250.0548771482027,245.9533654016641,248.96047973632812,7165000,0.0,0.0,5686.669921875,,486.4752502441406,248.96047973632812,0.022507897633452435,0.15177673140305356,0.01472657412963474,0.0,0.014843906074349045,0
2025-05-05 04:00:00+00:00,247.64917462464473,251.573238899276,247.067471820398,249.00978088378903,5450700,0.0,0.0,5650.3798828125,,483.5892028808594,249.00978088378903,0.00019800840138769257,0.1465526450272165,-0.006381597588933863,0.0,-0.005932567714046821,0
2025-05-06 04:00:00+00:00,246.485764667048,249.09850775479987,245.49982160837985,245.74630737304688,6369900,0.0,0.0,5606.91015625,,479.0910034179687,245.74630737304688,-0.013192443385589446,0.20935261285912757,-0.007693239651855532,0.0,-0.009301695397857968,0
2025-05-07 04:00:00+00:00,246.33787880460855,248.90132172618289,245.332212674084,245.88433837890625,8724100,0.0,0.0,5631.27978515625,,480.9718627929687,245.88433837890625,0.0005615232112926244,0.20875603625127157,0.00434635623313584,0.0,0.003925891660626846,0
2025-05-08 04:00:00+00:00,248.0337269608881,252.28313955589823,248.0140038853657,249.90701293945312,8320100,0.0,0.0,5663.93994140625,,485.9378967285156,249.90701293945312,0.01622764425342113,0.22533573177756372,0.005799775094835535,0.0,0.010324998861075851,0
2025-05-09 04:00:00+00:00,250.92251356291575,251.91831065658968,248.7928729020058,249.52247619628903,5087600,0.0,0.0,5659.91015625,,485.619384765625,249.52247619628903,-0.0015399043409205684,0.16632022188106152,-0.0007114809122162891,0.0,-0.0006554581666401438,0
2025-05-12 04:00:00+00:00,259.2044446904927,259.8946169218072,255.0635015683959,256.3945007324219,9603900,0.0,0.0,5844.18994140625,,505.4036560058594,256.3945007324219,0.027168280725794764,0.2519197112551336,0.032558782749008364,0.0,0.04074028315361189,0
2025-05-13 04:00:00+00:00,257.3607489039017,259.96365336015776,256.72976091028096,259.31292724609375,8589000,0.0,0.0,5886.5498046875,,513.1064453125,259.31292724609375,0.011318268887570891,0.18694452713647075,0.0072482009835321826,0.0,0.015240865821024796,0
2025-05-14 04:00:00+00:00,259.30304054504273,262.8918879441619,258.60302935469,261.90594482421875,8643100,0.0,0.0,5892.580078125,,516.1814575195312,261.90594482421875,0.009949904385902488,0.16535307140103994,0.001024415597859818,0.0,0.005992932334261569,0
2025-05-15 04:00:00+00:00,263.217209377267,265.7313520440172,261.03828372684393,263.7298889160156,9214600,0.0,0.0,5916.93017578125,,516.7486572265625,263.7298889160156,0.0069399812391618965,0.165749840650042,0.004132332074135769,0.0,0.0010988378190819326,0
2025-05-16 04:00:00+00:00,263.7397655019056,264.6862624037603,260.9889759714906,263.7989196777344,8932900,0.0,0.0,5958.3798828125,,518.9978637695312,263.7989196777344,0.0002617137149221458,0.1576160363303713,0.007005272294898557,0.0,0.004352612264230116,0
2025-05-19 04:00:00+00:00,261.8171506513173,264.54823200796864,258.2480418186231,261.1565856933594,12145000,0.0,0.0,5963.60009765625,,519.4954223632812,261.1565856933594,-0.010066972429772494,0.13951205835142053,0.0008761131291423752,0.0,0.0009586910245376057,0
2025-05-20 04:00:00+00:00,258.8297895150459,262.91160867125683,258.61288081463954,261.94537353515625,8436300,0.0,0.0,5940.4599609375,,517.7637939453125,261.94537353515625,0.003015811452143516,0.12226146527315873,-0.0038802294486252054,0.0,-0.003333289079028412,0
2025-05-21 04:00:00+00:00,260.6340439477094,261.91575784118834,257.06493502136397,257.3705749511719,7464000,0.0,0.0,5844.60986328125,,510.5685729980469,257.3705749511719,-0.017619011866565473,0.1603386043759698,-0.01613513066101424,0.0,-0.013896724783397318,0
2025-05-22 04:00:00+00:00,255.79307750804895,258.6128603010642,255.2310827258566,257.00579833984375,6514100,0.0,0.0,5842.009765625,,511.5240173339844,257.00579833984375,-0.0014183259240484075,0.13506030197202762,-0.00044487103794299543,0.0,0.0018713340116629507,0
2025-05-23 04:00:00+00:00,253.20002476972337,258.30720239630915,252.40141332994656,257.0451965332031,6671800,0.0,0.0,5802.81982421875,,506.7868957519531,257.0451965332031,0.00015328515586758898,0.134787733408147,-0.006708297825321674,0.0,-0.009260799926307794,0
2025-05-27 04:00:00+00:00,258.35653699260183,261.5706910214846,258.30722178470336,261.56085205078125,7506600,0.0,0.0,5921.5400390625,,518.709228515625,261.56085205078125,0.017415028830510135,0.19833044992638332,0.0204590558452733,0.0,0.023525337501045573,0
2025-05-28 04:00:00+00:00,262.49750712162876,262.97077068804947,259.20446045452275,259.7861633300781,5535400,0.0,0.0,5888.5498046875,,516.4102783203125,259.7861633300781,-0.006808116372174394,0.20211125668465243,-0.005571225417268844,0.0,-0.004432059560404045,0
2025-05-29 04:00:00+00:00,261.0776958297107,261.6791367091541,258.8396160390441,260.65374755859375,5081200,0.0,0.0,5912.169921875,,517.4254150390625,260.65374755859375,0.0033340449647521787,0.14432907211786888,0.004011194261904327,0.0,0.001965756224008297,0
2025-05-30 04:00:00+00:00,259.74671429323007,261.600261993738,259.0368340780119,260.2889709472656,10977700,0.0,0.0,5911.68994140625,,516.609375,260.2889709472656,-0.001400448294939978,0.14429827291357497,-8.118516130162234e-05,0.0,-0.0015771162670873418,0
2025-06-02 04:00:00+00:00,259.3227665121298,261.3045219486384,258.21851495559116,260.9397277832031,6011200,0.0,0.0,5935.93994140625,,520.6896362304688,260.9397277832031,0.002497012062646025,0.14280892240213383,0.0041020419271569075,0.0,0.007898155604452173,0
2025-06-03 04:00:00+00:00,260.02279517964416,262.8327090581509,259.18473749281026,262.5270690917969,6998400,0.0,0.0,5970.3701171875,,524.7599487304688,262.5270690917969,0.006064744443838205,0.07926317242271246,0.005800290454605506,0.0,0.007817156741330544,0
2025-06-04 04:00:00+00:00,262.18197450214643,263.3650880431389,260.4664132303892,260.505859375,5915700,0.0,0.0,5970.81005859375,,526.2228393554688,260.505859375,-0.0077288433220775105,0.08485722946574545,7.36874595066439e-05,0.0,0.0027877329978005516,0
2025-06-05 04:00:00+00:00,261.0185511699558,261.0185511699558,256.65083071751394,258.2677917480469,8173800,0.0,0.0,5939.2998046875,,522.261962890625,258.2677917480469,-0.008628354609592442,0.10110207694802116,-0.005277383403094138,0.0,-0.007526994589773239,0
2025-06-06 04:00:00+00:00,260.61431507286125,262.90171018684686,260.5453219261883,261.9946594238281,7738100,0.0,0.0,6000.35986328125,,527.3673095703125,261.9946594238281,0.014327120541650924,0.15348554525631847,0.010280683010067904,0.0,0.009775451866014473,0
2025-06-09 04:00:00+00:00,262.26085974590114,264.13414558351,259.6481165969787,262.9904479980469,8285000,0.0,0.0,6005.8798828125,,528.1436157226562,262.9904479980469,0.0037935924443136637,0.1543925543032138,0.0009199480792858594,0.0,0.0014720407166994853,0
2025-06-10 04:00:00+00:00,262.14254399250694,265.12008118347507,262.1129669044328,264.8243103027344,7538100,0.0,0.0,6038.81005859375,,531.6365966796875,264.8243103027344,0.006948914008984994,0.15613354657340656,0.00548298940767844,0.0,0.006613695315149881,0
2025-06-11 04:00:00+00:00,264.9031944101953,265.8299833646017,262.05383439482847,264.3806457519531,7434100,0.0,0.0,6022.240234375,,529.84521484375,264.3806457519531,-0.001676721465467199,0.13784490628615467,-0.002743888954607865,0.0,-0.0033695607998499577,0
2025-06-12 04:00:00+00:00,263.108754096244,264.51867555838396,261.41296089523235,264.4693603515625,6618000,0.0,0.0,6045.259765625,,531.0892944335938,264.4693603515625,0.00033550004506997073,0.09985230800274529,0.0038224199557175265,0.0,0.0023480057099518614,0
2025-06-13 04:00:00+00:00,261.3537637738832,263.2664956490745,259.0170836192922,261.2256164550781,7098300,0.0,0.0,5976.97021484375,,524.421630859375,261.2256164550781,-0.012340939927848866,0.11670008952541269,-0.011296379879250695,0.0,-0.012554693992334776,0
2025-06-16 04:00:00+00:00,263.2467856983216,267.91030700344754,263.0989002634007,266.5595397949219,8566000,0.0,0.0,6033.10986328125,,531.71630859375,266.5595397949219,0.020213167737483852,0.1904512050079465,0.009392659896159117,0.0,0.013909948227004199,0
2025-06-17 04:00:00+00:00,264.4003851091389,266.78635065847226,264.03556087289496,265.73138427734375,6739300,0.0,0.0,5982.72021484375,,526.5313720703125,265.73138427734375,-0.003111667504899311,0.18968857939374073,-0.008352184790166306,0.0,-0.009751321220803466,0
2025-06-18 04:00:00+00:00,266.20462172672063,273.81610322556173,265.92855887810333,270.10894775390625,9586400,0.0,0.0,5980.8701171875,,526.4417724609375,270.10894775390625,0.016339422797218714,0.21675341792128094,-0.0003092402101070313,0.0,-0.00017016955518278643,0
2025-06-20 04:00:00+00:00,271.6963331378996,273.40199535536493,269.96106374392457,271.13433837890625,13969700,0.0,0.0,5967.83984375,,524.292236328125,271.13433837890625,0.003789023819935165,0.2141579853927553,-0.002178658486505891,0.0,-0.004083141280305624,0
2025-06-23 04:00:00+00:00,271.1934990823813,274.63443077664516,268.2849549834157,274.3583679199219,8094600,0.0,0.0,6025.169921875,,529.6832275390625,274.3583679199219,0.01182075230296135,0.1502059051938192,0.009606504133156335,0.0,0.010282416632169111,0
2025-06-24 04:00:00+00:00,276.2710772548705,278.7359347339012,275.58093521389725,277.30633544921875,9267900,0.0,0.0,6092.18017578125,,537.7831420898438,277.30633544921875,0.010687635342048253,0.12103307331581238,0.01112172017970181,0.0,0.015291997423467318,0
2025-06-25 04:00:00+00:00,277.5429742316298,280.283894762949,276.96127143090536,280.0669860839844,6826900,0.0,0.0,6092.16015625,,539.157958984375,280.0669860839844,0.009906011296482633,0.07155341268281348,-3.2861029504172024e-06,0.0,0.0025564521959329234,0
2025-06-26 04:00:00+00:00,280.6980130310247,285.3417966142587,280.47123528578646,284.6910705566406,8942100,0.0,0.0,6141.02001953125,,544.1992797851562,284.6910705566406,0.016375818825650024,0.07174048605529967,0.008020121275230219,0.0,0.00935035960570385,0
2025-06-27 04:00:00+00:00,281.79238274090324,284.6417726184297,281.0332174188349,283.0740966796875,17868600,0.0,0.0,6173.06982421875,,546.0623779296875,283.0740966796875,-0.005695940300615462,0.13311714836972968,0.005218970885222163,0.0,0.0034235586369515403,0
2025-06-30 04:00:00+00:00,286.3178803397518,288.5362523931413,284.8587037568908,285.83477783203125,12689200,0.0,0.0,6204.9501953125,,549.5992431640625,285.83477783203125,0.009705254902833027,0.13073736127393532,0.005164427424532603,0.0,0.006477035183753976,0
2025-07-01 04:00:00+00:00,286.8009917731804,287.0376084797312,282.5614185530472,286.3277282714844,9338300,0.0,0.0,6198.009765625,,544.9664306640625,286.3277282714844,0.0017231138222576134,0.13538051283675068,-0.001118531087121899,0.0,-0.008429437554041574,0
2025-07-02 04:00:00+00:00,287.93483189106854,288.70386630697305,285.6277286433551,287.8953857421875,8158700,0.0,0.0,6227.419921875,,548.7623291015625,287.8953857421875,0.005460112374910887,0.13176372471818373,0.004745096791088033,0.0,0.0069653802948459465,0
2025-07-03 04:00:00+00:00,289.43094323142554,293.6413883261785,288.4996894270786,293.2451171875,6541600,1.4,0.0,6279.35009765625,,554.1622314453125,293.2451171875,0.01841166651680508,0.14267758785383308,0.008338955206607324,0.0,0.00984014765115293,0
2025-07-07 04:00:00+00:00,292.50209620860613,293.28475211178096,287.38020030669605,289.25262451171875,8825700,0.0,0.0,6229.97998046875,,549.9878540039062,289.25262451171875,-0.013708397173952527,0.18793748014518563,-0.007862297279128794,0.0,-0.007532771460297849,1
2025-07-08 04:00:00+00:00,286.5777506799395,287.0037716436535,277.7011499441943,280.1481628417969,15440900,0.0,0.0,6225.52001953125,,550.2966918945312,280.1481628417969,-0.03198182331541268,0.3075892412659016,-0.0007158868810946961,0.0,0.0005615358382493607,1
2025-07-09 04:00:00+00:00,284.50723352964,284.52706674085863,279.8509941598734,280.524658203125,11273800,0.0,0.0,6263.259765625,,554.1921997070312,280.524658203125,0.0013430129080140264,0.3071537309018887,0.0060621034026635545,0.0,0.007078922824501843,1
2025-07-10 04:00:00+00:00,280.3661135119623,285.6266908203048,280.3661135119623,285.5078125,8410900,0.0,0.0,6280.4599609375,,553.3951416015625,285.5078125,0.017607763863277472,0.34118314393368326,0.0027462050044453346,0.0,-0.0014382340745504596,1
2025-07-11 04:00:00+00:00,282.86266052650467,284.70536526736765,281.0100694142449,284.190185546875,7384700,0.0,0.0,6259.75,,552.1497802734375,284.190185546875,-0.004625711542265798,0.29133472121213794,-0.0032975229626984737,0.0,-0.002250401628971388,1
2025-07-14 04:00:00+00:00,284.39822720712635,286.60745309571854,282.6050754191309,286.0130615234375,9079900,0.0,0.0,6268.56005859375,,554.1524047851562,286.0130615234375,0.006393797986785051,0.2939551101916822,0.001407413809457303,0.0,0.003626958813108594,1
2025-07-15 04:00:00+00:00,285.3196042033426,289.23285392385833,282.82306855064246,283.8830871582031,12526100,0.0,0.0,6243.759765625,,554.660400390625,283.8830871582031,-0.007474990971364248,0.15773189958217107,-0.003956298214731202,0.0,0.0009167073914724266,0
2025-07-16 04:00:00+00:00,285.7158562387447,288.0241878683028,280.3760366699049,283.1598815917969,9979800,0.0,0.0,6263.7001953125,,555.228271484375,283.1598815917969,-0.0025507977292539142,0.16212383484433665,0.003193657417327689,0.0,0.0010238176248926756,0
2025-07-17 04:00:00+00:00,280.8020357673763,287.5981754634707,280.8020357673763,287.201904296875,8509500,0.0,0.0,6297.35986328125,,559.7216186523438,287.201904296875,0.014173776973460785,0.1416651712235039,0.00537376740890938,0.0,0.008092792458056941,0
2025-07-18 04:00:00+00:00,286.825430293332,289.7777063567027,285.54745807447995,288.55914306640625,12217000,0.0,0.0,6296.7900390625,,559.1836547851562,288.55914306640625,0.004714599189166175,0.13277644011682158,-9.048620868445933e-05,0.0,-0.0009611275485174042,0
2025-07-21 04:00:00+00:00,288.291651952566,291.44204831578946,287.8755476057488,288.2619323730469,7898100,0.0,0.0,6305.60009765625,,562.0828857421875,288.2619323730469,-0.0010305126921203863,0.131456629905805,0.001399134882868358,0.0,0.00518475626428172,0
2025-07-22 04:00:00+00:00,288.7870071326712,290.89718804274116,286.4885921354602,288.7176513671875,6717500,0.0,0.0,6309.6201171875,,559.1737060546875,288.7176513671875,0.001579671453716853,0.10534590263123159,0.0006375316336257875,0.0,-0.005175712979872404,0
2025-07-23 04:00:00+00:00,290.1145172431339,294.2258869019811,289.8272078248217,293.998046875,7083500,0.0,0.0,6358.91015625,,561.7242431640625,293.998046875,0.018123898371302433,0.13114115217301314,0.007811886951519131,0.0,0.0045612608063612115,0
2025-07-24 04:00:00+00:00,294.6519062776982,296.80169301766455,293.443259686642,293.78997802734375,7001200,0.0,0.0,6363.35009765625,,562.9197387695312,293.78997802734375,-0.0007079724238396325,0.12597201404359137,0.0006982236416543941,0.0,0.0021282606546138005,0
2025-07-25 04:00:00+00:00,293.93864551661835,296.1181521271809,293.20551208711413,295.84075927734375,5918500,0.0,0.0,6388.64013671875,,564.2747192382812,295.84075927734375,0.006956182538524889,0.1271717512584632,0.00397432777929585,0.0,0.0024070580145436615,0
2025-07-28 04:00:00+00:00,294.8896814285751,296.64319715105114,294.05750293823644,295.50390625,5840400,0.0,0.0,6389.77001953125,,566.0382080078125,295.50390625,-0.001139278270070674,0.12749776345740993,0.00017685810881817865,0.0,0.003125230866113826,0
2025-07-29 04:00:00+00:00,297.20789441970317,298.485896831102,293.44327318380715,294.27545166015625,7635700,0.0,0.0,6370.85986328125,,565.1614990234375,294.27545166015625,-0.004165816758149268,0.14271773581233052,-0.002959442388724254,0.0,-0.0015488512470926974,0
2025-07-30 04:00:00+00:00,294.65191611543503,297.8121988713861,294.6122799312847,296.8413391113281,8061700,0.0,0.0,6362.89990234375,,565.9186401367188,296.8413391113281,0.008681545193628824,0.08852230202938223,-0.0012494327466496813,0.0,0.0013396898312951766,0
2025-07-31 04:00:00+00:00,296.3559134765009,298.17878493737805,292.7497765059144,293.4828796386719,14749700,0.0,0.0,6339.39013671875,,562.9197387695312,293.4828796386719,-0.011378478472744698,0.13082287309104795,-0.0036948193411530106,0.0,-0.005299174041100696,0
2025-08-01 04:00:00+00:00,287.6972620199026,289.0842262737886,281.5945890692511,286.6768493652344,12007100,0.0,0.0,6238.009765625,,551.8309936523438,286.6768493652344,-0.023463684851549708,0.19049695003984843,-0.015992133140148468,0.0,-0.019698625493975497,0
2025-08-04 04:00:00+00:00,287.5585597880286,291.5807709484115,287.5585597880286,291.5213317871094,6649500,0.0,0.0,6329.93994140625,,562.0131225585938,291.5213317871094,0.01675756149555348,0.25308896433922634,0.01473710033091602,0.0,0.018451535023175536,0
2025-08-05 04:00:00+00:00,291.9473110106125,293.03707931410463,284.56663635989554,288.658203125,7182300,0.0,0.0,6299.18994140625,,558.1973266601562,288.658203125,-0.009869882449559168,0.25833593856931497,-0.004857865996303334,0.0,-0.006789513883707743,0
2025-08-06 04:00:00+00:00,289.5795373797788,290.5603439597299,287.4594701868467,288.6383972167969,6330200,0.0,0.0,6345.06005859375,,565.2212524414062,288.6383972167969,-6.861605697721192e-05,0.23827506800512804,0.007281907295092482,0.0,0.012583230778398846,0
2025-08-07 04:00:00+00:00,290.21359744338497,290.72874689730406,283.7443736390337,284.2694396972656,8057100,0.0,0.0,6340.0,,567.1340942382812,284.2694396972656,-0.015252164250633804,0.24566117427595144,-0.0007974800154801898,0.0,0.0033842354451689705,0
2025-08-08 04:00:00+00:00,286.2904939677283,288.51955337300967,282.0602152135648,286.0725402832031,6634100,0.0,0.0,6389.4501953125,,572.4244995117188,286.0725402832031,0.006322896284708751,0.2023536061121218,0.007799715348974834,0.0,0.009328314638785917,0
2025-08-11 04:00:00+00:00,286.7065672685148,288.6087112580965,286.0923424049315,286.8650817871094,5510100,0.0,0.0,6373.4501953125,,570.7307739257812,286.8650817871094,0.002766590912823606,0.14327375982634527,-0.0025041278217863283,0.0,-0.002958862849829602,0
2025-08-12 04:00:00+00:00,288.78700908878795,292.00676133420325,287.6378015823982,290.12445068359375,8570900,0.0,0.0,6445.759765625,,577.904052734375,290.12445068359375,0.01129796428839813,0.15929497778118265,0.01134543584661274,0.0,0.0125685859888931,0
2025-08-13 04:00:00+00:00,291.2142024521843,291.80859403066296,284.4873889092739,287.8260192871094,8420400,0.0,0.0,6466.580078125,,578.1930541992188,287.8260192871094,-0.007953773317748335,0.1719985329984104,0.0032300788824048965,0.0,0.0005000855478973776,0
2025-08-14 04:00:00+00:00,287.87557367248905,291.46190791598,286.9443500187198,291.4222717285156,6322400,0.0,0.0,6468.5400390625,,577.7448120117188,291.4222717285156,0.012417123034800354,0.13023193885683254,0.00030309080129242716,0.0,-0.0007752465793986474,0
2025-08-15 04:00:00+00:00,292.0959281808534,292.7497892060912,287.1226600740198,287.7864074707031,7340500,0.0,0.0,6449.7998046875,,575.2041625976562,287.7864074707031,-0.012554756673781732,0.17805503809840445,-0.0028971350972291088,0.0,-0.0043975287380182415,0
2025-08-18 04:00:00+00:00,287.30098279519575,289.1832935323159,285.7257844830691,288.8167419433594,5386900,0.0,0.0,6449.14990234375,,574.9749755859375,288.8167419433594,0.0035738117987512657,0.17859541267305676,-0.00010076318078544588,0.0,-0.0003984446334388547,0
2025-08-19 04:00:00+00:00,288.12323486532705,289.7579025190641,286.83534604543564,287.954833984375,6031500,0.0,0.0,6411.3701171875,,567.1739501953125,287.954833984375,-0.0029887346621862666,0.15584228366997147,-0.005858103118756786,0.0,-0.013567591150684843,0
2025-08-20 04:00:00+00:00,288.1034273576763,290.59996282013503,284.59636569119436,289.5201110839844,7374200,0.0,0.0,6395.77978515625,,563.8065185546875,289.5201110839844,0.005421121544446232,0.14976234705058913,-0.0024316693228262354,0.0,-0.005937211396019437,0
2025-08-21 04:00:00+00:00,289.2229206266122,290.04518252461884,286.77590767522184,288.7572937011719,6624000,0.0,0.0,6370.169921875,,561.1962280273438,288.7572937011719,-0.0026382418505536158,0.1119113402967331,-0.004004181529308926,0.0,-0.00462976294427242,0
2025-08-22 04:00:00+00:00,290.4711947382056,294.3943304858857,287.42976002403793,293.4828796386719,8552800,0.0,0.0,6466.91015625,,569.85400390625,293.4828796386719,0.01623278475350772,0.12416641642642481,0.015186444876893468,0.0,0.01542735935581585,0
2025-08-25 04:00:00+00:00,293.4828900064588,294.58257497799383,291.4024588552954,292.1553649902344,5856300,0.0,0.0,6439.31982421875,,568.2101440429688,292.1553649902344,-0.004533573189060587,0.138144376400639,-0.004266385548063467,0.0,-0.002884703541631506,0
2025-08-26 04:00:00+00:00,291.42226929827126,295.9596301346493,290.7684082615478,295.7912292480469,6714700,0.0,0.0,6465.93994140625,,570.4916381835938,295.7912292480469,0.012368166231321837,0.14401025439568002,0.004133995191134998,0.0,0.004015229514192642,0
2025-08-27 04:00:00+00:00,294.48349281779485,298.2679473154416,294.2754557542009,296.4945983886719,6056500,0.0,0.0,6481.39990234375,,571.3684692382812,296.4945983886719,0.0023751014745021404,0.14555746621531215,0.0023909843081744153,0.0,0.0015369744199569269,0
2025-08-28 04:00:00+00:00,297.22769856125745,298.4363452126477,295.9200067981791,298.2679443359375,6410500,0.0,0.0,6501.85986328125,,574.9451904296875,298.2679443359375,0.005963224227808068,0.1299877339877072,0.0031567194195349924,0.0,0.006259920496093363,0
2025-08-29 04:00:00+00:00,299.2289404362671,300.13047474928055,296.94044188536884,298.6147155761719,6796400,0.0,0.0,6460.259765625,,568.2898559570312,298.6147155761719,0.0011619412073398132,0.09912883608400834,-0.00639818429357164,0.0,-0.011575598132549603,0
2025-09-02 04:00:00+00:00,297.4654912302876,297.6636116910732,291.75908984916356,296.91070556640625,7221900,0.0,0.0,6415.5400390625,,563.527587890625,296.91070556640625,-0.005722726855101009,0.10534013803606469,-0.006922279936861564,0.0,-0.00837999836964598,0
2025-09-03 04:00:00+00:00,297.77260531660534,297.77260531660534,293.62159918539595,296.72247314453125,6316900,0.0,0.0,6448.259765625,,567.9610595703125,296.72247314453125,-0.0006341708480386723,0.06815272093557351,0.0051000736279842585,0.0,0.007867355165845025,0
2025-09-04 04:00:00+00:00,297.2079158871201,301.5966788556673,295.50392262669186,300.99237060546875,6605800,0.0,0.0,6502.080078125,,573.1019897460938,300.99237060546875,0.014287649511531083,0.12007644113325094,0.008346486409699372,0.0,0.009051553956305636,0
2025-09-05 04:00:00+00:00,300.82394206718743,302.3099816593852,291.5708725011291,291.6402282714844,9837700,0.0,0.0,6481.5,,573.9288940429688,291.6402282714844,-0.03156396994737913,0.2672782730050766,-0.003165152978388819,0.0,0.0014428571382929523,0
2025-09-08 04:00:00+00:00,292.14548200845184,293.70084708741166,288.72757896293916,290.18389892578125,8188500,0.0,0.0,6495.14990234375,,576.728515625,290.18389892578125,-0.0050060914253720855,0.2626010018032955,0.0021059789159529885,0.0,0.004877993791721602,0
2025-09-09 04:00:00+00:00,289.8767732101451,296.21720226202,289.58946377934626,295.0779113769531,7848200,0.0,0.0,6512.60986328125,,578.3624877929688,295.0779113769531,0.01672457160322388,0.307196065770956,0.0026881536531127015,0.0,0.0028331738828588637,0
2025-09-10 04:00:00+00:00,293.93863182647567,298.73358242665296,292.6507127572817,297.7428894042969,7787300,0.0,0.0,6532.0400390625,,578.5517578125,297.7428894042969,0.008990899023943533,0.3158660555244594,0.002983469943562689,0.0,0.0003272515481658189,0
2025-09-11 04:00:00+00:00,298.43635491424595,302.88458712159553,297.99056119650595,302.7161560058594,7942500,0.0,0.0,6587.47021484375,,581.919189453125,302.7161560058594,0.01656526074291643,0.32239111046178803,0.008485890387959882,0.0,0.005820450106931219,0
2025-09-12 04:00:00+00:00,302.1613616302637,304.6876166586702,300.8734728380468,304.0535888671875,6846700,0.0,0.0,6584.2900390625,,584.4896240234375,304.0535888671875,0.004408377439967973,0.14461393052716753,-0.00048276131466740146,0.0,0.004417167567077662,0
2025-09-15 04:00:00+00:00,304.31117542875756,307.0653006989229,304.31117542875756,306.0250549316406,7122000,0.0,0.0,6615.27978515625,,589.4910888671875,306.0250549316406,0.006463012422805816,0.09089113960762775,0.004706619226962694,0.0,0.008556977982468794,0
2025-09-16 04:00:00+00:00,307.1148062613988,308.00642384577054,304.27152240854014,306.3123474121094,10525600,0.0,0.0,6606.759765625,,588.9929809570312,306.3123474121094,0.0009383470630705387,0.09327097392655571,-0.0012879303382402618,0.0,-0.0008449795417831973,0
2025-09-17 04:00:00+00:00,307.50121329837117,309.99774876224666,305.89626524993236,308.8485412597656,8657800,0.0,0.0,6600.35009765625,,587.8173217773438,308.8485412597656,0.008245674470656807,0.09265502368467445,-0.0009701681605103207,0.0,-0.0019960495586504035,0
2025-09-18 04:00:00+00:00,308.8881884357977,310.5228258893637,306.7284546518725,310.3147888183594,8050700,0.0,0.0,6631.9599609375,,593.11767578125,310.3147888183594,0.004736231066200473,0.043170739049714434,0.004789119185128365,0.0,0.009017008869149912,0
2025-09-19 04:00:00+00:00,310.6813313111796,312.8608377743073,306.2430157804659,311.850341796875,23568600,0.0,0.0,6664.35986328125,,597.1326904296875,311.850341796875,0.00493616893928477,0.042908969145957154,0.004885418870829605,0.0,0.0067693390576313295,0
2025-09-22 04:00:00+00:00,306.91666061932966,310.78038727091956,306.6789039885423,309.5321044921875,7520200,0.0,0.0,6693.75,,600.667724609375,309.5321044921875,-0.007461582071451814,0.09570104267505192,0.004410046474333074,0.0,0.005920014489817493,0
2025-09-23 04:00:00+00:00,308.9178945679837,313.3660964063979,307.68941470486936,309.8293151855469,8584400,0.0,0.0,6656.919921875,,596.6779174804688,309.8293151855469,0.0009597327399795506,0.09568228774864035,-0.005502159197012135,0.0,-0.0066422865178928925,0
2025-09-24 04:00:00+00:00,311.12713244988527,313.633584594132,308.76930844625,310.5030212402344,7310500,0.0,0.0,6637.97021484375,,594.583251953125,310.5030212402344,0.002172081898695239,0.08032059308069961,-0.002846617843333288,0.0,-0.0035105464204016057,0
2025-09-25 04:00:00+00:00,311.1964927670822,312.7122519083539,308.8980776591185,310.5327453613281,7083200,0.0,0.0,6604.72021484375,,592.0198364257812,310.5327453613281,9.572434540793457e-05,0.07343163871804874,-0.0050090613431266195,0.0,-0.0043112810845634675,0
2025-09-26 04:00:00+00:00,311.9692007646792,314.8521208481549,310.7803873767882,313.118408203125,7258100,0.0,0.0,6643.7001953125,,594.4535522460938,313.118408203125,0.008292064056929917,0.08937369652312313,0.005901836747171263,0.0,0.004110868708396165,0
2025-09-29 04:00:00+00:00,314.1091367340854,315.0503072271631,310.74078640307744,312.75189208984375,6462400,0.0,0.0,6661.2099609375,,597.20654296875,312.75189208984375,-0.0011712207944914435,0.05852101923521011,0.00263554421636214,0.0,0.004631128390526484,0
2025-09-30 04:00:00+00:00,313.3066687483855,314.45587628391564,307.22379907069933,312.4942932128906,11823300,0.0,0.0,6688.4599609375,,598.8424072265625,312.4942932128906,-0.0008239918853831696,0.06192354248194262,0.0040908483833717035,0.0,0.0027391934617468916,0
2025-10-01 04:00:00+00:00,311.04790640850786,311.66213127851097,304.5489622459693,307.8182373046875,9235200,0.0,0.0,6711.2001953125,,601.7150268554688,307.8182373046875,-0.015076737138863313,0.13353548857727862,0.003399920834961989,0.0,0.004796954247462626,0
2025-10-02 04:00:00+00:00,307.11483202977473,307.66961769475733,303.29077153660535,304.6876220703125,7600000,0.0,0.0,6715.35009765625,,604.188720703125,304.6876220703125,-0.010222408318983953,0.14427413654084928,0.0006183547238911569,0.0,0.004111072081054212,0
2025-10-03 04:00:00+00:00,305.6387192319075,308.7593962590199,305.3414931799835,307.1445617675781,6029900,0.0,0.0,6715.7900390625,,601.645263671875,307.1445617675781,0.00803146015883459,0.1429033875614367,6.551280273581206e-05,0.0,-0.0042097062459061085,0
2025-10-06 04:00:00+00:00,308.78713549615594,310.3500927332471,303.759824574425,307.7916259765625,7214500,1.5,0.0,6740.27978515625,,606.1636962890625,307.7916259765625,0.0021044929886881755,0.1485560136722051,0.0036465919796933033,0.0,0.00751012746217139,1
2025-10-07 04:00:00+00:00,307.96086849994276,308.617908412618,303.3317554221121,306.3083190917969,8454200,0.0,0.0,6714.58984375,,602.9718627929688,306.3083190917969,-0.004830841563629099,0.14724058092898523,-0.0038114057910215715,0.0,-0.005265629590874843,1
2025-10-08 04:00:00+00:00,306.82598699255016,307.3934347220047,302.1869088878288,302.6647644042969,6489900,0.0,0.0,6753.72021484375,,609.88427734375,302.6647644042969,-0.011966368511402248,0.13351354144683752,0.0058276636405680815,0.0,0.011463908977050519,1
2025-10-09 04:00:00+00:00,303.68016451672463,306.65675861669814,302.0276454614978,304.15802001953125,7060300,0.0,0.0,6735.10986328125,,609.1461181640625,304.15802001953125,0.004921564145821536,0.12775792096791883,-0.002755570407195318,0.0,-0.001210326626064906,1
2025-10-10 04:00:00+00:00,304.28744895257694,309.07584739868366,299.45922161840923,299.53887939453125,8597400,0.0,0.0,6552.509765625,,588.0000610351562,299.53887939453125,-0.015303145582070327,0.13830511023942563,-0.02711167321141361,0.0,-0.03471426066481298,1
2025-10-13 04:00:00+00:00,304.2277139599526,308.0703661064548,304.0783936087615,306.5870666503906,10788700,0.0,0.0,6654.72021484375,,600.4782104492188,306.5870666503906,0.023257558942261253,0.2462823737707984,0.015598671787557583,0.0,0.021221340338120287,1
2025-10-14 04:00:00+00:00,304.46663636257074,305.62143108333873,292.8888554642275,300.7235107421875,16178800,0.0,0.0,6644.31005859375,,596.4783935546875,300.7235107421875,-0.01931050876857329,0.280365247681284,-0.0015643266604626893,0.0,-0.006661052516025445,0
2025-10-15 04:00:00+00:00,305.014160038565,310.71840983834574,304.0684138931284,304.3172912597656,11354800,0.0,0.0,6671.06005859375,,600.6876220703125,304.3172912597656,0.011879604714082873,0.2869965595583021,0.004026001159503689,0.0,0.007056799644560963,0
2025-10-16 04:00:00+00:00,303.97881882847634,307.29385195347595,295.73600173818085,297.19940185546875,10549400,0.0,0.0,6629.06982421875,,598.4633178710938,297.19940185546875,-0.02366757811491133,0.33129319579243655,-0.006294387099829435,0.0,-0.003702929971409308,0
2025-10-17 04:00:00+00:00,297.8166372560658,298.2048701782948,292.878918450451,296.22381591796875,10153500,0.0,0.0,6664.009765625,,602.393310546875,296.22381591796875,-0.0032879967860902693,0.3176021926927577,0.0052707155502571545,0.0,0.006566806282733095,0
2025-10-20 04:00:00+00:00,297.15957582421487,302.3262723870789,296.8211062511852,301.0022277832031,6894900,0.0,0.0,6735.1298828125,,609.98388671875,301.0022277832031,0.016002362538462916,0.28324615227157623,0.010672270853256949,0.0,0.01260069798083241,0
2025-10-21 04:00:00+00:00,300.3054062195614,302.6846581805869,295.66632819879106,295.75592041015625,7372700,0.0,0.0,6735.35009765625,,609.8244018554688,295.75592041015625,-0.01758314504344863,0.2774457205507764,3.2696450934288634e-05,0.0,-0.00026145750199924045,0
2025-10-22 04:00:00+00:00,296.43284443493457,296.7215506882625,289.2353303984808,292.7892761230469,8054100,0.0,0.0,6699.39990234375,,603.9493408203125,292.7892761230469,-0.010081364797520798,0.2432967071846994,-0.005337539220865439,0.0,-0.009634020903854679,0
2025-10-23 04:00:00+00:00,293.05809154328034,295.0391457269973,291.1964936387067,293.2173767089844,5438800,0.0,0.0,6738.43994140625,,609.0264282226562,293.2173767089844,0.0014610778223279168,0.20133595241383778,0.0058273934429324825,0.0,0.008406478919983362,0
2025-10-24 04:00:00+00:00,294.7504440610291,301.24118554737896,294.1232985857486,299.09088134765625,7228300,0.0,0.0,6791.68994140625,,615.52978515625,299.09088134765625,0.019833244226501553,0.25643756356692105,0.00790242258787388,0.0,0.010678283621570861,0
2025-10-27 04:00:00+00:00,300.80315600970596,303.1625086782835,299.6583261537955,302.7842102050781,5642200,0.0,0.0,6875.16015625,,626.4918823242188,302.7842102050781,0.012272896047032276,0.24463600584655057,0.012290050865671143,0.0,0.017809206690438284,0
2025-10-28 04:00:00+00:00,303.4910147760203,306.58706515142967,301.7986668365627,303.98876953125,6336000,0.0,0.0,6890.89013671875,,631.3095703125,303.98876953125,0.003970384142943574,0.1797302032318098,0.0022879438603986557,0.0,0.007689944792912851,0
2025-10-29 04:00:00+00:00,302.14710352264194,306.86580891607514,301.64934876365396,304.13812255859375,7520300,0.0,0.0,6890.58984375,,634.15234375,304.13812255859375,0.0004911903495446767,0.13111702240932624,-4.3578255173426506e-05,0.0,0.004502978524613344,0
2025-10-30 04:00:00+00:00,304.41687231061707,311.20622431916547,303.72996829403695,308.05047607421875,7514600,0.0,0.0,6822.33984375,,624.45703125,308.05047607421875,0.012781704162049792,0.12200819371550334,-0.00990481243951924,0.0,-0.015288617310262875,0
2025-10-31 04:00:00+00:00,307.1544993342095,311.46504195719143,305.8702836157328,309.722900390625,7721300,0.0,0.0,6840.2001953125,,627.4693603515625,309.722900390625,0.005414375127758585,0.08522406359071769,0.0026179217059763005,0.0,0.004823917340689654,0
2025-11-03 05:00:00+00:00,309.60346109874524,310.9175409580823,304.83496198556077,307.96087646484375,7770000,0.0,0.0,6851.97021484375,,630.4716796875,307.96087646484375,-0.005705277591284709,0.10759773114103924,0.0017207127269924793,0.0,0.004784806280031528,0
2025-11-04 05:00:00+00:00,305.332725363194,310.8179927016808,303.7299695714597,307.861328125,7085200,0.0,0.0,6771.5498046875,,617.6743774414062,307.861328125,-0.0003233022127780188,0.1104205590179675,-0.011736830084583816,0.0,-0.020297981112231467,0
2025-11-05 05:00:00+00:00,308.2196835392686,311.6940323736288,304.2575751493287,310.2803955078125,6865200,0.0,0.0,6796.2900390625,,621.6941528320312,310.2803955078125,0.0078269420744745,0.11409995633150793,0.0036535556982648654,0.0,0.006507919929066963,0
2025-11-06 05:00:00+00:00,309.59349256305353,313.42621024981315,308.8667900648387,312.0126037597656,7206100,0.0,0.0,6720.31982421875,,610.1136474609375,312.0126037597656,0.005567193357287105,0.08751142387314452,-0.011178189042419073,0.0,-0.018627335191010785,0
2025-11-07 05:00:00+00:00,310.4894827215045,313.0180550604519,306.2585672077333,312.7990417480469,7302300,0.0,0.0,6728.7998046875,,608.1885375976562,312.7990417480469,0.0025173615416658325,0.08389196037240482,0.0012618418007710464,0.0,-0.003155329947613583,0
2025-11-10 05:00:00+00:00,313.58548301728496,318.1250037695683,312.7990220295163,315.4670104980469,5794100,0.0,0.0,6832.43017578125,,621.6442260742188,315.4670104980469,0.008493168707837489,0.058782746915068365,0.01540101862170995,0.0,0.022124205973549582,0
2025-11-11 05:00:00+00:00,316.0742604403922,317.617287984815,313.86422817579216,314.20269775390625,5030200,0.0,0.0,6846.60986328125,,619.9884643554688,314.20269775390625,-0.0040158020202236775,0.08083195962382776,0.002075350517340535,0.0,-0.0026635198225943846,0
2025-11-12 05:00:00+00:00,314.8398332015723,320.8029251766445,314.7900394999871,318.97119140625,10578300,0.0,0.0,6850.919921875,,619.4996948242188,318.97119140625,0.015062477746664155,0.11220708098662015,0.0006295171887717999,0.0,-0.0007883526216219128,0
2025-11-13 05:00:00+00:00,317.7965194699941,319.1902267414606,307.7120030298724,308.0903015136719,8973300,0.0,0.0,6737.490234375,,606.8519897460938,308.0903015136719,-0.03470786289997419,0.3068037523519062,-0.01655685496159698,0.0,-0.020415998883927977,0
2025-11-14 05:00:00+00:00,306.1291237470128,306.25854483769064,299.8773255538296,302.2466125488281,10327000,0.0,0.0,6734.10986328125,,607.310791015625,302.2466125488281,-0.019149644751391817,0.3225049030957596,-0.0005017255648851471,0.0,0.0007560348771753489,0
2025-11-17 05:00:00+00:00,302.6348834912671,304.2177399270206,296.3333218175865,299.02117919921875,8344000,0.0,0.0,6672.41015625,,602.1240234375,299.02117919921875,-0.01072887765973243,0.2922977425015597,-0.00916226617680782,0.0,-0.008540549015193744,0
2025-11-18 05:00:00+00:00,298.15508292828906,301.5896027135679,295.686208533325,298.06549072265625,8077300,0.0,0.0,6617.31982421875,,594.792724609375,298.06549072265625,-0.0032011744385683724,0.29352737256148004,-0.008256436690967983,0.0,-0.012175728824554977,0
2025-11-19 05:00:00+00:00,298.3939949218268,303.0828663383219,297.9261042618115,301.90814208984375,5546600,0.0,0.0,6642.16015625,,598.3436889648438,301.90814208984375,0.012809575956063553,0.28132728208756913,0.0037538357962292324,0.0,0.005970087071594188,0
2025-11-20 05:00:00+00:00,304.9643777592117,308.52831879604355,296.8211173091691,297.0401306152344,7501600,0.0,0.0,6538.759765625,,584.1798095703125,297.0401306152344,-0.01625555625037509,0.20291579275400698,-0.015567283563270418,0.0,-0.023671812130308,0
2025-11-21 05:00:00+00:00,299.93706770739834,300.32530061703676,291.4951361556371,296.6817321777344,11766800,0.0,0.0,6602.990234375,,588.568603515625,296.6817321777344,-0.0012072942011812215,0.17499336174872204,0.009823035415319481,0.0,0.007512745003187771,0
2025-11-24 05:00:00+00:00,296.9007472780177,298.4736693208262,293.18751624004057,296.6618347167969,10940200,0.0,0.0,6705.1201171875,,603.6201782226562,296.6618347167969,-6.70689362963855e-05,0.1641089070703445,0.015467217001293498,0.0,0.02557318657013896,0
2025-11-25 05:00:00+00:00,298.70260864804214,303.13263800592705,294.23278078476807,301.6393737792969,8877200,0.0,0.0,6765.8798828125,,607.3406982421875,301.6393737792969,0.016639290825076328,0.2067108629230445,0.009061696817220577,0.0,0.0061636773483719764,0
2025-11-26 05:00:00+00:00,303.6303853642607,307.1445325435829,301.83848048809654,306.258544921875,7910900,0.0,0.0,6812.60986328125,,612.70703125,306.258544921875,0.015197485976364816,0.21483398997647538,0.006906711511012631,0.0,0.008835786936959966,0
2025-11-28 05:00:00+00:00,307.71199439271356,312.31124344972676,306.85584041963983,311.6741027832031,4322400,0.0,0.0,6849.08984375,,617.6743774414062,311.6741027832031,0.017528436277991024,0.14933680042539593,0.005354773163420257,0.0,0.008107212644960615,0
2025-12-01 05:00:00+00:00,311.5447084439427,312.6298101472411,307.1545079277028,307.5328063964844,7727300,0.0,0.0,6812.6298828125,,615.599609375,307.5328063964844,-0.013376330509283146,0.21532221247749123,-0.005323329342915684,0.0,-0.003358999728951928,0
2025-12-02 05:00:00+00:00,307.3535906208714,309.0857977944923,305.7110060363412,306.4974670410156,7249000,0.0,0.0,6829.3701171875,,620.4173583984375,306.4974670410156,-0.0033722778222359706,0.22345950366886627,0.002457235261999813,0.0,0.007826107993032627,0
2025-12-03 05:00:00+00:00,305.8205388774128,310.9573413023751,305.4223107621409,310.7283935546875,8535300,0.0,0.0,6849.72021484375,,621.9335327148438,310.7283935546875,0.013709706778662668,0.21594587821985153,0.0029797912994984355,0.0,0.0024437973823301373,0
2025-12-04 05:00:00+00:00,311.8533290542866,317.0598245188333,311.594486851423,314.6805725097656,9627800,0.0,0.0,6857.1201171875,,621.35498046875,314.6805725097656,0.01263887081838627,0.20970753514502266,0.0010803218396737702,0.0,-0.0009302477124336628,0
2025-12-05 05:00:00+00:00,314.22264749671507,317.0498909600222,313.26693645912985,313.6253356933594,6518900,0.0,0.0,6870.39990234375,,623.8884887695312,313.6253356933594,-0.0033589937474761897,0.18469914436002127,0.001936641757662061,0.0,0.0040773927632637985,0
2025-12-08 05:00:00+00:00,313.64523530818684,315.04890741449873,311.9429224901236,313.7945556640625,7417200,0.0,0.0,6846.509765625,,622.6915893554688,313.7945556640625,0.0005394153967295573,0.13502304744545274,-0.003477255626794018,0.0,-0.0019184508699994218,0
2025-12-09 05:00:00+00:00,313.53574377586375,317.36843122488773,298.6727631596137,299.16058349609375,18049200,0.0,0.0,6840.509765625,,623.4595947265625,299.16058349609375,-0.04775799267837857,0.3986594307266849,-0.0008763589340257116,0.0,0.001233363970579271,0
2025-12-10 05:00:00+00:00,299.1506059920777,309.79260502170655,297.1197580970947,308.7174377441406,18874100,0.0,0.0,6886.68017578125,,626.0130615234375,308.7174377441406,0.03144591981427959,0.46502794301809003,0.00674955693920154,0.0,0.004095641190661192,0
2025-12-11 05:00:00+00:00,307.85134172095206,316.57201448320507,307.85134172095206,315.9548034667969,9721900,0.0,0.0,6901.0,,623.98828125,315.9548034667969,0.023172758769688873,0.4902471209770489,0.002079350841514227,0.0,-0.0032344057942019777,0
2025-12-12 05:00:00+00:00,318.2444858866232,318.8318328758901,315.1783298378069,317.0896911621094,8982900,0.0,0.0,6827.41015625,,612.0587158203125,317.0896911621094,0.0035854949241731376,0.48900561302249274,-0.010663649289958,0.0,-0.019118252358505283,0
2025-12-15 05:00:00+00:00,318.15488497356307,321.43011981246894,316.9602917736724,318.58294677734375,10864100,0.0,0.0,6816.509765625,,608.9865112304688,318.58294677734375,0.004698199270626343,0.48900872578119015,-0.0015965630269072495,0.0,-0.0050194605687891025,0
2025-12-16 05:00:00+00:00,317.65713843404893,318.0852002489096,312.9881962174831,314.1330261230469,8331300,0.0,0.0,6800.259765625,,610.1934204101562,314.1330261230469,-0.01406632428127084,0.28415158725288236,-0.0023839179519623555,0.0,0.00198183236809113,0
2025-12-17 05:00:00+00:00,317.0000717018951,317.93585302959536,313.247011955208,313.5655822753906,8718700,0.0,0.0,6721.43017578125,,598.8822631835938,313.5655822753906,-0.00180801421141024,0.21363978728941094,-0.011592143912241393,0.0,-0.018537002937461078,0
2025-12-18 05:00:00+00:00,314.5810110073882,316.2733893580616,310.8179862048632,311.594482421875,11444900,0.0,0.0,6774.759765625,,607.5601806640625,311.594482421875,-0.006305925462938858,0.12224427855068917,0.007934262269941872,0.0,0.014490189497912143,0
2025-12-19 05:00:00+00:00,312.38092757719465,317.12949684979,311.7836158143462,315.7855529785156,24494400,0.0,0.0,6834.5,,615.4799194335938,315.7855529785156,0.01336074680569683,0.1661297149170407,0.008818059450332205,0.0,0.013035315712881301,0
2025-12-22 05:00:00+00:00,316.0842305232393,321.778546068669,316.0842305232393,321.63916015625,8354600,0.0,0.0,6878.490234375,,618.4302368164062,321.63916015625,0.018366943148216172,0.2157004181026038,0.006436496360377575,0.0,0.004793523378516795,0
2025-12-23 05:00:00+00:00,322.15681084289565,326.3080987754714,321.63915684610726,324.4664001464844,6668300,0.0,0.0,6909.7900390625,,621.3265380859375,324.4664001464844,0.008751690773992515,0.16381836505390635,0.004550388765703239,0.0,0.004683311224304099,0
2025-12-24 05:00:00+00:00,324.7749981915486,328.5081586858931,324.0383309091034,327.6918640136719,4289300,0.0,0.0,6932.0498046875,,623.144287109375,327.6918640136719,0.009891740531221632,0.14672313451095517,0.0032214822012188726,0.0,0.0029255937289227596,0
2025-12-26 05:00:00+00:00,327.6321237138718,329.3742653747722,325.0736873353596,326.4375305175781,4158300,0.0,0.0,6929.93994140625,,623.1043090820312,326.4375305175781,-0.0038351281688196954,0.130875968356248,-0.00030436354912266594,0.0,-6.415532994641371e-05,0
2025-12-29 05:00:00+00:00,325.5316095182794,326.29814090339255,322.077190306029,322.29620361328125,8635300,0.0,0.0,6905.740234375,,620.088134765625,322.29620361328125,-0.012767589977834514,0.1954254915332977,-0.00349205148036813,0.0,-0.004840560837798935,0
2025-12-30 05:00:00+00:00,323.35145488056963,323.48087598310644,321.0418654305578,321.96771240234375,7904300,0.0,0.0,6896.240234375,,618.64990234375,321.96771240234375,-0.0010197412309997766,0.14912526113405047,-0.0013756671519022934,0.0,-0.0023194000033860407,0
2025-12-31 05:00:00+00:00,322.8835465614906,323.42113019633854,320.59388687095947,320.7730712890625,5048500,0.0,0.0,6845.5,,613.536376953125,320.7730712890625,-0.0037173383711836152,0.12901711861114806,-0.007357666300846111,0.0,-0.008265620622022962,0
2026-01-02 05:00:00+00:00,321.0518034652283,324.2673099842148,319.2996970795839,324.0184326171875,8054000,0.0,0.0,6858.47021484375,,612.347900390625,324.0184326171875,0.010066474864661555,0.13005824373930633,0.0018947067188299638,0.0,-0.0019370922526258383,0
2026-01-05 05:00:00+00:00,324.03834873814424,335.7355855973553,323.7297432174082,332.5400085449219,10752600,0.0,0.0,6902.0498046875,,617.2117309570312,332.5400085449219,0.02595977434025691,0.2360587690345335,0.006354126864826393,0.0,0.007942920296294842,1
2026-01-06 05:00:00+00:00,332.6199951171875,335.8699951171875,330.6499938964844,334.6099853515625,7660800,1.5,0.0,6944.81982421875,,622.6348876953125,334.6099853515625,0.006205451451893045,0.1857114878515587,0.006196712678341321,0.0,0.008786541904950873,1
2026-01-07 05:00:00+00:00,331.1400146484375,332.1499938964844,324.6000061035156,326.989990234375,9815200,0.0,0.0,6920.93017578125,,623.2341918945312,326.989990234375,-0.023036071235369937,0.2873149004545337,-0.003439923431013958,0.0,0.0009625291018258153,1
2026-01-08 05:00:00+00:00,326.3900146484375,331.3999938964844,325.6499938964844,329.7900085449219,11737100,0.0,0.0,6921.4599609375,,619.6885986328125,329.7900085449219,0.008526554644394597,0.2821255841646437,7.65482590914246e-05,0.0,-0.005689022373661312,1
2026-01-09 05:00:00+00:00,329.3399963378906,331.8999938964844,328.1700134277344,329.19000244140625,6738100,0.0,0.0,6966.27978515625,,625.86083984375,329.19000244140625,-0.001821015081850611,0.28274330257730035,0.006475487031883276,0.0,0.009960230387576985,1
2026-01-12 05:00:00+00:00,321.8800048828125,326.0199890136719,321.2300109863281,324.489990234375,12805100,0.0,0.0,6977.27001953125,,626.3801879882812,324.489990234375,-0.014380410154209796,0.214728586064883,0.001577633215136931,0.0,0.0008298140919966723,1
2026-01-13 05:00:00+00:00,324.29998779296875,326.8599853515625,310.57000732421875,310.8999938964844,19371200,0.0,0.0,6963.740234375,,625.4513549804688,310.8999938964844,-0.04278339150006894,0.3138589519687965,-0.0019391230550597216,0.0,-0.0014828582155441694,0
2026-01-14 05:00:00+00:00,308.20001220703125,311.760009765625,306.1199951171875,307.8699951171875,25951500,0.0,0.0,6926.60009765625,,618.769775390625,307.8699951171875,-0.009793697341386864,0.3056708316743858,-0.005333360445499591,0.0,-0.010682812558703958,0
2026-01-15 05:00:00+00:00,308.4700012207031,312.94000244140625,307.75,309.260009765625,14751400,0.0,0.0,6944.47021484375,,620.9970092773438,309.260009765625,0.004504778533121887,0.2895213662098736,0.0025799262171273263,0.0,0.0035994548785334146,0
2026-01-16 05:00:00+00:00,310.3500061035156,317.2099914550781,310.0,312.4700012207031,14652500,0.0,0.0,6940.009765625,,620.4776611328125,312.4700012207031,0.010326089850107868,0.3288567556822799,-0.0006423023039563436,0.0,-0.0008363134391510263,0
2026-01-20 05:00:00+00:00,306.2099914550781,311.1499938964844,301.8599853515625,302.739990234375,12900600,0.0,0.0,6796.85986328125,,607.2942504882812,302.739990234375,-0.031634149397832795,0.3629719780082083,-0.02062675805627745,0.0,-0.021247196265635315,0
2026-01-21 05:00:00+00:00,303.42999267578125,305.3999938964844,301.1499938964844,302.0400085449219,10270100,0.0,0.0,6875.6201171875,,615.50390625,302.0400085449219,-0.0023148318510328816,0.2586299075573332,0.011587741323274559,0.0,0.013518415093042524,0
2026-01-22 05:00:00+00:00,304.8599853515625,308.20001220703125,302.8999938964844,303.6300048828125,10535800,0.0,0.0,6913.35009765625,,619.978271484375,303.6300048828125,0.00525038372445483,0.26588056351697803,0.005487502192628835,0.0,0.007269434343049719,0
2026-01-23 05:00:00+00:00,302.0,302.3699951171875,296.510009765625,297.7200012207031,11107900,0.0,0.0,6915.60986328125,,621.935791015625,297.7200012207031,-0.019656419358493746,0.27920721908725404,0.0003268698377891788,0.0,0.0031574002207581664,0
2026-01-26 05:00:00+00:00,297.80999755859375,301.7799987792969,297.45001220703125,301.0400085449219,11752700,0.0,0.0,6950.22998046875,,624.67236328125,301.0400085449219,0.011089723077972577,0.28233212105396177,0.005006083031276365,0.0,0.0044000880881227555,0
2026-01-27 05:00:00+00:00,301.3299865722656,301.9700012207031,298.1499938964844,300.30999755859375,11527400,0.0,0.0,6978.60009765625,,630.335205078125,300.30999755859375,-0.002427908331323552,0.1836212683384715,0.004081896177137168,0.0,0.009065299074749289,0
2026-01-28 05:00:00+00:00,300.2699890136719,301.9200134277344,298.04998779296875,300.7699890136719,9556700,0.0,0.0,6978.02978515625,,632.4225463867188,300.7699890136719,0.0015305501934897694,0.1847198055225123,-8.172305219089626e-05,0.0,0.0033114782290084577,0
2026-01-29 05:00:00+00:00,302.3999938964844,306.8299865722656,302.2200012207031,306.4200134277344,11580000,0.0,0.0,6969.009765625,,628.6373291015625,306.4200134277344,0.018610937176924275,0.23103108778995324,-0.001292631274007694,0.0,-0.005985266190749683,0
2026-01-30 05:00:00+00:00,305.25,307.92999267578125,302.55999755859375,305.8900146484375,11953200,0.0,0.0,6939.02978515625,,621.0868530273438,305.8900146484375,-0.00173114562021238,0.1450592162200387,-0.004301899620894223,0.0,-0.012010861787367544,0
2026-02-02 05:00:00+00:00,304.4599914550781,309.29998779296875,301.3699951171875,308.1400146484375,9839400,0.0,0.0,6976.43994140625,,625.3515014648438,308.1400146484375,0.0073286646031493945,0.13807834494553242,0.00539126612916796,0.0,0.006866428449922912,0
2026-02-03 05:00:00+00:00,309.7300109863281,316.25,309.1000061035156,314.8500061035156,12688000,0.0,0.0,6917.81005859375,,615.7435913085938,314.8500061035156,0.021542081628341352,0.16312491293249168,-0.008403983020698336,0.0,-0.015364015491678096,0
2026-02-04 05:00:00+00:00,314.4100036621094,319.30999755859375,314.4100036621094,317.2699890136719,9848800,0.0,0.0,6882.72021484375,,604.9871826171875,317.2699890136719,0.007656757424701667,0.1496109312077229,-0.005072391906223106,0.0,-0.017468973844366742,0
2026-02-05 05:00:00+00:00,315.0,316.010009765625,305.5400085449219,310.1600036621094,9388000,0.0,0.0,6798.39990234375,,596.2781982421875,310.1600036621094,-0.022664806575088715,0.2588630392837935,-0.012251015567674717,0.0,-0.014395320471625062,0
2026-02-06 05:00:00+00:00,314.7099914550781,324.25,314.7099914550781,322.3999938964844,17797400,0.0,0.0,6932.2998046875,,608.8822631835938,322.3999938964844,0.03870468653113737,0.3580992012471544,0.0196957966973359,0.0,0.021137893316513612,0
2026-02-09 05:00:00+00:00,321.3399963378906,326.3999938964844,320.1099853515625,322.1000061035156,11477500,0.0,0.0,6964.81982421875,,613.54638671875,322.1000061035156,-0.0009309164146874089,0.3674068821678013,0.004691086716887227,0.0,0.007660140255637327,0
2026-02-10 05:00:00+00:00,322.54998779296875,326.1300048828125,315.1199951171875,318.2799987792969,9902200,0.0,0.0,6941.81005859375,,610.699951171875,318.2799987792969,-0.011930580612263656,0.3714513962395678,-0.003303712975458173,0.0,-0.004639315964515389,0
2026-02-11 05:00:00+00:00,323.239990234375,325.2799987792969,308.7300109863281,310.82000732421875,8703500,0.0,0.0,6941.47021484375,,612.337890625,310.82000732421875,-0.023717504622375332,0.4072902298408052,-4.895607156218951e-05,0.0,0.0026820690749720377,0
2026-02-12 05:00:00+00:00,312.2799987792969,313.6199951171875,300.0199890136719,302.6400146484375,13443400,0.0,0.0,6832.759765625,,599.8836059570312,302.6400146484375,-0.026669961324688265,0.4195933541375129,-0.01566101212770199,0.0,-0.02033890905437341,0
2026-02-13 05:00:00+00:00,298.5199890136719,304.2900085449219,296.5199890136719,302.54998779296875,9114500,0.0,0.0,6836.169921875,,601.1619873046875,302.54998779296875,-0.00029751600578214896,0.19595048756508437,0.0004990891480125548,0.0,0.0021310489817716327,0
2026-02-17 05:00:00+00:00,302.760009765625,308.239990234375,302.5,307.1300048828125,8896800,0.0,0.0,6843.22021484375,,600.542724609375,307.1300048828125,0.01502461390212326,0.27369068123065926,0.0010313220779065713,0.0,-0.0010301095351836764,0
2026-02-18 05:00:00+00:00,308.4599914550781,312.2799987792969,307.2200012207031,308.7799987792969,7209600,0.0,0.0,6881.31005859375,,605.027099609375,308.7799987792969,0.005357918637170691,0.29105965425138647,0.005566070147410729,0.0,0.007467203941096567,0
2026-02-19 05:00:00+00:00,307.1700134277344,309.17999267578125,305.1199951171875,308.04998779296875,6737700,0.0,0.0,6861.89013671875,,602.7100219726562,308.04998779296875,-0.0023669774266768568,0.24533650903730375,-0.0028221256867719813,0.0,-0.003829708848107294,0
2026-02-20 05:00:00+00:00,308.3999938964844,311.0,305.67999267578125,310.7900085449219,7792700,0.0,0.0,6909.509765625,,608.0433349609375,310.7900085449219,0.008855402604094318,0.11149680920577025,0.006939724763506794,0.0,0.008848887182637988,0
2026-02-23 05:00:00+00:00,308.79998779296875,311.0,295.1000061035156,297.6700134277344,12955400,0.0,0.0,6837.75,,600.652587890625,297.6700134277344,-0.04313193497444741,0.3676882652754717,-0.010385652247284827,0.0,-0.012154967656684001,0
2026-02-24 05:00:00+00:00,296.82000732421875,299.75,291.3800048828125,297.29998779296875,13554100,0.0,0.0,6890.06982421875,,607.1044921875,297.29998779296875,-0.0012438465190301024,0.3332707405666118,0.0076516140863223114,0.0,0.010741490883328764,0
2026-02-25 05:00:00+00:00,298.6400146484375,303.6600036621094,297.010009765625,303.29998779296875,8095500,0.0,0.0,6946.1298828125,,615.9033813476562,303.29998779296875,0.019980685502741475,0.37908425558159914,0.008136355657339944,0.0,0.014493203844452518,0
2026-02-26 05:00:00+00:00,304.5799865722656,309.010009765625,303.6400146484375,306.1300048828125,7007800,0.0,0.0,6908.85986328125,,608.4727783203125,306.1300048828125,0.009287489839145648,0.3902995921336121,-0.005365580569328343,0.0,-0.012064559559788246,0
2026-02-27 05:00:00+00:00,300.0,302.95001220703125,294.45001220703125,300.29998779296875,18620800,0.0,0.0,6878.8798828125,,606.5252075195312,300.29998779296875,-0.019227929946468186,0.3953775332961853,-0.00433935281103115,0.0,-0.003200752556519526,0
2026-03-02 05:00:00+00:00,294.80999755859375,299.9800109863281,293.2099914550781,297.55999755859375,8508900,0.0,0.0,6881.6201171875,,607.32421875,297.55999755859375,-0.00916605722144125,0.24344671647923402,0.0003983547353176853,0.0,0.0013173586531323167,0
2026-03-03 05:00:00+00:00,292.2900085449219,302.3900146484375,289.5,300.260009765625,10278200,0.0,0.0,6816.6298828125,,600.8224487304688,300.260009765625,0.009032921389666541,0.2511458851220359,-0.009444031095625416,0.0,-0.01070559977488339,0
2026-03-04 05:00:00+00:00,299.989990234375,301.0,295.82000732421875,299.3900146484375,8055700,0.0,0.0,6869.5,,609.9808959960938,299.3900146484375,-0.0029016782863138485,0.19382659105208352,0.007756049264286302,0.0,0.015243184213533878,0
2026-03-05 05:00:00+00:00,297.9800109863281,301.239990234375,292.42999267578125,293.54998779296875,12732500,0.0,0.0,6830.7099609375,,608.1431274414062,293.54998779296875,-0.019699179295710117,0.19109511475538282,-0.005646704863891072,0.0,-0.0030128296914716524,0
2026-03-06 05:00:00+00:00,286.3399963378906,289.989990234375,283.7099914550781,289.4800109863281,13496500,0.0,0.0,6740.02001953125,,598.9946899414062,289.4800109863281,-0.013961692976162364,0.1752861020921622,-0.013276795812569242,0.0,-0.015043230922446638,0
2026-03-09 04:00:00+00:00,285.5,291.1000061035156,280.45001220703125,289.9200134277344,12241100,0.0,0.0,6795.990234375,,606.99462890625,289.9200134277344,0.0015188212200543483,0.18444414600573356,0.008304161513105202,0.0,0.013355609155110137,0
2026-03-10 04:00:00+00:00,289.2900085449219,292.75,287.17999267578125,288.7300109863281,8344900,0.0,0.0,6781.47998046875,,607.004638671875,288.7300109863281,-0.004113035751525116,0.1383861311515932,-0.0021351198877325173,0.0,1.6490698843574236e-05,0
2026-03-11 04:00:00+00:00,288.80999755859375,290.4800109863281,284.8599853515625,287.5199890136719,10205000,0.0,0.0,6775.7998046875,,606.9247436523438,287.5199890136719,-0.004199648593806113,0.13575496871937556,-0.0008376012017449197,0.0,-0.00013162176108916235,0
2026-03-12 04:00:00+00:00,282.8299865722656,283.8800048828125,279.1000061035156,282.8900146484375,13760500,0.0,0.0,6672.6201171875,,596.5078735351562,282.8900146484375,-0.016234203540010983,0.11818000745255004,-0.015227676506708532,0.0,-0.017163363705524626,0
2026-03-13 04:00:00+00:00,284.6700134277344,287.19000244140625,282.95001220703125,283.44000244140625,9091200,0.0,0.0,6632.18994140625,,592.9722900390625,283.44000244140625,0.0019422878861217532,0.1164535446196585,-0.006059115470564369,0.0,-0.005927136342962935,0
2026-03-16 04:00:00+00:00,286.3399963378906,289.2699890136719,284.6099853515625,286.1600036621094,8149000,0.0,0.0,6699.3798828125,,599.6239013671875,286.1600036621094,0.009550638577479422,0.15039147862391342,0.010130883162251969,0.0,0.011217406681325315,0
2026-03-17 04:00:00+00:00,289.0,291.760009765625,285.95001220703125,286.8900146484375,8961200,0.0,0.0,6716.08984375,,602.5502319335938,286.8900146484375,0.002547810340800391,0.15359981883354953,0.0024942548757938,0.0,0.004880276719680499,0
2026-03-18 04:00:00+00:00,286.8299865722656,289.4100036621094,285.1199951171875,287.739990234375,10057000,0.0,0.0,6624.7001953125,,594.15087890625,287.739990234375,0.0029583425808453966,0.15342994466500287,-0.013607567880073446,0.0,-0.01393967271473795,0
2026-03-19 04:00:00+00:00,286.8800048828125,289.510009765625,284.6199951171875,287.9700012207031,9846700,0.0,0.0,6606.490234375,,592.273193359375,287.9700012207031,0.0007990516127224524,0.054711864965130176,-0.002748797741878972,0.0,-0.0031602840516394837,0
2026-03-20 04:00:00+00:00,288.0799865722656,290.7099914550781,285.2699890136719,286.55999755859375,22436500,0.0,0.0,6506.47998046875,,581.3269653320312,286.55999755859375,-0.004908382489851268,0.08218762913291877,-0.015138182356779217,0.0,-0.018481721188927547,0
2026-03-23 04:00:00+00:00,294.30999755859375,295.75,287.9700012207031,289.9100036621094,11470800,0.0,0.0,6581.0,,588.0,289.9100036621094,0.011622612825197146,0.09430240091856518,0.011453200463990454,0.0,0.011478969781072212,0
2026-03-24 04:00:00+00:00,286.1700134277344,295.4800109863281,285.3699951171875,292.3999938964844,11092300,0.0,0.0,6556.3701171875,,583.97998046875,292.3999938964844,0.008552164383871637,0.10328384385225822,-0.0037425745042546366,0.0,-0.006836767910289088,0
2026-03-25 04:00:00+00:00,294.1499938964844,297.6400146484375,292.44000244140625,295.4200134277344,12188200,0.0,0.0,6591.89990234375,,587.8200073242188,295.4200134277344,0.010275411063716877,0.11218551479154105,0.005419124381509377,0.0,0.006575613863315066,0
2026-03-26 04:00:00+00:00,292.5799865722656,294.989990234375,290.7300109863281,291.6600036621094,8669200,0.0,0.0,6477.16015625,,573.7899780273438,291.6600036621094,-0.01280936522397388,0.17199459053432326,-0.017406172392416708,0.0,-0.023867900245077234,0
2026-03-27 04:00:00+00:00,289.1400146484375,290.1099853515625,281.75,282.8399963378906,9873300,0.0,0.0,6368.85009765625,,562.5800170898438,282.8399963378906,-0.030707399053105638,0.2955692934881663,-0.01672184352107431,0.0,-0.019536696991535485,0
2026-03-30 04:00:00+00:00,284.739990234375,287.25,282.3299865722656,283.7699890136719,11734400,0.0,0.0,6343.72021484375,,558.280029296875,283.7699890136719,0.003282658389175982,0.2755125592623185,-0.003945748828622642,0.0,-0.00764333545868201,0
2026-03-31 04:00:00+00:00,288.4700012207031,295.07000732421875,284.95001220703125,294.1600036621094,12956900,0.0,0.0,6528.52001953125,,577.1799926757812,294.1600036621094,0.0359598372648157,0.3975994841548349,0.02913114047102594,0.0,0.03385391270884219,0
2026-04-01 04:00:00+00:00,295.3900146484375,298.7200012207031,292.9100036621094,295.3800048828125,11267200,0.0,0.0,6575.31982421875,,584.3099975585938,295.3800048828125,0.004138830086381556,0.39110903782389855,0.007168516684867399,0.0,0.012353174006878076,0
2026-04-02 04:00:00+00:00,291.9100036621094,295.6199951171875,288.7200012207031,294.6000061035156,6669300,0.0,0.0,6582.68994140625,,584.97998046875,294.6000061035156,-0.002644154782271883,0.376566640960253,0.0011208758485563575,0.0,0.0011466223630531847,0
