Date,Open,High,Low,Close,Volume,Dividends,Stock Splits,snp500,vix_close,qqq_close
2021-04-05 04:00:00+00:00,45.10396601371955,45.85354720679402,45.052273025704345,45.50029754638672,16368700,0.0,0.0,4077.909912109375,,321.2608947753906
2021-04-06 04:00:00+00:00,45.698461996258416,46.22402928940838,45.577840641112935,45.82769775390625,15614300,0.0,0.0,4073.93994140625,,321.0376892089844
2021-04-07 04:00:00+00:00,45.905235290527344,46.09478499082697,45.76738185940536,45.905235290527344,10062700,0.0,0.0,4079.949951171875,,321.8140563964844
2021-04-08 04:00:00+00:00,45.81045452145114,45.991389796852665,45.63814021982627,45.76737594604492,9695600,0.0,0.0,4097.169921875,,325.1717529296875
2021-04-09 04:00:00+00:00,45.81045503619982,45.90522987516921,45.50028731777907,45.81907272338867,10828200,0.0,0.0,4128.7998046875,,327.1417541503906
2021-04-12 04:00:00+00:00,45.94832447790597,46.13787092171593,45.75015705783215,45.965553283691406,8565300,0.0,0.0,4127.990234375,,326.7147216796875
2021-04-13 04:00:00+00:00,45.69845279486159,45.913848967589985,45.50028871035363,45.74153137207031,11071700,0.0,0.0,4141.58984375,,330.52850341796875
2021-04-14 04:00:00+00:00,45.64676495802892,45.82769698772217,45.362443666608854,45.73292541503906,9787600,0.0,0.0,4124.66015625,,326.5594177246094
2021-04-15 04:00:00+00:00,45.77599706551781,46.2326359150958,45.76737937777961,45.94831466674805,13078100,0.0,0.0,4170.419921875,,331.5085754394531
2021-04-16 04:00:00+00:00,46.30156656923433,46.35325955149066,45.99139552895621,46.24987030029297,17974100,0.0,0.0,4185.47021484375,,331.89678955078125
2021-04-19 04:00:00+00:00,46.52557373046875,46.83574474787478,45.92246378403313,46.52557373046875,19352900,0.0,0.0,4163.259765625,,328.859375
2021-04-20 04:00:00+00:00,46.38772159729145,47.03391013925594,46.361875107352034,46.67204284667969,14419200,0.0,0.0,4134.93994140625,,326.46240234375
2021-04-21 04:00:00+00:00,46.73235820953461,47.163150583828426,46.73235820953461,47.051143646240234,13866500,0.0,0.0,4173.419921875,,329.2572326660156
2021-04-22 04:00:00+00:00,46.930528125334604,47.27516009548305,46.801289082350564,46.90467834472656,12558900,0.0,0.0,4134.97998046875,,325.2881774902344
2021-04-23 04:00:00+00:00,46.87020843865415,47.033908346505655,46.67204106772238,46.930519104003906,9020500,0.0,0.0,4180.169921875,,329.3834228515625
2021-04-26 04:00:00+00:00,46.9305164254454,46.96497731318929,46.16370662117726,46.23263168334961,11684600,0.0,0.0,4187.6201171875,,331.52801513671875
2021-04-27 04:00:00+00:00,46.1464832720716,46.267104618727004,45.93970147303004,46.16371536254883,9852400,0.0,0.0,4186.72021484375,,330.0917053222656
2021-04-28 04:00:00+00:00,46.508338805715844,46.568649468012794,46.04308230798112,46.17232131958008,10868100,0.0,0.0,4183.18017578125,,328.975830078125
2021-04-29 04:00:00+00:00,46.12924545130381,46.835744639681124,46.03447060879482,46.74958419799805,15391000,0.0,0.0,4211.47021484375,,330.1597900390625
2021-04-30 04:00:00+00:00,46.74096717770278,46.758199265073664,46.25847859137164,46.508338928222656,14912600,0.0,0.0,4181.169921875,,327.9957275390625
2021-05-03 04:00:00+00:00,46.758208297505554,47.21484719764844,46.663433442,46.93914031982422,10417900,0.0,0.0,4192.66015625,,326.2488708496094
2021-05-04 04:00:00+00:00,47.01668767157355,47.059766259182844,46.47388826497687,46.64620590209961,14151000,0.0,0.0,4164.66015625,,320.3778381347656
2021-05-05 04:00:00+00:00,46.64619506241892,46.73235550430103,46.27571337903781,46.52557373046875,9665900,0.0,0.0,4167.58984375,,319.3006286621094
2021-05-06 04:00:00+00:00,46.628962191312574,47.05114013273613,46.56865152634989,46.99082946777344,11572700,0.0,0.0,4201.6201171875,,321.7072448730469
2021-05-07 04:00:00+00:00,46.904670412357994,47.18899494416466,46.663427745383736,46.96498107910156,10637500,0.0,0.0,4232.60009765625,,324.3177795410156
2021-05-10 04:00:00+00:00,47.283769599418754,47.81795119702366,47.240691021443084,47.30961608886719,15545800,0.0,0.0,4188.43017578125,,316.1272888183594
2021-05-11 04:00:00+00:00,47.4130091924646,47.507784043736045,46.56865650601419,46.80128479003906,12986700,0.0,0.0,4152.10009765625,,315.6907043457031
2021-05-12 04:00:00+00:00,46.835746370468534,47.0080639735178,46.42218609516124,46.56003952026367,15836500,0.0,0.0,4063.0400390625,,307.5196533203125
2021-05-13 04:00:00+00:00,46.499727833749034,47.19760934512024,46.3791065002619,46.96498107910156,15475800,0.0,0.0,4112.5,,309.8971862792969
2021-05-14 04:00:00+00:00,47.301008330636385,47.47332266673793,47.12007301903331,47.154537200927734,11725300,0.0,0.0,4173.85009765625,,316.73870849609375
2021-05-17 04:00:00+00:00,47.24930964891378,47.404395172846776,46.956370691116476,47.07699203491211,12119800,0.0,0.0,4163.2900390625,,314.81719970703125
2021-05-18 04:00:00+00:00,46.86159053984832,47.0080616455262,46.61173019213503,46.818511962890625,13232500,0.0,0.0,4127.830078125,,312.6920471191406
2021-05-19 04:00:00+00:00,46.6289642678857,46.680660534449416,46.189557505491194,46.67204284667969,15126100,0.0,0.0,4115.68017578125,,313.0510559082031
2021-05-20 04:00:00+00:00,46.628971046415636,47.214849005901605,46.628971046415636,47.08561325073242,10948400,0.0,0.0,4159.1201171875,,319.1065979003906
2021-05-21 04:00:00+00:00,47.21483892039242,47.490545749882344,46.715121524448676,47.05975341796875,16033200,0.0,0.0,4155.85986328125,,317.3404235839844
2021-05-24 04:00:00+00:00,47.06836451118538,47.32683921678601,46.94774320101737,47.2148323059082,10326100,0.0,0.0,4197.0498046875,,322.6777648925781
2021-05-25 04:00:00+00:00,47.23207283805409,47.23207283805409,46.8271269786268,47.20622634887695,11916500,0.0,0.0,4188.1298828125,,323.1241149902344
2021-05-26 04:00:00+00:00,47.36993487289414,47.43024554973215,47.03391730574369,47.41301345825195,16064300,0.0,0.0,4195.990234375,,324.2497863769531
2021-05-27 04:00:00+00:00,47.56809165913333,47.87826268457287,47.19760996615664,47.8093376159668,59109600,0.0,0.0,4200.8798828125,,323.036865234375
2021-05-28 04:00:00+00:00,47.68872454748249,47.99889564806541,47.55948878003005,47.63703155517578,17011600,0.0,0.0,4204.10986328125,,324.0557861328125
2021-06-01 04:00:00+00:00,47.68009515800741,47.947187585489765,47.4733133937171,47.62839889526367,13304000,0.0,0.0,4202.0400390625,,322.978515625
2021-06-02 04:00:00+00:00,47.81795120239258,47.86964746798008,47.6111694267274,47.81795120239258,11328500,0.0,0.0,4208.1201171875,,323.6092834472656
2021-06-03 04:00:00+00:00,47.54225132514017,48.024740014596155,47.473322960924186,47.93857955932617,17364300,0.0,0.0,4192.85009765625,,320.24188232421875
2021-06-04 04:00:00+00:00,48.16258551831416,48.66230292977675,48.05919298903106,48.45552444458008,18935100,0.0,0.0,4229.89013671875,,325.67633056640625
2021-06-07 04:00:00+00:00,48.51584286714638,48.54168936025735,48.085050452975366,48.2832145690918,14010800,0.0,0.0,4226.52001953125,,326.646728515625
2021-06-08 04:00:00+00:00,48.46413883057357,48.46413883057357,47.8610288900117,47.94718933105469,10968300,0.0,0.0,4227.259765625,,326.8020324707031
2021-06-09 04:00:00+00:00,48.033352318580306,48.17982015611329,47.800724029541016,47.800724029541016,9838800,0.0,0.0,4219.5498046875,,326.8796691894531
2021-06-10 04:00:00+00:00,48.171207427978516,48.35213945240037,48.04196838957132,48.171207427978516,12444400,0.0,0.0,4239.18017578125,,330.285888671875
2021-06-11 04:00:00+00:00,48.24012885811714,48.429675257403204,47.955804329160834,48.3865966796875,11825800,0.0,0.0,4247.43994140625,,331.1496276855469
2021-06-14 04:00:00+00:00,48.34319464798315,48.36055658094348,47.9178388805304,48.22166442871094,9710800,0.42,0.0,4255.14990234375,,334.32281494140625
2021-06-15 04:00:00+00:00,48.421319454836166,48.430002076640484,47.90915404622981,48.10013198852539,11154200,0.0,0.0,4246.58984375,,332.1394348144531
2021-06-16 04:00:00+00:00,48.126175561431616,48.143537494431015,47.43171479870644,47.45775604248047,15211700,0.0,0.0,4223.7001953125,,330.9263916015625
2021-06-17 04:00:00+00:00,47.45775716655301,47.87443694550761,47.44039854459258,47.70082092285156,10658400,0.0,0.0,4221.85986328125,,335.1282653808594
2021-06-18 04:00:00+00:00,47.31886964017781,47.41435862755335,46.63309141634085,46.67649459838867,31445600,0.0,0.0,4166.4501953125,,332.4984436035156
2021-06-21 04:00:00+00:00,47.06713323962476,47.24942860418664,46.876155251159496,47.188663482666016,14404300,0.0,0.0,4224.7900390625,,334.5649108886719
2021-06-22 04:00:00+00:00,47.171296203089206,47.614013939941756,47.101848465531724,47.362274169921875,13072800,0.0,0.0,4246.43994140625,,337.68365478515625
2021-06-23 04:00:00+00:00,47.36227592462288,47.39699648323757,46.9716406650156,46.98031997680664,12339200,0.0,0.0,4241.83984375,,337.8487854003906
2021-06-24 04:00:00+00:00,47.10184787511278,47.24074003703634,46.87614935378088,47.214698791503906,11488400,0.0,0.0,4266.490234375,,339.9377136230469
2021-06-25 04:00:00+00:00,47.08448243418473,47.28413968107225,46.884821875847344,47.153926849365234,18880300,0.0,0.0,4280.7001953125,,339.5198974609375
2021-06-28 04:00:00+00:00,47.09315784881721,47.19732611869626,46.87613868822358,47.101837158203125,10556900,0.0,0.0,4290.60986328125,,343.6490173339844
2021-06-29 04:00:00+00:00,46.98900841254028,47.17130378575659,46.633096978972326,46.7546272277832,12300900,0.0,0.0,4291.7998046875,,344.892578125
2021-06-30 04:00:00+00:00,46.70252513115438,47.0323951996523,46.65912195906381,46.97163009643555,14614200,0.0,0.0,4297.5,,344.3485412597656
2021-07-01 04:00:00+00:00,47.171293143771315,47.29282336516461,46.75461667980138,46.84142303466797,13214700,0.0,0.0,4319.93994140625,,344.484619140625
2021-07-02 04:00:00+00:00,46.87614794716764,47.26678317568408,46.87614794716764,47.03240203857422,10604600,0.0,0.0,4352.33984375,,348.4388122558594
2021-07-06 04:00:00+00:00,46.867461621312,46.95426796512305,46.48550576106398,46.77197265625,15278200,0.0,0.0,4343.5400390625,,349.9447021484375
2021-07-07 04:00:00+00:00,46.633082145436916,47.20601264433801,46.633082145436916,47.153926849365234,14377700,0.0,0.0,4358.1298828125,,350.6831359863281
2021-07-08 04:00:00+00:00,46.8848344246532,47.023726603638806,46.65045656316873,46.98900604248047,11943900,0.0,0.0,4320.81982421875,,348.5650634765625
2021-07-09 04:00:00+00:00,47.0931639657218,47.3275450869805,47.03239885777881,47.27545928955078,10847000,0.0,0.0,4369.5498046875,,350.7413635253906
2021-07-12 04:00:00+00:00,47.153935439089224,47.39699590367252,47.1105322577637,47.29282760620117,15107600,0.0,0.0,4384.6298828125,,352.111328125
2021-07-13 04:00:00+00:00,47.70081631555549,48.004641842270225,47.52720030966856,47.76158142089844,15170800,0.0,0.0,4369.2099609375,,352.111328125
2021-07-14 04:00:00+00:00,47.76157663901014,48.91611683638346,47.70949084902392,48.837989807128906,22002700,0.0,0.0,4374.2998046875,,352.74273681640625
2021-07-15 04:00:00+00:00,48.82063854799469,49.02029580586464,48.53417162706169,48.9942512512207,15068200,0.0,0.0,4360.02978515625,,350.26531982421875
2021-07-16 04:00:00+00:00,49.01161236222368,49.202590306310874,48.83799635045804,48.959529876708984,14860500,0.0,0.0,4327.16015625,,347.42840576171875
2021-07-19 04:00:00+00:00,48.68174710134006,48.91612491636879,47.88311474688072,48.3779182434082,19527000,0.0,0.0,4258.490234375,,344.5816650390625
2021-07-20 04:00:00+00:00,48.37792345012005,48.89877155772415,48.195628102611316,48.4647331237793,16257900,0.0,0.0,4323.06005859375,,348.5844421386719
2021-07-21 04:00:00+00:00,49.76684288655249,49.96650014657117,48.98557246782715,49.08974075317383,20918200,0.0,0.0,4358.68994140625,,351.27569580078125
2021-07-22 04:00:00+00:00,49.15050753740906,49.25467913775624,48.65570402583566,49.02029800415039,13402700,0.0,0.0,4367.47998046875,,353.5977783203125
2021-07-23 04:00:00+00:00,49.12446497645187,49.76684324890882,49.00293475742085,49.48905563354492,12144000,0.0,0.0,4411.7900390625,,357.7268981933594
2021-07-26 04:00:00+00:00,49.3848882967488,49.58454556205915,49.09842467659054,49.53246307373047,8681100,0.0,0.0,4422.2998046875,,358.00860595703125
2021-07-27 04:00:00+00:00,49.575864234012414,49.94913750528103,49.41092753048208,49.70607376098633,12794400,0.0,0.0,4401.4599609375,,354.0640869140625
2021-07-28 04:00:00+00:00,49.47169600884506,49.619267468547264,49.159187845416795,49.254676818847656,9858000,0.0,0.0,4400.64013671875,,355.42431640625
2021-07-29 04:00:00+00:00,49.541146572178334,49.69740067327235,49.358851224718805,49.52378463745117,9599100,0.0,0.0,4419.14990234375,,356.0558166503906
2021-07-30 04:00:00+00:00,49.61059173845906,49.69739809614295,49.39357253279904,49.50642013549805,11727000,0.0,0.0,4395.259765625,,354.20013427734375
2021-08-02 04:00:00+00:00,49.653989733665405,49.68871359769407,49.22863067793907,49.37620544433594,9778000,0.0,0.0,4387.16015625,,354.22918701171875
2021-08-03 04:00:00+00:00,49.48038218817798,49.48038218817798,49.26336296805439,49.41093444824219,8825500,0.0,0.0,4423.14990234375,,356.3764343261719
2021-08-04 04:00:00+00:00,49.26335552068307,49.4369715328257,48.62097726919035,48.69910430908203,11888400,0.0,0.0,4402.66015625,,356.8912658691406
2021-08-05 04:00:00+00:00,48.99425132976422,49.12446416884252,48.86404180213597,49.04633712768555,9806800,0.0,0.0,4429.10009765625,,359.1549987792969
2021-08-06 04:00:00+00:00,49.13314570102015,49.25467923499846,48.99425354506656,49.167869567871094,10409300,0.0,0.0,4436.52001953125,,357.5811462402344
2021-08-09 04:00:00+00:00,49.30676135137985,49.37620908455716,48.98557386406023,49.176551818847656,8859900,0.0,0.0,4432.35009765625,,358.24176025390625
2021-08-10 04:00:00+00:00,49.34148656284761,49.62795019138658,49.18523247038989,49.3067626953125,10906900,0.0,0.0,4436.75,,356.405517578125
2021-08-11 04:00:00+00:00,49.384879067145604,49.636622085186225,49.228625008461734,49.24598693847656,8370700,0.0,0.0,4442.41015625,,355.79345703125
2021-08-12 04:00:00+00:00,49.24599890196728,49.46301811269944,49.24599890196728,49.341487884521484,6169200,0.0,0.0,4460.830078125,,357.075927734375
2021-08-13 04:00:00+00:00,49.31544018592707,49.740795928891714,49.28071632200549,49.680030822753906,7714200,0.0,0.0,4468.0,,358.3291931152344
2021-08-16 04:00:00+00:00,49.65399612301266,49.905739202439236,49.50642133762626,49.897056579589844,7972000,0.0,0.0,4479.7099609375,,358.48468017578125
2021-08-17 04:00:00+00:00,49.87969617922724,49.96650585313889,49.489060925250946,49.72344207763672,10346400,0.0,0.0,4448.080078125,,355.32708740234375
2021-08-18 04:00:00+00:00,49.645308902255614,49.6800327675365,48.97688939712377,49.04633712768555,13873700,0.0,0.0,4400.27001953125,,351.9072570800781
2021-08-19 04:00:00+00:00,48.664380255217246,49.46300921759521,48.56889128983515,49.35884094238281,9223700,0.0,0.0,4405.7998046875,,353.6074523925781
2021-08-20 04:00:00+00:00,49.341485590675624,49.50641899104232,49.11578707904488,49.167869567871094,10543600,0.0,0.0,4441.669921875,,357.2702331542969
2021-08-23 04:00:00+00:00,49.19390850909065,49.263356239541096,48.94216876483292,48.9942512512207,8912800,0.0,0.0,4479.52978515625,,362.6138000488281
2021-08-24 04:00:00+00:00,49.16786475366351,49.16786475366351,48.52548983706932,48.620975494384766,12067200,0.0,0.0,4486.22998046875,,363.7213439941406
2021-08-25 04:00:00+00:00,48.664385874714334,48.75987153967283,48.37791894548842,48.673065185546875,11270700,0.0,0.0,4496.18994140625,,364.1390686035156
2021-08-26 04:00:00+00:00,48.568901188806215,48.59494243505442,48.186945249430266,48.212989807128906,10331500,0.0,0.0,4470.0,,361.8268127441406
2021-08-27 04:00:00+00:00,48.317150990008926,48.430001892887226,48.13485567020934,48.3084716796875,8844100,0.0,0.0,4509.3701171875,,365.3439636230469
2021-08-30 04:00:00+00:00,48.34319181879317,48.785912804747,48.29978864465748,48.768550872802734,10034700,0.0,0.0,4528.7900390625,,369.44384765625
2021-08-31 04:00:00+00:00,48.751195839124215,49.06370403544078,48.612303675366896,48.88140869140625,14185700,0.0,0.0,4522.68017578125,,369.1426086425781
2021-09-01 04:00:00+00:00,48.942175295279554,49.30676599444225,48.85536562063332,49.21127700805664,9518900,0.0,0.0,4524.08984375,,369.7547302246094
2021-09-02 04:00:00+00:00,49.280723571777344,49.50642209757067,48.968215373409336,49.280723571777344,11653200,0.0,0.0,4536.9501953125,,369.579833984375
2021-09-03 04:00:00+00:00,49.01160585045076,49.28071079850621,48.82931055246944,49.24598693847656,13220400,0.0,0.0,4535.43017578125,,370.71661376953125
2021-09-07 04:00:00+00:00,49.13314790923237,49.2112749574332,48.18694401944475,48.325836181640625,20035300,0.0,0.0,4520.02978515625,,371.24114990234375
2021-09-08 04:00:00+00:00,48.27375424818163,49.028980181881195,48.27375424818163,48.97689437866211,12040100,0.0,0.0,4514.06982421875,,369.9490661621094
2021-09-09 04:00:00+00:00,48.768560404512385,48.9768970056626,48.43869025599888,48.49077606201172,12545400,0.0,0.0,4493.27978515625,,368.67633056640625
2021-09-10 04:00:00+00:00,48.62098671486222,48.72515832925538,48.19563087950077,48.27375793457031,10573700,0.0,0.0,4458.580078125,,365.8782043457031
2021-09-13 04:00:00+00:00,48.386601567771095,48.95953211477279,48.386601567771095,48.673065185546875,20274300,0.0,0.0,4468.72998046875,,365.6256103515625
2021-09-14 04:00:00+00:00,48.90921771716525,48.96169662141616,48.58560614872424,48.70805358886719,13918900,0.42,0.0,4443.0498046875,,364.5860595703125
2021-09-15 04:00:00+00:00,48.699306908154384,48.979187713889786,48.471901668217875,48.87423324584961,15746000,0.0,0.0,4480.7001953125,,367.2966613769531
2021-09-16 04:00:00+00:00,48.734293762119826,48.97044382199586,47.94712689586639,48.41067886352539,17430400,0.0,0.0,4473.75,,367.5492858886719
2021-09-17 04:00:00+00:00,48.12205505635349,48.270740283132895,47.55354526073707,47.614768981933594,33370200,0.0,0.0,4432.990234375,,363.1966857910156
2021-09-20 04:00:00+00:00,47.32613278160537,47.57977576220456,46.993773128973366,47.28240203857422,27542500,0.0,0.0,4357.72998046875,,355.6919250488281
2021-09-21 04:00:00+00:00,47.57102866797723,47.9471190719909,47.177445299074336,47.27365493774414,16418200,0.0,0.0,4354.18994140625,,356.1295471191406
2021-09-22 04:00:00+00:00,47.67599194416013,47.71972603269793,47.28241183886014,47.34363555908203,12719700,0.0,0.0,4395.64013671875,,359.4559020996094
2021-09-23 04:00:00+00:00,47.45733525918379,47.77220201531093,47.229933344448945,47.26491928100586,13836200,0.0,0.0,4448.97998046875,,362.77264404296875
2021-09-24 04:00:00+00:00,47.22993004854554,47.43984231679592,47.10748261558379,47.13372039794922,9682200,0.0,0.0,4455.47998046875,,363.113037109375
2021-09-27 04:00:00+00:00,47.09873338991245,47.448586050205144,46.853838529572904,46.888824462890625,12429500,0.0,0.0,4443.10986328125,,360.2146301269531
2021-09-28 04:00:00+00:00,46.75763077080187,46.75763077080187,45.856764638338205,46.040435791015625,19926100,0.0,0.0,4352.6298828125,,350.0213623046875
2021-09-29 04:00:00+00:00,46.04043171978095,46.49523882174742,45.97046319294722,46.3203125,13941500,0.0,0.0,4359.4599609375,,349.4475402832031
2021-09-30 04:00:00+00:00,46.503983642529185,46.64392736909913,45.856760589353605,45.891746520996094,17672000,0.0,0.0,4307.5400390625,,348.1637268066406
2021-10-01 04:00:00+00:00,46.16288283481257,46.530228473495804,45.97921168369213,46.37279510498047,16277400,0.0,0.0,4357.0400390625,,350.3229675292969
2021-10-04 04:00:00+00:00,46.40778515435357,46.81885824286658,45.830530530760115,46.346561431884766,18973400,0.0,0.0,4300.4599609375,,342.9698181152344
2021-10-05 04:00:00+00:00,46.372794993737,46.76637841408118,46.294078309668166,46.42527389526367,17173100,0.0,0.0,4345.72021484375,,347.59954833984375
2021-10-06 04:00:00+00:00,46.15413464661059,47.02876292491716,45.926729425843305,46.97628402709961,21284500,0.0,0.0,4363.5498046875,,349.8269348144531
2021-10-07 04:00:00+00:00,47.22118294304938,47.47482261197928,47.06374958360757,47.12497329711914,13774400,0.0,0.0,4399.759765625,,353.0366516113281
2021-10-08 04:00:00+00:00,47.22992256488634,47.5710270273576,47.142461079898446,47.334877014160156,13786800,0.0,0.0,4391.33984375,,351.276123046875
2021-10-11 04:00:00+00:00,47.41359834258951,47.57103170018557,47.2386720189892,47.43109130859375,12378500,0.0,0.0,4361.18994140625,,348.58197021484375
2021-10-12 04:00:00+00:00,47.59726948097087,47.95587027939467,47.42234649381268,47.43109130859375,19474400,0.0,0.0,4350.64990234375,,347.36614990234375
2021-10-13 04:00:00+00:00,47.37861517131751,47.60602040618137,47.04625880719696,47.439842224121094,12143300,0.0,0.0,4363.7998046875,,350.1479187011719
2021-10-14 04:00:00+00:00,47.57103513376289,47.93838077348198,47.50106660113786,47.76345443725586,13704000,0.0,0.0,4438.259765625,,356.596435546875
2021-10-15 04:00:00+00:00,47.78969015149488,47.99960241316924,47.483571578680404,47.649749755859375,17867000,0.0,0.0,4471.3701171875,,358.8432312011719
2021-10-18 04:00:00+00:00,47.5360495781251,47.57103551293766,47.10748355421961,47.177452087402344,15861800,0.0,0.0,4486.4599609375,,362.45172119140625
2021-10-19 04:00:00+00:00,47.26491248786513,47.40485287753733,47.028762454710396,47.361122131347656,11068500,0.0,0.0,4519.6298828125,,365.1944885253906
2021-10-20 04:00:00+00:00,47.38736142307517,47.89464410064965,47.326137709168634,47.78094482421875,12474800,0.0,0.0,4536.18994140625,,364.7178955078125
2021-10-21 04:00:00+00:00,47.75470980615013,47.81593352787668,47.413605260404324,47.53605270385742,14388300,0.0,0.0,4549.77978515625,,366.94525146484375
2021-10-22 04:00:00+00:00,47.57103336821356,47.69348079809463,47.291152575216195,47.623512268066406,12828600,0.0,0.0,4544.89990234375,,363.8620300292969
2021-10-25 04:00:00+00:00,47.562286885404504,47.641003564202535,47.24742017021238,47.43109130859375,11855000,0.0,0.0,4566.47998046875,,367.5871887207031
2021-10-26 04:00:00+00:00,47.50980327653004,47.737208475594585,47.43108660553721,47.64099884033203,12086700,0.0,0.0,4574.7900390625,,368.74462890625
2021-10-27 04:00:00+00:00,48.95295926367825,49.04916893457474,48.3407186332449,48.55937576293945,24019800,0.0,0.0,4551.68017578125,,369.6005554199219
2021-10-28 04:00:00+00:00,48.76052479314934,49.07539149604792,48.64682218678218,49.01416778564453,15928000,0.0,0.0,4596.419921875,,373.7051086425781
2021-10-29 04:00:00+00:00,48.86548883009757,49.390267883307004,48.78677213893829,49.30280303955078,24463700,0.0,0.0,4605.3798828125,,375.5433654785156
2021-11-01 04:00:00+00:00,49.32028794068964,49.32903609185559,48.891721953936454,49.12786865234375,11651100,0.0,0.0,4613.669921875,,376.8271789550781
2021-11-02 04:00:00+00:00,49.39025761115938,49.41649539060801,48.95294349265842,49.06664276123047,11498900,0.0,0.0,4630.64990234375,,378.4028015136719
2021-11-03 04:00:00+00:00,48.97917564318885,49.26780452972102,48.78675638550074,49.232818603515625,10788300,0.0,0.0,4660.56982421875,,382.41986083984375
2021-11-04 04:00:00+00:00,49.07539744567825,49.53020458984319,49.00542557591023,49.503963470458984,10820200,0.0,0.0,4680.06005859375,,387.3218688964844
2021-11-05 04:00:00+00:00,49.71388244628906,49.99376329021294,49.49522532844586,49.71388244628906,12886700,0.0,0.0,4697.52978515625,,387.6915283203125
2021-11-08 05:00:00+00:00,49.63516077055664,49.757608210432934,49.09289210691481,49.267818450927734,12828000,0.0,0.0,4701.7001953125,,387.16632080078125
2021-11-09 05:00:00+00:00,49.337784936145844,49.433994588176525,49.05790413193425,49.40775680541992,10155800,0.0,0.0,4685.25,,384.5012512207031
2021-11-10 05:00:00+00:00,49.45148007601814,49.783836395474445,49.23282302227181,49.60891342163086,8813600,0.0,0.0,4646.7099609375,,378.8502502441406
2021-11-11 05:00:00+00:00,49.705128118807544,49.748858866719985,49.47772289135536,49.62641143798828,7257700,0.0,0.0,4649.27001953125,,379.900634765625
2021-11-12 05:00:00+00:00,49.635154180210044,49.84506643244279,49.46022785942309,49.5127067565918,10162500,0.0,0.0,4682.85009765625,,383.8982238769531
2021-11-15 05:00:00+00:00,49.44272575035497,49.57392130079396,49.21532391089435,49.52144241333008,10289200,0.0,0.0,4682.7998046875,,383.81072998046875
2021-11-16 05:00:00+00:00,49.52144963323756,49.80133040096687,49.14535922601843,49.171600341796875,13756500,0.0,0.0,4700.89990234375,,386.5437927246094
2021-11-17 05:00:00+00:00,49.01417335292466,49.02291816835757,48.67306883152079,48.90047073364258,13288700,0.0,0.0,4688.669921875,,386.7480773925781
2021-11-18 05:00:00+00:00,48.83050330268488,48.917964804757005,48.22700759448293,48.463157653808594,15380100,0.0,0.0,4704.5400390625,,390.75531005859375
2021-11-19 05:00:00+00:00,48.48939820722548,48.5331322972024,48.0171013980354,48.218265533447266,15813700,0.0,0.0,4697.9599609375,,392.9339904785156
2021-11-22 05:00:00+00:00,48.19201396850014,48.99667367221274,48.17452434003069,48.515628814697266,16905600,0.0,0.0,4682.93994140625,,388.372314453125
2021-11-23 05:00:00+00:00,48.68181394074062,49.075397366444285,48.54187353787292,48.87423324584961,13835900,0.0,0.0,4690.7001953125,,386.6021728515625
2021-11-24 05:00:00+00:00,48.72554290269105,48.8392455184861,48.1307953782216,48.480648040771484,12598900,0.0,0.0,4701.4599609375,,387.8471984863281
2021-11-26 05:00:00+00:00,47.74595135020269,47.88589172223466,46.86257837733369,46.993770599365234,14754300,0.0,0.0,4594.6201171875,,380.4939880371094
2021-11-29 05:00:00+00:00,47.2736578774794,47.86840537493024,47.16870341805929,47.737213134765625,22712500,0.0,0.0,4655.27001953125,,388.7516784667969
2021-11-30 05:00:00+00:00,47.24362389601962,47.27006850995461,46.22118736484999,46.230003356933594,30485200,0.42,0.0,4567.0,,383.04229736328125
2021-12-01 05:00:00+00:00,46.697145585863886,47.173108243220604,46.08015732954765,46.09778594970703,18719600,0.0,0.0,4513.0400390625,,376.52569580078125
2021-12-02 05:00:00+00:00,46.36220603860844,47.014451500229,46.2828789333075,46.77647018432617,17074200,0.0,0.0,4577.10009765625,,379.23931884765625
2021-12-03 05:00:00+00:00,47.00564700239586,47.252440989435755,46.6971511562801,47.19074249267578,21064400,0.0,0.0,4538.43017578125,,372.6449890136719
2021-12-06 05:00:00+00:00,47.86942448809014,48.697949476901556,47.719582895141734,48.39826965332031,26624100,0.0,0.0,4591.669921875,,375.6308288574219
2021-12-07 05:00:00+00:00,48.495229971424216,48.84779232748396,48.34538836430403,48.662696838378906,23832700,0.0,0.0,4686.75,,386.9425964355469
2021-12-08 05:00:00+00:00,48.583360819471466,48.78608489358819,47.913490112056024,48.47759246826172,18026300,0.0,0.0,4701.2099609375,,388.6738586425781
2021-12-09 05:00:00+00:00,48.257246534021455,48.59218361579731,48.11622092521831,48.35420227050781,13846400,0.0,0.0,4667.4501953125,,382.95477294921875
2021-12-10 05:00:00+00:00,48.69794854618549,49.641057868954434,48.53929432718553,49.60580062866211,23153600,0.0,0.0,4712.02001953125,,387.1176452636719
2021-12-13 05:00:00+00:00,50.22279413313048,51.06013518484563,50.205165511142006,50.91029357910156,31362800,0.0,0.0,4668.97021484375,,381.5249938964844
2021-12-14 05:00:00+00:00,50.59298667094728,51.27167010062924,50.59298667094728,50.94554901123047,24806600,0.0,0.0,4634.08984375,,377.576171875
2021-12-15 05:00:00+00:00,51.06014020582269,51.3421914607419,50.813346198347425,51.17472457885742,24923800,0.0,0.0,4709.85009765625,,386.183837890625
2021-12-16 05:00:00+00:00,51.10420844654145,51.897479677032166,51.033697316228974,51.69475555419922,24696900,0.0,0.0,4668.669921875,,376.2532958984375
2021-12-17 05:00:00+00:00,51.55372425460227,51.93272784264179,50.85740884699007,50.88385009765625,51874400,0.0,0.0,4620.64013671875,,374.3761901855469
2021-12-20 05:00:00+00:00,50.416697457602794,50.92791396331389,50.240414628548336,50.71637725830078,20879500,0.0,0.0,4568.02001953125,,370.7445373535156
2021-12-21 05:00:00+00:00,50.77808753565065,51.09539602917,50.70757304272809,50.91911315917969,15864900,0.0,0.0,4649.22998046875,,379.0419921875
2021-12-22 05:00:00+00:00,50.86622285651999,51.289299690236135,50.67231474251412,51.280487060546875,12447400,0.0,0.0,4696.56005859375,,383.6582336425781
2021-12-23 05:00:00+00:00,51.58016891847959,51.659496038043144,51.06894895633314,51.31574630737305,11027300,0.0,0.0,4725.7900390625,,386.550537109375
2021-12-27 05:00:00+00:00,51.12183706969858,51.73000943819741,51.12183706969858,51.69475555419922,9860000,0.0,0.0,4791.18994140625,,392.9391784667969
2021-12-28 05:00:00+00:00,51.474395572242415,51.950354881313224,51.386252468847374,51.8974723815918,8979900,0.0,0.0,4786.35009765625,,391.1180419921875
2021-12-29 05:00:00+00:00,51.959171295166016,52.09138090785985,51.70356133671605,51.959171295166016,9996000,0.0,0.0,4793.06005859375,,391.0596008300781
2021-12-30 05:00:00+00:00,52.056131150006,52.20596939538539,51.791705179051505,51.80933380126953,7703900,0.0,0.0,4778.72998046875,,389.8910217285156
2021-12-31 05:00:00+00:00,51.78289480635499,52.31174004668497,51.73882493004683,52.1883430480957,10021300,0.0,0.0,4766.18017578125,,387.456298828125
2022-01-03 05:00:00+00:00,51.84459281699485,52.27648567030254,51.45677320189595,52.267669677734375,20187300,0.0,0.0,4796.56005859375,,391.1862487792969
2022-01-04 05:00:00+00:00,52.64667130199737,53.360615323102955,52.523274317135694,53.140262603759766,26141600,0.0,0.0,4793.5400390625,,386.1123046875
2022-01-05 05:00:00+00:00,52.96397867542459,53.94234526732144,52.92872143409313,53.58096694946289,22507300,0.0,0.0,4700.580078125,,374.2505187988281
2022-01-06 05:00:00+00:00,53.29892349243164,53.87183861694242,53.27247887643053,53.29892349243164,17902300,0.0,0.0,4696.0498046875,,373.98760986328125
2022-01-07 05:00:00+00:00,53.13144480366761,53.51926772839342,52.93753670362026,53.17551803588867,12307900,0.0,0.0,4677.02978515625,,369.9362487792969
2022-01-10 05:00:00+00:00,53.36943644096173,53.60741781918162,53.043315305912046,53.263668060302734,20954300,0.0,0.0,4670.2900390625,,370.1796875
2022-01-11 05:00:00+00:00,53.26365571253292,53.31654157176033,52.74362319823403,53.28128433227539,19369600,0.0,0.0,4713.06982421875,,375.7405700683594
2022-01-12 05:00:00+00:00,53.351798785031114,53.492824389473824,53.05211895530091,53.36061477661133,15753800,0.0,0.0,4726.35009765625,,377.2305603027344
2022-01-13 05:00:00+00:00,53.360616648159144,53.80132209778917,53.22840366834384,53.67792510986328,14318000,0.0,0.0,4659.02978515625,,367.7937316894531
2022-01-14 05:00:00+00:00,53.713178119487026,54.162699553717246,53.20196155461002,54.10981369018555,19729600,0.0,0.0,4662.85009765625,,370.08233642578125
2022-01-18 05:00:00+00:00,53.818950719252264,53.93353171528873,53.28128953273311,53.67792510986328,21976700,0.0,0.0,4577.10986328125,,360.8694763183594
2022-01-19 05:00:00+00:00,53.46638385643615,53.92471791760086,53.37824411334572,53.76606369018555,18654700,0.0,0.0,4532.759765625,,356.90582275390625
2022-01-20 05:00:00+00:00,53.76606423962754,54.15388382043054,53.51927026659978,53.545711517333984,23002400,0.0,0.0,4482.72998046875,,352.27020263671875
2022-01-21 05:00:00+00:00,53.83657408605922,54.03048217859555,53.23721446407693,53.28128433227539,26643200,0.0,0.0,4397.93994140625,,342.5021667480469
2022-01-24 05:00:00+00:00,52.796509439960744,53.19314161893586,51.62423143595925,52.84939193725586,30185100,0.0,0.0,4410.1298828125,,344.07012939453125
2022-01-25 05:00:00+00:00,52.32055730266855,52.928729679964555,51.730010186468554,52.72600555419922,19027100,0.0,0.0,4356.4501953125,,336.0940856933594
2022-01-26 05:00:00+00:00,52.699555632413485,53.1931435575052,52.18833572449356,52.53208541870117,19190200,0.0,0.0,4349.93017578125,,335.5682067871094
2022-01-27 05:00:00+00:00,52.7788845301927,53.70436528338389,52.443947453745594,52.5761604309082,18893800,0.0,0.0,4326.509765625,,332.1888732910156
2022-01-28 05:00:00+00:00,52.346991696763034,53.669108018569744,51.950356127757885,53.625038146972656,19101500,0.0,0.0,4431.85009765625,,342.6092224121094
2022-01-31 05:00:00+00:00,53.14907473080466,53.88945999529305,53.016865117837646,53.77487564086914,22045300,0.0,0.0,4515.5498046875,,353.56536865234375
2022-02-01 05:00:00+00:00,53.686738783185305,53.88946289047848,53.02568059588834,53.37824630737305,20841700,0.0,0.0,4546.5400390625,,355.9708557128906
2022-02-02 05:00:00+00:00,53.43112187521739,54.00404024143739,53.378239378979806,53.924713134765625,20225600,0.0,0.0,4589.3798828125,,358.86328125
2022-02-03 05:00:00+00:00,53.713179143696046,54.45356443567914,53.40468667300132,54.30372619628906,19440500,0.0,0.0,4477.43994140625,,344.31353759765625
2022-02-04 05:00:00+00:00,54.19795447879345,54.36542132934344,53.38705475088985,53.730804443359375,17403700,0.0,0.0,4500.52978515625,,348.6571044921875
2022-02-07 05:00:00+00:00,54.10099851701001,54.40067833830112,53.64266447489917,54.29490661621094,17846400,0.0,0.0,4483.8701171875,,345.852294921875
2022-02-08 05:00:00+00:00,54.49763415187631,54.9383395743085,54.41830704134589,54.6474723815918,18771700,0.0,0.0,4521.5400390625,,349.738037109375
2022-02-09 05:00:00+00:00,54.797307077211286,54.92952004034022,53.67791833526502,53.80131530761719,23595600,0.0,0.0,4587.18017578125,,357.1493225097656
2022-02-10 05:00:00+00:00,53.20195847077252,54.911894278059876,53.060932871844855,54.10099792480469,23561500,0.0,0.0,4504.080078125,,349.0660705566406
2022-02-11 05:00:00+00:00,54.44475029879357,54.6298457760861,53.01686561889808,53.140262603759766,22781400,0.0,0.0,4418.64013671875,,337.9931640625
2022-02-14 05:00:00+00:00,53.025678541513216,53.580968338777495,52.25003602368708,53.484012603759766,23641300,0.0,0.0,4401.669921875,,338.41192626953125
2022-02-15 05:00:00+00:00,53.73080311466081,54.45355972257396,53.43993929065452,53.68673324584961,13408700,0.0,0.0,4471.06982421875,,346.8262023925781
2022-02-16 05:00:00+00:00,53.6426678669371,54.118630559493305,53.378245269622234,53.67792510986328,15484700,0.0,0.0,4475.009765625,,346.7385559082031
2022-02-17 05:00:00+00:00,53.369427690966006,54.89426809787182,53.24603070670893,54.75324249267578,21468700,0.0,0.0,4380.259765625,,336.4252014160156
2022-02-18 05:00:00+00:00,54.753241664632725,55.370229938902945,54.638660673735785,55.123435974121094,21975000,0.0,0.0,4348.8701171875,,332.588134765625
2022-02-22 05:00:00+00:00,55.02648865939371,55.21158416129554,54.400687660211666,54.8942756652832,21731400,0.0,0.0,4304.759765625,,329.2477111816406
2022-02-23 05:00:00+00:00,54.859009210947306,54.93833631677407,54.06573815267966,54.28609085083008,19248500,0.0,0.0,4225.5,,320.81402587890625
2022-02-24 05:00:00+00:00,52.85821575218072,53.43113085234253,52.19715753962144,53.33417510986328,27207400,0.0,0.0,4288.7001953125,,331.5947570800781
2022-02-25 05:00:00+00:00,53.71318038312046,55.44074834582159,53.695551761200306,55.39667510986328,21487800,0.0,0.0,4384.64990234375,,336.7369079589844
2022-02-28 05:00:00+00:00,54.3389838480063,54.94715616437108,54.1274437505705,54.85901641845703,25879100,0.0,0.0,4373.93994140625,,337.7398986816406
2022-03-01 05:00:00+00:00,54.770870948900836,55.30853211781745,54.21558115909827,54.62103271484375,15871100,0.0,0.0,4306.259765625,,332.5686340332031
2022-03-02 05:00:00+00:00,54.850198779567094,55.42311719775352,54.45356321023154,55.02648162841797,17319100,0.0,0.0,4386.5400390625,,338.1489562988281
2022-03-03 05:00:00+00:00,55.18512639549871,55.546504660648125,54.90307523061698,55.061729431152344,21262800,0.0,0.0,4363.490234375,,333.31854248046875
2022-03-04 05:00:00+00:00,54.171509076689,55.16750426103546,53.94234373915781,55.14987564086914,17163000,0.0,0.0,4328.8701171875,,328.4881286621094
2022-03-07 05:00:00+00:00,54.65628739732891,54.70917326076376,53.51926991316287,53.836578369140625,29151400,0.0,0.0,4201.08984375,,316.37310791015625
2022-03-08 05:00:00+00:00,54.16270092862534,54.24202804477875,51.64186519565687,51.70356369018555,30242100,0.0,0.0,4170.7001953125,,314.902587890625
2022-03-09 05:00:00+00:00,52.725997119732796,52.743625740324916,51.70356066159899,51.96798324584961,23022700,0.0,0.0,4277.8798828125,,326.2384948730469
2022-03-10 05:00:00+00:00,51.54490888377415,51.70356311431387,50.681126607677704,51.01606369018555,20887300,0.0,0.0,4259.52001953125,,322.6156311035156
2022-03-11 05:00:00+00:00,51.08658018357457,51.87103542685956,50.99844042948353,51.05132293701172,19855600,0.0,0.0,4204.31005859375,,315.9251708984375
2022-03-14 04:00:00+00:00,51.48652134983763,52.436850157355614,51.48652134983763,51.99277114868164,17799400,0.44,0.0,4173.10986328125,,309.85791015625
2022-03-15 04:00:00+00:00,52.472370271142765,53.19177600059405,52.383552448458126,52.95197296142578,18607200,0.0,0.0,4262.4501953125,,319.57720947265625
2022-03-16 04:00:00+00:00,53.09408195073594,53.23618708931192,52.054938760159175,52.809871673583984,17347300,0.0,0.0,4357.85986328125,,331.4292297363281
2022-03-17 04:00:00+00:00,52.80987478482196,53.41382250636425,52.60559884783765,53.369415283203125,15586200,0.0,0.0,4411.669921875,,335.4415588378906
2022-03-18 04:00:00+00:00,53.555928180885765,53.555928180885765,53.031914811093074,53.3782958984375,30197800,0.0,0.0,4463.1201171875,,342.30743408203125
2022-03-21 04:00:00+00:00,53.73356075216911,54.26645421432439,53.511521244928744,53.80461502075195,17440100,0.0,0.0,4461.18017578125,,341.35577392578125
2022-03-22 04:00:00+00:00,54.11546147641962,54.13322504110368,53.34276504695748,54.0,17559500,0.0,0.0,4511.60986328125,,348.0643005371094
2022-03-23 04:00:00+00:00,53.9555873092604,54.15986320032579,53.28946894741768,53.64473342895508,15529200,0.0,0.0,4456.240234375,,343.0621032714844
2022-03-24 04:00:00+00:00,53.8578925226504,54.19539346082713,53.698023835516864,54.15986633300781,13151300,0.0,0.0,4520.16015625,,350.6872253417969
2022-03-25 04:00:00+00:00,54.28421276863206,54.719411653378806,54.2220419833902,54.64835739135742,12259800,0.0,0.0,4543.06005859375,,350.3948059082031
2022-03-28 04:00:00+00:00,54.64835846842386,55.01250309832616,54.3641481908442,54.9947395324707,11485200,0.0,0.0,4575.52001953125,,355.81622314453125
2022-03-29 04:00:00+00:00,55.25230058771902,55.536510836659836,54.83486869036724,55.20789337158203,14720600,0.0,0.0,4631.60009765625,,361.9396667480469
2022-03-30 04:00:00+00:00,55.074671813328806,55.25230407714844,54.67500345480166,55.25230407714844,13641000,0.0,0.0,4602.4501953125,,357.9418640136719
2022-03-31 04:00:00+00:00,55.261187914021,55.63421262122574,55.065792083740234,55.065792083740234,16822900,0.0,0.0,4530.41015625,,353.5052795410156
2022-04-01 04:00:00+00:00,55.35887546718025,55.909532336291605,55.14571611149517,55.838478088378906,12644900,0.0,0.0,4545.85986328125,,352.83245849609375
2022-04-04 04:00:00+00:00,55.59868220216493,55.76743436853676,54.81710570337651,55.54539489746094,11505800,0.0,0.0,4582.64013671875,,360.0967712402344
2022-04-05 04:00:00+00:00,55.42105980270878,56.16711264810096,55.394412759193955,55.48323059082031,15721200,0.0,0.0,4525.1201171875,,352.10113525390625
2022-04-06 04:00:00+00:00,55.74967240788482,56.1848678864016,55.33223710607793,56.042762756347656,19267400,0.0,0.0,4481.14990234375,,344.4565124511719
2022-04-07 04:00:00+00:00,56.069407419870494,56.549010095931315,55.696379351763845,56.34473419189453,13960800,0.0,0.0,4500.2099609375,,345.27557373046875
2022-04-08 04:00:00+00:00,56.38026664494458,56.87763632004477,56.09605637004553,56.691123962402344,12703500,0.0,0.0,4488.27978515625,,340.4488830566406
2022-04-11 04:00:00+00:00,56.762177175978984,57.108561639085295,56.522374111391784,56.673362731933594,12720100,0.0,0.0,4412.52978515625,,332.3947448730469
2022-04-12 04:00:00+00:00,57.179605026110764,57.5615132066016,56.74440953823751,57.339473724365234,18089900,0.0,0.0,4397.4501953125,,330.99072265625
2022-04-13 04:00:00+00:00,57.23289285774698,57.61480099651997,57.04638052617504,57.49045944213867,11883000,0.0,0.0,4446.58984375,,337.71868896484375
2022-04-14 04:00:00+00:00,57.69473668088432,58.23651354488407,57.570395116304745,57.748023986816406,16388400,0.0,0.0,4392.58984375,,329.9960021972656
2022-04-18 04:00:00+00:00,57.52598567683342,57.890133677703794,57.00197575492595,57.2328987121582,11679400,0.0,0.0,4391.68994140625,,330.2496032714844
2022-04-19 04:00:00+00:00,57.286181175550524,57.95229956131274,57.23289387304367,57.79243087768555,11993800,0.0,0.0,4462.2099609375,,337.63092041015625
2022-04-20 04:00:00+00:00,58.12105046753461,58.831572664696886,58.08552334126052,58.582889556884766,14827100,0.0,0.0,4459.4501953125,,332.7067565917969
2022-04-21 04:00:00+00:00,58.60067052989608,59.506588750278425,58.369747541913085,58.8049430847168,15120400,0.0,0.0,4393.66015625,,325.8227844238281
2022-04-22 04:00:00+00:00,58.68947368385663,58.920389851291176,57.890130245526436,57.952301025390625,14902200,0.0,0.0,4271.77978515625,,317.2907409667969
2022-04-25 04:00:00+00:00,59.50658506739877,59.68421395417181,57.53487325412265,58.56513977050781,25082000,0.0,0.0,4296.1201171875,,321.36663818359375
2022-04-26 04:00:00+00:00,58.19210966285235,58.94704939002204,57.76579761392447,57.774681091308594,21982600,0.0,0.0,4175.2001953125,,309.2366638183594
2022-04-27 04:00:00+00:00,57.73026435224622,58.867105396851784,57.73026435224622,58.227630615234375,16971000,0.0,0.0,4183.9599609375,,308.8660888671875
2022-04-28 04:00:00+00:00,57.4283048864373,58.86711664386535,57.28619634065712,58.78718566894531,22010600,0.0,0.0,4287.5,,319.83575439453125
2022-04-29 04:00:00+00:00,58.5029692087275,58.64507096347383,57.27730684648837,57.383888244628906,20137100,0.0,0.0,4131.93017578125,,305.4435729980469
2022-05-02 04:00:00+00:00,57.97894481224221,58.005588464230755,55.58092126777789,56.34473419189453,24970300,0.0,0.0,4155.3798828125,,310.54327392578125
2022-05-03 04:00:00+00:00,56.593418182002864,56.78881060131437,55.66084974725522,56.02499771118164,21686300,0.0,0.0,4175.47998046875,,310.874755859375
2022-05-04 04:00:00+00:00,55.95395262008642,57.83684997304997,55.90066192170125,57.75691223144531,19780200,0.0,0.0,4300.169921875,,321.3861389160156
2022-05-05 04:00:00+00:00,57.4549393485534,57.75690979584052,56.85099167787183,57.29507064819336,20155200,0.0,0.0,4146.8701171875,,305.1997985839844
2022-05-06 04:00:00+00:00,57.01973776521692,58.005593633286544,56.90427967094213,57.49934387207031,18984000,0.0,0.0,4123.33984375,,301.54327392578125
2022-05-09 04:00:00+00:00,57.25954666818547,58.05000673676488,56.87763846164987,57.383888244628906,20055300,0.0,0.0,3991.239990234375,,289.7447509765625
2022-05-10 04:00:00+00:00,57.286185778432426,58.014475001005415,56.708881775831436,56.850990295410156,21322200,0.0,0.0,4001.050048828125,,293.2647705078125
2022-05-11 04:00:00+00:00,57.13520240889861,57.90789548678479,56.806581528810156,57.117435455322266,19648400,0.0,0.0,3935.179931640625,,284.567138671875
2022-05-12 04:00:00+00:00,56.98421672418976,57.31283082551899,56.140462614914455,57.29507064819336,22574700,0.0,0.0,3930.080078125,,283.894287109375
2022-05-13 04:00:00+00:00,57.56150881161207,58.440789972929615,56.94868449518355,58.36973571777344,16167000,0.0,0.0,4023.889892578125,,294.4154052734375
2022-05-16 04:00:00+00:00,58.12105046753461,58.95591421860295,58.12105046753461,58.582889556884766,13223200,0.0,0.0,4008.010009765625,,291.0025939941406
2022-05-17 04:00:00+00:00,58.70722963612683,58.70722963612683,57.73914087987466,58.42301940917969,21300600,0.0,0.0,4088.85009765625,,298.5400695800781
2022-05-18 04:00:00+00:00,58.10329077158497,58.19210521030703,54.14210717483686,54.35526657104492,31437300,0.0,0.0,3923.679931640625,,283.88458251953125
2022-05-19 04:00:00+00:00,54.14210526596871,54.14210526596871,52.98750066302115,53.28947448730469,31493900,0.0,0.0,3900.7900390625,,282.3634033203125
2022-05-20 04:00:00+00:00,53.724670875408044,54.39078927577998,52.98749821939747,54.15986633300781,29133800,0.0,0.0,3901.360107421875,,281.48590087890625
2022-05-23 04:00:00+00:00,54.75493861783455,56.04276492654471,54.701647921480614,55.82960891723633,19406900,0.0,0.0,3973.75,,286.1662292480469
2022-05-24 04:00:00+00:00,55.84737099659434,57.01085909229237,55.731909518260075,56.859867095947266,16154200,0.0,0.0,3941.47998046875,,280.0818176269531
2022-05-25 04:00:00+00:00,56.8421032074775,57.25953848708449,56.486838707209415,56.904273986816406,15360500,0.0,0.0,3978.72998046875,,284.0015869140625
2022-05-26 04:00:00+00:00,56.90428694776266,57.81908867044301,56.806589018533856,57.10856628417969,16159800,0.0,0.0,4057.840087890625,,291.8704833984375
2022-05-27 04:00:00+00:00,57.07303544388047,57.579285236974734,56.96645404361037,57.44606018066406,17709000,0.0,0.0,4158.240234375,,301.3970031738281
2022-05-31 04:00:00+00:00,56.913161728529474,57.12631773422418,55.99835675759103,56.29145050048828,43159000,0.0,0.0,4132.14990234375,,300.5974426269531
2022-06-01 04:00:00+00:00,56.326974833900806,56.55789779522289,55.18125366814649,56.01612091064453,15408300,0.0,0.0,4101.22998046875,,298.3742370605469
2022-06-02 04:00:00+00:00,56.113827729286925,56.61119747346595,55.16349885534361,56.60231399536133,14586000,0.0,0.0,4176.81982421875,,306.5454406738281
2022-06-03 04:00:00+00:00,56.46020439409349,56.51349509436405,55.7852057976026,55.927310943603516,13539900,0.0,0.0,4108.5400390625,,298.56927490234375
2022-06-06 04:00:00+00:00,56.24703323777089,56.63782143713169,55.65196576968759,55.838478088378906,15112800,0.0,0.0,4121.43017578125,,299.56390380859375
2022-06-07 04:00:00+00:00,55.40328705613662,56.28256142119304,55.261181937134914,56.17598342895508,17886300,0.0,0.0,4160.68017578125,,302.14776611328125
2022-06-08 04:00:00+00:00,55.9450647665573,56.14045719074389,55.56315661793565,55.85624694824219,10211500,0.0,0.0,4115.77001953125,,299.9734191894531
2022-06-09 04:00:00+00:00,55.838489442289095,56.264804852291014,54.870397139976276,54.888160705566406,13382200,0.0,0.0,4017.820068359375,,291.93878173828125
2022-06-10 04:00:00+00:00,54.186506456107765,54.96808627696768,53.698020338590254,54.541770935058594,14967600,0.0,0.0,3900.860107421875,,281.64190673828125
2022-06-13 04:00:00+00:00,53.95559710117834,55.323361198851416,53.88454283675459,54.479610443115234,23064200,0.0,0.0,3749.6298828125,,268.54656982421875
2022-06-14 04:00:00+00:00,54.327522640497065,54.47065445999777,52.47575323272401,52.985660552978516,24620000,0.44,0.0,3735.47998046875,,269.0341796875
2022-06-15 04:00:00+00:00,53.67448759542497,54.24701491710438,52.75307665038042,53.379276275634766,19684700,0.0,0.0,3789.989990234375,,275.7523193359375
2022-06-16 04:00:00+00:00,52.45786188801589,53.24508860992893,52.10897828754642,52.842529296875,15053800,0.0,0.0,3666.77001953125,,264.62677001953125
2022-06-17 04:00:00+00:00,53.406124571394905,53.79079206838783,52.89621712887546,53.164588928222656,34781900,0.0,0.0,3674.840087890625,,267.844482421875
2022-06-21 04:00:00+00:00,53.218258773744225,54.4617172562884,52.788859847188064,54.30069351196289,17705000,0.0,0.0,3764.7900390625,,274.6020812988281
2022-06-22 04:00:00+00:00,54.211232010486995,54.97162264495632,53.96075215620782,54.703250885009766,15207100,0.0,0.0,3759.889892578125,,274.20159912109375
2022-06-23 04:00:00+00:00,54.83743389417287,55.383125061577246,54.77481393193289,55.35628890991211,17190900,0.0,0.0,3795.72998046875,,278.28521728515625
2022-06-24 04:00:00+00:00,55.56204234090247,56.41188909819801,55.56204234090247,56.39399719238281,18147100,0.0,0.0,3911.739990234375,,287.82025146484375
2022-06-27 04:00:00+00:00,56.34032611548517,56.617645559664446,56.02722626926049,56.277706146240234,12142100,0.0,0.0,3900.110107421875,,285.7100830078125
2022-06-28 04:00:00+00:00,56.429781546884094,57.03808928779256,55.562042875425455,55.71411895751953,13150100,0.0,0.0,3821.550048828125,,277.00543212890625
2022-06-29 04:00:00+00:00,55.94670834848311,56.45661570726502,55.84830457529151,56.116676330566406,11795500,0.0,0.0,3818.830078125,,277.2594299316406
2022-06-30 04:00:00+00:00,55.74990682508121,56.456621806596786,55.60677497930245,56.277706146240234,15514200,0.0,0.0,3785.3798828125,,273.82049560546875
2022-07-01 04:00:00+00:00,56.46556856672937,57.65535144786164,56.19719677051801,57.59273147583008,15143200,0.0,0.0,3825.330078125,,275.62799072265625
2022-07-05 04:00:00+00:00,57.413810853024636,57.413810853024636,55.839357296309615,56.60869216918945,15921200,0.0,0.0,3831.389892578125,,280.3465881347656
2022-07-06 04:00:00+00:00,56.894958836944085,57.33329860043797,56.52818328660886,56.72499084472656,13450500,0.0,0.0,3845.080078125,,282.1441955566406
2022-07-07 04:00:00+00:00,56.590805992464915,56.87707309655483,56.08984623850543,56.277706146240234,14828400,0.0,0.0,3902.6201171875,,288.1817626953125
2022-07-08 04:00:00+00:00,56.38504807009759,56.73393169311075,56.25086389876362,56.48345184326172,11311500,0.0,0.0,3899.3798828125,,288.543212890625
2022-07-11 04:00:00+00:00,56.34926638072773,56.76971420297836,55.991435106972524,56.304534912109375,12702100,0.0,0.0,3854.429931640625,,282.378662109375
2022-07-12 04:00:00+00:00,56.358218709803246,56.76077809737975,55.884095104731145,56.06300735473633,14731100,0.0,0.0,3818.800048828125,,279.6432189941406
2022-07-13 04:00:00+00:00,55.75884936524656,56.35821284799557,55.44574613523846,55.8035774230957,13145300,0.0,0.0,3801.780029296875,,279.0668029785156
2022-07-14 04:00:00+00:00,54.864277051058586,55.68728427298115,54.83743748510391,55.624664306640625,14433000,0.0,0.0,3790.3798828125,,280.0633239746094
2022-07-15 04:00:00+00:00,56.13457052612305,56.33137808053568,55.52625936933141,55.910926818847656,21968400,0.0,0.0,3863.159912109375,,285.1434020996094
2022-07-18 04:00:00+00:00,55.92881854144944,55.96460235350382,55.02529605600301,55.15053939819336,10780800,0.0,0.0,3830.85009765625,,282.7303466796875
2022-07-19 04:00:00+00:00,55.54414772825778,56.04511082907373,55.4010159012435,55.93775939941406,10998200,0.0,0.0,3936.68994140625,,291.42523193359375
2022-07-20 04:00:00+00:00,55.82147621257397,55.98249997071376,54.703257565787894,55.016357421875,11010500,0.0,0.0,3959.89990234375,,296.0462646484375
2022-07-21 04:00:00+00:00,54.80165374882968,55.356292612238995,54.38120589031696,54.89111328125,11959600,0.0,0.0,3998.949951171875,,300.2960205078125
2022-07-22 04:00:00+00:00,54.90900670319684,55.34734648029159,54.85533098226322,55.096866607666016,11644700,0.0,0.0,3961.6298828125,,295.0301818847656
2022-07-25 04:00:00+00:00,55.061074851752146,55.732005910252454,54.84637882404987,55.633602142333984,14941700,0.0,0.0,3966.840087890625,,293.349853515625
2022-07-26 04:00:00+00:00,56.13457031275931,57.073873197239294,55.93776275909473,56.54607391357422,20118000,0.0,0.0,3921.050048828125,,287.5858459472656
2022-07-27 04:00:00+00:00,56.25086852157895,56.52818454597879,55.27578178127651,56.36716079711914,12142900,0.0,0.0,4023.610107421875,,299.7391662597656
2022-07-28 04:00:00+00:00,56.28664282885124,57.47642890966587,56.25980667779079,57.30645751953125,10837000,0.0,0.0,4072.429931640625,,302.6699523925781
2022-07-29 04:00:00+00:00,56.99335787430541,57.51221287980028,56.9217936671007,57.40486145019531,13734200,0.0,0.0,4130.2900390625,,308.18975830078125
2022-08-01 04:00:00+00:00,57.33329293889319,58.18314305365648,57.27962063745727,57.717960357666016,12831500,0.0,0.0,4118.6298828125,,308.00408935546875
2022-08-02 04:00:00+00:00,57.78059143911445,57.78953909943058,56.74288806959172,56.930747985839844,15241900,0.0,0.0,4091.18994140625,,307.08575439453125
2022-08-03 04:00:00+00:00,56.85022927953042,57.34224474933115,56.63553323317801,57.18122100830078,11317000,0.0,0.0,4155.169921875,,315.4485168457031
2022-08-04 04:00:00+00:00,56.930740599307576,57.0112524690439,56.28664564141696,56.957576751708984,11795600,0.0,0.0,4151.93994140625,,316.9237365722656
2022-08-05 04:00:00+00:00,56.92179433025023,56.92179433025023,56.06299994606505,56.698150634765625,10445400,0.0,0.0,4145.18994140625,,314.3348388671875
2022-08-08 04:00:00+00:00,56.80550635819213,57.08282580672018,56.134575180733165,56.331382751464844,9165200,0.0,0.0,4140.06005859375,,313.3187561035156
2022-08-09 04:00:00+00:00,56.519238341515745,56.635534025560794,56.224027007985754,56.4029426574707,7910900,0.0,0.0,4122.47021484375,,309.7724609375
2022-08-10 04:00:00+00:00,56.92180535701642,57.064937213352465,56.44767831022047,56.939697265625,8857300,0.0,0.0,4210.240234375,,318.4184875488281
2022-08-11 04:00:00+00:00,56.975467209907606,57.243842377231466,56.42977945392804,56.55501937866211,8507800,0.0,0.0,4207.27001953125,,316.611083984375
2022-08-12 04:00:00+00:00,56.7428851482551,57.03809308537052,56.43872955128422,56.98442077636719,9489300,0.0,0.0,4280.14990234375,,322.7757263183594
2022-08-15 04:00:00+00:00,56.930742150121155,57.870048460142705,56.86812218445734,57.700077056884766,9863300,0.0,0.0,4297.14013671875,,325.3841552734375
2022-08-16 04:00:00+00:00,57.76269834936549,58.3531210320987,57.548002294310024,58.17420196533203,9569600,0.0,0.0,4305.2001953125,,324.6221008300781
2022-08-17 04:00:00+00:00,57.995291525033934,58.34417518473502,57.93267155598669,58.040016174316406,8144000,0.0,0.0,4274.0400390625,,320.9194641113281
2022-08-18 04:00:00+00:00,58.11158205689727,58.46046570611382,57.88793834201155,58.344173431396484,6532000,0.0,0.0,4283.740234375,,321.6912536621094
2022-08-19 04:00:00+00:00,58.33522228781484,58.56781364842295,58.111578586285844,58.2994384765625,8921100,0.0,0.0,4228.47998046875,,315.41925048828125
2022-08-22 04:00:00+00:00,58.00422900838345,58.07579663317793,57.24384517640116,57.43170166015625,9087900,0.0,0.0,4137.990234375,,307.1151123046875
2022-08-23 04:00:00+00:00,57.091763982136655,57.58378285663625,56.966524055002964,57.494319915771484,8443800,0.0,0.0,4128.72998046875,,306.8611145019531
2022-08-24 04:00:00+00:00,57.467485294098665,57.77164428599855,57.297520717069986,57.57483673095703,6844700,0.0,0.0,4140.77001953125,,307.7501220703125
2022-08-25 04:00:00+00:00,57.5748415556477,57.8879414080582,57.16333791747035,57.85215759277344,7913900,0.0,0.0,4199.1201171875,,313.1917724609375
2022-08-26 04:00:00+00:00,57.90582906238487,57.96844902457704,56.34031976998458,56.45661544799805,10089500,0.0,0.0,4057.659912109375,,300.35467529296875
2022-08-29 04:00:00+00:00,56.08089251985455,56.385048085841305,55.83041266993558,56.116676330566406,9115900,0.0,0.0,4030.610107421875,,297.3943786621094
2022-08-30 04:00:00+00:00,56.27769556851185,56.27769556851185,55.45468846310614,55.59782028198242,8456800,0.0,0.0,3986.159912109375,,294.0825500488281
2022-08-31 04:00:00+00:00,55.803582958149136,55.93776714500603,55.195271755973806,55.20421600341797,14633600,0.0,0.0,3955.0,,292.3729248046875
2022-09-01 04:00:00+00:00,55.08791852289916,55.499422117127025,54.82849100859077,55.46363830566406,14939700,0.0,0.0,3966.85009765625,,292.4999084472656
2022-09-02 04:00:00+00:00,55.81252173613074,56.15246111874682,54.47960718296562,54.703250885009766,11809800,0.0,0.0,3924.260009765625,,288.36737060546875
2022-09-06 04:00:00+00:00,54.82849487717098,55.436806064834215,54.560123097327164,54.7300910949707,12181800,0.0,0.0,3908.18994140625,,286.2962341308594
2022-09-07 04:00:00+00:00,54.85533608796729,55.90199056213095,54.85533608796729,55.740966796875,13290700,0.0,0.0,3979.8701171875,,292.07989501953125
2022-09-08 04:00:00+00:00,55.53520730160053,55.73201144444832,54.873220423297504,55.570987701416016,17193500,0.0,0.0,4006.179931640625,,293.59405517578125
2022-09-09 04:00:00+00:00,55.61571703944513,56.25086777935852,55.338401018704424,55.74990463256836,11855900,0.0,0.0,4067.360107421875,,300.0126647949219
2022-09-12 04:00:00+00:00,55.84830685381312,56.188246244380714,55.705175017658156,55.910926818847656,13026900,0.0,0.0,4110.41015625,,303.57855224609375
2022-09-13 04:00:00+00:00,55.64255420686522,55.66044611267915,53.924968786580536,54.094940185546875,18532800,0.0,0.0,3932.68994140625,,286.9313049316406
2022-09-14 04:00:00+00:00,54.24701130798294,54.64062637484884,54.0680956787286,54.38119888305664,12881600,0.0,0.0,3946.010009765625,,289.20758056640625
2022-09-15 04:00:00+00:00,54.42626807491933,54.42626807491933,53.48912623391456,53.642311096191406,11451900,0.44,0.0,3901.35009765625,,284.3912048339844
2022-09-16 04:00:00+00:00,53.759444454378965,53.88559747869512,53.26384181424604,53.65131378173828,20493500,0.0,0.0,3873.330078125,,282.6522216796875
2022-09-19 04:00:00+00:00,53.51615578303126,54.15593389384011,53.37198038570232,54.05681610107422,12596200,0.0,0.0,3899.889892578125,,284.8533020019531
2022-09-20 04:00:00+00:00,53.777469381995935,54.092851957893146,53.45307391112323,53.975711822509766,11984600,0.0,0.0,3855.929931640625,,282.58270263671875
2022-09-21 04:00:00+00:00,54.19196771815571,54.69658322616207,53.516145034399365,53.5251579284668,14165300,0.0,0.0,3789.929931640625,,277.522705078125
2022-09-22 04:00:00+00:00,53.660328674235465,53.82252641833189,53.34494608149934,53.399009704589844,11657600,0.0,0.0,3757.989990234375,,274.1070861816406
2022-09-23 04:00:00+00:00,53.12867477589128,53.25482779754921,52.26362253816943,52.80427932739258,14824000,0.0,0.0,3693.22998046875,,269.6441955566406
2022-09-26 04:00:00+00:00,52.70516701080153,52.777252986039294,51.984286633949544,52.146484375,18670100,0.0,0.0,3655.0400390625,,268.5284423828125
2022-09-27 04:00:00+00:00,52.33571380717045,52.597029316734314,50.74077175352627,50.80384826660156,23829300,0.0,0.0,3647.2900390625,,268.6361389160156
2022-09-28 04:00:00+00:00,51.05615834583663,51.58780573898379,50.380335563229856,51.34450912475586,21480100,0.0,0.0,3719.0400390625,,273.9798583984375
2022-09-29 04:00:00+00:00,51.4436226851694,51.62384275449685,50.46142691661734,50.97505187988281,14570700,0.0,0.0,3640.469970703125,,266.0816650390625
2022-09-30 04:00:00+00:00,51.24537736567271,51.47966447376586,50.461424061478596,50.47944641113281,16124600,0.0,0.0,3585.6201171875,,261.5698547363281
2022-10-03 04:00:00+00:00,50.785834481841874,51.22737014785258,50.51550603200085,51.04715347290039,16277600,0.0,0.0,3678.429931640625,,267.7063293457031
2022-10-04 04:00:00+00:00,51.317475847608385,52.092419832848236,50.8759367964558,51.16428756713867,18861400,0.0,0.0,3790.929931640625,,276.1232604980469
2022-10-05 04:00:00+00:00,50.91198376528922,51.04714969892313,50.01989616561293,50.67770004272461,14324900,0.0,0.0,3783.280029296875,,275.9764099121094
2022-10-06 04:00:00+00:00,50.461429340686095,50.551537660972485,49.443188821871864,49.587364196777344,17192800,0.0,0.0,3744.52001953125,,273.8036804199219
2022-10-07 04:00:00+00:00,49.551326899010085,49.641435226512044,48.884513588293586,49.118797302246094,11479800,0.0,0.0,3639.659912109375,,263.37066650390625
2022-10-10 04:00:00+00:00,49.19989161151885,49.52428706031676,48.67725717310937,49.01066207885742,10239100,0.0,0.0,3612.389892578125,,260.73797607421875
2022-10-11 04:00:00+00:00,49.07374400412111,49.75857967990049,48.87550499263754,49.091766357421875,14303900,0.0,0.0,3588.840087890625,,257.1558532714844
2022-10-12 04:00:00+00:00,49.76758797447607,50.49747779773922,49.59638077823958,49.68648910522461,18377400,0.0,0.0,3577.030029296875,,257.0677490234375
2022-10-13 04:00:00+00:00,49.09176360611359,50.533520852660864,48.89352116832793,50.34428787231445,16220700,0.0,0.0,3669.909912109375,,263.09661865234375
2022-10-14 04:00:00+00:00,50.72275092893257,50.88494866384226,49.50626791710988,49.54231262207031,15997900,0.0,0.0,3583.070068359375,,255.18861389160156
2022-10-17 04:00:00+00:00,50.12802713914928,50.6596745073529,50.07396008160895,50.182090759277344,13721400,0.0,0.0,3677.949951171875,,263.61529541015625
2022-10-18 04:00:00+00:00,50.74077002875606,51.164283253949606,50.551537058550394,50.85791015625,11823100,0.0,0.0,3719.97998046875,,265.7000732421875
2022-10-19 04:00:00+00:00,50.74077819369727,50.948030111165714,50.21814023341046,50.425392150878906,10182300,0.0,0.0,3695.159912109375,,264.7311096191406
2022-10-20 04:00:00+00:00,50.25417908076955,50.3893415655742,49.52428928814056,49.632423400878906,16905100,0.0,0.0,3665.780029296875,,263.38043212890625
2022-10-21 04:00:00+00:00,49.560339772555146,50.56055808886,49.55133031414895,50.425392150878906,15034100,0.0,0.0,3752.75,,269.5561218261719
2022-10-24 04:00:00+00:00,51.03813158550903,52.02032741558478,50.975055072905164,51.87615203857422,17416700,0.0,0.0,3797.340087890625,,272.5216064453125
2022-10-25 04:00:00+00:00,53.20076209747384,53.263838605832426,52.03834626501669,53.11966323852539,28829900,0.0,0.0,3859.110107421875,,278.1589660644531
2022-10-26 04:00:00+00:00,53.17372222753262,53.86756719653439,53.03855976598367,53.51613998413086,15831400,0.0,0.0,3830.60009765625,,272.0126037597656
2022-10-27 04:00:00+00:00,53.85857592004357,53.921652444206124,53.50714858901997,53.642311096191406,16026100,0.0,0.0,3807.300048828125,,267.0603942871094
2022-10-28 04:00:00+00:00,53.6783481186308,54.88581823845826,53.58823979342176,54.75065231323242,12888900,0.0,0.0,3901.06005859375,,275.232666015625
2022-10-31 04:00:00+00:00,54.525376484848664,54.579443540856765,53.76845488779606,53.9306526184082,14016400,0.0,0.0,3871.97998046875,,272.0322265625
2022-11-01 04:00:00+00:00,54.09284800111814,54.32713512957184,53.49812416049169,53.74142074584961,10659500,0.0,0.0,3856.10009765625,,269.2527160644531
2022-11-02 04:00:00+00:00,53.74143146307462,54.273078899157746,52.95747793441398,52.99352264404297,14549200,0.0,0.0,3759.68994140625,,260.0234680175781
2022-11-03 04:00:00+00:00,52.362743147344425,53.16471886498282,52.353730253094554,52.96647644042969,9194000,0.0,0.0,3719.889892578125,,254.9440155029297
2022-11-04 04:00:00+00:00,53.435054411591814,53.69637338123744,52.76824451911758,53.399009704589844,9725900,0.0,0.0,3770.550048828125,,259.04473876953125
2022-11-07 05:00:00+00:00,53.399014471369554,53.85857593313734,53.38099555367253,53.60626983642578,8849700,0.0,0.0,3806.800048828125,,261.8927307128906
2022-11-08 05:00:00+00:00,53.840545410195816,53.87659011494727,53.11065560733396,53.705379486083984,10081600,0.0,0.0,3828.110107421875,,263.80126953125
2022-11-09 05:00:00+00:00,53.6963691889753,53.741423350504,52.93944758809163,52.95746994018555,10115200,0.0,0.0,3748.570068359375,,257.7137145996094
2022-11-10 05:00:00+00:00,54.291095451581384,55.002962922315525,53.777470425206715,54.858787536621094,16804800,0.0,0.0,3956.3701171875,,276.73004150390625
2022-11-11 05:00:00+00:00,55.30031844190432,55.37240784731835,54.2550461252851,55.25526428222656,18972100,0.0,0.0,3992.929931640625,,281.8291015625
2022-11-14 05:00:00+00:00,55.25527644885223,55.615716680463436,54.705606642480895,54.723628997802734,16361000,0.0,0.0,3957.25,,279.3628234863281
2022-11-15 05:00:00+00:00,55.08405907737071,55.37240983455125,54.06581853253261,54.63351058959961,13295800,0.0,0.0,3991.72998046875,,283.2287292480469
2022-11-16 05:00:00+00:00,54.77768992400258,54.99395128879938,54.32714140369477,54.534393310546875,14199500,0.0,0.0,3958.7900390625,,279.3628234863281
2022-11-17 05:00:00+00:00,54.23703364498837,54.732639803879316,54.18297001850039,54.705604553222656,11212600,0.0,0.0,3946.56005859375,,278.7461853027344
2022-11-18 05:00:00+00:00,54.95790849399389,55.300322884985576,54.786697861085734,55.09307098388672,10415600,0.0,0.0,3965.340087890625,,278.75592041015625
2022-11-21 05:00:00+00:00,55.33636863888778,56.05724557754286,55.14713908700564,55.94010543823242,15399400,0.0,0.0,3949.93994140625,,275.88836669921875
2022-11-22 05:00:00+00:00,56.29153714246857,56.318568955595204,55.91307457163239,56.18340301513672,12319600,0.0,0.0,4003.580078125,,279.8619689941406
2022-11-23 05:00:00+00:00,56.3095540599915,56.57988247739396,56.138343426953824,56.435707092285156,8990400,0.0,0.0,4027.260009765625,,282.6708068847656
2022-11-25 05:00:00+00:00,56.525813686459124,56.597903095510176,56.2104311153913,56.489768981933594,5165500,0.0,0.0,4026.1201171875,,280.8113708496094
2022-11-28 05:00:00+00:00,56.48977021653779,56.859219852468364,56.372630080388014,56.498783111572266,12267500,0.0,0.0,3963.93994140625,,276.6909484863281
2022-11-29 05:00:00+00:00,56.336581812408866,56.38163597249517,55.849988633687865,56.300537109375,10969600,0.0,0.0,3957.6298828125,,274.596435546875
2022-11-30 05:00:00+00:00,56.27331355125282,57.788819885722425,56.03736826071156,57.72529602050781,30433900,0.44,0.0,4080.110107421875,,287.11419677734375
2022-12-01 05:00:00+00:00,57.725297098006514,58.17904097903246,57.561949023893895,57.88864517211914,12001400,0.0,0.0,4076.570068359375,,287.4665222167969
2022-12-02 05:00:00+00:00,57.72529255992887,58.551102758212224,57.53472097570963,58.39683151245117,13643500,0.0,0.0,4071.699951171875,,286.3213806152344
2022-12-05 05:00:00+00:00,57.543797017845,57.897716679870186,57.407672473162556,57.59824752807617,9185100,0.0,0.0,3998.840087890625,,281.51593017578125
2022-12-06 05:00:00+00:00,57.643618896372836,57.97031502099528,57.380446633561334,57.57101821899414,10099500,0.0,0.0,3941.260009765625,,275.68280029296875
2022-12-07 05:00:00+00:00,57.580095834652866,57.825117931524346,57.398597600475,57.66176986694336,12307600,0.0,0.0,3933.919921875,,274.5572204589844
2022-12-08 05:00:00+00:00,57.71621663805096,57.94308856424108,57.48934471186084,57.90679168701172,9946200,0.0,0.0,3963.510009765625,,277.8066101074219
2022-12-09 05:00:00+00:00,57.72529506011827,57.93401682260672,57.25340102509574,57.29877471923828,13914900,0.0,0.0,3934.3798828125,,276.03515625
2022-12-12 05:00:00+00:00,57.44397193699565,58.08829084863355,57.180799667579535,58.0519905090332,11647900,0.0,0.0,3990.56005859375,,279.4997863769531
2022-12-13 05:00:00+00:00,58.61463247563719,58.71445668547493,57.897719759312885,58.07014465332031,17521600,0.0,0.0,4019.64990234375,,282.50439453125
2022-12-14 05:00:00+00:00,58.251642901953375,58.66908645055561,57.68899798501177,58.07014465332031,12826700,0.0,0.0,3995.320068359375,,280.4100036621094
2022-12-15 05:00:00+00:00,57.70713906114939,57.979384660296276,56.70890404368061,57.27154541015625,12212300,0.0,0.0,3895.75,,270.99481201171875
2022-12-16 05:00:00+00:00,56.94485855102539,57.298778233551545,56.563715342702196,56.94485855102539,33631500,0.0,0.0,3852.360107421875,,268.4110412597656
2022-12-19 05:00:00+00:00,57.01745405094157,57.543795118640716,56.69075792391893,57.026527404785156,10919700,0.0,0.0,3817.659912109375,,264.6388854980469
2022-12-20 05:00:00+00:00,57.008371286594155,57.30784385904582,56.94484743094511,56.98114776611328,10286500,0.0,0.0,3821.6201171875,,264.432861328125
2022-12-21 05:00:00+00:00,57.235243352168446,58.12458425737602,57.235243352168446,57.897708892822266,10411300,0.0,0.0,3878.43994140625,,268.2688293457031
2022-12-22 05:00:00+00:00,57.55286760076382,57.707142308094845,56.854105126293526,57.48027038574219,9666700,0.0,0.0,3822.389892578125,,261.7055358886719
2022-12-23 05:00:00+00:00,57.62546725857634,57.961236728419394,57.35322164892547,57.915863037109375,6463300,0.0,0.0,3844.820068359375,,262.2940979003906
2022-12-27 05:00:00+00:00,58.01569137581256,58.34238751542715,57.816042965650084,58.2697868347168,7320700,0.0,0.0,3829.25,,258.5858154296875
2022-12-28 05:00:00+00:00,58.496651159923786,58.6690760232861,57.616390522457785,57.688987731933594,7159400,0.0,0.0,3783.219970703125,,255.17172241210938
2022-12-29 05:00:00+00:00,57.89772324871131,58.215346068409545,57.80697584982116,58.03384780883789,7169300,0.0,0.0,3849.280029296875,,261.3915710449219
2022-12-30 05:00:00+00:00,58.00661500594651,58.00661500594651,57.325999197111955,57.72529602050781,7650200,0.0,0.0,3839.5,,261.234619140625
2023-01-03 05:00:00+00:00,57.67992229564707,57.67992229564707,56.427588238740555,57.1263542175293,12180500,0.0,0.0,3824.139892578125,,259.4687805175781
2023-01-04 05:00:00+00:00,57.30785395624202,57.47120203148894,56.72705887659123,57.09912872314453,13387900,0.0,0.0,3852.969970703125,,260.7048645019531
2023-01-05 05:00:00+00:00,56.80872893624504,56.990227169564754,56.33683837612101,56.445735931396484,9814700,0.0,0.0,3808.10009765625,,256.6236877441406
2023-01-06 05:00:00+00:00,57.090050879793786,57.77974000632576,56.79058173991504,57.53472137451172,9990000,0.0,0.0,3895.080078125,,263.7068176269531
2023-01-09 05:00:00+00:00,57.44396380591631,57.82511039418755,56.79057509455059,56.81779861450195,9442600,0.0,0.0,3892.090087890625,,265.4139099121094
2023-01-10 05:00:00+00:00,56.8087304712962,56.92670484541048,56.19163853840902,56.3822135925293,10134600,0.0,0.0,3919.25,,267.6604919433594
2023-01-11 05:00:00+00:00,56.60909223653593,56.77244032412531,55.72882792694773,56.273319244384766,10823000,0.0,0.0,3969.610107421875,,272.2910461425781
2023-01-12 05:00:00+00:00,56.36405776400097,56.427581621733424,55.32952241031171,55.54731750488281,13907300,0.0,0.0,3983.169921875,,273.7626037597656
2023-01-13 05:00:00+00:00,55.08450173827944,55.77419083774228,54.98467754164085,55.74696731567383,13986400,0.0,0.0,3999.090087890625,,275.6463317871094
2023-01-17 05:00:00+00:00,56.01922013209802,56.60908857263634,55.8649488714659,55.973846435546875,18327800,0.0,0.0,3990.969970703125,,276.2054748535156
2023-01-18 05:00:00+00:00,55.819566519918304,55.89216719707861,54.15886584047085,54.27684020996094,19679400,0.0,0.0,3928.860107421875,,272.6148376464844
2023-01-19 05:00:00+00:00,54.20424089548163,55.03005457909129,54.18609072573527,54.195167541503906,14894500,0.0,0.0,3898.85009765625,,269.9365539550781
2023-01-20 05:00:00+00:00,54.1951696998629,54.53093919906565,53.90477389593765,54.52186584472656,14237700,0.0,0.0,3972.610107421875,,277.3238830566406
2023-01-23 05:00:00+00:00,54.70335174577326,54.96652398216914,54.494630011945986,54.65797805786133,12613400,0.0,0.0,4019.81005859375,,283.48492431640625
2023-01-24 05:00:00+00:00,54.52187400708265,56.12812452347901,54.26777504426415,54.94839096069336,10103300,0.0,0.0,4016.949951171875,,282.90606689453125
2023-01-25 05:00:00+00:00,54.63076628512889,55.30230531892863,54.349443820715294,55.29323196411133,11265800,0.0,0.0,4016.219970703125,,282.2781677246094
2023-01-26 05:00:00+00:00,55.18433380126953,55.44750262962342,54.96653520830331,55.18433380126953,11884800,0.0,0.0,4060.429931640625,,287.78192138671875
2023-01-27 05:00:00+00:00,55.21155165192388,55.32044920631761,54.785031326344715,54.8939323425293,14087000,0.0,0.0,4070.56005859375,,290.64654541015625
2023-01-30 05:00:00+00:00,54.93930861047219,55.51102339418311,54.86670792961245,55.03005599975586,15632000,0.0,0.0,4017.77001953125,,284.7700500488281
2023-01-31 05:00:00+00:00,55.33859836763944,55.66529448666043,54.91207804982973,55.64714431762695,14344400,0.0,0.0,4076.60009765625,,289.03759765625
2023-02-01 05:00:00+00:00,55.483794612612925,55.88309139592572,55.01190061711005,55.656219482421875,12535400,0.0,0.0,4119.2099609375,,295.21832275390625
2023-02-02 05:00:00+00:00,55.175251718090095,55.374900120769404,54.36758821531053,54.7033576965332,16947200,0.0,0.0,4179.759765625,,305.81365966796875
2023-02-03 05:00:00+00:00,54.766884943174354,54.830408809444855,53.75049962105518,54.29499435424805,15404400,0.0,0.0,4136.47998046875,,300.3785705566406
2023-02-06 05:00:00+00:00,54.25868806520523,54.75780558624241,54.19516420589817,54.60353088378906,11330900,0.0,0.0,4111.080078125,,297.8376770019531
2023-02-07 05:00:00+00:00,54.149794183133444,54.66706540269778,54.03182326419651,54.51279067993164,14922700,0.0,0.0,4164.0,,304.0085144042969
2023-02-08 05:00:00+00:00,54.376662315385744,54.376662315385744,54.07719316904798,54.195167541503906,11012000,0.0,0.0,4117.85986328125,,298.6029357910156
2023-02-09 05:00:00+00:00,54.58538673025134,54.739657978130225,54.08626572407643,54.10441589355469,12515300,0.0,0.0,4081.5,,295.9638366699219
2023-02-10 05:00:00+00:00,54.19516674094597,54.35851480445942,53.432876931813496,54.10441589355469,14420700,0.0,0.0,4090.4599609375,,294.02142333984375
2023-02-13 05:00:00+00:00,54.3585129250571,55.138949414894,54.20423822072127,54.993751525878906,16191800,0.0,0.0,4137.2900390625,,298.73040771484375
2023-02-14 05:00:00+00:00,54.639835639711634,55.26600439179122,54.04997068961711,54.07719421386719,20505700,0.0,0.0,4136.1298828125,,300.93780517578125
2023-02-15 05:00:00+00:00,54.3585166576849,54.38574018193498,53.75049807570236,54.07719421386719,13171400,0.0,0.0,4147.60009765625,,303.2433166503906
2023-02-16 05:00:00+00:00,53.75049409933141,54.28591196131647,53.496398660352305,53.74142074584961,16538300,0.0,0.0,4090.409912109375,,297.5531921386719
2023-02-17 05:00:00+00:00,53.995521252185185,54.65798689583068,53.88662369123017,54.558162689208984,16814700,0.0,0.0,4079.090087890625,,295.4537658691406
2023-02-21 05:00:00+00:00,54.440193754588925,54.657988884422885,54.195171637182355,54.26776885986328,14278300,0.0,0.0,3997.340087890625,,288.45880126953125
2023-02-22 05:00:00+00:00,54.313139821347406,54.775960507069705,54.22239243211884,54.431114196777344,12409600,0.0,0.0,3991.050048828125,,288.6746826171875
2023-02-23 05:00:00+00:00,54.45834413485277,54.83041401337489,54.276849335020636,54.53094482421875,12222800,0.0,0.0,4012.320068359375,,291.1958923339844
2023-02-24 05:00:00+00:00,54.1588716110425,54.36759338743122,53.895699320981905,54.30406951904297,9736200,0.0,0.0,3970.0400390625,,286.3201599121094
2023-02-27 05:00:00+00:00,54.61261534694892,54.72151291218379,54.21332196656027,54.285919189453125,8849800,0.0,0.0,3982.239990234375,,288.3705749511719
2023-02-28 05:00:00+00:00,54.17701777849734,54.17701777849734,53.66882340715649,54.00459289550781,16082200,0.0,0.0,3970.14990234375,,287.99774169921875
2023-03-01 05:00:00+00:00,53.65975601466963,53.70512971352173,52.97006332966907,53.41473388671875,13275800,0.0,0.0,3951.389892578125,,285.6824645996094
2023-03-02 05:00:00+00:00,53.396577381618336,54.24961458895209,53.36027704212561,54.195167541503906,11758300,0.0,0.0,3981.35009765625,,288.04681396484375
2023-03-03 05:00:00+00:00,54.04089094116469,54.15886530949815,53.73234498984003,53.94106674194336,13101800,0.0,0.0,4045.639892578125,,294.0018615722656
2023-03-06 05:00:00+00:00,53.777724196794914,54.79411300056333,53.74142731663908,54.775962829589844,16282700,0.0,0.0,4048.419921875,,294.3353271484375
2023-03-07 05:00:00+00:00,54.8939253326014,54.966522538996315,54.22238299904883,54.45832824707031,13961200,0.0,0.0,3986.3701171875,,290.7250061035156
2023-03-08 05:00:00+00:00,54.48556900024414,54.74874129624943,54.204246532604905,54.48556900024414,10851600,0.0,0.0,3992.010009765625,,292.1770935058594
2023-03-09 05:00:00+00:00,54.93930931974394,54.93930931974394,53.79587281397823,53.95922088623047,13900900,0.0,0.0,3918.320068359375,,287.1148376464844
2023-03-10 05:00:00+00:00,54.177027613516806,54.57632103804755,53.53271204377689,53.732357025146484,13745800,0.0,0.0,3861.590087890625,,283.0826110839844
2023-03-13 04:00:00+00:00,53.80494619379144,55.23877494979918,53.76864585521129,54.27684020996094,21956000,0.0,0.0,3855.760009765625,,285.1821594238281
2023-03-14 04:00:00+00:00,54.44926649527748,54.8667100409114,53.85939805686218,54.47649002075195,19496900,0.0,0.0,3919.2900390625,,291.73553466796875
2023-03-15 04:00:00+00:00,53.931997415825656,54.884858863730386,53.75957598907048,54.83948516845703,21089900,0.0,0.0,3891.929931640625,,293.2659912109375
2023-03-16 04:00:00+00:00,54.949213437606566,55.1778255748094,54.59257906170525,55.1412467956543,15658300,0.46,0.0,3960.280029296875,,300.9967346191406
2023-03-17 04:00:00+00:00,55.15039524119212,55.18697053333359,54.53771287725778,54.88520431518555,27351200,0.0,0.0,3916.639892578125,,299.5741271972656
2023-03-20 04:00:00+00:00,55.013220856207994,55.41557693481445,54.839476899425605,55.41557693481445,12904100,0.0,0.0,3951.570068359375,,300.6372985839844
2023-03-21 04:00:00+00:00,55.3881542453898,55.55275528084507,54.7571859350411,55.159542083740234,13716500,0.0,0.0,4002.8701171875,,304.9311218261719
2023-03-22 04:00:00+00:00,55.23269489498556,55.66248334981257,54.894346413263825,54.912635803222656,10494200,0.0,0.0,3936.969970703125,,300.7846984863281
2023-03-23 04:00:00+00:00,54.94921646814475,55.22355035024923,54.61087146316071,54.793758392333984,15479000,0.0,0.0,3948.719970703125,,304.3514099121094
2023-03-24 04:00:00+00:00,55.0955255606634,55.79965136817279,54.78461291174164,55.689918518066406,12975600,0.0,0.0,3970.989990234375,,305.4715576171875
2023-03-27 04:00:00+00:00,55.909391785136094,56.220304476137215,55.735647791590864,56.10142517089844,12777400,0.0,0.0,3977.530029296875,,303.3786315917969
2023-03-28 04:00:00+00:00,56.13799963427666,56.45805874092317,56.02826677776523,56.16543197631836,10925700,0.0,0.0,3971.27001953125,,301.7672424316406
2023-03-29 04:00:00+00:00,56.43976873917246,56.650091498686265,56.32088944437089,56.56779098510742,9441000,0.0,0.0,4027.81005859375,,307.2696228027344
2023-03-30 04:00:00+00:00,56.586082987117194,56.77811636488181,56.38490316945251,56.55864715576172,9870700,0.0,0.0,4050.830078125,,310.1780700683594
2023-03-31 04:00:00+00:00,56.750683359111235,56.92442734339139,56.57693588648639,56.72324752807617,14440900,0.0,0.0,4109.31005859375,,315.33660888671875
2023-04-03 04:00:00+00:00,56.97015657789381,57.17133641969595,56.5678003826347,57.06160354614258,12300700,0.0,0.0,4124.509765625,,314.57012939453125
2023-04-04 04:00:00+00:00,57.05244127984141,57.37250034741583,56.7689644777644,56.887840270996094,11433400,0.0,0.0,4100.60009765625,,313.509033203125
2023-04-05 04:00:00+00:00,57.180474233890614,57.62855561718037,57.15304189005374,57.42737579345703,12789600,0.0,0.0,4090.3798828125,,310.413818359375
2023-04-06 04:00:00+00:00,57.482240501742695,57.64684153152375,57.0433055851081,57.463951110839844,9644200,0.0,0.0,4105.02001953125,,312.5067443847656
2023-04-10 04:00:00+00:00,57.14389149232326,57.326778411865234,56.71409955704198,57.326778411865234,7952600,0.0,0.0,4109.10986328125,,312.32989501953125
2023-04-11 04:00:00+00:00,57.29021123233127,57.34507592062407,57.06159906219164,57.226200103759766,9913000,0.0,0.0,4108.93994140625,,310.325439453125
2023-04-12 04:00:00+00:00,57.134745053339536,57.63769105876873,56.97929047405998,57.326778411865234,9593700,0.0,0.0,4091.949951171875,,307.5840759277344
2023-04-13 04:00:00+00:00,57.39079101966108,57.75657184491941,57.13474653498693,57.74742889404297,9871400,0.0,0.0,4146.22021484375,,313.607177734375
2023-04-14 04:00:00+00:00,57.655982971191406,57.74742992330814,57.409081432993034,57.655982971191406,8946000,0.0,0.0,4137.64013671875,,313.0176696777344
2023-04-17 04:00:00+00:00,57.90289204535984,58.09492543728101,57.7382909984717,58.030914306640625,9452400,0.0,0.0,4151.31982421875,,313.2829895019531
2023-04-18 04:00:00+00:00,58.076631192433354,58.158931709001585,57.7840079087118,58.12235641479492,9035700,0.0,0.0,4154.8701171875,,313.30267333984375
2023-04-19 04:00:00+00:00,58.277811730921826,58.369258688434435,58.00347783507348,58.23208999633789,9769500,0.0,0.0,4154.52001953125,,313.1552429199219
2023-04-20 04:00:00+00:00,58.18636624831897,58.52471125854594,58.0126187792296,58.48813247680664,10706400,0.0,0.0,4129.7900390625,,310.767578125
2023-04-21 04:00:00+00:00,58.52471316217603,58.77161122608559,58.34182273587528,58.570438385009766,12931100,0.0,0.0,4133.52001953125,,311.091796875
2023-04-24 04:00:00+00:00,59.210550691957444,59.43001641672482,58.17722273017207,58.4789924621582,15532300,0.0,0.0,4137.0400390625,,310.4433898925781
2023-04-25 04:00:00+00:00,58.68016983641895,58.68016983641895,58.186370202757466,58.38754653930664,12818900,0.0,0.0,4071.6298828125,,304.5872497558594
2023-04-26 04:00:00+00:00,58.12235521037261,58.3143885822709,57.966897131923076,58.11320877075195,13179600,0.0,0.0,4055.989990234375,,306.4344482421875
2023-04-27 04:00:00+00:00,58.094921304241346,58.305244074003234,57.71085454772262,58.23208999633789,13795800,0.0,0.0,4135.35009765625,,314.7666931152344
2023-04-28 04:00:00+00:00,58.16807740011058,58.67102693285653,58.04919810252112,58.66188049316406,13687600,0.0,0.0,4169.47998046875,,316.9381408691406
2023-05-01 04:00:00+00:00,58.66188068835525,59.1556837830518,58.57957668422782,58.799049377441406,9091500,0.0,0.0,4167.8701171875,,316.5745849609375
2023-05-02 04:00:00+00:00,58.65273506422306,58.65273506422306,57.85716572615678,58.53385925292969,10948400,0.0,0.0,4119.580078125,,313.8135986328125
2023-05-03 04:00:00+00:00,58.543000046861174,58.689315181030764,58.140647381273986,58.20465850830078,11084600,0.0,0.0,4090.75,,311.760009765625
2023-05-04 04:00:00+00:00,58.28695088824081,58.46069485328939,58.07662465641318,58.26866149902344,11938300,0.0,0.0,4061.219970703125,,310.6595764160156
2023-05-05 04:00:00+00:00,58.19550750153051,58.71674291690056,58.18636455053477,58.54299545288086,9039000,0.0,0.0,4136.25,,317.2623596191406
2023-05-08 04:00:00+00:00,58.35096692806331,58.57957559170217,58.168076508807616,58.45155334472656,7240700,0.0,0.0,4138.1201171875,,318.0484313964844
2023-05-09 04:00:00+00:00,58.19551203632358,58.2961019468376,57.86630996131215,57.96689987182617,9067700,0.0,0.0,4119.169921875,,316.0341796875
2023-05-10 04:00:00+00:00,57.90288478308256,58.19550805455019,57.60111856053232,58.06748580932617,10134000,0.0,0.0,4137.64013671875,,319.47320556640625
2023-05-11 04:00:00+00:00,58.140642069241444,58.46069767513348,57.619403172247374,58.39668655395508,9581500,0.0,0.0,4130.6201171875,,320.5147705078125
2023-05-12 04:00:00+00:00,58.396689206962364,58.698458924808335,58.250377567858315,58.625301361083984,8740800,0.0,0.0,4124.080078125,,319.3650817871094
2023-05-15 04:00:00+00:00,58.7258889781288,58.753321319283906,58.25951824842499,58.46984100341797,8150000,0.0,0.0,4136.27978515625,,321.0944519042969
2023-05-16 04:00:00+00:00,58.43326481870328,58.43326481870328,57.756571344343605,57.811439514160156,9129600,0.0,0.0,4109.89990234375,,321.4579772949219
2023-05-17 04:00:00+00:00,57.9760410377433,57.99432693949619,57.36335867868727,57.74742889404297,11583000,0.0,0.0,4158.77001953125,,325.3489685058594
2023-05-18 04:00:00+00:00,57.61940917700485,57.64684500918657,57.21705301790301,57.42737579345703,13595100,0.0,0.0,4198.0498046875,,331.39178466796875
2023-05-19 04:00:00+00:00,57.646836823075084,57.70170150295781,57.253623671641975,57.454803466796875,14251400,0.0,0.0,4191.97998046875,,330.6450500488281
2023-05-22 04:00:00+00:00,57.41822680198901,57.491380873974116,56.18371913401081,56.24773025512695,15055400,0.0,0.0,4192.6298828125,,331.7553405761719
2023-05-23 04:00:00+00:00,56.247738374477585,56.39405002791234,55.936825674885604,56.147151947021484,13932700,0.0,0.0,4145.580078125,,327.5499267578125
2023-05-24 04:00:00+00:00,56.128858998130546,56.17458073286742,55.525323029907405,55.671634674072266,11090100,0.0,0.0,4115.240234375,,325.8697509765625
2023-05-25 04:00:00+00:00,55.2967047164389,55.53445980362863,55.00408146066183,55.24183654785156,14463600,0.0,0.0,4151.27978515625,,333.799072265625
2023-05-26 04:00:00+00:00,55.27842659945151,55.452170602891925,54.967513890743085,55.104679107666016,12570300,0.0,0.0,4205.4501953125,,342.32781982421875
2023-05-30 04:00:00+00:00,54.949221313363005,55.04981122628469,54.42798584490051,54.665740966796875,15634200,0.0,0.0,4205.52001953125,,343.88031005859375
2023-05-31 04:00:00+00:00,54.79376633534863,55.12296843693363,54.29082023052491,54.55601119995117,59432200,0.0,0.0,4179.830078125,,341.9249572753906
2023-06-01 04:00:00+00:00,54.81204848403359,55.0223712459488,54.65659389457893,54.86691665649414,13402700,0.0,0.0,4221.02001953125,,345.8748779296875
2023-06-02 04:00:00+00:00,55.11381844531633,56.073988793408994,54.94007446426831,55.927677154541016,15259800,0.0,0.0,4282.3701171875,,348.4688720703125
2023-06-05 04:00:00+00:00,55.78136560259533,56.183721738023095,55.3698630275302,55.55275344848633,12915600,0.0,0.0,4273.7900390625,,348.7145080566406
2023-06-06 04:00:00+00:00,55.73564096558954,55.77221974554392,54.97664697908618,55.150394439697266,10943500,0.0,0.0,4283.85009765625,,348.655517578125
2023-06-07 04:00:00+00:00,54.87605930251712,55.1961184075733,54.70231532320863,55.06809616088867,16817900,0.0,0.0,4267.52001953125,,342.7404479980469
2023-06-08 04:00:00+00:00,54.98579931857855,55.241843829045536,54.84863062320276,55.205265045166016,15585900,0.0,0.0,4293.93017578125,,346.9949645996094
2023-06-09 04:00:00+00:00,55.113820540394116,55.47959790729628,55.02237358241,55.29671096801758,12581500,0.0,0.0,4298.85986328125,,348.3214111328125
2023-06-12 04:00:00+00:00,55.40643995620529,55.46130812716034,54.88520454133817,55.0589485168457,14208900,0.0,0.0,4338.93017578125,,354.2070617675781
2023-06-13 04:00:00+00:00,55.05895029207703,55.47959581792811,54.90349570187562,55.278419494628906,13397800,0.0,0.0,4369.009765625,,356.9288024902344
2023-06-14 04:00:00+00:00,55.534463904138825,55.85452301201402,55.41558460759406,55.653343200683594,14099700,0.0,0.0,4372.58984375,,359.52276611328125
2023-06-15 04:00:00+00:00,55.846838671753815,56.48261233289064,55.598056756984256,56.418113708496094,15271400,0.46,0.0,4425.83984375,,363.8067626953125
2023-06-16 04:00:00+00:00,56.759037292770174,57.28424240213373,56.648468721038775,56.82353591918945,26738000,0.0,0.0,4409.58984375,,361.5174255371094
2023-06-20 04:00:00+00:00,56.749826796663015,57.09074862240405,56.42733365270686,56.44575881958008,13971800,0.0,0.0,4388.7099609375,,360.99981689453125
2023-06-21 04:00:00+00:00,56.49182934864391,56.86960851834174,56.187761387347095,56.60239791870117,13948700,0.0,0.0,4365.68994140625,,356.08026123046875
2023-06-22 04:00:00+00:00,56.95253747908891,57.21974457158041,56.749825499002235,56.9893913269043,15193400,0.0,0.0,4381.89013671875,,360.2815856933594
2023-06-23 04:00:00+00:00,57.072316016712485,57.09996079494495,56.37204373159153,56.390472412109375,25112100,0.0,0.0,4348.330078125,,356.7099914550781
2023-06-26 04:00:00+00:00,56.39968511686506,56.47339983909582,55.64412678855685,56.40890121459961,12856100,0.0,0.0,4328.81982421875,,351.9281311035156
2023-06-27 04:00:00+00:00,56.40890821619345,56.537905481197285,56.18776753696414,56.28912353515625,9068500,0.0,0.0,4378.41015625,,357.979248046875
2023-06-28 04:00:00+00:00,56.09561375080442,56.24303966215707,55.65333601674646,55.7639045715332,11173200,0.0,0.0,4376.85986328125,,358.6778259277344
2023-06-29 04:00:00+00:00,55.48749069616358,55.60727185264547,55.07285415281052,55.30320739746094,17142300,0.0,0.0,4396.43994140625,,357.9595642089844
2023-06-30 04:00:00+00:00,55.2847758235109,55.60726894318349,55.16499115838477,55.48748779296875,19739200,0.0,0.0,4450.3798828125,,363.4794006347656
2023-07-03 04:00:00+00:00,55.469060700649905,55.86526855325474,55.31241867024471,55.81919860839844,9694500,0.0,0.0,4455.58984375,,364.33538818359375
2023-07-05 04:00:00+00:00,55.54277357469039,56.29833194070316,55.43220500073798,56.23383331298828,14716600,0.0,0.0,4446.81982421875,,364.32550048828125
2023-07-06 04:00:00+00:00,55.957412146466176,56.224622765193914,55.74548757417195,55.80077362060547,12603900,0.0,0.0,4411.58984375,,361.5508117675781
2023-07-07 04:00:00+00:00,55.570420568017795,55.74548777665891,55.03599932862112,55.06364059448242,14574000,0.0,0.0,4398.9501953125,,360.3504333496094
2023-07-10 04:00:00+00:00,55.257138324783995,55.42299294474634,54.492363853300745,54.64900588989258,15480600,0.0,0.0,4409.52978515625,,360.468505859375
2023-07-11 04:00:00+00:00,54.78721654821041,54.879359957849964,54.21594146809188,54.84250259399414,15967700,0.0,0.0,4439.259765625,,362.24945068359375
2023-07-12 04:00:00+00:00,55.05442468226421,55.33084786889997,54.77800149562845,55.137351989746094,14241300,0.0,0.0,4472.16015625,,366.8246765136719
2023-07-13 04:00:00+00:00,55.39534473359788,55.70862527246518,55.26634748493101,55.607269287109375,11269800,0.0,0.0,4510.0400390625,,373.0528564453125
2023-07-14 04:00:00+00:00,55.41376845237629,56.243041426569626,55.36769851267913,56.114044189453125,11634200,0.0,0.0,4505.419921875,,372.97418212890625
2023-07-17 04:00:00+00:00,55.98505065444266,56.29833120564381,55.736272245025795,56.031124114990234,10014300,0.0,0.0,4522.7900390625,,376.45721435546875
2023-07-18 04:00:00+00:00,56.16933278920338,56.4365433892373,55.66255636787416,55.80998229980469,11152900,0.0,0.0,4554.97998046875,,379.536865234375
2023-07-19 04:00:00+00:00,55.994266327109145,56.93410797357232,55.9113390196297,56.795894622802734,12936000,0.0,0.0,4565.72021484375,,379.4483337402344
2023-07-20 04:00:00+00:00,56.8327551517647,57.5053862321724,56.82353905324706,57.48695755004883,11563000,0.0,0.0,4534.8701171875,,370.7012939453125
2023-07-21 04:00:00+00:00,57.55145251517856,57.75416449071756,57.34874405455106,57.533023834228516,12815100,0.0,0.0,4536.33984375,,369.5894470214844
2023-07-24 04:00:00+00:00,57.51459527474083,57.873949281658355,57.496170108663364,57.55145263671875,10251100,0.0,0.0,4554.64013671875,,370.1798095703125
2023-07-25 04:00:00+00:00,57.40402969473156,57.48695700604704,57.17367644273432,57.35795974731445,13422700,0.0,0.0,4567.4599609375,,372.6888427734375
2023-07-26 04:00:00+00:00,56.998608753887176,58.20565753458728,56.56554351902806,58.095088958740234,17145500,0.0,0.0,4566.75,,371.44903564453125
2023-07-27 04:00:00+00:00,58.095086301014646,58.297798276553635,57.47774130628988,57.533023834228516,11517100,0.0,0.0,4537.41015625,,370.5635681152344
2023-07-28 04:00:00+00:00,57.67123742740644,57.83709204174564,57.33031561566986,57.569881439208984,9721800,0.0,0.0,4582.22998046875,,377.313232421875
2023-07-31 04:00:00+00:00,57.54223786492143,57.54223786492143,56.8788194341995,57.06310272216797,15577900,0.0,0.0,4588.9599609375,,377.51007080078125
2023-08-01 04:00:00+00:00,57.21052796821685,57.45930987677473,56.777462773885205,56.91567611694336,9281600,0.0,0.0,4576.72998046875,,376.63433837890625
2023-08-02 04:00:00+00:00,56.722184747384,57.671238999260694,56.722184747384,57.09074783325195,11059400,0.0,0.0,4513.39013671875,,368.36944580078125
2023-08-03 04:00:00+00:00,57.007819183047644,57.238172424389255,56.69453863422658,56.795894622802734,8037400,0.0,0.0,4501.89013671875,,367.779052734375
2023-08-04 04:00:00+00:00,56.83275567646684,57.02625156818321,55.85605660437049,55.93898391723633,9359300,0.0,0.0,4478.02978515625,,366.0572509765625
2023-08-07 04:00:00+00:00,56.012696829032194,56.51026069008335,55.96662688224856,56.38125991821289,6982600,0.0,0.0,4518.43994140625,,369.15655517578125
2023-08-08 04:00:00+00:00,56.381258731931744,56.52868466748446,55.85605361684324,56.132476806640625,7956100,0.0,0.0,4499.3798828125,,366.0178527832031
2023-08-09 04:00:00+00:00,56.123265069633895,56.78668354707949,55.975839131858386,56.261478424072266,7904100,0.0,0.0,4467.7099609375,,361.99365234375
2023-08-10 04:00:00+00:00,56.52868466748446,56.87882258251398,56.01269565050575,56.132476806640625,7870300,0.0,0.0,4468.830078125,,362.6626892089844
2023-08-11 04:00:00+00:00,56.05876665567303,56.390475895662895,55.920553300706715,56.362831115722656,8483900,0.0,0.0,4464.0498046875,,360.3504333496094
2023-08-14 04:00:00+00:00,56.501047303081755,56.64847324881085,55.975842151739855,56.09562683105469,7176300,0.0,0.0,4489.72021484375,,364.39434814453125
2023-08-15 04:00:00+00:00,55.920550560513625,56.11404995096703,55.62569869828453,55.71784210205078,7187400,0.0,0.0,4437.85986328125,,360.5276184082031
2023-08-16 04:00:00+00:00,55.78234445660047,56.04033897457148,55.65334719761497,55.72705841064453,8372300,0.0,0.0,4404.330078125,,356.7099914550781
2023-08-17 04:00:00+00:00,55.819194828028415,56.22461523618271,55.699410167585306,55.84683609008789,12873500,0.0,0.0,4370.35986328125,,352.8136291503906
2023-08-18 04:00:00+00:00,55.782342735957755,56.28911917273111,55.62570070137016,56.16012191772461,11083800,0.0,0.0,4369.7099609375,,352.37091064453125
2023-08-21 04:00:00+00:00,56.0771961860955,56.14169481541291,55.57963231857974,55.68098831176758,8648500,0.0,0.0,4399.77001953125,,358.0480651855469
2023-08-22 04:00:00+00:00,55.59805184784492,55.81919247975118,55.26634265744109,55.340057373046875,9411500,0.0,0.0,4387.5498046875,,357.5364685058594
2023-08-23 04:00:00+00:00,55.46906688826425,55.690204054207086,55.432209522303154,55.533565521240234,7749500,0.0,0.0,4436.009765625,,363.1742858886719
2023-08-24 04:00:00+00:00,55.533561038350065,56.09562352169331,55.367706419825446,55.38613510131836,8955100,0.0,0.0,4376.31005859375,,355.41119384765625
2023-08-25 04:00:00+00:00,55.66255938864247,55.8099853285737,55.29399278135856,55.64413070678711,7629200,0.0,0.0,4405.7099609375,,358.1661682128906
2023-08-28 04:00:00+00:00,55.791557522077355,55.957412146466176,55.625702897688534,55.80077362060547,6254300,0.0,0.0,4433.31005859375,,360.8620910644531
2023-08-29 04:00:00+00:00,55.80076944072969,55.86526806594819,55.422990272345004,55.7454833984375,8189600,0.0,0.0,4497.6298828125,,368.74322509765625
2023-08-30 04:00:00+00:00,55.87448061608623,55.96662401985248,55.55198749018298,55.71784210205078,9447900,0.0,0.0,4514.8701171875,,370.7997131347656
2023-08-31 04:00:00+00:00,55.56119735548163,55.71783937676682,55.10970700130048,55.128135681152344,14663500,0.0,0.0,4507.66015625,,371.9114990234375
2023-09-01 04:00:00+00:00,55.28477958980717,55.40456426309368,54.47393517164808,54.64900588989258,11262300,0.0,0.0,4515.77001953125,,371.5179443359375
2023-09-05 04:00:00+00:00,54.59372146029881,54.658220090535764,54.059300221293526,54.197513580322266,12474600,0.0,0.0,4496.830078125,,371.990234375
2023-09-06 04:00:00+00:00,54.0132262290112,54.206725620145505,53.828942935741686,54.16065216064453,13923500,0.0,0.0,4465.47998046875,,368.7138366699219
2023-09-07 04:00:00+00:00,54.31729633906819,54.51079222294621,53.71837649097538,53.74602127075195,17628600,0.0,0.0,4451.14013671875,,366.0768737792969
2023-09-08 04:00:00+00:00,53.71837649097538,53.81973248202908,53.45116588090864,53.74602127075195,14312300,0.0,0.0,4457.490234375,,366.5885314941406
2023-09-11 04:00:00+00:00,53.81051837323627,54.35415216127606,53.65387634198167,54.2527961730957,14767400,0.0,0.0,4487.4599609375,,370.9079895019531
2023-09-12 04:00:00+00:00,54.354153366934,54.36336595019497,53.61702016923938,53.71837615966797,12292700,0.0,0.0,4461.89990234375,,366.7951354980469
2023-09-13 04:00:00+00:00,53.810520114072084,54.068514626941976,53.75523406920927,53.847373962402344,12641400,0.0,0.0,4467.43994140625,,368.19232177734375
2023-09-14 04:00:00+00:00,54.0888427822018,54.4138944974346,54.04240378619885,54.29315948486328,12311600,0.46,0.0,4505.10009765625,,371.20306396484375
2023-09-15 04:00:00+00:00,54.246719831520686,54.46032573396318,53.63376268539946,53.810218811035156,55727500,0.0,0.0,4450.31982421875,,364.8469543457031
2023-09-18 04:00:00+00:00,53.84737442122125,54.19100103691546,53.52232269594268,54.14456558227539,13617400,0.0,0.0,4453.52978515625,,365.22735595703125
2023-09-19 04:00:00+00:00,54.10741521972587,54.228150234730485,53.79164917165093,54.033119201660156,11998900,0.0,0.0,4443.9501953125,,364.44891357421875
2023-09-20 04:00:00+00:00,54.144568840638286,54.6367946092793,53.940252119366804,54.27458953857422,14766600,0.0,0.0,4402.2001953125,,359.1969909667969
2023-09-21 04:00:00+00:00,54.209574407157604,54.2560098604955,53.32728662254551,53.43873596191406,15941800,0.0,0.0,4330.0,,352.6149597167969
2023-09-22 04:00:00+00:00,53.726638055037945,53.83808739473166,53.40158633792629,53.49445724487305,14644100,0.0,0.0,4320.06005859375,,352.6642150878906
2023-09-25 04:00:00+00:00,53.30871990102746,53.39230514140753,52.695762652506296,52.93722915649414,12358800,0.0,0.0,4337.43994140625,,354.3392639160156
2023-09-26 04:00:00+00:00,52.68647398136936,52.844358789411665,52.37999712533177,52.500728607177734,11194700,0.0,0.0,4273.52978515625,,349.0183410644531
2023-09-27 04:00:00+00:00,52.398564169664375,52.50072429421718,51.71131094725139,51.962066650390625,13766300,0.0,0.0,4274.509765625,,349.8363037109375
2023-09-28 04:00:00+00:00,52.22210857814421,52.30569381340575,51.729886383158494,51.83204650878906,12484800,0.0,0.0,4299.7001953125,,352.7626953125
2023-09-29 04:00:00+00:00,52.138528609078826,52.25926363727312,51.655592039100085,51.989933013916016,12271600,0.0,0.0,4288.0498046875,,353.0189514160156
2023-10-02 04:00:00+00:00,51.92491738677403,52.017788295765484,51.15407892231032,51.52556610107422,11792500,0.0,0.0,4288.39013671875,,355.965087890625
2023-10-03 04:00:00+00:00,51.228375580659865,51.479131289425816,50.87545974504874,50.96833419799805,13604200,0.0,0.0,4229.4501953125,,349.7180480957031
2023-10-04 04:00:00+00:00,50.97762200143875,51.339823526076394,50.81045152194472,51.1169319152832,12100500,0.0,0.0,4263.75,,354.47723388671875
2023-10-05 04:00:00+00:00,50.838305868397335,51.033336876091,48.516498035479614,48.64651870727539,29878100,0.0,0.0,4258.18994140625,,353.4327697753906
2023-10-06 04:00:00+00:00,48.33075426519365,49.49165821924155,47.87567835637588,49.35234832763672,30298900,0.0,0.0,4308.5,,359.3547058105469
2023-10-09 04:00:00+00:00,49.18518545707197,49.36164515268028,48.39577206374486,49.11088943481445,15704700,0.0,0.0,4335.66015625,,361.18743896484375
2023-10-10 04:00:00+00:00,50.271791383436515,50.45753674520675,49.74241940521011,50.178916931152344,20909700,0.0,0.0,4358.240234375,,363.1876220703125
2023-10-11 04:00:00+00:00,50.35537615658286,50.41109728464346,49.24090753899585,49.8817253112793,21138900,0.0,0.0,4376.9501953125,,365.7791748046875
2023-10-12 04:00:00+00:00,49.928155909209806,49.99316979028689,48.69295593910424,49.04587173461914,19330400,0.0,0.0,4349.60986328125,,364.50799560546875
2023-10-13 04:00:00+00:00,48.980860431907786,49.612388913787115,48.88798599133902,49.12016677856445,14494600,0.0,0.0,4327.77978515625,,359.9261779785156
2023-10-16 04:00:00+00:00,49.24090862579956,49.742420046202355,49.07373815233196,49.62168502807617,12816800,0.0,0.0,4373.6298828125,,363.99566650390625
2023-10-17 04:00:00+00:00,49.510240122585664,50.24392883297162,49.41736566742413,50.216068267822266,16457200,0.0,0.0,4373.2001953125,,362.8034362792969
2023-10-18 04:00:00+00:00,50.24392614583689,50.64327742467794,50.07675567828491,50.19749069213867,12809500,0.0,0.0,4314.60009765625,,358.0440979003906
2023-10-19 04:00:00+00:00,50.29965240428097,50.85688495185145,50.02103613049574,50.47610855102539,16202200,0.0,0.0,4278.0,,354.6940002441406
2023-10-20 04:00:00+00:00,50.64327395903673,51.09834987685251,50.55968873098068,50.680423736572266,15686400,0.0,0.0,4224.16015625,,349.4027099609375
2023-10-23 04:00:00+00:00,50.50396566145479,50.97761290698996,50.19748532279266,50.22534942626953,21212700,0.0,0.0,4217.0400390625,,350.4570007324219
2023-10-24 04:00:00+00:00,51.68345303532157,52.16638603340872,51.358397754811165,51.674163818359375,25290800,0.0,0.0,4247.68017578125,,353.8663024902344
2023-10-25 04:00:00+00:00,51.78560081362258,52.21281615125869,51.59985901955203,52.11994171142578,16701000,0.0,0.0,4186.77001953125,,345.2051696777344
2023-10-26 04:00:00+00:00,52.352130842534415,52.59360088179633,51.748462829976035,51.80418395996094,16228400,0.0,0.0,4137.22998046875,,338.6230773925781
2023-10-27 04:00:00+00:00,51.59057911297688,52.13852600706877,51.17265291531387,51.302677154541016,13626500,0.0,0.0,4117.3701171875,,340.2489013671875
2023-10-30 04:00:00+00:00,51.47913378192713,52.26854718482816,51.46984456478337,52.1478157043457,15014300,0.0,0.0,4166.81982421875,,344.0818786621094
2023-10-31 04:00:00+00:00,52.53787328728869,52.677183190100074,52.14781122789361,52.46357727050781,16639400,0.0,0.0,4193.7998046875,,345.72735595703125
2023-11-01 04:00:00+00:00,52.75147807130771,52.825777629287145,52.24996668334029,52.417137145996094,14110800,0.0,0.0,4237.85986328125,,351.7281188964844
2023-11-02 04:00:00+00:00,52.47286610319087,53.076537661320316,52.34284540889794,53.02081298828125,13087200,0.0,0.0,4317.77978515625,,358.1131896972656
2023-11-03 04:00:00+00:00,53.30871602351663,53.485172165796016,52.658609039269244,52.69575881958008,13958700,0.0,0.0,4358.33984375,,362.3205871582031
2023-11-06 05:00:00+00:00,52.732906916366915,53.197268558230796,52.69576067754441,52.909366607666016,12673200,0.0,0.0,4365.97998046875,,363.798583984375
2023-11-07 05:00:00+00:00,52.86292678609219,53.30871707300233,52.68647064033892,53.10439682006836,10449300,0.0,0.0,4378.3798828125,,367.23748779296875
2023-11-08 05:00:00+00:00,53.234418920733674,53.373728831932226,52.86292818606968,53.02081298828125,13744000,0.0,0.0,4382.77978515625,,367.473876953125
2023-11-09 05:00:00+00:00,52.96508657640162,53.06724670222022,52.35212936428812,52.6214599609375,12021100,0.0,0.0,4347.35009765625,,364.64599609375
2023-11-10 05:00:00+00:00,52.81649142354843,52.87221609520917,52.064227841518075,52.67718505859375,11678900,0.0,0.0,4415.240234375,,372.8440856933594
2023-11-13 05:00:00+00:00,52.5843059921758,53.03009269795487,52.56573110325195,52.87221145629883,12798200,0.0,0.0,4411.5498046875,,371.6813049316406
2023-11-14 05:00:00+00:00,52.955805750506784,53.16012602084874,52.760774697615865,53.03010177612305,12697100,0.0,0.0,4495.7001953125,,379.6822814941406
2023-11-15 05:00:00+00:00,53.21584078726583,53.252990567028334,52.70504371532449,53.13225555419922,10201900,0.0,0.0,4502.8798828125,,379.9680480957031
2023-11-16 05:00:00+00:00,53.16940517757532,53.42944654955195,52.760768229783764,53.076534271240234,16010400,0.0,0.0,4508.240234375,,380.293212890625
2023-11-17 05:00:00+00:00,53.11368913984891,53.25299906478943,52.65861666493386,53.1786994934082,14475800,0.0,0.0,4514.02001953125,,380.3819274902344
2023-11-20 05:00:00+00:00,52.983660558028845,53.47588628827597,52.90007532404711,53.3087158203125,13051000,0.0,0.0,4547.3798828125,,385.0130920410156
2023-11-21 05:00:00+00:00,53.36444206849841,53.90310330424676,53.24371058556037,53.89381408691406,13891600,0.0,0.0,4538.18994140625,,382.77630615234375
2023-11-22 05:00:00+00:00,54.107423989271794,54.367468951644156,53.98669249749749,54.256019592285156,11320600,0.0,0.0,4556.6201171875,,384.3429870605469
2023-11-24 05:00:00+00:00,54.293160767191374,54.56249136205861,54.18171496830765,54.395320892333984,4816000,0.0,0.0,4559.33984375,,383.8010559082031
2023-11-27 05:00:00+00:00,54.367459044229626,54.50676540384454,54.11670334556519,54.29315948486328,16246500,0.0,0.0,4550.43017578125,,383.46600341796875
2023-11-28 05:00:00+00:00,54.23744301474417,54.63679432363,54.20029323187147,54.40461349487305,13739600,0.0,0.0,4554.89013671875,,384.4710693359375
2023-11-29 05:00:00+00:00,54.4046031059473,54.48818478725296,53.9588128821981,54.07954788208008,11263600,0.0,0.0,4550.580078125,,384.0966491699219
2023-11-30 05:00:00+00:00,54.257420199969935,54.72547938783236,53.92041701334768,54.706756591796875,22727500,0.46,0.0,4567.7998046875,,383.13104248046875
2023-12-01 05:00:00+00:00,54.54761912844821,54.94078713899046,54.519536719411846,54.89398193359375,15371200,0.0,0.0,4594.6298828125,,384.2247619628906
2023-12-04 05:00:00+00:00,54.847172044028916,55.19353481959369,54.70675286882289,54.82844924926758,14942200,0.0,0.0,4569.77978515625,,380.6578063964844
2023-12-05 05:00:00+00:00,54.80972706624352,55.07184262481973,54.68803068444056,54.91270065307617,11891500,0.0,0.0,4567.18017578125,,381.6136474609375
2023-12-06 05:00:00+00:00,54.81908721897694,54.97822561091574,54.491443681619955,54.856529235839844,14868500,0.0,0.0,4549.33984375,,379.4064025878906
2023-12-07 05:00:00+00:00,54.92206303328915,55.1280102173348,54.65995103250973,54.98759460449219,11587900,0.0,0.0,4585.58984375,,384.70758056640625
2023-12-08 05:00:00+00:00,54.9875945200742,54.99695413251273,54.6412281527095,54.86589813232422,11178700,0.0,0.0,4604.3701171875,,386.4220886230469
2023-12-11 05:00:00+00:00,55.07184100290638,55.315230188336265,54.7629202515064,55.26842498779297,14524800,0.0,0.0,4622.43994140625,,389.7229309082031
2023-12-12 05:00:00+00:00,55.41820191811029,55.6241455078125,55.13736715323798,55.6241455078125,12899000,0.0,0.0,4643.7001953125,,392.8267822265625
2023-12-13 05:00:00+00:00,55.65223377291661,56.185820919422135,55.474369010076146,56.10157012939453,16196800,0.0,0.0,4707.08984375,,397.822509765625
2023-12-14 05:00:00+00:00,56.13901528772832,56.204543282690516,55.015672619649685,55.26842498779297,22478300,0.0,0.0,4719.5498046875,,397.47760009765625
2023-12-15 05:00:00+00:00,55.07183958059252,55.39011636447012,54.10763533346471,54.856529235839844,65177400,0.0,0.0,4719.18994140625,,399.3990783691406
2023-12-18 05:00:00+00:00,55.04375148456552,55.68967535193474,54.87524991664378,55.249698638916016,16717700,0.0,0.0,4740.56005859375,,401.9147033691406
2023-12-19 05:00:00+00:00,55.230984418813414,55.418208809011034,54.893981230659335,55.07184600830078,14612200,0.0,0.0,4768.3701171875,,403.9683837890625
2023-12-20 05:00:00+00:00,54.76292381809278,54.9220622245059,53.89233346145783,53.929779052734375,17701000,0.0,0.0,4698.35009765625,,397.9654235839844
2023-12-21 05:00:00+00:00,54.15444382194361,54.36039099673319,53.798721428590014,54.28550338745117,11725100,0.0,0.0,4746.75,,402.595947265625
2023-12-22 05:00:00+00:00,54.40719320261518,54.72547355930355,54.31358280341594,54.594417572021484,9029400,0.0,0.0,4754.6298828125,,403.1982116699219
2023-12-26 05:00:00+00:00,54.351032622427326,54.959507406604445,54.351032622427326,54.819091796875,6422500,0.0,0.0,4774.75,,405.6665344238281
2023-12-27 05:00:00+00:00,54.89397899028184,55.01567537459475,54.66931258802053,54.95950698852539,8560100,0.0,0.0,4781.580078125,,406.49237060546875
2023-12-28 05:00:00+00:00,54.90334165199967,55.10928525694849,54.7910048809279,54.996952056884766,8400100,0.0,0.0,4783.35009765625,,406.29473876953125
2023-12-29 05:00:00+00:00,54.987593662877096,55.212260067981326,54.88462007261761,55.16545486450195,9244300,0.0,0.0,4769.830078125,,404.5364074707031
2024-01-02 05:00:00+00:00,55.043762600093025,56.05477221178655,54.922066205128054,55.99860382080078,16322600,0.0,0.0,4742.830078125,,397.69073486328125
2024-01-03 05:00:00+00:00,56.10156771083754,56.35432007002412,55.942425749420316,56.1296501159668,14830600,0.0,0.0,4704.81005859375,,393.48260498046875
2024-01-04 05:00:00+00:00,56.21390375558835,56.41048774348659,55.84881818634649,55.94242858886719,12912900,0.0,0.0,4688.68017578125,,391.4575500488281
2024-01-05 05:00:00+00:00,55.979869740797824,56.120288904455904,55.315226650965926,55.85817337036133,10412800,0.0,0.0,4697.240234375,,391.92181396484375
2024-01-08 05:00:00+00:00,55.86754934747205,56.33560857218545,55.62415655085633,56.27008056640625,11554600,0.0,0.0,4763.5400390625,,400.0220642089844
2024-01-09 05:00:00+00:00,56.15773938710044,56.298154991993215,55.811373038814054,56.16709899902344,10493700,0.0,0.0,4756.5,,400.81231689453125
2024-01-10 05:00:00+00:00,56.37304332003001,56.55090450563439,56.148373364154324,56.35432052612305,12258000,0.0,0.0,4783.4501953125,,403.5288391113281
2024-01-11 05:00:00+00:00,56.4011218341314,56.410481444935236,55.876894353927796,55.98923110961914,13754200,0.0,0.0,4780.240234375,,404.3685302734375
2024-01-12 05:00:00+00:00,56.24199020796124,56.597712597349364,56.0454026473954,56.53218460083008,13218000,0.0,0.0,4783.830078125,,404.5759582519531
2024-01-16 05:00:00+00:00,56.53219058521808,56.56963617890959,56.026685783407856,56.157745361328125,11826900,0.0,0.0,4765.97998046875,,404.5364074707031
2024-01-17 05:00:00+00:00,56.036048967334914,56.363688984614676,55.998603373643405,56.157745361328125,8982100,0.0,0.0,4739.2099609375,,402.2545166015625
2024-01-18 05:00:00+00:00,55.87691007909605,56.38241490894621,55.72713126703028,56.31688690185547,10397700,0.0,0.0,4780.93994140625,,407.96417236328125
2024-01-19 05:00:00+00:00,56.41048886886911,56.42921166394835,55.830096505444516,56.00796127319336,14392600,0.0,0.0,4839.81005859375,,416.0545349121094
2024-01-22 05:00:00+00:00,55.94243335189057,56.23263133802536,55.64287575311,55.76457214355469,14314300,0.0,0.0,4850.43017578125,,416.59783935546875
2024-01-23 05:00:00+00:00,55.727122416121745,56.16709916900148,55.66159441943855,56.02667999267578,14481600,0.0,0.0,4864.60009765625,,418.3265380859375
2024-01-24 05:00:00+00:00,55.97987709763206,55.9892402809772,55.128009534640135,55.146732330322266,16370500,0.0,0.0,4868.5498046875,,420.6479187011719
2024-01-25 05:00:00+00:00,55.24033721011297,55.39011598957425,54.91269724598135,55.38075637817383,14899700,0.0,0.0,4894.16015625,,421.1616516113281
2024-01-26 05:00:00+00:00,55.46500978989994,55.68967975522911,55.35267659273933,55.57734298706055,13025100,0.0,0.0,4890.97021484375,,418.65252685546875
2024-01-29 05:00:00+00:00,55.54925922746241,55.970513170313794,55.39011726193728,55.914344787597656,14547100,0.0,0.0,4927.93017578125,,422.9396667480469
2024-01-30 05:00:00+00:00,56.02668136889191,56.18582334403733,55.652236174505646,56.073490142822266,22061500,0.0,0.0,4924.97021484375,,420.1243591308594
2024-01-31 05:00:00+00:00,56.2607073447655,56.58835088621562,55.50245382145401,55.68967819213867,22837000,0.0,0.0,4845.64990234375,,411.8957214355469
2024-02-01 05:00:00+00:00,55.764565110635964,57.11257413514023,55.56798113079305,57.08449172973633,15870900,0.0,0.0,4906.18994140625,,416.7459716796875
2024-02-02 05:00:00+00:00,56.93471176013003,56.981516958494915,56.382401849005795,56.67259979248047,17544900,0.0,0.0,4958.60986328125,,423.78924560546875
2024-02-05 05:00:00+00:00,56.52282443493193,56.52282443493193,56.05476528094841,56.20454406738281,12759600,0.0,0.0,4942.81005859375,,423.236083984375
2024-02-06 05:00:00+00:00,56.12966182353955,56.21391262750818,55.86754979830759,56.110939025878906,12775200,0.0,0.0,4954.22998046875,,422.3865051269531
2024-02-07 05:00:00+00:00,56.23263297770277,56.363688984614676,56.11093658370956,56.157745361328125,10259900,0.0,0.0,4995.06005859375,,426.73291015625
2024-02-08 05:00:00+00:00,56.064126087423084,56.13901726774007,55.614789718545204,56.00796127319336,12874800,0.0,0.0,4997.91015625,,427.5232849121094
2024-02-09 05:00:00+00:00,55.670956272186864,55.77392985623084,55.25906193601094,55.75520706176758,15235300,0.0,0.0,5026.60986328125,,431.7314147949219
2024-02-12 05:00:00+00:00,55.84881539878567,55.942425796634026,55.193531900823835,55.886260986328125,13516800,0.0,0.0,5021.83984375,,430.04217529296875
2024-02-13 05:00:00+00:00,55.69904345258456,56.784940627475294,55.03440026170494,55.558624267578125,24195700,0.0,0.0,4953.169921875,,423.3348388671875
2024-02-14 05:00:00+00:00,55.390119894268146,55.783291449950276,55.268427082445044,55.50245666503906,15872500,0.0,0.0,5000.6201171875,,427.947998046875
2024-02-15 05:00:00+00:00,55.62414982726572,55.78329180135634,55.35267822371263,55.605430603027344,13695800,0.0,0.0,5029.72998046875,,429.22235107421875
2024-02-16 05:00:00+00:00,55.55862374415413,55.81137613217959,55.19353815178676,55.5960693359375,13947100,0.0,0.0,5005.56982421875,,425.33026123046875
2024-02-20 05:00:00+00:00,55.792647819740154,56.95343605319329,55.708397032062045,56.82238006591797,18339300,0.0,0.0,4975.509765625,,422.1197814941406
2024-02-21 05:00:00+00:00,57.09385510555973,57.365326691068326,56.94407632455203,57.327884674072266,14373000,0.0,0.0,4981.7998046875,,420.43060302734375
2024-02-22 05:00:00+00:00,57.09385449086853,57.33724366825771,56.635154970279046,57.24363327026367,12982800,0.0,0.0,5087.02978515625,,432.73895263671875
2024-02-23 05:00:00+00:00,57.187469831112864,57.6836114111728,57.103219037234,57.290443420410156,13612900,0.0,0.0,5088.7998046875,,431.46466064453125
2024-02-26 05:00:00+00:00,57.32788646201345,57.35596886838829,56.78493613204711,56.83174133300781,10336100,0.0,0.0,5069.52978515625,,431.2374572753906
2024-02-27 05:00:00+00:00,56.672598811911456,56.89726518857876,56.27942729623218,56.485374450683594,9931100,0.0,0.0,5078.18017578125,,432.274658203125
2024-02-28 05:00:00+00:00,56.51345607826951,56.62579283606683,56.223261714812175,56.541542053222656,8076500,0.0,0.0,5069.759765625,,429.97308349609375
2024-02-29 05:00:00+00:00,56.49474255501136,56.766217741054,56.073492142678965,56.18582534790039,18152700,0.0,0.0,5096.27001953125,,433.6576232910156
2024-03-01 05:00:00+00:00,56.07348961508078,56.07348961508078,55.549262062664134,55.72712326049805,10927600,0.0,0.0,5137.080078125,,440.18719482421875
2024-03-04 05:00:00+00:00,55.446280836800305,56.120287086918154,55.43692122599647,55.98923110961914,10150200,0.0,0.0,5130.9501953125,,438.6165466308594
2024-03-05 05:00:00+00:00,56.082851401025714,56.27007578921789,55.62415182850529,55.71776580810547,12310000,0.0,0.0,5078.64990234375,,430.7435302734375
2024-03-06 05:00:00+00:00,55.71776720029735,56.16710360058101,55.586711196590656,55.745849609375,12378800,0.0,0.0,5104.759765625,,433.4502258300781
2024-03-07 05:00:00+00:00,55.876901437536745,55.951792617491726,55.45565104881803,55.64287185668945,13686900,0.0,0.0,5157.35986328125,,440.0292053222656
2024-03-08 05:00:00+00:00,55.51181862399326,55.97051819651368,55.20290141883312,55.71776580810547,13239000,0.0,0.0,5123.68994140625,,433.6773986816406
2024-03-11 04:00:00+00:00,55.96115605173984,56.4385784290417,55.77393523108086,56.39177322387695,14114300,0.0,0.0,5117.93994140625,,432.0672607421875
2024-03-12 04:00:00+00:00,56.466656955005696,56.86918811955728,56.36368336811929,56.63515853881836,12684600,0.0,0.0,5175.27001953125,,438.260986328125
2024-03-13 04:00:00+00:00,56.9908868765833,57.29980407910899,56.91599569354183,57.215553283691406,13909500,0.0,0.0,5165.31005859375,,434.8924255371094
2024-03-14 04:00:00+00:00,57.163655494016496,57.37124637461052,56.99380611925778,57.088165283203125,13996600,0.485,0.0,5150.47998046875,,433.7960205078125
2024-03-15 04:00:00+00:00,56.63523231527436,57.040983181544455,56.27666102889286,56.50312805175781,36849900,0.0,0.0,5117.08984375,,428.6394958496094
2024-03-18 04:00:00+00:00,56.5125619102742,56.993802978763476,56.427637227574394,56.73902893066406,15856700,0.0,0.0,5149.419921875,,432.7276306152344
2024-03-19 04:00:00+00:00,56.842827358041944,56.94662099501241,56.672977989077545,56.83338928222656,15030600,0.0,0.0,5178.509765625,,433.80572509765625
2024-03-20 04:00:00+00:00,56.78621479338504,57.3806876380616,56.76734223963339,57.32406997680664,15258800,0.0,0.0,5224.6201171875,,438.94927978515625
2024-03-21 04:00:00+00:00,57.14478109943701,57.550531970552385,56.9183140738677,57.05985641479492,13067100,0.0,0.0,5241.52978515625,,441.02642822265625
2024-03-22 04:00:00+00:00,57.10703474990761,57.361808798277984,57.022110067117495,57.07872772216797,11502800,0.0,0.0,5234.18017578125,,441.5309143066406
2024-03-25 04:00:00+00:00,57.06928772155994,57.286316659242814,56.72958900185769,56.99380111694336,13144700,0.0,0.0,5218.18994140625,,439.9284973144531
2024-03-26 04:00:00+00:00,57.08816660636496,57.286323014985776,56.97493488709185,57.125911712646484,13277400,0.0,0.0,5203.580078125,,438.504150390625
2024-03-27 04:00:00+00:00,57.36181627354931,57.96572360783626,57.27689157969198,57.588279724121094,12551200,0.0,0.0,5248.490234375,,439.99774169921875
2024-03-28 04:00:00+00:00,57.692067519968546,57.80529922670278,57.55996326218343,57.72981262207031,13683500,0.0,0.0,5254.35009765625,,439.1866455078125
2024-04-01 04:00:00+00:00,57.72981769799751,57.84304941468771,57.21083509696511,57.25801467895508,11668700,0.0,0.0,5243.77001953125,,440.116455078125
2024-04-02 04:00:00+00:00,57.04098514136328,57.30519367747408,56.72015894769817,56.757904052734375,13017300,0.0,0.0,5205.81005859375,,436.3181457519531
2024-04-03 04:00:00+00:00,56.66354257393357,56.984368774867434,56.4087685085239,56.45595169067383,13672900,0.0,0.0,5211.490234375,,437.2973937988281
2024-04-04 04:00:00+00:00,56.70128301704046,56.75790067122162,55.833163650784975,55.955833435058594,14320700,0.0,0.0,5147.2099609375,,430.6108093261719
2024-04-05 04:00:00+00:00,55.90865952008658,56.31441041722761,55.58783331303487,56.153995513916016,10157800,0.0,0.0,5204.33984375,,435.6851501464844
2024-04-08 04:00:00+00:00,56.0501981699501,56.11625030237343,55.73880646032189,55.927528381347656,10284500,0.0,0.0,5202.39013671875,,435.8136901855469
2024-04-09 04:00:00+00:00,56.125690544363486,56.3710301467719,55.79542984831942,56.35215759277344,10779100,0.0,0.0,5209.91015625,,437.4260559082031
2024-04-10 04:00:00+00:00,55.97471101350907,56.04076314953363,55.38023818971657,55.597267150878906,11861900,0.0,0.0,5160.64013671875,,433.6079406738281
2024-04-11 04:00:00+00:00,55.814295314161036,56.02188618263782,55.47459658447209,55.719932556152344,11109000,0.0,0.0,5199.06005859375,,440.5318908691406
2024-04-12 04:00:00+00:00,55.6255726692429,55.682186723735526,54.851816061560584,54.99335479736328,12250900,0.0,0.0,5123.41015625,,433.5090026855469
2024-04-15 04:00:00+00:00,55.30475164495213,55.49347357649932,54.766896479764085,54.86125564575195,12425000,0.0,0.0,5061.81982421875,,426.3773193359375
2024-04-16 04:00:00+00:00,54.96505427599235,55.08772407453125,54.663100617720865,54.785770416259766,11236800,0.0,0.0,5051.41015625,,426.41693115234375
2024-04-17 04:00:00+00:00,54.99335922489964,55.2575713655645,54.82350984860488,55.21038818359375,13805100,0.0,0.0,5022.2099609375,,421.2139892578125
2024-04-18 04:00:00+00:00,55.31418678051702,55.653885541433496,55.238700166741964,55.587833404541016,11125900,0.0,0.0,5011.1201171875,,418.8104553222656
2024-04-19 04:00:00+00:00,55.76711715573386,56.95606281667847,55.67275798880177,56.77677536010742,21207900,0.0,0.0,4967.22998046875,,410.14556884765625
2024-04-22 04:00:00+00:00,56.748467123473446,57.21083567058231,56.352154311298484,57.135345458984375,15624500,0.0,0.0,5010.60009765625,,414.27032470703125
2024-04-23 04:00:00+00:00,57.11647101179273,57.25801335405885,56.739030765035224,57.22026824951172,13689100,0.0,0.0,5070.5498046875,,420.452392578125
2024-04-24 04:00:00+00:00,56.918317757139185,58.17331555588824,56.465387276262,58.07895278930664,19548300,0.0,0.0,5071.6298828125,,421.8767395019531
2024-04-25 04:00:00+00:00,58.380909764969296,59.06030732472704,57.909106703931236,58.258243560791016,19048500,0.0,0.0,5048.419921875,,419.83917236328125
2024-04-26 04:00:00+00:00,58.07895609387067,58.437527428139674,57.89023414954111,58.258243560791016,10994300,0.0,0.0,5099.9599609375,,426.3180236816406
2024-04-29 04:00:00+00:00,58.428085481939156,58.5507552775657,58.060079694630986,58.54132080078125,13409300,0.0,0.0,5116.169921875,,428.0489807128906
2024-04-30 04:00:00+00:00,58.63567418484722,59.28676460548513,58.00345991505973,58.28654098510742,19349200,0.0,0.0,5035.68994140625,,419.9776306152344
2024-05-01 04:00:00+00:00,58.31484928727413,59.041426329344596,57.758121610860194,58.43751907348633,16729800,0.0,0.0,5018.39013671875,,416.9409484863281
2024-05-02 04:00:00+00:00,58.67342447865947,58.88101896152831,58.239366559544074,58.494140625,10991300,0.0,0.0,5064.2001953125,,422.2624816894531
2024-05-03 04:00:00+00:00,58.494144232876785,58.81497045365724,58.16387993525394,58.66399002075195,11628700,0.0,0.0,5127.7900390625,,430.74932861328125
2024-05-06 04:00:00+00:00,58.786659831000165,58.862150047463466,58.4092195473986,58.833839416503906,9310700,0.0,0.0,5180.740234375,,435.4674987792969
2024-05-07 04:00:00+00:00,59.220712054560074,59.277329711436685,58.73947456960839,59.08860778808594,9807000,0.0,0.0,5187.7001953125,,435.53680419921875
2024-05-08 04:00:00+00:00,59.305633544921875,59.418868852574406,58.95650034525433,59.305633544921875,10484400,0.0,0.0,5187.669921875,,435.279541015625
2024-05-09 04:00:00+00:00,59.26789409605967,59.58872027971889,59.21127644027114,59.333946228027344,9113700,0.0,0.0,5214.080078125,,436.2291259765625
2024-05-10 04:00:00+00:00,59.3716939244818,59.78688291109067,59.24902772350335,59.69252014160156,8371700,0.0,0.0,5222.68017578125,,437.25787353515625
2024-05-13 04:00:00+00:00,59.67364631274948,60.03221400880319,59.61702865568091,59.99447250366211,10137600,0.0,0.0,5221.419921875,,438.26678466796875
2024-05-14 04:00:00+00:00,59.994479981782675,60.164325775016515,59.25846474643452,59.54154586791992,10852200,0.0,0.0,5246.68017578125,,441.0857849121094
2024-05-15 04:00:00+00:00,59.50379878612179,59.81518691072574,59.4471811272977,59.56985092163086,9838900,0.0,0.0,5308.14990234375,,447.9801025390625
2024-05-16 04:00:00+00:00,59.67364745242557,60.136012395483135,59.513232554119924,59.7491340637207,10228000,0.0,0.0,5297.10009765625,,447.070068359375
2024-05-17 04:00:00+00:00,59.768002086252665,59.796309113396354,59.39055825967165,59.47548294067383,11539000,0.0,0.0,5303.27001953125,,446.8524169921875
2024-05-20 04:00:00+00:00,59.38113018764473,59.45661680135896,58.937634183519826,59.04143142700195,11000900,0.0,0.0,5308.1298828125,,449.96826171875
2024-05-21 04:00:00+00:00,59.2773304099056,59.42830723045091,58.91875911127123,59.36225509643555,9796200,0.0,0.0,5321.41015625,,450.8485412597656
2024-05-22 04:00:00+00:00,59.17353887786111,59.46605807069217,59.12635929181009,59.44718551635742,7419400,0.0,0.0,5307.009765625,,450.75958251953125
2024-05-23 04:00:00+00:00,58.965941004772375,59.333946771842655,58.55075205766027,58.588497161865234,9834300,0.0,0.0,5267.83984375,,448.73187255859375
2024-05-24 04:00:00+00:00,58.711172679848524,58.899891020146185,58.47527115490483,58.503578186035156,8203100,0.0,0.0,5304.72021484375,,452.97528076171875
2024-05-28 04:00:00+00:00,58.3054179463115,58.626244143183506,57.9374121674583,58.33372497558594,12347000,0.0,0.0,5306.0400390625,,454.6864013671875
2024-05-29 04:00:00+00:00,58.0034681601418,58.39034651743426,57.62602428004455,58.220497131347656,11861800,0.0,0.0,5266.9501953125,,451.48162841796875
2024-05-30 04:00:00+00:00,58.36203019021001,58.57906273980376,58.126128688067574,58.47526550292969,9433800,0.0,0.0,5235.47998046875,,446.64471435546875
2024-05-31 04:00:00+00:00,58.49413805165024,59.47548556483158,58.21105336943876,59.381126403808594,19816600,0.0,0.0,5277.509765625,,445.8138427734375
2024-06-03 04:00:00+00:00,59.17353193007251,59.53210322118812,58.92819595166999,59.381126403808594,9369000,0.0,0.0,5283.39990234375,,448.20758056640625
2024-06-04 04:00:00+00:00,59.63590104307771,60.36247810871038,59.39056146269718,60.33416748046875,11895600,0.0,0.0,5291.33984375,,449.4341125488281
2024-06-05 04:00:00+00:00,60.38135190730872,60.45683851851144,59.77744101983007,60.3152961730957,9632500,0.0,0.0,5354.02978515625,,458.4945983886719
2024-06-06 04:00:00+00:00,60.31529700016031,60.730485965968306,60.23981038792248,60.53232955932617,8658500,0.0,0.0,5352.9599609375,,458.33636474609375
2024-06-07 04:00:00+00:00,60.475715854795396,60.59838926409401,60.211510879176,60.305870056152344,9523100,0.0,0.0,5346.990234375,,457.9307861328125
2024-06-10 04:00:00+00:00,60.33417074898016,60.38135393208186,59.79631557767859,60.003910064697266,15685300,0.0,0.0,5360.7900390625,,459.7804870605469
2024-06-11 04:00:00+00:00,60.00390874107404,60.06052639980425,59.51323316412646,59.966163635253906,8396000,0.0,0.0,5375.31982421875,,462.9358825683594
2024-06-12 04:00:00+00:00,60.09826478353076,60.09826478353076,59.15465878448261,59.333946228027344,9569600,0.0,0.0,5421.02978515625,,468.999267578125
2024-06-13 04:00:00+00:00,59.315074351472056,59.48492372120036,58.92819603144008,59.437744140625,9668900,0.0,0.0,5433.740234375,,471.5413513183594
2024-06-14 04:00:00+00:00,59.318877613871116,59.61366291242766,59.04310767925228,59.480533599853516,8179200,0.485,0.0,5431.60009765625,,473.9844970703125
2024-06-17 04:00:00+00:00,59.309368108168535,59.81336232788645,59.128693125251885,59.54710006713867,10532700,0.0,0.0,5473.22998046875,,479.79071044921875
2024-06-18 04:00:00+00:00,59.46151134075345,59.737281260217564,59.37592769773015,59.55660629272461,10651700,0.0,0.0,5487.02978515625,,479.9391174316406
2024-06-20 04:00:00+00:00,59.337894081690195,59.6612096674062,58.909975861257024,59.12868881225586,13306300,0.0,0.0,5473.169921875,,476.2397766113281
2024-06-21 04:00:00+00:00,59.12869167280697,60.003543519126225,59.12869167280697,59.68973922729492,28278100,0.0,0.0,5464.6201171875,,474.96380615234375
2024-06-24 04:00:00+00:00,59.898943700124796,60.91643252811763,59.82286773494682,60.83085250854492,13212500,0.0,0.0,5447.8701171875,,469.55645751953125
2024-06-25 04:00:00+00:00,60.80232094124771,60.92594256833585,60.393421705688276,60.70722961425781,10235300,0.0,0.0,5469.2998046875,,474.92608642578125
2024-06-26 04:00:00+00:00,60.28882826577814,60.96398618127377,60.12716864196117,60.90693283081055,9402500,0.0,0.0,5477.89990234375,,475.90692138671875
2024-06-27 04:00:00+00:00,60.9069328448563,61.116130881604306,60.49802994393129,60.773799896240234,8494100,0.0,0.0,5482.8701171875,,477.1353759765625
2024-06-28 04:00:00+00:00,60.7642898802241,60.916434560653144,60.40293628857516,60.52655792236328,17358800,0.0,0.0,5460.47998046875,,474.6585998535156
2024-07-01 04:00:00+00:00,60.88790516173479,61.144659727536535,60.022561018946256,60.17470932006836,10033400,0.0,0.0,5475.08984375,,477.4425354003906
2024-07-02 04:00:00+00:00,60.15569306961756,60.26980702128427,59.77532411323392,60.05109405517578,8878200,0.0,0.0,5509.009765625,,482.4554748535156
2024-07-03 04:00:00+00:00,60.08913038819107,60.545575327367246,59.841890739783864,60.22226333618164,9154200,0.0,0.0,5537.02001953125,,486.4778137207031
2024-07-05 04:00:00+00:00,60.22226129127119,60.65968722302403,59.90845336577342,60.63115692138672,11735500,0.0,0.0,5567.18994140625,,491.5502014160156
2024-07-08 04:00:00+00:00,60.46950027676044,60.46950027676044,59.75630441107802,59.87041473388672,11235100,0.0,0.0,5572.85009765625,,492.7192077636719
2024-07-09 04:00:00+00:00,59.96550478175369,60.12716075686911,59.51856758172627,59.6136589050293,11657500,0.0,0.0,5576.97998046875,,493.14520263671875
2024-07-10 04:00:00+00:00,59.64219301547801,59.775322327610496,59.23329376964153,59.746795654296875,11930400,0.0,0.0,5633.91015625,,498.2870178222656
2024-07-11 04:00:00+00:00,59.566117928160665,60.34587844857706,59.33789728328363,60.003543853759766,11431600,0.0,0.0,5584.5400390625,,487.3594665527344
2024-07-12 04:00:00+00:00,60.345876230395014,60.963980740261825,60.27931157579417,60.574100494384766,9201500,0.0,0.0,5615.35009765625,,490.2226257324219
2024-07-15 04:00:00+00:00,60.65968579742061,60.802322792247736,60.24127523992359,60.29833221435547,8207500,0.0,0.0,5631.22021484375,,491.540283203125
2024-07-16 04:00:00+00:00,60.31735490286205,61.15416881414347,60.279316917576004,61.11613082885742,9025100,0.0,0.0,5667.2001953125,,491.7285461425781
2024-07-17 04:00:00+00:00,61.306313810959224,62.18116560842991,61.24926046699467,62.0099983215332,12508200,0.0,0.0,5588.27001953125,,477.29388427734375
2024-07-18 04:00:00+00:00,61.62012081528988,62.580552614718954,61.544044854443136,61.99098205566406,11128200,0.0,0.0,5544.58984375,,475.0350646972656
2024-07-19 04:00:00+00:00,62.418901931971334,62.418901931971334,61.63914140467994,62.08607864379883,13775700,0.0,0.0,5505.0,,470.8245544433594
2024-07-22 04:00:00+00:00,62.048035578046516,62.08607355857978,61.163672481906424,61.59158706665039,11794200,0.0,0.0,5564.41015625,,477.83880615234375
2024-07-23 04:00:00+00:00,62.21920743801274,62.79927398754286,61.66766756222942,61.77227020263672,11810300,0.0,0.0,5555.740234375,,476.1545715332031
2024-07-24 04:00:00+00:00,61.89589334478534,62.732714537502865,61.64865731512253,62.580562591552734,13244600,0.0,0.0,5427.1298828125,,459.0747375488281
2024-07-25 04:00:00+00:00,62.799270263979786,63.60755741056204,62.62810297664446,62.827796936035156,16328600,0.0,0.0,5399.22021484375,,454.0122375488281
2024-07-26 04:00:00+00:00,62.82780729613715,63.81677320215148,62.77075394261849,63.75971984863281,13530100,0.0,0.0,5459.10009765625,,458.6685791015625
2024-07-29 04:00:00+00:00,63.59805626387943,63.74069690195192,63.13210361751321,63.550514221191406,12140200,0.0,0.0,5463.5400390625,,459.5899353027344
2024-07-30 04:00:00+00:00,63.217692177815984,64.50144343636052,63.10357821405482,64.35880279541016,13258000,0.0,0.0,5436.43994140625,,453.2791442871094
2024-07-31 04:00:00+00:00,64.18763106949277,64.29223371533965,63.34130584764347,63.46492385864258,15576800,0.0,0.0,5522.2998046875,,466.69329833984375
2024-08-01 04:00:00+00:00,63.71217109602271,64.76770167517806,63.42688981597909,64.62506103515625,16495900,0.0,0.0,5446.68017578125,,455.3893127441406
2024-08-02 04:00:00+00:00,65.16708832925471,66.25114556322272,64.36831236949055,65.9278335571289,22514800,0.0,0.0,5346.56005859375,,444.5806884765625
2024-08-05 04:00:00+00:00,65.60450383309416,66.13702830967809,64.40634008453712,64.7581787109375,25484300,0.0,0.0,5186.330078125,,431.32501220703125
2024-08-06 04:00:00+00:00,64.80573128299704,65.46186653424738,64.44437407433401,64.71063995361328,12969100,0.0,0.0,5240.02978515625,,435.4463195800781
2024-08-07 04:00:00+00:00,64.71064064182833,65.78518645979938,64.50143536195706,65.10051727294922,13365300,0.0,0.0,5199.5,,430.7305603027344
2024-08-08 04:00:00+00:00,64.66308881789237,65.48088728628362,64.52044820038168,65.35726928710938,15240900,0.0,0.0,5319.31005859375,,443.9070129394531
2024-08-09 04:00:00+00:00,65.32873063295358,65.41431789926887,64.90081606638506,65.3097152709961,12080400,0.0,0.0,5344.16015625,,446.2252502441406
2024-08-12 04:00:00+00:00,65.09101145719748,65.17659874027919,64.50144080598514,64.82475280761719,11012300,0.0,0.0,5344.39013671875,,447.1862487792969
2024-08-13 04:00:00+00:00,64.73916731544651,65.24315789604358,64.6726026586696,65.10051727294922,9877600,0.0,0.0,5434.43017578125,,458.28216552734375
2024-08-14 04:00:00+00:00,64.88179925820148,65.50940775884597,64.78670068552587,65.2146224975586,14328000,0.0,0.0,5455.2099609375,,458.4307861328125
2024-08-15 04:00:00+00:00,65.25267754636826,65.53795157401807,65.13856358230571,65.28120422363281,11285100,0.0,0.0,5543.22021484375,,470.01220703125
2024-08-16 04:00:00+00:00,65.46187512861582,65.89930836021702,65.27169244487955,65.78519439697266,12651200,0.0,0.0,5554.25,,470.61651611328125
2024-08-19 04:00:00+00:00,65.94684752515286,66.01341218705552,65.47138358156127,65.59500885009766,9843900,0.0,0.0,5608.25,,476.7985534667969
2024-08-20 04:00:00+00:00,65.60451861596461,65.98489125494854,65.39531330177323,65.97537994384766,11957400,0.0,0.0,5597.1201171875,,475.7979431152344
2024-08-21 04:00:00+00:00,66.07046399030598,66.68856123061511,65.92782337523347,66.15604400634766,8792400,0.0,0.0,5620.85009765625,,478.0170593261719
2024-08-22 04:00:00+00:00,66.48887754005789,66.48887754005789,65.41433161656445,65.9278335571289,12509200,0.0,0.0,5570.64013671875,,470.438232421875
2024-08-23 04:00:00+00:00,65.9943959723544,66.4223106140792,65.55697002047904,66.3652572631836,11834700,0.0,0.0,5634.60986328125,,475.54034423828125
2024-08-26 04:00:00+00:00,66.40329187360597,67.43979972221273,66.30820054194535,67.36372375488281,12912200,0.0,0.0,5616.83984375,,470.9236755371094
2024-08-27 04:00:00+00:00,67.82016572542489,68.0198596790433,67.56341842934489,67.9913330078125,16988400,0.0,0.0,5625.7998046875,,472.3304443359375
2024-08-28 04:00:00+00:00,68.09594325350196,68.28612591964209,67.80115794448363,68.22907257080078,13272600,0.0,0.0,5592.18017578125,,466.9707336425781
2024-08-29 04:00:00+00:00,68.3717178836253,68.67601452330607,67.73459792788806,68.51435852050781,17201700,0.0,0.0,5591.9599609375,,466.287109375
2024-08-30 04:00:00+00:00,68.65697988359211,69.00882575897585,68.2575919742395,68.91373443603516,18624200,0.0,0.0,5648.39990234375,,471.8449401855469
2024-09-03 04:00:00+00:00,68.885209926083,69.69349707894501,68.70453132832446,69.42723846435547,14755800,0.0,0.0,5528.93017578125,,457.5193176269531
2024-09-04 04:00:00+00:00,69.70301280128838,69.92172213926176,68.38122369874175,68.99932098388672,18140800,0.0,0.0,5520.06982421875,,456.3304443359375
2024-09-05 04:00:00+00:00,69.05637023092157,69.11342356970566,67.49684942746941,67.67752075195312,23866100,0.0,0.0,5503.41015625,,456.75653076171875
2024-09-06 04:00:00+00:00,67.50636145637993,68.15299264067347,67.41127012883744,67.64900207519531,17485700,0.0,0.0,5408.419921875,,444.5212097167969
2024-09-09 04:00:00+00:00,67.7345947137727,68.76159128958507,67.49686274858396,68.32416534423828,12939300,0.0,0.0,5471.0498046875,,450.23760986328125
2024-09-10 04:00:00+00:00,68.4382826330914,68.86619728927414,68.01036072190452,68.03889465332031,10277600,0.0,0.0,5495.52001953125,,454.3986511230469
2024-09-11 04:00:00+00:00,67.85821574434752,67.8677270547795,67.10698183031207,67.59195709228516,11418200,0.0,0.0,5554.1298828125,,464.2660827636719
2024-09-12 04:00:00+00:00,67.51586443777963,67.87721433987112,67.19255251301392,67.73458099365234,12337800,0.0,0.0,5595.759765625,,468.82330322265625
2024-09-13 04:00:00+00:00,67.82554032497306,68.42873659534432,67.48086613371328,68.37129211425781,11073800,0.485,0.0,5626.02001953125,,470.9236755371094
2024-09-16 04:00:00+00:00,68.71597733931662,69.16597865939342,68.57236611354054,69.03193664550781,10786500,0.0,0.0,5633.08984375,,468.8431396484375
2024-09-17 04:00:00+00:00,68.84044080992071,69.27128903833085,68.66810005760847,68.74469757080078,12974400,0.0,0.0,5634.580078125,,469.0908203125
2024-09-18 04:00:00+00:00,68.83086511743569,69.30001210805048,68.23724534021015,68.69682312011719,10719700,0.0,0.0,5618.259765625,,467.0599060058594
2024-09-19 04:00:00+00:00,68.51490147777433,68.87873599419747,67.59575328135998,67.61490631103516,13635600,0.0,0.0,5713.64013671875,,478.86907958984375
2024-09-20 04:00:00+00:00,67.41384366364292,68.7446943478156,67.38511411898706,68.59149932861328,48578500,0.0,0.0,5702.5498046875,,477.9576416015625
2024-09-23 04:00:00+00:00,68.50534020589392,69.12767495238171,68.1510821632579,68.67768096923828,11613000,0.0,0.0,5718.56982421875,,479.2245788574219
2024-09-24 04:00:00+00:00,68.18937324382755,68.7638399553737,67.59575350254353,68.29469299316406,13330600,0.0,0.0,5732.93017578125,,481.5361328125
2024-09-25 04:00:00+00:00,68.65852230643387,68.8595852963889,68.2755420521068,68.40958404541016,12329100,0.0,0.0,5722.259765625,,481.98260498046875
2024-09-26 04:00:00+00:00,67.84470253952384,68.5627878692777,67.82554950674171,68.36172485351562,10815200,0.0,0.0,5745.3701171875,,485.6037902832031
2024-09-27 04:00:00+00:00,68.49576852766032,69.12767983472598,68.4191710041548,68.7351303100586,11175700,0.0,0.0,5738.169921875,,482.9052734375
2024-09-30 04:00:00+00:00,68.93618891680222,69.12767540856343,68.63938266314992,68.8021469116211,18015300,0.0,0.0,5762.47998046875,,484.21484375
2024-10-01 04:00:00+00:00,69.03192730555074,69.65426931709843,68.5819260463587,68.65852355957031,13294500,0.0,0.0,5708.75,,477.4685363769531
2024-10-02 04:00:00+00:00,68.35213898851863,68.39043774410301,67.4138450432939,67.98831176757812,11155500,0.0,0.0,5709.5400390625,,478.1431884765625
2024-10-03 04:00:00+00:00,67.84469317937642,67.96915865632161,67.21277467009921,67.51915740966797,9374800,0.0,0.0,5699.93994140625,,477.7860107421875
2024-10-04 04:00:00+00:00,66.98299613495243,67.2893789051368,66.7532108834995,67.1840591430664,12684800,0.0,0.0,5751.06982421875,,483.47076416015625
2024-10-07 04:00:00+00:00,67.0691711366084,67.11703910794957,65.93938328562702,66.07342529296875,14512000,0.0,0.0,5695.93994140625,,478.29205322265625
2024-10-08 04:00:00+00:00,66.10214878602338,66.48512908769857,65.92980801550662,66.23619079589844,13549700,0.0,0.0,5751.1298828125,,485.4351501464844
2024-10-09 04:00:00+00:00,66.24575379888533,66.77234521462125,66.13085754039777,66.60958099365234,9037700,0.0,0.0,5792.0400390625,,489.2547302246094
2024-10-10 04:00:00+00:00,66.85853612606685,66.93513365107712,66.05427672294311,66.30321502685547,8635200,0.0,0.0,5780.0498046875,,488.6991271972656
2024-10-11 04:00:00+00:00,66.50426124955712,66.62872671769684,66.06383654913174,66.60958099365234,8786300,0.0,0.0,5815.02978515625,,489.46307373046875
2024-10-14 04:00:00+00:00,66.60957851076115,67.47128215544718,66.51383528462713,67.34680938720703,7659300,0.0,0.0,5859.85009765625,,493.5703430175781
2024-10-15 04:00:00+00:00,67.46170564141181,68.17979079452684,67.17447596300974,67.34680938720703,10358700,0.0,0.0,5815.259765625,,486.9728698730469
2024-10-16 04:00:00+00:00,67.10745410420505,67.69149733578637,66.99256514372388,67.56703186035156,7937300,0.0,0.0,5842.47021484375,,487.03240966796875
2024-10-17 04:00:00+00:00,67.62448464606771,67.68193643810501,66.61916959468407,66.92555236816406,14674600,0.0,0.0,5841.47021484375,,487.3697204589844
2024-10-18 04:00:00+00:00,66.89682901289746,67.54789330881646,66.64789073084981,67.44257354736328,15087500,0.0,0.0,5864.669921875,,490.56427001953125
2024-10-21 04:00:00+00:00,67.0212810132979,67.33724023406958,66.36064033436432,66.49468231201172,11981200,0.0,0.0,5853.97998046875,,491.5068359375
2024-10-22 04:00:00+00:00,66.06383414167935,66.78191929539325,65.75745143495101,66.49468231201172,18603300,0.0,0.0,5851.2001953125,,492.04254150390625
2024-10-23 04:00:00+00:00,64.13937436695458,65.77660790843316,63.74682488389981,65.11597442626953,24655200,0.0,0.0,5797.419921875,,484.50250244140625
2024-10-24 04:00:00+00:00,64.77128507307735,65.14468878446651,64.1010678516746,64.4361801147461,17568800,0.0,0.0,5809.85986328125,,488.4312438964844
2024-10-25 04:00:00+00:00,64.21596805494282,64.81915701698648,63.947884071812304,64.07234954833984,11138100,0.0,0.0,5808.1201171875,,491.4075927734375
2024-10-28 04:00:00+00:00,64.11065307253256,64.53193210864004,63.76597155294304,63.83299255371094,10761400,0.0,0.0,5823.52001953125,,491.4869384765625
2024-10-29 04:00:00+00:00,63.469153505777406,63.51702146614453,62.73191532967292,62.77021408081055,16525900,0.0,0.0,5832.919921875,,496.2093811035156
2024-10-30 04:00:00+00:00,62.72235303718343,63.70852224732298,62.540435775403665,63.11490249633789,14177800,0.0,0.0,5813.669921875,,492.4591979980469
2024-10-31 04:00:00+00:00,63.009584398340216,63.18192514961592,62.48299293397729,62.530860900878906,13383700,0.0,0.0,5705.4501953125,,480.0281982421875
2024-11-01 04:00:00+00:00,62.684054184423,62.865971445920096,62.128733189661816,62.243629455566406,12163100,0.0,0.0,5728.7998046875,,483.5799255371094
2024-11-04 05:00:00+00:00,62.31065230109262,62.6361807737092,61.89894980030402,62.33937454223633,10984500,0.0,0.0,5712.68994140625,,482.1711120605469
2024-11-05 05:00:00+00:00,61.88937074863593,62.68405347650143,61.88937074863593,62.58831024169922,8780200,0.0,0.0,5782.759765625,,488.3221740722656
2024-11-06 05:00:00+00:00,61.67873158293833,62.100010584036106,60.49149939453807,60.98937225341797,22899300,0.0,0.0,5929.0400390625,,501.5865173339844
2024-11-07 05:00:00+00:00,61.55426914650303,61.65001238655022,60.89362837211775,60.95107650756836,14856100,0.0,0.0,5973.10009765625,,509.48358154296875
2024-11-08 05:00:00+00:00,61.19043934380518,61.50639496345322,61.027675102368136,61.20001220703125,14719300,0.0,0.0,5995.5400390625,,510.0789489746094
2024-11-11 05:00:00+00:00,61.26703772035306,61.391506858265,60.5585253034358,60.66384506225586,13980900,0.0,0.0,6001.35009765625,,509.7813415527344
2024-11-12 05:00:00+00:00,60.97022859638592,61.03724959787237,60.43405693212373,60.51065444946289,15021000,0.0,0.0,5983.990234375,,508.858642578125
2024-11-13 05:00:00+00:00,60.367032080524254,60.568095072160105,59.83086410282865,60.31916046142578,13177600,0.0,0.0,5985.3798828125,,508.203857421875
2024-11-14 05:00:00+00:00,60.4244811168293,60.4244811168293,59.77341686073432,59.888309478759766,15910800,0.0,0.0,5949.169921875,,504.6720275878906
2024-11-15 05:00:00+00:00,59.830866800625344,59.96490880109325,58.77767287111786,59.1127815246582,26284300,0.0,0.0,5870.6201171875,,492.647705078125
2024-11-18 05:00:00+00:00,59.2180922474038,59.49575273877335,58.94043540840452,59.22766876220703,16062100,0.0,0.0,5893.6201171875,,496.0704650878906
2024-11-19 05:00:00+00:00,59.26596813869299,59.95532746458,59.0074570218465,59.926605224609375,16254800,0.0,0.0,5916.97998046875,,499.4832763671875
2024-11-20 05:00:00+00:00,60.03193267080209,60.328738928205084,59.380868363948586,60.309593200683594,18904900,0.0,0.0,5917.10986328125,,499.1955871582031
2024-11-21 05:00:00+00:00,60.46278196849085,61.09469686808056,60.271291830233544,61.04682159423828,17292300,0.0,0.0,5948.7099609375,,500.9913330078125
2024-11-22 05:00:00+00:00,61.50639496345322,61.736187509325525,60.941504723851295,61.20001220703125,19562200,0.0,0.0,5969.33984375,,501.79486083984375
2024-11-25 05:00:00+00:00,61.5829935946955,61.9563973575781,61.12341945173456,61.640438079833984,36805300,0.0,0.0,5987.3701171875,,502.58856201171875
2024-11-26 05:00:00+00:00,61.57341485572155,61.88937412205747,61.334053103298764,61.80320739746094,14473300,0.0,0.0,6021.6298828125,,505.28704833984375
2024-11-27 05:00:00+00:00,62.19575444236716,62.329796434106306,61.51596796862132,61.68830871582031,13263400,0.0,0.0,5998.740234375,,501.3087463378906
2024-11-29 05:00:00+00:00,61.76066256906256,61.98254886181771,61.519489016209725,61.81855010986328,10648400,0.485,0.0,6032.3798828125,,505.7136535644531
2024-12-02 05:00:00+00:00,61.789605874536356,61.92466452710289,61.11430525155915,61.40372085571289,16500100,0.0,0.0,6047.14990234375,,511.2198486328125
2024-12-03 05:00:00+00:00,61.47124755487682,61.81854332096098,60.80559610985814,61.27830505371094,24874500,0.0,0.0,6049.8798828125,,512.7872924804688
2024-12-04 05:00:00+00:00,61.046776005912434,61.1143053322849,59.715480417364745,60.0145378112793,28137700,0.0,0.0,6086.490234375,,519.1268920898438
2024-12-05 05:00:00+00:00,60.26536590501053,60.89242447930745,59.908420963872366,60.69948196411133,21040400,0.0,0.0,6075.10986328125,,517.6883544921875
2024-12-06 05:00:00+00:00,60.612665447636694,61.12396001648866,60.30395519617354,60.32324981689453,15581100,0.0,0.0,6090.27001953125,,522.3214721679688
2024-12-09 05:00:00+00:00,60.47760153885379,60.709133301446414,59.71548428047989,60.390777587890625,22348300,0.0,0.0,6052.85009765625,,518.2538452148438
2024-12-10 05:00:00+00:00,60.487246616144425,60.81524777768933,59.60936169554958,60.68983459472656,14949400,0.0,0.0,6034.91015625,,516.4878540039062
2024-12-11 05:00:00+00:00,60.77666287064498,61.38443052977174,60.19783898200118,60.42936706542969,32819000,0.0,0.0,6084.18994140625,,525.7343139648438
2024-12-12 05:00:00+00:00,61.30724679439633,61.66418803913349,60.98889478694756,61.587013244628906,17542100,0.0,0.0,6051.25,,522.3412475585938
2024-12-13 05:00:00+00:00,61.32654528382393,61.58701713185267,60.88278006721458,60.892425537109375,13429000,0.0,0.0,6051.08984375,,526.3394775390625
2024-12-16 05:00:00+00:00,60.998539228834424,61.60630682563735,60.14959442314947,60.34253692626953,24559700,0.0,0.0,6074.080078125,,533.9191284179688
2024-12-17 05:00:00+00:00,60.24607008167356,61.30724837393967,60.12065689729117,61.16254425048828,21902400,0.0,0.0,6050.60986328125,,531.56787109375
2024-12-18 05:00:00+00:00,60.59336863314286,61.39407512367494,60.57407401312043,60.631954193115234,20946100,0.0,0.0,5872.16015625,,512.3905029296875
2024-12-19 05:00:00+00:00,60.48724808409744,60.940658759536575,60.19783615337467,60.246070861816406,21300600,0.0,0.0,5867.080078125,,510.1087341308594
2024-12-20 05:00:00+00:00,60.265362133064805,60.834540493229284,60.08206509906828,60.34253692626953,42458100,0.0,0.0,5930.85009765625,,514.5631713867188
2024-12-23 05:00:00+00:00,60.29430330805429,60.54512599058402,59.35853454309018,60.17853927612305,13010800,0.0,0.0,5974.06982421875,,519.5764770507812
2024-12-24 05:00:00+00:00,60.00488994680128,60.6223030090332,59.82159291390158,60.6223030090332,5019100,0.0,0.0,6040.0400390625,,526.6218872070312
2024-12-26 05:00:00+00:00,60.41006637089729,60.52583408104363,60.19783292910666,60.36183166503906,7943800,0.0,0.0,6037.58984375,,526.2640991210938
2024-12-27 05:00:00+00:00,60.246070861816406,60.72842530637847,60.01453910919477,60.246070861816406,8542800,0.0,0.0,5970.83984375,,519.2684326171875
2024-12-30 05:00:00+00:00,60.1399538800838,60.1399538800838,59.50324614368546,59.84089279174805,8972200,0.0,0.0,5906.93994140625,,512.3621215820312
2024-12-31 05:00:00+00:00,59.83124658241367,60.22677708528704,59.619009446212985,60.062774658203125,9256700,0.0,0.0,5881.6298828125,,508.0097961425781
2025-01-02 05:00:00+00:00,60.14960033810159,60.53548538228861,59.445363260521916,59.65760040283203,12991000,0.0,0.0,5868.5498046875,,507.0160827636719
2025-01-03 05:00:00+00:00,59.715481884191696,59.88912977914982,59.44536089199441,59.57077407836914,10403200,0.0,0.0,5942.47021484375,,515.3134765625
2025-01-06 05:00:00+00:00,59.329599716504205,59.397129047791985,58.519244060978316,58.6639518737793,17924200,0.0,0.0,5975.3798828125,,521.23583984375
2025-01-07 05:00:00+00:00,58.95336201425937,59.5418350375256,58.4806530296459,58.69289016723633,17799600,0.0,0.0,5909.02978515625,,511.934814453125
2025-01-08 05:00:00+00:00,58.837592933664794,59.5900646405352,58.77970907926241,59.53218078613281,14412400,0.0,0.0,5918.25,,512.0242919921875
2025-01-10 05:00:00+00:00,59.406775631904296,59.474304960275106,58.58677086157361,58.914772033691406,22425000,0.0,0.0,5827.0400390625,,503.9952392578125
2025-01-13 05:00:00+00:00,58.972655137688925,59.66724303205363,58.567475492576534,59.47430419921875,18016200,0.0,0.0,5836.22021484375,,502.3754577636719
2025-01-14 05:00:00+00:00,59.48394596275902,59.87947643354323,59.13665019717833,59.85053634643555,16658300,0.0,0.0,5842.91015625,,501.89849853515625
2025-01-15 05:00:00+00:00,60.13030327326165,60.41006603772529,59.50324106034658,59.590065002441406,16187200,0.0,0.0,5949.91015625,,513.4452514648438
2025-01-16 05:00:00+00:00,59.252417158532744,60.10136199640937,59.15594774335071,60.05312728881836,12585500,0.0,0.0,5937.33984375,,509.84814453125
2025-01-17 05:00:00+00:00,60.1110096902729,60.554774877479346,59.97594736018762,60.496891021728516,17948900,0.0,0.0,5996.66015625,,518.4534912109375
2025-01-21 05:00:00+00:00,60.68019227167805,60.99854430023249,60.10136471419436,60.21712875366211,19817100,0.0,0.0,6049.240234375,,521.4943237304688
2025-01-22 05:00:00+00:00,59.92771736810332,60.09171979892951,59.48395214598716,59.59971618652344,18191900,0.0,0.0,6086.3701171875,,528.1620483398438
2025-01-23 05:00:00+00:00,59.61900760386993,59.79265549538217,59.20418249415427,59.35853576660156,16528400,0.0,0.0,6118.7099609375,,529.284912109375
2025-01-24 05:00:00+00:00,59.5418290953429,59.82159185416114,59.27170812534752,59.73476791381836,19244600,0.0,0.0,6101.240234375,,526.2938232421875
2025-01-27 05:00:00+00:00,60.65125022434753,61.9150202646778,60.26536885513789,61.61595916748047,20742900,0.0,0.0,6012.27978515625,,510.9710388183594
2025-01-28 05:00:00+00:00,61.26866139300868,61.779959618910745,60.082069872641995,60.15924835205078,14956000,0.0,0.0,6067.7001953125,,518.5231323242188
2025-01-29 05:00:00+00:00,60.3521876204764,61.123953972641615,60.34253847103369,60.6126594543457,11325600,0.0,0.0,6039.31005859375,,517.5492553710938
2025-01-30 05:00:00+00:00,61.596654200011855,62.02112841893367,60.9985357861616,61.78960037231445,13201000,0.0,0.0,6071.169921875,,519.7552490234375
2025-01-31 05:00:00+00:00,61.45195652254309,61.673839123805706,61.152895444281825,61.23971939086914,12096800,0.0,0.0,6040.52978515625,,519.0001220703125
2025-02-03 05:00:00+00:00,60.950304852375986,61.384424566723546,60.226773221820785,61.11430358886719,12067900,0.0,0.0,5994.56982421875,,514.846435546875
2025-02-04 05:00:00+00:00,61.36513021365277,61.384424832159674,60.14959500822344,60.45830154418945,15678000,0.0,0.0,6037.8798828125,,521.1663818359375
2025-02-05 05:00:00+00:00,60.50654418008612,61.056427965900404,60.38113099101914,60.892425537109375,10686800,0.0,0.0,6061.47998046875,,523.5313720703125
2025-02-06 05:00:00+00:00,61.374777460659885,61.49054517505463,60.68983504414969,61.12395477294922,13423400,0.0,0.0,6083.56982421875,,526.2640991210938
2025-02-07 05:00:00+00:00,61.19148276260334,61.66418803913349,61.03712949352195,61.587013244628906,13184700,0.0,0.0,6025.990234375,,519.6261596679688
2025-02-10 05:00:00+00:00,61.83783779962454,62.36843062822857,61.41336721681364,62.2719612121582,16154300,0.0,0.0,6066.43994140625,,525.9161987304688
2025-02-11 05:00:00+00:00,65.11784790801659,65.28184664742432,64.0663187857787,65.21431732177734,30589100,0.0,0.0,6068.5,,524.6641845703125
2025-02-12 05:00:00+00:00,64.51008032601652,66.39125954838495,64.51008032601652,66.28514099121094,26033800,0.0,0.0,6051.97021484375,,524.97216796875
2025-02-13 05:00:00+00:00,66.56491725564861,67.15339030135799,66.33338916951308,67.04727172851562,24393100,0.0,0.0,6115.06982421875,,532.5244750976562
2025-02-14 05:00:00+00:00,66.91221184471048,67.55856506013052,66.33338795985455,66.43950653076172,20779100,0.0,0.0,6114.6298828125,,534.7601928710938
2025-02-18 05:00:00+00:00,66.13079710709069,66.92185809953664,66.00538024136549,66.61315155029297,15569100,0.0,0.0,6129.580078125,,535.9724731445312
2025-02-19 05:00:00+00:00,66.76749492671313,67.65502525311393,66.72890569163343,67.5971450805664,16032300,0.0,0.0,6144.14990234375,,536.1215209960938
2025-02-20 05:00:00+00:00,67.24985870281061,67.5971545068133,66.97009222957817,67.5682144165039,13398000,0.0,0.0,6117.52001953125,,533.845947265625
2025-02-21 05:00:00+00:00,67.8383363842059,69.07316272291685,67.65503931950347,68.83198547363281,21662300,0.0,0.0,6013.1298828125,,522.7661743164062
2025-02-24 05:00:00+00:00,68.33997789459565,69.19857562400996,67.84798163365159,68.09880065917969,21418400,0.0,0.0,5983.25,,516.5953979492188
2025-02-25 05:00:00+00:00,68.3592694624924,69.2371506856696,68.23385996207978,68.96703338623047,21555600,0.0,0.0,5955.25,,510.0866394042969
2025-02-26 05:00:00+00:00,68.75479859233234,68.76444774196628,68.0409160824588,68.3013916015625,14531200,0.0,0.0,5956.06005859375,,511.31884765625
2025-02-27 05:00:00+00:00,68.22421918516824,69.01528024209426,67.93480355159848,68.36892700195312,16789500,0.0,0.0,5861.56982421875,,497.1188049316406
2025-02-28 05:00:00+00:00,68.92844273044196,69.04421043930928,68.069852463406,68.69691467285156,22167400,0.0,0.0,5954.5,,504.96905517578125
2025-03-03 05:00:00+00:00,67.7611497329903,69.80633521013272,67.2691535030397,69.76774597167969,21717600,0.0,0.0,5849.72021484375,,493.9190673828125
2025-03-04 05:00:00+00:00,69.52657125429059,70.08610419178467,67.41385637383753,67.71292114257812,25411900,0.0,0.0,5778.14990234375,,492.42852783203125
2025-03-05 05:00:00+00:00,67.4331559914327,68.24350796351726,67.37526845046588,67.60680389404297,23933600,0.0,0.0,5842.6298828125,,498.84783935546875
2025-03-06 05:00:00+00:00,67.92515764263472,68.04091800092729,66.99903061542497,67.973388671875,21694000,0.0,0.0,5738.52001953125,,485.1248474121094
2025-03-07 05:00:00+00:00,67.19197614047393,69.28539268029223,67.19197614047393,68.9091567993164,28393300,0.0,0.0,5770.2001953125,,488.69219970703125
2025-03-10 04:00:00+00:00,69.42044747960743,70.6359826829876,68.80303440871627,68.9284439086914,25251200,0.0,0.0,5614.56005859375,,469.7522888183594
2025-03-11 04:00:00+00:00,69.3432727769641,69.49762973315383,68.11809571782342,68.53292083740234,28076400,0.0,0.0,5572.06982421875,,468.62939453125
2025-03-12 04:00:00+00:00,67.88656583115964,68.2338616131692,67.27879453257063,67.47174072265625,18923300,0.0,0.0,5599.2998046875,,473.9159240722656
2025-03-13 04:00:00+00:00,67.77079645527955,67.77079645527955,66.83502769670811,67.16303253173828,15746600,0.0,0.0,5521.52001953125,,465.3899230957031
2025-03-14 04:00:00+00:00,66.57993449920846,67.30880545698645,66.45359212127332,67.21162414550781,14205100,0.51,0.0,5638.93994140625,,476.63861083984375
2025-03-17 04:00:00+00:00,67.28936370389881,68.19316397412464,67.13387509083283,68.14457702636719,15634800,0.0,0.0,5675.1201171875,,479.7290344238281
2025-03-18 04:00:00+00:00,68.13486806678574,68.21261609355166,67.34768968554557,67.42543029785156,12657600,0.0,0.0,5614.66015625,,471.5509033203125
2025-03-19 04:00:00+00:00,66.61880918686772,67.42542075338882,66.60908883128297,67.32823944091797,14780000,0.0,0.0,5675.2900390625,,477.86090087890625
2025-03-20 04:00:00+00:00,67.35739161178543,67.84330557791162,67.1435882803765,67.74612426757812,16295300,0.0,0.0,5662.89013671875,,476.24114990234375
2025-03-21 04:00:00+00:00,67.74612987944609,67.99880723881111,66.25923420624376,66.73542785644531,47479500,0.0,0.0,5667.56005859375,,477.8111877441406
2025-03-24 04:00:00+00:00,66.86176957291268,67.13388022744218,66.40500922518423,67.00753784179688,12575400,0.0,0.0,5767.56982421875,,488.29644775390625
2025-03-25 04:00:00+00:00,67.00753053214945,67.13387290401243,66.66739225109224,66.87147521972656,12513900,0.0,0.0,5776.64990234375,,491.0829772949219
2025-03-26 04:00:00+00:00,66.97838447384639,68.36809882066044,66.95895117606531,68.04739379882812,14478200,0.0,0.0,5712.2001953125,,482.0466613769531
2025-03-27 04:00:00+00:00,68.20289473839067,68.9900731081099,68.0959930567671,68.74711608886719,11663400,0.0,0.0,5693.31005859375,,479.29998779296875
2025-03-28 04:00:00+00:00,68.81514202588295,69.31077640871374,67.57120330497868,68.38754272460938,17412900,0.0,0.0,5580.93994140625,,466.68109130859375
2025-03-31 04:00:00+00:00,68.73739156049872,69.91330244569295,68.50414752292905,69.6023178100586,24016900,0.0,0.0,5611.85009765625,,466.66119384765625
2025-04-01 04:00:00+00:00,69.66063380911986,69.8841575194157,69.18444014826638,69.84528350830078,15309100,0.0,0.0,5633.06982421875,,470.4229431152344
2025-04-02 04:00:00+00:00,69.93273690232486,70.32146955693456,69.04837734218505,69.32048797607422,14606500,0.0,0.0,5670.97021484375,,473.8563232421875
2025-04-03 04:00:00+00:00,70.43809345331466,71.86667431927378,70.28259742154668,71.11837005615234,24959600,0.0,0.0,5396.52001953125,,448.4891357421875
2025-04-04 04:00:00+00:00,70.37977999562689,70.95316235497474,67.82387509691574,67.95993041992188,26517300,0.0,0.0,5074.080078125,,420.63397216796875
2025-04-07 04:00:00+00:00,64.36416699895948,67.42541904369152,64.18923767516404,66.44387817382812,34258400,0.0,0.0,5062.25,,421.6490173339844
2025-04-08 04:00:00+00:00,67.01725779581007,68.008526505031,65.85106716497752,66.49246978759766,22774400,0.0,0.0,4982.77001953125,,414.0557861328125
2025-04-09 04:00:00+00:00,66.00655292541789,68.48471717649981,65.38458362736247,67.97936248779297,27918700,0.0,0.0,5456.89990234375,,463.7552490234375
2025-04-10 04:00:00+00:00,68.21261408702512,69.20387544852217,67.0367030210056,68.76655578613281,22450200,0.0,0.0,5268.0498046875,,444.03070068359375
2025-04-11 04:00:00+00:00,68.91232392878273,69.82583716572168,68.55274491580596,69.41767120361328,19988200,0.0,0.0,5363.35986328125,,452.2110900878906
2025-04-14 04:00:00+00:00,69.29133927982875,70.61302595134595,68.93176025106948,70.408935546875,13930200,0.0,0.0,5405.97021484375,,455.2762451171875
2025-04-15 04:00:00+00:00,70.57415504730234,70.58386798930708,69.69950832700631,69.83556365966797,14965500,0.0,0.0,5396.6298828125,,455.7837829589844
2025-04-16 04:00:00+00:00,70.32148029122946,70.6227446226709,69.37880586960452,69.66063690185547,15276200,0.0,0.0,5275.7001953125,,442.04034423828125
2025-04-17 04:00:00+00:00,69.87443399180464,71.36132963078514,69.69950465695639,70.94344329833984,20754500,0.0,0.0,5282.7001953125,,441.9607238769531
2025-04-21 04:00:00+00:00,71.31274063871854,71.40020901996276,69.79669123210932,70.71992492675781,16037200,0.0,0.0,5158.2001953125,,431.0236511230469
2025-04-22 04:00:00+00:00,70.94344564304284,72.28456564489771,70.86569762177199,71.8180923461914,15613500,0.0,0.0,5287.759765625,,442.33892822265625
2025-04-23 04:00:00+00:00,71.22527262523387,71.866675228242,70.34090561590055,71.23499298095703,16353900,0.0,0.0,5375.85986328125,,452.37030029296875
2025-04-24 04:00:00+00:00,70.96288088245699,71.361333941526,70.26317091525561,70.47696685791016,16893900,0.0,0.0,5484.77001953125,,465.0987243652344
2025-04-25 04:00:00+00:00,70.60331362770769,70.86570395487178,69.1261307493868,69.88416290283203,16316000,0.0,0.0,5525.2099609375,,470.28363037109375
2025-04-28 04:00:00+00:00,70.04936335569735,70.22429269061813,69.30105165069102,69.76753234863281,15997500,0.0,0.0,5528.75,,470.13433837890625
2025-04-29 04:00:00+00:00,69.18443572688525,70.66161098255212,68.3000687130724,70.31175231933594,16244100,0.0,0.0,5560.830078125,,473.23931884765625
2025-04-30 04:00:00+00:00,71.28357666408353,71.40991903931807,69.67034616753686,70.50611877441406,21074700,0.0,0.0,5569.06005859375,,473.1795959472656
2025-05-01 04:00:00+00:00,69.97161317332831,70.010487181493,69.22330890591992,69.2816162109375,18034200,0.0,0.0,5604.14013671875,,479.35968017578125
2025-05-02 04:00:00+00:00,69.48570167374963,69.79668633571112,69.09696899268297,69.63147735595703,12629600,0.0,0.0,5686.669921875,,486.4752502441406
2025-05-05 04:00:00+00:00,69.6509153142261,69.77725770734105,69.00951264983667,69.68006896972656,11932700,0.0,0.0,5650.3798828125,,483.5892028808594
2025-05-06 04:00:00+00:00,69.66062703026569,69.87443036336217,69.15527976386753,69.69950103759766,12705500,0.0,0.0,5606.91015625,,479.09100341796875
2025-05-07 04:00:00+00:00,69.69950064113837,70.64217492381513,69.65090627863512,70.36034393310547,15018200,0.0,0.0,5631.27978515625,,480.97186279296875
2025-05-08 04:00:00+00:00,70.16597488635264,70.42837258443403,69.12611927847414,69.16499328613281,14371100,0.0,0.0,5663.93994140625,,485.9378662109375
2025-05-09 04:00:00+00:00,68.99007798066741,69.14557404290566,68.47501024980879,68.53331756591797,11228900,0.0,0.0,5659.91015625,,485.6193542480469
2025-05-12 04:00:00+00:00,68.17373351985349,68.34866285088164,66.76457851588808,67.57119750976562,21539000,0.0,0.0,5844.18994140625,,505.4036560058594
2025-05-13 04:00:00+00:00,67.62950665848516,67.72669538961772,66.92979672976142,67.01725769042969,14389100,0.0,0.0,5886.5498046875,,513.1064453125
2025-05-14 04:00:00+00:00,66.9395060931253,67.38654605749409,66.6479621586894,67.21162414550781,16286800,0.0,0.0,5892.580078125,,516.181396484375
2025-05-15 04:00:00+00:00,67.73640307483038,69.70921998105949,67.63922176569827,69.59259796142578,19817100,0.0,0.0,5916.93017578125,,516.7487182617188
2025-05-16 04:00:00+00:00,69.83555570578352,70.22428836102497,69.41766939892922,69.97161102294922,18441200,0.0,0.0,5958.3798828125,,518.9978637695312
2025-05-19 04:00:00+00:00,70.0007686570331,70.13682398193924,69.62175633558613,69.9035873413086,13282800,0.0,0.0,5963.60009765625,,519.4954223632812
2025-05-20 04:00:00+00:00,69.77725843140577,70.09795605969845,69.41767937609607,69.67035675048828,12137800,0.0,0.0,5940.4599609375,,517.7637939453125
2025-05-21 04:00:00+00:00,69.67035517877366,70.04936752458184,69.5634535002678,69.82584381103516,12094400,0.0,0.0,5844.60986328125,,510.5685729980469
2025-05-22 04:00:00+00:00,69.8161179845868,69.96189366335177,68.96091203800273,69.1358413696289,11101800,0.0,0.0,5842.009765625,,511.5240173339844
2025-05-23 04:00:00+00:00,69.52456875738558,69.9521754054074,68.69851652644581,69.74808502197266,12822100,0.0,0.0,5802.81982421875,,506.7868957519531
2025-05-27 04:00:00+00:00,69.71893086520765,70.1854115155231,69.54400154814665,69.75780487060547,10666100,0.0,0.0,5921.5400390625,,518.7091674804688
2025-05-28 04:00:00+00:00,69.68006983890477,69.8744399020986,69.04838752328922,69.14556884765625,8710900,0.0,0.0,5888.5498046875,,516.4103393554688
2025-05-29 04:00:00+00:00,68.99978901505891,69.64119906343514,68.47500099760362,69.47598266601562,10291100,0.0,0.0,5912.169921875,,517.4254760742188
2025-05-30 04:00:00+00:00,69.59260820492239,70.42838093250339,69.59260820492239,70.06880187988281,28019500,0.0,0.0,5911.68994140625,,516.6093139648438
2025-06-02 04:00:00+00:00,70.00076467456206,70.01048502991924,69.34964174034637,69.97161102294922,10202700,0.0,0.0,5935.93994140625,,520.6896362304688
2025-06-03 04:00:00+00:00,69.68978968361016,69.7578173516132,68.48472495850216,69.15528869628906,20139800,0.0,0.0,5970.3701171875,,524.7598876953125
2025-06-04 04:00:00+00:00,69.25246569692254,69.82584066080437,68.68880367467787,69.35936737060547,13565900,0.0,0.0,5970.81005859375,,526.2228393554688
2025-06-05 04:00:00+00:00,69.36908358308034,69.44683160659916,68.83458260392258,68.9123306274414,13531400,0.0,0.0,5939.2998046875,,522.2620239257812
2025-06-06 04:00:00+00:00,69.07753737056977,69.4662700610649,68.94148204106538,69.33992767333984,9524000,0.0,0.0,6000.35986328125,,527.3673095703125
2025-06-09 04:00:00+00:00,69.33991908402008,69.80639973772192,69.08724175432914,69.74808502197266,12281300,0.0,0.0,6005.8798828125,,528.1435546875
2025-06-10 04:00:00+00:00,69.87443269754522,70.64217768546634,69.7383773745677,70.31175231933594,12265000,0.0,0.0,6038.81005859375,,531.6366577148438
2025-06-11 04:00:00+00:00,70.23400496451144,70.32147333836998,69.73837803232969,70.03964233398438,12718500,0.0,0.0,6022.240234375,,529.8452758789062
2025-06-12 04:00:00+00:00,70.21457722919266,70.36035292086493,69.58288750825263,70.2048568725586,12806900,0.0,0.0,6045.259765625,,531.0892333984375
2025-06-13 04:00:00+00:00,70.24399430143994,70.3516560348676,69.22611376804707,69.50994110107422,17467200,0.51,0.0,5976.97021484375,,524.421630859375
2025-06-16 04:00:00+00:00,69.68611838433925,70.09719387647019,68.74653112708066,69.02057647705078,15045900,0.0,0.0,6033.10986328125,,531.7162475585938
2025-06-17 04:00:00+00:00,68.88356004385851,68.96186085585245,68.10057432544833,68.13972473144531,15437000,0.0,0.0,5982.72021484375,,526.5313720703125
2025-06-18 04:00:00+00:00,68.51163750002343,68.51163750002343,67.6209826282787,67.73843383789062,16227600,0.0,0.0,5980.8701171875,,526.4417114257812
2025-06-20 04:00:00+00:00,67.62098906941483,68.08099701690908,67.31758274965335,67.37630462646484,40859400,0.0,0.0,5967.83984375,,524.292236328125
2025-06-23 04:00:00+00:00,67.66992288441301,68.32567534066796,67.50353927023059,68.25716400146484,21822800,0.0,0.0,6025.169921875,,529.6832275390625
2025-06-24 04:00:00+00:00,68.45291483075584,68.85419339136055,68.20823041396552,68.71717071533203,15216100,0.0,0.0,6092.18017578125,,537.7831420898438
2025-06-25 04:00:00+00:00,68.44312992180942,68.53121273347614,67.95376105563523,68.14950561523438,12540400,0.0,0.0,6092.16015625,,539.157958984375
2025-06-26 04:00:00+00:00,68.21801013740138,68.43333361173826,67.67970891873469,67.99290466308594,14454100,0.0,0.0,6141.02001953125,,544.1992797851562
2025-06-27 04:00:00+00:00,68.11034641001726,69.05972308248386,67.99290267630202,68.8346176147461,23470700,0.0,0.0,6173.06982421875,,546.0623779296875
2025-06-30 04:00:00+00:00,68.63886935517024,69.28483979452102,68.59971895273907,69.24568939208984,15429000,0.0,0.0,6204.9501953125,,549.5992431640625
2025-07-01 04:00:00+00:00,69.48059144778411,70.909547680422,69.39250863368437,70.14613342285156,21729300,0.0,0.0,6198.009765625,,544.9664306640625
2025-07-02 04:00:00+00:00,70.16571222979026,70.30273491847615,69.23590687979154,69.40229797363281,13050200,0.0,0.0,6227.419921875,,548.7623291015625
2025-07-03 04:00:00+00:00,69.52952522923222,69.88187138910547,68.95206611887157,69.83293151855469,9440500,0.0,0.0,6279.35009765625,,554.1622924804688
2025-07-07 04:00:00+00:00,69.85250635649176,69.85250635649176,69.29462621394387,69.50016021728516,16984700,0.0,0.0,6229.97998046875,,549.9878540039062
2025-07-08 04:00:00+00:00,69.17717556958539,69.17717556958539,68.39418248344073,68.74652862548828,17115500,0.0,0.0,6225.52001953125,,550.2967529296875
2025-07-09 04:00:00+00:00,68.66823505707636,68.75631785870094,67.50353489887054,68.00269317626953,33704100,0.0,0.0,6263.259765625,,554.1921997070312
2025-07-10 04:00:00+00:00,67.81673960257201,68.36483035314838,67.68950638323862,68.28652954101562,14608400,0.0,0.0,6280.4599609375,,553.3952026367188
2025-07-11 04:00:00+00:00,68.0907827411925,68.66824187773241,67.7775869701259,68.38440704345703,12916700,0.0,0.0,6259.75,,552.1497192382812
2025-07-14 04:00:00+00:00,68.31588987459128,68.58993521750166,67.79715265588169,67.99290466308594,13983200,0.0,0.0,6268.56005859375,,554.15234375
2025-07-15 04:00:00+00:00,68.03205842271167,68.07120882608505,67.67971225952715,67.88524627685547,12639800,0.0,0.0,6243.759765625,,554.660400390625
2025-07-16 04:00:00+00:00,67.87545809582865,68.02227024446775,67.32736737256381,67.79715728759766,13178300,0.0,0.0,6263.7001953125,,555.2283325195312
2025-07-17 04:00:00+00:00,68.32567425320681,69.18696818053881,68.03205743294204,69.0890884399414,20464700,0.0,0.0,6297.35986328125,,559.7216186523438
2025-07-18 04:00:00+00:00,68.94228916975973,69.19675560717563,68.34525854774108,68.36483001708984,14928000,0.0,0.0,6296.7900390625,,559.1836547851562
2025-07-21 04:00:00+00:00,68.69759799565308,69.11845548355008,68.44312411601926,68.58014678955078,17811700,0.0,0.0,6305.60009765625,,562.0828857421875
2025-07-22 04:00:00+00:00,67.97332966851361,68.76611227608329,67.22949439955143,68.17887115478516,22339900,0.0,0.0,6309.6201171875,,559.1737060546875
2025-07-23 04:00:00+00:00,68.17886772234118,68.25716105864356,67.1414007441969,67.68949890136719,21030000,0.0,0.0,6358.91015625,,561.7241821289062
2025-07-24 04:00:00+00:00,67.78736942518583,68.07120423009715,67.52310608705184,67.63076782226562,12511400,0.0,0.0,6363.35009765625,,562.9197998046875
2025-07-25 04:00:00+00:00,67.66013700904526,67.75801675639724,67.28821935750724,67.69928741455078,12574800,0.0,0.0,6388.64013671875,,564.2747802734375
2025-07-28 04:00:00+00:00,67.2784310943358,67.43503271916275,66.61288912317423,66.64225006103516,13668800,0.0,0.0,6389.77001953125,,566.0381469726562
2025-07-29 04:00:00+00:00,66.88692761869395,67.94396607600741,66.70097254231199,67.90481567382812,16223400,0.0,0.0,6370.85986328125,,565.1614379882812
2025-07-30 04:00:00+00:00,67.64056946944446,67.85589297864585,67.07289975740015,67.28822326660156,10448200,0.0,0.0,6362.89990234375,,565.918701171875
2025-07-31 04:00:00+00:00,66.70097658153456,67.19034543764681,66.29969053527797,66.44650268554688,17193400,0.0,0.0,6339.39013671875,,562.9197998046875
2025-08-01 04:00:00+00:00,67.14140774856898,67.57205474544854,66.8184225009093,67.39588165283203,16107500,0.0,0.0,6238.009765625,,551.8309326171875
2025-08-04 04:00:00+00:00,67.25885656649585,67.61120273915849,66.85757052150602,67.4937515258789,10701500,0.0,0.0,6329.93994140625,,562.0131225585938
2025-08-05 04:00:00+00:00,67.43502836812817,68.01248002127222,67.28821622111963,67.58184051513672,11993400,0.0,0.0,6299.18994140625,,558.197265625
2025-08-06 04:00:00+00:00,67.65035161525518,68.31589354111827,67.17076477224693,68.03205871582031,10783000,0.0,0.0,6345.06005859375,,565.2212524414062
2025-08-07 04:00:00+00:00,67.98311837261761,69.2163299405149,67.85588516237121,68.9324951171875,15790800,0.0,0.0,6340.0,,567.1340942382812
2025-08-08 04:00:00+00:00,68.8639774319539,69.36313569367876,68.58993210149326,68.84439849853516,9232700,0.0,0.0,6389.4501953125,,572.4244384765625
2025-08-11 04:00:00+00:00,68.80526043229668,69.35335113198164,68.47248574521956,69.24568939208984,10909400,0.0,0.0,6373.4501953125,,570.730712890625
2025-08-12 04:00:00+00:00,69.3142047148319,69.5490996757487,68.72696357895181,69.20654296875,11061100,0.0,0.0,6445.759765625,,577.9041137695312
2025-08-13 04:00:00+00:00,69.1869736237768,69.26526696836825,68.73675515687617,68.96186065673828,10356500,0.0,0.0,6466.580078125,,578.1930541992188
2025-08-14 04:00:00+00:00,68.8835594172792,68.96186022856091,67.91461114599129,68.07121276855469,10722400,0.0,0.0,6468.5400390625,,577.7447509765625
2025-08-15 04:00:00+00:00,68.25716127578782,68.893342238513,68.0907776682495,68.43333435058594,12381100,0.0,0.0,6449.7998046875,,575.2041625976562
2025-08-18 04:00:00+00:00,68.49206636640483,68.5605777055523,67.58184002220209,67.6601333618164,14094900,0.0,0.0,6449.14990234375,,574.9749755859375
2025-08-19 04:00:00+00:00,67.82652364666885,68.72696051265652,67.76779430867775,68.63887023925781,13862200,0.0,0.0,6411.3701171875,,567.1740112304688
2025-08-20 04:00:00+00:00,69.23590486078876,70.18528165269629,68.91292708526277,69.1967544555664,17530800,0.0,0.0,6395.77978515625,,563.8065185546875
2025-08-21 04:00:00+00:00,69.09887869376463,69.4022924521529,68.83462280580157,69.15760803222656,8840400,0.0,0.0,6370.169921875,,561.1961669921875
2025-08-22 04:00:00+00:00,69.45122429902263,69.50994616983786,68.43333622422861,68.63887023925781,12999600,0.0,0.0,6466.91015625,,569.85400390625
2025-08-25 04:00:00+00:00,68.61930446299671,68.73675568154502,67.25885958364546,67.46439361572266,13634600,0.0,0.0,6439.31982421875,,568.2100830078125
2025-08-26 04:00:00+00:00,67.57205254149822,67.61120294604456,67.12183408997969,67.26864624023438,17964200,0.0,0.0,6465.93994140625,,570.4916381835938
2025-08-27 04:00:00+00:00,67.35673427398594,67.40567415025845,67.0141775416085,67.36652374267578,11562700,0.0,0.0,6481.39990234375,,571.368408203125
2025-08-28 04:00:00+00:00,67.41544971504241,67.43502865055274,66.82820859172477,66.90650939941406,16209900,0.0,0.0,6501.85986328125,,574.9451293945312
2025-08-29 04:00:00+00:00,67.2099136818364,67.66992157926052,66.97501873298128,67.52310943603516,14601100,0.0,0.0,6460.259765625,,568.2898559570312
2025-09-02 04:00:00+00:00,67.49374912492912,67.86566675298677,66.80863573977665,67.59162139892578,24770100,0.0,0.0,6415.5400390625,,563.5275268554688
2025-09-03 04:00:00+00:00,67.20013168155029,67.63077117658871,65.93755919729338,67.52310943603516,33581500,0.0,0.0,6448.259765625,,567.9611206054688
2025-09-04 04:00:00+00:00,67.64055834468044,67.98311502244425,66.66182071268354,66.79884338378906,16736000,0.0,0.0,6502.080078125,,573.1019287109375
2025-09-05 04:00:00+00:00,66.56395452137663,67.1218347238721,66.42693183775853,66.5150146484375,23978000,0.0,0.0,6481.5,,573.9288330078125
2025-09-08 04:00:00+00:00,66.41713432335962,66.43670578985848,65.73202098826998,65.99627685546875,21671700,0.0,0.0,6495.14990234375,,576.7284545898438
2025-09-09 04:00:00+00:00,65.84946752012503,66.66182155709477,65.84946752012503,66.4171371459961,14120600,0.0,0.0,6512.60986328125,,578.3624877929688
2025-09-10 04:00:00+00:00,66.3486297863127,66.64224661692424,65.78096012641724,66.37799072265625,16041900,0.0,0.0,6532.0400390625,,578.5517578125
2025-09-11 04:00:00+00:00,66.47586016526085,66.7205445805928,66.14309294465377,66.18224334716797,15128700,0.0,0.0,6587.47021484375,,581.919189453125
2025-09-12 04:00:00+00:00,66.16266434285224,66.28011555027152,65.51670136998555,65.58521270751953,18712400,0.0,0.0,6584.2900390625,,584.4896240234375
2025-09-15 04:00:00+00:00,65.76273776142062,65.86136063784639,65.19071454393074,65.29920196533203,15986100,0.51,0.0,6615.27978515625,,589.4910888671875
2025-09-16 04:00:00+00:00,65.43727617985725,65.5950788033392,65.15126456812864,65.32878875732422,18555900,0.0,0.0,6606.759765625,,588.9929809570312
2025-09-17 04:00:00+00:00,65.49645173259015,66.20654091946702,65.49645173259015,66.11778259277344,17372300,0.0,0.0,6600.35009765625,,587.8173217773438
2025-09-18 04:00:00+00:00,65.88108790831691,66.11778431009039,65.43727368999332,65.54576110839844,17722900,0.0,0.0,6631.9599609375,,593.1176147460938
2025-09-19 04:00:00+00:00,65.57534653512263,65.81205045887388,65.1414043904644,65.51617431640625,31192900,0.0,0.0,6664.35986328125,,597.1326904296875
2025-09-22 04:00:00+00:00,65.24989428934073,65.67397190552722,65.17099297842284,65.29920196533203,13298700,0.0,0.0,6693.75,,600.667724609375
2025-09-23 04:00:00+00:00,65.43727189631525,65.84163544918557,64.99346521459964,65.79232025146484,15072800,0.0,0.0,6656.919921875,,596.6779174804688
2025-09-24 04:00:00+00:00,65.49645317150102,65.86135855518165,65.05263895495459,65.53589630126953,14759300,0.0,0.0,6637.97021484375,,594.583251953125
2025-09-25 04:00:00+00:00,65.83177688913361,65.99943653751667,65.04277880053517,65.07237243652344,14395000,0.0,0.0,6604.72021484375,,592.0198364257812
2025-09-26 04:00:00+00:00,65.16112345066303,65.41754892931603,64.59896482113618,64.7666244506836,17821600,0.0,0.0,6643.7001953125,,594.4535522460938
2025-09-29 04:00:00+00:00,64.76662549347947,65.19071060850801,64.45102779330306,65.13153839111328,14818500,0.0,0.0,6661.2099609375,,597.20654296875
2025-09-30 04:00:00+00:00,65.16112339196218,65.7232820209826,65.0526359789545,65.40768432617188,13815000,0.0,0.0,6688.4599609375,,598.8424072265625
2025-10-01 04:00:00+00:00,65.59507613185126,65.91067384151859,65.37810129562192,65.86135864257812,14877500,0.0,0.0,6711.2001953125,,601.7150268554688
2025-10-02 04:00:00+00:00,65.61479709901629,65.73314906072945,64.95401557611417,65.19071197509766,14350700,0.0,0.0,6715.35009765625,,604.188720703125
2025-10-03 04:00:00+00:00,65.19070960159803,66.06846592679501,65.13153738511724,65.73314666748047,12249200,0.0,0.0,6715.7900390625,,601.645263671875
2025-10-06 04:00:00+00:00,65.57534644511189,65.5852109896987,64.93428648694055,65.19071197509766,14333300,0.0,0.0,6740.27978515625,,606.1636962890625
2025-10-07 04:00:00+00:00,65.30906479198343,66.3347592335997,64.96388097135366,65.87122344970703,13328300,0.0,0.0,6714.58984375,,602.9718627929688
2025-10-08 04:00:00+00:00,65.75287115491213,65.95012442602238,65.15126184580093,65.21044158935547,12606700,0.0,0.0,6753.72021484375,,609.88427734375
2025-10-09 04:00:00+00:00,65.3781070463486,65.88109352690138,65.2104473943122,65.4570083618164,12705200,0.0,0.0,6735.10986328125,,609.1461181640625
2025-10-10 04:00:00+00:00,65.60493162373471,66.47283094843326,65.46685809924954,66.11778259277344,17991700,0.0,0.0,6552.509765625,,588.0000610351562
2025-10-13 04:00:00+00:00,65.31892959687319,65.88108825683594,65.09209021415984,65.88108825683594,13690000,0.0,0.0,6654.72021484375,,600.4782104492188
2025-10-14 04:00:00+00:00,65.95012627989851,66.64049393708356,65.83177431390544,66.5813217163086,14245600,0.0,0.0,6644.31005859375,,596.4783935546875
2025-10-15 04:00:00+00:00,66.34461539240733,66.7884296055482,65.9994315762597,66.15723419189453,11193700,0.0,0.0,6671.06005859375,,600.6876220703125
2025-10-16 04:00:00+00:00,66.25586122497546,67.17306829373106,66.23613965900412,66.66021728515625,15707200,0.0,0.0,6629.06982421875,,598.4633178710938
2025-10-17 04:00:00+00:00,67.06457785058872,67.55769974654893,66.86733210198184,67.49852752685547,15541800,0.0,0.0,6664.009765625,,602.393310546875
2025-10-20 04:00:00+00:00,67.48866298209222,67.69577327546236,66.98567654136878,67.49852752685547,17786800,0.0,0.0,6735.1298828125,,609.98388671875
2025-10-21 04:00:00+00:00,69.59922021744404,70.40793978078695,69.26390095860451,70.24028015136719,33651300,0.0,0.0,6735.35009765625,,609.8244018554688
2025-10-22 04:00:00+00:00,70.37835166142955,70.6347771325596,69.5400460138439,69.8359146118164,18293000,0.0,0.0,6699.39990234375,,603.9493408203125
2025-10-23 04:00:00+00:00,69.83591725816927,69.95426921650851,68.76091518658117,68.97789001464844,13989400,0.0,0.0,6738.43994140625,,609.0264282226562
2025-10-24 04:00:00+00:00,68.94830612669669,69.08637965365122,68.69188063759134,68.75105285644531,15688200,0.0,0.0,6791.68994140625,,615.52978515625
2025-10-27 04:00:00+00:00,68.82009012667474,69.15541692634982,68.2973821244347,69.09623718261719,13800000,0.0,0.0,6875.16015625,,626.4918823242188
2025-10-28 04:00:00+00:00,69.08638257300535,69.92468831477971,68.98775217149043,69.19486999511719,12730500,0.0,0.0,6890.89013671875,,631.3095703125
2025-10-29 04:00:00+00:00,68.95816192440434,69.06664934000864,67.22237832362102,67.40975952148438,19789600,0.0,0.0,6890.58984375,,634.15234375
2025-10-30 04:00:00+00:00,67.50838190233834,68.33683056780497,67.44920968496311,68.03109741210938,14751700,0.0,0.0,6822.33984375,,624.45703125
2025-10-31 04:00:00+00:00,67.60701800535749,68.11986148960901,66.96595800671058,67.95220184326172,16742700,0.0,0.0,6840.2001953125,,627.4693603515625
2025-11-03 05:00:00+00:00,67.85357251572634,67.94233084084759,66.72925525086805,67.03498840332031,15660400,0.0,0.0,6851.97021484375,,630.4716796875
2025-11-04 05:00:00+00:00,67.52811115652547,67.78453663985081,67.22237800008088,67.71549987792969,12743800,0.0,0.0,6771.5498046875,,617.6743774414062
2025-11-05 05:00:00+00:00,67.71550399520694,67.88316363800342,67.24210365293334,67.56756591796875,12850100,0.0,0.0,6796.2900390625,,621.6941528320312
2025-11-06 05:00:00+00:00,67.36045312639443,68.18889428915611,66.98567567467023,68.10999298095703,15906700,0.0,0.0,6720.31982421875,,610.1136474609375
2025-11-07 05:00:00+00:00,68.84967251185617,69.89509598422639,68.45518103867461,69.57949829101562,25108300,0.0,0.0,6728.7998046875,,608.1885375976562
2025-11-10 05:00:00+00:00,69.04693256391432,69.68799255754881,68.48477388245341,69.54991149902344,15318000,0.0,0.0,6832.43017578125,,621.6442260742188
2025-11-11 05:00:00+00:00,70.0035852182334,70.76298960075499,69.68798751681052,70.62491607666016,16160200,0.0,0.0,6846.60986328125,,619.9884643554688
2025-11-12 05:00:00+00:00,70.50656943262382,70.90106847025535,70.35863135295659,70.52629852294922,13612600,0.0,0.0,6850.919921875,,619.4996948242188
2025-11-13 05:00:00+00:00,70.43753001467769,70.68409096336345,70.02330942675196,70.09234619140625,14002800,0.0,0.0,6737.490234375,,606.8519897460938
2025-11-14 05:00:00+00:00,70.42767515302047,70.65450701907594,69.62881253817132,70.18111419677734,13172000,0.0,0.0,6734.10986328125,,607.310791015625
2025-11-17 05:00:00+00:00,70.22055371797686,70.54601596935099,69.64853804747902,69.70771026611328,14772300,0.0,0.0,6672.41015625,,602.1240234375
2025-11-18 05:00:00+00:00,70.01344078110789,70.3586245841611,69.59922021744404,70.24028015136719,12838900,0.0,0.0,6617.31982421875,,594.792724609375
2025-11-19 05:00:00+00:00,70.2205561215168,70.46711707352274,69.83592163834295,70.13179779052734,12401500,0.0,0.0,6642.16015625,,598.3436889648438
2025-11-20 05:00:00+00:00,69.97398986674047,70.49670536591285,69.63867060915624,70.23041534423828,15396500,0.0,0.0,6538.759765625,,584.1798095703125
2025-11-21 05:00:00+00:00,70.69395352394994,72.18318371905687,70.50656480038654,71.94647979736328,26492500,0.0,0.0,6602.990234375,,588.568603515625
2025-11-24 05:00:00+00:00,72.15359682866546,72.15359682866546,70.5854653433073,71.5914306640625,39818600,0.0,0.0,6705.1201171875,,603.6201782226562
2025-11-25 05:00:00+00:00,71.79854900122959,71.92675798170063,71.14762450550862,71.61116027832031,17451200,0.0,0.0,6765.8798828125,,607.3406982421875
2025-11-26 05:00:00+00:00,71.60130196172281,72.08455934108582,71.39419165628154,71.87744903564453,11795100,0.0,0.0,6812.60986328125,,612.70703125
2025-11-28 05:00:00+00:00,71.9957990334918,72.22263842339345,71.75910262296553,72.11415100097656,7423000,0.0,0.0,6849.08984375,,617.6743774414062
2025-12-01 05:00:00+00:00,72.10421133140312,72.41209948647666,71.4387885961326,71.45864868164062,14388100,0.51,0.0,6812.6298828125,,615.599609375
2025-12-02 05:00:00+00:00,71.30968127493234,71.30968127493234,69.94903426863456,70.18739318847656,19871300,0.0,0.0,6829.3701171875,,620.4173583984375
2025-12-03 05:00:00+00:00,70.39595293656652,70.91240606452158,70.12780011891927,70.32643127441406,17001700,0.0,0.0,6849.72021484375,,621.9335327148438
2025-12-04 05:00:00+00:00,70.34630479357043,70.8528165554436,69.88944703605885,69.9688949584961,17710000,0.0,0.0,6857.1201171875,,621.35498046875
2025-12-05 05:00:00+00:00,69.83977942102938,70.22711547713843,69.39285553391673,69.52196502685547,13978200,0.0,0.0,6870.39990234375,,623.8884887695312
2025-12-08 05:00:00+00:00,69.36305991939378,69.8993731757553,69.01545158025951,69.770263671875,17775100,0.0,0.0,6846.509765625,,622.6915893554688
2025-12-09 05:00:00+00:00,69.88944525515491,70.14766425675974,69.35313201157877,69.6113510131836,13010600,0.0,0.0,6840.509765625,,623.4595947265625
2025-12-10 05:00:00+00:00,69.90930085487662,70.04834417829325,69.3034659840072,69.73052978515625,29789400,0.0,0.0,6886.68017578125,,626.0130615234375
2025-12-11 05:00:00+00:00,70.06821488455212,70.20725821401018,68.32023185770241,68.63804626464844,23124200,0.0,0.0,6901.0,,623.98828125
2025-12-12 05:00:00+00:00,68.63804686333886,70.1377371610525,68.56852519800343,70.03841400146484,18444500,0.0,0.0,6827.41015625,,612.0587158203125
2025-12-15 05:00:00+00:00,69.94903070779256,70.83295225211576,69.83978129649032,70.48534393310547,18660100,0.0,0.0,6816.509765625,,608.9865112304688
2025-12-16 05:00:00+00:00,70.81309172997051,70.81309172997051,69.83978086545567,69.88944244384766,17370000,0.0,0.0,6800.259765625,,610.1934204101562
2025-12-17 05:00:00+00:00,70.08807760331685,70.43568594002258,69.82985102006683,70.18739318847656,13672700,0.0,0.0,6721.43017578125,,598.8822631835938
2025-12-18 05:00:00+00:00,69.79011964606116,70.3165066169278,69.6908040660593,69.87950897216797,15524800,0.0,0.0,6774.759765625,,607.5601806640625
2025-12-19 05:00:00+00:00,69.58155822753906,70.2867087322392,69.55176430973803,69.58155822753906,36911100,0.0,0.0,6834.5,,615.4799194335938
2025-12-22 05:00:00+00:00,69.45244313832298,69.7404636160554,69.18429032238885,69.73052978515625,12828500,0.0,0.0,6878.490234375,,618.4302368164062
2025-12-23 05:00:00+00:00,69.72060108345215,69.78019649593845,69.21408932972548,69.39286041259766,9471000,0.0,0.0,6909.7900390625,,621.3265380859375
2025-12-24 05:00:00+00:00,69.4226529601902,69.6808795364193,69.27367579785445,69.63121795654297,4515300,0.0,0.0,6932.0498046875,,623.144287109375
2025-12-26 05:00:00+00:00,69.4723083337571,69.68088091151913,69.2538170789519,69.39286041259766,5711400,0.0,0.0,6929.93994140625,,623.1043090820312
2025-12-29 05:00:00+00:00,69.52196669599822,69.93909667762388,69.37298953761962,69.68087768554688,9686900,0.0,0.0,6905.740234375,,620.088134765625
2025-12-30 05:00:00+00:00,69.5219700322782,69.76032895074673,69.32333886310334,69.59149169921875,8610900,0.0,0.0,6896.240234375,,618.64990234375
2025-12-31 05:00:00+00:00,69.59149008611978,69.68087941428185,69.40278517567238,69.43258666992188,8127800,0.0,0.0,6845.5,,613.536376953125
2026-01-02 05:00:00+00:00,69.37299029651919,69.39285795907664,68.50893640759851,68.64797973632812,12151300,0.0,0.0,6858.47021484375,,612.347900390625
2026-01-05 05:00:00+00:00,68.44933934945448,68.44933934945448,67.45616840969817,67.47603607177734,21186600,0.0,0.0,6902.0498046875,,617.2117309570312
2026-01-06 05:00:00+00:00,67.54556144153736,67.78392035851859,67.12842386520353,67.37671661376953,21019900,0.0,0.0,6944.81982421875,,622.6348876953125
2026-01-07 05:00:00+00:00,67.52568975903986,67.60514525240197,66.81060547336676,67.07876586914062,20223400,0.0,0.0,6920.93017578125,,623.2341918945312
2026-01-08 05:00:00+00:00,67.07876611541012,68.98565249934397,66.98937679072635,68.89627075195312,19237000,0.0,0.0,6921.4599609375,,619.6885986328125
2026-01-09 05:00:00+00:00,68.95586167858788,70.17746532214409,68.6479810984765,70.02848815917969,19638600,0.0,0.0,6966.27978515625,,625.86083984375
2026-01-12 05:00:00+00:00,70.41582459834873,70.48534626445026,69.76032810885432,70.0185546875,20582500,0.0,0.0,6977.27001953125,,626.3801879882812
2026-01-13 05:00:00+00:00,69.93910195246318,70.75350189208984,69.79012478284864,70.75350189208984,18324800,0.0,0.0,6963.740234375,,625.4513549804688
2026-01-14 05:00:00+00:00,70.68398038672039,71.22029365219691,70.32643820973604,70.95214080810547,16739100,0.0,0.0,6926.60009765625,,618.769775390625
2026-01-15 05:00:00+00:00,71.1011082117878,71.11104204342422,69.88944595741485,69.99869537353516,15464100,0.0,0.0,6944.47021484375,,620.9970092773438
2026-01-16 05:00:00+00:00,69.80999194766135,70.25691587601656,69.56169919250988,69.95896911621094,20027500,0.0,0.0,6940.009765625,,620.4776611328125
2026-01-20 05:00:00+00:00,69.52196819026295,71.28981131187702,69.31340319496735,71.26001739501953,22152200,0.0,0.0,6796.85986328125,,607.2942504882812
2026-01-21 05:00:00+00:00,71.48844796633642,71.74666695642603,70.34629986394845,71.51824188232422,21660600,0.0,0.0,6875.6201171875,,615.50390625
2026-01-22 05:00:00+00:00,71.33947604638877,71.54804105090786,70.95213995552565,71.37920379638672,13962800,0.0,0.0,6913.35009765625,,619.978271484375
2026-01-23 05:00:00+00:00,71.52817364575755,72.56107241755649,71.28981472220197,72.3823013305664,18307100,0.0,0.0,6915.60986328125,,621.935791015625
2026-01-26 05:00:00+00:00,72.36243796649697,72.79943562096643,72.0446235570537,72.06448364257812,14017400,0.0,0.0,6950.22998046875,,624.67236328125
2026-01-27 05:00:00+00:00,71.945309084889,73.05765574645625,71.77646425750685,73.0477294921875,13239200,0.0,0.0,6978.60009765625,,630.335205078125
2026-01-28 05:00:00+00:00,72.71004282868971,73.11724654682519,72.07441404008694,72.56106567382812,14633700,0.0,0.0,6978.02978515625,,632.4225463867188
2026-01-29 05:00:00+00:00,72.68025035356126,73.58403197699185,72.64052260632465,72.92854309082031,20862100,0.0,0.0,6969.009765625,,628.6373291015625
2026-01-30 05:00:00+00:00,73.20663148749496,74.3885073697265,73.03779424068851,74.29911804199219,26420500,0.0,0.0,6939.02978515625,,621.0868530273438
2026-02-02 05:00:00+00:00,74.49776022315152,75.18304307339208,73.89192529565193,74.8155746459961,19301500,0.0,0.0,6976.43994140625,,625.3515014648438
2026-02-03 05:00:00+00:00,74.75597426936693,76.97074882770865,74.6169309421842,76.36491394042969,27007100,0.0,0.0,6917.81005859375,,615.7435913085938
2026-02-04 05:00:00+00:00,76.74231422161792,77.5765817407765,76.5536168979823,76.82176971435547,28607300,0.0,0.0,6882.72021484375,,604.9871826171875
2026-02-05 05:00:00+00:00,77.28856367891764,78.32146238491974,77.06013102447868,77.9738540649414,21633500,0.0,0.0,6798.39990234375,,596.2781982421875
2026-02-06 05:00:00+00:00,77.96392362110011,78.65914029126262,77.72556470237203,78.49030303955078,18512400,0.0,0.0,6932.2998046875,,608.8822631835938
2026-02-09 05:00:00+00:00,78.13276246065818,78.5697601349517,77.01048193393314,77.43754577636719,23415600,0.0,0.0,6964.81982421875,,613.54638671875
2026-02-10 05:00:00+00:00,76.10669034423498,76.9806856661471,75.49092917902598,76.28546142578125,28848200,0.0,0.0,6941.81005859375,,610.699951171875
2026-02-11 05:00:00+00:00,76.35498469774771,78.51017155318033,76.057037940434,78.06324005126953,22649700,0.0,0.0,6941.47021484375,,612.337890625
2026-02-12 05:00:00+00:00,78.44065016759795,79.86088502338698,78.2519452498483,78.46051025390625,26043500,0.0,0.0,6832.759765625,,599.8836059570312
2026-02-13 05:00:00+00:00,77.91425990780563,78.85777687982574,77.59644549910142,78.14269256591797,16711900,0.0,0.0,6836.169921875,,601.1619873046875
2026-02-17 05:00:00+00:00,78.45057072162511,79.09613335049202,78.20227798569883,79.01667785644531,16260200,0.0,0.0,6843.22021484375,,600.542724609375
2026-02-18 05:00:00+00:00,78.95709264488532,79.29476713985075,78.38105165986912,78.94715881347656,16304900,0.0,0.0,6881.31005859375,,605.027099609375
2026-02-19 05:00:00+00:00,78.91736375043509,79.12592874323063,78.05330228545945,78.37112426757812,14924700,0.0,0.0,6861.89013671875,,602.7100219726562
2026-02-20 05:00:00+00:00,78.78825753094516,79.29476928710938,78.35125986464499,79.29476928710938,17175100,0.0,0.0,6909.509765625,,608.0433349609375
2026-02-23 05:00:00+00:00,78.97695084795251,80.29787003398283,78.9570907629016,80.00984954833984,17157700,0.0,0.0,6837.75,,600.652587890625
2026-02-24 05:00:00+00:00,79.98999112867887,80.5362306178216,79.30470073211256,80.16876220703125,16448500,0.0,0.0,6890.06982421875,,607.1044921875
2026-02-25 05:00:00+00:00,79.85094952483807,80.13897002270433,79.01668194872664,79.92047119140625,18086900,0.0,0.0,6946.1298828125,,615.9033813476562
2026-02-26 05:00:00+00:00,80.19855672232113,80.33760005348906,79.47353857212269,79.95026397705078,12843200,0.0,0.0,6908.85986328125,,608.4727783203125
2026-02-27 05:00:00+00:00,80.38726009322967,81.44001888827108,80.26807684995791,81.00302124023438,28483500,0.0,0.0,6878.8798828125,,606.5252075195312
2026-03-02 05:00:00+00:00,80.6951451106633,80.844122278634,79.60265850770072,79.67218017578125,18137200,0.0,0.0,6881.6201171875,,607.32421875
2026-03-03 05:00:00+00:00,79.3146327643425,79.53313158596052,78.02350749694136,78.79817962646484,20549300,0.0,0.0,6816.6298828125,,600.8224487304688
2026-03-04 05:00:00+00:00,78.74852625669348,78.92729733242406,77.21904207039694,77.566650390625,21011800,0.0,0.0,6869.5,,609.9808959960938
2026-03-05 05:00:00+00:00,77.14952231057237,77.18925005919229,75.97758024681086,76.50395965576172,23165700,0.0,0.0,6830.7099609375,,608.1431274414062
2026-03-06 05:00:00+00:00,76.27553421413596,76.66287028974227,75.82860272723335,76.5138931274414,15516000,0.0,0.0,6740.02001953125,,598.9946899414062
2026-03-09 04:00:00+00:00,76.09676518555752,77.53686011292403,76.00737585485076,77.26870727539062,18554100,0.0,0.0,6795.990234375,,606.99462890625
2026-03-10 04:00:00+00:00,76.95088983578943,77.87453913793452,76.57348001896666,77.34815216064453,17243900,0.0,0.0,6781.47998046875,,607.004638671875
2026-03-11 04:00:00+00:00,77.1793166426866,77.1793166426866,76.07689623875925,77.09986114501953,11546800,0.0,0.0,6775.7998046875,,606.9247436523438
2026-03-12 04:00:00+00:00,76.89129691652921,77.62624891136876,76.37485133110869,77.08000183105469,16842200,0.0,0.0,6672.6201171875,,596.5078735351562
2026-03-13 04:00:00+00:00,77.47000122070312,78.05000305175781,77.19000244140625,77.33999633789062,11974500,0.53,0.0,6632.18994140625,,592.9722900390625
2026-03-16 04:00:00+00:00,78.0,78.43000030517578,77.73999786376953,77.81999969482422,11761200,0.0,0.0,6699.3798828125,,599.6239013671875
2026-03-17 04:00:00+00:00,78.0,78.30000305175781,77.44999694824219,77.58000183105469,14900100,0.0,0.0,6716.08984375,,602.5502319335938
2026-03-18 04:00:00+00:00,77.08000183105469,77.12999725341797,75.8499984741211,75.97000122070312,13134600,0.0,0.0,6624.7001953125,,594.15087890625
2026-03-19 04:00:00+00:00,76.0,76.44999694824219,75.52999877929688,75.55000305175781,13023300,0.0,0.0,6606.490234375,,592.273193359375
2026-03-20 04:00:00+00:00,75.56999969482422,76.05000305175781,74.38999938964844,74.75,33298700,0.0,0.0,6506.47998046875,,581.3269653320312
2026-03-23 04:00:00+00:00,75.33999633789062,75.44999694824219,74.55000305175781,75.11000061035156,15054900,0.0,0.0,6581.0,,588.0
2026-03-24 04:00:00+00:00,74.86000061035156,75.69000244140625,74.62999725341797,74.66999816894531,15653700,0.0,0.0,6556.3701171875,,583.97998046875
2026-03-25 04:00:00+00:00,74.58999633789062,75.6500015258789,74.06999969482422,75.25,14787900,0.0,0.0,6591.89990234375,,587.8200073242188
2026-03-26 04:00:00+00:00,75.19000244140625,75.75,74.6500015258789,74.69000244140625,11202100,0.0,0.0,6477.16015625,,573.7899780273438
2026-03-27 04:00:00+00:00,74.81999969482422,76.05000305175781,74.69999694824219,75.70999908447266,17461000,0.0,0.0,6368.85009765625,,562.5800170898438
2026-03-30 04:00:00+00:00,75.93000030517578,77.0,75.72000122070312,76.2699966430664,18502800,0.0,0.0,6343.72021484375,,558.280029296875
2026-03-31 04:00:00+00:00,76.52999877929688,77.0199966430664,75.51000213623047,76.05000305175781,18301800,0.0,0.0,6528.52001953125,,577.1799926757812
2026-04-01 04:00:00+00:00,76.1500015258789,76.36000061035156,75.26000213623047,76.08000183105469,15834300,0.0,0.0,6575.31982421875,,584.3099975585938
2026-04-02 04:00:00+00:00,76.58000183105469,76.95999908447266,76.12000274658203,76.72000122070312,14573400,0.0,0.0,6582.68994140625,,584.97998046875
