Date,Open,High,Low,Close,Volume,Dividends,Stock Splits,snp500,vix_close,qqq_close
2021-04-05 04:00:00+00:00,263.95276740563696,268.0817127138936,263.95276740563696,266.6057434082031,1400000,0.0,0.0,4077.909912109375,,321.2608642578125
2021-04-06 04:00:00+00:00,265.7649965369513,266.43758396024396,263.77525755521367,265.4006652832031,1615800,0.0,0.0,4073.93994140625,,321.0376892089844
2021-04-07 04:00:00+00:00,264.82154063998803,265.6903197270123,261.9817519615683,262.8224792480469,3015900,0.0,0.0,4079.949951171875,,321.81402587890625
2021-04-08 04:00:00+00:00,264.42922012429415,265.4287650953245,263.35495587401357,263.61651611328125,2003800,0.0,0.0,4097.169921875,,325.1717529296875
2021-04-09 04:00:00+00:00,265.1017877625227,266.44696275143974,263.1774457521408,266.0452575683594,1599000,0.0,0.0,4128.7998046875,,327.14166259765625
2021-04-12 04:00:00+00:00,264.38251979337315,267.51192085814336,264.38251979337315,266.6338195800781,1479900,0.0,0.0,4127.990234375,,326.7146911621094
2021-04-13 04:00:00+00:00,266.6618057184661,268.8383859158014,266.3909233997355,267.4371643066406,1543600,0.0,0.0,4141.58984375,,330.52850341796875
2021-04-14 04:00:00+00:00,266.08261505053,267.651976271513,265.4100275975482,266.2787780761719,1325400,0.0,0.0,4124.66015625,,326.5594787597656
2021-04-15 04:00:00+00:00,268.1004062969833,269.78186085665067,267.73607498789664,269.00653076171875,1449100,0.0,0.0,4170.419921875,,331.50860595703125
2021-04-16 04:00:00+00:00,269.81926797763776,271.5007512523084,269.52033381663887,270.8655090332031,1304400,0.0,0.0,4185.47021484375,,331.89678955078125
2021-04-19 04:00:00+00:00,270.89355388417016,271.02434828048854,268.1284839447394,269.4549865722656,1675600,0.0,0.0,4163.259765625,,328.8593444824219
2021-04-20 04:00:00+00:00,268.2405465754083,268.89446146663136,266.87669871112183,267.0168151855469,1603200,0.0,0.0,4134.93994140625,,326.4624328613281
2021-04-21 04:00:00+00:00,268.74498211240035,273.2288801367116,268.55814114975055,272.7431335449219,1176400,0.0,0.0,4173.419921875,,329.2572021484375
2021-04-22 04:00:00+00:00,271.53804020231166,272.59363163973194,269.19334891589307,269.6884460449219,930300,0.0,0.0,4134.97998046875,,325.2882080078125
2021-04-23 04:00:00+00:00,269.38018393919356,273.1634994571928,268.89443736874205,272.3974914550781,1290600,0.0,0.0,4180.169921875,,329.38336181640625
2021-04-26 04:00:00+00:00,272.7991263701867,272.81779905960036,269.7537960283101,270.45440673828125,906300,0.0,0.0,4187.6201171875,,331.52801513671875
2021-04-27 04:00:00+00:00,269.55772169117034,271.69692841159286,268.6983215686493,271.09906005859375,1199800,0.0,0.0,4186.72021484375,,330.091796875
2021-04-28 04:00:00+00:00,269.4362312551373,271.42597054284425,268.05371081705147,268.231201171875,1366300,0.0,0.0,4183.18017578125,,328.9758605957031
2021-04-29 04:00:00+00:00,269.3708104142194,270.2862854003906,267.10083840136275,270.2862854003906,1290400,0.0,0.0,4211.47021484375,,330.1596984863281
2021-04-30 04:00:00+00:00,269.3428341847914,269.6230956415712,266.6057878552803,267.0168151855469,1932700,0.0,0.0,4181.169921875,,327.99560546875
2021-05-03 04:00:00+00:00,268.4179903787062,270.5104720549147,268.20312614991076,269.6884460449219,974900,0.0,0.0,4192.66015625,,326.24896240234375
2021-05-04 04:00:00+00:00,265.55956928001865,267.04486105031606,263.38301717218127,264.3638610839844,2301700,0.0,0.0,4164.66015625,,320.3778076171875
2021-05-05 04:00:00+00:00,268.65156589176513,273.4904447170964,267.8575345498031,272.4068298339844,1763500,0.0,0.0,4167.58984375,,319.3005676269531
2021-05-06 04:00:00+00:00,275.55496512021114,276.97485970305075,272.38818997133336,276.8814392089844,2532800,0.0,0.0,4201.6201171875,,321.7072448730469
2021-05-07 04:00:00+00:00,278.8431048014882,281.0944043114565,277.3764859845829,279.2447814941406,1883600,0.0,0.0,4232.60009765625,,324.3177795410156
2021-05-10 04:00:00+00:00,282.20605336460494,283.859484691832,281.1878356933594,281.1878356933594,1695700,0.0,0.0,4188.43017578125,,316.1272888183594
2021-05-11 04:00:00+00:00,278.35734219388286,281.12241140649513,276.78795239025254,278.9458312988281,1634800,0.0,0.0,4152.10009765625,,315.69061279296875
2021-05-12 04:00:00+00:00,275.51756250634276,278.1611883145144,273.97622429264953,274.62078857421875,1776000,0.0,0.0,4063.0400390625,,307.5196228027344
2021-05-13 04:00:00+00:00,275.18124370111764,279.11402642653326,274.4806328579394,278.329345703125,1569300,0.0,0.0,4112.5,,309.89715576171875
2021-05-14 04:00:00+00:00,279.8426078702598,281.9631126934789,279.291464198355,281.3372497558594,1210600,0.0,0.0,4173.85009765625,,316.7387390136719
2021-05-17 04:00:00+00:00,282.29007633708204,283.2428966627255,279.310143098309,281.06634521484375,1143000,0.0,0.0,4163.2900390625,,314.8172912597656
2021-05-18 04:00:00+00:00,281.46809531601406,281.93516925580474,278.19857773747947,278.3760681152344,1305900,0.0,0.0,4127.830078125,,312.6920471191406
2021-05-19 04:00:00+00:00,275.27467148714345,276.96547675291737,272.34146216998374,276.5731506347656,1882400,0.0,0.0,4115.68017578125,,313.05108642578125
2021-05-20 04:00:00+00:00,277.918360918462,281.01038829882873,277.918360918462,278.4975280761719,1272900,0.0,0.0,4159.1201171875,,319.1064453125
2021-05-21 04:00:00+00:00,280.0014452341777,282.140651623273,278.6936440494638,278.90850830078125,1923500,0.0,0.0,4155.85986328125,,317.3403625488281
2021-05-24 04:00:00+00:00,281.3186624173331,283.1122391075562,280.7581679198925,281.4307556152344,1058300,0.0,0.0,4197.0498046875,,322.67779541015625
2021-05-25 04:00:00+00:00,282.4956326645409,282.7571929017847,280.44984675226925,281.4120178222656,1330300,0.0,0.0,4188.1298828125,,323.1241149902344
2021-05-26 04:00:00+00:00,281.27191253770883,281.7296358440978,277.8716008104506,280.02947998046875,1411600,0.0,0.0,4195.990234375,,324.2499084472656
2021-05-27 04:00:00+00:00,280.935587533253,281.84171199855547,280.0294630679505,280.97296142578125,1710900,0.0,0.0,4200.8798828125,,323.036865234375
2021-05-28 04:00:00+00:00,282.66375440552326,283.03740779092243,280.2443152382508,280.8048095703125,1430900,0.0,0.0,4204.10986328125,,324.0557556152344
2021-06-01 04:00:00+00:00,285.0738417452111,285.5782609343177,281.43064322079186,282.35546875,1418200,0.0,0.0,4202.0400390625,,322.9786071777344
2021-06-02 04:00:00+00:00,283.3960024161842,283.4522462334496,280.5930806255442,281.1180419921875,1562800,1.06,0.0,4208.1201171875,,323.60931396484375
2021-06-03 04:00:00+00:00,278.99954543367534,280.02134668286936,277.52776485115066,279.65576171875,1608200,0.0,0.0,4192.85009765625,,320.241943359375
2021-06-04 04:00:00+00:00,281.1930839682447,282.861717654298,279.87129676511887,281.0993347167969,1362200,0.0,0.0,4229.89013671875,,325.6763610839844
2021-06-07 04:00:00+00:00,278.812019146222,279.34633552424407,272.92492661431,273.3373718261719,3591400,0.0,0.0,4226.52001953125,,326.64678955078125
2021-06-08 04:00:00+00:00,275.1184647677864,275.8684014080872,273.1310783153161,274.19976806640625,1721800,0.0,0.0,4227.259765625,,326.8020324707031
2021-06-09 04:00:00+00:00,274.0217380820657,276.06534037761844,272.0156412126332,272.3062438964844,1720800,0.0,0.0,4219.5498046875,,326.87969970703125
2021-06-10 04:00:00+00:00,273.87169684668027,274.77162665757635,272.04371531230544,272.1655578613281,1311000,0.0,0.0,4239.18017578125,,330.2858581542969
2021-06-11 04:00:00+00:00,273.3374019776618,274.3685866417025,271.8094063030583,272.99993896484375,1437700,0.0,0.0,4247.43994140625,,331.1495666503906
2021-06-14 04:00:00+00:00,272.7936552895299,273.30923322907825,269.92510573906316,272.70928955078125,1489400,0.0,0.0,4255.14990234375,,334.3229064941406
2021-06-15 04:00:00+00:00,275.3247418850021,275.3434802908618,270.8719244876644,272.70928955078125,2011500,0.0,0.0,4246.58984375,,332.1393737792969
2021-06-16 04:00:00+00:00,276.29969502846643,276.5246989735111,271.237549692953,271.44378662109375,2364000,0.0,0.0,4223.7001953125,,330.9264221191406
2021-06-17 04:00:00+00:00,270.67507392405935,271.3500285206881,267.51592137048334,269.2689208984375,2397800,0.0,0.0,4221.85986328125,,335.12841796875
2021-06-18 04:00:00+00:00,266.3440158632477,267.6939244923072,264.3472748240871,264.3753967285156,3882300,0.0,0.0,4166.4501953125,,332.49853515625
2021-06-21 04:00:00+00:00,268.73462335116386,270.57198875661356,267.5253236539468,270.2907409667969,2282800,0.0,0.0,4224.7900390625,,334.5649108886719
2021-06-22 04:00:00+00:00,272.60615486262355,273.2529874633577,271.2468909369853,272.184326171875,2406900,0.0,0.0,4246.43994140625,,337.6836853027344
2021-06-23 04:00:00+00:00,271.6031464976454,272.18435182072545,266.4941125427538,266.944091796875,2685000,0.0,0.0,4241.83984375,,337.84881591796875
2021-06-24 04:00:00+00:00,269.334464600416,269.737554809938,267.00026045738446,267.2908630371094,3124300,0.0,0.0,4266.490234375,,339.9377746582031
2021-06-25 04:00:00+00:00,267.3003062837073,268.9314344968153,265.29418107646745,267.27215576171875,23412000,0.0,0.0,4280.7001953125,,339.51983642578125
2021-06-28 04:00:00+00:00,270.890658286206,271.7249607606994,269.2314082358635,271.56561279296875,1969300,0.0,0.0,4290.60986328125,,343.6490478515625
2021-06-29 04:00:00+00:00,273.50611267036857,274.76227244930266,271.58435327821894,272.20306396484375,1181800,0.0,0.0,4291.7998046875,,344.892578125
2021-06-30 04:00:00+00:00,270.1688871244461,271.7437716919977,269.9345282801703,271.0125732421875,1546800,0.0,0.0,4297.5,,344.3484802246094
2021-07-01 04:00:00+00:00,271.5656014972849,272.69989006277075,270.88126351209013,272.6436462402344,1434800,0.0,0.0,4319.93994140625,,344.48455810546875
2021-07-02 04:00:00+00:00,272.5124244907993,274.0591868514618,271.42499622418296,273.506103515625,1066400,0.0,0.0,4352.33984375,,348.43878173828125
2021-07-06 04:00:00+00:00,273.215487880345,273.6467000421434,269.4844856574789,270.4500427246094,1288100,0.0,0.0,4343.5400390625,,349.9447326660156
2021-07-07 04:00:00+00:00,272.1186761706447,274.4528805564285,271.2281013283875,274.2279052734375,1228600,0.0,0.0,4358.1298828125,,350.68304443359375
2021-07-08 04:00:00+00:00,269.08137378230145,269.9437980365926,266.8971340219641,269.03448486328125,1587100,0.0,0.0,4320.81982421875,,348.56500244140625
2021-07-09 04:00:00+00:00,272.69988161634353,275.43720486408705,271.93117792115345,274.3966369628906,1405800,0.0,0.0,4369.5498046875,,350.7413635253906
2021-07-12 04:00:00+00:00,274.05918841242834,276.22466145134024,273.47798316156917,274.2185363769531,1382800,0.0,0.0,4384.6298828125,,352.1112976074219
2021-07-13 04:00:00+00:00,273.67491896520266,274.24674088156485,270.7594797179266,271.59381103515625,1343000,0.0,0.0,4369.2099609375,,352.1112976074219
2021-07-14 04:00:00+00:00,272.6061570096643,273.8435783954453,271.3875026380108,272.8780212402344,1106200,0.0,0.0,4374.2998046875,,352.7428283691406
2021-07-15 04:00:00+00:00,271.1250249241129,275.1372466612483,270.90940451702545,273.7779541015625,1220900,0.0,0.0,4360.02978515625,,350.2652893066406
2021-07-16 04:00:00+00:00,274.4529024426619,274.82789942188526,271.05939148176225,271.9218444824219,1306300,0.0,0.0,4327.16015625,,347.4284362792969
2021-07-19 04:00:00+00:00,267.3847027331072,267.5721726434493,265.05985270045767,266.8597412109375,1718100,0.0,0.0,4258.490234375,,344.5817565917969
2021-07-20 04:00:00+00:00,267.41278365730227,273.2811087608895,266.8221948833307,272.20306396484375,1973600,0.0,0.0,4323.06005859375,,348.5845031738281
2021-07-21 04:00:00+00:00,273.6467223370629,276.28091305350847,273.2904923711516,275.79345703125,1370200,0.0,0.0,4358.68994140625,,351.2756652832031
2021-07-22 04:00:00+00:00,278.09960416151796,278.4651891108959,276.11224558389955,276.74969482421875,914600,0.0,0.0,4367.47998046875,,353.5977478027344
2021-07-23 04:00:00+00:00,278.6058244593302,280.311935219372,277.64962200039304,280.1150817871094,1102700,0.0,0.0,4411.7900390625,,357.7268981933594
2021-07-26 04:00:00+00:00,280.79003547635426,281.2587531951482,278.277715369601,279.7963562011719,1398400,0.0,0.0,4422.2998046875,,358.0085144042969
2021-07-27 04:00:00+00:00,279.02759312553343,281.8211604363124,277.08709531510897,280.15252685546875,1551300,0.0,0.0,4401.4599609375,,354.0639953613281
2021-07-28 04:00:00+00:00,279.40259871132264,280.021309484364,278.02456758233444,278.28704833984375,1063500,0.0,0.0,4400.64013671875,,355.4242248535156
2021-07-29 04:00:00+00:00,279.09322306056697,281.77427413674866,278.7276095820403,280.7149963378906,1295000,0.0,0.0,4419.14990234375,,356.0557861328125
2021-07-30 04:00:00+00:00,283.48041231722647,289.4799921625361,283.1054439409421,288.1582336425781,2516600,0.0,0.0,4395.259765625,,354.2000732421875
2021-08-02 04:00:00+00:00,289.41438083656783,290.7830282241288,281.34304885365054,281.4367980957031,1927600,0.0,0.0,4387.16015625,,354.2292785644531
2021-08-03 04:00:00+00:00,281.8773743305823,284.2397005826969,281.2774021094579,283.9678649902344,1133000,0.0,0.0,4423.14990234375,,356.37646484375
2021-08-04 04:00:00+00:00,285.43027066797725,288.4675514620875,285.43027066797725,286.4989318847656,1476700,0.0,0.0,4402.66015625,,356.8913269042969
2021-08-05 04:00:00+00:00,288.16760794139054,289.65812664803633,285.3740690329905,285.7583923339844,1586500,0.0,0.0,4429.10009765625,,359.1551208496094
2021-08-06 04:00:00+00:00,285.8895904785126,287.68009499563635,284.91464994071623,286.7332763671875,858900,0.0,0.0,4436.52001953125,,357.5810852050781
2021-08-09 04:00:00+00:00,286.9582886510782,287.02391598410287,282.86170121437146,284.28662109375,910300,0.0,0.0,4432.35009765625,,358.2417907714844
2021-08-10 04:00:00+00:00,283.06793191360464,285.636523878117,282.12114179203047,282.8992004394531,1448400,0.0,0.0,4436.75,,356.40557861328125
2021-08-11 04:00:00+00:00,288.12076840109296,288.63634641434993,284.671013085001,287.1364440917969,1803100,0.0,0.0,4442.41015625,,355.79345703125
2021-08-12 04:00:00+00:00,288.73006731760086,289.3675164443989,285.7115245604048,287.4739074707031,784500,0.0,0.0,4460.830078125,,357.0759582519531
2021-08-13 04:00:00+00:00,288.8613314265657,290.06124748431597,288.08324409521856,290.04248046875,816500,0.0,0.0,4468.0,,358.3292236328125
2021-08-16 04:00:00+00:00,290.48306886962274,292.20794637103165,289.0300556127511,291.8704833984375,1262500,0.0,0.0,4479.7099609375,,358.48468017578125
2021-08-17 04:00:00+00:00,292.0860900230251,292.7704281187294,288.5238471819688,292.02984619140625,1408500,0.0,0.0,4448.080078125,,355.32708740234375
2021-08-18 04:00:00+00:00,292.8735097724527,294.7014911975743,290.3236849537653,290.5205383300781,1278800,0.0,0.0,4400.27001953125,,351.9071960449219
2021-08-19 04:00:00+00:00,288.9643978439882,292.4235359900508,288.4956802481342,291.70172119140625,1402500,0.0,0.0,4405.7998046875,,353.6075134277344
2021-08-20 04:00:00+00:00,291.42048303104565,294.4671475040639,291.2798734693261,294.21405029296875,1165200,0.0,0.0,4441.669921875,,357.27020263671875
2021-08-23 04:00:00+00:00,293.3047929877625,294.69217907264584,293.2485491523352,293.2579040527344,988600,0.0,0.0,4479.52978515625,,362.61376953125
2021-08-24 04:00:00+00:00,294.11089738088526,294.6452422870428,292.3860201227764,292.92974853515625,689100,0.0,0.0,4486.22998046875,,363.7213439941406
2021-08-25 04:00:00+00:00,291.11122915725315,293.94227407777987,290.5862675641523,293.2767028808594,801400,0.0,0.0,4496.18994140625,,364.1391296386719
2021-08-26 04:00:00+00:00,293.92345357145024,294.27968354046953,291.74859694562434,291.84234619140625,880100,0.0,0.0,4470.0,,361.8268127441406
2021-08-27 04:00:00+00:00,293.68916757191306,295.28279071228013,292.7985924285754,294.8609619140625,1268900,0.0,0.0,4509.3701171875,,365.3438720703125
2021-08-30 04:00:00+00:00,295.8357696150167,296.50136916398,294.9077179787935,295.8076477050781,747500,0.0,0.0,4528.7900390625,,369.44378662109375
2021-08-31 04:00:00+00:00,295.4139683954761,295.7326929404573,293.8578224818012,294.9077453613281,1492900,0.0,0.0,4522.68017578125,,369.1426086425781
2021-09-01 04:00:00+00:00,293.876574012272,295.75144455466193,292.60167577540875,294.2421875,1050700,0.0,0.0,4524.08984375,,369.7547607421875
2021-09-02 04:00:00+00:00,295.7565766536004,296.9229548653483,295.163986596176,296.8288879394531,893000,1.06,0.0,4536.9501953125,,369.5798034667969
2021-09-03 04:00:00+00:00,295.74717368439053,297.4026309266907,294.7312968692668,294.8159484863281,1150800,0.0,0.0,4535.43017578125,,370.7165832519531
2021-09-07 04:00:00+00:00,297.49672154405266,298.20218044761657,294.21399529846474,296.8947448730469,1382700,0.0,0.0,4520.02978515625,,371.2412109375
2021-09-08 04:00:00+00:00,295.39910189309256,297.0640030240844,291.91885572028946,293.085205078125,1521800,0.0,0.0,4514.06982421875,,369.948974609375
2021-09-09 04:00:00+00:00,294.345716927754,296.77251205053,293.64025790221234,294.12939453125,1211200,0.0,0.0,4493.27978515625,,368.67620849609375
2021-09-10 04:00:00+00:00,294.55255928772834,295.5308035302912,291.6930915738018,292.0035095214844,971100,0.0,0.0,4458.580078125,,365.878173828125
2021-09-13 04:00:00+00:00,295.8788516521989,296.82887877557766,292.6995791093858,294.8818054199219,1354000,0.0,0.0,4468.72998046875,,365.6256103515625
2021-09-14 04:00:00+00:00,296.87590390530755,297.02640524410657,292.5208664997699,293.4144592285156,1128600,0.0,0.0,4443.0498046875,,364.5860595703125
2021-09-15 04:00:00+00:00,294.8630464181208,296.3397853736775,293.0570588315944,295.8506774902344,1419000,0.0,0.0,4480.7001953125,,367.2966613769531
2021-09-16 04:00:00+00:00,295.4367519414985,296.1798432886889,291.5144168751413,294.4867248535156,1232300,0.0,0.0,4473.75,,367.5492858886719
2021-09-17 04:00:00+00:00,290.9782599298061,292.7842184727818,287.8084028235384,290.9500427246094,6512400,0.0,0.0,4432.990234375,,363.1966857910156
2021-09-20 04:00:00+00:00,283.8766442816302,286.472742168114,281.7790982316397,284.2622985839844,1885200,0.0,0.0,4357.72998046875,,355.6918640136719
2021-09-21 04:00:00+00:00,287.36638336784836,287.92134100720676,285.0524571634991,286.8490295410156,1216200,0.0,0.0,4354.18994140625,,356.1295471191406
2021-09-22 04:00:00+00:00,287.8930517779857,290.92182283027336,287.53561471200254,287.8836364746094,1334000,0.0,0.0,4395.64013671875,,359.4559631347656
2021-09-23 04:00:00+00:00,290.5267653893639,293.32979891922884,290.2257627206816,291.93768310546875,1066900,0.0,0.0,4448.97998046875,,362.77264404296875
2021-09-24 04:00:00+00:00,289.91540270821815,292.643171493569,289.5297483822772,291.8342590332031,926200,0.0,0.0,4455.47998046875,,363.1130676269531
2021-09-27 04:00:00+00:00,292.0504782478108,293.74359630309243,290.1504532033549,290.84649658203125,1021600,0.0,0.0,4443.10986328125,,360.2146301269531
2021-09-28 04:00:00+00:00,287.394553723063,287.51683785683537,280.51868337117793,282.1177062988281,2278000,0.0,0.0,4352.6298828125,,350.0214538574219
2021-09-29 04:00:00+00:00,281.8731569057661,282.6632673904363,280.60332520693396,281.3746337890625,1197700,0.0,0.0,4359.4599609375,,349.44757080078125
2021-09-30 04:00:00+00:00,281.5157458933567,282.6162457504566,275.8814610466921,275.95672607421875,2084800,0.0,0.0,4307.5400390625,,348.1636657714844
2021-10-01 04:00:00+00:00,277.9884437311252,280.8102793780123,275.18540998801325,280.1612548828125,1597400,0.0,0.0,4357.0400390625,,350.3229064941406
2021-10-04 04:00:00+00:00,278.87264210088443,280.2741447248972,274.6586902184558,277.15130615234375,1495200,0.0,0.0,4300.4599609375,,342.96978759765625
2021-10-05 04:00:00+00:00,277.3206502978552,281.86382277456966,276.7751079150918,280.1424865722656,1359900,0.0,0.0,4345.72021484375,,347.599609375
2021-10-06 04:00:00+00:00,276.38939540081094,278.64685820465667,273.03140405104705,278.4681396484375,2050200,0.0,0.0,4363.5498046875,,349.826904296875
2021-10-07 04:00:00+00:00,279.85078511950576,284.42217294854254,279.78496411587014,281.3934020996094,1375800,0.0,0.0,4399.759765625,,353.03656005859375
2021-10-08 04:00:00+00:00,281.85436279887057,282.4751701254778,278.1295475444254,278.599853515625,909400,0.0,0.0,4391.33984375,,351.27606201171875
2021-10-11 04:00:00+00:00,278.0072282333352,280.47162661786206,277.19831584368825,277.3299865722656,748800,0.0,0.0,4361.18994140625,,348.5819396972656
2021-10-12 04:00:00+00:00,278.1576274643237,279.4462605965486,276.7372949466705,278.2422790527344,1063900,0.0,0.0,4350.64990234375,,347.3661193847656
2021-10-13 04:00:00+00:00,281.02658667875494,284.1870573605938,280.1800417710964,283.11474609375,1430000,0.0,0.0,4363.7998046875,,350.1478576660156
2021-10-14 04:00:00+00:00,286.2751903839071,290.7807286807313,285.6073640822894,290.43267822265625,1126400,0.0,0.0,4438.259765625,,356.5964660644531
2021-10-15 04:00:00+00:00,290.1881571426556,291.15698615358593,288.3727545430802,289.9341735839844,1230500,0.0,0.0,4471.3701171875,,358.84320068359375
2021-10-18 04:00:00+00:00,289.0312427832314,290.20700773674054,287.6109095337286,289.6802673339844,1010600,0.0,0.0,4486.4599609375,,362.4516906738281
2021-10-19 04:00:00+00:00,289.746047983774,292.52083538941355,288.73958653426763,292.229248046875,984800,0.0,0.0,4519.6298828125,,365.1944885253906
2021-10-20 04:00:00+00:00,292.67136341781156,293.47088920958174,291.78718600646965,292.7372131347656,745300,0.0,0.0,4536.18994140625,,364.7179260253906
2021-10-21 04:00:00+00:00,292.69016766205306,293.09462382086315,290.09407007491427,292.82183837890625,856900,0.0,0.0,4549.77978515625,,366.9452209472656
2021-10-22 04:00:00+00:00,294.4491292487308,296.28330505641526,294.27041070828847,295.4931945800781,1214800,0.0,0.0,4544.89990234375,,363.862060546875
2021-10-25 04:00:00+00:00,296.358523289505,298.90757285653564,295.3144294177963,297.8728942871094,1225400,0.0,0.0,4566.47998046875,,367.587158203125
2021-10-26 04:00:00+00:00,298.96407267196275,300.158639410418,297.87295946049034,297.9576110839844,1069800,0.0,0.0,4574.7900390625,,368.7445983886719
2021-10-27 04:00:00+00:00,300.525439559036,302.33142666178753,297.9481726746134,300.02691650390625,1536000,0.0,0.0,4551.68017578125,,369.6004943847656
2021-10-28 04:00:00+00:00,297.65660007246066,299.53782357437495,296.8758762442584,299.076904296875,1565000,0.0,0.0,4596.419921875,,373.70501708984375
2021-10-29 04:00:00+00:00,298.7759037109988,303.55419834950106,298.0328124565494,300.2432556152344,1890800,0.0,0.0,4605.3798828125,,375.5433044433594
2021-11-01 04:00:00+00:00,302.3314613662444,305.05922988111456,301.4472839661894,303.7893981933594,1367700,0.0,0.0,4613.669921875,,376.8272399902344
2021-11-02 04:00:00+00:00,307.7023699300732,309.216741283462,306.6582758130663,308.1162414550781,2012300,0.0,0.0,4630.64990234375,,378.40283203125
2021-11-03 04:00:00+00:00,310.29842677152254,310.55238161243295,305.9809935396957,308.90631103515625,1856300,0.0,0.0,4660.56982421875,,382.4198303222656
2021-11-04 04:00:00+00:00,309.837545020326,311.93511982959996,308.8404987320209,311.8128356933594,1628200,0.0,0.0,4680.06005859375,,387.3218994140625
2021-11-05 04:00:00+00:00,311.794019644586,312.85688689978923,311.02271105498085,312.2737121582031,1693200,0.0,0.0,4697.52978515625,,387.6915283203125
2021-11-08 05:00:00+00:00,315.4152622236691,317.83264082547964,315.1613074359828,317.484619140625,1448700,0.0,0.0,4701.7001953125,,387.1662902832031
2021-11-09 05:00:00+00:00,319.7892262875109,319.9585295308355,317.48471577876523,318.5099792480469,1813000,0.0,0.0,4685.25,,384.501220703125
2021-11-10 05:00:00+00:00,317.616443932101,318.5288386549906,315.58471871292835,316.6287841796875,1540100,0.0,0.0,4646.7099609375,,378.8502502441406
2021-11-11 05:00:00+00:00,317.53178905873415,317.71992294243114,315.7070281718355,315.725830078125,924900,0.0,0.0,4649.27001953125,,379.9007263183594
2021-11-12 05:00:00+00:00,317.71984850956744,317.71984850956744,315.63168919261,317.0049743652344,1044100,0.0,0.0,4682.85009765625,,383.89825439453125
2021-11-15 05:00:00+00:00,316.7322016541626,316.7322016541626,312.99797189685694,314.1737365722656,1274900,0.0,0.0,4682.7998046875,,383.81072998046875
2021-11-16 05:00:00+00:00,314.11727484711525,315.40590822646664,313.101398181,313.1954650878906,1604300,0.0,0.0,4700.89990234375,,386.54376220703125
2021-11-17 05:00:00+00:00,314.48417306827645,314.56882469300194,311.4083825491318,311.7940368652344,1304600,0.0,0.0,4688.669921875,,386.74798583984375
2021-11-18 05:00:00+00:00,311.77520272007433,312.0574035044883,309.62122220325415,311.342529296875,1762900,0.0,0.0,4704.5400390625,,390.75531005859375
2021-11-19 05:00:00+00:00,312.1137702681889,313.44942276057225,310.84393877655845,312.4617919921875,2067000,0.0,0.0,4697.9599609375,,392.9339599609375
2021-11-22 05:00:00+00:00,313.007370650904,314.5123552349142,310.1573181152344,310.1573181152344,955500,0.0,0.0,4682.93994140625,,388.37225341796875
2021-11-23 05:00:00+00:00,309.44245736219165,311.77515608196927,309.02858590445203,310.63702392578125,986800,0.0,0.0,4690.7001953125,,386.6022033691406
2021-11-24 05:00:00+00:00,305.99984215307524,308.8028469868602,305.5483381485835,307.8152160644531,1327400,0.0,0.0,4701.4599609375,,387.8471374511719
2021-11-26 05:00:00+00:00,303.98696585503427,305.20036331894,300.18691421048436,301.531982421875,1319000,0.0,0.0,4594.6201171875,,380.4941101074219
2021-11-29 05:00:00+00:00,302.4067382727016,303.4884362610977,299.69777129658723,301.6918640136719,1857200,0.0,0.0,4655.27001953125,,388.751708984375
2021-11-30 05:00:00+00:00,301.33434620804826,301.7294157467925,297.04515921260867,299.2462158203125,3243900,0.0,0.0,4567.0,,383.0423278808594
2021-12-01 05:00:00+00:00,302.59475700130093,306.4606568195906,299.34022026425754,299.38726806640625,2459500,0.0,0.0,4513.0400390625,,376.5256652832031
2021-12-02 05:00:00+00:00,302.00153115354937,306.4277433986074,301.4352725224144,305.77655029296875,2183900,1.06,0.0,4577.10009765625,,379.2393493652344
2021-12-03 05:00:00+00:00,306.8901734050288,308.6078140222509,300.35940643568733,302.66217041015625,2566700,0.0,0.0,4538.43017578125,,372.64483642578125
2021-12-06 05:00:00+00:00,306.87128891346435,308.06984704220764,305.2668943653501,306.74859619140625,1672900,0.0,0.0,4591.669921875,,375.630859375
2021-12-07 05:00:00+00:00,312.0619980348679,313.8173683206473,311.42966958070554,312.05255126953125,1797500,0.0,0.0,4686.75,,386.9425354003906
2021-12-08 05:00:00+00:00,315.119703801171,315.24239652627864,312.2318165836728,314.44964599609375,1370100,0.0,0.0,4701.2099609375,,388.6738586425781
2021-12-09 05:00:00+00:00,312.4299644335948,315.2140521632637,311.9109108980798,313.4397888183594,1086500,0.0,0.0,4667.4501953125,,382.9548034667969
2021-12-10 05:00:00+00:00,314.2420450111037,316.00686192443357,314.07217605499005,315.214111328125,1116600,0.0,0.0,4712.02001953125,,387.1177062988281
2021-12-13 05:00:00+00:00,314.91207796091766,316.6297185176013,312.77921181139544,315.3934020996094,1016800,0.0,0.0,4668.97021484375,,381.5250244140625
2021-12-14 05:00:00+00:00,316.3371978043474,317.15825993469144,314.2892370599117,315.6860046386719,1631400,0.0,0.0,4634.08984375,,377.576171875
2021-12-15 05:00:00+00:00,317.2809595848419,322.2073612752889,315.79925749148424,322.16015625,1445100,0.0,0.0,4709.85009765625,,386.1839294433594
2021-12-16 05:00:00+00:00,321.72597407651057,324.0004263780719,319.53645624250447,320.88604736328125,1449500,0.0,0.0,4668.669921875,,376.2533264160156
2021-12-17 05:00:00+00:00,319.11181279326615,319.9234280907843,314.3835920635659,315.05364990234375,2791400,0.0,0.0,4620.64013671875,,374.3761901855469
2021-12-20 05:00:00+00:00,311.7788488432259,312.0714393535296,308.6172930309352,311.7411193847656,1621800,0.0,0.0,4568.02001953125,,370.7445983886719
2021-12-21 05:00:00+00:00,311.81653520826643,315.2235045216949,311.04264947156327,314.16650390625,1051900,0.0,0.0,4649.22998046875,,379.04193115234375
2021-12-22 05:00:00+00:00,313.4586842901136,316.66744435027823,312.7980445125328,316.4881286621094,923400,0.0,0.0,4696.56005859375,,383.658203125
2021-12-23 05:00:00+00:00,316.4882027407128,321.48067408824136,316.36550999892063,320.0933532714844,1151900,0.0,0.0,4725.7900390625,,386.5505676269531
2021-12-27 05:00:00+00:00,322.6036831223117,324.5289509339279,321.50895292470324,324.1042785644531,1094400,0.0,0.0,4791.18994140625,,392.939208984375
2021-12-28 05:00:00+00:00,324.0664873000443,325.5481890629892,323.60405672223754,324.45343017578125,926400,0.0,0.0,4786.35009765625,,391.11810302734375
2021-12-29 05:00:00+00:00,324.8120700167319,327.0110058104445,324.6044428292524,325.9728698730469,802100,0.0,0.0,4793.06005859375,,391.05963134765625
2021-12-30 05:00:00+00:00,325.84081817283544,326.746814790787,324.4251858567991,324.9631042480469,925300,0.0,0.0,4778.72998046875,,389.8908996582031
2021-12-31 05:00:00+00:00,324.3873790187438,327.4545819108268,324.3024445486345,326.9449462890625,817800,0.0,0.0,4766.18017578125,,387.45623779296875
2022-01-03 05:00:00+00:00,326.93558206717427,327.0960042700474,319.32889114742255,319.5931701660156,1514700,0.0,0.0,4796.56005859375,,391.1861572265625
2022-01-04 05:00:00+00:00,319.8951055510731,326.1899624760236,319.24391246224684,325.41607666015625,1919900,0.0,0.0,4793.5400390625,,386.1123046875
2022-01-05 05:00:00+00:00,328.13418324484405,332.37163404293614,326.84124348335786,326.9261779785156,1654900,0.0,0.0,4700.580078125,,374.25054931640625
2022-01-06 05:00:00+00:00,325.2933317527585,326.06721744448674,318.7059430139389,318.9985046386719,1649400,0.0,0.0,4696.0498046875,,373.98748779296875
2022-01-07 05:00:00+00:00,319.008060794147,319.16851181968775,314.55353595744685,317.3659362792969,1441000,0.0,0.0,4677.02978515625,,369.9361877441406
2022-01-10 05:00:00+00:00,314.6667321405803,316.6769056336504,312.052512961284,316.56365966796875,1415600,0.0,0.0,4670.2900390625,,370.1797180175781
2022-01-11 05:00:00+00:00,315.39341426700145,317.54517402723883,312.38283419529034,317.5074157714844,1571700,0.0,0.0,4713.06982421875,,375.7406005859375
2022-01-12 05:00:00+00:00,319.2817162551565,322.6886864030249,318.21526861552206,322.0941162109375,1274400,0.0,0.0,4726.35009765625,,377.2305603027344
2022-01-13 05:00:00+00:00,319.2533997743842,320.8200363319068,314.0721946975925,314.6573181152344,1446200,0.0,0.0,4659.02978515625,,367.7936706542969
2022-01-14 05:00:00+00:00,310.6368602499405,312.1374267982315,306.8807348979911,310.1461181640625,1850700,0.0,0.0,4662.85009765625,,370.0823669433594
2022-01-18 05:00:00+00:00,304.67236795989027,305.58781132366664,300.54816384098746,303.0963134765625,2207400,0.0,0.0,4577.10986328125,,360.8694763183594
2022-01-19 05:00:00+00:00,307.0600151254435,308.437917723155,303.75687367804704,304.0683288574219,1442400,0.0,0.0,4532.759765625,,356.9057922363281
2022-01-20 05:00:00+00:00,305.60671594316716,309.1741082817557,303.1812589592261,303.5870666503906,1611700,0.0,0.0,4482.72998046875,,352.2701721191406
2022-01-21 05:00:00+00:00,302.6621961164627,303.90793064690837,297.7546593079001,298.33978271484375,1921800,0.0,0.0,4397.93994140625,,342.502197265625
2022-01-24 05:00:00+00:00,296.1502565653176,298.9626563502111,287.0241634129036,298.3775329589844,2877700,0.0,0.0,4410.1298828125,,344.07012939453125
2022-01-25 05:00:00+00:00,292.91322576105017,298.4341981019996,289.0721361165506,295.9521179199219,1941600,0.0,0.0,4356.4501953125,,336.0940856933594
2022-01-26 05:00:00+00:00,299.2646582284882,299.86864633478535,288.5624820599286,291.5541687011719,2092900,0.0,0.0,4349.93017578125,,335.56817626953125
2022-01-27 05:00:00+00:00,293.2529198839534,296.39561048661363,290.01581924623423,293.8380432128906,2151600,0.0,0.0,4326.509765625,,332.1888122558594
2022-01-28 05:00:00+00:00,290.0724578318329,297.25444674550346,288.2416000400292,297.22613525390625,1898400,0.0,0.0,4431.85009765625,,342.6093444824219
2022-01-31 05:00:00+00:00,292.6206061877809,300.963395026907,292.1392820313144,300.7557678222656,2381400,0.0,0.0,4515.5498046875,,353.56536865234375
2022-02-01 05:00:00+00:00,302.41680153135553,303.96454448366484,298.160458010559,303.3322448730469,1875800,0.0,0.0,4546.5400390625,,355.97088623046875
2022-02-02 05:00:00+00:00,302.3129093886189,306.25782564956125,302.001483031729,304.1626892089844,1730400,0.0,0.0,4589.3798828125,,358.8633117675781
2022-02-03 05:00:00+00:00,301.12390390046266,301.54857635447416,293.488929681997,294.2627868652344,1556300,0.0,0.0,4477.43994140625,,344.3136291503906
2022-02-04 05:00:00+00:00,284.45713426826563,287.2883986338686,280.7764963532038,281.2200622558594,3291600,0.0,0.0,4500.52978515625,,348.6570739746094
2022-02-07 05:00:00+00:00,280.0214748427264,282.786698258036,278.8889863787651,279.79498291015625,2533400,0.0,0.0,4483.8701171875,,345.8522644042969
2022-02-08 05:00:00+00:00,279.8421712048096,282.7867104608366,278.3321865210357,281.90899658203125,1993000,0.0,0.0,4521.5400390625,,349.7381286621094
2022-02-09 05:00:00+00:00,285.740582735201,287.81685446909887,284.77796336826975,287.04296875,1880800,0.0,0.0,4587.18017578125,,357.1493225097656
2022-02-10 05:00:00+00:00,292.27144936886333,299.02873772597457,290.00644343043416,291.47869873046875,2497900,0.0,0.0,4504.080078125,,349.06610107421875
2022-02-11 05:00:00+00:00,289.71385884784837,291.7146144155011,277.00148054088123,278.1528625488281,2209700,0.0,0.0,4418.64013671875,,337.9931335449219
2022-02-14 05:00:00+00:00,277.6715532408105,279.20987825516306,273.99091508441893,277.0014953613281,1774400,0.0,0.0,4401.669921875,,338.4119567871094
2022-02-15 05:00:00+00:00,283.66440489161715,285.59909083218844,282.10721513443633,284.9195861816406,1697600,0.0,0.0,4471.06982421875,,346.8262939453125
2022-02-16 05:00:00+00:00,284.36277594169707,288.10003714111156,282.2865037191819,286.74102783203125,1805400,0.0,0.0,4475.009765625,,346.7385559082031
2022-02-17 05:00:00+00:00,284.9856529754384,285.627399360651,281.2389450719323,282.1543884277344,2055900,0.0,0.0,4380.259765625,,336.4252624511719
2022-02-18 05:00:00+00:00,282.94709072767364,288.0905652981253,281.8334671080109,285.8255310058594,2871400,0.0,0.0,4348.8701171875,,332.58807373046875
2022-02-22 05:00:00+00:00,274.82137609142507,278.47370211817133,273.4434735130288,277.0769348144531,3590700,0.0,0.0,4304.759765625,,329.24774169921875
2022-02-23 05:00:00+00:00,279.2098415278637,280.4083996618304,274.30230543080467,274.7175598144531,3391600,0.0,0.0,4225.5,,320.8139953613281
2022-02-24 05:00:00+00:00,261.184050122862,269.81939778133807,261.184050122862,269.2059631347656,4444500,0.0,0.0,4288.7001953125,,331.5947570800781
2022-02-25 05:00:00+00:00,271.4993078132338,280.9085420291448,271.42382012011177,280.7575378417969,2888900,0.0,0.0,4384.64990234375,,336.73687744140625
2022-02-28 05:00:00+00:00,271.7636189693271,278.1434105122118,271.7636189693271,276.74664306640625,3233300,0.0,0.0,4373.93994140625,,337.739990234375
2022-03-01 05:00:00+00:00,275.5763746248755,276.6428220526627,264.7703717021897,266.6673278808594,3439200,0.0,0.0,4306.259765625,,332.5686340332031
2022-03-02 05:00:00+00:00,268.13954994877474,275.6046522242283,266.55404914720174,273.8775939941406,2964500,0.0,0.0,4386.5400390625,,338.14898681640625
2022-03-03 05:00:00+00:00,274.2362235750389,275.4348104571741,269.6024134186872,271.2445373535156,3092200,0.0,0.0,4363.490234375,,333.3185119628906
2022-03-04 05:00:00+00:00,262.70358731700975,265.70474964137077,260.8255243740337,265.6009216308594,3849600,0.0,0.0,4328.8701171875,,328.48809814453125
2022-03-07 05:00:00+00:00,265.04408277779106,265.4027141940048,254.69109193059586,255.7480926513672,3732000,0.0,0.0,4201.08984375,,316.3731384277344
2022-03-08 05:00:00+00:00,258.11686150141895,262.911121795761,252.46378113680828,256.1727294921875,3117300,0.0,0.0,4170.7001953125,,314.9025573730469
2022-03-09 05:00:00+00:00,268.3283300089665,279.6344923257606,266.0821893253457,276.30303955078125,4117600,0.0,0.0,4277.8798828125,,326.2384338378906
2022-03-10 05:00:00+00:00,265.8233257538775,273.0625284647689,265.4632553230115,268.6091003417969,2525900,1.17,0.0,4259.52001953125,,322.6156311035156
2022-03-11 05:00:00+00:00,273.22363687282876,274.31330397228504,265.62433443573224,266.03179931640625,2007300,0.0,0.0,4204.31005859375,,315.9251403808594
2022-03-14 04:00:00+00:00,273.517377219236,277.2886034108579,269.67036041865794,270.3904724121094,2541100,0.0,0.0,4173.10986328125,,309.8578186035156
2022-03-15 04:00:00+00:00,274.94804499330917,279.1266762730842,272.2664871818781,278.671875,3413500,0.0,0.0,4262.4501953125,,319.5771484375
2022-03-16 04:00:00+00:00,287.1808628394429,292.13651525549363,282.91692612295714,288.5548095703125,3535700,0.0,0.0,4357.85986328125,,331.4292907714844
2022-03-17 04:00:00+00:00,287.00087932369155,293.8231612611994,286.29022314790905,293.14093017578125,2265300,0.0,0.0,4411.669921875,,335.4415588378906
2022-03-18 04:00:00+00:00,288.72539577947265,296.17308786798475,288.72539577947265,295.3108215332031,3242700,0.0,0.0,4463.1201171875,,342.3074035644531
2022-03-21 04:00:00+00:00,295.18760028063537,296.0688069294914,292.1460001835059,294.4011535644531,1556300,0.0,0.0,4461.18017578125,,341.35577392578125
2022-03-22 04:00:00+00:00,295.5381585823664,296.9594706905695,293.3682806671757,295.756103515625,1721900,0.0,0.0,4511.60986328125,,348.0642395019531
2022-03-23 04:00:00+00:00,291.59633330267224,294.42001662102535,290.8477965395831,291.1794128417969,1854000,0.0,0.0,4456.240234375,,343.0621032714844
2022-03-24 04:00:00+00:00,293.4536763387033,301.44144593737747,293.4536763387033,301.3561706542969,2115900,0.0,0.0,4520.16015625,,350.687255859375
2022-03-25 04:00:00+00:00,303.8197614057768,304.10401232743527,299.18626896601376,302.0194091796875,1813500,0.0,0.0,4543.06005859375,,350.3947448730469
2022-03-28 04:00:00+00:00,302.61633392150384,305.7716634109091,302.30365793982406,305.7148132324219,1722500,0.0,0.0,4575.52001953125,,355.8161926269531
2022-03-29 04:00:00+00:00,310.53779974744054,311.7411670949171,303.91446471026256,309.220703125,2514200,0.0,0.0,4631.60009765625,,361.939697265625
2022-03-30 04:00:00+00:00,307.57200067064224,309.41023363733837,305.5442478224969,308.5384826660156,1526700,0.0,0.0,4602.4501953125,,357.9418640136719
2022-03-31 04:00:00+00:00,306.55811335413944,307.8373002167853,302.4742116290794,302.6731872558594,2311300,0.0,0.0,4530.41015625,,353.5052185058594
2022-04-01 04:00:00+00:00,304.05660645205086,305.9611452077044,303.5638663643486,305.8000793457031,1477700,0.0,0.0,4545.85986328125,,352.8324279785156
2022-04-04 04:00:00+00:00,303.5638519724267,305.0894087549658,302.4362753251887,304.5777282714844,1301800,0.0,0.0,4582.64013671875,,360.0967712402344
2022-04-05 04:00:00+00:00,303.9996896446734,307.98885969314233,303.848108469832,304.890380859375,1376900,0.0,0.0,4525.1201171875,,352.10113525390625
2022-04-06 04:00:00+00:00,299.4420656649324,300.2948761802954,295.7561441281845,298.52294921875,2257600,0.0,0.0,4481.14990234375,,344.45648193359375
2022-04-07 04:00:00+00:00,300.16214195173376,302.73945553107495,297.8690792052856,301.3655090332031,1471400,0.0,0.0,4500.2099609375,,345.2755126953125
2022-04-08 04:00:00+00:00,300.84436285171023,304.5966183043124,300.4937771972582,301.1475830078125,1357200,0.0,0.0,4488.27978515625,,340.4489440917969
2022-04-11 04:00:00+00:00,301.1760469100412,302.66369388329315,300.1432302295677,300.51275634765625,1235700,0.0,0.0,4412.52978515625,,332.394775390625
2022-04-12 04:00:00+00:00,298.39025071972486,300.9485950209082,296.4762275980987,297.5279846191406,1827900,0.0,0.0,4397.4501953125,,330.99066162109375
2022-04-13 04:00:00+00:00,297.52800161052517,302.67314450729265,297.082655992849,302.5025939941406,1208900,0.0,0.0,4446.58984375,,337.7187194824219
2022-04-14 04:00:00+00:00,302.2278031063271,303.87654483980646,300.0105596544093,301.8108825683594,1785300,0.0,0.0,4392.58984375,,329.9960021972656
2022-04-18 04:00:00+00:00,301.78247125848117,303.11850819113874,299.12936672909274,300.88232421875,915800,0.0,0.0,4391.68994140625,,330.2496337890625
2022-04-19 04:00:00+00:00,298.56082220244394,302.4173227172545,298.0586264071085,301.4602966308594,1944600,0.0,0.0,4462.2099609375,,337.6308898925781
2022-04-20 04:00:00+00:00,303.1374597455959,310.67039658360085,303.1374597455959,309.24908447265625,1957100,0.0,0.0,4459.4501953125,,332.7067565917969
2022-04-21 04:00:00+00:00,313.8162744505032,314.8775163131428,306.6054685355951,307.3540344238281,1475000,0.0,0.0,4393.66015625,,325.82281494140625
2022-04-22 04:00:00+00:00,305.7336908599204,305.7336908599204,292.81869782711533,293.4725036621094,2339100,0.0,0.0,4271.77978515625,,317.2908020019531
2022-04-25 04:00:00+00:00,294.96963541145135,297.68910360388617,290.4403885354955,297.5185241699219,2293300,0.0,0.0,4296.1201171875,,321.36663818359375
2022-04-26 04:00:00+00:00,295.29184586069107,297.101624672405,287.6072692871094,287.6072692871094,2500300,0.0,0.0,4175.2001953125,,309.23663330078125
2022-04-27 04:00:00+00:00,288.4031875820871,293.79470076596584,287.5504060572506,290.9331359863281,2610900,0.0,0.0,4183.9599609375,,308.8661193847656
2022-04-28 04:00:00+00:00,289.47390005912,299.91579596221743,287.1239869579682,298.65557861328125,3304900,0.0,0.0,4287.5,,319.83575439453125
2022-04-29 04:00:00+00:00,297.08264812937983,302.1709407204148,294.6569445065277,295.5950012207031,2534900,0.0,0.0,4131.93017578125,,305.4435729980469
2022-05-02 04:00:00+00:00,298.0585916610598,299.0914082172301,290.80042176861633,296.855224609375,2195400,0.0,0.0,4155.3798828125,,310.543212890625
2022-05-03 04:00:00+00:00,297.6416912568958,300.0768795238436,295.55711758771963,297.5374755859375,1771900,0.0,0.0,4175.47998046875,,310.87481689453125
2022-05-04 04:00:00+00:00,298.2955282042454,305.961135235459,295.7656086697391,305.33575439453125,1730100,0.0,0.0,4300.169921875,,321.3860778808594
2022-05-05 04:00:00+00:00,302.1520412731447,302.9100629143195,293.1977624388228,296.2109375,1769500,0.0,0.0,4146.8701171875,,305.1998596191406
2022-05-06 04:00:00+00:00,289.4550252639146,293.5673524357427,287.8536776084858,292.46820068359375,2273000,0.0,0.0,4123.33984375,,301.5432434082031
2022-05-09 04:00:00+00:00,287.7872172149685,289.5685993149311,284.0918122824201,284.5181884765625,2027000,0.0,0.0,3991.239990234375,,289.74468994140625
2022-05-10 04:00:00+00:00,290.1372279656316,290.5636043040001,282.4526511229671,283.67498779296875,2524900,0.0,0.0,4001.050048828125,,293.2649230957031
2022-05-11 04:00:00+00:00,282.44317550363354,290.63943313161576,281.7988541827846,284.6888732910156,1759200,0.0,0.0,3935.179931640625,,284.5671081542969
2022-05-12 04:00:00+00:00,280.95552256267075,286.4701917851528,280.7754873751381,285.5321350097656,2455200,0.0,0.0,3930.080078125,,283.89434814453125
2022-05-13 04:00:00+00:00,287.3798786195847,294.8559662517329,286.71658798217135,292.5723876953125,1845400,0.0,0.0,4023.889892578125,,294.4154357910156
2022-05-16 04:00:00+00:00,291.2268562911875,295.28233234348,288.93379337026414,293.20721435546875,1598800,0.0,0.0,4008.010009765625,,291.002685546875
2022-05-17 04:00:00+00:00,300.2948315627241,302.1709450177563,298.40920452374144,302.0477600097656,1396600,0.0,0.0,4088.85009765625,,298.5400085449219
2022-05-18 04:00:00+00:00,298.11550146789165,299.69790849285425,292.70504761109225,293.80419921875,1737200,0.0,0.0,3923.679931640625,,283.88458251953125
2022-05-19 04:00:00+00:00,292.2881256241808,297.62278885866135,291.79541445761726,294.4011535644531,1957800,0.0,0.0,3900.7900390625,,282.3634948730469
2022-05-20 04:00:00+00:00,298.95879249777136,300.13373456522953,291.20788196942675,298.6460876464844,2372000,0.0,0.0,3901.360107421875,,281.48583984375
2022-05-23 04:00:00+00:00,303.1374658590628,306.55807652838615,302.00988924830637,303.6112365722656,1981100,0.0,0.0,3973.75,,286.1662292480469
2022-05-24 04:00:00+00:00,304.160806664295,304.7672470747178,299.1293638580417,303.67755126953125,1707700,0.0,0.0,3941.47998046875,,280.081787109375
2022-05-25 04:00:00+00:00,302.03835525377434,303.25120728722084,296.85530179248195,299.281005859375,2260100,0.0,0.0,3978.72998046875,,284.00164794921875
2022-05-26 04:00:00+00:00,300.8917456144626,304.87143087081853,300.54115993989484,303.5259094238281,2651600,0.0,0.0,4057.840087890625,,291.8704833984375
2022-05-27 04:00:00+00:00,306.91813581054095,312.50862424106043,306.3969706948417,312.33807373046875,1879000,0.0,0.0,4158.240234375,,301.39691162109375
2022-05-31 04:00:00+00:00,307.4298805717392,310.6515161957621,305.9611737566155,307.6477966308594,2510400,0.0,0.0,4132.14990234375,,300.59747314453125
2022-06-01 04:00:00+00:00,306.5580330351298,308.07410488561857,301.128611022129,302.8436584472656,1853800,0.0,0.0,4101.22998046875,,298.374267578125
2022-06-02 04:00:00+00:00,307.6939703501277,317.07104261411365,307.1138312644035,316.86181640625,2282400,1.17,0.0,4176.81982421875,,306.5454406738281
2022-06-03 04:00:00+00:00,314.1133677651855,317.22320225931594,313.6663858327341,315.6445007324219,1332800,0.0,0.0,4108.5400390625,,298.5692443847656
2022-06-06 04:00:00+00:00,319.9050830210202,321.4362159364075,317.03297533077205,319.07769775390625,1728400,0.0,0.0,4121.43017578125,,299.5638427734375
2022-06-07 04:00:00+00:00,315.30214238085176,319.66733403663073,314.97879807556245,319.3154602050781,1726100,0.0,0.0,4160.68017578125,,302.1477966308594
2022-06-08 04:00:00+00:00,314.7219739094712,317.4038652192952,311.2602659470093,312.506103515625,1917000,0.0,0.0,4115.77001953125,,299.97332763671875
2022-06-09 04:00:00+00:00,308.3691978393988,310.6041076221553,302.98640434964483,303.0815124511719,1666100,0.0,0.0,4017.820068359375,,291.9387512207031
2022-06-10 04:00:00+00:00,297.14710653493773,297.94596226082183,292.78188603330926,295.66351318359375,2007900,0.0,0.0,3900.860107421875,,281.64190673828125
2022-06-13 04:00:00+00:00,287.8080021879184,289.58640997992603,285.0690521887778,286.5716552734375,2039600,0.0,0.0,3749.6298828125,,268.5466003417969
2022-06-14 04:00:00+00:00,284.60312526197754,285.4114715169404,278.8589387606134,281.1413879394531,2420300,0.0,0.0,3735.47998046875,,269.03411865234375
2022-06-15 04:00:00+00:00,284.92644894762384,288.0077536649091,279.65777428244814,285.2973327636719,1979500,0.0,0.0,3789.989990234375,,275.75244140625
2022-06-16 04:00:00+00:00,275.64445256817766,277.32775252294476,273.73288739945434,275.53033447265625,2986900,0.0,0.0,3666.77001953125,,264.6268310546875
2022-06-17 04:00:00+00:00,271.0795748078722,278.18371701253875,269.77667808206917,276.4433288574219,5565600,0.0,0.0,3674.840087890625,,267.844482421875
2022-06-21 04:00:00+00:00,279.02063833405214,285.88699619818414,278.4975582957349,284.1466369628906,3779400,0.0,0.0,3764.7900390625,,274.6022033691406
2022-06-22 04:00:00+00:00,279.21079962353883,286.16277444911185,278.9730439071433,283.78521728515625,2768900,0.0,0.0,3759.889892578125,,274.2016296386719
2022-06-23 04:00:00+00:00,282.41575187831296,285.1071629345313,278.64970932578694,282.2921142578125,2812400,0.0,0.0,3795.72998046875,,278.28521728515625
2022-06-24 04:00:00+00:00,282.93881038122686,289.70056874621037,282.89124182615683,288.378662109375,23958800,0.0,0.0,3911.739990234375,,287.82025146484375
2022-06-27 04:00:00+00:00,284.9454841320126,286.06768421796215,281.0177548082727,281.75006103515625,2714300,0.0,0.0,3900.110107421875,,285.7101135253906
2022-06-28 04:00:00+00:00,281.74054199490314,284.35585504295705,277.87939123488223,279.0301208496094,2535500,0.0,0.0,3821.550048828125,,277.0054016113281
2022-06-29 04:00:00+00:00,276.8713184923595,278.02204814548065,274.50328061353616,277.1376037597656,1951200,0.0,0.0,3818.830078125,,277.2594299316406
2022-06-30 04:00:00+00:00,270.20457973277337,275.4066753486353,268.6639275177533,273.44757080078125,2926900,0.0,0.0,3785.3798828125,,273.820556640625
2022-07-01 04:00:00+00:00,269.6339843202274,272.11616901691724,267.1708386549439,271.4599609375,3307600,0.0,0.0,3825.330078125,,275.6279296875
2022-07-05 04:00:00+00:00,258.8493789075791,260.07620644679594,253.76140111967314,257.37530517578125,4332700,0.0,0.0,3831.389892578125,,280.3465881347656
2022-07-06 04:00:00+00:00,256.40526987668267,261.98779867324237,256.3482108245741,260.8560791015625,3484100,0.0,0.0,3845.080078125,,282.1441650390625
2022-07-07 04:00:00+00:00,261.36015047433114,262.729625930044,260.19038172422506,260.4661865234375,2338000,0.0,0.0,3902.6201171875,,288.1818542480469
2022-07-08 04:00:00+00:00,261.3030609247982,262.84371337697064,258.64969891110377,260.27593994140625,1711900,0.0,0.0,3899.3798828125,,288.54327392578125
2022-07-11 04:00:00+00:00,257.67017870455487,264.5460855698984,257.4894820093814,263.2146301269531,2251700,0.0,0.0,3854.429931640625,,282.3786926269531
2022-07-12 04:00:00+00:00,261.4932585830836,264.0515126049772,259.73386034537333,260.142822265625,2146600,0.0,0.0,3818.800048828125,,279.6431884765625
2022-07-13 04:00:00+00:00,256.9093444315922,262.35868716501943,256.110459642072,261.2745361328125,2423300,0.0,0.0,3801.780029296875,,279.0668029785156
2022-07-14 04:00:00+00:00,254.70293629440965,255.93925433996623,252.13516309466848,255.83465576171875,2473800,0.0,0.0,3790.3798828125,,280.0633239746094
2022-07-15 04:00:00+00:00,261.77851592912936,263.4142761230469,259.8764705419187,263.4142761230469,2370100,0.0,0.0,3863.159912109375,,285.1434020996094
2022-07-18 04:00:00+00:00,266.05820195254375,266.84753826707544,262.73911196959864,263.5570068359375,2244100,0.0,0.0,3830.85009765625,,282.7303771972656
2022-07-19 04:00:00+00:00,267.0662853609989,272.3920199563197,266.57173482719105,271.75482177734375,2097500,0.0,0.0,3936.68994140625,,291.4253234863281
2022-07-20 04:00:00+00:00,270.4708825356208,271.8023086708282,268.121855023789,269.2726135253906,1997000,0.0,0.0,3959.89990234375,,296.04620361328125
2022-07-21 04:00:00+00:00,268.663974276902,273.171813619914,268.2740513978564,272.97210693359375,1544800,0.0,0.0,3998.949951171875,,300.2960510253906
2022-07-22 04:00:00+00:00,273.1146545981624,274.56022747875124,270.61346059621206,271.55499267578125,1203700,0.0,0.0,3961.6298828125,,295.0302429199219
2022-07-25 04:00:00+00:00,272.8675439033855,274.14191129655393,270.632633950735,273.980224609375,1460700,0.0,0.0,3966.840087890625,,293.3498229980469
2022-07-26 04:00:00+00:00,270.59457971907807,273.5617669087698,270.4234025403465,272.58221435546875,1448500,0.0,0.0,3921.050048828125,,287.5858154296875
2022-07-27 04:00:00+00:00,272.17330272553363,276.49095571666675,271.1461815269062,276.22467041015625,3179200,0.0,0.0,4023.610107421875,,299.7391357421875
2022-07-28 04:00:00+00:00,272.4109572127957,282.7580893149647,272.4109572127957,282.3871765136719,1941300,0.0,0.0,4072.429931640625,,302.6700439453125
2022-07-29 04:00:00+00:00,284.47946196129635,288.302563265185,284.1180686445426,287.2088928222656,1711400,0.0,0.0,4130.2900390625,,308.18975830078125
2022-08-01 04:00:00+00:00,285.7157979105598,287.4847155656999,283.87081119482593,285.3734436035156,1247900,0.0,0.0,4118.6298828125,,308.0041198730469
2022-08-02 04:00:00+00:00,283.81372607727275,285.8964683225842,281.33157051042656,283.06243896484375,1428100,0.0,0.0,4091.18994140625,,307.0858459472656
2022-08-03 04:00:00+00:00,285.1927449667992,286.5717107245473,281.30306488305035,285.3639221191406,1297100,0.0,0.0,4155.169921875,,315.4485778808594
2022-08-04 04:00:00+00:00,286.6573171179082,289.2250613713987,286.6573171179082,287.4371337890625,1451100,0.0,0.0,4151.93994140625,,316.9237365722656
2022-08-05 04:00:00+00:00,285.4114413694969,287.2754669722318,284.73622330130604,287.18035888671875,1113100,0.0,0.0,4145.18994140625,,314.3348083496094
2022-08-08 04:00:00+00:00,290.68967194351654,290.87985911555523,285.9630868257524,286.2388916015625,1081700,0.0,0.0,4140.06005859375,,313.31878662109375
2022-08-09 04:00:00+00:00,285.9250222470859,287.91265657783345,285.0881174714206,285.9440612792969,884200,0.0,0.0,4122.47021484375,,309.7724304199219
2022-08-10 04:00:00+00:00,292.9340741836832,296.0344182411617,291.4219511987858,294.2464904785156,1246500,0.0,0.0,4210.240234375,,318.41839599609375
2022-08-11 04:00:00+00:00,294.09428549888815,294.8646116558316,290.64206804292746,290.88934326171875,1165400,0.0,0.0,4207.27001953125,,316.6110534667969
2022-08-12 04:00:00+00:00,290.9940227728271,296.3102377647955,290.6040998670654,296.29119873046875,1149000,0.0,0.0,4280.14990234375,,322.7757568359375
2022-08-15 04:00:00+00:00,294.664934113146,297.1280799602869,293.1052716371005,296.9188537597656,1263500,0.0,0.0,4297.14013671875,,325.38421630859375
2022-08-16 04:00:00+00:00,294.1419259796157,298.1267148635913,294.10387693136374,296.9949951171875,938400,0.0,0.0,4305.2001953125,,324.6221618652344
2022-08-17 04:00:00+00:00,293.35253538549114,294.96928603365916,291.96404998429546,294.3035583496094,912200,0.0,0.0,4274.0400390625,,320.9194641113281
2022-08-18 04:00:00+00:00,294.3701216866703,295.86323462855603,293.0291758939178,294.9787902832031,1113600,0.0,0.0,4283.740234375,,321.6912841796875
2022-08-19 04:00:00+00:00,293.3905891324267,293.4191186608908,288.3787084794523,288.87322998046875,1154000,0.0,0.0,4228.47998046875,,315.4192199707031
2022-08-22 04:00:00+00:00,281.89269961923634,282.95784061732576,280.02870287257986,281.3030700683594,1966500,0.0,0.0,4137.990234375,,307.1151123046875
2022-08-23 04:00:00+00:00,279.07771391598453,282.0163715343692,277.8984256479053,279.7719421386719,1461600,0.0,0.0,4128.72998046875,,306.8611755371094
2022-08-24 04:00:00+00:00,279.80049916415237,280.52328601017274,277.6987462317616,278.7734069824219,1439300,0.0,0.0,4140.77001953125,,307.7501220703125
2022-08-25 04:00:00+00:00,279.943099519372,282.9673745349768,278.5736531827857,282.56793212890625,1332400,0.0,0.0,4199.1201171875,,313.1918029785156
2022-08-26 04:00:00+00:00,282.4252832243634,282.6630389590028,272.02108995471,272.2303161621094,1782500,0.0,0.0,4057.659912109375,,300.3546447753906
2022-08-29 04:00:00+00:00,272.32533808963274,274.68385565629166,271.71666967055455,273.42852783203125,1456100,0.0,0.0,4030.610107421875,,297.3945007324219
2022-08-30 04:00:00+00:00,275.32120842536045,275.825249545844,268.8066938894675,270.708740234375,1674300,0.0,0.0,3986.159912109375,,294.08251953125
2022-08-31 04:00:00+00:00,270.97494146015754,271.75478718503325,268.4832661653295,269.0063171386719,2947800,0.0,0.0,3955.0,,292.3729248046875
2022-09-01 04:00:00+00:00,265.3201559725057,267.0104769630496,260.9941291187928,266.5711975097656,3096300,1.17,0.0,3966.85009765625,,292.4999084472656
2022-09-02 04:00:00+00:00,270.31464711746264,272.9408227904104,264.0500267527443,265.2055358886719,2400600,0.0,0.0,3924.260009765625,,288.3674621582031
2022-09-06 04:00:00+00:00,263.9163446582428,266.5998458073216,261.4525269512274,264.4702453613281,2738500,0.0,0.0,3908.18994140625,,286.2962646484375
2022-09-07 04:00:00+00:00,265.1100212478766,273.22729115714594,264.8617481034995,272.95989990234375,1313700,0.0,0.0,3979.8701171875,,292.07977294921875
2022-09-08 04:00:00+00:00,267.06776832085694,271.31738093370245,266.9245281911592,271.12640380859375,1510300,0.0,0.0,4006.179931640625,,293.5940856933594
2022-09-09 04:00:00+00:00,273.4660208236976,275.0894863823992,272.24365669903204,274.1058654785156,1679400,0.0,0.0,4067.360107421875,,300.0126953125
2022-09-12 04:00:00+00:00,279.7211523211528,281.8889305968074,277.65840708941215,281.2491149902344,1752700,0.0,0.0,4110.41015625,,303.57861328125
2022-09-13 04:00:00+00:00,275.6338458578392,278.4509985603253,272.10999335829547,272.7211608886719,1752500,0.0,0.0,3932.68994140625,,286.9313049316406
2022-09-14 04:00:00+00:00,272.7498004765792,274.5165061993964,270.50563743935095,273.6665954589844,1325300,0.0,0.0,3946.010009765625,,289.20751953125
2022-09-15 04:00:00+00:00,272.1195159608578,274.71704318978425,269.9230609948816,270.16180419921875,1382600,0.0,0.0,3901.35009765625,,284.3911437988281
2022-09-16 04:00:00+00:00,267.71709709362136,271.12635731309734,265.97903943544225,270.6011047363281,3278300,0.0,0.0,3873.330078125,,282.6522216796875
2022-09-19 04:00:00+00:00,267.888995462032,272.46332395058454,267.5070121192517,272.3009948730469,1144000,0.0,0.0,3899.889892578125,,284.8533020019531
2022-09-20 04:00:00+00:00,267.91763170439515,270.00902465773004,266.475642463041,268.853515625,1589700,0.0,0.0,3855.929931640625,,282.5827331542969
2022-09-21 04:00:00+00:00,269.1973757010174,270.92587464556624,263.9259056438601,264.0787048339844,1428600,0.0,0.0,3789.929931640625,,277.5228576660156
2022-09-22 04:00:00+00:00,264.14551143703596,264.96677414674036,260.9940833634416,261.72943115234375,1537400,0.0,0.0,3757.989990234375,,274.1070861816406
2022-09-23 04:00:00+00:00,257.6707894769432,258.3965490481933,253.89863494354603,257.03094482421875,1947200,0.0,0.0,3693.22998046875,,269.6441955566406
2022-09-26 04:00:00+00:00,254.25197979424397,257.4320559244155,251.12922885100812,252.35159301757812,2174000,0.0,0.0,3655.0400390625,,268.5284423828125
2022-09-27 04:00:00+00:00,255.96138000892134,257.0405040268999,250.65173312452262,253.25881958007812,1947400,0.0,0.0,3647.2900390625,,268.6361083984375
2022-09-28 04:00:00+00:00,254.44293331397256,260.6025190024199,253.02003329006598,259.22735595703125,1880200,0.0,0.0,3719.0400390625,,273.9798583984375
2022-09-29 04:00:00+00:00,256.30517595015306,258.31059561060414,253.27789920729776,257.47021484375,1463900,0.0,0.0,3640.469970703125,,266.0816345214844
2022-09-30 04:00:00+00:00,257.9668348850803,261.7962855510487,257.23148709814177,257.4511413574219,2625100,0.0,0.0,3585.6201171875,,261.5697937011719
2022-10-03 04:00:00+00:00,260.2587958882785,264.84265472536805,259.06507961367566,263.4006652832031,3081000,0.0,0.0,3678.429931640625,,267.70635986328125
2022-10-04 04:00:00+00:00,270.8398448968994,274.2395751665646,270.12361523587083,273.5615234375,2425100,0.0,0.0,3790.929931640625,,276.12322998046875
2022-10-05 04:00:00+00:00,270.6585358924005,273.4279525353063,268.65308620496137,271.0118713378906,1861400,0.0,0.0,3783.280029296875,,275.9764099121094
2022-10-06 04:00:00+00:00,267.7744390878571,269.54114507024343,264.8426648113506,266.2655944824219,2182300,0.0,0.0,3744.52001953125,,273.8037414550781
2022-10-07 04:00:00+00:00,264.03093070382147,264.5275061442874,259.62849026645915,260.89862060546875,1587900,0.0,0.0,3639.659912109375,,263.37066650390625
2022-10-10 04:00:00+00:00,261.5671333966071,262.4266033813594,258.0051022882567,259.59033203125,1207900,0.0,0.0,3612.389892578125,,260.7379455566406
2022-10-11 04:00:00+00:00,258.1292061759606,262.66532820595836,256.83045680465597,258.7976989746094,1092900,0.0,0.0,3588.840087890625,,257.15582275390625
2022-10-12 04:00:00+00:00,258.87406894430006,261.4907147912292,257.8236219553073,259.3611145019531,1437300,0.0,0.0,3577.030029296875,,257.0677185058594
2022-10-13 04:00:00+00:00,254.95870513315714,270.2764512562003,254.23291631841988,269.7416687011719,2124500,0.0,0.0,3669.909912109375,,263.0966491699219
2022-10-14 04:00:00+00:00,272.82623706146563,274.640679921866,262.5889253972656,262.9422607421875,1640000,0.0,0.0,3583.070068359375,,255.18861389160156
2022-10-17 04:00:00+00:00,268.5861243231669,270.92581955243264,267.9462796661015,268.27099609375,1508200,0.0,0.0,3677.949951171875,,263.6153564453125
2022-10-18 04:00:00+00:00,275.194616338511,275.82487295037237,270.04729724173177,271.8426513671875,1692800,0.0,0.0,3719.97998046875,,265.6999816894531
2022-10-19 04:00:00+00:00,271.2123478864124,273.2177971325753,269.13051361889893,271.12640380859375,1186500,0.0,0.0,3695.159912109375,,264.73101806640625
2022-10-20 04:00:00+00:00,271.60386778607096,275.2327534399537,268.8248929268057,269.52203369140625,1345100,0.0,0.0,3665.780029296875,,263.38043212890625
2022-10-21 04:00:00+00:00,267.8317561436205,275.72940258832386,266.9531971834961,275.3378601074219,1610500,0.0,0.0,3752.75,,269.55609130859375
2022-10-24 04:00:00+00:00,280.122207056404,281.6024326385276,264.1837350793484,265.5970764160156,4454300,0.0,0.0,3797.340087890625,,272.5216064453125
2022-10-25 04:00:00+00:00,265.8071416255319,275.26136708488787,265.5779574656679,275.2040710449219,2999600,0.0,0.0,3859.110107421875,,278.158935546875
2022-10-26 04:00:00+00:00,278.5751693099412,283.24500132982365,277.16182790328963,281.5642395019531,2597200,0.0,0.0,3830.60009765625,,272.01263427734375
2022-10-27 04:00:00+00:00,280.7620600935903,283.35002874584796,279.0335613068041,280.0553894042969,2338500,0.0,0.0,3807.300048828125,,267.06036376953125
2022-10-28 04:00:00+00:00,282.719721142906,289.35679459040006,281.4018829945854,288.2108154296875,2249300,0.0,0.0,3901.06005859375,,275.23260498046875
2022-10-31 04:00:00+00:00,287.1412901139677,289.12765038131295,283.7415883823017,283.96124267578125,2016100,0.0,0.0,3871.97998046875,,272.0322265625
2022-11-01 04:00:00+00:00,290.3308615749508,290.3308615749508,283.1112685086793,284.7442932128906,1891500,0.0,0.0,3856.10009765625,,269.2527160644531
2022-11-02 04:00:00+00:00,288.72648311083094,288.72648311083094,280.6474210960172,281.0867004394531,2587800,0.0,0.0,3759.68994140625,,260.02349853515625
2022-11-03 04:00:00+00:00,276.9326217220144,284.7920603095421,276.88488472754176,284.1999816894531,2396100,0.0,0.0,3719.889892578125,,254.94400024414062
2022-11-04 04:00:00+00:00,292.35545218525806,296.07984110722174,289.38547096026184,295.0198059082031,2948000,0.0,0.0,3770.550048828125,,259.04473876953125
2022-11-07 05:00:00+00:00,297.0825215095017,299.8137592090857,295.487733057069,299.37445068359375,1575900,0.0,0.0,3806.800048828125,,261.8927917480469
2022-11-08 05:00:00+00:00,300.53002086861113,304.1684657411212,299.56548879308934,300.53955078125,1520000,0.0,0.0,3828.110107421875,,263.8013000488281
2022-11-09 05:00:00+00:00,301.48495241092854,304.51220014567104,299.2216421857727,300.28167724609375,1165500,0.0,0.0,3748.570068359375,,257.7137451171875
2022-11-10 05:00:00+00:00,315.1410832759915,315.2652344262966,309.92693896741275,313.58447265625,2683400,0.0,0.0,3956.3701171875,,276.73004150390625
2022-11-11 05:00:00+00:00,318.16837839528165,319.20929550458413,314.6540554829583,315.3511962890625,2133700,0.0,0.0,3992.929931640625,,281.8291320800781
2022-11-14 05:00:00+00:00,318.0059988437359,322.809511714586,316.99372982754215,317.1274108886719,1908500,0.0,0.0,3957.25,,279.36279296875
2022-11-15 05:00:00+00:00,323.754901678551,323.97455593693354,315.0933196349558,317.5857849121094,1865500,0.0,0.0,3991.72998046875,,283.22869873046875
2022-11-16 05:00:00+00:00,320.7181345949809,321.01417389883187,318.30205402723544,318.7031555175781,1418500,0.0,0.0,3958.7900390625,,279.36279296875
2022-11-17 05:00:00+00:00,314.86412165880483,316.43029127807824,313.231126082386,315.46575927734375,1520600,0.0,0.0,3946.56005859375,,278.7461853027344
2022-11-18 05:00:00+00:00,319.1137873260431,320.58445393455025,316.0865100345884,319.83001708984375,1257400,0.0,0.0,3965.340087890625,,278.75604248046875
2022-11-21 05:00:00+00:00,317.6622463455826,320.79455675430904,317.6622463455826,319.3143310546875,1065700,0.0,0.0,3949.93994140625,,275.8883972167969
2022-11-22 05:00:00+00:00,321.01417168146247,324.9486558221431,319.1997287900323,324.4616394042969,1010400,0.0,0.0,4003.580078125,,279.86187744140625
2022-11-23 05:00:00+00:00,325.39745916940495,328.03319371996173,325.02503489008643,327.4219970703125,954500,0.0,0.0,4027.260009765625,,282.67083740234375
2022-11-25 05:00:00+00:00,327.80397122368095,329.06451316515376,327.07818257294133,328.9117431640625,458500,0.0,0.0,4026.1201171875,,280.8112487792969
2022-11-28 05:00:00+00:00,329.1887566424813,329.3988518822432,321.6349162110629,322.4944152832031,2881100,0.0,0.0,3963.93994140625,,276.69091796875
2022-11-29 05:00:00+00:00,319.6867828327494,320.39345355342664,316.10563394802404,317.02239990234375,1888300,0.0,0.0,3957.6298828125,,274.59649658203125
2022-11-30 05:00:00+00:00,317.16558776286826,321.90224508033447,313.6130874889038,321.32928466796875,3115200,0.0,0.0,4080.110107421875,,287.1141357421875
2022-12-01 05:00:00+00:00,323.22674603101734,324.03171883215566,319.02936487532,323.197998046875,1420000,1.17,0.0,4076.570068359375,,287.46649169921875
2022-12-02 05:00:00+00:00,320.3997026841532,324.83665968639025,319.7097218874424,323.2842102050781,1200800,0.0,0.0,4071.699951171875,,286.32135009765625
2022-12-05 05:00:00+00:00,321.19521199903244,322.2780724616471,318.71317544564954,320.3231506347656,2145000,0.0,0.0,3998.840087890625,,281.5159606933594
2022-12-06 05:00:00+00:00,320.95560897973564,321.6551530992199,315.7519892170283,317.6781921386719,1242100,0.0,0.0,3941.260009765625,,275.682861328125
2022-12-07 05:00:00+00:00,318.2244443548942,320.00687815485895,315.8382442984441,317.5823669433594,1849300,0.0,0.0,3933.919921875,,274.5573425292969
2022-12-08 05:00:00+00:00,317.4768770594537,321.21426077423877,317.1127164740122,320.6776123046875,966900,0.0,0.0,3963.510009765625,,277.806640625
2022-12-09 05:00:00+00:00,320.76393709878266,321.8372343084215,318.32983355503757,318.35858154296875,1262900,0.0,0.0,3934.3798828125,,276.03509521484375
2022-12-12 05:00:00+00:00,322.009673647266,322.76674287542585,319.7097472243444,322.0384216308594,1246900,0.0,0.0,3990.56005859375,,279.4997863769531
2022-12-13 05:00:00+00:00,331.6215062192182,333.10689684179624,326.2645836047887,328.171630859375,1969400,0.0,0.0,4019.64990234375,,282.50445556640625
2022-12-14 05:00:00+00:00,328.7466164402483,331.0561356873535,325.8237970180023,327.75,1824800,0.0,0.0,3995.320068359375,,280.409912109375
2022-12-15 05:00:00+00:00,322.373869811576,322.757186050132,314.8991008016926,317.0073547363281,1882800,0.0,0.0,3895.75,,270.9948425292969
2022-12-16 05:00:00+00:00,313.90240986275296,316.18318063381247,310.5100016887758,315.8861083984375,3857600,0.0,0.0,3852.360107421875,,268.4110107421875
2022-12-19 05:00:00+00:00,315.2824337809121,316.71989168568825,312.5991907233922,313.4137268066406,1254700,0.0,0.0,3817.659912109375,,264.6388244628906
2022-12-20 05:00:00+00:00,314.352802305819,317.12231791970174,312.73326444240195,315.21527099609375,1312900,0.0,0.0,3821.6201171875,,264.4328308105469
2022-12-21 05:00:00+00:00,312.46496444036154,316.5473536015539,312.46496444036154,314.9661560058594,1723800,0.0,0.0,3878.43994140625,,268.268798828125
2022-12-22 05:00:00+00:00,312.7237286993065,314.1707789359051,309.5804887563117,313.998291015625,1202200,0.0,0.0,3822.389892578125,,261.7055358886719
2022-12-23 05:00:00+00:00,312.5799471116659,315.86692655020795,312.004958208867,315.5986022949219,636600,0.0,0.0,3844.820068359375,,262.2941589355469
2022-12-27 05:00:00+00:00,316.87322139703275,318.24359090265943,314.6020426056424,315.2345275878906,682800,0.0,0.0,3829.25,,258.58575439453125
2022-12-28 05:00:00+00:00,315.12902424387096,316.68147372156335,312.00494047088824,312.3211975097656,908900,0.0,0.0,3783.219970703125,,255.17169189453125
2022-12-29 05:00:00+00:00,315.6464999507805,317.10311299655376,314.6977873761447,316.0010681152344,872300,0.0,0.0,3849.280029296875,,261.3915710449219
2022-12-30 05:00:00+00:00,312.5607699648934,313.31783912207743,309.733758447593,312.5799255371094,1238000,0.0,0.0,3839.5,,261.2345886230469
2023-01-03 05:00:00+00:00,304.4248365105885,308.574285305367,301.3390924877286,305.07647705078125,2374200,0.0,0.0,3824.139892578125,,259.4687194824219
2023-01-04 05:00:00+00:00,305.4310236662244,306.897229400345,301.93321565948213,303.56231689453125,2088900,0.0,0.0,3852.969970703125,,260.7048034667969
2023-01-05 05:00:00+00:00,292.54182670912473,295.1196701145757,289.571103895546,292.7526550292969,3133700,0.0,0.0,3808.10009765625,,256.62371826171875
2023-01-06 05:00:00+00:00,294.9855805675426,303.9169940754784,294.74600421322134,302.97784423828125,2538900,0.0,0.0,3895.080078125,,263.7068176269531
2023-01-09 05:00:00+00:00,308.8330336000347,311.516305944532,306.772683086774,308.4976501464844,2471300,0.0,0.0,3892.090087890625,,265.4139099121094
2023-01-10 05:00:00+00:00,308.9480018770768,309.7625378334899,306.053901695882,308.6029968261719,1613400,0.0,0.0,3919.25,,267.6605224609375
2023-01-11 05:00:00+00:00,312.48408740888726,315.9627393035324,311.41079046792584,315.8764953613281,1928000,0.0,0.0,3969.610107421875,,272.2910461425781
2023-01-12 05:00:00+00:00,314.5253112011769,315.87652491241596,312.2445403656876,315.1961364746094,1277500,0.0,0.0,3983.169921875,,273.7626647949219
2023-01-13 05:00:00+00:00,316.24070113981253,320.76390264107295,316.24070113981253,320.1793212890625,1882800,0.0,0.0,3999.090087890625,,275.6463317871094
2023-01-17 05:00:00+00:00,321.5017469059789,322.28756405369126,316.0681737335907,316.24066162109375,1714700,0.0,0.0,3990.969970703125,,276.20550537109375
2023-01-18 05:00:00+00:00,319.59479074702205,320.02603979391785,310.6633790812217,310.81671142578125,2945700,0.0,0.0,3928.860107421875,,272.61480712890625
2023-01-19 05:00:00+00:00,310.4908383795537,311.9378883736593,308.05673534682523,311.0083312988281,2703600,0.0,0.0,3898.85009765625,,269.9365539550781
2023-01-20 05:00:00+00:00,310.9891260495657,315.119418233097,309.3504326988625,314.9181823730469,1792700,0.0,0.0,3972.610107421875,,277.3238220214844
2023-01-23 05:00:00+00:00,312.26374457821163,314.8703358027772,310.7496060367643,312.8770446777344,1931100,0.0,0.0,4019.81005859375,,283.4848327636719
2023-01-24 05:00:00+00:00,311.9857918677408,315.13862369240115,310.24166964600107,314.92779541015625,1625900,0.0,0.0,4016.949951171875,,282.906005859375
2023-01-25 05:00:00+00:00,311.1904286441538,313.6149394006657,310.4812629766309,312.75244140625,1887200,0.0,0.0,4016.219970703125,,282.2781982421875
2023-01-26 05:00:00+00:00,312.7907741399006,315.7902737375234,311.180828614676,315.7711181640625,1587100,0.0,0.0,4060.429931640625,,287.78192138671875
2023-01-27 05:00:00+00:00,310.74005601547293,313.9407918998571,310.5771312622918,311.1617126464844,1819800,0.0,0.0,4070.56005859375,,290.6465759277344
2023-01-30 05:00:00+00:00,310.87419884004595,314.84159637775906,310.6633705277256,311.4779357910156,2163800,0.0,0.0,4017.77001953125,,284.7700500488281
2023-01-31 05:00:00+00:00,313.1357713526933,317.4481441307999,312.8386991231468,317.1414794921875,2330300,0.0,0.0,4076.60009765625,,289.0376281738281
2023-02-01 05:00:00+00:00,316.94028186721715,319.8343529748695,312.40748784961033,317.2756652832031,1879500,0.0,0.0,4119.2099609375,,295.2182922363281
2023-02-02 05:00:00+00:00,317.8985647863137,320.5626518232945,313.4711706105468,318.2052001953125,2524000,0.0,0.0,4179.759765625,,305.8135986328125
2023-02-03 05:00:00+00:00,311.61209000868274,315.17698623942255,309.9542116160692,310.1075439453125,2663000,0.0,0.0,4136.47998046875,,300.37860107421875
2023-02-06 05:00:00+00:00,308.9384391971535,310.21297226237346,306.5043357678765,309.3984069824219,2322900,0.0,0.0,4111.080078125,,297.83770751953125
2023-02-07 05:00:00+00:00,305.60352094455595,323.3513518791314,305.5843653689045,323.0638427734375,5990100,0.0,0.0,4164.0,,304.00848388671875
2023-02-08 05:00:00+00:00,326.3987508347438,332.21567030825844,319.54687463254766,320.3135070800781,3429500,0.0,0.0,4117.85986328125,,298.6029357910156
2023-02-09 05:00:00+00:00,322.20139106344755,323.89758082105135,317.3140284585496,318.7035827636719,2655700,0.0,0.0,4081.5,,295.9638671875
2023-02-10 05:00:00+00:00,317.3714905620637,318.76104471888505,314.5061675400338,318.1956481933594,2515900,0.0,0.0,4090.4599609375,,294.0213928222656
2023-02-13 05:00:00+00:00,319.1731035634921,321.9426194208369,318.28188681336826,320.13140869140625,1782700,0.0,0.0,4137.2900390625,,298.7304382324219
2023-02-14 05:00:00+00:00,319.4893919441537,321.3005736059353,316.60488386799074,320.0739440917969,2175000,0.0,0.0,4136.1298828125,,300.93780517578125
2023-02-15 05:00:00+00:00,318.1573215894544,318.8377100825238,315.45489394747824,318.66522216796875,2493000,0.0,0.0,4147.60009765625,,303.2433166503906
2023-02-16 05:00:00+00:00,312.09128453393384,314.09413900278173,309.88716490549456,310.0117492675781,3209100,0.0,0.0,4090.409912109375,,297.55316162109375
2023-02-17 05:00:00+00:00,307.5009272740875,309.89668988468077,305.91972980012576,308.1142272949219,3231600,0.0,0.0,4079.090087890625,,295.4537353515625
2023-02-21 05:00:00+00:00,309.47507714322165,314.67866725135457,308.6988522870981,311.02752685546875,3245700,0.0,0.0,3997.340087890625,,288.4588317871094
2023-02-22 05:00:00+00:00,314.1899047051025,318.03271762043056,311.49706963951974,316.2694396972656,3595100,0.0,0.0,3991.050048828125,,288.6746826171875
2023-02-23 05:00:00+00:00,317.8986085697757,320.39977121460925,312.8004176616885,318.05194091796875,3836400,0.0,0.0,4012.320068359375,,291.1959533691406
2023-02-24 05:00:00+00:00,309.61883178493355,333.69145436930137,309.15883474845634,333.1643981933594,14737800,0.0,0.0,3970.0400390625,,286.3200988769531
2023-02-27 05:00:00+00:00,331.8131021425469,333.7968004868265,329.8485886149243,330.1169128417969,3708600,0.0,0.0,3982.239990234375,,288.3705749511719
2023-02-28 05:00:00+00:00,330.1073728815692,336.5088442005693,329.84864102191733,333.8447570800781,3274400,0.0,0.0,3970.14990234375,,287.997802734375
2023-03-01 05:00:00+00:00,335.50264471949043,341.32912726531185,334.4964067473374,335.4547119140625,3474000,0.0,0.0,3951.389892578125,,285.68243408203125
2023-03-02 05:00:00+00:00,335.7805508390524,339.6041789755024,334.9755487886033,337.0838317871094,2266600,0.0,0.0,3981.35009765625,,288.0467224121094
2023-03-03 05:00:00+00:00,340.21745877310747,347.61557515615925,338.5979208492487,347.2705993652344,2940200,0.0,0.0,4045.639892578125,,294.00177001953125
2023-03-06 05:00:00+00:00,344.9898308829207,345.6414713224191,341.52077115159983,343.1211242675781,3846400,0.0,0.0,4048.419921875,,294.3352966308594
2023-03-07 05:00:00+00:00,341.15664011940237,342.2299372293176,335.84762129519356,339.37420654296875,2218100,0.0,0.0,3986.3701171875,,290.7250671386719
2023-03-08 05:00:00+00:00,338.2816434571696,340.88823406097964,335.7900447668128,340.1024169921875,2222800,0.0,0.0,3992.010009765625,,292.17706298828125
2023-03-09 05:00:00+00:00,337.40964389752736,338.56918489620193,329.85819492404113,331.4969177246094,2489100,0.0,0.0,3918.320068359375,,287.11480712890625
2023-03-10 05:00:00+00:00,331.75564286785544,332.9056206788418,325.92913151841213,327.2995300292969,1534100,0.0,0.0,3861.590087890625,,283.0826110839844
2023-03-13 04:00:00+00:00,325.83264163833366,327.6506391685616,321.3598311093928,322.0716247558594,2228900,1.275,0.0,3855.760009765625,,285.18206787109375
2023-03-14 04:00:00+00:00,327.94878823999653,333.19113260085294,326.33281018424105,329.3916320800781,2580100,0.0,0.0,3919.2900390625,,291.7355651855469
2023-03-15 04:00:00+00:00,316.55999461670854,320.0131978993581,311.7601133858383,318.32025146484375,3395300,0.0,0.0,3891.929931640625,,293.2660217285156
2023-03-16 04:00:00+00:00,316.0501507201474,326.6598615852051,315.61728581255477,325.3997802734375,1750100,0.0,0.0,3960.280029296875,,300.9967041015625
2023-03-17 04:00:00+00:00,323.0046376342178,324.07235736802863,317.33908593969994,317.89697265625,5702300,0.0,0.0,3916.639892578125,,299.5741882324219
2023-03-20 04:00:00+00:00,319.7630625417158,326.6021579877575,319.3013712742934,325.89996337890625,2305000,0.0,0.0,3951.570068359375,,300.6372985839844
2023-03-21 04:00:00+00:00,330.19966969734,331.03651455097304,326.1019831950128,328.29510498046875,1792600,0.0,0.0,4002.8701171875,,304.9311218261719
2023-03-22 04:00:00+00:00,328.04498709367437,331.48856151154126,325.78452584988366,326.22698974609375,1434200,0.0,0.0,3936.969970703125,,300.78472900390625
2023-03-23 04:00:00+00:00,327.0927184035069,332.9314340855575,326.6117704103509,328.3239440917969,2082100,0.0,0.0,3948.719970703125,,304.35137939453125
2023-03-24 04:00:00+00:00,326.5733518459773,332.2870169853423,325.07279628965307,331.6136779785156,1793800,0.0,0.0,3970.989990234375,,305.4715576171875
2023-03-27 04:00:00+00:00,334.5762802990168,336.6539792283777,331.9214672404476,333.8741149902344,1475900,0.0,0.0,3977.530029296875,,303.378662109375
2023-03-28 04:00:00+00:00,333.65284109094335,334.7590155545767,331.43086381073044,334.1337890625,1396600,0.0,0.0,3971.27001953125,,301.7672424316406
2023-03-29 04:00:00+00:00,338.2122092949371,339.4049801932673,335.10530426997553,336.40386962890625,1132600,0.0,0.0,4027.81005859375,,307.2696228027344
2023-03-30 04:00:00+00:00,337.0964952842889,338.2988653925154,335.1438474027185,338.14495849609375,1120700,0.0,0.0,4050.830078125,,310.17803955078125
2023-03-31 04:00:00+00:00,337.0195118051775,342.07909438361287,336.71169802635717,341.8963317871094,1513500,0.0,0.0,4109.31005859375,,315.3365478515625
2023-04-03 04:00:00+00:00,339.9822058645399,345.31108939863964,339.9822058645399,344.45501708984375,1878500,0.0,0.0,4124.509765625,,314.57012939453125
2023-04-04 04:00:00+00:00,343.64697912413715,347.6580690611681,342.9255571141221,344.1663818359375,2299100,0.0,0.0,4100.60009765625,,313.5090026855469
2023-04-05 04:00:00+00:00,341.2422872453459,342.9448328615317,339.8282987319912,342.05987548828125,2199800,0.0,0.0,4090.3798828125,,310.4139099121094
2023-04-06 04:00:00+00:00,338.82786216988393,343.59885805662634,338.59701652600904,342.99285888671875,1627700,0.0,0.0,4105.02001953125,,312.5067443847656
2023-04-10 04:00:00+00:00,341.60773228338246,345.0705341233977,341.15564002525224,344.89739990234375,1311500,0.0,0.0,4109.10986328125,,312.3298645019531
2023-04-11 04:00:00+00:00,345.5322834614038,347.1097776422697,343.43535721945705,344.5992431640625,975100,0.0,0.0,4108.93994140625,,310.3254089355469
2023-04-12 04:00:00+00:00,346.94628580678193,349.02398478048616,344.3107000446906,345.6573486328125,1613700,0.0,0.0,4091.949951171875,,307.5841064453125
2023-04-13 04:00:00+00:00,344.5992813664955,350.2648635439964,343.608529547503,348.16790771484375,1667600,0.0,0.0,4146.22021484375,,313.6072998046875
2023-04-14 04:00:00+00:00,347.21560198999396,348.8700642922638,344.04135691638544,345.96514892578125,1078300,0.0,0.0,4137.64013671875,,313.0177001953125
2023-04-17 04:00:00+00:00,346.10943402129425,348.5911128444087,345.8112486025602,348.54302978515625,1421500,0.0,0.0,4151.31982421875,,313.282958984375
2023-04-18 04:00:00+00:00,350.18784658847824,351.9000202511498,347.9947249379244,350.96697998046875,1085000,0.0,0.0,4154.8701171875,,313.3025817871094
2023-04-19 04:00:00+00:00,348.70653019031636,351.5729908613507,347.8119739481725,351.3902282714844,1163200,0.0,0.0,4154.52001953125,,313.1553039550781
2023-04-20 04:00:00+00:00,349.19708053790197,353.506384899701,348.9469782009797,353.35247802734375,1095500,0.0,0.0,4129.7900390625,,310.76763916015625
2023-04-21 04:00:00+00:00,350.97658125958014,353.16007438842735,350.4860049562676,352.2558898925781,1677800,0.0,0.0,4133.52001953125,,311.091796875
2023-04-24 04:00:00+00:00,353.3717077115844,355.0069425557843,352.1981934875048,353.9873352050781,1237600,0.0,0.0,4137.0400390625,,310.443359375
2023-04-25 04:00:00+00:00,352.80424814875516,355.5648852415079,351.1017026302472,353.0735778808594,1735800,0.0,0.0,4071.6298828125,,304.58721923828125
2023-04-26 04:00:00+00:00,351.063185309731,352.1789881955271,348.47568271386706,351.092041015625,2055500,0.0,0.0,4055.989990234375,,306.4344177246094
2023-04-27 04:00:00+00:00,351.65952919226766,353.8815064400794,346.1189992472129,351.7076416015625,1898600,0.0,0.0,4135.35009765625,,314.76666259765625
2023-04-28 04:00:00+00:00,351.6979873002926,356.4208994862178,350.99579275616327,355.3724365234375,1878900,0.0,0.0,4169.47998046875,,316.9381408691406
2023-05-01 04:00:00+00:00,356.67103225584486,359.34510201561903,355.9688669487062,358.1235046386719,1018000,0.0,0.0,4167.8701171875,,316.57464599609375
2023-05-02 04:00:00+00:00,356.32478551927613,357.55601132505296,353.3429018062223,355.9400329589844,1124600,0.0,0.0,4119.580078125,,313.8135681152344
2023-05-03 04:00:00+00:00,355.43017384422205,357.11349171867397,349.51449040164647,349.649169921875,1418900,0.0,0.0,4090.75,,311.7600402832031
2023-05-04 04:00:00+00:00,348.82197744989344,351.2940278455505,343.8393338900104,347.05206298828125,1545800,0.0,0.0,4061.219970703125,,310.6595458984375
2023-05-05 04:00:00+00:00,350.3417197610831,353.4582530292059,349.7260923055497,352.4097900390625,1113600,0.0,0.0,4136.25,,317.2624206542969
2023-05-08 04:00:00+00:00,353.97771591788705,354.6221991319733,351.1401110728468,351.73651123046875,1261700,0.0,0.0,4138.1201171875,,318.0484619140625
2023-05-09 04:00:00+00:00,351.0920238417002,353.49676373102693,348.90853058989615,350.803466796875,1015500,0.0,0.0,4119.169921875,,316.0341796875
2023-05-10 04:00:00+00:00,355.7476294541197,356.07467058656977,350.13016007872193,354.84344482421875,1304300,0.0,0.0,4137.64013671875,,319.4732360839844
2023-05-11 04:00:00+00:00,354.39137211755315,355.57451488505336,351.1113029028726,353.0543518066406,1336700,0.0,0.0,4130.6201171875,,320.51470947265625
2023-05-12 04:00:00+00:00,352.89081139405636,356.6326012484798,352.48683147771203,356.2189636230469,1189400,0.0,0.0,4124.080078125,,319.36505126953125
2023-05-15 04:00:00+00:00,356.949972896644,357.17121953801393,351.5344938749512,354.7472229003906,1378800,0.0,0.0,4136.27978515625,,321.0944519042969
2023-05-16 04:00:00+00:00,353.2947826565544,354.02580364001625,350.668796063873,351.9577331542969,1065300,0.0,0.0,4109.89990234375,,321.4579162597656
2023-05-17 04:00:00+00:00,353.14086879291693,353.14086879291693,350.1397580919135,351.1016540527344,1296300,0.0,0.0,4158.77001953125,,325.34893798828125
2023-05-18 04:00:00+00:00,349.90892884223274,354.6703262126277,348.4180016499518,354.1605224609375,1116100,0.0,0.0,4198.0498046875,,331.3917541503906
2023-05-19 04:00:00+00:00,355.48789301294835,358.21004563326926,354.88189386815736,357.334716796875,1140900,0.0,0.0,4191.97998046875,,330.64501953125
2023-05-22 04:00:00+00:00,358.30624741168236,358.8545351575562,352.36173738566663,352.4290771484375,1207900,0.0,0.0,4192.6298828125,,331.75531005859375
2023-05-23 04:00:00+00:00,350.13013176688963,350.13976012006884,340.22261505494043,340.4534606933594,2157000,0.0,0.0,4145.580078125,,327.54986572265625
2023-05-24 04:00:00+00:00,337.9332279904834,342.9446967184587,337.67349734630295,341.33831787109375,1801200,0.0,0.0,4115.240234375,,325.8697509765625
2023-05-25 04:00:00+00:00,342.57926583905453,345.4360982275602,341.41537985995586,343.00250244140625,1994800,0.0,0.0,4151.27978515625,,333.79913330078125
2023-05-26 04:00:00+00:00,343.51226116986055,346.88852519260865,341.2806556233509,342.6369323730469,1805800,0.0,0.0,4205.4501953125,,342.3277587890625
2023-05-30 04:00:00+00:00,342.62732852958777,343.1659878808192,337.2407056625404,341.386474609375,1801900,0.0,0.0,4205.52001953125,,343.8802185058594
2023-05-31 04:00:00+00:00,340.61694809739095,343.7912222271872,339.01059835927924,340.1841125488281,2958100,0.0,0.0,4179.830078125,,341.92486572265625
2023-06-01 04:00:00+00:00,342.9789198338367,344.9579296326454,340.999910035028,343.181640625,1239500,1.275,0.0,4221.02001953125,,345.8748779296875
2023-06-02 04:00:00+00:00,345.218601778823,349.11873063018743,344.74554731589075,347.9892272949219,1337700,0.0,0.0,4282.3701171875,,348.46893310546875
2023-06-05 04:00:00+00:00,349.23459648507696,354.50554369082687,347.75757168441817,350.24822998046875,1724500,0.0,0.0,4273.7900390625,,348.71453857421875
2023-06-06 04:00:00+00:00,349.765539932884,352.12106083240866,345.4020489762151,347.2845153808594,1638000,0.0,0.0,4283.85009765625,,348.6555480957031
2023-06-07 04:00:00+00:00,346.20333197130003,351.01091777297034,346.0295712637702,349.74627685546875,1441000,0.0,0.0,4267.52001953125,,342.7404479980469
2023-06-08 04:00:00+00:00,349.56276805955844,350.1323365476603,346.91761693432056,349.6689453125,1056300,0.0,0.0,4293.93017578125,,346.9950256347656
2023-06-09 04:00:00+00:00,349.93927785476365,349.93927785476365,346.3287795870602,348.2691955566406,1121600,0.0,0.0,4298.85986328125,,348.3214416503906
2023-06-12 04:00:00+00:00,349.9200170842321,349.9200170842321,346.17435159382376,349.4759521484375,1021400,0.0,0.0,4338.93017578125,,354.20709228515625
2023-06-13 04:00:00+00:00,351.61904777335184,360.4039492196201,350.6536713980741,360.3363952636719,2065900,0.0,0.0,4369.009765625,,356.9288024902344
2023-06-14 04:00:00+00:00,362.2478295992209,363.41595625088274,359.05243608364606,361.35003662109375,1553200,0.0,0.0,4372.58984375,,359.5227355957031
2023-06-15 04:00:00+00:00,362.37329030749925,365.39492278430174,360.07569004229043,363.40625,1228600,0.0,0.0,4425.83984375,,363.80682373046875
2023-06-16 04:00:00+00:00,363.70555333468917,363.9468974311289,360.38465621080235,362.2961120605469,4372200,0.0,0.0,4409.58984375,,361.51739501953125
2023-06-20 04:00:00+00:00,361.43696342120353,361.9003547570357,355.10409580293054,355.9150085449219,1721700,0.0,0.0,4388.7099609375,,360.9998779296875
2023-06-21 04:00:00+00:00,354.447618104677,359.1779567799503,352.8547528670071,357.8167724609375,1542700,0.0,0.0,4365.68994140625,,356.08026123046875
2023-06-22 04:00:00+00:00,355.52879783567005,360.40393657540636,352.931933120404,359.73785400390625,1197500,0.0,0.0,4381.89013671875,,360.2816162109375
2023-06-23 04:00:00+00:00,356.8224337757336,358.28982481434696,354.4765761054672,357.75885009765625,2070500,0.0,0.0,4348.330078125,,356.7099609375
2023-06-26 04:00:00+00:00,357.16998887211815,359.1200386913276,356.66797426410005,357.87469482421875,1089700,0.0,0.0,4328.81982421875,,351.9281005859375
2023-06-27 04:00:00+00:00,358.7531340104278,363.3772947122371,358.59867026792443,362.7401428222656,1320000,0.0,0.0,4378.41015625,,357.9792175292969
2023-06-28 04:00:00+00:00,361.25342622897045,362.83665736748185,359.45784060504064,361.98712158203125,1094000,0.0,0.0,4376.85986328125,,358.6778259277344
2023-06-29 04:00:00+00:00,360.5584086168766,367.44154680316154,360.49085466174483,366.0610656738281,1350600,0.0,0.0,4396.43994140625,,357.9595642089844
2023-06-30 04:00:00+00:00,367.2485280929569,370.29909179933463,366.8623539378645,367.8856506347656,1642800,0.0,0.0,4450.3798828125,,363.4793395996094
2023-07-03 04:00:00+00:00,368.7834161369317,369.11164054926655,365.06671142578125,365.06671142578125,1118700,0.0,0.0,4455.58984375,,364.3353271484375
2023-07-05 04:00:00+00:00,358.2704758425516,361.08938782246446,353.02848919303295,354.5248107910156,2926700,0.0,0.0,4446.81982421875,,364.3255615234375
2023-07-06 04:00:00+00:00,349.83307716572887,352.2851412788816,345.9619086772057,351.90863037109375,2129900,0.0,0.0,4411.58984375,,361.55084228515625
2023-07-07 04:00:00+00:00,350.46057565576467,357.083072745787,349.4662391923018,351.88934326171875,1336800,0.0,0.0,4398.9501953125,,360.3504638671875
2023-07-10 04:00:00+00:00,351.300418157274,355.97283576073323,351.300418157274,354.82403564453125,1292100,0.0,0.0,4409.52978515625,,360.4685363769531
2023-07-11 04:00:00+00:00,357.0058101711542,358.8400192645068,350.69224086659216,354.1386413574219,1162000,0.0,0.0,4439.259765625,,362.2494812011719
2023-07-12 04:00:00+00:00,357.54645210994505,361.9485661315988,353.31809876944743,361.6300048828125,1557000,0.0,0.0,4472.16015625,,366.8246765136719
2023-07-13 04:00:00+00:00,363.0780620842138,365.0088148424803,360.7032444406117,364.0820617675781,1281100,0.0,0.0,4510.0400390625,,373.0528564453125
2023-07-14 04:00:00+00:00,364.0820531198893,366.3506639882091,363.46419811066374,365.47216796875,886400,0.0,0.0,4505.419921875,,372.9741516113281
2023-07-17 04:00:00+00:00,365.40461254802597,370.2797513429144,365.3949493569992,368.87994384765625,1152100,0.0,0.0,4522.7900390625,,376.4571838378906
2023-07-18 04:00:00+00:00,363.8407263427839,371.23548365751986,363.8407263427839,370.9651794433594,1099400,0.0,0.0,4554.97998046875,,379.53692626953125
2023-07-19 04:00:00+00:00,369.15025739171085,370.5789954602927,361.35000039183205,361.73614501953125,1607100,0.0,0.0,4565.72021484375,,379.4483642578125
2023-07-20 04:00:00+00:00,363.08775804918355,368.4938725911483,361.7748600897821,368.3876953125,1085100,0.0,0.0,4534.8701171875,,370.70135498046875
2023-07-21 04:00:00+00:00,367.209860924647,372.06570278932594,365.70387617471124,371.225830078125,1195700,0.0,0.0,4536.33984375,,369.5894775390625
2023-07-24 04:00:00+00:00,371.66993084459335,372.63530728834553,368.5034972875242,371.37066650390625,1467500,0.0,0.0,4554.64013671875,,370.17987060546875
2023-07-25 04:00:00+00:00,372.2008269300214,378.05100504937246,371.5637044869569,377.5007629394531,1328400,0.0,0.0,4567.4599609375,,372.6888122558594
2023-07-26 04:00:00+00:00,373.7937886069477,375.02946933536106,366.4472582004246,374.768798828125,1825500,0.0,0.0,4566.75,,371.4490966796875
2023-07-27 04:00:00+00:00,374.76874802495746,375.27076258657297,369.9418662306448,371.3127136230469,2336400,0.0,0.0,4537.41015625,,370.56353759765625
2023-07-28 04:00:00+00:00,373.2627613937447,375.6762022788212,371.8726170870647,375.2514343261719,1445400,0.0,0.0,4582.22998046875,,377.3132629394531
2023-07-31 04:00:00+00:00,375.0680328687357,377.433216861787,372.58703788098217,377.14361572265625,1615200,0.0,0.0,4588.9599609375,,377.510009765625
2023-08-01 04:00:00+00:00,376.34233293133735,380.03974104825454,375.05839527979896,375.18389892578125,1468600,0.0,0.0,4576.72998046875,,376.6343994140625
2023-08-02 04:00:00+00:00,372.26838471147613,373.72611227608786,370.08662495955843,370.4920959472656,1538900,0.0,0.0,4513.39013671875,,368.3694763183594
2023-08-03 04:00:00+00:00,368.68691783666475,371.21619938268464,365.9838461420173,367.56707763671875,1926000,0.0,0.0,4501.89013671875,,367.7790832519531
2023-08-04 04:00:00+00:00,371.0134721088505,371.09068925948753,364.45855798028424,364.738525390625,1648900,0.0,0.0,4478.02978515625,,366.05718994140625
2023-08-07 04:00:00+00:00,367.8083245281278,372.6062453204889,367.4801001622873,371.640869140625,1112000,0.0,0.0,4518.43994140625,,369.1565856933594
2023-08-08 04:00:00+00:00,370.6080253115497,371.03279332023527,365.81010302062765,368.5614318847656,946800,0.0,0.0,4499.3798828125,,366.0178527832031
2023-08-09 04:00:00+00:00,369.94186117773376,370.57901310119416,366.1576024008117,366.4182434082031,853400,0.0,0.0,4467.7099609375,,361.99365234375
2023-08-10 04:00:00+00:00,368.09799987954204,373.1951859593928,367.5573914665994,369.08270263671875,825000,0.0,0.0,4468.830078125,,362.6627197265625
2023-08-11 04:00:00+00:00,369.09232801000786,369.9804872174175,367.3643255503468,368.6000061035156,692600,0.0,0.0,4464.0498046875,,360.3504638671875
2023-08-14 04:00:00+00:00,367.9146011150406,370.06740118339945,365.89696788961464,368.93792724609375,1060700,0.0,0.0,4489.72021484375,,364.3943786621094
2023-08-15 04:00:00+00:00,365.8776895736999,367.57676162297173,364.66130576924826,366.2445373535156,709700,0.0,0.0,4437.85986328125,,360.527587890625
2023-08-16 04:00:00+00:00,365.6459291690161,368.3779310780672,364.3040419988236,364.7191467285156,1143800,0.0,0.0,4404.330078125,,356.7099609375
2023-08-17 04:00:00+00:00,366.30241627826325,368.00148813593154,362.39265372050284,363.32904052734375,1229800,0.0,0.0,4370.35986328125,,352.81365966796875
2023-08-18 04:00:00+00:00,361.59138989959985,364.7867834962932,360.85769439212214,362.1127014160156,1254700,0.0,0.0,4369.7099609375,,352.37091064453125
2023-08-21 04:00:00+00:00,363.19393488781185,365.41428897321896,360.53914960871776,364.4199523925781,947100,0.0,0.0,4399.77001953125,,358.048095703125
2023-08-22 04:00:00+00:00,365.49151910549574,367.20022476576474,364.30409550100006,364.5164794921875,913200,0.0,0.0,4387.5498046875,,357.5364685058594
2023-08-23 04:00:00+00:00,364.516518037552,366.5824379394652,362.7209318447819,365.2502136230469,929200,0.0,0.0,4436.009765625,,363.1742858886719
2023-08-24 04:00:00+00:00,364.3330281222244,367.5670447826925,364.0627239230152,364.8543395996094,820300,0.0,0.0,4376.31005859375,,355.41119384765625
2023-08-25 04:00:00+00:00,366.28314035441434,369.999816064705,364.82541250837306,368.37799072265625,1022100,0.0,0.0,4405.7099609375,,358.16619873046875
2023-08-28 04:00:00+00:00,369.15993087930644,370.6659157121886,367.55740251386516,368.84136962890625,772000,0.0,0.0,4433.31005859375,,360.86212158203125
2023-08-29 04:00:00+00:00,367.8759970885363,373.5910089602733,366.215548478312,373.45587158203125,1060100,0.0,0.0,4497.6298828125,,368.7432861328125
2023-08-30 04:00:00+00:00,373.5041371554602,374.7591441986938,371.95952896583856,373.68756103515625,780100,0.0,0.0,4514.8701171875,,370.7996520996094
2023-08-31 04:00:00+00:00,374.23781086819,375.6955386289565,372.63528254266674,373.6392822265625,1193100,0.0,0.0,4507.66015625,,371.9114990234375
2023-09-01 04:00:00+00:00,376.9178409076883,378.71939089213214,375.3971836286567,376.6853942871094,970000,1.275,0.0,4515.77001953125,,371.5179443359375
2023-09-05 04:00:00+00:00,377.7120644256939,377.7120644256939,369.4598844396314,369.60516357421875,1092500,0.0,0.0,4496.830078125,,371.9902648925781
2023-09-06 04:00:00+00:00,368.3945062785936,371.7651009047848,367.5809134530191,371.2420959472656,775400,0.0,0.0,4465.47998046875,,368.71380615234375
2023-09-07 04:00:00+00:00,371.99754263021794,375.261608759733,370.09912998818663,374.4673767089844,986400,0.0,0.0,4451.14013671875,,366.0768737792969
2023-09-08 04:00:00+00:00,374.3317836017625,377.24715016276565,373.00482198702554,374.6513977050781,1064000,0.0,0.0,4457.490234375,,366.5885009765625
2023-09-11 04:00:00+00:00,376.38514700617856,379.1939854310409,375.300356681403,377.111572265625,862000,0.0,0.0,4487.4599609375,,370.9079284667969
2023-09-12 04:00:00+00:00,375.2132231192477,377.34405300460793,374.8257726325257,375.7265625,1047900,0.0,0.0,4461.89990234375,,366.7951354980469
2023-09-13 04:00:00+00:00,374.79674435221006,376.4626810692781,372.30754918614747,373.04364013671875,1207500,0.0,0.0,4467.43994140625,,368.1922607421875
2023-09-14 04:00:00+00:00,375.10664599108014,378.64190981238175,373.51821139919764,377.54742431640625,1231500,0.0,0.0,4505.10009765625,,371.2030944824219
2023-09-15 04:00:00+00:00,377.45058242237513,381.05365294683895,373.8765677264022,375.7943115234375,2820400,0.0,0.0,4450.31982421875,,364.8469543457031
2023-09-18 04:00:00+00:00,375.48439897455216,377.14064034355687,372.99517457733333,375.3487854003906,652000,0.0,0.0,4453.52978515625,,365.2273254394531
2023-09-19 04:00:00+00:00,375.8524748605603,378.1189480277681,373.4310569589761,377.5281066894531,1458800,0.0,0.0,4443.9501953125,,364.4488525390625
2023-09-20 04:00:00+00:00,376.433599288746,376.49171095035587,366.73826267142044,366.91259765625,1747300,0.0,0.0,4402.2001953125,,359.197021484375
2023-09-21 04:00:00+00:00,365.2854317578412,365.6244066161124,360.61693096737355,360.733154296875,1362200,0.0,0.0,4330.0,,352.6148681640625
2023-09-22 04:00:00+00:00,359.2027805658133,364.1521738177996,359.01878001044525,361.22711181640625,1017300,0.0,0.0,4320.06005859375,,352.6641540527344
2023-09-25 04:00:00+00:00,359.5127462954171,365.05295155498334,357.40127701032935,364.73333740234375,1558100,0.0,0.0,4337.43994140625,,354.33929443359375
2023-09-26 04:00:00+00:00,361.96315698917624,363.4741191098448,357.3721589731693,359.5320739746094,1769500,0.0,0.0,4273.52978515625,,349.0184326171875
2023-09-27 04:00:00+00:00,359.75489539922125,362.1666477423949,358.379546576064,360.3166809082031,1254900,0.0,0.0,4274.509765625,,349.8363037109375
2023-09-28 04:00:00+00:00,360.9752192977586,364.8301264033581,359.7257596547612,361.75006103515625,1065500,0.0,0.0,4299.7001953125,,352.76275634765625
2023-09-29 04:00:00+00:00,364.03588881710726,365.02381645085984,360.2584836782686,360.6459045410156,1474100,0.0,0.0,4288.0498046875,,353.0189514160156
2023-10-02 04:00:00+00:00,359.2802762818011,359.7645598235021,354.97983606683056,358.5732116699219,1298400,0.0,0.0,4288.39013671875,,355.9651184082031
2023-10-03 04:00:00+00:00,357.01378997279926,365.2756650195536,356.209862837475,361.1108093261719,1747600,0.0,0.0,4229.4501953125,,349.71807861328125
2023-10-04 04:00:00+00:00,362.36997572872394,367.93923596780263,361.0430436706571,366.7091369628906,1897900,0.0,0.0,4263.75,,354.47723388671875
2023-10-05 04:00:00+00:00,366.37020990303546,369.0240743650023,355.570662820236,358.2342224121094,1821900,0.0,0.0,4258.18994140625,,353.4327697753906
2023-10-06 04:00:00+00:00,357.633697309362,363.26106965036803,355.49317234997176,361.7985534667969,1571300,0.0,0.0,4308.5,,359.3547058105469
2023-10-09 04:00:00+00:00,358.74756406087477,362.6993046216743,357.6336883060247,361.9825744628906,846100,0.0,0.0,4335.66015625,,361.1873779296875
2023-10-10 04:00:00+00:00,364.5299068339993,369.6730254311709,363.2998372334769,367.0481872558594,1335500,0.0,0.0,4358.240234375,,363.18768310546875
2023-10-11 04:00:00+00:00,368.3847632603355,369.59547199070613,365.46936717894107,366.76727294921875,931400,0.0,0.0,4376.9501953125,,365.77911376953125
2023-10-12 04:00:00+00:00,368.7431338578942,369.4114474517699,363.54193380337193,365.8374328613281,888400,0.0,0.0,4349.60986328125,,364.5080261230469
2023-10-13 04:00:00+00:00,367.764883604118,370.4381082927554,364.3167876186659,366.01177978515625,1214200,0.0,0.0,4327.77978515625,,359.9261169433594
2023-10-16 04:00:00+00:00,366.58324512453925,372.23967280081274,366.12801745677194,367.3193359375,1182400,0.0,0.0,4373.6298828125,,363.9956359863281
2023-10-17 04:00:00+00:00,365.75997240595524,370.31221971367734,364.6461262326998,369.1112060546875,920300,0.0,0.0,4373.2001953125,,362.8033752441406
2023-10-18 04:00:00+00:00,367.21283356260915,367.71647779195706,359.2609062898629,359.7257995605469,1486600,0.0,0.0,4314.60009765625,,358.0441589355469
2023-10-19 04:00:00+00:00,358.79595988641466,361.84694000809907,357.2559419118181,358.5054016113281,1249200,0.0,0.0,4278.0,,354.6940002441406
2023-10-20 04:00:00+00:00,358.36980598896247,360.09385414354955,354.43742615818167,354.8442077636719,1334100,0.0,0.0,4224.16015625,,349.4026794433594
2023-10-23 04:00:00+00:00,353.5270046707938,357.0429081041118,349.6720968281817,353.9434814453125,1648700,0.0,0.0,4217.0400390625,,350.45703125
2023-10-24 04:00:00+00:00,355.0088473420943,357.8080200498141,353.56569202760954,355.7159118652344,1590000,0.0,0.0,4247.68017578125,,353.86627197265625
2023-10-25 04:00:00+00:00,356.26802190035676,357.88554195626733,350.9409028725909,352.9264831542969,1492900,0.0,0.0,4186.77001953125,,345.2051696777344
2023-10-26 04:00:00+00:00,359.2318388345469,362.52496081470605,354.61175519839975,358.67974853515625,2168400,0.0,0.0,4137.22998046875,,338.6230773925781
2023-10-27 04:00:00+00:00,356.2970308640835,364.72357531382585,356.2970308640835,358.88311767578125,1945300,0.0,0.0,4117.3701171875,,340.2488708496094
2023-10-30 04:00:00+00:00,364.2490528733457,367.4937587168338,361.9438583417036,366.9610290527344,1478000,0.0,0.0,4166.81982421875,,344.08184814453125
2023-10-31 04:00:00+00:00,366.32170117997566,371.99751892838174,364.85918517196933,370.1475524902344,2020700,0.0,0.0,4193.7998046875,,345.7274475097656
2023-11-01 04:00:00+00:00,370.25417686811335,375.3488498533371,369.08221881989374,374.932373046875,1564900,0.0,0.0,4237.85986328125,,351.7281188964844
2023-11-02 04:00:00+00:00,375.29073123585033,379.39744667311874,375.2616754024102,377.4118957519531,1586700,0.0,0.0,4317.77978515625,,358.1131286621094
2023-11-03 04:00:00+00:00,377.8380518630456,382.75835998897253,376.4142569674378,380.17230224609375,1339300,0.0,0.0,4358.33984375,,362.32049560546875
2023-11-06 05:00:00+00:00,380.2109835901826,381.16018994001826,377.9735960697248,380.6468505859375,1464000,0.0,0.0,4365.97998046875,,363.798583984375
2023-11-07 05:00:00+00:00,377.7023375307224,378.67090442426803,373.0144773129595,377.0630798339844,2647400,0.0,0.0,4378.3798828125,,367.2374572753906
2023-11-08 05:00:00+00:00,379.10682685437996,381.74133037287197,376.90819032512474,379.93011474609375,1631400,0.0,0.0,4382.77978515625,,367.4739074707031
2023-11-09 05:00:00+00:00,381.93501395382236,381.9931551677575,378.10919202028765,378.6903381347656,1305400,0.0,0.0,4347.35009765625,,364.64599609375
2023-11-10 05:00:00+00:00,379.2036999638292,387.785189946548,379.2036999638292,387.2718505859375,1378100,0.0,0.0,4415.240234375,,372.84405517578125
2023-11-13 05:00:00+00:00,383.9012357753616,389.3155517939891,382.58399872723186,387.1846923828125,1420000,0.0,0.0,4411.5498046875,,371.6813049316406
2023-11-14 05:00:00+00:00,387.0103962089821,393.99375731853866,387.0103962089821,391.0686950683594,1350500,0.0,0.0,4495.7001953125,,379.68231201171875
2023-11-15 05:00:00+00:00,391.2720767011962,393.3641853132265,389.46086084182025,390.0904235839844,1139900,0.0,0.0,4502.8798828125,,379.9680480957031
2023-11-16 05:00:00+00:00,390.5068451157123,396.10516132454995,389.67389166418906,395.5531005859375,1228100,0.0,0.0,4508.240234375,,380.2932434082031
2023-11-17 05:00:00+00:00,398.1585399697351,398.1585399697351,393.72251577429864,395.05914306640625,1542500,0.0,0.0,4514.02001953125,,380.38189697265625
2023-11-20 05:00:00+00:00,394.73952013581237,397.22874474210283,393.43197816317286,395.4368896484375,1678500,0.0,0.0,4547.3798828125,,385.0130310058594
2023-11-21 05:00:00+00:00,398.11981476150225,401.92627623379246,396.5410457158736,398.96246337890625,1225300,0.0,0.0,4538.18994140625,,382.7762451171875
2023-11-22 05:00:00+00:00,397.8291749193514,399.5435573180716,395.2818391413909,398.6815185546875,1111000,0.0,0.0,4556.6201171875,,384.3429870605469
2023-11-24 05:00:00+00:00,399.69859245889285,403.1079379612449,398.92372105495707,401.1998596191406,711300,0.0,0.0,4559.33984375,,383.8010559082031
2023-11-27 05:00:00+00:00,400.8220857609941,400.986755163703,397.1124869978701,399.824462890625,1301200,0.0,0.0,4550.43017578125,,383.466064453125
2023-11-28 05:00:00+00:00,399.05934479767296,400.8124489036356,397.1318761474333,397.819580078125,1134300,0.0,0.0,4554.89013671875,,384.4710693359375
2023-11-29 05:00:00+00:00,399.60170326121045,402.23620674272837,398.0326294152916,398.45880126953125,1405900,0.0,0.0,4550.580078125,,384.0966491699219
2023-11-30 05:00:00+00:00,397.5580830315394,402.9239535742194,396.9091595628199,400.7640380859375,4023900,0.0,0.0,4567.7998046875,,383.13104248046875
2023-12-01 05:00:00+00:00,400.7203088655048,403.24634350971445,398.3108271367652,399.99163818359375,2107300,1.275,0.0,4594.6298828125,,384.2247314453125
2023-12-04 05:00:00+00:00,397.3684311485818,399.5447182029137,394.47316882476093,395.0755615234375,2092400,0.0,0.0,4569.77978515625,,380.6578063964844
2023-12-05 05:00:00+00:00,394.45371268996246,395.0463505880174,390.7131974155517,392.4814453125,2207000,0.0,0.0,4567.18017578125,,381.61358642578125
2023-12-06 05:00:00+00:00,392.4814535211299,392.67577755880694,387.10872299086776,388.925537109375,2263700,0.0,0.0,4549.33984375,,379.40643310546875
2023-12-07 05:00:00+00:00,388.0510787558322,389.9942002360048,386.0788116394442,387.31268310546875,1914100,0.0,0.0,4585.58984375,,384.7075500488281
2023-12-08 05:00:00+00:00,386.6812219960506,390.1788470194191,386.1565708301242,389.85821533203125,1483700,0.0,0.0,4604.3701171875,,386.4219970703125
2023-12-11 05:00:00+00:00,388.62432280338317,396.67857019539446,388.4980151545228,396.6299743652344,1653400,0.0,0.0,4622.43994140625,,389.7229919433594
2023-12-12 05:00:00+00:00,413.5837661050459,421.8614543834617,408.34703856886426,414.58447265625,6829000,0.0,0.0,4643.7001953125,,392.82684326171875
2023-12-13 05:00:00+00:00,394.39542509352697,402.39138179145255,393.16155345264696,397.11578369140625,3359600,0.0,0.0,4707.08984375,,397.82244873046875
2023-12-14 05:00:00+00:00,395.21157101673856,399.4281420773901,394.28857623343407,398.0679626464844,2220500,0.0,0.0,4719.5498046875,,397.47760009765625
2023-12-15 05:00:00+00:00,395.82360975086243,399.21434763198545,393.38498252764975,395.7944641113281,4241100,0.0,0.0,4719.18994140625,,399.3990173339844
2023-12-18 05:00:00+00:00,400.1859041469733,401.2449019048254,396.17335313301265,397.4655456542969,1717600,0.0,0.0,4740.56005859375,,401.9146728515625
2023-12-19 05:00:00+00:00,400.2830464850798,402.4690582680687,398.4467823555216,400.3704833984375,1344600,0.0,0.0,4768.3701171875,,403.9683532714844
2023-12-20 05:00:00+00:00,399.05890821497024,400.0790649335149,394.3954278292053,394.803466796875,1578500,0.0,0.0,4698.35009765625,,397.9654541015625
2023-12-21 05:00:00+00:00,396.41624199462103,397.75700069348085,395.04633765664187,397.49468994140625,1534000,0.0,0.0,4746.75,,402.595947265625
2023-12-22 05:00:00+00:00,398.913201232868,400.5551415870064,397.1352577654999,399.0589294433594,838900,0.0,0.0,4754.6298828125,,403.19818115234375
2023-12-26 05:00:00+00:00,398.9325964173591,400.02076950245464,397.9804857362172,398.2719421386719,619300,0.0,0.0,4774.75,,405.6664733886719
2023-12-27 05:00:00+00:00,396.39683138460725,399.65156619968735,396.39683138460725,399.5155334472656,850900,0.0,0.0,4781.580078125,,406.4923095703125
2023-12-28 05:00:00+00:00,398.8548813421494,399.2143541188084,397.57241388243256,398.1164855957031,814400,0.0,0.0,4783.35009765625,,406.29473876953125
2023-12-29 05:00:00+00:00,397.0964187442766,400.3997202612418,396.3580228858919,399.0298156738281,975900,0.0,0.0,4769.830078125,,404.536376953125
2024-01-02 05:00:00+00:00,398.1261782653952,400.0207336606534,395.1337840861339,397.9318542480469,1571900,0.0,0.0,4742.830078125,,397.69073486328125
2024-01-03 05:00:00+00:00,394.3565253926758,398.20389788415594,393.7638875326122,397.08660888671875,1536300,0.0,0.0,4704.81005859375,,393.48260498046875
2024-01-04 05:00:00+00:00,396.04709719605825,399.94303622053076,395.9887762646879,396.9700622558594,1517800,0.0,0.0,4688.68017578125,,391.4575500488281
2024-01-05 05:00:00+00:00,397.41693846119097,398.8159884030527,394.6965800462836,397.4849548339844,1400100,0.0,0.0,4697.240234375,,391.9218444824219
2024-01-08 05:00:00+00:00,396.26079516674923,398.3302245270352,392.8603321821587,396.6785888671875,1142300,0.0,0.0,4763.5400390625,,400.0220031738281
2024-01-09 05:00:00+00:00,395.8916564229549,396.18311284060246,392.928377811668,395.1241149902344,1256200,0.0,0.0,4756.5,,400.8122863769531
2024-01-10 05:00:00+00:00,392.9283829833513,394.54117769816355,392.52034399327414,394.337158203125,1170600,0.0,0.0,4783.4501953125,,403.5288391113281
2024-01-11 05:00:00+00:00,395.21151243435025,395.4252570025011,390.21770519618354,394.4148254394531,1110500,0.0,0.0,4780.240234375,,404.36846923828125
2024-01-12 05:00:00+00:00,397.115776443074,397.9124634642275,393.96792874445754,397.2906799316406,849100,0.0,0.0,4783.830078125,,404.5758972167969
2024-01-16 05:00:00+00:00,395.89167832953956,398.9326392875549,394.45375740697614,395.08526611328125,1464700,0.0,0.0,4765.97998046875,,404.536376953125
2024-01-17 05:00:00+00:00,392.9672155099444,395.7458652901774,392.4328689059562,395.182373046875,1369100,0.0,0.0,4739.2099609375,,402.2545166015625
2024-01-18 05:00:00+00:00,395.48358771780744,396.76605525460013,392.25799833121476,396.2511291503906,1232200,0.0,0.0,4780.93994140625,,407.9642028808594
2024-01-19 05:00:00+00:00,395.5418488022413,396.3968270948267,392.76319900102305,395.7944641113281,2265900,0.0,0.0,4839.81005859375,,416.05450439453125
2024-01-22 05:00:00+00:00,390.45087861791603,395.73617200679723,389.9942438330415,394.91033935546875,2105400,0.0,0.0,4850.43017578125,,416.59783935546875
2024-01-23 05:00:00+00:00,393.7639138320208,396.57170933224836,390.7326486575072,396.28997802734375,1293900,0.0,0.0,4864.60009765625,,418.3265686035156
2024-01-24 05:00:00+00:00,395.49326530316847,396.7757326858945,389.59588408157094,389.867919921875,1594800,0.0,0.0,4868.5498046875,,420.6479797363281
2024-01-25 05:00:00+00:00,389.3239044134897,392.12200468872135,389.012997794089,391.9956970214844,1550900,0.0,0.0,4894.16015625,,421.1615905761719
2024-01-26 05:00:00+00:00,392.90894177829745,393.79306574322413,390.2468744364355,392.5494689941406,1146600,0.0,0.0,4890.97021484375,,418.65252685546875
2024-01-29 05:00:00+00:00,393.26835518042776,394.32735282914473,390.820032789331,394.0747375488281,1400400,0.0,0.0,4927.93017578125,,422.939697265625
2024-01-30 05:00:00+00:00,394.5023016957588,398.8646304103464,393.8707930245111,396.2511291503906,1647600,0.0,0.0,4924.97021484375,,420.1243896484375
2024-01-31 05:00:00+00:00,397.8152560615279,398.9325449931605,391.8595839250428,393.3169250488281,1782000,0.0,0.0,4845.64990234375,,411.895751953125
2024-02-01 05:00:00+00:00,396.6591529488012,398.33996395841484,393.78334102311084,397.0283508300781,1893600,0.0,0.0,4906.18994140625,,416.7460021972656
2024-02-02 05:00:00+00:00,395.44470945070526,397.30039433989936,392.7437713168893,395.5127258300781,2218600,0.0,0.0,4958.60986328125,,423.78924560546875
2024-02-05 05:00:00+00:00,385.5542260626822,390.54806334727334,384.806134839563,389.2364501953125,3487800,0.0,0.0,4942.81005859375,,423.236083984375
2024-02-06 05:00:00+00:00,403.0908921284883,409.02711464360544,399.6612538911767,403.7418212890625,3227000,0.0,0.0,4954.22998046875,,422.3865051269531
2024-02-07 05:00:00+00:00,407.15199385622867,411.9126358730015,403.4891906438818,404.9756774902344,1985600,0.0,0.0,4995.06005859375,,426.73297119140625
2024-02-08 05:00:00+00:00,407.37548789863837,407.37548789863837,401.604413576829,402.2262268066406,1488900,0.0,0.0,4997.91015625,,427.52325439453125
2024-02-09 05:00:00+00:00,402.0416237436844,407.9001349316788,400.56486181252137,407.4920959472656,1351500,0.0,0.0,5026.60986328125,,431.7314147949219
2024-02-12 05:00:00+00:00,408.40530638273594,409.01739446474613,406.22901955753025,407.6766357421875,1272100,0.0,0.0,5021.83984375,,430.0422058105469
2024-02-13 05:00:00+00:00,407.0062814245912,407.7737931428438,402.43993360229035,404.4122009277344,1313300,0.0,0.0,4953.169921875,,423.3348388671875
2024-02-14 05:00:00+00:00,406.95767236504406,408.88137344568094,404.7716605391906,406.50103759765625,1345200,0.0,0.0,5000.6201171875,,427.9480285644531
2024-02-15 05:00:00+00:00,408.2985270885238,417.03285135083325,407.754455278061,416.4985046386719,1721600,0.0,0.0,5029.72998046875,,429.2223205566406
2024-02-16 05:00:00+00:00,419.9765808641412,422.405482890294,418.40265709514347,419.35479736328125,1460800,0.0,0.0,5005.56982421875,,425.33026123046875
2024-02-20 05:00:00+00:00,423.20220324112415,426.90384784888835,421.84202392916234,423.5616760253906,1869200,0.0,0.0,4975.509765625,,422.11981201171875
2024-02-21 05:00:00+00:00,425.3105224111353,427.243919174874,422.26953195480945,426.962158203125,1230900,0.0,0.0,4981.7998046875,,420.4306335449219
2024-02-22 05:00:00+00:00,429.2064140794929,435.09407029457816,426.2528905255054,434.31683349609375,1386900,0.0,0.0,5087.02978515625,,432.739013671875
2024-02-23 05:00:00+00:00,435.5507326760297,435.7839274501035,432.64577511917696,434.831787109375,1164900,0.0,0.0,5088.7998046875,,431.46466064453125
2024-02-26 05:00:00+00:00,434.83173937691436,435.30779467017834,431.8684908642469,432.2862548828125,1286000,0.0,0.0,5069.52978515625,,431.2374572753906
2024-02-27 05:00:00+00:00,430.9456034136309,432.29608746251216,429.29393782069644,432.15032958984375,1086300,0.0,0.0,5078.18017578125,,432.27471923828125
2024-02-28 05:00:00+00:00,431.4798332438448,438.8831511125024,430.9066159555958,438.36822509765625,1562400,0.0,0.0,5069.759765625,,429.9730529785156
2024-02-29 05:00:00+00:00,439.777003652754,440.2239133325239,432.44173124807577,436.0559387207031,3684200,0.0,0.0,5096.27001953125,,433.65765380859375
2024-03-01 05:00:00+00:00,435.2592950691362,438.14483220680967,434.2877341426426,436.43487548828125,1656100,0.0,0.0,5137.080078125,,440.1871643066406
2024-03-04 05:00:00+00:00,436.4348694921359,443.6730101549436,435.9685392296252,442.6431579589844,2291800,0.0,0.0,5130.9501953125,,438.6165466308594
2024-03-05 05:00:00+00:00,443.3912469964811,449.87157130098973,443.3912469964811,447.8507080078125,4102900,0.0,0.0,5078.64990234375,,430.7435607910156
2024-03-06 05:00:00+00:00,445.92699132341966,451.8826341839975,445.92699132341966,450.42529296875,2599800,0.0,0.0,5104.759765625,,433.4502258300781
2024-03-07 05:00:00+00:00,451.77582570251786,454.46703876453614,448.50167016126875,452.0575866699219,2514000,0.0,0.0,5157.35986328125,,440.0291748046875
2024-03-08 05:00:00+00:00,453.0291351811462,453.0291351811462,448.841710122017,449.3954772949219,2469200,0.0,0.0,5123.68994140625,,433.6774597167969
2024-03-11 04:00:00+00:00,460.5004111699624,460.5004111699624,453.47601572121954,456.1283874511719,4251500,0.0,0.0,5117.93994140625,,432.0672912597656
2024-03-12 04:00:00+00:00,454.0978731014336,459.75233512793426,453.61209264093,458.06182861328125,3259400,0.0,0.0,5175.27001953125,,438.2609558105469
2024-03-13 04:00:00+00:00,457.9448595255998,465.49672080284347,457.9448595255998,462.74884033203125,3240000,1.39,0.0,5165.31005859375,,434.8924865722656
2024-03-14 04:00:00+00:00,463.76220306033844,464.80485420989197,460.99481504400745,461.8230895996094,3551300,0.0,0.0,5150.47998046875,,433.7959899902344
2024-03-15 04:00:00+00:00,460.5270579887187,461.7256220444615,454.45635557969877,456.2590637207031,33347400,0.0,0.0,5117.08984375,,428.6394958496094
2024-03-18 04:00:00+00:00,456.6586442611017,463.8109843766957,453.6573716753533,454.19329833984375,3026400,0.0,0.0,5149.419921875,,432.72760009765625
2024-03-19 04:00:00+00:00,455.06051069422927,456.25907477902155,452.9752084269678,454.79742431640625,1883100,0.0,0.0,5178.509765625,,433.80572509765625
2024-03-20 04:00:00+00:00,454.36867916660975,456.30779263200225,452.26389889475644,454.85589599609375,2146400,0.0,0.0,5224.6201171875,,438.9491882324219
2024-03-21 04:00:00+00:00,452.77060832695446,456.6391112675936,451.4941025714342,454.37841796875,2723800,0.0,0.0,5241.52978515625,,441.0264587402344
2024-03-22 04:00:00+00:00,452.4879915407295,457.21400064997385,450.6658053889091,456.268798828125,1687400,0.0,0.0,5234.18017578125,,441.53094482421875
2024-03-25 04:00:00+00:00,455.2651763264594,456.29807370503613,452.57575944325856,454.9631042480469,1391000,0.0,0.0,5218.18994140625,,439.9284973144531
2024-03-26 04:00:00+00:00,453.0531780256536,456.36624644734576,453.0531780256536,455.596435546875,1265300,0.0,0.0,5203.580078125,,438.504150390625
2024-03-27 04:00:00+00:00,451.13360857621035,455.2847059973587,449.1652630449247,454.3102722167969,1590600,0.0,0.0,5248.490234375,,439.99774169921875
2024-03-28 04:00:00+00:00,451.7767045250072,453.9984121884103,450.78276311153945,452.4490661621094,1784900,0.0,0.0,5254.35009765625,,439.1866760253906
2024-04-01 04:00:00+00:00,454.0276517727102,454.6220420704621,450.0032357343191,451.5525817871094,1027300,0.0,0.0,5243.77001953125,,440.1164245605469
2024-04-02 04:00:00+00:00,450.5488925442927,452.3516007864828,449.0580102143707,449.54522705078125,1451100,0.0,0.0,5205.81005859375,,436.3181457519531
2024-04-03 04:00:00+00:00,449.03855261905824,452.4685485975578,448.4149007662272,450.6463623046875,1449200,0.0,0.0,5211.490234375,,437.29742431640625
2024-04-04 04:00:00+00:00,451.4746152230889,455.0020603513068,444.31252179950405,445.5695495605469,2258500,0.0,0.0,5147.2099609375,,430.6108093261719
2024-04-05 04:00:00+00:00,445.8229096697461,453.88149565283265,444.89721546819214,452.8193664550781,1575900,0.0,0.0,5204.33984375,,435.6850891113281
2024-04-08 04:00:00+00:00,451.0361238916537,451.25050049606557,447.7425332135786,449.8668212890625,1744300,0.0,0.0,5202.39013671875,,435.8137512207031
2024-04-09 04:00:00+00:00,448.89236178171797,450.01295452962955,442.05181853973653,446.2321472167969,1472300,0.0,0.0,5209.91015625,,437.426025390625
2024-04-10 04:00:00+00:00,441.83749389137387,442.2272614489886,437.8520633703482,438.97265625,1838200,0.0,0.0,5160.64013671875,,433.6079406738281
2024-04-11 04:00:00+00:00,440.0347785431559,444.3125569679472,436.81915907184936,441.4184875488281,1681800,0.0,0.0,5199.06005859375,,440.5318603515625
2024-04-12 04:00:00+00:00,438.6997769093516,440.08348581359417,432.8044650649797,435.97137451171875,1976700,0.0,0.0,5123.41015625,,433.509033203125
2024-04-15 04:00:00+00:00,438.4172607920687,442.3052420708183,432.48293288390687,433.3794250488281,1712000,0.0,0.0,5061.81982421875,,426.3773498535156
2024-04-16 04:00:00+00:00,435.3185046727207,435.43543195956306,431.53769713224807,434.383056640625,1577300,0.0,0.0,5051.41015625,,426.4169616699219
2024-04-17 04:00:00+00:00,434.1881318923285,437.6278814810738,432.62906184505005,435.3672180175781,1216800,0.0,0.0,5022.2099609375,,421.2140197753906
2024-04-18 04:00:00+00:00,439.44035566863914,439.6547322666648,434.1296802441686,435.01641845703125,1070300,0.0,0.0,5011.1201171875,,418.81048583984375
2024-04-19 04:00:00+00:00,440.41485385721495,440.41485385721495,432.7363106143343,434.8898010253906,1831200,0.0,0.0,4967.22998046875,,410.1455993652344
2024-04-22 04:00:00+00:00,432.04444990673255,437.5012849688081,430.4366401329371,435.54266357421875,1345900,0.0,0.0,5010.60009765625,,414.27032470703125
2024-04-23 04:00:00+00:00,435.15286191358433,436.64374427607123,432.7362556467548,433.68145751953125,1509900,0.0,0.0,5070.5498046875,,420.4524230957031
2024-04-24 04:00:00+00:00,426.03214912176736,433.24295254534627,422.3000811398363,432.96038818359375,1969100,0.0,0.0,5071.6298828125,,421.8768005371094
2024-04-25 04:00:00+00:00,431.20640434641564,433.8666191400221,427.8738576361492,432.48291015625,1442700,0.0,0.0,5048.419921875,,419.839111328125
2024-04-26 04:00:00+00:00,428.22465354871184,434.29538660313995,428.22465354871184,431.84954833984375,1583800,0.0,0.0,5099.9599609375,,426.3179931640625
2024-04-29 04:00:00+00:00,434.3732783409312,436.6729572230459,430.97251441144914,433.6911926269531,1260300,0.0,0.0,5116.169921875,,428.04901123046875
2024-04-30 04:00:00+00:00,432.30750834881974,433.340405699695,428.99443969106767,429.686279296875,2172700,0.0,0.0,5035.68994140625,,419.97760009765625
2024-05-01 04:00:00+00:00,431.46949981874184,437.9104922043199,430.68021091267707,431.3038330078125,1824100,0.0,0.0,5018.39013671875,,416.94097900390625
2024-05-02 04:00:00+00:00,414.93334626128336,414.93334626128336,403.03548991847293,408.891845703125,5267300,0.0,0.0,5064.2001953125,,422.2625427246094
2024-05-03 04:00:00+00:00,407.3912482806765,414.8846461818086,407.3912482806765,412.7701416015625,2657400,0.0,0.0,5127.7900390625,,430.7493591308594
2024-05-06 04:00:00+00:00,416.0637327555618,417.62280296370847,412.62398281189553,415.7129211425781,1533500,0.0,0.0,5180.740234375,,435.4675598144531
2024-05-07 04:00:00+00:00,418.7238756414503,426.7434752907344,416.521675812661,419.0064697265625,1556400,0.0,0.0,5187.7001953125,,435.5367431640625
2024-05-08 04:00:00+00:00,419.0163011024977,419.85429992306115,416.0150282506815,416.77508544921875,1344800,0.0,0.0,5187.669921875,,435.2795715332031
2024-05-09 04:00:00+00:00,418.80189890632147,419.922491795879,417.33049439565855,418.8700866699219,1740100,0.0,0.0,5214.080078125,,436.2291259765625
2024-05-10 04:00:00+00:00,419.4937703437634,423.71305580889134,419.46453851790284,423.2843322753906,1234500,0.0,0.0,5222.68017578125,,437.25787353515625
2024-05-13 04:00:00+00:00,423.94687021798865,425.98343304994575,422.621624943751,423.6642761230469,1269800,0.0,0.0,5221.419921875,,438.2667541503906
2024-05-14 04:00:00+00:00,423.3914413272332,424.2879334128693,419.13317082951403,421.0625305175781,1288100,0.0,0.0,5246.68017578125,,441.08575439453125
2024-05-15 04:00:00+00:00,423.17710509642393,424.2294805050981,418.5485445943098,419.8055725097656,1745200,0.0,0.0,5308.14990234375,,447.98004150390625
2024-05-16 04:00:00+00:00,420.6922597548499,421.5692441118386,416.9114523509793,418.70440673828125,1839700,0.0,0.0,5297.10009765625,,447.0700988769531
2024-05-17 04:00:00+00:00,419.30857643121954,422.38779058983573,418.8116057124272,421.4620666503906,1150700,0.0,0.0,5303.27001953125,,446.85247802734375
2024-05-20 04:00:00+00:00,421.6667006743275,421.91030909642035,420.01015150915396,421.54974365234375,1499200,0.0,0.0,5308.1298828125,,449.96826171875
2024-05-21 04:00:00+00:00,420.4486515627911,425.99318153628747,420.4486515627911,423.9176330566406,1228300,0.0,0.0,5321.41015625,,450.84857177734375
2024-05-22 04:00:00+00:00,424.0637787395207,425.6228785130834,421.24765124221227,423.67401123046875,1655000,0.0,0.0,5307.009765625,,450.75958251953125
2024-05-23 04:00:00+00:00,424.7946336400867,425.7885453181918,420.6435365222325,421.2476806640625,1674800,0.0,0.0,5267.83984375,,448.7318420410156
2024-05-24 04:00:00+00:00,422.202620593906,426.33420985094335,421.90054853430314,424.43408203125,1157400,0.0,0.0,5304.72021484375,,452.9752197265625
2024-05-28 04:00:00+00:00,419.9711492369911,422.2318424416303,416.219603474916,418.92852783203125,1696500,0.0,0.0,5306.0400390625,,454.6864318847656
2024-05-29 04:00:00+00:00,414.69948299957724,417.40840750939583,413.01373172220093,415.2841491699219,1465600,0.0,0.0,5266.9501953125,,451.4815979003906
2024-05-30 04:00:00+00:00,414.9626407190786,419.5229837775593,414.37797449013914,419.11370849609375,1375900,0.0,0.0,5235.47998046875,,446.6447448730469
2024-05-31 04:00:00+00:00,419.11368582204517,424.8433610284295,416.59965983218166,424.3853759765625,3621600,0.0,0.0,5277.509765625,,445.8139343261719
2024-06-03 04:00:00+00:00,423.04068450553825,425.4182755084464,419.0649781337598,423.2257995605469,1809000,0.0,0.0,5283.39990234375,,448.2076416015625
2024-06-04 04:00:00+00:00,421.63235539314013,424.35976231860235,419.0124958241013,421.4661865234375,2157400,1.39,0.0,5291.33984375,,449.43408203125
2024-06-05 04:00:00+00:00,422.0527554206475,425.787050721943,419.69682659965747,425.31781005859375,2116800,0.0,0.0,5354.02978515625,,458.49462890625
2024-06-06 04:00:00+00:00,426.23668033317165,426.23668033317165,422.2677799957114,424.1153869628906,1282600,0.0,0.0,5352.9599609375,,458.33636474609375
2024-06-07 04:00:00+00:00,424.27179190389853,428.35799485497006,421.906078186902,423.96875,1492000,0.0,0.0,5346.990234375,,457.9307556152344
2024-06-10 04:00:00+00:00,423.02054650486764,424.3598020879521,421.5248773732197,422.3069152832031,1406100,0.0,0.0,5360.7900390625,,459.7804260253906
2024-06-11 04:00:00+00:00,418.24021167732127,426.0020579989296,417.02804408536656,425.70880126953125,1582400,0.0,0.0,5375.31982421875,,462.935791015625
2024-06-12 04:00:00+00:00,427.7812233140343,430.63568822249056,424.17401642098156,424.4281921386719,1914800,0.0,0.0,5421.02978515625,,468.999267578125
2024-06-13 04:00:00+00:00,421.32928870170946,430.9582818926648,420.7134197709577,429.93182373046875,1650000,0.0,0.0,5433.740234375,,471.54132080078125
2024-06-14 04:00:00+00:00,427.61505429991564,428.3286854929866,424.36954042114013,427.1458435058594,1396100,0.0,0.0,5431.60009765625,,473.9845275878906
2024-06-17 04:00:00+00:00,426.56907596927385,433.33382029198117,425.24939071488353,430.7432861328125,1939000,0.0,0.0,5473.22998046875,,479.79071044921875
2024-06-18 04:00:00+00:00,429.7461075362498,430.86054277208393,425.4644101288018,430.14691162109375,1384500,0.0,0.0,5487.02978515625,,479.9391174316406
2024-06-20 04:00:00+00:00,429.2280005248668,435.2302467928334,428.6414870672025,432.6983642578125,1626100,0.0,0.0,5473.169921875,,476.23974609375
2024-06-21 04:00:00+00:00,433.45111386829444,434.01811670346837,430.12740804541926,432.8157043457031,4042800,0.0,0.0,5464.6201171875,,474.9637451171875
2024-06-24 04:00:00+00:00,434.7610055936942,436.4619841170655,432.2193677264416,433.1969299316406,1440900,0.0,0.0,5447.8701171875,,469.55645751953125
2024-06-25 04:00:00+00:00,434.01809620300895,435.0836354699425,430.4499701430844,431.2711486816406,1385500,0.0,0.0,5469.2998046875,,474.92608642578125
2024-06-26 04:00:00+00:00,429.9123255662556,430.78237028943505,426.55929420509,428.5828552246094,1634400,0.0,0.0,5477.89990234375,,475.90692138671875
2024-06-27 04:00:00+00:00,430.78235267224807,431.62304185399677,427.7323335141769,430.3424377441406,1236500,0.0,0.0,5482.8701171875,,477.1353759765625
2024-06-28 04:00:00+00:00,430.2446849483576,432.33668244544174,428.2895604835679,428.9640808105469,2470200,0.0,0.0,5460.47998046875,,474.6585693359375
2024-07-01 04:00:00+00:00,429.29642268210733,430.88985379874475,415.85494279159326,419.3155212402344,2462900,0.0,0.0,5475.08984375,,477.4425048828125
2024-07-02 04:00:00+00:00,418.3966870805465,420.8405929630263,415.1023067242174,420.4397888183594,1886400,0.0,0.0,5509.009765625,,482.4555358886719
2024-07-03 04:00:00+00:00,419.9803160398418,423.93946130626887,419.86301333556264,423.225830078125,865100,0.0,0.0,5537.02001953125,,486.4778137207031
2024-07-05 04:00:00+00:00,422.70769178235213,426.1682704651779,419.5697253451153,425.94342041015625,1499400,0.0,0.0,5567.18994140625,,491.55023193359375
2024-07-08 04:00:00+00:00,426.83299635462026,428.10381530588813,424.574830015889,425.96295166015625,1502200,0.0,0.0,5572.85009765625,,492.7192077636719
2024-07-09 04:00:00+00:00,424.4575586992682,425.8261399401464,421.084956862074,421.5248718261719,1052100,0.0,0.0,5576.97998046875,,493.1452941894531
2024-07-10 04:00:00+00:00,423.3919635876057,426.26599893363664,420.65480127368653,425.1907043457031,1554000,0.0,0.0,5633.91015625,,498.2869873046875
2024-07-11 04:00:00+00:00,425.33732927422284,428.28955644842125,423.8709859394458,425.1320495605469,1368400,0.0,0.0,5584.5400390625,,487.3595275878906
2024-07-12 04:00:00+00:00,427.7714117500915,434.457933184109,426.85250095511435,430.8116455078125,1843900,0.0,0.0,5615.35009765625,,490.22265625
2024-07-15 04:00:00+00:00,430.81171214211383,431.2418419353481,427.7128265635172,428.3482360839844,1271500,0.0,0.0,5631.22021484375,,491.540283203125
2024-07-16 04:00:00+00:00,428.2309054169877,437.94787630922514,428.2309054169877,435.72882080078125,1173300,0.0,0.0,5667.2001953125,,491.728515625
2024-07-17 04:00:00+00:00,437.0680293949145,441.6234724496383,436.7063361841176,439.2088928222656,1896500,0.0,0.0,5588.27001953125,,477.29388427734375
2024-07-18 04:00:00+00:00,435.5430792422468,441.2324686817299,435.5430792422468,436.0318603515625,1458700,0.0,0.0,5544.58984375,,475.0350646972656
2024-07-19 04:00:00+00:00,435.3768662531149,435.6017162958417,432.00429460919554,434.7707824707031,1503800,0.0,0.0,5505.0,,470.82452392578125
2024-07-22 04:00:00+00:00,437.8305747062902,438.64193822770625,434.4775434298245,436.09051513671875,1096700,0.0,0.0,5564.41015625,,477.83880615234375
2024-07-23 04:00:00+00:00,437.84036488140595,438.55396622178114,435.0249808641029,437.3711242675781,1060700,0.0,0.0,5555.740234375,,476.1545715332031
2024-07-24 04:00:00+00:00,438.4073186166933,439.4826429973467,432.6983589800242,433.8030090332031,1700700,0.0,0.0,5427.1298828125,,459.07476806640625
2024-07-25 04:00:00+00:00,434.99567488651155,438.33892118381425,432.06298804117006,433.08941650390625,1777300,0.0,0.0,5399.22021484375,,454.01220703125
2024-07-26 04:00:00+00:00,434.15491410390257,442.59128055848,433.5097194799682,441.2618103027344,1307400,0.0,0.0,5459.10009765625,,458.6685791015625
2024-07-29 04:00:00+00:00,441.3400201118247,443.0507540102175,438.98409156324107,439.8638916015625,1015200,0.0,0.0,5463.5400390625,,459.5899353027344
2024-07-30 04:00:00+00:00,442.4153560224646,446.48201857509014,440.528668033959,440.73394775390625,1755600,0.0,0.0,5436.43994140625,,453.27911376953125
2024-07-31 04:00:00+00:00,443.3928994053057,447.8994468803114,442.366441183589,443.324462890625,1874000,0.0,0.0,5522.2998046875,,466.69329833984375
2024-08-01 04:00:00+00:00,445.8368466470712,449.16055251039114,439.8150592812186,443.1680908203125,2244000,0.0,0.0,5446.68017578125,,455.38934326171875
2024-08-02 04:00:00+00:00,439.5217805507589,447.5182630045027,433.7541688270251,443.81329345703125,2714600,0.0,0.0,5346.56005859375,,444.5807189941406
2024-08-05 04:00:00+00:00,443.8034771167271,445.4458043725873,431.32980307096904,433.5488586425781,2281700,0.0,0.0,5186.330078125,,431.32501220703125
2024-08-06 04:00:00+00:00,434.1061407944959,441.0957059664596,433.64668527459366,435.66046142578125,1598200,0.0,0.0,5240.02978515625,,435.4464111328125
2024-08-07 04:00:00+00:00,439.23825313877774,440.88055046844823,431.4177555694926,431.94561767578125,1619300,0.0,0.0,5199.5,,430.7305603027344
2024-08-08 04:00:00+00:00,432.3073766741052,437.7914867305553,431.0365278137862,437.49822998046875,1491300,0.0,0.0,5319.31005859375,,443.90704345703125
2024-08-09 04:00:00+00:00,436.9508176683799,438.1043340490958,432.2389601138608,436.9898986816406,1108500,0.0,0.0,5344.16015625,,446.2252502441406
2024-08-12 04:00:00+00:00,436.989884944543,438.3389256804925,435.11298205065697,436.7552795410156,853000,0.0,0.0,5344.39013671875,,447.186279296875
2024-08-13 04:00:00+00:00,438.44647022212797,440.1669595583049,435.7483887676043,439.6097717285156,1174800,0.0,0.0,5434.43017578125,,458.28216552734375
2024-08-14 04:00:00+00:00,441.5257286135665,441.84831099981045,439.0720380463056,441.0564880371094,906700,0.0,0.0,5455.2099609375,,458.4308166503906
2024-08-15 04:00:00+00:00,441.9070174529639,446.5308977846349,441.2618526000175,445.9052734375,1105000,0.0,0.0,5543.22021484375,,470.01220703125
2024-08-16 04:00:00+00:00,445.90527213456994,447.1369803194291,442.1611919006902,446.57000732421875,1115400,0.0,0.0,5554.25,,470.61651611328125
2024-08-19 04:00:00+00:00,446.9512412770494,448.45669554006656,445.92481281712094,448.2904968261719,1013700,0.0,0.0,5608.25,,476.7985534667969
2024-08-20 04:00:00+00:00,448.32957843766224,450.6268556103374,446.3451283337836,447.79193115234375,1115600,0.0,0.0,5597.1201171875,,475.7979431152344
2024-08-21 04:00:00+00:00,449.62977364355555,451.76085221153465,448.1047789038244,451.3893737792969,853700,0.0,0.0,5620.85009765625,,478.0171203613281
2024-08-22 04:00:00+00:00,451.47736863385444,454.23410147718096,449.5906805564822,451.35028076171875,1179100,0.0,0.0,5570.64013671875,,470.4382019042969
2024-08-23 04:00:00+00:00,454.07762737914453,455.9741003731241,451.1840517128702,455.289794921875,1308000,0.0,0.0,5634.60986328125,,475.5403137207031
2024-08-26 04:00:00+00:00,455.19211903663023,459.2196708981881,454.6349013714486,457.9488220214844,1216200,0.0,0.0,5616.83984375,,470.92364501953125
2024-08-27 04:00:00+00:00,462.10342298002695,462.1816446630506,458.10519712933717,461.7417297363281,1293400,0.0,0.0,5625.7998046875,,472.3304748535156
2024-08-28 04:00:00+00:00,462.23052978515625,464.9677219793786,460.3047309631964,462.23052978515625,1327200,0.0,0.0,5592.18017578125,,466.970703125
2024-08-29 04:00:00+00:00,463.1005786141384,465.88660717951444,459.76708773879517,462.1230163574219,944700,0.0,0.0,5591.9599609375,,466.2871398925781
2024-08-30 04:00:00+00:00,464.3811681296402,469.0245887025143,460.891263823411,467.5191345214844,1385600,0.0,0.0,5648.39990234375,,471.8450012207031
2024-09-03 04:00:00+00:00,463.3059040917616,467.88088874514864,462.26969038393037,463.4134216308594,2104000,0.0,0.0,5528.93017578125,,457.519287109375
2024-09-04 04:00:00+00:00,466.89393847461264,468.2371325012651,462.34472593352933,462.8937683105469,1310300,1.39,0.0,5520.06982421875,,456.3304748535156
2024-09-05 04:00:00+00:00,461.1387692923899,462.2466679720935,454.0306005136326,456.4130554199219,1882200,0.0,0.0,5503.41015625,,456.75653076171875
2024-09-06 04:00:00+00:00,455.2659363433811,458.5209944315905,447.2459686985624,447.91265869140625,2012100,0.0,0.0,5408.419921875,,444.5212707519531
2024-09-09 04:00:00+00:00,451.069687253796,456.4228652459334,450.5304289162113,454.0207824707031,2076200,0.0,0.0,5471.0498046875,,450.2376403808594
2024-09-10 04:00:00+00:00,452.9325200184197,456.5209233294041,451.82462132834684,454.6482849121094,1247100,0.0,0.0,5495.52001953125,,454.398681640625
2024-09-11 04:00:00+00:00,454.8051594164275,456.73662166916847,444.6282176949074,456.0110778808594,1585400,0.0,0.0,5554.1298828125,,464.26605224609375
2024-09-12 04:00:00+00:00,457.30527787998005,458.2955289439842,453.36393143605716,458.1974792480469,1916900,0.0,0.0,5595.759765625,,468.8233642578125
2024-09-13 04:00:00+00:00,456.40330231849197,462.5506324108809,455.90326980283646,459.63873291015625,1162700,0.0,0.0,5626.02001953125,,470.92364501953125
2024-09-16 04:00:00+00:00,465.1487641882285,466.1880251161508,461.18781986392906,465.619384765625,1307200,0.0,0.0,5633.08984375,,468.8431396484375
2024-09-17 04:00:00+00:00,466.2174256161788,467.64888528382966,461.30545623238964,462.4329528808594,1357100,0.0,0.0,5634.580078125,,469.0908508300781
2024-09-18 04:00:00+00:00,462.43295259690996,462.43295259690996,455.6385308743671,457.8935241699219,1149900,0.0,0.0,5618.259765625,,467.0599060058594
2024-09-19 04:00:00+00:00,463.55066085013283,463.89381982808374,459.4426269016886,459.99169921875,1897200,0.0,0.0,5713.64013671875,,478.8691101074219
2024-09-20 04:00:00+00:00,460.31521309438256,462.8741395337387,457.619011100752,462.6780700683594,3672700,0.0,0.0,5702.5498046875,,477.95770263671875
2024-09-23 04:00:00+00:00,465.41348707507194,469.81563992566447,462.86434472003464,468.02142333984375,1148400,0.0,0.0,5718.56982421875,,479.224609375
2024-09-24 04:00:00+00:00,469.58036532020367,471.35495409383486,466.1880313802819,469.9725341796875,1588600,0.0,0.0,5732.93017578125,,481.53619384765625
2024-09-25 04:00:00+00:00,471.59021792036475,472.1784861305737,466.3939135580749,467.67828369140625,1283800,0.0,0.0,5722.259765625,,481.9826354980469
2024-09-26 04:00:00+00:00,469.6293632857716,472.6785082554634,467.1782705755118,472.2569274902344,1092800,0.0,0.0,5745.3701171875,,485.60382080078125
2024-09-27 04:00:00+00:00,470.3156799703828,473.90405335862584,469.90388323109835,470.12939453125,1252500,0.0,0.0,5738.169921875,,482.9052734375
2024-09-30 04:00:00+00:00,469.93330233711066,470.2078235273123,464.8742433286238,467.5312194824219,1532600,0.0,0.0,5762.47998046875,,484.2148742675781
2024-10-01 04:00:00+00:00,467.6292536669428,468.51164104042846,464.6193346200967,465.7272033691406,1342100,0.0,0.0,5708.75,,477.4685363769531
2024-10-02 04:00:00+00:00,464.7860121128507,468.0998943186789,463.41340614845717,466.53118896484375,1024600,0.0,0.0,5709.5400390625,,478.1431884765625
2024-10-03 04:00:00+00:00,462.72706023004537,463.50161387477544,458.9915974753819,460.560302734375,1072300,0.0,0.0,5699.93994140625,,477.7860107421875
2024-10-04 04:00:00+00:00,460.96227216158553,461.6191482083983,455.7855659012541,459.02099609375,2131000,0.0,0.0,5751.06982421875,,483.47076416015625
2024-10-07 04:00:00+00:00,455.3640237755068,457.2170343387111,451.7559925022331,454.17767333984375,2019600,0.0,0.0,5695.93994140625,,478.2919921875
2024-10-08 04:00:00+00:00,456.403267689426,460.86424436682006,456.0110689269856,460.2563781738281,1272300,0.0,0.0,5751.1298828125,,485.4351501464844
2024-10-09 04:00:00+00:00,458.35436852979194,461.4329555487414,457.8935618715596,460.3838806152344,1245500,0.0,0.0,5792.0400390625,,489.25469970703125
2024-10-10 04:00:00+00:00,462.67806463602415,463.38398052834543,458.5896288595454,460.2367858886719,1249500,0.0,0.0,5780.0498046875,,488.6991882324219
2024-10-11 04:00:00+00:00,462.8643376672541,465.3252143187808,461.6289774086643,464.7663879394531,1105300,0.0,0.0,5815.02978515625,,489.4630432128906
2024-10-14 04:00:00+00:00,465.0997106049344,468.79594733750014,464.1584994591351,468.2370910644531,1076800,0.0,0.0,5859.85009765625,,493.57037353515625
2024-10-15 04:00:00+00:00,468.2371049854233,473.8942458141523,467.86456404621225,471.3058776855469,1477100,0.0,0.0,5815.259765625,,486.972900390625
2024-10-16 04:00:00+00:00,469.15872455819436,475.8257144244367,468.96265510130036,474.5119323730469,1210100,0.0,0.0,5842.47021484375,,487.03240966796875
2024-10-17 04:00:00+00:00,477.39446102265964,477.9532874477353,474.9041423319988,476.55126953125,1051700,0.0,0.0,5841.47021484375,,487.3697509765625
2024-10-18 04:00:00+00:00,473.6883799622597,477.74737386994343,472.09026275221686,476.9336242675781,1255200,0.0,0.0,5864.669921875,,490.5643310546875
2024-10-21 04:00:00+00:00,475.4629740220258,475.9923885025389,471.6490594180898,473.904052734375,1065700,0.0,0.0,5853.97998046875,,491.5068359375
2024-10-22 04:00:00+00:00,472.35501051693734,473.0413284924698,468.64895927431047,472.5216979980469,1429700,0.0,0.0,5851.2001953125,,492.0425109863281
2024-10-23 04:00:00+00:00,469.7960688285808,472.8059880529444,467.5312315502504,468.090087890625,1541400,0.0,0.0,5797.419921875,,484.5025634765625
2024-10-24 04:00:00+00:00,468.99207616695406,469.07049796712903,462.3937239461298,465.17816162109375,994300,0.0,0.0,5809.85986328125,,488.4313049316406
2024-10-25 04:00:00+00:00,465.8252623961103,469.2862041045693,463.67810278927334,464.49188232421875,2458400,0.0,0.0,5808.1201171875,,491.4075927734375
2024-10-28 04:00:00+00:00,466.5017638778658,468.64892347319784,464.44284002912156,466.68804931640625,1440400,0.0,0.0,5823.52001953125,,491.4869689941406
2024-10-29 04:00:00+00:00,465.36442311581817,467.0017660956703,463.5015987717103,465.3742370605469,2056600,0.0,0.0,5832.919921875,,496.2093505859375
2024-10-30 04:00:00+00:00,464.0114238964502,465.7075907351623,463.0996246365777,464.1388854980469,1794300,0.0,0.0,5813.669921875,,492.459228515625
2024-10-31 04:00:00+00:00,446.0499032583437,453.9424105227474,445.57928264449663,447.2264099121094,3615600,0.0,0.0,5705.4501953125,,480.0281677246094
2024-11-01 04:00:00+00:00,447.57937074812855,450.3441807580745,444.6282453663745,448.36370849609375,2347400,0.0,0.0,5728.7998046875,,483.57989501953125
2024-11-04 05:00:00+00:00,449.02059784458083,452.7658448604411,447.3636567371191,449.35394287109375,1616100,0.0,0.0,5712.68994140625,,482.171142578125
2024-11-05 05:00:00+00:00,449.3539197612161,451.84420834660375,445.2851119532009,445.99102783203125,1749000,0.0,0.0,5782.759765625,,488.3221435546875
2024-11-06 05:00:00+00:00,454.74631230789896,456.5797247742576,449.35390862069636,453.57958984375,2626900,0.0,0.0,5929.0400390625,,501.5865783691406
2024-11-07 05:00:00+00:00,455.9032070829472,458.8249201276986,454.5207873161636,456.364013671875,1925500,0.0,0.0,5973.10009765625,,509.48358154296875
2024-11-08 05:00:00+00:00,456.2267744514619,456.51110958315564,450.2265042936316,450.4912414550781,1496700,0.0,0.0,5995.5400390625,,510.07891845703125
2024-11-11 05:00:00+00:00,450.4912181065332,453.34429345930874,446.4420083782356,447.51068115234375,1981200,0.0,0.0,6001.35009765625,,509.7813415527344
2024-11-12 05:00:00+00:00,449.30490191030157,451.28540401409106,444.7066494883385,446.6773376464844,1749000,0.0,0.0,5983.990234375,,508.858642578125
2024-11-13 05:00:00+00:00,444.9615930520096,448.58922247920265,442.0398795704111,447.31463623046875,1538400,0.0,0.0,5985.3798828125,,508.203857421875
2024-11-14 05:00:00+00:00,446.73612525379104,448.912696649995,444.23602280380805,444.6183776855469,1666700,0.0,0.0,5949.169921875,,504.6719970703125
2024-11-15 05:00:00+00:00,442.2457627899761,442.85362899494316,438.1573269834533,440.3143005371094,2414000,0.0,0.0,5870.6201171875,,492.6477355957031
2024-11-18 05:00:00+00:00,437.7945776698586,440.47118172795314,436.5788452387633,439.794677734375,1750700,0.0,0.0,5893.6201171875,,496.0704650878906
2024-11-19 05:00:00+00:00,435.1179405679581,435.9709459146305,431.1569965221064,435.37286376953125,2084600,0.0,0.0,5916.97998046875,,499.48333740234375
2024-11-20 05:00:00+00:00,435.059162802069,442.07909624834633,432.89240512098155,441.333984375,1928700,0.0,0.0,5917.10986328125,,499.1955871582031
2024-11-21 05:00:00+00:00,443.0105023790997,446.2361487631422,440.8143029650069,446.1675109863281,2072800,0.0,0.0,5948.7099609375,,500.9913024902344
2024-11-22 05:00:00+00:00,444.9615349979491,448.25581895444105,444.67719988347653,445.8831481933594,1864800,0.0,0.0,5969.33984375,,501.7948913574219
2024-11-25 05:00:00+00:00,445.6870594271277,448.05973024467505,444.15758002825265,446.7753601074219,3835600,0.0,0.0,5987.3701171875,,502.5885314941406
2024-11-26 05:00:00+00:00,444.5987992059483,447.7263958520228,442.4516396296009,447.6675720214844,2600000,0.0,0.0,6021.6298828125,,505.2870788574219
2024-11-27 05:00:00+00:00,447.7460039675405,450.6088934410626,447.7460039675405,448.1773986816406,2069100,0.0,0.0,5998.740234375,,501.3087158203125
2024-11-29 05:00:00+00:00,448.04993136964424,452.6285856957895,447.16754398223975,451.9716796875,1351500,0.0,0.0,6032.3798828125,,505.7136535644531
2024-12-02 05:00:00+00:00,451.97169984661303,452.02073965511266,447.52053685012027,450.6971435546875,1801800,0.0,0.0,6047.14990234375,,511.2197570800781
2024-12-03 05:00:00+00:00,454.2374331484354,454.2374331484354,449.005680597632,450.5201416015625,1868300,1.39,0.0,6049.8798828125,,512.787353515625
2024-12-04 05:00:00+00:00,448.71063880053583,453.755540558612,447.75672920874257,451.82806396484375,2188300,0.0,0.0,6086.490234375,,519.1268920898438
2024-12-05 05:00:00+00:00,449.6744256486099,450.0579402492988,440.5778758773285,441.1383972167969,2303200,0.0,0.0,6075.10986328125,,517.6883544921875
2024-12-06 05:00:00+00:00,440.6171755084179,443.38055732113037,439.5354476900747,441.984130859375,2191300,0.0,0.0,6090.27001953125,,522.3214721679688
2024-12-09 05:00:00+00:00,440.46963652944305,443.321521492445,434.59867358325647,435.2378845214844,2833900,0.0,0.0,6052.85009765625,,518.2538452148438
2024-12-10 05:00:00+00:00,437.430908203125,438.9748701947349,429.9963257606891,437.430908203125,2326100,0.0,0.0,6034.91015625,,516.4879150390625
2024-12-11 05:00:00+00:00,435.93614702237227,438.256981919072,432.85806666307576,433.221923828125,1612500,0.0,0.0,6084.18994140625,,525.7341918945312
2024-12-12 05:00:00+00:00,432.6416691088648,435.04119341450075,430.63550304764397,431.2255554199219,1719300,0.0,0.0,6051.25,,522.3413696289062
2024-12-13 05:00:00+00:00,430.3503813577218,430.5372318087059,425.58086303581456,428.0787048339844,2254200,0.0,0.0,6051.08984375,,526.3394775390625
2024-12-16 05:00:00+00:00,428.4917453965905,428.5015891079915,420.3196042322017,421.19482421875,3691400,0.0,0.0,6074.080078125,,533.9190673828125
2024-12-17 05:00:00+00:00,421.1358172631122,426.00371256436506,418.8739845035024,423.0633239746094,3320200,0.0,0.0,6050.60986328125,,531.56787109375
2024-12-18 05:00:00+00:00,421.8045368024228,424.14502909306395,415.04847998536,415.26483154296875,3271900,0.0,0.0,5872.16015625,,512.3905029296875
2024-12-19 05:00:00+00:00,415.09767350474016,418.51010992488847,412.0785953727839,412.6293029785156,3292000,0.0,0.0,5867.080078125,,510.1086730957031
2024-12-20 05:00:00+00:00,412.2752828903169,418.2839079249241,411.33118700026694,417.27099609375,6680900,0.0,0.0,5930.85009765625,,514.5631713867188
2024-12-23 05:00:00+00:00,415.42213856759156,418.5985656556348,410.7509381499864,415.32379150390625,2084300,0.0,0.0,5974.06982421875,,519.5764770507812
2024-12-24 05:00:00+00:00,415.17634609389904,418.9919846320088,413.60288288079107,418.706787109375,824200,0.0,0.0,6040.0400390625,,526.621826171875
2024-12-26 05:00:00+00:00,417.08415911854775,419.52302856291715,415.8942405238292,417.2808532714844,991500,0.0,0.0,6037.58984375,,526.2639770507812
2024-12-27 05:00:00+00:00,416.18923898696903,418.89361844473916,414.5469599044041,415.96307373046875,1444900,0.0,0.0,5970.83984375,,519.2683715820312
2024-12-30 05:00:00+00:00,412.2260660977804,413.28816639847156,408.5186187780324,410.7312927246094,1608000,0.0,0.0,5906.93994140625,,512.3621215820312
2024-12-31 05:00:00+00:00,411.66554660388374,413.1406626821283,408.8530063534612,411.7245788574219,1386700,0.0,0.0,5881.6298828125,,508.0097961425781
2025-01-02 05:00:00+00:00,413.77005408678156,415.7073743758876,406.9058365625051,407.2992248535156,2110900,0.0,0.0,5868.5498046875,,507.0160827636719
2025-01-03 05:00:00+00:00,409.246352147311,411.0558242133696,406.246961550956,406.64031982421875,1995900,0.0,0.0,5942.47021484375,,515.3135375976562
2025-01-06 05:00:00+00:00,408.5383038125776,411.43937740989855,405.283216765295,406.06011962890625,2630600,0.0,0.0,5975.3798828125,,521.23583984375
2025-01-07 05:00:00+00:00,405.19474201798204,412.04911634716916,403.87697517565203,408.0663146972656,3209100,0.0,0.0,5909.02978515625,,511.9349060058594
2025-01-08 05:00:00+00:00,409.8265860411307,413.44556040699,407.328744346168,413.0423583984375,2252300,0.0,0.0,5918.25,,512.0242919921875
2025-01-10 05:00:00+00:00,408.71531225424434,410.9575174920055,404.88986018440687,407.279541015625,2642600,0.0,0.0,5827.0400390625,,503.9952392578125
2025-01-13 05:00:00+00:00,408.89233065092606,415.66801455750704,406.83700595314735,414.4387512207031,2824500,0.0,0.0,5836.22021484375,,502.37548828125
2025-01-14 05:00:00+00:00,415.27470152688846,420.71296192083344,413.74058311635423,420.20159912109375,2344300,0.0,0.0,5842.91015625,,501.8984680175781
2025-01-15 05:00:00+00:00,426.0332512582641,426.7216508604101,419.3362257451912,420.88018798828125,2202300,0.0,0.0,5949.91015625,,513.4453125
2025-01-16 05:00:00+00:00,420.8211130825374,425.57097348105737,420.5555729906299,425.3152770996094,1511600,0.0,0.0,5937.33984375,,509.84814453125
2025-01-17 05:00:00+00:00,432.70073286983944,432.70073286983944,426.3380640746872,428.76708984375,2412200,0.0,0.0,5996.66015625,,518.4535522460938
2025-01-21 05:00:00+00:00,432.3762092335545,436.70321044698926,432.15001396138825,435.1199035644531,2281900,0.0,0.0,6049.240234375,,521.4942626953125
2025-01-22 05:00:00+00:00,438.2766770469647,441.2465666732612,435.12975067913356,435.2575988769531,2643900,0.0,0.0,6086.3701171875,,528.1620483398438
2025-01-23 05:00:00+00:00,435.37559793393694,435.78864364394764,433.12357896761483,433.5169372558594,1811300,0.0,0.0,6118.7099609375,,529.284912109375
2025-01-24 05:00:00+00:00,435.5230765724698,436.0147819051569,431.7566269290637,431.963134765625,1547800,0.0,0.0,6101.240234375,,526.2938232421875
2025-01-27 05:00:00+00:00,431.0682414153105,434.07747574787953,427.77380957738194,432.19915771484375,2833400,0.0,0.0,6012.27978515625,,510.9710388183594
2025-01-28 05:00:00+00:00,432.7007218660324,433.10392386731064,428.0196771804067,428.28521728515625,2158400,0.0,0.0,6067.7001953125,,518.5231323242188
2025-01-29 05:00:00+00:00,428.00003512264226,431.7369840319169,427.28213445881244,431.0486145019531,2631100,0.0,0.0,6039.31005859375,,517.54931640625
2025-01-30 05:00:00+00:00,431.7173080841021,442.2103137201903,431.7173080841021,438.9748840332031,2545900,0.0,0.0,6071.169921875,,519.7553100585938
2025-01-31 05:00:00+00:00,437.0474274620207,440.73521784828574,431.3633144137768,438.7192077636719,2816500,0.0,0.0,6040.52978515625,,519.0000610351562
2025-02-03 05:00:00+00:00,437.64728432202986,447.26504024449,433.15308999746253,446.67498779296875,2701200,0.0,0.0,5994.56982421875,,514.846435546875
2025-02-04 05:00:00+00:00,448.3762906258838,451.21833202962955,445.3178676497772,447.25518798828125,2503800,0.0,0.0,6037.8798828125,,521.1663208007812
2025-02-05 05:00:00+00:00,445.8784511845422,447.5207604272406,443.42976789359966,446.1734924316406,2696500,0.0,0.0,6061.47998046875,,523.5313720703125
2025-02-06 05:00:00+00:00,442.5643699816206,453.8539369956588,442.53486885748276,453.0376892089844,2423300,0.0,0.0,6083.56982421875,,526.2639770507812
2025-02-07 05:00:00+00:00,448.96630936544506,450.5594298266109,444.99332191140036,447.5010070800781,1668100,0.0,0.0,6025.990234375,,519.6261596679688
2025-02-10 05:00:00+00:00,447.27488136455145,453.4703570413493,445.8784249044177,453.21466064453125,1876700,0.0,0.0,6066.43994140625,,525.916259765625
2025-02-11 05:00:00+00:00,452.61475703174716,454.86677585012944,451.70019231911266,453.09661865234375,1587700,0.0,0.0,6068.5,,524.6641845703125
2025-02-12 05:00:00+00:00,449.7334305634375,452.5066561993668,447.0093634625778,450.9528503417969,1695200,0.0,0.0,6051.97021484375,,524.9722290039062
2025-02-13 05:00:00+00:00,449.96936524679444,454.9257632227921,449.79235853619366,453.4014587402344,2265300,0.0,0.0,6115.06982421875,,532.5244140625
2025-02-14 05:00:00+00:00,453.40150260224254,456.40092331925877,449.123689959001,449.418701171875,1705500,0.0,0.0,6114.6298828125,,534.76025390625
2025-02-18 05:00:00+00:00,447.32403026048576,458.29889751804234,442.58398337830107,458.1022033691406,2808500,0.0,0.0,6129.580078125,,535.9725341796875
2025-02-19 05:00:00+00:00,453.1753386414275,457.9153855506108,452.4869391276639,454.40460205078125,1883800,0.0,0.0,6144.14990234375,,536.12158203125
2025-02-20 05:00:00+00:00,452.07394107966496,454.4636220380383,450.7954890772317,454.2374267578125,1335400,0.0,0.0,6117.52001953125,,533.8460083007812
2025-02-21 05:00:00+00:00,455.88954898771345,457.45319851317674,449.9300821559345,450.4021301269531,1939600,0.0,0.0,6013.1298828125,,522.7662963867188
2025-02-24 05:00:00+00:00,451.39535726860584,456.49926122804175,448.4549388532044,450.9233093261719,2108300,0.0,0.0,5983.25,,516.5953369140625
2025-02-25 05:00:00+00:00,451.6707300630569,461.20979629520434,451.6707300630569,459.73468017578125,2342100,0.0,0.0,5955.25,,510.08660888671875
2025-02-26 05:00:00+00:00,458.6234222938174,459.75436866371484,453.6178651849959,453.8932189941406,1576100,0.0,0.0,5956.06005859375,,511.3187561035156
2025-02-27 05:00:00+00:00,455.85018494140326,460.46238332963253,452.250898330748,452.6442565917969,2071000,0.0,0.0,5861.56982421875,,497.1188049316406
2025-02-28 05:00:00+00:00,457.3548373889363,460.5705796859211,452.98849132787933,459.3019714355469,2332900,0.0,0.0,5954.5,,504.9690856933594
2025-03-03 05:00:00+00:00,461.31800438847904,464.3960849416194,453.3327136309288,454.5816345214844,3072900,0.0,0.0,5849.72021484375,,493.9190979003906
2025-03-04 05:00:00+00:00,460.8262607900032,461.49497286440214,452.250918271264,453.696533203125,5027000,0.0,0.0,5778.14990234375,,492.42852783203125
2025-03-05 05:00:00+00:00,454.26692300526156,462.61610072567754,452.9098113611006,460.4820861816406,2385700,0.0,0.0,5842.6298828125,,498.84783935546875
2025-03-06 05:00:00+00:00,458.94796430840046,462.35055709274434,455.66337601198654,458.4267578125,3712100,0.0,0.0,5738.52001953125,,485.1248474121094
2025-03-07 05:00:00+00:00,458.43659482275416,462.20304472693385,455.7322153057349,460.9934387207031,1824000,0.0,0.0,5770.2001953125,,488.6922302246094
2025-03-10 04:00:00+00:00,458.25954171479924,463.3634456400773,450.42175724859464,454.3947448730469,3129200,0.0,0.0,5614.56005859375,,469.7522888183594
2025-03-11 04:00:00+00:00,453.9915011663141,454.2373538183062,443.6361886648601,446.5372619628906,2845700,0.0,0.0,5572.06982421875,,468.62939453125
2025-03-12 04:00:00+00:00,445.7899081256468,447.4027161011805,441.3744036257524,443.6854248046875,2652600,0.0,0.0,5599.2998046875,,473.9159240722656
2025-03-13 04:00:00+00:00,443.45849353736554,449.2898421190731,441.5443102082192,447.2276611328125,2213400,1.5,0.0,5521.52001953125,,465.3899230957031
2025-03-14 04:00:00+00:00,448.51031311403483,451.9045329758679,446.8230797299741,449.43780517578125,1911900,0.0,0.0,5638.93994140625,,476.6386413574219
2025-03-17 04:00:00+00:00,446.31987759010536,456.12759017093106,446.31987759010536,454.1838073730469,1890200,0.0,0.0,5675.1201171875,,479.7290344238281
2025-03-18 04:00:00+00:00,457.93323524570184,458.6140545779583,451.63817072636533,454.5784912109375,2023000,0.0,0.0,5614.66015625,,471.5509033203125
2025-03-19 04:00:00+00:00,452.8912377411934,455.427041222826,448.84579800488046,453.6312561035156,4051400,0.0,0.0,5675.2900390625,,477.86090087890625
2025-03-20 04:00:00+00:00,450.0396795153764,453.887799034299,449.17141660943156,451.6578674316406,2298100,0.0,0.0,5662.89013671875,,476.2411804199219
2025-03-21 04:00:00+00:00,447.7012243763737,452.52615846294833,443.3992654964669,452.2301330566406,4969900,0.0,0.0,5667.56005859375,,477.8111877441406
2025-03-24 04:00:00+00:00,451.0362587122201,455.7526412574867,448.9642012517721,452.98004150390625,2049500,0.0,0.0,5767.56982421875,,488.2964172363281
2025-03-25 04:00:00+00:00,452.83203761543746,452.8813601282398,448.92474910277025,451.36187744140625,2002500,0.0,0.0,5776.64990234375,,491.08294677734375
2025-03-26 04:00:00+00:00,451.361867981334,456.93666682524827,450.89812194729944,455.28887939453125,1597900,0.0,0.0,5712.2001953125,,482.0466613769531
2025-03-27 04:00:00+00:00,455.8414287191729,460.43941303068334,453.31550181752084,458.54498291015625,1493300,0.0,0.0,5693.31005859375,,479.29998779296875
2025-03-28 04:00:00+00:00,460.32101738380703,460.3900929905055,452.6840375785411,452.999755859375,1334700,0.0,0.0,5580.93994140625,,466.6810607910156
2025-03-31 04:00:00+00:00,452.7629829626886,461.81095445249724,452.3091134450591,459.4429016113281,2373300,0.0,0.0,5611.85009765625,,466.66119384765625
2025-04-01 04:00:00+00:00,455.8513113333318,461.28798920588514,454.64754692578686,460.8735656738281,1544600,0.0,0.0,5633.06982421875,,470.4229736328125
2025-04-02 04:00:00+00:00,456.73934761495497,464.0507329748198,456.2460020180256,463.4883117675781,1527700,0.0,0.0,5670.97021484375,,473.8563232421875
2025-04-03 04:00:00+00:00,460.35061129538724,465.72808999952554,458.80149899423765,461.0018310546875,2445200,0.0,0.0,5396.52001953125,,448.4891357421875
2025-04-04 04:00:00+00:00,458.1798969524437,463.7448496011413,431.3024391346207,432.1312561035156,4430700,0.0,0.0,5074.080078125,,420.63397216796875
2025-04-07 04:00:00+00:00,423.37931460975,435.68335482290524,412.26916229262304,420.1922912597656,4159300,0.0,0.0,5062.25,,421.6490478515625
2025-04-08 04:00:00+00:00,425.02712199251835,427.2964997669207,403.21136333566716,407.8290710449219,3780800,0.0,0.0,4982.77001953125,,414.0557861328125
2025-04-09 04:00:00+00:00,408.64799551403553,442.36321402744915,407.4738306790984,440.0346374511719,4103300,0.0,0.0,5456.89990234375,,463.7552490234375
2025-04-10 04:00:00+00:00,434.5092008376327,438.6138398610606,421.41581939614656,426.1322021484375,4239000,0.0,0.0,5268.0498046875,,444.0306701660156
2025-04-11 04:00:00+00:00,431.4998111442344,443.64597764189745,426.9511489664454,435.94976806640625,3343000,0.0,0.0,5363.35986328125,,452.2110900878906
2025-04-14 04:00:00+00:00,437.1929672345181,442.1658989388065,435.8708047395674,440.0938415527344,1897800,0.0,0.0,5405.97021484375,,455.2762451171875
2025-04-15 04:00:00+00:00,443.38939726853584,448.46100423314374,441.97843615074305,444.9681091308594,2321000,0.0,0.0,5396.6298828125,,455.7837829589844
2025-04-16 04:00:00+00:00,444.51425203483814,448.7767350371819,439.3242468052559,442.02777099609375,1828900,0.0,0.0,5275.7001953125,,442.04034423828125
2025-04-17 04:00:00+00:00,445.3529187844868,449.1023633541431,443.70516136802246,446.1028137207031,1730200,0.0,0.0,5282.7001953125,,441.9607238769531
2025-04-21 04:00:00+00:00,444.5438682457479,446.44817506313507,434.4105302007515,437.9429016113281,1303400,0.0,0.0,5158.2001953125,,431.0236511230469
2025-04-22 04:00:00+00:00,442.32376641318905,449.2010046587008,441.39627436028786,448.55963134765625,1458600,0.0,0.0,5287.759765625,,442.3388977050781
2025-04-23 04:00:00+00:00,448.3426168673965,451.7170838190252,439.57091787979056,442.2448425292969,1973400,0.0,0.0,5375.85986328125,,452.37030029296875
2025-04-24 04:00:00+00:00,441.12986636495543,445.12598359177383,436.1865641761761,443.5472717285156,2114500,0.0,0.0,5484.77001953125,,465.0987243652344
2025-04-25 04:00:00+00:00,441.9587195242073,443.36968066229286,437.2028608859491,442.43231201171875,1866600,0.0,0.0,5525.2099609375,,470.2835998535156
2025-04-28 04:00:00+00:00,442.67897138884916,444.8891800054864,438.25861437842207,442.0376281738281,1644900,0.0,0.0,5528.75,,470.1343688964844
2025-04-29 04:00:00+00:00,442.86644951558173,446.3297450671153,440.8239916205018,444.5832824707031,1214000,0.0,0.0,5560.830078125,,473.23931884765625
2025-04-30 04:00:00+00:00,443.3894154290018,449.2108874302971,438.99865769841097,447.19805908203125,2670400,0.0,0.0,5569.06005859375,,473.17962646484375
2025-05-01 04:00:00+00:00,431.6181662430524,444.6128714401277,427.38525290409865,442.0869445800781,2540400,0.0,0.0,5604.14013671875,,479.35968017578125
2025-05-02 04:00:00+00:00,447.6618081228922,451.05602824948187,446.0929426216096,448.8951721191406,1548600,0.0,0.0,5686.669921875,,486.4752502441406
2025-05-05 04:00:00+00:00,446.97111766003974,449.42796913470016,444.1491952558913,446.4678955078125,1462100,0.0,0.0,5650.3798828125,,483.5892028808594
2025-05-06 04:00:00+00:00,446.8329850330304,447.4940814195755,440.30109377569045,441.1003112792969,1441300,0.0,0.0,5606.91015625,,479.09100341796875
2025-05-07 04:00:00+00:00,442.00805709371633,448.17487708011697,438.97890788965424,443.6755676269531,1573900,0.0,0.0,5631.27978515625,,480.97186279296875
2025-05-08 04:00:00+00:00,443.9419600867327,451.9045652203042,443.5472896328429,447.19805908203125,1626400,0.0,0.0,5663.93994140625,,485.9378967285156
2025-05-09 04:00:00+00:00,448.9740733277121,448.9740733277121,444.5635626773751,446.6356201171875,1058900,0.0,0.0,5659.91015625,,485.619384765625
2025-05-12 04:00:00+00:00,450.3949277912223,451.90456410440663,446.3494878981336,448.3722229003906,1944900,0.0,0.0,5844.18994140625,,505.4036560058594
2025-05-13 04:00:00+00:00,448.253782764388,449.89169370635875,444.0998214043791,444.672119140625,1666300,0.0,0.0,5886.5498046875,,513.1064453125
2025-05-14 04:00:00+00:00,441.27787789085187,442.69871550436534,433.71982034190285,440.0346374511719,1941300,0.0,0.0,5892.580078125,,516.1814575195312
2025-05-15 04:00:00+00:00,440.0346935101803,448.9445142029824,440.0346935101803,448.1748962402344,2279500,0.0,0.0,5916.93017578125,,516.7486572265625
2025-05-16 04:00:00+00:00,449.6943835012967,452.2597564896768,445.9449389365272,451.6776123046875,1850500,0.0,0.0,5958.3798828125,,518.9978637695312
2025-05-19 04:00:00+00:00,451.677594805119,455.50596126723,449.2404664714405,454.2035217285156,1640500,0.0,0.0,5963.60009765625,,519.4954223632812
2025-05-20 04:00:00+00:00,455.21980255519685,455.56515047091193,451.7663836208931,453.72991943359375,1329700,0.0,0.0,5940.4599609375,,517.7637939453125
2025-05-21 04:00:00+00:00,450.64156954668044,452.9800226833348,447.7505717917205,449.43780517578125,1867600,0.0,0.0,5844.60986328125,,510.5685729980469
2025-05-22 04:00:00+00:00,450.010114283865,452.9997874488709,447.5927388836632,452.8912658691406,1654400,0.0,0.0,5842.009765625,,511.5240173339844
2025-05-23 04:00:00+00:00,447.53349116976693,454.34165376358766,447.53349116976693,452.79254150390625,1627000,0.0,0.0,5802.81982421875,,506.7868957519531
2025-05-27 04:00:00+00:00,457.0945535310773,461.89973463210856,456.3545351657499,461.7221374511719,3330800,0.0,0.0,5921.5400390625,,518.709228515625
2025-05-28 04:00:00+00:00,459.9066174276353,460.83410955779163,455.9500062202327,456.35455322265625,2692900,0.0,0.0,5888.5498046875,,516.4102783203125
2025-05-29 04:00:00+00:00,457.77538092962027,458.7719185367782,455.002781147421,457.90362548828125,1306800,0.0,0.0,5912.169921875,,517.4254150390625
2025-05-30 04:00:00+00:00,460.34076493776865,462.85684555162857,454.48969337873166,461.3570556640625,4344700,0.0,0.0,5911.68994140625,,516.609375
2025-06-02 04:00:00+00:00,458.97910563470725,460.1433938892203,455.1803389320589,458.3870849609375,1865400,0.0,0.0,5935.93994140625,,520.6896362304688
2025-06-03 04:00:00+00:00,456.1571765598427,465.9944883877309,455.851304716674,465.5406188964844,2606600,0.0,0.0,5970.3701171875,,524.7599487304688
2025-06-04 04:00:00+00:00,466.35231768496635,470.6482112367587,464.2043558053401,468.95556640625,2092600,1.5,0.0,5970.81005859375,,526.2228393554688
2025-06-05 04:00:00+00:00,469.18324693630154,470.05430927435594,464.5606898408152,465.48126220703125,1679000,0.0,0.0,5939.2998046875,,522.261962890625
2025-06-06 04:00:00+00:00,468.5893322317066,470.4007528002713,466.4611864411594,467.9063415527344,1352700,0.0,0.0,6000.35986328125,,527.3673095703125
2025-06-09 04:00:00+00:00,467.3718566894531,471.10353535372803,463.3432084785033,467.3718566894531,1616000,0.0,0.0,6005.8798828125,,528.1436157226562
2025-06-10 04:00:00+00:00,467.5895864192497,471.16288709278933,466.94616755452176,470.72735595703125,1859600,0.0,0.0,6038.81005859375,,531.6365966796875
2025-06-11 04:00:00+00:00,468.93579555398486,469.7177761038685,462.64043979557505,463.77874755859375,2734200,0.0,0.0,6022.240234375,,529.84521484375
2025-06-12 04:00:00+00:00,463.65993043534024,467.3520068519954,461.7198262010157,465.74847412109375,1572800,0.0,0.0,6045.259765625,,531.0892944335938
2025-06-13 04:00:00+00:00,465.8573999700889,468.08453560944946,460.4033825824231,461.2447509765625,1415800,0.0,0.0,5976.97021484375,,524.421630859375
2025-06-16 04:00:00+00:00,462.0662864824414,464.7883410538352,460.1559063421261,461.8584289550781,1586500,0.0,0.0,6033.10986328125,,531.71630859375
2025-06-17 04:00:00+00:00,460.343976961706,460.83889597358797,455.52347061916885,456.2163391113281,1272700,0.0,0.0,5982.72021484375,,526.5313720703125
2025-06-18 04:00:00+00:00,456.2163523978656,457.73080341003197,453.61307348635665,454.0387268066406,1223200,0.0,0.0,5980.8701171875,,526.4417724609375
2025-06-20 04:00:00+00:00,457.7901698776102,458.53254838235193,450.7524361522389,451.2275390625,4365000,0.0,0.0,5967.83984375,,524.292236328125
2025-06-23 04:00:00+00:00,452.6628565975688,455.38491135755424,448.34717700495514,455.07806396484375,1611000,0.0,0.0,6025.169921875,,529.6832275390625
2025-06-24 04:00:00+00:00,456.1866316752152,459.21553352167695,454.2267717789507,458.453369140625,1470600,0.0,0.0,6092.18017578125,,537.7831420898438
2025-06-25 04:00:00+00:00,457.0379495960274,459.1067075675793,455.0582734271783,455.52349853515625,1608900,0.0,0.0,6092.16015625,,539.157958984375
2025-06-26 04:00:00+00:00,456.13717853714195,461.7000635581971,453.8506550527931,459.74017333984375,1983000,0.0,0.0,6141.02001953125,,544.1992797851562
2025-06-27 04:00:00+00:00,459.8193743841695,462.620602763294,457.1567076236171,459.0769958496094,2643200,0.0,0.0,6173.06982421875,,546.0623779296875
2025-06-30 04:00:00+00:00,461.462502923092,465.2634773437268,458.83940797049576,464.4122009277344,1856200,0.0,0.0,6204.9501953125,,549.5992431640625
2025-07-01 04:00:00+00:00,465.016009314309,472.9841932484662,464.2043348925865,471.9052734375,1856300,0.0,0.0,6198.009765625,,544.9664306640625
2025-07-02 04:00:00+00:00,471.1926150230465,473.8552818466394,469.61877611741255,472.321044921875,1423100,0.0,0.0,6227.419921875,,548.7623291015625
2025-07-03 04:00:00+00:00,471.7766018851272,472.3606027039478,469.18323105300664,470.7471618652344,952700,0.0,0.0,6279.35009765625,,554.1622314453125
2025-07-07 04:00:00+00:00,467.5697721185906,468.8862735772783,463.03632736122586,464.8180236816406,2099500,0.0,0.0,6229.97998046875,,549.9878540039062
2025-07-08 04:00:00+00:00,463.6203549564004,466.9957063628408,462.77898656466976,465.1744079589844,1627200,0.0,0.0,6225.52001953125,,550.2966918945312
2025-07-09 04:00:00+00:00,467.60938688384,471.61821881812665,462.8086664019131,466.48095703125,1522500,0.0,0.0,6263.259765625,,554.1921997070312
2025-07-10 04:00:00+00:00,467.24316157264474,467.4213251718515,464.28352526211904,465.5604248046875,2238500,0.0,0.0,6280.4599609375,,553.3951416015625
2025-07-11 04:00:00+00:00,464.243939159526,464.8477258517983,459.75997413980383,464.04595947265625,1326400,0.0,0.0,6259.75,,552.1497802734375
2025-07-14 04:00:00+00:00,463.66984701539536,465.22390005900013,461.5614870606576,464.01629638671875,1133000,0.0,0.0,6268.56005859375,,554.1524047851562
2025-07-15 04:00:00+00:00,463.41247422028687,464.49139402579664,455.39478030147507,455.8797912597656,1263700,0.0,0.0,6243.759765625,,554.660400390625
2025-07-16 04:00:00+00:00,455.8204231418399,457.8397012268763,451.3661519059262,454.9988708496094,1438000,0.0,0.0,6263.7001953125,,555.228271484375
2025-07-17 04:00:00+00:00,454.18720965715926,457.42396930840385,452.42529908070037,456.6024169921875,1515000,0.0,0.0,6297.35986328125,,559.7216186523438
2025-07-18 04:00:00+00:00,459.1759931372111,460.7399239840808,456.3450405716637,460.28460693359375,2267600,0.0,0.0,6296.7900390625,,559.1836547851562
2025-07-21 04:00:00+00:00,460.2846003118927,471.39058441742463,459.5026197959773,465.6495056152344,1797700,0.0,0.0,6305.60009765625,,562.0828857421875
2025-07-22 04:00:00+00:00,465.6494888222402,471.53903707772247,464.1449459184047,467.22332763671875,1405300,0.0,0.0,6309.6201171875,,559.1737060546875
2025-07-23 04:00:00+00:00,468.65860590517053,469.38119853039694,464.92692746541724,465.2139587402344,1193900,0.0,0.0,6358.91015625,,561.7242431640625
2025-07-24 04:00:00+00:00,461.8980099097422,467.36190468966066,457.74067830695213,466.6986999511719,1383200,0.0,0.0,6363.35009765625,,562.9197387695312
2025-07-25 04:00:00+00:00,467.63909448237524,468.8466981212897,463.8084260315655,468.08453369140625,1212100,0.0,0.0,6388.64013671875,,564.2747192382812
2025-07-28 04:00:00+00:00,463.9865858215667,466.5601707924156,461.2744392316315,462.7096862792969,1283700,0.0,0.0,6389.77001953125,,566.0382080078125
2025-07-29 04:00:00+00:00,465.1248814503854,466.8769140856931,462.50181672819673,466.7185363769531,1386100,0.0,0.0,6370.85986328125,,565.1614990234375
2025-07-30 04:00:00+00:00,466.609633109085,467.5400832575475,460.5320434194571,461.4921875,1301600,0.0,0.0,6362.89990234375,,565.9186401367188
2025-07-31 04:00:00+00:00,453.7516488522552,462.8482626421628,453.7516488522552,455.5828552246094,2228600,0.0,0.0,6339.39013671875,,562.9197387695312
2025-08-01 04:00:00+00:00,453.67244362450236,457.8099894803187,444.7540236602372,454.7414855957031,2219300,0.0,0.0,6238.009765625,,551.8309936523438
2025-08-04 04:00:00+00:00,455.1869417336793,463.72924951188486,455.1869417336793,462.65032958984375,1684900,0.0,0.0,6329.93994140625,,562.0131225585938
2025-08-05 04:00:00+00:00,463.1848045300676,466.2533084271643,461.23482242643325,465.06549072265625,1691000,0.0,0.0,6299.18994140625,,558.1973266601562
2025-08-06 04:00:00+00:00,466.975874051238,468.5695289789289,463.1947157544461,466.6888427734375,1275900,0.0,0.0,6345.06005859375,,565.2212524414062
2025-08-07 04:00:00+00:00,468.5200303173317,470.9550536665956,462.7393797376037,464.65966796875,1090400,0.0,0.0,6340.0,,567.1340942382812
2025-08-08 04:00:00+00:00,464.2340641716653,468.57946788598787,463.92721678038754,467.61932373046875,939300,0.0,0.0,6389.4501953125,,572.4244995117188
2025-08-11 04:00:00+00:00,466.31272124043704,468.61903065434126,461.3932248197872,465.60003662109375,1069200,0.0,0.0,6373.4501953125,,570.7307739257812
2025-08-12 04:00:00+00:00,465.71878239102955,469.6583485343997,465.16447552359017,468.4210510253906,1347700,0.0,0.0,6445.759765625,,577.904052734375
2025-08-13 04:00:00+00:00,469.7474659439414,471.31139682261613,463.7391415348834,470.79669189453125,1797800,0.0,0.0,6466.580078125,,578.1930541992188
2025-08-14 04:00:00+00:00,470.87586478179753,473.73651133381253,467.81726873817365,472.7763671875,1545400,0.0,0.0,6468.5400390625,,577.7448120117188
2025-08-15 04:00:00+00:00,475.9933351123112,477.76515371263855,473.71668943076867,475.2014465332031,1951300,0.0,0.0,6449.7998046875,,575.2041625976562
2025-08-18 04:00:00+00:00,475.5479026217282,476.1615973995503,472.31114296734677,473.6474304199219,1218100,0.0,0.0,6449.14990234375,,574.9749755859375
2025-08-19 04:00:00+00:00,473.6077831377237,477.91358442529764,471.7072809102403,475.0430603027344,1512400,0.0,0.0,6411.3701171875,,567.1739501953125
2025-08-20 04:00:00+00:00,477.8839358033988,481.43745089092437,475.61719813877943,477.4582824707031,1160900,0.0,0.0,6395.77978515625,,563.8065185546875
2025-08-21 04:00:00+00:00,476.50803339881696,478.00269852751177,475.1717459837387,475.8250427246094,1263500,0.0,0.0,6370.169921875,,561.1962280273438
2025-08-22 04:00:00+00:00,479.1409962653698,480.79403907323854,474.81540889048955,476.7752990722656,1782500,0.0,0.0,6466.91015625,,569.85400390625
2025-08-25 04:00:00+00:00,477.02278892900205,479.0816388791833,471.8360167603933,472.994140625,1151800,0.0,0.0,6439.31982421875,,568.2101440429688
2025-08-26 04:00:00+00:00,471.4499730613214,477.19102166552113,470.18298156624127,477.02276611328125,1699500,0.0,0.0,6465.93994140625,,570.4916381835938
2025-08-27 04:00:00+00:00,475.28064306587686,478.9034539640851,474.5085705929774,477.8047180175781,2259600,0.0,0.0,6481.39990234375,,571.3684692382812
2025-08-28 04:00:00+00:00,477.6562644863534,478.10170370815234,474.2611271002913,477.25042724609375,2579200,0.0,0.0,6501.85986328125,,574.9451904296875
2025-08-29 04:00:00+00:00,477.2801113507716,478.40854124544296,472.15275741936233,473.4296569824219,2058200,0.0,0.0,6460.259765625,,568.2898559570312
2025-09-02 04:00:00+00:00,472.32104653145984,472.32104653145984,467.6984894397881,469.32183837890625,1262500,0.0,0.0,6415.5400390625,,563.527587890625
2025-09-03 04:00:00+00:00,467.0155032603467,469.4109247111391,465.22389874772364,466.9858093261719,1617900,0.0,0.0,6448.259765625,,567.9610595703125
2025-09-04 04:00:00+00:00,467.46243712082713,469.6172197672911,465.32747316548324,469.0810241699219,1660600,1.5,0.0,6502.080078125,,573.1019897460938
2025-09-05 04:00:00+00:00,467.8496966931324,471.72237203052435,463.321640867288,466.2311096191406,1066200,0.0,0.0,6481.5,,573.9288940429688
2025-09-08 04:00:00+00:00,466.3701106919887,471.74221814646376,463.3315479253255,471.3052978515625,1677200,0.0,0.0,6495.14990234375,,576.728515625
2025-09-09 04:00:00+00:00,469.8058914847046,471.1960787255716,467.0850942915928,470.1236572265625,2966100,0.0,0.0,6512.60986328125,,578.3624877929688
2025-09-10 04:00:00+00:00,469.61722448778147,471.6032149377876,466.2013184894662,469.38885498046875,1551500,0.0,0.0,6532.0400390625,,578.5517578125
2025-09-11 04:00:00+00:00,469.59736370216837,481.04659714683794,469.1703830390517,480.2025451660156,1907400,0.0,0.0,6587.47021484375,,581.919189453125
2025-09-12 04:00:00+00:00,475.8035905647993,480.53025748252685,475.78374156988275,478.6634216308594,2069700,0.0,0.0,6584.2900390625,,584.4896240234375
2025-09-15 04:00:00+00:00,478.0080467401347,479.91458060392,472.18907895779813,473.390625,1130700,0.0,0.0,6615.27978515625,,589.4910888671875
2025-09-16 04:00:00+00:00,473.1026373262464,475.08862773386096,467.6014354120876,468.1674499511719,1470500,0.0,0.0,6606.759765625,,588.9929809570312
2025-09-17 04:00:00+00:00,470.58044451902487,478.0080599237264,468.70369924810603,476.4986877441406,1698800,0.0,0.0,6600.35009765625,,587.8173217773438
2025-09-18 04:00:00+00:00,475.5354810942027,476.5781139221997,467.9986209346044,472.66571044921875,1650900,0.0,0.0,6631.9599609375,,593.11767578125
2025-09-19 04:00:00+00:00,474.165139793038,477.51152871298416,470.67971700156727,475.6546325683594,3742100,0.0,0.0,6664.35986328125,,597.1326904296875
2025-09-22 04:00:00+00:00,473.6388560781451,475.3269297168735,470.96769659588415,474.41339111328125,1562700,0.0,0.0,6693.75,,600.667724609375
2025-09-23 04:00:00+00:00,475.06878318545773,479.5868992835437,471.32517183762917,476.578125,1462900,0.0,0.0,6656.919921875,,596.6779174804688
2025-09-24 04:00:00+00:00,476.24049219477604,478.36548611220627,470.0044837052569,470.8088073730469,1579400,0.0,0.0,6637.97021484375,,594.583251953125
2025-09-25 04:00:00+00:00,470.8088275804371,473.01327817665003,466.61838654813346,470.4612731933594,1536700,0.0,0.0,6604.72021484375,,592.0198364257812
2025-09-26 04:00:00+00:00,469.41865878595206,471.83162998772735,467.42272862201406,471.0868835449219,1476400,0.0,0.0,6643.7001953125,,594.4535522460938
2025-09-29 04:00:00+00:00,471.4145106742214,473.3707123437435,468.09791048955384,473.1522521972656,1859600,0.0,0.0,6661.2099609375,,597.20654296875
2025-09-30 04:00:00+00:00,470.3818478277326,475.426250211573,469.9151388621879,471.6727294921875,2171200,0.0,0.0,6688.4599609375,,598.8424072265625
2025-10-01 04:00:00+00:00,469.46825191488455,471.7521286680859,457.5721589536887,463.5400695800781,2286100,0.0,0.0,6711.2001953125,,601.7150268554688
2025-10-02 04:00:00+00:00,460.1837669937373,466.995729952955,459.70714868313235,466.19140625,1677500,0.0,0.0,6715.35009765625,,604.188720703125
2025-10-03 04:00:00+00:00,463.7486096324442,466.1417317124492,459.75677981855273,463.4606628417969,1250700,0.0,0.0,6715.7900390625,,601.645263671875
2025-10-06 04:00:00+00:00,463.4606550891857,467.27375297534456,461.842068083841,465.26788330078125,1539000,0.0,0.0,6740.27978515625,,606.1636962890625
2025-10-07 04:00:00+00:00,464.8210765162269,467.2737759638525,462.6265655274492,467.0751647949219,1283300,0.0,0.0,6714.58984375,,602.9718627929688
2025-10-08 04:00:00+00:00,467.0155564137351,468.38589459822174,464.25503105071414,464.55291748046875,1208500,0.0,0.0,6753.72021484375,,609.88427734375
2025-10-09 04:00:00+00:00,464.57280948755476,466.70774310268837,454.3052427757527,454.95068359375,1499900,0.0,0.0,6735.10986328125,,609.1461181640625
2025-10-10 04:00:00+00:00,454.86131230585977,459.796499594406,449.747393156676,450.6410827636719,2038900,0.0,0.0,6552.509765625,,588.0000610351562
2025-10-13 04:00:00+00:00,453.36188862826566,456.5791833970761,451.8128185318896,453.44134521484375,1287400,0.0,0.0,6654.72021484375,,600.4782104492188
2025-10-14 04:00:00+00:00,450.0750792726071,458.83330430433955,449.8963474075862,456.0330505371094,1664800,0.0,0.0,6644.31005859375,,596.4783935546875
2025-10-15 04:00:00+00:00,455.81458293735255,458.29707092370154,447.6323122315651,448.2579040527344,1838000,0.0,0.0,6671.06005859375,,600.6876220703125
2025-10-16 04:00:00+00:00,448.8735544980241,449.30053515711955,437.861241469399,441.128173828125,3033700,0.0,0.0,6629.06982421875,,598.4633178710938
2025-10-17 04:00:00+00:00,441.08848798482677,448.1685184344118,439.7876666734698,447.73162841796875,2365300,0.0,0.0,6664.009765625,,602.393310546875
2025-10-20 04:00:00+00:00,449.1912956622869,452.05112669667614,446.5598644340498,448.39691162109375,1895900,0.0,0.0,6735.1298828125,,609.98388671875
2025-10-21 04:00:00+00:00,447.3939550288202,449.2806700666405,445.2391725122887,446.92724609375,1766100,0.0,0.0,6735.35009765625,,609.8244018554688
2025-10-22 04:00:00+00:00,447.17550345367124,451.8922305310143,444.61358923796877,446.7684020996094,1856800,0.0,0.0,6699.39990234375,,603.9493408203125
2025-10-23 04:00:00+00:00,449.40973398161117,449.4991302129245,445.51720994357686,446.92724609375,1527000,0.0,0.0,6738.43994140625,,609.0264282226562
2025-10-24 04:00:00+00:00,446.3910659478869,447.24502726498105,442.46872282805833,442.8758544921875,1593300,0.0,0.0,6791.68994140625,,615.52978515625
2025-10-27 04:00:00+00:00,444.51429516204075,446.9967831617213,441.14805719245436,441.7041320800781,2337600,0.0,0.0,6875.16015625,,626.4918823242188
2025-10-28 04:00:00+00:00,442.3495722448275,444.08731384203315,438.89393804501333,439.61883544921875,2110300,0.0,0.0,6890.89013671875,,631.3095703125
2025-10-29 04:00:00+00:00,435.7163932869869,436.36183413732414,428.19941198788564,428.98388671875,4087200,0.0,0.0,6890.58984375,,634.15234375
2025-10-30 04:00:00+00:00,429.42077580135344,432.14157288522574,425.607647659773,426.8985595703125,3635300,0.0,0.0,6822.33984375,,624.45703125
2025-10-31 04:00:00+00:00,422.0229839027978,423.4231108505561,411.5667450667233,415.3699035644531,4072800,0.0,0.0,6840.2001953125,,627.4693603515625
2025-11-03 05:00:00+00:00,419.29222408497236,419.29222408497236,406.13503765720236,409.2927551269531,4908100,0.0,0.0,6851.97021484375,,630.4716796875
2025-11-04 05:00:00+00:00,413.2548300412795,418.3687493140212,411.10001710105934,415.0124206542969,3483500,0.0,0.0,6771.5498046875,,617.6743774414062
2025-11-05 05:00:00+00:00,413.3739714503885,416.84945457604283,412.09299918472396,415.3003845214844,3076400,0.0,0.0,6796.2900390625,,621.6941528320312
2025-11-06 05:00:00+00:00,413.4335810209765,416.5515703677749,410.6929044163711,412.4107971191406,3443900,0.0,0.0,6720.31982421875,,610.1136474609375
2025-11-07 05:00:00+00:00,414.07899974686615,419.85823910257824,411.10001413717646,417.5644226074219,2563300,0.0,0.0,6728.7998046875,,608.1885375976562
2025-11-10 05:00:00+00:00,417.5743541052842,419.21282052058154,413.0066001711532,417.72332763671875,2624200,0.0,0.0,6832.43017578125,,621.6442260742188
2025-11-11 05:00:00+00:00,422.7577781778212,425.39914911767386,418.98440843735136,423.6614074707031,2477700,0.0,0.0,6846.60986328125,,619.9884643554688
2025-11-12 05:00:00+00:00,425.00193331593175,428.5369937014512,421.9236422241436,425.9552001953125,2592700,0.0,0.0,6850.919921875,,619.4996948242188
2025-11-13 05:00:00+00:00,424.2075661616424,425.99494541950133,417.9715574501713,425.6374816894531,2873300,0.0,0.0,6737.490234375,,606.8519897460938
2025-11-14 05:00:00+00:00,425.6374802094996,427.0872447271136,420.1064896318387,420.42425537109375,2469700,0.0,0.0,6734.10986328125,,607.310791015625
2025-11-17 05:00:00+00:00,418.65670666417634,420.41432762532713,414.63508808220524,414.9230651855469,2249300,0.0,0.0,6672.41015625,,602.1240234375
2025-11-18 05:00:00+00:00,415.7968923862712,416.44233320765306,410.75245978338535,411.8149719238281,2586700,0.0,0.0,6617.31982421875,,594.792724609375
2025-11-19 05:00:00+00:00,411.82491500648155,413.15552495353694,407.85293416017566,410.3056335449219,2635300,0.0,0.0,6642.16015625,,598.3436889648438
2025-11-20 05:00:00+00:00,411.6958359601737,413.0363856059917,405.3505817784133,405.64849853515625,2723600,0.0,0.0,6538.759765625,,584.1798095703125
2025-11-21 05:00:00+00:00,404.526406484909,413.50309195655376,403.57313953777276,409.8488464355469,3100100,0.0,0.0,6602.990234375,,588.568603515625
2025-11-24 05:00:00+00:00,407.36636688415774,409.57081757956547,403.86109481888167,404.81439208984375,4038300,0.0,0.0,6705.1201171875,,603.6201782226562
2025-11-25 05:00:00+00:00,408.78635200777865,409.9779280791647,403.24542175807346,404.99310302734375,3580000,0.0,0.0,6765.8798828125,,607.3406982421875
2025-11-26 05:00:00+00:00,404.6455326013254,407.61457846847003,404.17882365832,405.042724609375,2591500,0.0,0.0,6812.60986328125,,612.70703125
2025-11-28 05:00:00+00:00,404.96331276270143,408.69695413600846,403.62276317192345,407.44580078125,1160800,0.0,0.0,6849.08984375,,617.6743774414062
2025-12-01 05:00:00+00:00,407.1478866983638,408.687047462211,403.8710146139815,404.2880859375,2074800,0.0,0.0,6812.6298828125,,615.599609375
2025-12-02 05:00:00+00:00,405.14203898387416,408.4387902995001,401.43815600242016,405.926513671875,2139800,0.0,0.0,6829.3701171875,,620.4173583984375
2025-12-03 05:00:00+00:00,406.97298752559885,409.64400833078815,404.6408248450607,407.7802734375,1957500,1.5,0.0,6849.72021484375,,621.9335327148438
2025-12-04 05:00:00+00:00,406.2454339042207,407.36171004153556,400.5844560772046,402.3784484863281,2859800,0.0,0.0,6857.1201171875,,621.35498046875
2025-12-05 05:00:00+00:00,402.6076485552278,403.25546645743196,397.59448877800867,398.23236083984375,3183600,0.0,0.0,6870.39990234375,,623.8884887695312
2025-12-08 05:00:00+00:00,397.4250804818602,398.0828746490494,386.48182728929964,388.07647705078125,4569900,0.0,0.0,6846.509765625,,622.6915893554688
2025-12-09 05:00:00+00:00,389.9003281229451,395.50150904393996,388.7940586967063,389.0731201171875,3574700,0.0,0.0,6840.509765625,,623.4595947265625
2025-12-10 05:00:00+00:00,388.31566387869293,393.0298402026187,387.69774431976526,391.36541748046875,5121700,0.0,0.0,6886.68017578125,,626.0130615234375
2025-12-11 05:00:00+00:00,393.9168445304557,402.9365660766471,393.54808804666027,401.9498596191406,3272500,0.0,0.0,6901.0,,623.98828125
2025-12-12 05:00:00+00:00,405.38833670397247,416.62059755443215,405.38833670397247,414.8465576171875,4726400,0.0,0.0,6827.41015625,,612.0587158203125
2025-12-15 05:00:00+00:00,416.0325540947987,420.0989124313366,408.62743495135516,415.5940246582031,4798100,0.0,0.0,6816.509765625,,608.9865112304688
2025-12-16 05:00:00+00:00,417.12888473147694,423.0290797136971,413.51103202616616,422.09222412109375,3960500,0.0,0.0,6800.259765625,,610.1934204101562
2025-12-17 05:00:00+00:00,421.5839110927864,422.98919444627865,419.3713418321368,420.9261169433594,4766000,0.0,0.0,6721.43017578125,,598.8822631835938
2025-12-18 05:00:00+00:00,420.11884669033736,423.0589831687124,417.06909305734683,417.58734130859375,3370800,0.0,0.0,6774.759765625,,607.5601806640625
2025-12-19 05:00:00+00:00,416.6305533541843,421.9726254161616,415.7933690848907,420.0191650390625,6048500,0.0,0.0,6834.5,,615.4799194335938
2025-12-22 05:00:00+00:00,420.1487399753835,423.86626399349734,419.1221893258816,422.09222412109375,2354200,0.0,0.0,6878.490234375,,618.4302368164062
2025-12-23 05:00:00+00:00,422.1819319095039,423.90612096979413,421.5839344300661,423.6769104003906,1656600,0.0,0.0,6909.7900390625,,621.3265380859375
2025-12-24 05:00:00+00:00,423.1885318876208,425.2017890631585,422.72013449060483,423.4775695800781,830100,0.0,0.0,6932.0498046875,,623.144287109375
2025-12-26 05:00:00+00:00,423.97588776686723,424.5738852376088,421.99255939739896,423.3479919433594,1328200,0.0,0.0,6929.93994140625,,623.1043090820312
2025-12-29 05:00:00+00:00,422.4310938779623,425.86952614869045,422.3314225624162,425.1120910644531,2240300,0.0,0.0,6905.740234375,,620.088134765625
2025-12-30 05:00:00+00:00,422.5805749296477,428.0222879678502,421.9825774669474,426.92596435546875,1501800,0.0,0.0,6896.240234375,,618.64990234375
2025-12-31 05:00:00+00:00,425.6801459007691,427.5638333323313,424.85293788106685,424.96258544921875,1569200,0.0,0.0,6845.5,,613.536376953125
2026-01-02 05:00:00+00:00,424.852949234686,429.3677830221615,420.6669973296266,427.6734619140625,2202400,0.0,0.0,6858.47021484375,,612.347900390625
2026-01-05 05:00:00+00:00,424.1851695788683,432.5371206952203,422.6503469403981,431.6501159667969,2617800,0.0,0.0,6902.0498046875,,617.2117309570312
2026-01-06 05:00:00+00:00,432.61688117468856,437.5303698277239,432.0089074416,435.696533203125,2359400,0.0,0.0,6944.81982421875,,622.6348876953125
2026-01-07 05:00:00+00:00,435.44736143810917,437.5502831984484,431.44083012882066,432.6866455078125,2322200,0.0,0.0,6920.93017578125,,623.2341918945312
2026-01-08 05:00:00+00:00,431.9889712793315,440.9488656390679,430.96242063661003,438.2180480957031,2801600,0.0,0.0,6921.4599609375,,619.6885986328125
2026-01-09 05:00:00+00:00,436.3543303689017,443.5601072480871,435.70651243756106,442.5933532714844,1787900,0.0,0.0,6966.27978515625,,625.86083984375
2026-01-12 05:00:00+00:00,440.8990515620819,444.4870059432439,437.91907090299895,442.1448669433594,2284900,0.0,0.0,6977.27001953125,,626.3801879882812
2026-01-13 05:00:00+00:00,442.4837226234404,443.18139139925273,438.61670683493327,441.41729736328125,1790300,0.0,0.0,6963.740234375,,625.4513549804688
2026-01-14 05:00:00+00:00,440.3508624594807,442.8723915053654,436.4340263079429,438.507080078125,2542000,0.0,0.0,6926.60009765625,,618.769775390625
2026-01-15 05:00:00+00:00,440.301059831646,442.5136291942338,436.27457595058945,438.56689453125,2336600,0.0,0.0,6944.47021484375,,620.9970092773438
2026-01-16 05:00:00+00:00,437.9888046581345,439.0552299028042,434.20153814122784,437.490478515625,3297000,0.0,0.0,6940.009765625,,620.4776611328125
2026-01-20 05:00:00+00:00,432.8660477821501,433.45406900770234,427.73329435960454,431.699951171875,2958400,0.0,0.0,6796.85986328125,,607.2942504882812
2026-01-21 05:00:00+00:00,432.01889080327726,439.4738612520038,431.58036134068067,437.87921142578125,2633300,0.0,0.0,6875.6201171875,,615.50390625
2026-01-22 05:00:00+00:00,438.37753728409405,445.7926331176581,438.37753728409405,444.1481628417969,2214000,0.0,0.0,6913.35009765625,,619.978271484375
2026-01-23 05:00:00+00:00,441.75615784267666,450.46691966903285,441.58674398349433,450.05828857421875,1639000,0.0,0.0,6915.60986328125,,621.935791015625
2026-01-26 05:00:00+00:00,451.11472397336206,454.05482993454035,450.6363199319472,453.5066833496094,1945500,0.0,0.0,6950.22998046875,,624.67236328125
2026-01-27 05:00:00+00:00,453.5067018475428,455.47010812544414,450.9253760005766,451.5133972167969,1929100,0.0,0.0,6978.60009765625,,630.335205078125
2026-01-28 05:00:00+00:00,451.1645678361323,451.9718537873208,447.4968945745086,449.988525390625,2281300,0.0,0.0,6978.02978515625,,632.4225463867188
2026-01-29 05:00:00+00:00,451.3938069368948,454.5133335721198,446.65970840603114,453.476806640625,2717200,0.0,0.0,6969.009765625,,628.6373291015625
2026-01-30 05:00:00+00:00,451.1147486058284,455.8388709130267,450.0782216672049,455.4402160644531,2816700,0.0,0.0,6939.02978515625,,621.0868530273438
2026-02-02 05:00:00+00:00,457.81225140379513,460.8221304746409,456.46676468245596,458.6195373535156,2191500,0.0,0.0,6976.43994140625,,625.3515014648438
2026-02-03 05:00:00+00:00,456.85547567702923,465.24727125434373,456.74582810482633,462.01812744140625,2912200,0.0,0.0,6917.81005859375,,615.7435913085938
2026-02-04 05:00:00+00:00,464.64926281483207,475.7320315851439,464.0712178604444,471.74542236328125,3420300,0.0,0.0,6882.72021484375,,604.9871826171875
2026-02-05 05:00:00+00:00,469.4930004288793,472.79191706766863,457.7225393453196,458.1510925292969,3453400,0.0,0.0,6798.39990234375,,596.2781982421875
2026-02-06 05:00:00+00:00,454.3737705517155,456.45677017707254,443.51026673061034,446.7394104003906,3132800,0.0,0.0,6932.2998046875,,608.8822631835938
2026-02-09 05:00:00+00:00,446.669684457804,455.9684372377051,442.5335529898731,454.81231689453125,3610600,0.0,0.0,6964.81982421875,,613.54638671875
2026-02-10 05:00:00+00:00,452.79907319714977,462.606128026854,452.65952727792,458.9683532714844,2567800,0.0,0.0,6941.81005859375,,610.699951171875
2026-02-11 05:00:00+00:00,456.8952960633376,466.0944075299575,453.75584747374717,465.9449157714844,2392600,0.0,0.0,6941.47021484375,,612.337890625
2026-02-12 05:00:00+00:00,468.3468781768579,475.95130993634183,467.9083487166639,471.2770080566406,3757600,0.0,0.0,6832.759765625,,599.8836059570312
2026-02-13 05:00:00+00:00,472.5826484798502,486.90453758884587,471.7653862699293,479.3897705078125,4412900,0.0,0.0,6836.169921875,,601.1619873046875
2026-02-17 05:00:00+00:00,477.52603035790275,482.1504813009717,476.4097846273487,480.6056823730469,2249500,0.0,0.0,6843.22021484375,,600.542724609375
2026-02-18 05:00:00+00:00,481.2136157287787,486.6354066639005,480.9844051660714,483.6554260253906,2451000,0.0,0.0,6881.31005859375,,605.027099609375
2026-02-19 05:00:00+00:00,483.2766883769906,488.90776772121114,480.5857454485896,488.46923828125,3072600,0.0,0.0,6861.89013671875,,602.7100219726562
2026-02-20 05:00:00+00:00,486.60550543273797,496.68167592334976,486.3663186155318,494.84783935546875,3202400,0.0,0.0,6909.509765625,,608.0433349609375
2026-02-23 05:00:00+00:00,491.8977354786592,498.8942541613551,491.1203478934057,496.522216796875,2159200,0.0,0.0,6837.75,,600.652587890625
2026-02-24 05:00:00+00:00,496.1933147484836,502.80112456729904,492.91435047967497,502.3127746582031,2761700,0.0,0.0,6890.06982421875,,607.1044921875
2026-02-25 05:00:00+00:00,505.15322170175233,507.9139376087953,498.7148563936694,506.5684509277344,3483400,0.0,0.0,6946.1298828125,,615.9033813476562
2026-02-26 05:00:00+00:00,505.1931072841673,508.9404993115329,495.7847069836568,496.8411560058594,1945600,0.0,0.0,6908.85986328125,,608.4727783203125
2026-02-27 05:00:00+00:00,496.6019326841077,507.82424736278256,496.6019326841077,506.37908935546875,3239500,0.0,0.0,6878.8798828125,,606.5252075195312
2026-03-02 05:00:00+00:00,506.2993772398446,508.34250232435124,497.84775463873245,507.6348876953125,3071800,0.0,0.0,6881.6201171875,,607.32421875
2026-03-03 05:00:00+00:00,498.3261502337422,501.96392504736565,489.94430073696094,500.0005187988281,3815300,0.0,0.0,6816.6298828125,,600.8224487304688
2026-03-04 05:00:00+00:00,500.52873883428094,502.3027786966633,495.6750470407894,497.51885986328125,2907000,0.0,0.0,6869.5,,609.9808959960938
2026-03-05 05:00:00+00:00,493.93091970772394,495.5953424652057,486.9144788573467,488.41943359375,3784900,0.0,0.0,6830.7099609375,,608.1431274414062
2026-03-06 05:00:00+00:00,486.36631419368973,486.6652977124793,478.08413615366555,483.1172180175781,2195600,0.0,0.0,6740.02001953125,,598.9946899414062
2026-03-09 04:00:00+00:00,481.0441988785517,484.9112146377527,477.22700356778205,482.0009765625,2279400,0.0,0.0,6795.990234375,,606.99462890625
2026-03-10 04:00:00+00:00,479.180461438064,481.4229290831355,473.0410797021519,476.3399963378906,2505600,0.0,0.0,6781.47998046875,,607.004638671875
2026-03-11 04:00:00+00:00,477.1600036621094,482.0299987792969,471.1400146484375,481.54998779296875,2007400,1.6,0.0,6775.7998046875,,606.9247436523438
2026-03-12 04:00:00+00:00,480.3900146484375,492.80999755859375,477.5299987792969,490.4100036621094,2908500,0.0,0.0,6672.6201171875,,596.5078735351562
2026-03-13 04:00:00+00:00,498.0,500.010009765625,492.6199951171875,493.9200134277344,2648800,0.0,0.0,6632.18994140625,,592.9722900390625
2026-03-16 04:00:00+00:00,494.2900085449219,498.4800109863281,490.8900146484375,497.4100036621094,2217600,0.0,0.0,6699.3798828125,,599.6239013671875
2026-03-17 04:00:00+00:00,497.4100036621094,500.3399963378906,493.2300109863281,494.04998779296875,2471000,0.0,0.0,6716.08984375,,602.5502319335938
2026-03-18 04:00:00+00:00,491.44000244140625,494.4700012207031,488.3800048828125,488.57000732421875,2200800,0.0,0.0,6624.7001953125,,594.15087890625
2026-03-19 04:00:00+00:00,488.67999267578125,491.7799987792969,483.4599914550781,489.79998779296875,2744500,0.0,0.0,6606.490234375,,592.273193359375
2026-03-20 04:00:00+00:00,492.8999938964844,495.80999755859375,484.3399963378906,488.1499938964844,6334100,0.0,0.0,6506.47998046875,,581.3269653320312
2026-03-23 04:00:00+00:00,488.8599853515625,490.260009765625,477.3299865722656,478.04998779296875,2794300,0.0,0.0,6581.0,,588.0
2026-03-24 04:00:00+00:00,473.92999267578125,486.8399963378906,473.44000244140625,479.8399963378906,3181800,0.0,0.0,6556.3701171875,,583.97998046875
2026-03-25 04:00:00+00:00,483.1499938964844,492.4100036621094,481.95001220703125,492.3399963378906,2086000,0.0,0.0,6591.89990234375,,587.8200073242188
2026-03-26 04:00:00+00:00,491.25,500.30999755859375,491.1499938964844,495.489990234375,3051700,0.0,0.0,6477.16015625,,573.7899780273438
2026-03-27 04:00:00+00:00,497.6099853515625,498.260009765625,486.42999267578125,491.1199951171875,2154100,0.0,0.0,6368.85009765625,,562.5800170898438
2026-03-30 04:00:00+00:00,495.8500061035156,503.6300048828125,494.8500061035156,499.260009765625,2458600,0.0,0.0,6343.72021484375,,558.280029296875
2026-03-31 04:00:00+00:00,496.1400146484375,500.2799987792969,491.9100036621094,495.760009765625,2761300,0.0,0.0,6528.52001953125,,577.1799926757812
2026-04-01 04:00:00+00:00,492.82000732421875,494.44000244140625,488.489990234375,493.8299865722656,2472400,0.0,0.0,6575.31982421875,,584.3099975585938
2026-04-02 04:00:00+00:00,500.0,502.70001220703125,494.3699951171875,502.6000061035156,2127700,0.0,0.0,6582.68994140625,,584.97998046875
