Date,Open,High,Low,Close,Volume,Dividends,Stock Splits,snp500,vix_close,qqq_close
2021-04-05 04:00:00+00:00,325.0733209640673,332.3600766598588,325.0733209640673,330.91845703125,1489300,0.0,0.0,4077.909912109375,,321.2608947753906
2021-04-06 04:00:00+00:00,328.9613628800228,332.0979862297764,328.7953554420946,331.1106872558594,1035700,0.0,0.0,4073.93994140625,,321.0376892089844
2021-04-07 04:00:00+00:00,330.9097120149698,332.36007729969316,328.5769156410301,332.1766052246094,976900,0.0,0.0,4079.949951171875,,321.81396484375
2021-04-08 04:00:00+00:00,331.661138141896,338.4935735679405,330.5340420003198,337.2703552246094,1863400,0.0,0.0,4097.169921875,,325.17169189453125
2021-04-09 04:00:00+00:00,338.0217649936071,340.97491636290925,335.2084107696448,337.453857421875,1400900,0.0,0.0,4128.7998046875,,327.1417236328125
2021-04-12 04:00:00+00:00,338.24021934172254,339.6206729310068,335.75887981199895,338.8692932128906,1067400,0.0,0.0,4127.990234375,,326.7147216796875
2021-04-13 04:00:00+00:00,337.74218624010297,339.17508704806903,335.80254408760027,338.22271728515625,1124300,0.0,0.0,4141.58984375,,330.5285339355469
2021-04-14 04:00:00+00:00,338.4760923464579,341.83114390957496,338.1266128080544,339.5857238769531,1078800,0.0,0.0,4124.66015625,,326.5594177246094
2021-04-15 04:00:00+00:00,339.5857188783833,342.4951686556516,338.7382170118504,341.2981872558594,1289400,0.0,0.0,4170.419921875,,331.5086364746094
2021-04-16 04:00:00+00:00,343.2116510164093,344.53968403199485,340.57302296769427,342.3291931152344,1499500,0.0,0.0,4185.47021484375,,331.89678955078125
2021-04-19 04:00:00+00:00,342.4951700303415,342.83593057455306,337.79459429793604,342.25927734375,1317600,0.0,0.0,4163.259765625,,328.8594055175781
2021-04-20 04:00:00+00:00,339.00022415643707,342.0582158691884,336.0470736076657,338.4148254394531,1370100,0.0,0.0,4134.93994140625,,326.46240234375
2021-04-21 04:00:00+00:00,338.58094206033303,341.5253745710032,336.3355219712163,338.3363037109375,1358500,0.0,0.0,4173.419921875,,329.2572326660156
2021-04-22 04:00:00+00:00,337.92562390642473,337.92562390642473,330.6126577963025,332.0892333984375,1670500,0.0,0.0,4134.97998046875,,325.2882385253906
2021-04-23 04:00:00+00:00,330.77869849499416,330.77869849499416,326.17424480132206,329.64288330078125,1298000,0.0,0.0,4180.169921875,,329.3834228515625
2021-04-26 04:00:00+00:00,327.0130064309293,327.9129289449204,323.9025930817805,325.00347900390625,1518100,0.0,0.0,4187.6201171875,,331.5281066894531
2021-04-27 04:00:00+00:00,324.58406704741816,326.9780298305774,323.3958313097733,326.08685302734375,1564900,0.0,0.0,4186.72021484375,,330.0918273925781
2021-04-28 04:00:00+00:00,326.2965142978777,326.6634851128613,324.10351505207706,325.8421936035156,1110400,0.0,0.0,4183.18017578125,,328.9757995605469
2021-04-29 04:00:00+00:00,327.64207121880713,333.74059190331536,327.5022740687909,332.3164367675781,1385600,0.0,0.0,4211.47021484375,,330.1596984863281
2021-04-30 04:00:00+00:00,331.0145566795741,333.7580254992105,329.91369755392464,332.4998779296875,1103700,0.0,0.0,4181.169921875,,327.9956359863281
2021-05-03 04:00:00+00:00,331.80971182316523,337.59370966838327,331.1893835536297,336.65008544921875,1347400,0.0,0.0,4192.66015625,,326.2489013671875
2021-05-04 04:00:00+00:00,338.3450875978434,340.87884793080457,335.9773347346857,338.5460510253906,1509600,0.0,0.0,4164.66015625,,320.3778076171875
2021-05-05 04:00:00+00:00,337.54993106084487,338.54597565792534,333.50463975313914,337.5761413574219,1079300,0.0,0.0,4167.58984375,,319.3006286621094
2021-05-06 04:00:00+00:00,338.99152198874043,340.1360826149591,337.25284358137736,338.4236145019531,1079500,0.0,0.0,4201.6201171875,,321.70733642578125
2021-05-07 04:00:00+00:00,338.12663465945974,343.0194285040442,337.1568268779478,341.0448303222656,1203700,0.0,0.0,4232.60009765625,,324.3177185058594
2021-05-10 04:00:00+00:00,341.9360080770747,346.85501223472767,341.8748684848418,343.4912414550781,1578600,0.0,0.0,4188.43017578125,,316.1272888183594
2021-05-11 04:00:00+00:00,341.64765659567286,342.2155641532225,335.8636865025281,338.8430480957031,1353200,0.0,0.0,4152.10009765625,,315.6905517578125
2021-05-12 04:00:00+00:00,338.97409662628434,341.0535357648238,332.1853629653865,332.55230712890625,1633700,0.0,0.0,4063.0400390625,,307.5196533203125
2021-05-13 04:00:00+00:00,333.5658197376518,341.0797494742547,332.8406503934372,338.7993469238281,1105800,0.0,0.0,4112.5,,309.8970947265625
2021-05-14 04:00:00+00:00,340.8962781283006,342.5825361628652,339.51579801253024,341.4292297363281,799800,0.0,0.0,4173.85009765625,,316.7386474609375
2021-05-17 04:00:00+00:00,340.4243740819205,342.52127732287306,339.62929304810996,341.7261962890625,979100,0.0,0.0,4163.2900390625,,314.8172607421875
2021-05-18 04:00:00+00:00,341.85737148978023,344.39115826434664,338.1965151466559,338.31884765625,1171800,0.0,0.0,4127.830078125,,312.69195556640625
2021-05-19 04:00:00+00:00,336.3791706491733,337.0169901040976,333.1901267017085,336.8509826660156,995000,0.0,0.0,4115.68017578125,,313.0509338378906
2021-05-20 04:00:00+00:00,337.9430983112354,340.3458064986884,337.31402455561374,339.2798767089844,1094700,0.0,0.0,4159.1201171875,,319.1065368652344
2021-05-21 04:00:00+00:00,340.1361573459638,342.6611984659647,336.86848216815656,338.31884765625,892500,0.0,0.0,4155.85986328125,,317.3404235839844
2021-05-24 04:00:00+00:00,340.3109005397387,340.5293285888656,337.2179518982991,338.7469482421875,931400,0.0,0.0,4197.0498046875,,322.6777038574219
2021-05-25 04:00:00+00:00,338.9129253489222,340.3108700708892,336.53642732065174,337.121826171875,978500,0.0,0.0,4188.1298828125,,323.1241149902344
2021-05-26 04:00:00+00:00,336.8772579526669,337.31411410272193,333.941570759234,335.6191101074219,999500,0.0,0.0,4195.990234375,,324.24981689453125
2021-05-27 04:00:00+00:00,338.4760956996146,338.9566534003123,335.7501179440505,338.4673767089844,3979300,0.0,0.0,4200.8798828125,,323.0367736816406
2021-05-28 04:00:00+00:00,338.3882180254658,339.5317078584757,335.591019305593,336.1891784667969,935500,2.6,0.0,4204.10986328125,,324.0556945800781
2021-06-01 04:00:00+00:00,337.97481210374826,338.15071916978826,335.24799756454394,335.9429016113281,962200,0.0,0.0,4202.0400390625,,322.97857666015625
2021-06-02 04:00:00+00:00,336.0220269447651,339.091877374317,334.808152894185,338.7312316894531,1007600,0.0,0.0,4208.1201171875,,323.6093444824219
2021-06-03 04:00:00+00:00,337.5613598218294,340.8863063915452,336.9808101866418,340.71917724609375,1649700,0.0,0.0,4192.85009765625,,320.2420349121094
2021-06-04 04:00:00+00:00,341.29092404452916,347.90562507360335,340.9478610039206,346.6565856933594,1836100,0.0,0.0,4229.89013671875,,325.67633056640625
2021-06-07 04:00:00+00:00,347.48339933166574,348.0815315749578,342.70706560124626,344.37835693359375,1087900,0.0,0.0,4226.52001953125,,326.6468811035156
2021-06-08 04:00:00+00:00,344.37840597924645,345.38995882611806,340.4729095036115,341.75714111328125,1065000,0.0,0.0,4227.259765625,,326.8020935058594
2021-06-09 04:00:00+00:00,342.4080034761695,342.4080034761695,338.7576035875626,340.2353515625,1046100,0.0,0.0,4219.5498046875,,326.8796691894531
2021-06-10 04:00:00+00:00,342.29365223526,342.82140015845437,339.6108083549032,341.0445861816406,913700,0.0,0.0,4239.18017578125,,330.28594970703125
2021-06-11 04:00:00+00:00,341.9769766376036,342.3024301381534,338.80157697684535,341.0445861816406,751000,0.0,0.0,4247.43994140625,,331.1496276855469
2021-06-14 04:00:00+00:00,340.9479101188767,342.57520492174075,339.4261917740002,342.267333984375,868400,0.0,0.0,4255.14990234375,,334.3228759765625
2021-06-15 04:00:00+00:00,343.05020149587807,344.85340335598585,342.22336040118313,342.874267578125,943900,0.0,0.0,4246.58984375,,332.139404296875
2021-06-16 04:00:00+00:00,343.76258395228524,343.9297130703301,337.068721859108,337.4205627441406,1524200,0.0,0.0,4223.7001953125,,330.9263916015625
2021-06-17 04:00:00+00:00,338.0187446545664,339.1094596117299,333.8757619231294,336.80487060546875,1246400,0.0,0.0,4221.85986328125,,335.1283874511719
2021-06-18 04:00:00+00:00,334.4035676157043,336.1012197541103,333.3744052657731,333.5415344238281,2416200,0.0,0.0,4166.4501953125,,332.4985046386719
2021-06-21 04:00:00+00:00,335.33596149464347,339.0391367216418,334.79057711672544,336.45306396484375,1186900,0.0,0.0,4224.7900390625,,334.56494140625
2021-06-22 04:00:00+00:00,335.6085534511927,337.6668507947283,333.9460670331032,336.4353942871094,636200,0.0,0.0,4246.43994140625,,337.68365478515625
2021-06-23 04:00:00+00:00,336.1979246158847,336.4618254442451,331.8438428072296,331.9053955078125,1024000,0.0,0.0,4241.83984375,,337.84881591796875
2021-06-24 04:00:00+00:00,333.8317560309347,334.24517650254614,331.48319703727935,332.25726318359375,1032700,0.0,0.0,4266.490234375,,339.93768310546875
2021-06-25 04:00:00+00:00,331.51837507106427,337.2622645358671,331.51837507106427,336.0220031738281,1708100,0.0,0.0,4280.7001953125,,339.51983642578125
2021-06-28 04:00:00+00:00,335.7229422727299,336.65533278456763,333.2160321123679,334.3155517578125,778200,0.0,0.0,4290.60986328125,,343.64898681640625
2021-06-29 04:00:00+00:00,334.14843572243143,334.6058262491187,328.3165789993925,328.46612548828125,1223900,0.0,0.0,4291.7998046875,,344.8926696777344
2021-06-30 04:00:00+00:00,329.41608642132746,333.7613902161468,328.64202029441753,332.8026123046875,1077600,0.0,0.0,4297.5,,344.3485412597656
2021-07-01 04:00:00+00:00,331.88782464891176,335.2391585913498,331.80866245071354,334.447509765625,752800,0.0,0.0,4319.93994140625,,344.484619140625
2021-07-02 04:00:00+00:00,335.7933754758947,337.0600245407103,333.3304616519464,335.5646667480469,778700,0.0,0.0,4352.33984375,,348.43878173828125
2021-07-06 04:00:00+00:00,334.2539529518202,334.55301905689674,328.6947755023345,333.0840759277344,1142700,0.0,0.0,4343.5400390625,,349.9447021484375
2021-07-07 04:00:00+00:00,332.85540510220085,338.3002288390956,331.9757893365473,337.3150634765625,952900,0.0,0.0,4358.1298828125,,350.68310546875
2021-07-08 04:00:00+00:00,333.84062221595207,335.74059578554244,332.4332314039873,334.1836853027344,894500,0.0,0.0,4320.81982421875,,348.5650939941406
2021-07-09 04:00:00+00:00,336.62897465329377,338.1155274906749,334.9312957718879,336.9895935058594,542900,0.0,0.0,4369.5498046875,,350.74139404296875
2021-07-12 04:00:00+00:00,335.92518283519087,337.17424876334957,330.9377775557791,333.4358825683594,1008200,0.0,0.0,4384.6298828125,,352.1112976074219
2021-07-13 04:00:00+00:00,333.374422595931,334.86097559880574,332.0901909116786,332.35406494140625,709500,0.0,0.0,4369.2099609375,,352.1112976074219
2021-07-14 04:00:00+00:00,332.3540160397626,332.8378208147398,330.0406222924653,331.4568176269531,698900,0.0,0.0,4374.2998046875,,352.74285888671875
2021-07-15 04:00:00+00:00,329.9614590254944,333.06650157917414,329.8559094294758,332.71466064453125,713400,0.0,0.0,4360.02978515625,,350.2653503417969
2021-07-16 04:00:00+00:00,333.0400646814905,334.00764724075674,330.10215170607364,331.7382507324219,890800,0.0,0.0,4327.16015625,,347.4283447265625
2021-07-19 04:00:00+00:00,329.98782054372975,331.45679055642523,323.31154068174334,327.234619140625,1357600,0.0,0.0,4258.490234375,,344.5817565917969
2021-07-20 04:00:00+00:00,328.1055564242017,334.81703046525377,328.0967516746398,334.2364807128906,1268000,0.0,0.0,4323.06005859375,,348.58453369140625
2021-07-21 04:00:00+00:00,334.2363507689966,338.3881375420376,333.7261586802343,335.03680419921875,922800,0.0,0.0,4358.68994140625,,351.27569580078125
2021-07-22 04:00:00+00:00,334.9137047045732,335.6173865836581,332.34521484280134,334.1924133300781,688400,0.0,0.0,4367.47998046875,,353.59771728515625
2021-07-23 04:00:00+00:00,335.98682403564516,336.4530193023667,334.42110909800084,334.9312744140625,795900,0.0,0.0,4411.7900390625,,357.7268371582031
2021-07-26 04:00:00+00:00,328.09663131696476,329.2928956936084,322.29116276673716,323.7425231933594,2720700,0.0,0.0,4422.2998046875,,358.0085144042969
2021-07-27 04:00:00+00:00,323.9184586876636,330.3396421074523,323.9184586876636,329.6183776855469,1460600,0.0,0.0,4401.4599609375,,354.0641174316406
2021-07-28 04:00:00+00:00,330.73557276798306,330.9466719903893,325.97684760876865,327.9295959472656,775200,0.0,0.0,4400.64013671875,,355.4242248535156
2021-07-29 04:00:00+00:00,329.72391661567076,330.6123101275935,326.6452619821794,327.7447814941406,754800,0.0,0.0,4419.14990234375,,356.05584716796875
2021-07-30 04:00:00+00:00,327.27869035218123,328.6596937407879,325.55462388177244,326.9268493652344,798600,0.0,0.0,4395.259765625,,354.20013427734375
2021-08-02 04:00:00+00:00,327.4809880051737,329.8911538188327,323.7690078428015,323.9625244140625,1176500,0.0,0.0,4387.16015625,,354.229248046875
2021-08-03 04:00:00+00:00,324.91248051160903,325.37867580039875,321.9393748856985,324.97406005859375,872900,0.0,0.0,4423.14990234375,,356.3763427734375
2021-08-04 04:00:00+00:00,320.6111929387489,321.37645448185197,316.31866302312795,318.10430908203125,1608100,0.0,0.0,4402.66015625,,356.89129638671875
2021-08-05 04:00:00+00:00,318.80791307047963,319.31807835981687,316.5560990498881,317.3477478027344,912600,0.0,0.0,4429.10009765625,,359.1550598144531
2021-08-06 04:00:00+00:00,318.68480874560555,319.7051663433396,317.154285770877,318.46490478515625,704500,0.0,0.0,4436.52001953125,,357.58111572265625
2021-08-09 04:00:00+00:00,317.27744140666584,318.790381711774,316.4681830298078,317.5765075683594,945100,0.0,0.0,4432.35009765625,,358.2417907714844
2021-08-10 04:00:00+00:00,316.8287870442295,319.3532798553516,316.7496248510008,318.6319885253906,842100,0.0,0.0,4436.75,,356.405517578125
2021-08-11 04:00:00+00:00,318.81683151388137,320.4880965533949,317.5413775700749,319.5644836425781,900100,0.0,0.0,4442.41015625,,355.79339599609375
2021-08-12 04:00:00+00:00,318.71116933057795,320.44401346686567,315.6061267440438,316.4417724609375,1005400,0.0,0.0,4460.830078125,,357.0759582519531
2021-08-13 04:00:00+00:00,316.8815445638211,317.60283585445836,314.471406222229,314.88482666015625,1222200,0.0,0.0,4468.0,,358.3292541503906
2021-08-16 04:00:00+00:00,314.8848735955877,317.11030049476255,312.75619154936896,316.881591796875,1625700,0.0,0.0,4479.7099609375,,358.48468017578125
2021-08-17 04:00:00+00:00,315.82608561027445,318.88715867825766,315.49185410913475,318.0691223144531,1571000,0.0,0.0,4448.080078125,,355.3270568847656
2021-08-18 04:00:00+00:00,316.22183959718166,317.10145528451733,313.6357673289155,313.67095947265625,961000,0.0,0.0,4400.27001953125,,351.9072570800781
2021-08-19 04:00:00+00:00,312.4659501552036,316.57374116976035,311.0057846131597,311.410400390625,1345700,0.0,0.0,4405.7998046875,,353.6074523925781
2021-08-20 04:00:00+00:00,312.0348766480379,315.61491912514947,311.0057412725486,314.17236328125,904300,0.0,0.0,4441.669921875,,357.2702331542969
2021-08-23 04:00:00+00:00,314.84968910726644,315.84365927996726,313.5038779749246,314.3307189941406,827800,0.0,0.0,4479.52978515625,,362.61383056640625
2021-08-24 04:00:00+00:00,315.75571708923883,317.09272357821465,314.8321311422896,315.7821044921875,822600,0.0,0.0,4486.22998046875,,363.7213134765625
2021-08-25 04:00:00+00:00,316.3889441007262,317.2333675785996,314.89358681114294,315.5621032714844,953500,0.0,0.0,4496.18994140625,,364.13916015625
2021-08-26 04:00:00+00:00,315.87007801446026,318.40337612516475,314.2339784664023,318.0867004394531,1172400,0.0,0.0,4470.0,,361.82684326171875
2021-08-27 04:00:00+00:00,319.5555953744005,320.47037637549437,317.69959228746376,318.4120788574219,1203900,0.0,0.0,4509.3701171875,,365.3438415527344
2021-08-30 04:00:00+00:00,318.64083869101376,320.1449742642382,318.20103077011515,318.46490478515625,986000,0.0,0.0,4528.7900390625,,369.44378662109375
2021-08-31 04:00:00+00:00,318.4206079703131,319.70528737033624,317.2688469507781,318.7749938964844,1083900,2.6,0.0,4522.68017578125,,369.142578125
2021-09-01 04:00:00+00:00,317.4460324284802,318.5180857007593,315.88672891610673,315.9930419921875,1116000,0.0,0.0,4524.08984375,,369.75469970703125
2021-09-02 04:00:00+00:00,316.12585256442645,317.8357838562879,314.9829332127571,317.2244567871094,2071500,0.0,0.0,4536.9501953125,,369.579833984375
2021-09-03 04:00:00+00:00,317.2245087987231,317.41942509966435,315.08045652628033,315.40826416015625,893200,0.0,0.0,4535.43017578125,,370.716552734375
2021-09-07 04:00:00+00:00,314.2742890090883,314.2742890090883,309.26851598074836,309.3836975097656,2033500,0.0,0.0,4520.02978515625,,371.24114990234375
2021-09-08 04:00:00+00:00,310.4379490621653,313.26419496016183,309.6139686955546,311.38592529296875,1215300,0.0,0.0,4514.06982421875,,369.94903564453125
2021-09-09 04:00:00+00:00,310.5443007244193,311.59861719393746,308.19643631073836,309.1444396972656,1098900,0.0,0.0,4493.27978515625,,368.67633056640625
2021-09-10 04:00:00+00:00,309.5962188445399,310.1632308227057,306.3889821438566,306.442138671875,1222600,0.0,0.0,4458.580078125,,365.87823486328125
2021-09-13 04:00:00+00:00,308.2406906994637,309.45447655423004,303.66903976652566,306.8231201171875,1489200,0.0,0.0,4468.72998046875,,365.6256103515625
2021-09-14 04:00:00+00:00,308.3204733920376,308.5862560884168,303.4298825132613,305.0777893066406,1325600,0.0,0.0,4443.0498046875,,364.58599853515625
2021-09-15 04:00:00+00:00,305.485286393159,307.3724243707726,304.6967798191269,305.7245178222656,1149700,0.0,0.0,4480.7001953125,,367.2967224121094
2021-09-16 04:00:00+00:00,306.0878495287865,306.4953920516795,301.8971616596987,302.5616455078125,1451400,0.0,0.0,4473.75,,367.5492248535156
2021-09-17 04:00:00+00:00,301.1882736930602,303.72215814634257,300.47947497200084,302.100830078125,2108000,0.0,0.0,4432.990234375,,363.1966552734375
2021-09-20 04:00:00+00:00,300.0808782876695,301.80851984930695,297.5912812844855,299.86822509765625,1709800,0.0,0.0,4357.72998046875,,355.6918029785156
2021-09-21 04:00:00+00:00,300.1162855375135,301.2946518367778,296.89133853313655,297.7330017089844,1317000,0.0,0.0,4354.18994140625,,356.1296081542969
2021-09-22 04:00:00+00:00,299.5847219368881,304.0677700705694,299.47838182670046,302.765380859375,1335900,0.0,0.0,4395.64013671875,,359.4559631347656
2021-09-23 04:00:00+00:00,301.48952685493913,305.4675602892247,301.3300302313947,304.9537048339844,1366200,0.0,0.0,4448.97998046875,,362.77264404296875
2021-09-24 04:00:00+00:00,309.17986749551153,312.6972026448951,307.8863466683727,309.6671447753906,1693000,0.0,0.0,4455.47998046875,,363.113037109375
2021-09-27 04:00:00+00:00,311.9884073472654,316.50687498621045,311.2618986619304,313.06927490234375,1866000,0.0,0.0,4443.10986328125,,360.214599609375
2021-09-28 04:00:00+00:00,313.0693102144415,314.7969788862568,310.02156943451575,311.9972839355469,1140100,0.0,0.0,4352.6298828125,,350.0214538574219
2021-09-29 04:00:00+00:00,308.43564874493194,312.3782361980059,305.6359539013716,310.349365234375,1547700,0.0,0.0,4359.4599609375,,349.44757080078125
2021-09-30 04:00:00+00:00,311.4479322753809,312.1301257923371,305.57389216814084,305.7510986328125,1054300,0.0,0.0,4307.5400390625,,348.1636962890625
2021-10-01 04:00:00+00:00,307.70909831157786,309.80886240025654,303.6867495582884,308.1432189941406,960400,0.0,0.0,4357.0400390625,,350.32293701171875
2021-10-04 04:00:00+00:00,308.045785684828,310.33159771603187,304.51074105313785,306.53961181640625,1127400,0.0,0.0,4300.4599609375,,342.9698791503906
2021-10-05 04:00:00+00:00,306.548627862992,310.49124386310467,305.5031794940639,308.0990905761719,889400,0.0,0.0,4345.72021484375,,347.599609375
2021-10-06 04:00:00+00:00,307.46103849812414,310.21644498239107,304.95373188628884,310.0835266113281,995700,0.0,0.0,4363.5498046875,,349.826904296875
2021-10-07 04:00:00+00:00,310.24302156248916,314.06158572912364,310.24302156248916,311.66943359375,1042600,0.0,0.0,4399.759765625,,353.03662109375
2021-10-08 04:00:00+00:00,311.935229773206,314.66405809423475,310.8011786241571,313.4148254394531,768500,0.0,0.0,4391.33984375,,351.276123046875
2021-10-11 04:00:00+00:00,314.43368614351465,318.358563434555,313.74262416667705,316.3651123046875,996800,0.0,0.0,4361.18994140625,,348.58197021484375
2021-10-12 04:00:00+00:00,316.27652838625227,319.2888490569346,315.41712839417215,317.2865295410156,840200,0.0,0.0,4350.64990234375,,347.36614990234375
2021-10-13 04:00:00+00:00,318.6155593397275,321.06973690024824,313.1490875563791,320.5115661621094,1102100,0.0,0.0,4363.7998046875,,350.1477966308594
2021-10-14 04:00:00+00:00,320.7418787065552,322.63788539024546,319.2711513726991,320.78619384765625,973300,0.0,0.0,4438.259765625,,356.596435546875
2021-10-15 04:00:00+00:00,322.58471914064324,324.4806987293457,322.0619951643675,323.931396484375,952700,0.0,0.0,4471.3701171875,,358.84320068359375
2021-10-18 04:00:00+00:00,322.7884931809409,325.93373267112736,320.6178623599651,323.3821105957031,1014600,0.0,0.0,4486.4599609375,,362.4516296386719
2021-10-19 04:00:00+00:00,324.7109915831786,328.85736283107747,322.18594845114404,328.7599182128906,1051300,0.0,0.0,4519.6298828125,,365.194580078125
2021-10-20 04:00:00+00:00,329.3890213741843,330.08895182322266,327.63477455284334,328.8131408691406,955200,0.0,0.0,4536.18994140625,,364.71795654296875
2021-10-21 04:00:00+00:00,329.256097312339,330.7002461680918,325.2780636710376,330.59393310546875,803600,0.0,0.0,4549.77978515625,,366.9451904296875
2021-10-22 04:00:00+00:00,331.2938643226466,334.0315340671814,329.80542724486475,331.8874816894531,1092000,0.0,0.0,4544.89990234375,,363.862060546875
2021-10-25 04:00:00+00:00,333.0481007942472,334.9883954039664,331.8963127994947,333.4201965332031,1350300,0.0,0.0,4566.47998046875,,367.58721923828125
2021-10-26 04:00:00+00:00,308.61284418118476,311.15562490108175,288.8289584054913,294.0650939941406,9439700,0.0,0.0,4574.7900390625,,368.74462890625
2021-10-27 04:00:00+00:00,295.0307403689442,298.0696391034661,292.85124156926554,293.20562744140625,2822900,0.0,0.0,4551.68017578125,,369.6005554199219
2021-10-28 04:00:00+00:00,292.37287765673926,296.67871978584816,288.0670355276304,293.6044006347656,2874600,0.0,0.0,4596.419921875,,373.7050476074219
2021-10-29 04:00:00+00:00,292.3728077658933,296.23565976302814,291.3450698031368,294.42828369140625,1821500,0.0,0.0,4605.3798828125,,375.5433044433594
2021-11-01 04:00:00+00:00,292.78920444203726,296.0939127217994,292.43481858461985,293.1967468261719,1865000,0.0,0.0,4613.669921875,,376.8271179199219
2021-11-02 04:00:00+00:00,293.65742510155167,294.1801488880154,288.21750708875726,289.1034851074219,2745000,0.0,0.0,4630.64990234375,,378.40283203125
2021-11-03 04:00:00+00:00,288.38590036340184,295.1193400037389,287.260717797628,293.5688781738281,1902600,0.0,0.0,4660.56982421875,,382.41986083984375
2021-11-04 04:00:00+00:00,293.5245776295984,297.4583231451659,293.5245776295984,297.2456970214844,1847900,0.0,0.0,4680.06005859375,,387.3218994140625
2021-11-05 04:00:00+00:00,298.5303841183317,301.69330594284594,297.99879175724936,301.1351623535156,2145300,0.0,0.0,4697.52978515625,,387.69158935546875
2021-11-08 05:00:00+00:00,302.6767705280043,303.90826630355247,299.0885421953199,302.8096618652344,1733000,0.0,0.0,4701.7001953125,,387.1662902832031
2021-11-09 05:00:00+00:00,302.455280417773,303.00458264504016,298.6632943246674,299.6112976074219,1769200,0.0,0.0,4685.25,,384.5012512207031
2021-11-10 05:00:00+00:00,300.14290541134096,301.8528643438094,299.0177225298415,299.1329040527344,1268700,0.0,0.0,4646.7099609375,,378.85028076171875
2021-11-11 05:00:00+00:00,298.6987816340889,298.7607795755317,295.2966006608017,297.59130859375,1216500,0.0,0.0,4649.27001953125,,379.90069580078125
2021-11-12 05:00:00+00:00,297.35201296092833,301.57814647536594,296.8292890432127,300.3997802734375,1097400,0.0,0.0,4682.85009765625,,383.8982849121094
2021-11-15 05:00:00+00:00,300.8339165271861,302.69447633741584,300.72760345881494,302.0477294921875,1068600,0.0,0.0,4682.7998046875,,383.8106689453125
2021-11-16 05:00:00+00:00,302.90712910333565,304.4575911034497,301.01999102855956,301.5604248046875,1307500,0.0,0.0,4700.89990234375,,386.5437927246094
2021-11-17 05:00:00+00:00,300.7718796771289,304.3777902897125,300.7718796771289,302.99566650390625,1751000,0.0,0.0,4688.669921875,,386.74810791015625
2021-11-18 05:00:00+00:00,303.64250910768095,303.98802661347156,301.41869473908696,303.0754699707031,1431300,0.0,0.0,4704.5400390625,,390.7552795410156
2021-11-19 05:00:00+00:00,302.0122771831006,303.8905467905508,300.65673151071167,302.5084228515625,1426500,0.0,0.0,4697.9599609375,,392.9339599609375
2021-11-22 05:00:00+00:00,302.76540664217225,307.9572270584189,302.5439120434331,305.64483642578125,1229400,0.0,0.0,4682.93994140625,,388.372314453125
2021-11-23 05:00:00+00:00,305.6448115249893,308.4001911306252,305.37016040796163,305.8219909667969,1212700,0.0,0.0,4690.7001953125,,386.6021728515625
2021-11-24 05:00:00+00:00,305.5384701121159,307.43447669297376,303.93485151775906,304.4044189453125,1134500,0.0,0.0,4701.4599609375,,387.8471374511719
2021-11-26 05:00:00+00:00,300.6036176793502,304.0943747241318,299.53156435242823,303.64251708984375,1079900,0.0,0.0,4594.6201171875,,380.49395751953125
2021-11-29 05:00:00+00:00,304.77656863950705,305.3081610854148,300.52388314807524,302.3224182128906,1492300,0.0,0.0,4655.27001953125,,388.7516784667969
2021-11-30 05:00:00+00:00,301.2235476366093,302.2597611986194,297.49844030291433,297.75750732421875,2763200,2.8,0.0,4567.0,,383.0423583984375
2021-12-01 05:00:00+00:00,299.2583597875682,300.10701380205876,293.18387264279414,293.3804016113281,2248300,0.0,0.0,4513.0400390625,,376.52569580078125
2021-12-02 05:00:00+00:00,294.79174543503547,298.28458423567366,293.29990854636344,295.26519775390625,1804100,0.0,0.0,4577.10009765625,,379.23931884765625
2021-12-03 05:00:00+00:00,295.9977206062312,298.70444375574385,295.0954704691914,298.19525146484375,1603200,0.0,0.0,4538.43017578125,,372.6448974609375
2021-12-06 05:00:00+00:00,301.26831983833836,305.87779540140247,301.26831983833836,303.6891784667969,1946900,0.0,0.0,4591.669921875,,375.630859375
2021-12-07 05:00:00+00:00,303.7248323566755,305.6096998483766,302.65285145547983,302.9833984375,1540700,0.0,0.0,4686.75,,386.94256591796875
2021-12-08 05:00:00+00:00,303.46580800739315,305.8509535804375,302.8494229917169,304.68963623046875,1376900,0.0,0.0,4701.2099609375,,388.673828125
2021-12-09 05:00:00+00:00,303.6712534326956,308.2896424992291,302.17941644026354,306.9407653808594,1591500,0.0,0.0,4667.4501953125,,382.95477294921875
2021-12-10 05:00:00+00:00,308.94179701084647,310.1924234125468,307.83410323528494,308.084228515625,1180700,0.0,0.0,4712.02001953125,,387.11761474609375
2021-12-13 05:00:00+00:00,307.655379109802,309.79931361958614,305.07373224813546,308.68267822265625,1740700,0.0,0.0,4668.97021484375,,381.5250244140625
2021-12-14 05:00:00+00:00,307.07478698000307,311.22866591882854,307.07478698000307,308.7631530761719,1786000,0.0,0.0,4634.08984375,,377.57611083984375
2021-12-15 05:00:00+00:00,308.5398196159021,308.76314672911496,303.72487396946025,307.6733093261719,1208900,0.0,0.0,4709.85009765625,,386.1838684082031
2021-12-16 05:00:00+00:00,308.7899537352428,310.8356105224956,307.0033367783757,308.0484924316406,1185900,0.0,0.0,4668.669921875,,376.2533264160156
2021-12-17 05:00:00+00:00,308.68272819729793,310.12096899742505,306.3333498415507,307.4231872558594,2749500,0.0,0.0,4620.64013671875,,374.3761291503906
2021-12-20 05:00:00+00:00,304.61819844999076,304.7879292458918,297.8469320162116,301.420166015625,2315400,0.0,0.0,4568.02001953125,,370.74462890625
2021-12-21 05:00:00+00:00,302.62607243507136,306.74423827497725,302.51887979049394,304.4126892089844,2352400,0.0,0.0,4649.22998046875,,379.0419921875
2021-12-22 05:00:00+00:00,304.761085810259,307.6107416824145,304.6449513606714,306.52984619140625,1311400,0.0,0.0,4696.56005859375,,383.6581726074219
2021-12-23 05:00:00+00:00,307.10159978353676,311.1572280694381,307.10159978353676,309.99591064453125,1061200,0.0,0.0,4725.7900390625,,386.55059814453125
2021-12-27 05:00:00+00:00,310.0673667420966,313.3815334401193,309.9780304452658,312.9080810546875,965900,0.0,0.0,4791.18994140625,,392.93914794921875
2021-12-28 05:00:00+00:00,312.7115328769749,317.276352926707,312.2202241670327,316.0078430175781,827500,0.0,0.0,4786.35009765625,,391.11798095703125
2021-12-29 05:00:00+00:00,315.7309171113357,317.571130199637,315.0609358239947,316.47235107421875,771700,0.0,0.0,4793.06005859375,,391.0596008300781
2021-12-30 05:00:00+00:00,317.1244975340729,319.6525484347994,315.7934766765888,315.8559875488281,778500,0.0,0.0,4778.72998046875,,389.8909912109375
2021-12-31 05:00:00+00:00,315.4897206840861,318.964675975446,314.05148007038787,317.49072265625,887200,0.0,0.0,4766.18017578125,,387.4563293457031
2022-01-03 05:00:00+00:00,316.83859959028655,318.5448218131686,315.3646462625258,316.552734375,1205700,0.0,0.0,4796.56005859375,,391.18621826171875
2022-01-04 05:00:00+00:00,317.5978885454797,324.75329652096923,317.3120233559319,323.36865234375,1361100,0.0,0.0,4793.5400390625,,386.1122741699219
2022-01-05 05:00:00+00:00,324.2709394853169,325.1642478585547,319.68826316874976,319.9294738769531,1682200,0.0,0.0,4700.580078125,,374.2505798339844
2022-01-06 05:00:00+00:00,321.5910603613827,322.6987541789116,319.4024436292785,319.804443359375,1368800,0.0,0.0,4696.0498046875,,373.987548828125
2022-01-07 05:00:00+00:00,320.7691325738426,324.261971300467,319.9383623970972,321.716064453125,1634600,0.0,0.0,4677.02978515625,,369.93621826171875
2022-01-10 05:00:00+00:00,324.2709356046757,330.0416999934812,322.8505785796184,324.4942626953125,2389900,0.0,0.0,4670.2900390625,,370.1797790527344
2022-01-11 05:00:00+00:00,325.1732027031688,326.0933092740292,322.72551912446875,325.2893371582031,1128000,0.0,0.0,4713.06982421875,,375.7405090332031
2022-01-12 05:00:00+00:00,324.61038541180034,327.0937814794593,321.0996902166634,322.7522888183594,1477100,0.0,0.0,4726.35009765625,,377.2305908203125
2022-01-13 05:00:00+00:00,323.4312354398467,328.16575903056344,321.69821497193715,326.2183532714844,1244000,0.0,0.0,4659.02978515625,,367.7937316894531
2022-01-14 05:00:00+00:00,326.2183763924636,333.1951132737077,325.1374807907301,332.8645935058594,2165000,0.0,0.0,4662.85009765625,,370.08233642578125
2022-01-18 05:00:00+00:00,330.92608843958385,337.0988251343915,329.5057041759707,336.3663330078125,2471600,0.0,0.0,4577.10986328125,,360.8694763183594
2022-01-19 05:00:00+00:00,335.43733996832344,340.75253641973654,334.2581662117998,337.07208251953125,3336700,0.0,0.0,4532.759765625,,356.90582275390625
2022-01-20 05:00:00+00:00,336.78614380139624,340.484425689715,334.1062191170827,335.1067199707031,2109100,0.0,0.0,4482.72998046875,,352.2701721191406
2022-01-21 05:00:00+00:00,334.0973525508567,336.8666141339478,330.2382535935792,331.5960998535156,2795400,0.0,0.0,4397.93994140625,,342.5021667480469
2022-01-24 05:00:00+00:00,330.12213539352246,334.57976321305205,326.36131435429274,333.49884033203125,3022300,0.0,0.0,4410.1298828125,,344.0700988769531
2022-01-25 05:00:00+00:00,337.53666194383663,346.603738834742,331.2209635619726,345.8623046875,3182400,0.0,0.0,4356.4501953125,,336.0940856933594
2022-01-26 05:00:00+00:00,346.6036146841317,351.63294469204953,342.7623999621198,349.4979248046875,3640500,0.0,0.0,4349.93017578125,,335.56817626953125
2022-01-27 05:00:00+00:00,347.84546272062835,353.3929017147512,343.69155575557136,347.5685119628906,2566200,0.0,0.0,4326.509765625,,332.1888122558594
2022-01-28 05:00:00+00:00,347.58627478526364,351.36495155340555,343.72717627764047,351.20416259765625,2145100,0.0,0.0,4431.85009765625,,342.60931396484375
2022-01-31 05:00:00+00:00,348.8369569019306,349.27466932772074,343.6378950731792,347.6131286621094,2363400,0.0,0.0,4515.5498046875,,353.5654296875
2022-02-01 05:00:00+00:00,348.5867809320987,348.84584798350784,345.00460577108,345.7192687988281,1951100,0.0,0.0,4546.5400390625,,355.9708557128906
2022-02-02 05:00:00+00:00,344.91525904867484,346.9162882042167,343.93264171536396,346.0140380859375,1620600,0.0,0.0,4589.3798828125,,358.86328125
2022-02-03 05:00:00+00:00,346.764407362329,350.3287259967777,345.1654051428564,348.12225341796875,1649000,0.0,0.0,4477.43994140625,,344.3136291503906
2022-02-04 05:00:00+00:00,346.60362945436685,350.9272384679203,344.20956969061194,347.7917175292969,1645800,0.0,0.0,4500.52978515625,,348.65704345703125
2022-02-07 05:00:00+00:00,350.17683876499405,353.374870348405,346.87158729037645,350.4805603027344,1243000,0.0,0.0,4483.8701171875,,345.8523864746094
2022-02-08 05:00:00+00:00,353.4643139414009,354.50055511150464,348.92631858698655,353.7859191894531,1311400,0.0,0.0,4521.5400390625,,349.73809814453125
2022-02-09 05:00:00+00:00,353.3035219205762,355.19733163323554,351.68663566995974,352.4459533691406,1541900,0.0,0.0,4587.18017578125,,357.14935302734375
2022-02-10 05:00:00+00:00,351.1060148907081,353.44647902827614,342.9679594819303,344.30792236328125,2301100,0.0,0.0,4504.080078125,,349.0660705566406
2022-02-11 05:00:00+00:00,345.4959988746544,356.2960952023014,344.23643063761614,353.9198913574219,3276400,0.0,0.0,4418.64013671875,,337.9931640625
2022-02-14 05:00:00+00:00,351.9456329616397,353.32130818999366,342.84281870935564,345.68353271484375,2799800,0.0,0.0,4401.669921875,,338.4118957519531
2022-02-15 05:00:00+00:00,341.1634147113729,345.9783328169248,337.95644082304375,341.4403381347656,2418600,0.0,0.0,4471.06982421875,,346.8262023925781
2022-02-16 05:00:00+00:00,342.0031746070251,347.23794948343755,341.2438569076567,345.6210632324219,1776800,0.0,0.0,4475.009765625,,346.7385559082031
2022-02-17 05:00:00+00:00,344.92427236005943,349.90000722912066,344.6116089339137,347.2915344238281,1248800,0.0,0.0,4380.259765625,,336.42523193359375
2022-02-18 05:00:00+00:00,347.6220536065304,349.3550468704316,344.557984989812,345.22796630859375,1459900,0.0,0.0,4348.8701171875,,332.5881042480469
2022-02-22 05:00:00+00:00,349.5247805730523,351.4454155122315,343.9862846484714,344.9957275390625,1680900,0.0,0.0,4304.759765625,,329.2477111816406
2022-02-23 05:00:00+00:00,347.6488645396462,348.64042384229526,343.4771020463414,347.40765380859375,1839500,0.0,0.0,4225.5,,320.8139953613281
2022-02-24 05:00:00+00:00,355.7421515349414,356.4121327174002,346.08549160603,353.4909973144531,4140900,0.0,0.0,4288.7001953125,,331.5947265625
2022-02-25 05:00:00+00:00,353.06228323779396,370.231671508386,353.0533414302186,365.80084228515625,3376300,0.0,0.0,4384.64990234375,,336.7367858886719
2022-02-28 05:00:00+00:00,372.20503879666353,390.27516255028456,371.92620876838004,390.1852111816406,5808600,2.8,0.0,4373.93994140625,,337.7398986816406
2022-03-01 05:00:00+00:00,391.2645530108013,412.4288161251146,391.2645530108013,410.70184326171875,5719300,0.0,0.0,4306.259765625,,332.56866455078125
2022-03-02 05:00:00+00:00,400.5919105834265,406.1595620455924,386.1196236199099,404.75640869140625,5003400,0.0,0.0,4386.5400390625,,338.14898681640625
2022-03-03 05:00:00+00:00,400.00732647237504,410.0632694655948,393.45926737803376,402.795654296875,4603500,0.0,0.0,4363.490234375,,333.3185119628906
2022-03-04 05:00:00+00:00,404.80132456317176,416.1435115758263,398.52312121729176,412.0869445800781,3320300,0.0,0.0,4328.8701171875,,328.4881286621094
2022-03-07 05:00:00+00:00,416.45839816856943,431.7311899393754,416.4493947974321,419.2826843261719,5210100,0.0,0.0,4201.08984375,,316.3731689453125
2022-03-08 05:00:00+00:00,417.1509950873135,420.9467122659746,403.28132851572815,403.8479919433594,4133700,0.0,0.0,4170.7001953125,,314.902587890625
2022-03-09 05:00:00+00:00,393.5131749876918,409.919292630831,388.95291286343087,403.6051025390625,3477300,0.0,0.0,4277.8798828125,,326.2384948730469
2022-03-10 05:00:00+00:00,405.3230645868445,411.01662588649987,397.77659317485416,399.6834411621094,3049600,0.0,0.0,4259.52001953125,,322.6156005859375
2022-03-11 05:00:00+00:00,397.56076667350413,403.5781478944387,394.51158834167785,394.89837646484375,2649100,0.0,0.0,4204.31005859375,,315.92510986328125
2022-03-14 04:00:00+00:00,404.25269413533476,404.5585067796072,395.0512223486832,399.764404296875,2475700,0.0,0.0,4173.10986328125,,309.8579406738281
2022-03-15 04:00:00+00:00,400.0342599373596,405.13420288373084,396.0136784191065,403.5601501464844,1778700,0.0,0.0,4262.4501953125,,319.5771179199219
2022-03-16 04:00:00+00:00,391.30950722149345,392.9645354304137,370.0013278362911,378.9779357910156,5815500,0.0,0.0,4357.85986328125,,331.42919921875
2022-03-17 04:00:00+00:00,384.12285264415624,388.3682990539002,382.0900670797429,385.4990234375,2947700,0.0,0.0,4411.669921875,,335.4415588378906
2022-03-18 04:00:00+00:00,390.9677217899129,393.5041744402772,379.3017414548932,383.331298828125,5215700,0.0,0.0,4463.1201171875,,342.30743408203125
2022-03-21 04:00:00+00:00,388.23334571227264,402.89451088694943,388.23334571227264,395.7618103027344,3245200,0.0,0.0,4461.18017578125,,341.355712890625
2022-03-22 04:00:00+00:00,395.2672032045867,399.21581328836527,390.53604086271855,396.2925720214844,2113800,0.0,0.0,4511.60986328125,,348.0643005371094
2022-03-23 04:00:00+00:00,399.3596549186728,402.5077603065452,397.8755535828216,400.4839782714844,1715100,0.0,0.0,4456.240234375,,343.0621032714844
2022-03-24 04:00:00+00:00,400.5289573282912,406.10561237607766,398.66709863800315,404.5135803222656,1375400,0.0,0.0,4520.16015625,,350.6872253417969
2022-03-25 04:00:00+00:00,404.78345251629827,411.5293936804585,404.75646984961384,408.0484924316406,1646300,0.0,0.0,4543.06005859375,,350.394775390625
2022-03-28 04:00:00+00:00,404.14485907192153,405.1702278923621,398.73910257286417,400.2412109375,1676200,0.0,0.0,4575.52001953125,,355.81622314453125
2022-03-29 04:00:00+00:00,389.6905110715318,394.0708708779545,386.1556447026164,393.1983947753906,2451100,0.0,0.0,4631.60009765625,,361.9396667480469
2022-03-30 04:00:00+00:00,395.1502013898187,402.11200292145566,395.14119801907157,401.1136169433594,1719500,0.0,0.0,4602.4501953125,,357.94183349609375
2022-03-31 04:00:00+00:00,397.52475179536935,403.74001458791633,396.66127914561844,397.02105712890625,1660700,0.0,0.0,4530.41015625,,353.5052795410156
2022-04-01 04:00:00+00:00,397.75868156139217,403.84800790762245,394.70052705492634,401.1406555175781,1174200,0.0,0.0,4545.85986328125,,352.83245849609375
2022-04-04 04:00:00+00:00,402.4898365348165,402.9575452323545,395.35710733920996,399.36871337890625,1166300,0.0,0.0,4582.64013671875,,360.09674072265625
2022-04-05 04:00:00+00:00,400.2590558547297,409.08274205863967,398.8019373915954,402.2738342285156,2240200,0.0,0.0,4525.1201171875,,352.1011047363281
2022-04-06 04:00:00+00:00,401.5004307397479,411.55637371634214,401.5004307397479,408.8759765625,1941400,0.0,0.0,4481.14990234375,,344.4565734863281
2022-04-07 04:00:00+00:00,407.4548237452727,420.4070245731425,405.4670275448148,418.7070617675781,2032700,0.0,0.0,4500.2099609375,,345.2756042480469
2022-04-08 04:00:00+00:00,420.694849838841,424.17575082758015,413.4002250647151,415.1181945800781,1710700,0.0,0.0,4488.27978515625,,340.4489440917969
2022-04-11 04:00:00+00:00,417.15998712382657,426.74822082549065,415.7208476140413,417.57373046875,1911200,0.0,0.0,4412.52978515625,,332.394775390625
2022-04-12 04:00:00+00:00,419.32771421844285,424.31069633384186,414.9923161042033,420.5419616699219,1502300,0.0,0.0,4397.4501953125,,330.9906005859375
2022-04-13 04:00:00+00:00,423.64507749171383,426.89211045138825,419.3726483662666,422.0170593261719,1212400,0.0,0.0,4446.58984375,,337.71875
2022-04-14 04:00:00+00:00,424.46359950327906,426.1006210835916,419.1837808150275,420.6408996582031,1965200,0.0,0.0,4392.58984375,,329.99609375
2022-04-18 04:00:00+00:00,420.0472596136834,424.51757094780123,412.9505165057862,420.4430236816406,1638900,0.0,0.0,4391.68994140625,,330.2496337890625
2022-04-19 04:00:00+00:00,415.99069732490744,427.69266525693456,412.3388967428431,413.6611022949219,2044000,0.0,0.0,4462.2099609375,,337.63092041015625
2022-04-20 04:00:00+00:00,413.64309103311376,414.9742724049118,407.2569284693368,408.2373352050781,1636200,0.0,0.0,4459.4501953125,,332.706787109375
2022-04-21 04:00:00+00:00,409.253707270514,410.10820401266733,394.7274547990142,395.34808349609375,1937600,0.0,0.0,4393.66015625,,325.82275390625
2022-04-22 04:00:00+00:00,396.5623237832513,405.5658858956591,394.3136772353165,400.96966552734375,1451700,0.0,0.0,4271.77978515625,,317.2908020019531
2022-04-25 04:00:00+00:00,398.4601638436065,400.09718510005064,389.7084216950458,398.3612365722656,1499800,0.0,0.0,4296.1201171875,,321.36663818359375
2022-04-26 04:00:00+00:00,402.0939986419723,406.84313916946684,398.62207401335536,401.239501953125,1440400,0.0,0.0,4175.2001953125,,309.23663330078125
2022-04-27 04:00:00+00:00,401.36553450556977,406.5554022140297,395.10528111505704,400.2412109375,1017500,0.0,0.0,4183.9599609375,,308.8660888671875
2022-04-28 04:00:00+00:00,403.8569578746041,403.8569578746041,393.5311620765963,397.2998962402344,1348800,0.0,0.0,4287.5,,319.83575439453125
2022-04-29 04:00:00+00:00,399.74640618847667,400.2681075835535,387.10902297899446,388.674072265625,1479500,0.0,0.0,4131.93017578125,,305.443603515625
2022-05-02 04:00:00+00:00,386.4074816979652,393.50419691055214,383.3043380531651,387.4958190917969,1397100,0.0,0.0,4155.3798828125,,310.543212890625
2022-05-03 04:00:00+00:00,390.7069340673898,393.6031926209426,387.6307727666874,391.0577087402344,1332000,0.0,0.0,4175.47998046875,,310.8748474121094
2022-05-04 04:00:00+00:00,393.0904654456584,401.14960834500994,391.16563795007346,400.92474365234375,1172600,0.0,0.0,4300.169921875,,321.3861389160156
2022-05-05 04:00:00+00:00,400.92474876037966,402.48082233520427,394.51160325194365,398.59515380859375,1183800,0.0,0.0,4146.8701171875,,305.1998291015625
2022-05-06 04:00:00+00:00,397.13802518274014,404.3786572206163,395.6809063835097,404.2437438964844,1409800,0.0,0.0,4123.33984375,,301.5433044433594
2022-05-09 04:00:00+00:00,402.0850447149047,403.65909753053796,393.1714051907452,394.7184753417969,1354500,0.0,0.0,3991.239990234375,,289.74481201171875
2022-05-10 04:00:00+00:00,395.7078684437102,401.6083154057998,393.5131869877657,394.97930908203125,978500,0.0,0.0,4001.050048828125,,293.26483154296875
2022-05-11 04:00:00+00:00,393.51321740058364,400.25015489870447,392.72168927998075,396.1306457519531,1018200,0.0,0.0,3935.179931640625,,284.56707763671875
2022-05-12 04:00:00+00:00,395.09623614707345,396.9491188675078,385.28313846592977,390.895751953125,1390200,0.0,0.0,3930.080078125,,283.894287109375
2022-05-13 04:00:00+00:00,391.58835237970476,393.7020859544954,385.86780784466606,391.41748046875,1114700,0.0,0.0,4023.889892578125,,294.4154357910156
2022-05-16 04:00:00+00:00,391.26455766284516,396.09464677589807,388.7100980975374,393.55816650390625,1004700,0.0,0.0,4008.010009765625,,291.00274658203125
2022-05-17 04:00:00+00:00,395.5908969197245,397.75859550676415,387.9005366313079,396.6612548828125,798100,0.0,0.0,4088.85009765625,,298.5400390625
2022-05-18 04:00:00+00:00,396.6613285085678,397.62375600684106,389.55560951947695,390.66192626953125,986900,0.0,0.0,3923.679931640625,,283.88458251953125
2022-05-19 04:00:00+00:00,387.53181596051195,389.4566434517743,377.13407479092126,382.82763671875,1539800,0.0,0.0,3900.7900390625,,282.3633728027344
2022-05-20 04:00:00+00:00,384.9683538862012,384.9683538862012,375.3351581371435,381.50543212890625,1632500,0.0,0.0,3901.360107421875,,281.48583984375
2022-05-23 04:00:00+00:00,384.4646437135931,391.8491922388588,384.4646437135931,389.49261474609375,1038200,0.0,0.0,3973.75,,286.166259765625
2022-05-24 04:00:00+00:00,389.4656239586216,398.73904112298555,389.4656239586216,398.2623291015625,1034100,0.0,0.0,3941.47998046875,,280.0817565917969
2022-05-25 04:00:00+00:00,398.8919922498258,403.5241995073169,396.931151235107,402.5437927246094,1032200,0.0,0.0,3978.72998046875,,284.0016174316406
2022-05-26 04:00:00+00:00,404.756376408949,408.4081761868281,402.75057381744165,402.9484558105469,1143100,0.0,0.0,4057.840087890625,,291.8704528808594
2022-05-27 04:00:00+00:00,405.78180272520893,406.07861201239535,399.77339787165164,405.2601013183594,1265800,0.0,0.0,4158.240234375,,301.3970031738281
2022-05-31 04:00:00+00:00,400.95197768280246,402.762144624937,396.79764786511834,398.3362731933594,2539100,2.8,0.0,4132.14990234375,,300.597412109375
2022-06-01 04:00:00+00:00,400.9790898568595,401.72126485956176,395.0598368012549,397.6031188964844,1199000,0.0,0.0,4101.22998046875,,298.374267578125
2022-06-02 04:00:00+00:00,399.82962876336086,400.5355926701609,389.58407863209794,399.2413024902344,1210000,0.0,0.0,4176.81982421875,,306.54541015625
2022-06-03 04:00:00+00:00,398.23664941273535,404.1920853348259,397.47638276018864,400.67132568359375,928000,0.0,0.0,4108.5400390625,,298.5693054199219
2022-06-06 04:00:00+00:00,401.69414661400754,403.6672219217258,399.6486491619766,401.32305908203125,690000,0.0,0.0,4121.43017578125,,299.5638427734375
2022-06-07 04:00:00+00:00,400.0468512720473,413.3244365206532,399.5037957235056,412.9895324707031,1126000,0.0,0.0,4160.68017578125,,302.1478576660156
2022-06-08 04:00:00+00:00,409.09772266506735,411.48715625019616,400.8705173534195,401.32305908203125,1151600,0.0,0.0,4115.77001953125,,299.9734191894531
2022-06-09 04:00:00+00:00,401.3320776083179,401.44971524409374,391.4485551155344,391.6476745605469,995100,0.0,0.0,4017.820068359375,,291.938720703125
2022-06-10 04:00:00+00:00,390.0909033512371,393.12293793859806,385.339216013432,389.3577880859375,1165700,0.0,0.0,3900.860107421875,,281.6418762207031
2022-06-13 04:00:00+00:00,384.1173763723554,387.701498780596,381.5107318496523,383.6919860839844,1483000,0.0,0.0,3749.6298828125,,268.54656982421875
2022-06-14 04:00:00+00:00,383.7643365232867,383.90009347911587,372.0887411449291,376.6684875488281,1497800,0.0,0.0,3735.47998046875,,269.03411865234375
2022-06-15 04:00:00+00:00,377.9265940236102,379.2299162317918,370.0614176562867,374.7950134277344,1241700,0.0,0.0,3789.989990234375,,275.7523498535156
2022-06-16 04:00:00+00:00,371.4734002812769,373.6999254944846,364.76672848442576,366.3687438964844,1580300,0.0,0.0,3666.77001953125,,264.62677001953125
2022-06-17 04:00:00+00:00,365.2644503730791,366.92074055167933,357.20015537742074,365.6626892089844,3757100,0.0,0.0,3674.840087890625,,267.84454345703125
2022-06-21 04:00:00+00:00,372.8943829983812,380.58759235635756,370.18819230998696,379.1937561035156,1474400,0.0,0.0,3764.7900390625,,274.60211181640625
2022-06-22 04:00:00+00:00,374.7588275637261,380.5151723071435,372.7042982047874,376.01690673828125,1073300,0.0,0.0,3759.889892578125,,274.2016296386719
2022-06-23 04:00:00+00:00,375.9444397946156,376.7590092271933,368.5318054783542,371.6452941894531,988700,0.0,0.0,3795.72998046875,,278.28521728515625
2022-06-24 04:00:00+00:00,376.369805392041,379.6643215927948,371.6995726312839,379.2660827636719,1768000,0.0,0.0,3911.739990234375,,287.8203125
2022-06-27 04:00:00+00:00,379.266147499352,383.022238004244,377.84515996293544,379.4562072753906,779000,0.0,0.0,3900.110107421875,,285.7100830078125
2022-06-28 04:00:00+00:00,382.85023638411195,386.97741402765473,379.5466878591247,380.777587890625,953300,0.0,0.0,3821.550048828125,,277.00543212890625
2022-06-29 04:00:00+00:00,382.90455312935904,384.1264211546312,376.9038462046936,379.13037109375,733800,0.0,0.0,3818.830078125,,277.2594299316406
2022-06-30 04:00:00+00:00,378.46968493190354,389.47550259611063,377.31117926308985,389.149658203125,1269500,0.0,0.0,3785.3798828125,,273.82061767578125
2022-07-01 04:00:00+00:00,388.95052056793764,393.67505688826105,384.1898007997155,392.3717346191406,1296900,0.0,0.0,3825.330078125,,275.62799072265625
2022-07-05 04:00:00+00:00,384.4703484922984,385.3573124621586,368.55896837254204,375.8358459472656,1712800,0.0,0.0,3831.389892578125,,280.3465881347656
2022-07-06 04:00:00+00:00,377.3292246810528,387.24892997920745,375.8629941449419,385.4659423828125,1044900,0.0,0.0,3845.080078125,,282.1441345214844
2022-07-07 04:00:00+00:00,384.1898056704316,387.3756892459204,379.7277235850906,382.1171569824219,1177100,0.0,0.0,3902.6201171875,,288.18170166015625
2022-07-08 04:00:00+00:00,385.14919780018664,386.44346043325976,380.107876632761,380.4518127441406,682000,0.0,0.0,3899.3798828125,,288.5431823730469
2022-07-11 04:00:00+00:00,378.23434471946496,382.85027555172604,375.9535445107851,379.2933044433594,602600,0.0,0.0,3854.429931640625,,282.378662109375
2022-07-12 04:00:00+00:00,379.65533202584845,380.0354792041872,373.4374135343198,374.6954650878906,680500,0.0,0.0,3818.800048828125,,279.6431884765625
2022-07-13 04:00:00+00:00,370.2786466230857,378.116671972189,369.0296547660563,369.2740173339844,1155500,0.0,0.0,3801.780029296875,,279.06671142578125
2022-07-14 04:00:00+00:00,364.9205789424299,366.8936541291143,359.78874390155266,362.3139343261719,1160700,0.0,0.0,3790.3798828125,,280.06329345703125
2022-07-15 04:00:00+00:00,365.39122116589135,365.39122116589135,360.05123449145304,360.567138671875,1223200,0.0,0.0,3863.159912109375,,285.1434020996094
2022-07-18 04:00:00+00:00,362.00616972249526,362.03332111674104,350.2943895746927,350.5206604003906,2759700,0.0,0.0,3830.85009765625,,282.7303466796875
2022-07-19 04:00:00+00:00,342.8637147140687,353.49844511372874,338.2025405311746,353.32647705078125,3023800,0.0,0.0,3936.68994140625,,291.42523193359375
2022-07-20 04:00:00+00:00,353.57991384663103,359.7525897784532,349.0635561426776,357.70709228515625,1560300,0.0,0.0,3959.89990234375,,296.0462341308594
2022-07-21 04:00:00+00:00,356.89248704550096,358.00572193177607,352.6567034322161,357.68896484375,941000,0.0,0.0,3998.949951171875,,300.29608154296875
2022-07-22 04:00:00+00:00,361.9880870199425,363.8163453935962,356.1140774562095,357.2725830078125,769400,0.0,0.0,3961.6298828125,,295.0301818847656
2022-07-25 04:00:00+00:00,356.93772929927485,365.40932412621765,356.2679764346256,361.8523254394531,1038300,0.0,0.0,3966.840087890625,,293.349853515625
2022-07-26 04:00:00+00:00,362.19630615596003,364.7305565128258,358.92896799927115,359.14617919921875,992400,0.0,0.0,3921.050048828125,,287.58587646484375
2022-07-27 04:00:00+00:00,360.0331320326935,361.3545460577353,356.6028582260431,360.7119445800781,838600,0.0,0.0,4023.610107421875,,299.7391052246094
2022-07-28 04:00:00+00:00,361.2640035536773,368.1607340689947,358.5397215283971,367.5362243652344,1014600,0.0,0.0,4072.429931640625,,302.6700439453125
2022-07-29 04:00:00+00:00,367.90731511312174,374.8402567569207,363.8434997875326,374.53253173828125,1493500,0.0,0.0,4130.2900390625,,308.1897277832031
2022-08-01 04:00:00+00:00,378.542073447394,387.8282379963501,377.09396210006304,379.4833679199219,1721900,0.0,0.0,4118.6298828125,,308.0041198730469
2022-08-02 04:00:00+00:00,384.66954076205855,391.7563322957155,379.3204940517013,388.0816955566406,2453900,0.0,0.0,4091.18994140625,,307.0857849121094
2022-08-03 04:00:00+00:00,386.71492811636455,390.7787708785038,379.8091658020193,388.55224609375,1330500,0.0,0.0,4155.169921875,,315.4485778808594
2022-08-04 04:00:00+00:00,389.8284194051586,393.3944498076506,386.37102219998513,387.4933166503906,1126400,0.0,0.0,4151.93994140625,,316.92376708984375
2022-08-05 04:00:00+00:00,384.8957441716269,387.2308470002053,379.7096067685124,385.93658447265625,932500,0.0,0.0,4145.18994140625,,314.3348388671875
2022-08-08 04:00:00+00:00,386.92311760262265,388.6156189842457,381.6555260743026,383.62860107421875,814800,0.0,0.0,4140.06005859375,,313.31878662109375
2022-08-09 04:00:00+00:00,386.4253932035277,390.8874480196908,385.29403888172436,387.8735046386719,747400,0.0,0.0,4122.47021484375,,309.7723693847656
2022-08-10 04:00:00+00:00,389.24924099046444,391.22231625719166,385.87326982161295,389.17681884765625,1409300,0.0,0.0,4210.240234375,,318.4184265136719
2022-08-11 04:00:00+00:00,388.4979876924601,391.4395087266747,386.6516374534547,388.14501953125,949300,0.0,0.0,4207.27001953125,,316.6111145019531
2022-08-12 04:00:00+00:00,388.1902046538275,393.06861668283085,386.6425200132367,393.0233459472656,978000,0.0,0.0,4280.14990234375,,322.7757263183594
2022-08-15 04:00:00+00:00,391.6114675425426,398.20953307134033,389.05912579942543,396.4355773925781,884900,0.0,0.0,4297.14013671875,,325.3841857910156
2022-08-16 04:00:00+00:00,395.44903895822716,402.76210044911784,395.44903895822716,398.3815002441406,851100,0.0,0.0,4305.2001953125,,324.6221618652344
2022-08-17 04:00:00+00:00,394.73397326569983,403.20553946423223,393.71122474528545,399.67572021484375,996500,0.0,0.0,4274.0400390625,,320.91949462890625
2022-08-18 04:00:00+00:00,399.96538763768285,402.38194472124496,395.40375980698946,397.64837646484375,866500,0.0,0.0,4283.740234375,,321.6912841796875
2022-08-19 04:00:00+00:00,396.860956322057,399.06936190056086,394.65255074355315,398.2638244628906,1013600,0.0,0.0,4228.47998046875,,315.4192199707031
2022-08-22 04:00:00+00:00,396.8881448571923,399.7210604205049,390.85122620869674,391.2947082519531,1086700,0.0,0.0,4137.990234375,,307.1151123046875
2022-08-23 04:00:00+00:00,391.83776704414817,393.4669338086959,389.457393177632,392.0097351074219,915200,0.0,0.0,4128.72998046875,,306.86114501953125
2022-08-24 04:00:00+00:00,392.7970623364017,394.1185037399149,390.03656953196395,392.54364013671875,740200,0.0,0.0,4140.77001953125,,307.7502136230469
2022-08-25 04:00:00+00:00,392.5437463323366,397.18682897990567,391.385240588809,397.0058288574219,727600,0.0,0.0,4199.1201171875,,313.1917419433594
2022-08-26 04:00:00+00:00,398.59873149983963,400.75283445261,390.03665010507973,390.2086181640625,876200,0.0,0.0,4057.659912109375,,300.3546447753906
2022-08-29 04:00:00+00:00,387.0679816556134,392.71569340066253,385.99998984091957,388.896240234375,868100,0.0,0.0,4030.610107421875,,297.39447021484375
2022-08-30 04:00:00+00:00,388.6790057189358,389.5207266263817,383.76440963500033,384.7599792480469,976100,0.0,0.0,3986.159912109375,,294.0825500488281
2022-08-31 04:00:00+00:00,384.8055549270882,386.97394002847875,382.6736209831568,382.755615234375,909300,2.8,0.0,3955.0,,292.37286376953125
2022-09-01 04:00:00+00:00,381.0518912269261,385.91707808425605,380.6510119079773,385.0333251953125,948800,0.0,0.0,3966.85009765625,,292.4998779296875
2022-09-02 04:00:00+00:00,387.2016843444971,387.8394544375638,380.42321533808365,381.3525390625,869800,0.0,0.0,3924.260009765625,,288.3674011230469
2022-09-06 04:00:00+00:00,381.75345624192147,385.63465660362743,378.8106438293496,380.6328125,962500,0.0,0.0,3908.18994140625,,286.29620361328125
2022-09-07 04:00:00+00:00,378.41885754090765,383.4753641235939,375.6036104798573,382.782958984375,1255700,0.0,0.0,3979.8701171875,,292.07977294921875
2022-09-08 04:00:00+00:00,382.26367333622994,383.63029988244364,377.8904517058932,382.3365478515625,1112600,0.0,0.0,4006.179931640625,,293.5940856933594
2022-09-09 04:00:00+00:00,383.28403948208137,385.9535096903323,381.762516534408,384.0493469238281,1284600,0.0,0.0,4067.360107421875,,300.0126647949219
2022-09-12 04:00:00+00:00,383.56649695771887,384.01291937516004,380.3777018523697,381.4163513183594,1349700,0.0,0.0,4110.41015625,,303.5785827636719
2022-09-13 04:00:00+00:00,380.2137258967894,383.3842816258454,371.13930579285363,372.93414306640625,1621200,0.0,0.0,3932.68994140625,,286.93133544921875
2022-09-14 04:00:00+00:00,373.7176974795443,381.19769232256056,371.9957346856862,379.5850830078125,1004100,0.0,0.0,3946.010009765625,,289.20758056640625
2022-09-15 04:00:00+00:00,377.9451349451341,377.9451349451341,374.20971109378013,376.8153991699219,1189200,0.0,0.0,3901.35009765625,,284.39117431640625
2022-09-16 04:00:00+00:00,374.6834512176572,378.80154260515496,373.55371548393845,377.4531555175781,2023300,0.0,0.0,3873.330078125,,282.6522216796875
2022-09-19 04:00:00+00:00,377.1889102758122,380.50527056236325,376.03184319337464,379.4848327636719,695500,0.0,0.0,3899.889892578125,,284.8533020019531
2022-09-20 04:00:00+00:00,379.0110536793173,383.9400228821659,375.67648193786,383.1838073730469,1112100,0.0,0.0,3855.929931640625,,282.5826416015625
2022-09-21 04:00:00+00:00,389.9349733942179,395.2192791892449,382.6827499145184,382.837646484375,2106400,0.0,0.0,3789.929931640625,,277.5227966308594
2022-09-22 04:00:00+00:00,382.50053625548054,386.955752140834,376.27784228395393,384.55047607421875,1409900,0.0,0.0,3757.989990234375,,274.10711669921875
2022-09-23 04:00:00+00:00,382.4549508725393,382.66451026253424,371.33971174048696,376.3415832519531,1874600,0.0,0.0,3693.22998046875,,269.6441955566406
2022-09-26 04:00:00+00:00,375.0842300764362,375.5579838175635,370.3648209261654,371.4034423828125,1208300,0.0,0.0,3655.0400390625,,268.5284729003906
2022-09-27 04:00:00+00:00,372.8157160934335,373.8361260865401,362.9486573050495,364.19683837890625,1051900,0.0,0.0,3647.2900390625,,268.6361389160156
2022-09-28 04:00:00+00:00,361.8826606272487,366.33784797195113,356.32504136556526,364.4336853027344,1161500,0.0,0.0,3719.0400390625,,273.9798278808594
2022-09-29 04:00:00+00:00,363.50439708249417,363.89615662947836,351.57830781588166,355.13153076171875,1127700,0.0,0.0,3640.469970703125,,266.08172607421875
2022-09-30 04:00:00+00:00,347.6970930058775,355.23174987890616,347.6241906942838,351.9427490234375,1343700,0.0,0.0,3585.6201171875,,261.5697937011719
2022-10-03 04:00:00+00:00,355.0859951489014,367.01208560048735,354.4846761592307,364.19683837890625,1273800,0.0,0.0,3678.429931640625,,267.70635986328125
2022-10-04 04:00:00+00:00,367.2671137949155,371.5765517803128,364.278758932228,370.0003662109375,1060000,0.0,0.0,3790.929931640625,,276.1233215332031
2022-10-05 04:00:00+00:00,370.0004317742589,371.4126291218909,365.1443646884371,366.7205505371094,828400,0.0,0.0,3783.280029296875,,275.9764404296875
2022-10-06 04:00:00+00:00,365.9096574073125,367.7136142582622,362.68441132982736,364.078369140625,746700,0.0,0.0,3744.52001953125,,273.8037414550781
2022-10-07 04:00:00+00:00,363.12174594128305,368.68848531232373,360.79849216472803,368.0415954589844,1124700,0.0,0.0,3639.659912109375,,263.37066650390625
2022-10-10 04:00:00+00:00,371.3488342213234,381.4072123458727,370.03687064837845,373.5354309082031,1112500,0.0,0.0,3612.389892578125,,260.7379455566406
2022-10-11 04:00:00+00:00,369.5904351023893,379.1568195956643,369.5904351023893,374.5102844238281,1013600,0.0,0.0,3588.840087890625,,257.1558837890625
2022-10-12 04:00:00+00:00,370.7475225528096,372.5423597118971,361.8280273943979,362.0831298828125,921700,0.0,0.0,3577.030029296875,,257.06781005859375
2022-10-13 04:00:00+00:00,358.0561249515786,370.85684806803505,356.4343960321548,369.86376953125,1012700,0.0,0.0,3669.909912109375,,263.0965881347656
2022-10-14 04:00:00+00:00,368.3786698066779,369.33532491848666,353.5917907360654,354.7853088378906,1369100,0.0,0.0,3583.070068359375,,255.18858337402344
2022-10-17 04:00:00+00:00,358.0561389483445,364.98947730059365,357.28171171295685,361.98291015625,1617200,0.0,0.0,3677.949951171875,,263.61529541015625
2022-10-18 04:00:00+00:00,367.303617080111,396.78631845045277,365.83678475460505,393.442626953125,4588500,0.0,0.0,3719.97998046875,,265.699951171875
2022-10-19 04:00:00+00:00,395.38319099266846,407.77394103438183,392.0850708074357,400.840576171875,2623700,0.0,0.0,3695.159912109375,,264.7310485839844
2022-10-20 04:00:00+00:00,400.5308881317915,405.71496018638726,399.00939287316146,404.8312072753906,1781300,0.0,0.0,3665.780029296875,,263.38043212890625
2022-10-21 04:00:00+00:00,404.26629547882004,414.2608905899067,401.01371810609913,414.18798828125,1620200,0.0,0.0,3752.75,,269.5561828613281
2022-10-24 04:00:00+00:00,418.2605590185044,424.72926296716537,415.0535523624527,416.78460693359375,2013600,0.0,0.0,3797.340087890625,,272.52166748046875
2022-10-25 04:00:00+00:00,413.67779310493296,422.32400155495503,411.9831897437878,419.23541259765625,1537000,0.0,0.0,3859.110107421875,,278.158935546875
2022-10-26 04:00:00+00:00,421.07578294053656,428.7926669699945,419.51780899142324,421.43109130859375,1554600,0.0,0.0,3830.60009765625,,272.01263427734375
2022-10-27 04:00:00+00:00,423.271512205679,432.0179266403584,423.1075237122745,429.9679870605469,1513700,0.0,0.0,3807.300048828125,,267.06036376953125
2022-10-28 04:00:00+00:00,431.85393442437226,447.4699318125982,430.30508007800955,441.7574157714844,2045300,0.0,0.0,3901.06005859375,,275.232666015625
2022-10-31 04:00:00+00:00,437.73045682701945,444.8186914679789,436.80113305963,443.406494140625,1288200,0.0,0.0,3871.97998046875,,272.0322570800781
2022-11-01 04:00:00+00:00,442.81425722454037,447.48812366785927,440.8463119955596,442.4498291015625,1229700,0.0,0.0,3856.10009765625,,269.2527160644531
2022-11-02 04:00:00+00:00,441.45676454511704,445.41086680225857,438.6870606759549,439.197265625,1291800,0.0,0.0,3759.68994140625,,260.0234375
2022-11-03 04:00:00+00:00,437.11089128761125,446.4039619861891,435.99936736330363,441.7118835449219,1291100,0.0,0.0,3719.889892578125,,254.94395446777344
2022-11-04 04:00:00+00:00,442.0216245004968,443.24247402153776,430.5510774815271,438.8419494628906,1481100,0.0,0.0,3770.550048828125,,259.0447692871094
2022-11-07 05:00:00+00:00,439.57994284244467,446.3948352981839,438.1950769755658,445.18310546875,944800,0.0,0.0,3806.800048828125,,261.8927917480469
2022-11-08 05:00:00+00:00,445.410864042347,450.67692979414113,443.55224442286544,450.1849365234375,1221000,0.0,0.0,3828.110107421875,,263.8013000488281
2022-11-09 05:00:00+00:00,446.20351771105203,448.65433660233697,441.1834345256633,442.03985595703125,1383200,0.0,0.0,3748.570068359375,,257.7137451171875
2022-11-10 05:00:00+00:00,444.8459795515053,447.542780993283,437.04710103852,447.1327819824219,1601000,0.0,0.0,3956.3701171875,,276.7300109863281
2022-11-11 05:00:00+00:00,437.9946782294131,440.8099255132612,421.4767146394198,422.6155700683594,3061800,0.0,0.0,3992.929931640625,,281.82904052734375
2022-11-14 05:00:00+00:00,425.79525286620645,430.013577620892,418.5247901478512,420.9573974609375,2286700,0.0,0.0,3957.25,,279.3628234863281
2022-11-15 05:00:00+00:00,424.4194390510252,432.7558535010404,417.32208570474813,425.7040710449219,3272800,0.0,0.0,3991.72998046875,,283.2286682128906
2022-11-16 05:00:00+00:00,423.87288169811444,427.5354586454126,420.5474293217958,424.7839660644531,1022600,0.0,0.0,3958.7900390625,,279.3628234863281
2022-11-17 05:00:00+00:00,423.6542220244392,432.56462584001554,422.98002850390196,430.73333740234375,1401900,0.0,0.0,3946.56005859375,,278.7461853027344
2022-11-18 05:00:00+00:00,431.51685666439425,438.11309802581604,430.733309716973,434.4232177734375,2160300,0.0,0.0,3965.340087890625,,278.7559814453125
2022-11-21 05:00:00+00:00,435.9446818925066,440.928313715072,435.7078189008003,438.1768493652344,1730500,0.0,0.0,3949.93994140625,,275.8883361816406
2022-11-22 05:00:00+00:00,440.02639288556634,441.20169943748226,436.6644895376834,436.86492919921875,838400,0.0,0.0,4003.580078125,,279.8619384765625
2022-11-23 05:00:00+00:00,437.1199816685312,440.0445542008792,436.154234629138,438.2952880859375,1020200,0.0,0.0,4027.260009765625,,282.67083740234375
2022-11-25 05:00:00+00:00,441.2380246032379,441.4202525473871,438.61412571442105,440.47271728515625,321500,0.0,0.0,4026.1201171875,,280.811279296875
2022-11-28 05:00:00+00:00,437.4206284938985,442.09449495883666,437.3204225763516,440.2449951171875,939000,0.0,0.0,3963.93994140625,,276.69085693359375
2022-11-29 05:00:00+00:00,440.14479346302113,441.9669619080727,438.9057044622624,441.0558776855469,802600,0.0,0.0,3957.6298828125,,274.59649658203125
2022-11-30 05:00:00+00:00,440.0474051158629,445.5021705994292,437.9663576677216,444.805419921875,1470000,3.0,0.0,4080.110107421875,,287.1141357421875
2022-12-01 05:00:00+00:00,446.0246704610814,447.38149325842227,440.66161551607723,443.43023681640625,913600,0.0,0.0,4076.570068359375,,287.4665222167969
2022-12-02 05:00:00+00:00,441.70680328919707,457.42017809888154,441.70680328919707,454.92657470703125,1744400,0.0,0.0,4071.699951171875,,286.3214111328125
2022-12-05 05:00:00+00:00,450.0127125489084,453.7806336039516,447.6749715276701,449.8293762207031,1357200,0.0,0.0,3998.840087890625,,281.5159606933594
2022-12-06 05:00:00+00:00,450.42526930195766,450.42526930195766,442.064371729185,443.71453857421875,1076500,0.0,0.0,3941.260009765625,,275.68280029296875
2022-12-07 05:00:00+00:00,443.98950304680966,448.51832667739706,440.48748023702234,441.1475524902344,999800,0.0,0.0,3933.919921875,,274.55731201171875
2022-12-08 05:00:00+00:00,444.8696679013463,448.12417447252375,441.4684475047193,444.97967529296875,762200,0.0,0.0,3963.510009765625,,277.806640625
2022-12-09 05:00:00+00:00,445.2180305261707,449.5451370190485,442.9902689998402,443.3294677734375,856400,0.0,0.0,3934.3798828125,,276.03515625
2022-12-12 05:00:00+00:00,444.5854359006344,446.6206564090626,442.33934925746127,445.8414001464844,1129200,0.0,0.0,3990.56005859375,,279.4997253417969
2022-12-13 05:00:00+00:00,449.2151113041311,449.55431007504814,438.8281701222237,440.2491455078125,1730900,0.0,0.0,4019.64990234375,,282.5044250488281
2022-12-14 05:00:00+00:00,441.1383582125761,447.62904512795245,440.1757657048694,444.805419921875,1071800,0.0,0.0,3995.320068359375,,280.4100341796875
2022-12-15 05:00:00+00:00,440.9642153533009,444.72295958278227,435.5736296164548,438.93817138671875,1067300,0.0,0.0,3895.75,,270.9948425292969
2022-12-16 05:00:00+00:00,436.0412577436582,442.4402641801209,434.2444048738531,441.68853759765625,2590600,0.0,0.0,3852.360107421875,,268.4110412597656
2022-12-19 05:00:00+00:00,441.67936098821605,447.3633193025071,439.98333891238184,441.68853759765625,929700,0.0,0.0,3817.659912109375,,264.63885498046875
2022-12-20 05:00:00+00:00,442.6877034183318,450.5443900118415,441.7159342829401,445.6855163574219,1014300,0.0,0.0,3821.6201171875,,264.4328308105469
2022-12-21 05:00:00+00:00,447.27159613598684,449.7376977870813,445.2638772753937,447.06072998046875,988300,0.0,0.0,3878.43994140625,,268.268798828125
2022-12-22 05:00:00+00:00,446.0064855426392,446.2998572631381,434.50108790821986,439.40576171875,1520700,0.0,0.0,3822.389892578125,,261.70556640625
2022-12-23 05:00:00+00:00,439.589079892731,443.8795359391364,438.5439537397156,443.0636291503906,661600,0.0,0.0,3844.820068359375,,262.2940979003906
2022-12-27 05:00:00+00:00,444.6312778838263,448.51835474181615,443.25612960171134,445.08966064453125,788800,0.0,0.0,3829.25,,258.58575439453125
2022-12-28 05:00:00+00:00,445.68556703349464,448.2983544493981,442.70607899267554,442.99945068359375,810300,0.0,0.0,3783.219970703125,,255.17172241210938
2022-12-29 05:00:00+00:00,443.71455722035074,448.82094840543306,443.07281009950015,446.51068115234375,764000,0.0,0.0,3849.280029296875,,261.3915710449219
2022-12-30 05:00:00+00:00,447.38157832006715,449.0409216899834,441.1842343889106,445.99725341796875,910000,0.0,0.0,3839.5,,261.234619140625
2023-01-03 05:00:00+00:00,443.1553729749276,443.94377802607835,434.55610646882775,437.7831115722656,1657200,0.0,0.0,3824.139892578125,,259.46868896484375
2023-01-04 05:00:00+00:00,433.85931796767403,439.7724672482356,430.23808267531996,436.83880615234375,1391300,0.0,0.0,3852.969970703125,,260.7048034667969
2023-01-05 05:00:00+00:00,436.0962176753949,438.34230452031755,430.78813717382985,437.3613586425781,1210100,0.0,0.0,3808.10009765625,,256.62371826171875
2023-01-06 05:00:00+00:00,440.0474414088798,447.3815654323612,427.0018582302258,433.85009765625,1969200,0.0,0.0,3895.080078125,,263.7068786621094
2023-01-09 05:00:00+00:00,428.8538093536722,431.60410629152886,417.4033874110515,420.7862548828125,2377000,0.0,0.0,3892.090087890625,,265.4139099121094
2023-01-10 05:00:00+00:00,423.7107257066094,426.7268924170704,418.8702043730188,423.81158447265625,1003400,0.0,0.0,3919.25,,267.6604919433594
2023-01-11 05:00:00+00:00,424.8016010830521,426.80014304472354,422.6655498996989,424.46240234375,1056400,0.0,0.0,3969.610107421875,,272.2911071777344
2023-01-12 05:00:00+00:00,424.45329953833357,427.10276557241014,420.9696014218484,423.3073425292969,936600,0.0,0.0,3983.169921875,,273.7626647949219
2023-01-13 05:00:00+00:00,409.3357940476236,415.9456654414444,407.72227782154596,412.38861083984375,2208600,0.0,0.0,3999.090087890625,,275.6463317871094
2023-01-17 05:00:00+00:00,412.81948600332385,415.75314674132585,409.49165079949466,409.94085693359375,1753100,0.0,0.0,3990.969970703125,,276.20550537109375
2023-01-18 05:00:00+00:00,409.9408694695184,410.92181528139037,403.9727170370125,404.5411071777344,1645100,0.0,0.0,3928.860107421875,,272.6148376464844
2023-01-19 05:00:00+00:00,405.90714572163944,408.80412837288594,402.48759996417084,402.7442932128906,1469900,0.0,0.0,3898.85009765625,,269.93658447265625
2023-01-20 05:00:00+00:00,404.6052922287327,406.4479998812263,401.1949233668961,406.3838195800781,1410000,0.0,0.0,3972.610107421875,,277.32391357421875
2023-01-23 05:00:00+00:00,406.22799222688656,409.63836138335876,404.16526962363645,404.5503234863281,1739600,0.0,0.0,4019.81005859375,,283.48492431640625
2023-01-24 05:00:00+00:00,405.3662601099873,413.42460963887424,401.2591401252978,411.838623046875,2865000,0.0,0.0,4016.949951171875,,282.9060363769531
2023-01-25 05:00:00+00:00,410.71093659653343,417.87087278427157,407.8139543114589,416.35821533203125,2352500,0.0,0.0,4016.219970703125,,282.2781982421875
2023-01-26 05:00:00+00:00,417.44919736184613,425.1591989683019,415.13893027816164,421.5379638671875,2168900,0.0,0.0,4060.429931640625,,287.7818603515625
2023-01-27 05:00:00+00:00,422.5006257732996,427.8362088454811,419.3744793660875,421.34552001953125,1587700,0.0,0.0,4070.56005859375,,290.6465759277344
2023-01-30 05:00:00+00:00,423.54569457257,427.85450395509514,421.62048127447446,422.2530517578125,1642000,0.0,0.0,4017.77001953125,,284.77008056640625
2023-01-31 05:00:00+00:00,423.8023349255031,424.90246466640014,420.80452194887783,424.7007751464844,2062000,0.0,0.0,4076.60009765625,,289.0376281738281
2023-02-01 05:00:00+00:00,424.013239819901,426.5526702995737,421.5287850570919,423.7748718261719,1242500,0.0,0.0,4119.2099609375,,295.21826171875
2023-02-02 05:00:00+00:00,420.21779340991714,422.1063280821763,416.13820376361303,419.1360168457031,2104700,0.0,0.0,4179.759765625,,305.8136901855469
2023-02-03 05:00:00+00:00,421.0429316005683,424.09577674901556,417.0733488196574,420.8687438964844,1302900,0.0,0.0,4136.47998046875,,300.3785705566406
2023-02-06 05:00:00+00:00,424.9941543593474,430.66893525858205,424.23325127546366,430.0547180175781,1393500,0.0,0.0,4111.080078125,,297.8376770019531
2023-02-07 05:00:00+00:00,433.2175370294676,433.62091609808897,424.5999467022595,429.3487854003906,1334800,0.0,0.0,4164.0,,304.00848388671875
2023-02-08 05:00:00+00:00,426.2685036524183,432.14497452641115,424.75584600258384,430.5589599609375,865000,0.0,0.0,4117.85986328125,,298.6029357910156
2023-02-09 05:00:00+00:00,433.1075081350489,434.8585335556401,429.22960806798534,430.9622802734375,799000,0.0,0.0,4081.5,,295.9638977050781
2023-02-10 05:00:00+00:00,433.06166782439624,441.7525863863664,433.06166782439624,440.8083190917969,1436300,0.0,0.0,4090.4599609375,,294.0213928222656
2023-02-13 05:00:00+00:00,444.8055019645667,448.75675944693387,440.1391684360916,441.853515625,1203100,0.0,0.0,4137.2900390625,,298.73040771484375
2023-02-14 05:00:00+00:00,442.29352011879314,444.6312609182029,439.73573657796595,441.49591064453125,875600,0.0,0.0,4136.1298828125,,300.9378356933594
2023-02-15 05:00:00+00:00,440.808358355748,443.9437087846623,437.6638592961908,440.5150146484375,927100,0.0,0.0,4147.60009765625,,303.2432861328125
2023-02-16 05:00:00+00:00,437.29715864348475,437.82887034181414,427.30441994293136,432.0257568359375,1939500,0.0,0.0,4090.409912109375,,297.55316162109375
2023-02-17 05:00:00+00:00,432.5208224104193,436.0687005775995,431.6498839555072,436.04119873046875,1184200,0.0,0.0,4079.090087890625,,295.4537048339844
2023-02-21 05:00:00+00:00,440.5150384049041,442.247710805207,435.6470154066011,439.3049011230469,1379400,0.0,0.0,3997.340087890625,,288.4588317871094
2023-02-22 05:00:00+00:00,438.95647437047677,441.5784381744133,437.72801199260454,439.6165466308594,900300,0.0,0.0,3991.050048828125,,288.67474365234375
2023-02-23 05:00:00+00:00,440.04747716866837,442.88027944564584,435.94953391843654,439.20404052734375,917400,0.0,0.0,4012.320068359375,,291.1960144042969
2023-02-24 05:00:00+00:00,439.55242267608725,441.6976508029462,437.57220564111,440.4141845703125,1009300,0.0,0.0,3970.0400390625,,286.32012939453125
2023-02-27 05:00:00+00:00,440.5332778368642,443.80613703906783,437.47128474916553,439.579833984375,1149000,0.0,0.0,3982.239990234375,,288.3705749511719
2023-02-28 05:00:00+00:00,440.0872664720231,441.4618382428819,435.27161992865035,437.5226135253906,1155500,3.0,0.0,3970.14990234375,,287.9977111816406
2023-03-01 05:00:00+00:00,436.60930124816997,440.25333554078986,434.7826950635108,437.5871887207031,957700,0.0,0.0,3951.389892578125,,285.6824035644531
2023-03-02 05:00:00+00:00,436.34179862578753,442.05230802585453,436.33256424159543,441.2589111328125,835700,0.0,0.0,3981.35009765625,,288.04681396484375
2023-03-03 05:00:00+00:00,441.80320369269185,442.3936412071911,439.4784193249742,440.8714599609375,1060500,0.0,0.0,4045.639892578125,,294.0018005371094
2023-03-06 05:00:00+00:00,439.88434719185886,444.47856602469983,439.88434719185886,442.974853515625,905700,0.0,0.0,4048.419921875,,294.3352966308594
2023-03-07 05:00:00+00:00,444.2018515331886,447.5137581173804,440.9729699540273,441.58184814453125,1137900,0.0,0.0,3986.3701171875,,290.72503662109375
2023-03-08 05:00:00+00:00,443.77749679867094,449.8662506142501,439.7828932083401,442.3567810058594,1252900,0.0,0.0,3992.010009765625,,292.177001953125
2023-03-09 05:00:00+00:00,445.5856398523074,445.825508626187,437.84553623844766,438.989501953125,1035000,0.0,0.0,3918.320068359375,,287.1147766113281
2023-03-10 05:00:00+00:00,438.86028992619316,444.9398084467377,437.6702368660359,438.66656494140625,1335000,0.0,0.0,3861.590087890625,,283.0826110839844
2023-03-13 04:00:00+00:00,435.3177808377906,441.8032185633571,434.3306589214174,440.3548278808594,1701000,0.0,0.0,3855.760009765625,,285.18206787109375
2023-03-14 04:00:00+00:00,443.08558950330666,443.9896583283345,438.0854233494881,441.77557373046875,1761400,0.0,0.0,3919.2900390625,,291.7355651855469
2023-03-15 04:00:00+00:00,438.20533092722604,438.32526531184715,428.5832711544697,436.646240234375,2273300,0.0,0.0,3891.929931640625,,293.2659606933594
2023-03-16 04:00:00+00:00,434.4597791780998,441.01900678625714,431.5076481430918,436.58160400390625,1633000,0.0,0.0,3960.280029296875,,300.9966735839844
2023-03-17 04:00:00+00:00,437.393528072005,438.13157505373124,427.40245812220275,429.7825927734375,6525100,0.0,0.0,3916.639892578125,,299.5740966796875
2023-03-20 04:00:00+00:00,431.9505140267333,440.7607359851443,429.17366711268113,438.8511047363281,1515400,0.0,0.0,3951.570068359375,,300.6373291015625
2023-03-21 04:00:00+00:00,441.77556367028626,442.1261324530743,434.79194747644533,437.98394775390625,1069000,0.0,0.0,4002.8701171875,,304.9311218261719
2023-03-22 04:00:00+00:00,438.6112228415338,439.8381853054172,432.04276047206747,432.57781982421875,1261700,0.0,0.0,3936.969970703125,,300.7846374511719
2023-03-23 04:00:00+00:00,432.3287970513754,434.4690910256818,430.36378747216554,431.65533447265625,1168500,0.0,0.0,3948.719970703125,,304.3514099121094
2023-03-24 04:00:00+00:00,431.65528242674685,438.82341668401097,430.96337931487875,437.78094482421875,1126000,0.0,0.0,3970.989990234375,,305.4715576171875
2023-03-27 04:00:00+00:00,440.15184414087435,440.5669972688575,435.81593487140725,436.72003173828125,1273000,0.0,0.0,3977.530029296875,,303.378662109375
2023-03-28 04:00:00+00:00,437.28280597555204,438.76807794203046,434.66280266839357,434.9211120605469,1076100,0.0,0.0,3971.27001953125,,301.7673034667969
2023-03-29 04:00:00+00:00,434.7550710000176,437.55956498577643,434.21998343508363,437.4580993652344,1146400,0.0,0.0,4027.81005859375,,307.2696228027344
2023-03-30 04:00:00+00:00,437.7809106352677,438.9432886279745,435.1885827642077,436.5262451171875,950300,0.0,0.0,4050.830078125,,310.1780090332031
2023-03-31 04:00:00+00:00,437.4580724443308,438.52821935472974,434.5428504788188,436.1111755371094,1409600,0.0,0.0,4109.31005859375,,315.3365478515625
2023-04-03 04:00:00+00:00,436.36018562905645,450.1059871143455,436.1295512814724,448.9251403808594,1656700,0.0,0.0,4124.509765625,,314.57012939453125
2023-04-04 04:00:00+00:00,447.97500565084414,452.62460278715054,447.2000774870617,450.6965026855469,1081100,0.0,0.0,4100.60009765625,,313.5089416503906
2023-04-05 04:00:00+00:00,450.19833891297407,455.57672061526694,449.30347633448207,452.0341796875,1305900,0.0,0.0,4090.3798828125,,310.41387939453125
2023-04-06 04:00:00+00:00,453.3994521403493,458.48264216785304,451.1300180442049,452.2001647949219,1093300,0.0,0.0,4105.02001953125,,312.5066833496094
2023-04-10 04:00:00+00:00,453.6762608802072,459.8111578408473,453.6762608802072,458.2705078125,1024400,0.0,0.0,4109.10986328125,,312.3299255371094
2023-04-11 04:00:00+00:00,457.92922991771877,458.27056433373133,449.2850568927408,450.0507507324219,1224200,0.0,0.0,4108.93994140625,,310.325439453125
2023-04-12 04:00:00+00:00,445.4011224218643,453.19657606032644,444.3771192446526,450.29058837890625,1105600,0.0,0.0,4091.949951171875,,307.5840759277344
2023-04-13 04:00:00+00:00,449.10973268280554,455.28151108735716,448.33480452642567,454.01763916015625,909500,0.0,0.0,4146.22021484375,,313.6072082519531
2023-04-14 04:00:00+00:00,451.9880157460878,453.4271719643267,447.53214394631726,450.1890563964844,843200,0.0,0.0,4137.64013671875,,313.0177307128906
2023-04-17 04:00:00+00:00,448.8791369753768,454.128378290788,448.8791369753768,451.7113342285156,1287800,0.0,0.0,4151.31982421875,,313.2829895019531
2023-04-18 04:00:00+00:00,460.34620034822456,468.7412970073409,459.4236628725768,462.56951904296875,2561800,0.0,0.0,4154.8701171875,,313.3026428222656
2023-04-19 04:00:00+00:00,463.11383365947825,464.34079616983195,455.62283352398634,456.8036804199219,962200,0.0,0.0,4154.52001953125,,313.1552429199219
2023-04-20 04:00:00+00:00,457.42177715545654,457.42177715545654,451.17620813014435,452.596923828125,839900,0.0,0.0,4129.7900390625,,310.767578125
2023-04-21 04:00:00+00:00,453.1873555988509,453.22426498537266,443.38077653645365,445.1705017089844,1382500,0.0,0.0,4133.52001953125,,311.0918273925781
2023-04-24 04:00:00+00:00,445.0228793015629,446.0745574144336,441.6371542801276,443.666748046875,955200,0.0,0.0,4137.0400390625,,310.4433288574219
2023-04-25 04:00:00+00:00,443.46377192836684,443.66673129737933,438.72191583126016,438.7403564453125,839100,0.0,0.0,4071.6298828125,,304.5871887207031
2023-04-26 04:00:00+00:00,437.2366271560495,437.2366271560495,423.99820937618216,425.8617248535156,1571900,0.0,0.0,4055.989990234375,,306.4344482421875
2023-04-27 04:00:00+00:00,426.07396237254744,430.2069124741961,425.42817484235934,428.9799499511719,1491400,0.0,0.0,4135.35009765625,,314.76666259765625
2023-04-28 04:00:00+00:00,428.8138990768977,430.05009598181886,426.5813458790716,428.4725646972656,1040300,0.0,0.0,4169.47998046875,,316.9381408691406
2023-05-01 04:00:00+00:00,429.01684747027105,434.5889537072991,428.5647849501973,433.0667724609375,1524500,0.0,0.0,4167.8701171875,,316.5746154785156
2023-05-02 04:00:00+00:00,432.09813389128414,432.2365088904095,421.83028665201647,423.34326171875,1105500,0.0,0.0,4119.580078125,,313.8135681152344
2023-05-03 04:00:00+00:00,422.70674353054216,423.87835615818705,417.6235522978967,417.97412109375,1116700,0.0,0.0,4090.75,,311.7599792480469
2023-05-04 04:00:00+00:00,418.5183939170049,418.86896269527824,411.64547781600544,416.9223937988281,962700,0.0,0.0,4061.219970703125,,310.6595153808594
2023-05-05 04:00:00+00:00,417.62347871244,421.69187222802924,417.0607162304625,420.2527160644531,930600,0.0,0.0,4136.25,,317.2624206542969
2023-05-08 04:00:00+00:00,421.1291892872296,422.7989801277059,415.2065135308481,416.0275573730469,808300,0.0,0.0,4138.1201171875,,318.0484619140625
2023-05-09 04:00:00+00:00,417.81720291692744,418.7489747448791,415.23410933418137,417.0238342285156,623800,0.0,0.0,4119.169921875,,316.0342102050781
2023-05-10 04:00:00+00:00,417.7342226938162,418.17705084986267,413.9518131358859,418.0478820800781,850900,0.0,0.0,4137.64013671875,,319.4731750488281
2023-05-11 04:00:00+00:00,415.6769791245839,417.1899543012416,413.7950226925248,415.7784729003906,645400,0.0,0.0,4130.6201171875,,320.51470947265625
2023-05-12 04:00:00+00:00,417.724978294448,418.7121001988959,413.112290688928,415.8706970214844,696500,0.0,0.0,4124.080078125,,319.3650817871094
2023-05-15 04:00:00+00:00,415.87079688920295,418.23249125808053,414.6069246863604,416.91326904296875,668300,0.0,0.0,4136.27978515625,,321.09442138671875
2023-05-16 04:00:00+00:00,417.0700103368568,417.39290411993915,412.98317562242664,413.0477600097656,569500,0.0,0.0,4109.89990234375,,321.4580078125
2023-05-17 04:00:00+00:00,415.1418910595172,422.9004351130851,415.08654105966485,421.87640380859375,1101900,0.0,0.0,4158.77001953125,,325.3489685058594
2023-05-18 04:00:00+00:00,420.1328432863324,421.35980588189534,414.5883834134569,420.4465026855469,1456500,0.0,0.0,4198.0498046875,,331.3917541503906
2023-05-19 04:00:00+00:00,421.62728005229394,422.7712174551063,417.78028658575295,419.2840270996094,804100,0.0,0.0,4191.97998046875,,330.6449890136719
2023-05-22 04:00:00+00:00,418.83210963026494,421.94105712888904,416.6087904275823,419.496337890625,628000,0.0,0.0,4192.6298828125,,331.7552795410156
2023-05-23 04:00:00+00:00,417.0884387246356,421.046132701966,415.141898005499,417.56817626953125,1027200,0.0,0.0,4145.580078125,,327.5499267578125
2023-05-24 04:00:00+00:00,418.13089345357247,421.3597747496177,416.2304684287604,417.65118408203125,858600,0.0,0.0,4115.240234375,,325.86968994140625
2023-05-25 04:00:00+00:00,416.5256955010915,416.5256955010915,405.6397638900822,408.52728271484375,1205000,0.0,0.0,4151.27978515625,,333.799072265625
2023-05-26 04:00:00+00:00,408.55499556089785,416.7748091070029,407.85388611641804,413.7120056152344,1135500,0.0,0.0,4205.4501953125,,342.32781982421875
2023-05-30 04:00:00+00:00,413.3706306601597,414.26549324799925,409.8280896953881,413.2691650390625,1163300,0.0,0.0,4205.52001953125,,343.8802795410156
2023-05-31 04:00:00+00:00,412.94409185993504,414.1607617310902,411.43950947535694,412.3775634765625,1673500,3.0,0.0,4179.830078125,,341.9249572753906
2023-06-01 04:00:00+00:00,413.85428908655877,418.6652454531325,411.82960482558104,417.63433837890625,878700,0.0,0.0,4221.02001953125,,345.87493896484375
2023-06-02 04:00:00+00:00,419.90972023005196,423.84764187103815,418.46086119823923,422.1108703613281,894700,0.0,0.0,4282.3701171875,,348.4688415527344
2023-06-05 04:00:00+00:00,423.64343203668653,424.2192571141986,420.24417640707924,422.2967224121094,807200,0.0,0.0,4273.7900390625,,348.7144470214844
2023-06-06 04:00:00+00:00,423.99624012474686,426.61534231384553,422.0180110347728,425.9559326171875,816800,0.0,0.0,4283.85009765625,,348.655517578125
2023-06-07 04:00:00+00:00,425.4823050750192,430.71121339741177,422.5938833727666,428.85369873046875,893100,0.0,0.0,4267.52001953125,,342.7405090332031
2023-06-08 04:00:00+00:00,429.25304154371395,433.19099176403233,428.58433515486166,431.1012878417969,863400,0.0,0.0,4293.93017578125,,346.9949645996094
2023-06-09 04:00:00+00:00,432.2344018174041,432.2344018174041,427.5906150126537,429.72674560546875,713100,0.0,0.0,4298.85986328125,,348.3215026855469
2023-06-12 04:00:00+00:00,429.8196194152067,429.8939075316629,425.53803331830255,427.1076354980469,954400,0.0,0.0,4338.93017578125,,354.20703125
2023-06-13 04:00:00+00:00,423.52265821185284,424.41425735267944,414.12363814357604,420.1419677734375,1486300,0.0,0.0,4369.009765625,,356.9288024902344
2023-06-14 04:00:00+00:00,419.2502830644252,421.1170940707478,416.6126160678962,420.3090515136719,945700,0.0,0.0,4372.58984375,,359.52276611328125
2023-06-15 04:00:00+00:00,421.6558004145759,425.84450477052775,421.5815123041109,423.4668884277344,892400,0.0,0.0,4425.83984375,,363.8068542480469
2023-06-16 04:00:00+00:00,425.12010669652074,428.87226593627673,424.0706063692127,426.45751953125,1642800,0.0,0.0,4409.58984375,,361.51739501953125
2023-06-20 04:00:00+00:00,426.74539353151926,428.9837019162335,424.8878790223877,425.7237548828125,774800,0.0,0.0,4388.7099609375,,360.9998474121094
2023-06-21 04:00:00+00:00,428.21282183494276,433.88754345606645,425.38012351735927,432.8380432128906,906900,0.0,0.0,4365.68994140625,,356.080322265625
2023-06-22 04:00:00+00:00,432.3550702228278,432.8473104377463,428.62147623477233,430.4139709472656,688500,0.0,0.0,4381.89013671875,,360.2816162109375
2023-06-23 04:00:00+00:00,430.49757543705465,432.2622369897649,425.4915883060213,426.6339416503906,1348200,0.0,0.0,4348.330078125,,356.71002197265625
2023-06-26 04:00:00+00:00,423.45760178355994,423.66192952144115,414.8573001937739,420.5412902832031,997200,0.0,0.0,4328.81982421875,,351.9281005859375
2023-06-27 04:00:00+00:00,420.5320549966021,423.16972251049884,420.1884193066946,420.86639404296875,671100,0.0,0.0,4378.41015625,,357.9792175292969
2023-06-28 04:00:00+00:00,421.26577421573285,421.43297209079884,415.58178339258893,417.62506103515625,848900,0.0,0.0,4376.85986328125,,358.6778259277344
2023-06-29 04:00:00+00:00,417.86649388323,424.93432328057895,416.80769696399807,424.8507385253906,684200,0.0,0.0,4396.43994140625,,357.95953369140625
2023-06-30 04:00:00+00:00,426.52250188018616,429.70816102365944,424.24706345590414,427.581298828125,982700,0.0,0.0,4450.3798828125,,363.4794006347656
2023-07-03 04:00:00+00:00,427.22836085740823,430.32111021598695,424.95289411982,429.6245422363281,385400,0.0,0.0,4455.58984375,,364.3353271484375
2023-07-05 04:00:00+00:00,428.68649412545284,430.33968090998405,426.24385800340133,429.7917175292969,625500,0.0,0.0,4446.81982421875,,364.3255310058594
2023-07-06 04:00:00+00:00,430.01468339434996,430.01468339434996,426.6154278522676,428.7515869140625,675900,0.0,0.0,4411.58984375,,361.5508117675781
2023-07-07 04:00:00+00:00,427.228378347721,428.9837433331675,425.46374506236106,426.0302734375,642200,0.0,0.0,4398.9501953125,,360.3504638671875
2023-07-10 04:00:00+00:00,425.8352305343884,429.6338445658616,425.4172784036917,427.581298828125,718400,0.0,0.0,4409.52978515625,,360.46856689453125
2023-07-11 04:00:00+00:00,428.40781127825915,433.822481472857,427.0332688010702,433.0701904296875,709200,0.0,0.0,4439.259765625,,362.24945068359375
2023-07-12 04:00:00+00:00,433.91541348587384,433.9339784278815,428.26855333902165,429.0487060546875,1067100,0.0,0.0,4472.16015625,,366.8246765136719
2023-07-13 04:00:00+00:00,428.1570900791371,434.13828900628465,427.53481025368654,433.15380859375,821700,0.0,0.0,4510.0400390625,,373.0528564453125
2023-07-14 04:00:00+00:00,432.8009560610233,433.2838997139384,429.4202654603369,431.2313537597656,933200,0.0,0.0,4505.419921875,,372.97412109375
2023-07-17 04:00:00+00:00,433.0702778579908,440.22169253264525,432.44799795492577,436.48809814453125,1886300,0.0,0.0,4522.7900390625,,376.4571533203125
2023-07-18 04:00:00+00:00,440.5746252875759,445.33915508969835,421.91589328575867,423.2347412109375,3122600,0.0,0.0,4554.97998046875,,379.5368957519531
2023-07-19 04:00:00+00:00,424.4420998737418,426.55966545272287,416.18543360395813,419.3432312011719,2141500,0.0,0.0,4565.72021484375,,379.4483337402344
2023-07-20 04:00:00+00:00,420.3834396961549,425.55662488677007,419.79831803651,423.52264404296875,1353800,0.0,0.0,4534.8701171875,,370.70135498046875
2023-07-21 04:00:00+00:00,422.40815138620655,424.3864091857759,421.0521735165693,422.3617248535156,934300,0.0,0.0,4536.33984375,,369.5894775390625
2023-07-24 04:00:00+00:00,423.5133835751023,425.3244718817088,421.69302696782506,424.2563781738281,892200,0.0,0.0,4554.64013671875,,370.1799011230469
2023-07-25 04:00:00+00:00,420.19770215966616,422.36172276615747,415.54464687602695,421.795166015625,1207800,0.0,0.0,4567.4599609375,,372.68878173828125
2023-07-26 04:00:00+00:00,421.96232968175497,424.48855089925445,419.67759445392323,420.5506286621094,1322300,0.0,0.0,4566.75,,371.4490661621094
2023-07-27 04:00:00+00:00,419.3339362273516,420.18840544558833,413.5942227066616,416.6777038574219,1603600,0.0,0.0,4537.41015625,,370.5635986328125
2023-07-28 04:00:00+00:00,416.08320573496655,418.54440652877753,414.6807733600283,417.011962890625,1163100,0.0,0.0,4582.22998046875,,377.31329345703125
2023-07-31 04:00:00+00:00,417.671442994649,417.671442994649,412.95336831908656,414.56939697265625,1806000,0.0,0.0,4588.9599609375,,377.5099792480469
2023-08-01 04:00:00+00:00,415.1824197187332,420.83854888802404,415.0616767216888,419.129638671875,1047900,0.0,0.0,4576.72998046875,,376.6343078613281
2023-08-02 04:00:00+00:00,419.1295532685272,420.8477597784722,415.9996460007454,416.60333251953125,905700,0.0,0.0,4513.39013671875,,368.36944580078125
2023-08-03 04:00:00+00:00,415.451712132839,418.12653762672346,414.2071807823222,416.00897216796875,1240700,0.0,0.0,4501.89013671875,,367.7790832519531
2023-08-04 04:00:00+00:00,416.6219611860856,418.2101566679288,413.5849348435975,413.9657287597656,846800,0.0,0.0,4478.02978515625,,366.0572204589844
2023-08-07 04:00:00+00:00,415.4517759134469,418.37735611773775,414.4858602604952,417.73651123046875,746800,0.0,0.0,4518.43994140625,,369.1565246582031
2023-08-08 04:00:00+00:00,417.0120607814936,418.41449348564385,415.683944539556,417.4485778808594,791600,0.0,0.0,4499.3798828125,,366.017822265625
2023-08-09 04:00:00+00:00,418.0151108008762,421.7022787480459,417.93152603755107,420.5506286621094,1211700,0.0,0.0,4467.7099609375,,361.99359130859375
2023-08-10 04:00:00+00:00,419.7983318639056,421.6279850192619,417.2535457362198,417.98724365234375,688700,0.0,0.0,4468.830078125,,362.66265869140625
2023-08-11 04:00:00+00:00,419.0367110788431,421.73939821832795,418.42372786070416,421.7022399902344,690500,0.0,0.0,4464.0498046875,,360.3504638671875
2023-08-14 04:00:00+00:00,422.2037493788705,423.1510715579037,417.6249829984108,418.0150451660156,752300,0.0,0.0,4489.72021484375,,364.39434814453125
2023-08-15 04:00:00+00:00,416.083269138725,417.9407837330943,411.6995335622765,411.9781494140625,725300,0.0,0.0,4437.85986328125,,360.5276184082031
2023-08-16 04:00:00+00:00,411.3094578465872,415.1823883865023,410.7893560088974,413.4177551269531,822000,0.0,0.0,4404.330078125,,356.71002197265625
2023-08-17 04:00:00+00:00,414.8201394054777,418.1450777904674,414.63437662363464,414.8572692871094,635800,0.0,0.0,4370.35986328125,,352.8136291503906
2023-08-18 04:00:00+00:00,413.68707152749516,422.92818926530396,413.6499133009093,417.9964904785156,1075700,0.0,0.0,4369.7099609375,,352.3709411621094
2023-08-21 04:00:00+00:00,417.79217163446486,420.75490962656033,417.01201892010124,419.3246154785156,573500,0.0,0.0,4399.77001953125,,358.048095703125
2023-08-22 04:00:00+00:00,419.55686648099163,421.5537176022609,418.368058120982,420.67138671875,671800,0.0,0.0,4387.5498046875,,357.5365295410156
2023-08-23 04:00:00+00:00,422.19441844458396,422.48235924089545,419.8818221799274,422.1851501464844,1043200,0.0,0.0,4436.009765625,,363.1742858886719
2023-08-24 04:00:00+00:00,420.968489520369,425.06431209553386,420.2069018284601,420.3090515136719,697800,0.0,0.0,4376.31005859375,,355.4112243652344
2023-08-25 04:00:00+00:00,422.82605539310197,422.82605539310197,417.06774882398844,418.953125,785200,0.0,0.0,4405.7099609375,,358.1661682128906
2023-08-28 04:00:00+00:00,418.6930873889753,421.03354564419277,418.1915504973486,420.09552001953125,641000,0.0,0.0,4433.31005859375,,360.8620910644531
2023-08-29 04:00:00+00:00,420.0955448670102,420.9685790715658,412.8233587102786,416.4548034667969,1053700,0.0,0.0,4497.6298828125,,368.7433166503906
2023-08-30 04:00:00+00:00,417.4206366237731,423.43899346016696,416.5383059498117,420.1790466308594,875900,0.0,0.0,4514.8701171875,,370.7996520996094
2023-08-31 04:00:00+00:00,421.4973332765966,424.11520153614475,418.9916552949399,419.18798828125,826300,3.0,0.0,4507.66015625,,371.9115295410156
2023-09-01 04:00:00+00:00,421.0298745595946,422.49776400714813,418.65507561294504,419.029052734375,668600,0.0,0.0,4515.77001953125,,371.5179748535156
2023-09-05 04:00:00+00:00,418.8608088875325,419.1693321968656,416.1026738445298,416.23358154296875,854000,0.0,0.0,4496.830078125,,371.99029541015625
2023-09-06 04:00:00+00:00,411.6055122577068,412.63397079343207,396.10393580466786,396.36572265625,2548000,0.0,0.0,4465.47998046875,,368.7137451171875
2023-09-07 04:00:00+00:00,396.42183755741297,399.95597449621874,394.55192322931197,398.23565673828125,1195700,0.0,0.0,4451.14013671875,,366.07684326171875
2023-09-08 04:00:00+00:00,398.6002664186796,398.703126541427,394.7856538277024,395.5710144042969,1162300,0.0,0.0,4457.490234375,,366.5885009765625
2023-09-11 04:00:00+00:00,394.7576337459702,395.2344710527851,389.4283662440391,393.2991027832031,1618300,0.0,0.0,4487.4599609375,,370.9079284667969
2023-09-12 04:00:00+00:00,392.25190385000553,392.7848077042304,388.88605263387666,390.6531066894531,1307700,0.0,0.0,4461.89990234375,,366.7951354980469
2023-09-13 04:00:00+00:00,392.5137210834233,394.78566013048203,391.3543548048317,393.60760498046875,971500,0.0,0.0,4467.43994140625,,368.1922912597656
2023-09-14 04:00:00+00:00,393.3645216179013,398.9088105233632,393.3645216179013,398.18890380859375,992400,0.0,0.0,4505.10009765625,,371.203125
2023-09-15 04:00:00+00:00,396.3376572233734,400.9843950290254,396.1506543952589,396.4685363769531,1681600,0.0,0.0,4450.31982421875,,364.8469543457031
2023-09-18 04:00:00+00:00,399.84377668055976,403.3872722547928,398.8527243879185,401.9006652832031,951200,0.0,0.0,4453.52978515625,,365.2273254394531
2023-09-19 04:00:00+00:00,402.26532772654485,403.0413296335781,397.41289766729125,397.6466369628906,862300,0.0,0.0,4443.9501953125,,364.4488830566406
2023-09-20 04:00:00+00:00,399.17999267578125,402.82632009239535,398.91820579798923,399.17999267578125,1044100,0.0,0.0,4402.2001953125,,359.197021484375
2023-09-21 04:00:00+00:00,398.039351552095,398.86208994657386,390.05480882372433,390.3820495605469,1669400,0.0,0.0,4330.0,,352.61492919921875
2023-09-22 04:00:00+00:00,388.88605484544115,390.34458562528727,386.35232911710455,386.7449951171875,1453300,0.0,0.0,4320.06005859375,,352.6642150878906
2023-09-25 04:00:00+00:00,386.35237509731417,387.0255454244829,384.74424756755707,386.0438232421875,748300,0.0,0.0,4337.43994140625,,354.3392639160156
2023-09-26 04:00:00+00:00,383.92145077588907,384.5198085019963,381.22876967683845,382.1637268066406,1108000,0.0,0.0,4273.52978515625,,349.0184326171875
2023-09-27 04:00:00+00:00,382.5657228931521,383.3323945300422,379.33077945527754,382.1356506347656,1317700,0.0,0.0,4274.509765625,,349.83624267578125
2023-09-28 04:00:00+00:00,383.2389281772767,386.0063933384119,382.22918701464215,384.22998046875,819700,0.0,0.0,4299.7001953125,,352.76275634765625
2023-09-29 04:00:00+00:00,384.2299605806539,384.6881089603539,381.0791597290934,382.36004638671875,764100,0.0,0.0,4288.0498046875,,353.0188903808594
2023-10-02 04:00:00+00:00,382.36005625177955,384.2580180662869,379.48975957483015,381.2942199707031,733200,0.0,0.0,4288.39013671875,,355.9650573730469
2023-10-03 04:00:00+00:00,380.8922558690486,380.99508747307146,376.40444385408136,377.56378173828125,899200,0.0,0.0,4229.4501953125,,349.7179870605469
2023-10-04 04:00:00+00:00,374.5999130840334,375.8527521673427,371.28079827740777,375.226318359375,1243400,0.0,0.0,4263.75,,354.47723388671875
2023-10-05 04:00:00+00:00,374.8804308188388,375.31986184402206,368.9528055963992,371.5052490234375,1162800,0.0,0.0,4258.18994140625,,353.4327697753906
2023-10-06 04:00:00+00:00,369.68203735742935,376.2454545619346,368.1580526956126,374.6653747558594,1135600,0.0,0.0,4308.5,,359.3547058105469
2023-10-09 04:00:00+00:00,400.8348278102275,408.2022946682057,395.85151878839093,408.1368408203125,5343700,0.0,0.0,4335.66015625,,361.1874694824219
2023-10-10 04:00:00+00:00,412.8022747071599,413.8307332889274,404.39701897539675,406.79986572265625,2626200,0.0,0.0,4358.240234375,,363.1876525878906
2023-10-11 04:00:00+00:00,406.44462379719494,410.25923688793284,405.11697192518125,408.24908447265625,1419500,0.0,0.0,4376.9501953125,,365.7790832519531
2023-10-12 04:00:00+00:00,409.55797060214644,410.53033403311724,402.1344085039885,405.9023132324219,1121900,0.0,0.0,4349.60986328125,,364.5080261230469
2023-10-13 04:00:00+00:00,410.0067823110628,414.29823246169485,406.39786119239955,412.3722229003906,1519300,0.0,0.0,4327.77978515625,,359.92608642578125
2023-10-16 04:00:00+00:00,410.838897370093,414.6535101173798,406.136063887068,411.7644958496094,1931300,0.0,0.0,4373.6298828125,,363.9956359863281
2023-10-17 04:00:00+00:00,408.16486135854586,423.3392250682973,406.8278795793675,412.4376220703125,3103900,0.0,0.0,4373.2001953125,,362.8033752441406
2023-10-18 04:00:00+00:00,414.4758143011864,418.7579336381757,411.6335368337748,417.0563049316406,2024100,0.0,0.0,4314.60009765625,,358.0441589355469
2023-10-19 04:00:00+00:00,414.80309704136744,420.422198703569,413.42870887482303,419.96405029296875,2012400,0.0,0.0,4278.0,,354.69403076171875
2023-10-20 04:00:00+00:00,422.0116122322058,423.16161982025756,415.13034117338873,415.2799377441406,1715100,0.0,0.0,4224.16015625,,349.4027404785156
2023-10-23 04:00:00+00:00,415.3173553820132,422.65677556021615,414.64418501528024,417.1405334472656,1502400,0.0,0.0,4217.0400390625,,350.4570617675781
2023-10-24 04:00:00+00:00,419.9173027095038,421.3010210087575,411.6990215017271,412.22259521484375,1367100,0.0,0.0,4247.68017578125,,353.8663024902344
2023-10-25 04:00:00+00:00,415.4388716145476,420.15106380990835,414.82179644934087,418.57098388671875,1228900,0.0,0.0,4186.77001953125,,345.20513916015625
2023-10-26 04:00:00+00:00,418.8701807684662,421.7498363658138,414.8218001483496,416.9628601074219,1432000,0.0,0.0,4137.22998046875,,338.623046875
2023-10-27 04:00:00+00:00,414.5787067525269,418.54291588783923,411.60552136841517,414.5506591796875,1288400,0.0,0.0,4117.3701171875,,340.2489013671875
2023-10-30 04:00:00+00:00,415.51368536722885,417.7949546522073,413.99903075773227,416.84130859375,948800,0.0,0.0,4166.81982421875,,344.0819091796875
2023-10-31 04:00:00+00:00,418.2062984840044,425.52702853894385,416.43924440591206,425.06890869140625,1418700,0.0,0.0,4193.7998046875,,345.7273864746094
2023-11-01 04:00:00+00:00,426.64896556551645,426.9949236637149,422.09572900382466,422.9559020996094,1267000,0.0,0.0,4237.85986328125,,351.7281188964844
2023-11-02 04:00:00+00:00,421.43192674355583,428.4160576525245,421.43192674355583,428.2477722167969,1242000,0.0,0.0,4317.77978515625,,358.1131591796875
2023-11-03 04:00:00+00:00,425.5083184096946,427.9859775876213,421.78720735726836,423.85345458984375,1365400,0.0,0.0,4358.33984375,,362.320556640625
2023-11-06 05:00:00+00:00,425.2559126117541,425.2559126117541,421.3291096465764,421.8152770996094,1440800,0.0,0.0,4365.97998046875,,363.798583984375
2023-11-07 05:00:00+00:00,423.68517121907354,423.68517121907354,420.44086887675957,420.8709411621094,1220100,0.0,0.0,4378.3798828125,,367.2373962402344
2023-11-08 05:00:00+00:00,420.87097347081726,422.38559955375234,415.1490400318941,415.7380676269531,1386400,0.0,0.0,4382.77978515625,,367.473876953125
2023-11-09 05:00:00+00:00,416.4392874809395,416.62626180028656,411.08197248400324,413.68115234375,1775500,0.0,0.0,4347.35009765625,,364.64599609375
2023-11-10 05:00:00+00:00,415.1303377450869,416.83193809150197,412.28805998953015,415.93438720703125,1525400,0.0,0.0,4415.240234375,,372.8440246582031
2023-11-13 05:00:00+00:00,416.0559062859436,419.3937099549892,414.45713764642954,416.0839538574219,1003800,0.0,0.0,4411.5498046875,,371.68133544921875
2023-11-14 05:00:00+00:00,414.18598087509235,417.6733810083817,413.1201161225527,415.3266296386719,1336800,0.0,0.0,4495.7001953125,,379.6822814941406
2023-11-15 05:00:00+00:00,414.62543765906815,418.87015099871365,414.62543765906815,416.18682861328125,1098400,0.0,0.0,4502.8798828125,,379.9680480957031
2023-11-16 05:00:00+00:00,416.8038464214285,418.55224009307426,414.70019303397316,416.6075134277344,912900,0.0,0.0,4508.240234375,,380.2932434082031
2023-11-17 05:00:00+00:00,417.589250315602,418.1408715773526,415.3266415929224,415.7567138671875,898600,0.0,0.0,4514.02001953125,,380.38189697265625
2023-11-20 05:00:00+00:00,415.1489900382271,416.607520796718,412.09169066612606,414.94329833984375,982000,0.0,0.0,4547.3798828125,,385.0130615234375
2023-11-21 05:00:00+00:00,416.0558980029866,419.3937016055823,415.2705374846039,419.0010070800781,1177800,0.0,0.0,4538.18994140625,,382.7763366699219
2023-11-22 05:00:00+00:00,418.39324474698225,422.3200754403381,418.39324474698225,421.1046142578125,833800,0.0,0.0,4556.6201171875,,384.3429870605469
2023-11-24 05:00:00+00:00,422.3107922193781,423.1522479375976,420.4876143860462,422.6099853515625,326600,0.0,0.0,4559.33984375,,383.80108642578125
2023-11-27 05:00:00+00:00,422.4697103726517,423.3766199199814,416.45794294137085,416.5140380859375,1496900,0.0,0.0,4550.43017578125,,383.4660949707031
2023-11-28 05:00:00+00:00,418.729884369621,421.5534731484257,416.99087781252126,419.11322021484375,1124900,0.0,0.0,4554.89013671875,,384.4710693359375
2023-11-29 05:00:00+00:00,420.3006317118836,420.3006317118836,415.03681856108904,416.0652770996094,1272900,0.0,0.0,4550.580078125,,384.09661865234375
2023-11-30 05:00:00+00:00,417.1386601639922,421.7149305431511,416.67727445324584,421.63018798828125,1514500,3.15,0.0,4567.7998046875,,383.1310119628906
2023-12-01 05:00:00+00:00,422.2234517522397,424.3515274373974,421.988046167104,423.17449951171875,856900,0.0,0.0,4594.6298828125,,384.22479248046875
2023-12-04 05:00:00+00:00,421.2536283651999,424.6340494923657,420.06717488969116,424.37982177734375,1265700,0.0,0.0,4569.77978515625,,380.6578369140625
2023-12-05 05:00:00+00:00,424.00316319881733,424.332736789644,419.8694270241206,420.1895751953125,1055700,0.0,0.0,4567.18017578125,,381.6136169433594
2023-12-06 05:00:00+00:00,419.4927527118719,424.1443693730366,419.4927527118719,423.17449951171875,864100,0.0,0.0,4549.33984375,,379.4063720703125
2023-12-07 05:00:00+00:00,424.12555498596356,425.03892982234566,420.2366500510175,421.0087585449219,861100,0.0,0.0,4585.58984375,,384.7075500488281
2023-12-08 05:00:00+00:00,422.383571188016,424.22914306481675,421.3383553705792,421.86566162109375,761100,0.0,0.0,4604.3701171875,,386.4220886230469
2023-12-11 05:00:00+00:00,425.5003051559355,426.79974857544613,423.2686648207034,424.91650390625,1021600,0.0,0.0,4622.43994140625,,389.72296142578125
2023-12-12 05:00:00+00:00,425.31199272062344,427.2611579577069,424.0784696929506,425.2649230957031,1008200,0.0,0.0,4643.7001953125,,392.8268127441406
2023-12-13 05:00:00+00:00,426.50785748772404,427.67546001320375,424.2008712219591,425.08599853515625,1300300,0.0,0.0,4707.08984375,,397.8224792480469
2023-12-14 05:00:00+00:00,424.2103357384918,424.5493060244722,415.66981328892604,419.2762145996094,1891000,0.0,0.0,4719.5498046875,,397.47760009765625
2023-12-15 05:00:00+00:00,415.2554766346877,418.5982246460631,413.0991533017647,416.0181884765625,3973400,0.0,0.0,4719.18994140625,,399.39898681640625
2023-12-18 05:00:00+00:00,416.8656395618234,421.1500386710687,416.45132341200554,420.8204650878906,1197300,0.0,0.0,4740.56005859375,,401.9147033691406
2023-12-19 05:00:00+00:00,421.5455154784217,422.40239532363955,420.10483433418494,421.64910888671875,695000,0.0,0.0,4768.3701171875,,403.9682922363281
2023-12-20 05:00:00+00:00,421.88451317695245,422.36472106617947,416.73383743804175,416.7620849609375,1306800,0.0,0.0,4698.35009765625,,397.9654541015625
2023-12-21 05:00:00+00:00,418.3063300621031,421.9410075060446,418.2875079588831,421.86566162109375,637200,0.0,0.0,4746.75,,402.5959777832031
2023-12-22 05:00:00+00:00,423.73007228775555,425.3684860384038,421.9503921908503,422.0539855957031,623600,0.0,0.0,4754.6298828125,,403.1982421875
2023-12-26 05:00:00+00:00,421.9880743210003,425.0860200741623,421.6773515717452,423.8995666503906,516900,0.0,0.0,4774.75,,405.66650390625
2023-12-27 05:00:00+00:00,422.36472932436374,424.6905378750366,422.2329171269517,422.7602233886719,699900,0.0,0.0,4781.580078125,,406.4922790527344
2023-12-28 05:00:00+00:00,422.7602601102559,425.45328669967324,422.28002343388965,424.8883361816406,741800,0.0,0.0,4783.35009765625,,406.2947998046875
2023-12-29 05:00:00+00:00,425.61334219602674,427.0257758537569,424.8129573761057,426.78094482421875,832400,0.0,0.0,4769.830078125,,404.53643798828125
2024-01-02 05:00:00+00:00,427.77906860921075,435.0766426149406,427.77906860921075,429.4928283691406,1206500,0.0,0.0,4742.830078125,,397.69073486328125
2024-01-03 05:00:00+00:00,432.0069652284227,437.0069780620366,431.0841648966612,432.31768798828125,1174300,0.0,0.0,4704.81005859375,,393.4825744628906
2024-01-04 05:00:00+00:00,435.32146138715166,436.8657359588121,431.0464875277878,431.1406555175781,1087700,0.0,0.0,4688.68017578125,,391.4575500488281
2024-01-05 05:00:00+00:00,433.1839677262521,433.24985945346356,426.8091658228113,429.8506164550781,705300,0.0,0.0,4697.240234375,,391.92181396484375
2024-01-08 05:00:00+00:00,427.88266357627066,431.9128065375389,427.05403121742427,431.82806396484375,716000,0.0,0.0,4763.5400390625,,400.02203369140625
2024-01-09 05:00:00+00:00,431.78097081924807,431.83746586839436,426.8092053421142,429.6529235839844,732900,0.0,0.0,4756.5,,400.81231689453125
2024-01-10 05:00:00+00:00,429.5681650408566,432.8261706100026,428.23104854334895,428.8148498535156,666100,0.0,0.0,4783.4501953125,,403.52880859375
2024-01-11 05:00:00+00:00,429.90709539211804,431.07469790400114,423.12740301594715,426.6773376464844,784800,0.0,0.0,4780.240234375,,404.36846923828125
2024-01-12 05:00:00+00:00,430.66983168271884,436.32899149163904,429.87887231652616,436.1406555175781,966500,0.0,0.0,4783.830078125,,404.575927734375
2024-01-16 05:00:00+00:00,439.0502661769219,439.0502661769219,429.71878474302713,431.1123962402344,814900,0.0,0.0,4765.97998046875,,404.53643798828125
2024-01-17 05:00:00+00:00,430.9523154972053,435.77341735301815,428.51348831208,429.8223571777344,920800,0.0,0.0,4739.2099609375,,402.2545471191406
2024-01-18 05:00:00+00:00,429.4739633106614,433.12746265814445,427.06341237261705,432.74139404296875,780300,0.0,0.0,4780.93994140625,,407.9642028808594
2024-01-19 05:00:00+00:00,433.67357937777075,433.9466579004239,429.3421108988623,431.03704833984375,866600,0.0,0.0,4839.81005859375,,416.0545349121094
2024-01-22 05:00:00+00:00,430.87692700597813,433.92777393639494,428.8524448918308,431.9786376953125,1216800,0.0,0.0,4850.43017578125,,416.5978088378906
2024-01-23 05:00:00+00:00,431.8185916283975,432.20466024164324,408.5605367393672,414.00311279296875,3613500,0.0,0.0,4864.60009765625,,418.3265380859375
2024-01-24 05:00:00+00:00,413.8618263925935,417.3270183247935,406.35709544974486,406.4512634277344,1768900,0.0,0.0,4868.5498046875,,420.6479797363281
2024-01-25 05:00:00+00:00,404.89756638886445,408.6075603425658,400.89567183734664,405.8768615722656,1813900,0.0,0.0,4894.16015625,,421.1615905761719
2024-01-26 05:00:00+00:00,406.7526059447849,408.1179698408772,401.7996632093706,404.8128662109375,1260500,0.0,0.0,4890.97021484375,,418.65252685546875
2024-01-29 05:00:00+00:00,405.83924542917265,406.80911533029285,400.7262428068409,403.0238037109375,1903300,0.0,0.0,4927.93017578125,,422.939697265625
2024-01-30 05:00:00+00:00,406.0935150765626,406.6396722050886,402.80726182926026,406.4795837402344,1016400,0.0,0.0,4924.97021484375,,420.1243591308594
2024-01-31 05:00:00+00:00,407.11044364221965,408.4004617110811,404.01249795145645,404.3420715332031,1120100,0.0,0.0,4845.64990234375,,411.8957214355469
2024-02-01 05:00:00+00:00,405.11419724787,406.5642749886033,401.79027147504365,404.6810302734375,1175000,0.0,0.0,4906.18994140625,,416.7459716796875
2024-02-02 05:00:00+00:00,403.14623857825313,403.8618520802969,399.6057290669571,401.1029052734375,973900,0.0,0.0,4958.60986328125,,423.7892761230469
2024-02-05 05:00:00+00:00,399.24790389763814,399.596299593368,395.3213257838458,397.0821838378906,1379600,0.0,0.0,4942.81005859375,,423.236083984375
2024-02-06 05:00:00+00:00,397.34580115371665,403.9748016668952,395.8203488408668,402.0256652832031,1065700,0.0,0.0,4954.22998046875,,422.3865051269531
2024-02-07 05:00:00+00:00,401.63958713766715,405.1706707912364,401.63958713766715,404.99176025390625,980700,0.0,0.0,4995.06005859375,,426.7329406738281
2024-02-08 05:00:00+00:00,404.2949689167445,404.6622154360912,400.876903835623,402.07275390625,972200,0.0,0.0,4997.91015625,,427.52325439453125
2024-02-09 05:00:00+00:00,402.57179857338895,402.703639494515,399.6904365068426,401.6019287109375,1038600,0.0,0.0,5026.60986328125,,431.73138427734375
2024-02-12 05:00:00+00:00,401.8373129090059,405.4154661223945,401.1310961903609,403.08026123046875,1007200,0.0,0.0,5021.83984375,,430.04217529296875
2024-02-13 05:00:00+00:00,404.2761707239672,406.686721846338,398.53226815267885,401.62078857421875,1089300,0.0,0.0,4953.169921875,,423.3348083496094
2024-02-14 05:00:00+00:00,402.71305636644615,403.485193621951,389.75635183638263,393.7770690917969,2503800,0.0,0.0,5000.6201171875,,427.9480285644531
2024-02-15 05:00:00+00:00,394.1443070951434,398.63586451137513,394.1443070951434,398.4192810058594,1136700,0.0,0.0,5029.72998046875,,429.22235107421875
2024-02-16 05:00:00+00:00,398.4192594944583,400.3401772086047,397.87313115425826,399.3138122558594,806000,0.0,0.0,5005.56982421875,,425.33026123046875
2024-02-20 05:00:00+00:00,400.36841092226564,403.28744596633373,399.0312945359775,399.5021057128906,1363900,0.0,0.0,4975.509765625,,422.11981201171875
2024-02-21 05:00:00+00:00,401.328805821876,403.2214757148896,399.59622435309996,402.590576171875,969600,0.0,0.0,4981.7998046875,,420.43060302734375
2024-02-22 05:00:00+00:00,400.274204630904,404.40794016187283,399.08775138310324,403.8523864746094,1236900,0.0,0.0,5087.02978515625,,432.739013671875
2024-02-23 05:00:00+00:00,403.8335896137197,406.24414063211583,403.2027187048926,405.9522399902344,842200,0.0,0.0,5088.7998046875,,431.46466064453125
2024-02-26 05:00:00+00:00,406.3100591110097,407.2046118711373,401.8750257239294,404.12548828125,980600,0.0,0.0,5069.52978515625,,431.2374267578125
2024-02-27 05:00:00+00:00,403.654681560017,406.0558359098878,401.60195163471076,405.3025207519531,887000,0.0,0.0,5078.18017578125,,432.2746887207031
2024-02-28 05:00:00+00:00,406.6678699571609,409.6245492286228,405.688574655413,407.23284912109375,1029300,0.0,0.0,5069.759765625,,429.97308349609375
2024-02-29 05:00:00+00:00,407.23283950467686,408.57976638702195,405.5539498988414,406.1989440917969,1503100,3.15,0.0,5096.27001953125,,433.65771484375
2024-03-01 05:00:00+00:00,405.87641554184546,406.83444113002366,402.1771503726034,404.5105285644531,1059000,0.0,0.0,5137.080078125,,440.1872253417969
2024-03-04 05:00:00+00:00,406.51195114884536,411.5486486107528,404.97533550919496,409.70849609375,1271900,0.0,0.0,5130.9501953125,,438.6165771484375
2024-03-05 05:00:00+00:00,411.4158549517968,413.56903899577173,407.6407198383445,409.7464599609375,1038000,0.0,0.0,5078.64990234375,,430.74359130859375
2024-03-06 05:00:00+00:00,409.74645391150466,411.4822529985491,408.74101331299886,411.16925048828125,775300,0.0,0.0,5104.759765625,,433.4502258300781
2024-03-07 05:00:00+00:00,411.6625057700857,413.16117220193354,407.3751555317875,407.85888671875,1085800,0.0,0.0,5157.35986328125,,440.0291748046875
2024-03-08 05:00:00+00:00,406.44554882188686,410.6949782829515,405.5634219058816,410.61907958984375,763200,0.0,0.0,5123.68994140625,,433.6774597167969
2024-03-11 04:00:00+00:00,411.9565453617274,413.5690598325389,410.3345652636593,412.3739013671875,951000,0.0,0.0,5117.93994140625,,432.0672912597656
2024-03-12 04:00:00+00:00,410.6380672741889,413.35085213229564,410.09739763848404,412.525634765625,825100,0.0,0.0,5175.27001953125,,438.26092529296875
2024-03-13 04:00:00+00:00,413.28448406124664,415.2574449909325,411.41587660659695,412.23162841796875,987100,0.0,0.0,5165.31005859375,,434.8924865722656
2024-03-14 04:00:00+00:00,413.90099948072725,415.08666330582355,410.9984967526411,413.34136962890625,1153600,0.0,0.0,5150.47998046875,,433.7960205078125
2024-03-15 04:00:00+00:00,410.85623372900506,415.6557987039468,410.85623372900506,413.3888244628906,5151300,0.0,0.0,5117.08984375,,428.63946533203125
2024-03-18 04:00:00+00:00,413.3888333886025,413.6449263662398,409.46190071693167,410.9036865234375,965300,0.0,0.0,5149.419921875,,432.7276306152344
2024-03-19 04:00:00+00:00,412.84814089810567,414.78315235172374,411.6435168814361,414.68829345703125,898700,0.0,0.0,5178.509765625,,433.80572509765625
2024-03-20 04:00:00+00:00,414.53657477002645,418.2642953092116,414.09076396364657,417.74261474609375,845000,0.0,0.0,5224.6201171875,,438.94927978515625
2024-03-21 04:00:00+00:00,418.64363996774665,421.0434512538221,416.7181231417979,420.35101318359375,912100,0.0,0.0,5241.52978515625,,441.02642822265625
2024-03-22 04:00:00+00:00,421.6220527896329,423.2819821313244,420.834784752768,422.9310302734375,1008300,0.0,0.0,5234.18017578125,,441.5309143066406
2024-03-25 04:00:00+00:00,424.80913990203373,425.4636287004335,421.9161315212433,423.33892822265625,775000,0.0,0.0,5218.18994140625,,439.92852783203125
2024-03-26 04:00:00+00:00,423.5190994375334,425.52998056372195,422.9120256916586,423.03533935546875,766700,0.0,0.0,5203.580078125,,438.504150390625
2024-03-27 04:00:00+00:00,424.82815867211275,433.58308312591726,424.80916952210447,433.27008056640625,1277700,0.0,0.0,5248.490234375,,439.9977722167969
2024-03-28 04:00:00+00:00,433.28900160995454,433.58304393975754,430.58571109059653,431.4583435058594,1119500,0.0,0.0,5254.35009765625,,439.1866760253906
2024-04-01 04:00:00+00:00,430.7658435693571,431.9230234964956,427.9961205613426,429.4853210449219,717100,0.0,0.0,5243.77001953125,,440.11651611328125
2024-04-02 04:00:00+00:00,430.28220301690425,432.23617492833046,429.2672677089367,429.9122619628906,837900,0.0,0.0,5205.81005859375,,436.3181457519531
2024-04-03 04:00:00+00:00,429.60869023258977,430.77536488269476,424.55300359256796,424.8470458984375,758600,0.0,0.0,5211.490234375,,437.2973937988281
2024-04-04 04:00:00+00:00,427.0856047728201,432.51120359941115,424.13565812084806,430.6710510253906,1398300,0.0,0.0,5147.2099609375,,430.61083984375
2024-04-05 04:00:00+00:00,429.1249392378024,432.1223008534104,426.69670204612225,431.94207763671875,892100,0.0,0.0,5204.33984375,,435.68511962890625
2024-04-08 04:00:00+00:00,432.5301437141939,433.47867473111097,428.99211260022014,429.0964660644531,751100,0.0,0.0,5202.39013671875,,435.8136901855469
2024-04-09 04:00:00+00:00,425.5964383772075,428.7929836789069,423.2156159592141,424.5340881347656,842800,0.0,0.0,5209.91015625,,437.426025390625
2024-04-10 04:00:00+00:00,421.8022601828376,429.31460962575886,420.04747201235756,428.4609375,1247700,0.0,0.0,5160.64013671875,,433.60797119140625
2024-04-11 04:00:00+00:00,428.2617484105316,430.39594317005253,425.8430059284888,429.03955078125,942800,0.0,0.0,5199.06005859375,,440.53192138671875
2024-04-12 04:00:00+00:00,430.7374259178108,434.4082654367092,426.94330167643926,427.2183837890625,1251200,0.0,0.0,5123.41015625,,433.5090026855469
2024-04-15 04:00:00+00:00,435.36628992755215,435.66033225928715,428.3851147720881,429.7604675292969,2442100,0.0,0.0,5061.81982421875,,426.3773193359375
2024-04-16 04:00:00+00:00,431.3065611853159,435.2334937683463,430.282160351018,430.9271545410156,1452300,0.0,0.0,5051.41015625,,426.4169006347656
2024-04-17 04:00:00+00:00,433.20360965298215,433.70632995382687,428.4799435291241,432.57757568359375,848300,0.0,0.0,5022.2099609375,,421.2140197753906
2024-04-18 04:00:00+00:00,431.429875693252,434.47465237426303,430.8892060269695,432.61553955078125,714900,0.0,0.0,5011.1201171875,,418.8104553222656
2024-04-19 04:00:00+00:00,434.23752645720515,441.40841926498496,433.74430070556116,439.9951171875,1388000,0.0,0.0,4967.22998046875,,410.1455993652344
2024-04-22 04:00:00+00:00,441.2851096726294,445.3732761718209,436.7131830761888,437.5858154296875,1820900,0.0,0.0,5010.60009765625,,414.2702941894531
2024-04-23 04:00:00+00:00,442.11981839346885,449.1674264862876,434.10474794362347,436.4001770019531,1789500,0.0,0.0,5070.5498046875,,420.4524230957031
2024-04-24 04:00:00+00:00,438.88537453413016,439.8244111093106,432.5871138057781,435.50860595703125,1018900,0.0,0.0,5071.6298828125,,421.8768310546875
2024-04-25 04:00:00+00:00,434.379791726511,441.6360482324322,433.9813959619114,440.8582458496094,927700,0.0,0.0,5048.419921875,,419.83917236328125
2024-04-26 04:00:00+00:00,440.0235955269121,442.0155167350499,435.53706170493524,437.5479431152344,858000,0.0,0.0,5099.9599609375,,426.3180236816406
2024-04-29 04:00:00+00:00,438.2118870120872,443.58057667570955,438.18343223609287,443.4857177734375,951500,0.0,0.0,5116.169921875,,428.0489196777344
2024-04-30 04:00:00+00:00,443.0398853547627,443.89358648665876,439.7579759138642,441.00054931640625,711800,0.0,0.0,5035.68994140625,,419.97760009765625
2024-05-01 04:00:00+00:00,438.7999540406639,441.44636388924164,436.8554768831832,437.96527099609375,994700,0.0,0.0,5018.39013671875,,416.94097900390625
2024-05-02 04:00:00+00:00,437.36769803199337,439.73902579301387,435.37577692336174,439.359619140625,1011400,0.0,0.0,5064.2001953125,,422.2625427246094
2024-05-03 04:00:00+00:00,439.10347759050495,439.10347759050495,433.6399583571813,438.135986328125,910700,0.0,0.0,5127.7900390625,,430.7493591308594
2024-05-06 04:00:00+00:00,439.3216280575587,439.64412512879693,436.49499521406693,438.961181640625,796300,0.0,0.0,5180.740234375,,435.467529296875
2024-05-07 04:00:00+00:00,440.11840517075075,442.78377509321194,439.32164256604887,442.66046142578125,723400,0.0,0.0,5187.7001953125,,435.5367736816406
2024-05-08 04:00:00+00:00,443.43829506273954,443.9125606189564,439.9097581666114,442.1672668457031,599000,0.0,0.0,5187.669921875,,435.2795715332031
2024-05-09 04:00:00+00:00,442.09133735489263,444.6334225587821,441.26611997605113,444.282470703125,594800,0.0,0.0,5214.080078125,,436.2291259765625
2024-05-10 04:00:00+00:00,444.86107251504467,446.39768821931153,443.8935812430284,444.74725341796875,482500,0.0,0.0,5222.68017578125,,437.25787353515625
2024-05-13 04:00:00+00:00,445.69576512402443,448.0386379266097,445.3353187010314,446.34075927734375,634300,0.0,0.0,5221.419921875,,438.2667541503906
2024-05-14 04:00:00+00:00,446.86248601241584,446.86248601241584,442.7743191647032,443.134765625,565500,0.0,0.0,5246.68017578125,,441.0857849121094
2024-05-15 04:00:00+00:00,442.28105478139724,443.34340492096254,439.6536342059769,440.19427490234375,803900,0.0,0.0,5308.14990234375,,447.98004150390625
2024-05-16 04:00:00+00:00,439.73902595075134,444.21609392303884,429.68459045104345,440.90570068359375,1130800,0.0,0.0,5297.10009765625,,447.0700988769531
2024-05-17 04:00:00+00:00,441.86371395481854,442.96401347905487,439.3121630389432,442.2052001953125,677200,0.0,0.0,5303.27001953125,,446.85247802734375
2024-05-20 04:00:00+00:00,443.6943752390526,444.6429063241156,440.9910848041202,443.0398864746094,735200,0.0,0.0,5308.1298828125,,449.96826171875
2024-05-21 04:00:00+00:00,443.9125616741027,444.9749118910539,442.8122621074396,444.20660400390625,558900,0.0,0.0,5321.41015625,,450.8486022949219
2024-05-22 04:00:00+00:00,443.40981507282777,445.71473859772317,442.75532632671616,445.5345153808594,548700,0.0,0.0,5307.009765625,,450.75958251953125
2024-05-23 04:00:00+00:00,443.9979121335219,445.50607308514753,442.233658209803,443.0398864746094,867000,0.0,0.0,5267.83984375,,448.7317810058594
2024-05-24 04:00:00+00:00,443.5995574105768,444.53859394745194,441.51277738766277,443.2960205078125,513700,0.0,0.0,5304.72021484375,,452.9752502441406
2024-05-28 04:00:00+00:00,441.64557108575144,442.0155121255917,433.7158646339631,434.882568359375,1150400,0.0,0.0,5306.0400390625,,454.68646240234375
2024-05-29 04:00:00+00:00,432.51122703696456,432.5301872383378,428.5463449876568,429.41900634765625,1268000,0.0,0.0,5266.9501953125,,451.4816589355469
2024-05-30 04:00:00+00:00,431.5816048932997,439.11294334718724,431.5816048932997,437.21588134765625,1173600,0.0,0.0,5235.47998046875,,446.6447448730469
2024-05-31 04:00:00+00:00,437.17797476629426,446.1510707966803,435.84054245217607,446.1321105957031,1651600,0.0,0.0,5277.509765625,,445.8138732910156
2024-06-03 04:00:00+00:00,444.99576284709417,449.3120202702689,444.05039490813095,446.5236511230469,990100,3.15,0.0,5283.39990234375,,448.2076110839844
2024-06-04 04:00:00+00:00,446.43768995314144,448.96823930785905,445.1485333710646,447.7554931640625,845800,0.0,0.0,5291.33984375,,449.4341125488281
2024-06-05 04:00:00+00:00,447.3066854055559,447.7172968077992,442.72302070543964,444.2604675292969,915300,0.0,0.0,5354.02978515625,,458.4945983886719
2024-06-06 04:00:00+00:00,444.26046447707205,448.61492696993713,443.4201244973886,447.4976501464844,768100,0.0,0.0,5352.9599609375,,458.33636474609375
2024-06-07 04:00:00+00:00,447.6790957230621,453.86703001145645,447.4976573544333,448.9396057128906,1042800,0.0,0.0,5346.990234375,,457.9307861328125
2024-06-10 04:00:00+00:00,449.5316086346743,449.5316086346743,444.76653516227935,446.389892578125,900400,0.0,0.0,5360.7900390625,,459.7804870605469
2024-06-11 04:00:00+00:00,444.69016490270093,445.5495929230877,441.7298869284408,441.9399719238281,908300,0.0,0.0,5375.31982421875,,462.93585205078125
2024-06-12 04:00:00+00:00,441.46250814162056,442.3506119322574,437.04122293747054,438.4162902832031,1026400,0.0,0.0,5421.02978515625,,468.9992370605469
2024-06-13 04:00:00+00:00,437.96746267843827,439.02741700537746,435.45600155736656,437.89105224609375,742000,0.0,0.0,5433.740234375,,471.54132080078125
2024-06-14 04:00:00+00:00,435.9239385280598,437.89108474733774,433.95679230878187,437.6809997558594,702800,0.0,0.0,5431.60009765625,,473.9845275878906
2024-06-17 04:00:00+00:00,437.1176145580965,438.49271107834846,435.74251803784455,438.3208312988281,669700,0.0,0.0,5473.22998046875,,479.79071044921875
2024-06-18 04:00:00+00:00,439.0752078707168,439.93466506337586,436.77386057299924,439.2662048339844,657900,0.0,0.0,5487.02978515625,,479.9390869140625
2024-06-20 04:00:00+00:00,439.26617376356,446.4185636587347,438.46403903025436,445.3204040527344,1041400,0.0,0.0,5473.169921875,,476.2397155761719
2024-06-21 04:00:00+00:00,446.0939225278572,448.6244720031924,442.75167967385545,446.5236511230469,3363500,0.0,0.0,5464.6201171875,,474.9637451171875
2024-06-24 04:00:00+00:00,447.8223356440285,454.2490016575964,446.73373455783656,450.2574157714844,1031500,0.0,0.0,5447.8701171875,,469.5564270019531
2024-06-25 04:00:00+00:00,449.59849043602094,450.3624199600234,445.6259927987132,446.9724426269531,711200,0.0,0.0,5469.2998046875,,474.92608642578125
2024-06-26 04:00:00+00:00,445.9506596643334,447.00108460544175,442.8185020212378,445.94110107421875,932100,0.0,0.0,5477.89990234375,,475.9068908691406
2024-06-27 04:00:00+00:00,447.7459198764772,447.7459198764772,444.33682544570155,446.0747985839844,871000,0.0,0.0,5482.8701171875,,477.13531494140625
2024-06-28 04:00:00+00:00,448.863188779902,450.48657548350695,443.91667651378145,446.0461730957031,3472500,0.0,0.0,5460.47998046875,,474.6585693359375
2024-07-01 04:00:00+00:00,449.5507430419325,450.4197296638904,443.8116545280561,445.4159240722656,562500,0.0,0.0,5475.08984375,,477.4425048828125
2024-07-02 04:00:00+00:00,444.6137910709027,445.6355694357182,443.104990858138,444.70928955078125,502500,0.0,0.0,5509.009765625,,482.4554748535156
2024-07-03 04:00:00+00:00,444.5087760535845,445.4446146176585,443.21008985891575,445.0244445800781,313300,0.0,0.0,5537.02001953125,,486.477783203125
2024-07-05 04:00:00+00:00,444.02175728438385,444.0408453242291,438.9701876799548,441.328857421875,631400,0.0,0.0,5567.18994140625,,491.55023193359375
2024-07-08 04:00:00+00:00,441.8253849548099,443.63021002361575,440.33570194978483,440.9468688964844,447700,0.0,0.0,5572.85009765625,,492.71923828125
2024-07-09 04:00:00+00:00,440.8895631949284,441.76807922845995,439.03700351034007,439.5526428222656,537100,0.0,0.0,5576.97998046875,,493.1452331542969
2024-07-10 04:00:00+00:00,439.61948493954446,440.5935285690435,436.6401190795198,440.23065185546875,656000,0.0,0.0,5633.91015625,,498.2870178222656
2024-07-11 04:00:00+00:00,439.18983130263746,444.7761283014658,435.55153433973487,439.62908935546875,1132900,0.0,0.0,5584.5400390625,,487.3594970703125
2024-07-12 04:00:00+00:00,441.51979021707604,443.9453116190865,438.8173611200732,442.82806396484375,579400,0.0,0.0,5615.35009765625,,490.2226867675781
2024-07-15 04:00:00+00:00,445.67374267342825,446.1894111478499,441.9208884886831,442.9713134765625,783000,0.0,0.0,5631.22021484375,,491.540283203125
2024-07-16 04:00:00+00:00,442.8471600116162,448.0419624517952,442.8471600116162,447.4594421386719,736400,0.0,0.0,5667.2001953125,,491.728515625
2024-07-17 04:00:00+00:00,448.81543631603915,455.2898365508314,448.5289700347823,454.6118469238281,1123100,0.0,0.0,5588.27001953125,,477.29388427734375
2024-07-18 04:00:00+00:00,453.1126236795377,459.18594222371036,451.6993219701812,454.5450134277344,981100,0.0,0.0,5544.58984375,,475.03509521484375
2024-07-19 04:00:00+00:00,457.92545812278837,457.92545812278837,451.49879234064224,453.5137023925781,889400,0.0,0.0,5505.0,,470.8245544433594
2024-07-22 04:00:00+00:00,453.5900707108347,454.66914227862105,451.53698464023637,453.19854736328125,881600,0.0,0.0,5564.41015625,,477.8388366699219
2024-07-23 04:00:00+00:00,466.80628241410267,479.1534754789906,461.09581126150533,478.69512939453125,2579100,0.0,0.0,5555.740234375,,476.1545715332031
2024-07-24 04:00:00+00:00,482.23788735910057,496.17029077948433,478.80970468660297,491.9781494140625,2580100,0.0,0.0,5427.1298828125,,459.0747375488281
2024-07-25 04:00:00+00:00,491.7871289574227,502.9502216528876,489.75313092638646,497.898681640625,1923900,0.0,0.0,5399.22021484375,,454.01220703125
2024-07-26 04:00:00+00:00,498.74854141588423,504.8123596700077,496.5713393004969,501.1454162597656,1141300,0.0,0.0,5459.10009765625,,458.6685791015625
2024-07-29 04:00:00+00:00,499.42660951821745,505.5954563083071,495.8551933759896,503.85748291015625,961200,0.0,0.0,5463.5400390625,,459.58990478515625
2024-07-30 04:00:00+00:00,504.1533619212773,514.189646862374,501.36499338851803,513.4256591796875,1234200,0.0,0.0,5436.43994140625,,453.27911376953125
2024-07-31 04:00:00+00:00,518.5250502403642,522.3447559511588,513.9222978647667,517.4937133789062,1481500,0.0,0.0,5522.2998046875,,466.69329833984375
2024-08-01 04:00:00+00:00,519.5182187195594,524.3692619078744,516.3192380941452,524.1209716796875,1271700,0.0,0.0,5446.68017578125,,455.3893737792969
2024-08-02 04:00:00+00:00,526.2790881415823,535.8283531438378,516.9876719452958,524.0350341796875,1484800,0.0,0.0,5346.56005859375,,444.5806884765625
2024-08-05 04:00:00+00:00,528.2270879801292,537.2415959746302,513.9796017049682,520.7977905273438,1683800,0.0,0.0,5186.330078125,,431.32501220703125
2024-08-06 04:00:00+00:00,521.3707834808356,524.713026433803,516.7489715792522,517.1500244140625,1033700,0.0,0.0,5240.02978515625,,435.44635009765625
2024-08-07 04:00:00+00:00,515.5361642265358,527.2817485045505,512.5472396226684,523.7867431640625,1306600,0.0,0.0,5199.5,,430.7305908203125
2024-08-08 04:00:00+00:00,520.9220044211324,528.7237382068672,519.1840310633191,526.756591796875,846300,0.0,0.0,5319.31005859375,,443.906982421875
2024-08-09 04:00:00+00:00,527.272199203561,528.6568543079853,523.4238756534568,526.7183837890625,825100,0.0,0.0,5344.16015625,,446.22528076171875
2024-08-12 04:00:00+00:00,526.2312464108056,532.4287088109318,525.5914621053643,531.8079833984375,793700,0.0,0.0,5344.39013671875,,447.186279296875
2024-08-13 04:00:00+00:00,531.7985809540654,534.4628048556455,527.415442758215,534.2049560546875,793600,0.0,0.0,5434.43017578125,,458.28216552734375
2024-08-14 04:00:00+00:00,532.925401250031,538.7886057060466,531.894064303112,537.8336791992188,796700,0.0,0.0,5455.2099609375,,458.4307861328125
2024-08-15 04:00:00+00:00,536.4776537933009,538.6549140181947,533.6415502880183,535.0357055664062,974600,0.0,0.0,5543.22021484375,,470.0121765136719
2024-08-16 04:00:00+00:00,536.0002433128515,537.0697563511148,531.8940709390803,534.8829956054688,912000,0.0,0.0,5554.25,,470.61651611328125
2024-08-19 04:00:00+00:00,530.289804125081,537.3944597926373,530.2229522743326,533.221435546875,709700,0.0,0.0,5608.25,,476.7985534667969
2024-08-20 04:00:00+00:00,532.8203176374909,533.7084505831712,526.1263317506086,531.9036254882812,972200,0.0,0.0,5597.1201171875,,475.7979431152344
2024-08-21 04:00:00+00:00,533.2118041020178,534.7492216069026,528.3703202943652,528.800048828125,883100,0.0,0.0,5620.85009765625,,478.0171203613281
2024-08-22 04:00:00+00:00,529.2010933085495,533.0207988215788,528.3321359493308,531.9226684570312,774500,0.0,0.0,5570.64013671875,,470.438232421875
2024-08-23 04:00:00+00:00,532.8489340044807,533.6797153141267,527.8642461466047,529.9937133789062,870400,0.0,0.0,5634.60986328125,,475.54034423828125
2024-08-26 04:00:00+00:00,531.0441635923067,534.8925453757386,531.0441635923067,532.9444580078125,795400,0.0,0.0,5616.83984375,,470.92364501953125
2024-08-27 04:00:00+00:00,534.2336374595915,536.8501267214994,531.9131730787589,535.1503295898438,749600,0.0,0.0,5625.7998046875,,472.3304748535156
2024-08-28 04:00:00+00:00,536.8596484760883,543.0952877315626,536.4585956966205,538.5593872070312,829300,0.0,0.0,5592.18017578125,,466.970703125
2024-08-29 04:00:00+00:00,538.5785316890755,542.9425526722067,537.6236052144494,541.300048828125,662300,0.0,0.0,5591.9599609375,,466.2871398925781
2024-08-30 04:00:00+00:00,539.5048495138984,543.4392007001973,537.1939434773436,542.4937744140625,1082800,0.0,0.0,5648.39990234375,,471.8450012207031
2024-09-03 04:00:00+00:00,544.7791950980107,549.2635506834363,542.7242439715853,544.6735229492188,1266900,3.15,0.0,5528.93017578125,,457.5193786621094
2024-09-04 04:00:00+00:00,546.7092166978911,555.7259271742295,546.1138072810811,551.9329833984375,941700,0.0,0.0,5520.06982421875,,456.33050537109375
2024-09-05 04:00:00+00:00,552.3363189699771,553.0276714725692,541.9751744448647,545.9890747070312,841000,0.0,0.0,5503.41015625,,456.75653076171875
2024-09-06 04:00:00+00:00,546.4307854923477,549.3691510233481,542.4937800833635,544.1069946289062,976700,0.0,0.0,5408.419921875,,444.5212707519531
2024-09-09 04:00:00+00:00,544.9519848630333,555.0250071904763,544.9231492043587,553.65185546875,810200,0.0,0.0,5471.0498046875,,450.23760986328125
2024-09-10 04:00:00+00:00,554.6025267099781,554.8809783813803,547.7463209798228,549.4459838867188,756400,0.0,0.0,5495.52001953125,,454.3985900878906
2024-09-11 04:00:00+00:00,548.495282240194,549.6571482271175,538.7679367070168,544.423828125,809200,0.0,0.0,5554.1298828125,,464.26605224609375
2024-09-12 04:00:00+00:00,542.5417843827681,546.3539525052827,541.4855317860034,545.6818237304688,739400,0.0,0.0,5595.759765625,,468.82330322265625
2024-09-13 04:00:00+00:00,544.4622873271535,549.705278600679,542.0904956187682,547.256591796875,638800,0.0,0.0,5626.02001953125,,470.92364501953125
2024-09-16 04:00:00+00:00,551.5776148449906,554.0646901085054,546.3730721214047,550.1468505859375,597700,0.0,0.0,5633.08984375,,468.8431091308594
2024-09-17 04:00:00+00:00,544.1357398183295,545.5281153211203,541.1973744593861,544.4718627929688,739900,0.0,0.0,5634.580078125,,469.0907897949219
2024-09-18 04:00:00+00:00,543.8092927180771,546.9012724609663,539.9299002098965,543.0122680664062,731700,0.0,0.0,5618.259765625,,467.05987548828125
2024-09-19 04:00:00+00:00,543.9532410034507,544.9711631132637,539.8145624115316,542.7145385742188,917500,0.0,0.0,5713.64013671875,,478.86907958984375
2024-09-20 04:00:00+00:00,540.6981209717727,550.7039194534839,540.5636717726874,549.1867065429688,3794400,0.0,0.0,5702.5498046875,,477.9576721191406
2024-09-23 04:00:00+00:00,548.7833719865134,558.6259434000948,548.1304084282608,557.4352416992188,884500,0.0,0.0,5718.56982421875,,479.224609375
2024-09-24 04:00:00+00:00,555.9180073755681,558.0593479769492,553.2485405381719,555.6299438476562,690100,0.0,0.0,5732.93017578125,,481.53619384765625
2024-09-25 04:00:00+00:00,558.4435722116422,560.5465242572872,553.9303807656153,554.9674682617188,844500,0.0,0.0,5722.259765625,,481.98260498046875
2024-09-26 04:00:00+00:00,552.1442271040479,559.3749439843851,551.6064889837525,554.4488525390625,746200,0.0,0.0,5745.3701171875,,485.6037902832031
2024-09-27 04:00:00+00:00,554.6889259364067,560.8537199716478,552.4611369353747,559.211669921875,848100,0.0,0.0,5738.169921875,,482.9053039550781
2024-09-30 04:00:00+00:00,560.9209908061804,561.6987917130236,556.1869607671139,561.3242797851562,974900,0.0,0.0,5762.47998046875,,484.2148742675781
2024-10-01 04:00:00+00:00,562.8221857265414,587.1837434667312,558.7795088201966,581.7775268554688,2356200,0.0,0.0,5708.75,,477.46856689453125
2024-10-02 04:00:00+00:00,580.8942159587033,585.7530834541406,577.5141138369845,579.223388671875,1192500,0.0,0.0,5709.5400390625,,478.1432189941406
2024-10-03 04:00:00+00:00,580.4140458705225,584.7927875511737,577.1107804897462,581.7391967773438,856600,0.0,0.0,5699.93994140625,,477.7860107421875
2024-10-04 04:00:00+00:00,579.6649999007808,582.1904643144526,575.4975440502692,581.0765991210938,559800,0.0,0.0,5751.06982421875,,483.47076416015625
2024-10-07 04:00:00+00:00,582.8722632125838,587.2798403813706,579.991510676113,581.4702758789062,1102200,0.0,0.0,5695.93994140625,,478.2920227050781
2024-10-08 04:00:00+00:00,583.08346858141,586.4731820722764,579.1176866573579,583.8804931640625,571800,0.0,0.0,5751.1298828125,,485.4351501464844
2024-10-09 04:00:00+00:00,582.5937483632572,583.0066491489367,579.050420783438,581.0573120117188,543800,0.0,0.0,5792.0400390625,,489.2547607421875
2024-10-10 04:00:00+00:00,582.0175914850438,583.1506803826469,572.5206971184272,573.740234375,853700,0.0,0.0,5780.0498046875,,488.6991271972656
2024-10-11 04:00:00+00:00,576.7075171553315,580.519685196607,576.237003579362,580.15478515625,526000,0.0,0.0,5815.02978515625,,489.46307373046875
2024-10-14 04:00:00+00:00,581.9120229277253,587.6639162191484,579.7802941443989,586.5884399414062,562300,0.0,0.0,5859.85009765625,,493.57037353515625
2024-10-15 04:00:00+00:00,588.153602032622,590.1893289950145,579.7225720621584,580.9517211914062,849600,0.0,0.0,5815.259765625,,486.972900390625
2024-10-16 04:00:00+00:00,579.0312982073693,588.6434191852438,578.6663981731735,588.4705810546875,549200,0.0,0.0,5842.47021484375,,487.03240966796875
2024-10-17 04:00:00+00:00,588.4705489077884,590.0549276558685,583.1027208309781,585.3881225585938,617500,0.0,0.0,5841.47021484375,,487.3697204589844
2024-10-18 04:00:00+00:00,587.0877999079062,588.9890778964377,584.3030489107703,587.4910888671875,864100,0.0,0.0,5864.669921875,,490.5643005371094
2024-10-21 04:00:00+00:00,591.1688961598085,594.347324391318,587.0589940501964,590.1798095703125,1017500,0.0,0.0,5853.97998046875,,491.50677490234375
2024-10-22 04:00:00+00:00,582.7762806633718,584.1590442705394,551.1840033681574,554.0455322265625,2259200,0.0,0.0,5851.2001953125,,492.04254150390625
2024-10-23 04:00:00+00:00,554.0839581250027,559.0388266684948,548.3032293167118,548.3992309570312,1402200,0.0,0.0,5797.419921875,,484.5025329589844
2024-10-24 04:00:00+00:00,548.0439376495516,551.1167520284768,541.7543064325848,541.7831420898438,1102800,0.0,0.0,5809.85986328125,,488.4312744140625
2024-10-25 04:00:00+00:00,544.1741308672084,547.3237229611658,538.7966913128311,539.9393920898438,1077600,0.0,0.0,5808.1201171875,,491.4075927734375
2024-10-28 04:00:00+00:00,540.6212590171071,540.7748733737775,532.4591263321242,533.1024780273438,1278700,0.0,0.0,5823.52001953125,,491.4869079589844
2024-10-29 04:00:00+00:00,530.8265675935893,531.4027531707223,524.6905516427836,525.0650634765625,1041700,0.0,0.0,5832.919921875,,496.2093505859375
2024-10-30 04:00:00+00:00,525.1612418481724,529.3479217155202,521.6083017882779,524.2393798828125,1005200,0.0,0.0,5813.669921875,,492.4592590332031
2024-10-31 04:00:00+00:00,525.2956096776588,529.7511877369692,521.0993181056073,524.344970703125,1245300,0.0,0.0,5705.4501953125,,480.0281677246094
2024-11-01 04:00:00+00:00,526.2175401180122,527.4946903394218,522.9718870979018,523.6728515625,792600,0.0,0.0,5728.7998046875,,483.57989501953125
2024-11-04 05:00:00+00:00,524.0088330498395,526.9951987423806,518.9290691980531,521.5121459960938,827600,0.0,0.0,5712.68994140625,,482.1711120605469
2024-11-05 05:00:00+00:00,523.3366510559556,525.4203787422856,520.4558988483082,525.01708984375,610100,0.0,0.0,5782.759765625,,488.3221435546875
2024-11-06 05:00:00+00:00,539.0849015751734,539.0849015751734,518.5355079997067,529.8856811523438,1751300,0.0,0.0,5929.0400390625,,501.5865173339844
2024-11-07 05:00:00+00:00,532.9392130398269,534.8597147084389,527.8210596824392,529.9048461914062,818200,0.0,0.0,5973.10009765625,,509.4836120605469
2024-11-08 05:00:00+00:00,533.3904959012176,544.279766009402,532.6703077848024,542.1192016601562,1165700,0.0,0.0,5995.5400390625,,510.0789794921875
2024-11-11 05:00:00+00:00,547.5542285193084,553.2485678122073,547.1509395603505,547.8999633789062,1171400,0.0,0.0,6001.35009765625,,509.7813415527344
2024-11-12 05:00:00+00:00,551.4913065428631,553.5174218853199,542.3496991765038,543.463623046875,1133500,0.0,0.0,5983.990234375,,508.8586120605469
2024-11-13 05:00:00+00:00,541.5815220388871,542.5417729644879,534.2164138500667,535.5607299804688,1118300,0.0,0.0,5985.3798828125,,508.2038879394531
2024-11-14 05:00:00+00:00,539.036871985694,539.036871985694,512.5723569379982,517.565673828125,1972700,0.0,0.0,5949.169921875,,504.6719970703125
2024-11-15 05:00:00+00:00,516.4901254019838,520.9744805078421,510.2964956329017,513.5709838867188,1757100,0.0,0.0,5870.6201171875,,492.6477355957031
2024-11-18 05:00:00+00:00,515.078656668174,516.5958110402904,507.72310123244176,509.8548889160156,1298400,0.0,0.0,5893.6201171875,,496.0704040527344
2024-11-19 05:00:00+00:00,515.731642551158,517.8825954932025,510.0949736615612,512.0634765625,935700,0.0,0.0,5916.97998046875,,499.4832458496094
2024-11-20 05:00:00+00:00,512.9467273365347,513.9549788800805,508.1646974614555,513.474853515625,994300,0.0,0.0,5917.10986328125,,499.1955871582031
2024-11-21 05:00:00+00:00,513.8686574756481,523.0294295485025,512.5050590607294,520.465576171875,1321700,0.0,0.0,5948.7099609375,,500.9913024902344
2024-11-22 05:00:00+00:00,523.3367007244252,524.2969515514426,518.4586101126408,520.6671752929688,1311000,0.0,0.0,5969.33984375,,501.79486083984375
2024-11-25 05:00:00+00:00,511.79450486237954,512.9275938889347,494.43321082502325,501.1453552246094,3613500,0.0,0.0,5987.3701171875,,502.58856201171875
2024-11-26 05:00:00+00:00,498.7447248623103,503.22908011741487,498.7447248623103,500.72283935546875,1345800,0.0,0.0,6021.6298828125,,505.2870788574219
2024-11-27 05:00:00+00:00,502.7297530468594,508.92338329494083,502.3744648898918,504.8519287109375,890400,0.0,0.0,5998.740234375,,501.3087463378906
2024-11-29 05:00:00+00:00,506.7915967151203,508.4335881162343,503.7380061244063,508.3663635253906,658200,0.0,0.0,6032.3798828125,,505.71368408203125
2024-12-02 05:00:00+00:00,507.53542559919936,509.02346634840706,501.786083423443,502.7910461425781,1115600,3.3,0.0,6047.14990234375,,511.2198486328125
2024-12-03 05:00:00+00:00,502.5977741925035,503.91189268248684,498.83895416554907,499.56365966796875,1188400,0.0,0.0,6049.8798828125,,512.787353515625
2024-12-04 05:00:00+00:00,498.72299281598436,502.29821832872176,495.8338430590028,500.0467834472656,1542800,0.0,0.0,6086.490234375,,519.1268920898438
2024-12-05 05:00:00+00:00,499.96949173762073,503.0036063440923,496.6745232473793,500.0274658203125,1113400,0.0,0.0,6075.10986328125,,517.6883544921875
2024-12-06 05:00:00+00:00,498.3268206531298,499.9888426733195,492.41325772231085,495.72760009765625,1284700,0.0,0.0,6090.27001953125,,522.3213500976562
2024-12-09 05:00:00+00:00,493.94961398024424,498.9452341030162,491.39863643711954,492.8094177246094,1170500,0.0,0.0,6052.85009765625,,518.2538452148438
2024-12-10 05:00:00+00:00,491.98807989358835,497.25425557031855,490.9638317990925,495.6405944824219,1178900,0.0,0.0,6034.91015625,,516.4879150390625
2024-12-11 05:00:00+00:00,496.47155508599735,496.66482167576027,486.3353505546037,487.2339782714844,1308000,0.0,0.0,6084.18994140625,,525.7342529296875
2024-12-12 05:00:00+00:00,483.1369757975282,484.1998830419509,472.2277346272846,479.8323059082031,1862800,0.0,0.0,6051.25,,522.34130859375
2024-12-13 05:00:00+00:00,478.8564228167583,482.38331708949835,475.5807397369606,477.9674377441406,990100,0.0,0.0,6051.08984375,,526.3395385742188
2024-12-16 05:00:00+00:00,478.1123299876391,478.1123299876391,473.6191620993515,475.0685729980469,1483700,0.0,0.0,6074.080078125,,533.9191284179688
2024-12-17 05:00:00+00:00,472.56597722654385,476.37309928374106,471.3098327763054,474.0636901855469,1354500,0.0,0.0,6050.60986328125,,531.56787109375
2024-12-18 05:00:00+00:00,472.9911294347455,473.70616276820357,466.1402502201447,466.6523742675781,1424400,0.0,0.0,5872.16015625,,512.3905639648438
2024-12-19 05:00:00+00:00,463.81150079920474,467.6765966391981,461.2122214877419,463.48297119140625,1250400,0.0,0.0,5867.080078125,,510.108642578125
2024-12-20 05:00:00+00:00,463.28006330116136,472.52728271484375,461.65670063237314,472.52728271484375,3973500,0.0,0.0,5930.85009765625,,514.563232421875
2024-12-23 05:00:00+00:00,470.99094154531934,472.36306363748713,465.57980110056474,470.0826416015625,1053900,0.0,0.0,5974.06982421875,,519.576416015625
2024-12-24 05:00:00+00:00,469.6671336425592,472.247098173049,467.6862837566152,471.6673278808594,375900,0.0,0.0,6040.0400390625,,526.621826171875
2024-12-26 05:00:00+00:00,471.54172287476104,476.8272429561901,469.87005820040565,473.4549560546875,662100,0.0,0.0,6037.58984375,,526.2640380859375
2024-12-27 05:00:00+00:00,471.90887529812704,476.7595598998017,469.97632740271774,472.4789733886719,820600,0.0,0.0,5970.83984375,,519.2683715820312
2024-12-30 05:00:00+00:00,469.60917649952637,470.1406154183347,465.5991451904604,467.06787109375,887600,0.0,0.0,5906.93994140625,,512.3621826171875
2024-12-31 05:00:00+00:00,468.0437929359154,470.12127608541715,465.7440561562623,469.5511779785156,731900,0.0,0.0,5881.6298828125,,508.0097961425781
2025-01-02 05:00:00+00:00,469.5512103122046,473.20372501130373,465.18366225832034,465.98565673828125,953700,0.0,0.0,5868.5498046875,,507.01611328125
2025-01-03 05:00:00+00:00,465.1836257057835,467.5993106208832,464.690816546834,465.57012939453125,817200,0.0,0.0,5942.47021484375,,515.3134765625
2025-01-06 05:00:00+00:00,462.60365375633404,463.8114961943401,450.14836838121164,450.2836608886719,1698600,0.0,0.0,5975.3798828125,,521.23583984375
2025-01-07 05:00:00+00:00,450.0131517643411,457.4534737449896,447.32691108476257,448.3125,1276600,0.0,0.0,5909.02978515625,,511.9348449707031
2025-01-08 05:00:00+00:00,447.8680255521006,453.3951143393108,445.684236746364,453.03759765625,998700,0.0,0.0,5918.25,,512.0243530273438
2025-01-10 05:00:00+00:00,452.2161939490106,455.6851137785229,450.02276276937647,452.2644958496094,1127400,0.0,0.0,5827.0400390625,,503.9952087402344
2025-01-13 05:00:00+00:00,453.18251603521355,468.4689781309171,452.989249435597,466.8649597167969,1435200,0.0,0.0,5836.22021484375,,502.37548828125
2025-01-14 05:00:00+00:00,468.64288996669876,468.8361565620219,461.84998492671514,468.12109375,1162000,0.0,0.0,5842.91015625,,501.89849853515625
2025-01-15 05:00:00+00:00,471.3098001212604,471.3098001212604,464.1690213425289,467.6476135253906,882200,0.0,0.0,5949.91015625,,513.4453125
2025-01-16 05:00:00+00:00,465.5508108491753,470.5754475464458,465.26094043863174,470.4401550292969,956400,0.0,0.0,5937.33984375,,509.84814453125
2025-01-17 05:00:00+00:00,471.0972068810294,475.45508231608824,467.86018327119126,473.783447265625,1337600,0.0,0.0,5996.66015625,,518.4535522460938
2025-01-21 05:00:00+00:00,478.3056324939598,492.3649074719301,478.03507695208276,489.2148742675781,1615900,0.0,0.0,6049.240234375,,521.4943237304688
2025-01-22 05:00:00+00:00,486.2676996179126,488.4804752495271,478.4795338365763,482.4992370605469,1324800,0.0,0.0,6086.3701171875,,528.1619873046875
2025-01-23 05:00:00+00:00,486.5382682818942,488.9346383902026,477.3200356592661,480.50872802734375,913000,0.0,0.0,6118.7099609375,,529.284912109375
2025-01-24 05:00:00+00:00,478.30563512223523,480.51841086266796,477.9191314157645,480.19952392578125,759400,0.0,0.0,6101.240234375,,526.2938232421875
2025-01-27 05:00:00+00:00,483.2239832267948,490.007216401295,480.0256184995509,486.70257568359375,1948600,0.0,0.0,6012.27978515625,,510.9710388183594
2025-01-28 05:00:00+00:00,457.7240487054288,463.55068029466815,441.848142979039,442.0220947265625,4023900,0.0,0.0,6067.7001953125,,518.523193359375
2025-01-29 05:00:00+00:00,444.4860236795351,446.89203641492253,434.24351375794714,439.0362243652344,2396800,0.0,0.0,6039.31005859375,,517.54931640625
2025-01-30 05:00:00+00:00,441.1813589650644,444.3797529547381,436.0987779036318,444.1478271484375,1911800,0.0,0.0,6071.169921875,,519.7553100585938
2025-01-31 05:00:00+00:00,444.4860278342454,448.5733773581763,441.7321411119519,447.3365478515625,1473800,0.0,0.0,6040.52978515625,,519.0001220703125
2025-02-03 05:00:00+00:00,443.3265284386858,445.7712006392568,438.2825766488172,440.060546875,1476300,0.0,0.0,5994.56982421875,,514.8463745117188
2025-02-04 05:00:00+00:00,438.68842620427324,440.0508761766808,436.0408446982533,438.37921142578125,1234200,0.0,0.0,6037.8798828125,,521.1663818359375
2025-02-05 05:00:00+00:00,441.587231418582,441.6838647191869,433.6347855411265,434.69769287109375,1139700,0.0,0.0,6061.47998046875,,523.5313720703125
2025-02-06 05:00:00+00:00,434.8232845615901,436.9201120420128,429.6343980839564,433.3931884765625,1291800,0.0,0.0,6083.56982421875,,526.2640380859375
2025-02-07 05:00:00+00:00,434.7266766654151,436.2727209985158,428.81308436802186,429.40252685546875,1347400,0.0,0.0,6025.990234375,,519.6260986328125
2025-02-10 05:00:00+00:00,429.79866247183304,433.79905097755494,425.8466053590116,433.10333251953125,1427800,0.0,0.0,6066.43994140625,,525.9161987304688
2025-02-11 05:00:00+00:00,432.7941127381301,436.5625753885296,429.9919240744146,434.2048645019531,906100,0.0,0.0,6068.5,,524.6641845703125
2025-02-12 05:00:00+00:00,432.17571510615056,433.99231492927873,426.17513238411374,427.0641174316406,1282800,0.0,0.0,6051.97021484375,,524.9722900390625
2025-02-13 05:00:00+00:00,427.57626568938156,430.2818212249599,417.4400603751846,420.05865478515625,2400000,0.0,0.0,6115.06982421875,,532.5243530273438
2025-02-14 05:00:00+00:00,418.92806456387086,420.48378097712623,405.54519377655964,408.91748046875,3252800,0.0,0.0,6114.6298828125,,534.76025390625
2025-02-18 05:00:00+00:00,415.19827584851885,418.3289941604069,409.2170374520764,414.0870666503906,2812500,0.0,0.0,6129.580078125,,535.9725341796875
2025-02-19 05:00:00+00:00,416.46411197762217,423.22803026960213,411.2268936966751,418.3483581542969,2802100,0.0,0.0,6144.14990234375,,536.12158203125
2025-02-20 05:00:00+00:00,415.0919639470729,423.228003845177,414.8310805879028,421.57568359375,1358000,0.0,0.0,6117.52001953125,,533.845947265625
2025-02-21 05:00:00+00:00,421.67230892157943,428.76475627230013,420.97659048859737,425.85626220703125,1652400,0.0,0.0,6013.1298828125,,522.7662353515625
2025-02-24 05:00:00+00:00,427.09305113196876,433.161249864446,423.74975179386956,425.42138671875,1946200,0.0,0.0,5983.25,,516.5953369140625
2025-02-25 05:00:00+00:00,426.85151516450645,436.4369656728951,426.12680970582306,433.335205078125,1715500,0.0,0.0,5955.25,,510.08660888671875
2025-02-26 05:00:00+00:00,430.79393893744407,432.8907665628539,424.52282990274756,426.6099853515625,1466900,0.0,0.0,5956.06005859375,,511.3187255859375
2025-02-27 05:00:00+00:00,427.2767001015417,432.0017646019752,426.5616667816895,431.4026794433594,1458100,0.0,0.0,5861.56982421875,,497.1188049316406
2025-02-28 05:00:00+00:00,431.9244779886112,435.5963073931775,430.02091702912776,435.1808166503906,1433600,0.0,0.0,5954.5,,504.96905517578125
2025-03-03 05:00:00+00:00,440.82658657795054,442.3450983059065,436.8940160923682,439.92132568359375,1579400,3.3,0.0,5849.72021484375,,493.9190673828125
2025-03-04 05:00:00+00:00,438.79217626356575,451.4075160531095,436.56306708434414,436.8843078613281,2268700,0.0,0.0,5778.14990234375,,492.42852783203125
2025-03-05 05:00:00+00:00,439.13285750946227,451.15443313466346,437.41965264776337,448.1758117675781,2060100,0.0,0.0,5842.6298828125,,498.84783935546875
2025-03-06 05:00:00+00:00,449.05184475979075,451.1738635690344,441.35219661938277,449.22705078125,1395800,0.0,0.0,5738.52001953125,,485.12481689453125
2025-03-07 05:00:00+00:00,445.8201502097572,464.7918322487872,445.8201502097572,461.053955078125,2168700,0.0,0.0,5770.2001953125,,488.6922302246094
2025-03-10 04:00:00+00:00,462.8158257148969,481.0574829186638,461.10265055070886,466.42718505859375,2284400,0.0,0.0,5614.56005859375,,469.7522888183594
2025-03-11 04:00:00+00:00,464.0325561527191,465.9209669432723,454.133029710186,456.4107971191406,1456900,0.0,0.0,5572.06982421875,,468.62939453125
2025-03-12 04:00:00+00:00,452.7702643139003,454.40557992619784,443.87331561484285,449.22705078125,1271500,0.0,0.0,5599.2998046875,,473.9159240722656
2025-03-13 04:00:00+00:00,447.8156362207564,456.07013380963684,447.63068661432334,455.486083984375,1159200,0.0,0.0,5521.52001953125,,465.3899230957031
2025-03-14 04:00:00+00:00,453.5295365762869,456.5276153076644,449.67482572822144,453.77288818359375,972400,0.0,0.0,5638.93994140625,,476.6386413574219
2025-03-17 04:00:00+00:00,451.50485931925647,459.7106688380378,450.5217092659191,455.1745910644531,1051600,0.0,0.0,5675.1201171875,,479.72900390625
2025-03-18 04:00:00+00:00,455.6710463105919,459.0877126336409,453.013665575784,456.8002014160156,881600,0.0,0.0,5614.66015625,,471.5509033203125
2025-03-19 04:00:00+00:00,458.6983464539427,463.0397310388528,454.35693216302434,458.0364074707031,1122700,0.0,0.0,5675.2900390625,,477.8608703613281
2025-03-20 04:00:00+00:00,456.6833543339306,457.4036655705468,451.86498072779295,454.32769775390625,922000,0.0,0.0,5662.89013671875,,476.2411804199219
2025-03-21 04:00:00+00:00,465.37586162143515,468.69518100594877,421.0080110363121,428.0068054199219,7141700,0.0,0.0,5667.56005859375,,477.8111877441406
2025-03-24 04:00:00+00:00,414.3109672935433,424.18129265924256,413.01632015709004,423.4123229980469,3015400,0.0,0.0,5767.56982421875,,488.29644775390625
2025-03-25 04:00:00+00:00,425.15474005812797,432.20222321456737,421.4850083012616,430.3138122558594,1600200,0.0,0.0,5776.64990234375,,491.0829162597656
2025-03-26 04:00:00+00:00,432.46504432556884,439.20103046489834,431.21908517740496,433.3313903808594,1349700,0.0,0.0,5712.2001953125,,482.04669189453125
2025-03-27 04:00:00+00:00,434.16846253653137,436.2223655213971,428.5129736361002,430.5181884765625,1559300,0.0,0.0,5693.31005859375,,479.29998779296875
2025-03-28 04:00:00+00:00,430.46954752014096,433.9056711198972,427.870539213251,429.74920654296875,1595700,0.0,0.0,5580.93994140625,,466.68109130859375
2025-03-31 04:00:00+00:00,429.8270896370301,439.064707263832,429.01914565496844,434.83038330078125,1690000,0.0,0.0,5611.85009765625,,466.6611633300781
2025-04-01 04:00:00+00:00,436.08605107830493,439.2496217613507,432.6596713711371,436.70904541015625,1042400,0.0,0.0,5633.06982421875,,470.4229736328125
2025-04-02 04:00:00+00:00,434.3534518047107,443.79550678464415,433.17563825146425,440.82659912109375,1270300,0.0,0.0,5670.97021484375,,473.8562927246094
2025-04-03 04:00:00+00:00,441.4495754990949,449.5969828591254,438.8116225903144,442.685791015625,1813800,0.0,0.0,5396.52001953125,,448.4891357421875
2025-04-04 04:00:00+00:00,438.0329039027827,442.8317905872092,420.63813533853784,420.6575927734375,2392700,0.0,0.0,5074.080078125,,420.6339416503906
2025-04-07 04:00:00+00:00,410.9722171850464,427.23783073047935,407.7405006249917,419.36297607421875,1968100,0.0,0.0,5062.25,,421.6490478515625
2025-04-08 04:00:00+00:00,436.5143792784947,439.3859401125095,425.7971650413016,431.5694580078125,2151500,0.0,0.0,4982.77001953125,,414.0557861328125
2025-04-09 04:00:00+00:00,427.568782928008,455.8754294078405,423.80170472153515,449.9473876953125,2291600,0.0,0.0,5456.89990234375,,463.7552185058594
2025-04-10 04:00:00+00:00,447.7669452188098,456.6249494241222,438.4027803782817,451.3685607910156,1832600,0.0,0.0,5268.0498046875,,444.0306701660156
2025-04-11 04:00:00+00:00,451.9818080345274,465.4634934328103,448.07846833404244,462.2707214355469,1452300,0.0,0.0,5363.35986328125,,452.2110900878906
2025-04-14 04:00:00+00:00,460.22654449708034,466.0183245911114,455.15510535550436,462.6990051269531,1079600,0.0,0.0,5405.97021484375,,455.2762756347656
2025-04-15 04:00:00+00:00,461.657441466878,462.69899344168664,455.5541940484677,457.0921630859375,1224300,0.0,0.0,5396.6298828125,,455.7838134765625
2025-04-16 04:00:00+00:00,464.6360823225701,469.98010387121616,461.9105561765628,464.3927307128906,1529700,0.0,0.0,5275.7001953125,,442.04034423828125
2025-04-17 04:00:00+00:00,449.36334952619745,457.1798018129519,436.4657145892511,451.7384338378906,3052800,0.0,0.0,5282.7001953125,,441.9607238769531
2025-04-21 04:00:00+00:00,447.04667856074616,450.911103552818,440.74873731941017,446.1413879394531,1532900,0.0,0.0,5158.2001953125,,431.0236511230469
2025-04-22 04:00:00+00:00,445.86882953931894,458.2505612436259,430.58636551526325,449.7916564941406,2878000,0.0,0.0,5287.759765625,,442.33892822265625
2025-04-23 04:00:00+00:00,454.58079821161914,458.8540666549755,445.479442241984,451.2225341796875,1352700,0.0,0.0,5375.85986328125,,452.370361328125
2025-04-24 04:00:00+00:00,453.3835229721893,455.15512988537165,447.92272690866463,454.3958740234375,1105000,0.0,0.0,5484.77001953125,,465.0987548828125
2025-04-25 04:00:00+00:00,457.4912831809254,465.7360369150871,455.45686728626305,464.9378662109375,1521700,0.0,0.0,5525.2099609375,,470.28363037109375
2025-04-28 04:00:00+00:00,466.56345616356185,470.9243278751444,461.6769663426698,463.623779296875,1159700,0.0,0.0,5528.75,,470.1343688964844
2025-04-29 04:00:00+00:00,463.3220169972469,466.55370386420026,460.76195325740156,463.22467041015625,897100,0.0,0.0,5560.830078125,,473.23931884765625
2025-04-30 04:00:00+00:00,465.5511130751688,465.88206771832523,458.60100615686576,465.0449523925781,1095000,0.0,0.0,5569.06005859375,,473.1795959472656
2025-05-01 04:00:00+00:00,463.34145632064644,466.6997203549529,460.42123705812133,465.0157165527344,986400,0.0,0.0,5604.14013671875,,479.35968017578125
2025-05-02 04:00:00+00:00,471.85881287069856,478.0107492365366,455.077293889998,460.2265930175781,2090500,0.0,0.0,5686.669921875,,486.4752197265625
2025-05-05 04:00:00+00:00,461.3946453027224,461.871604944898,456.85856779894954,459.01953125,1150200,0.0,0.0,5650.3798828125,,483.5892333984375
2025-05-06 04:00:00+00:00,457.27714819623844,458.63019745279706,451.1349557271597,455.7586364746094,1135400,0.0,0.0,5606.91015625,,479.09100341796875
2025-05-07 04:00:00+00:00,455.9435593836511,462.2707010886288,454.63919835073034,458.7859191894531,1204400,0.0,0.0,5631.27978515625,,480.97186279296875
2025-05-08 04:00:00+00:00,460.4212727450109,466.2617117227489,459.1850571888862,461.91058349609375,1093100,0.0,0.0,5663.93994140625,,485.9378662109375
2025-05-09 04:00:00+00:00,462.63085992173114,463.9547081040106,455.6320653645359,460.9273986816406,978800,0.0,0.0,5659.91015625,,485.6194152832031
2025-05-12 04:00:00+00:00,460.9079504753037,463.0397129606352,453.3932515517533,460.5769958496094,1364500,0.0,0.0,5844.18994140625,,505.40362548828125
2025-05-13 04:00:00+00:00,460.23629725274645,460.23629725274645,446.92984783212273,447.6014709472656,1859400,0.0,0.0,5886.5498046875,,513.1063232421875
2025-05-14 04:00:00+00:00,448.58466499839534,449.5191269563409,433.2243110309939,437.2347412109375,2129700,0.0,0.0,5892.580078125,,516.1814575195312
2025-05-15 04:00:00+00:00,446.76436327220097,453.03310323898313,442.92913945072223,452.7702941894531,1758700,0.0,0.0,5916.93017578125,,516.7486572265625
2025-05-16 04:00:00+00:00,453.8117891886246,456.03115459122193,450.35620835283686,455.8656921386719,1319200,0.0,0.0,5958.3798828125,,518.9978637695312
2025-05-19 04:00:00+00:00,456.92671723647464,461.822950405766,455.34005999787206,460.4796447753906,1199700,0.0,0.0,5963.60009765625,,519.4954223632812
2025-05-20 04:00:00+00:00,458.69832776731766,464.4122188215407,458.36737314218453,463.166259765625,1058500,0.0,0.0,5940.4599609375,,517.7638549804688
2025-05-21 04:00:00+00:00,468.0527599574675,468.1403629743891,457.549695907308,457.7735900878906,1435100,0.0,0.0,5844.60986328125,,510.56866455078125
2025-05-22 04:00:00+00:00,456.3232286048362,460.2947139423745,454.6976267249613,457.9390869140625,885000,0.0,0.0,5842.009765625,,511.5240783691406
2025-05-23 04:00:00+00:00,455.51525016141204,457.0629627711117,453.1790807449975,456.4107971191406,866700,0.0,0.0,5802.81982421875,,506.78692626953125
2025-05-27 04:00:00+00:00,458.27972714030926,464.1688537597656,456.196652864602,464.1688537597656,1548000,0.0,0.0,5921.5400390625,,518.709228515625
2025-05-28 04:00:00+00:00,464.8404866523637,466.24219420286505,456.5275879276417,457.4815368652344,956500,0.0,0.0,5888.5498046875,,516.4102783203125
2025-05-29 04:00:00+00:00,455.4860649492262,461.9397543513476,452.94548841862104,461.0928955078125,851000,0.0,0.0,5912.169921875,,517.4254150390625
2025-05-30 04:00:00+00:00,461.0734567918471,469.55181884765625,458.53285045209225,469.55181884765625,2196300,0.0,0.0,5911.68994140625,,516.609375
2025-06-02 04:00:00+00:00,468.74810653956655,470.18887155178896,464.57282223667164,469.2969665527344,1154200,3.3,0.0,5935.93994140625,,520.689697265625
2025-06-03 04:00:00+00:00,469.47340410014834,471.5610463612839,467.0623382077208,470.6201477050781,1032300,0.0,0.0,5970.3701171875,,524.7598876953125
2025-06-04 04:00:00+00:00,472.4039116365284,477.17704964690796,472.10989016364937,472.6195373535156,1273700,0.0,0.0,5970.81005859375,,526.222900390625
2025-06-05 04:00:00+00:00,474.73660847749164,475.4815027983203,462.3676059766522,468.522705078125,1063100,0.0,0.0,5939.2998046875,,522.2620239257812
2025-06-06 04:00:00+00:00,468.3070565302959,472.37451312645675,467.4837664892675,472.1098937988281,714400,0.0,0.0,6000.35986328125,,527.3672485351562
2025-06-09 04:00:00+00:00,470.7279489315179,473.23703197284664,467.1407372605645,471.2669982910156,1064100,0.0,0.0,6005.8798828125,,528.1435546875
2025-06-10 04:00:00+00:00,470.4535127179081,472.0706906857501,466.1802410011556,467.4151611328125,1150400,0.0,0.0,6038.81005859375,,531.63671875
2025-06-11 04:00:00+00:00,454.91871980340306,454.91871980340306,434.5912180685626,447.5188903808594,3618200,0.0,0.0,6022.240234375,,529.8452758789062
2025-06-12 04:00:00+00:00,448.21476507441054,459.9368896484375,447.4208771922865,459.9368896484375,1700600,0.0,0.0,6045.259765625,,531.0892944335938
2025-06-13 04:00:00+00:00,469.44399345075095,478.58842033377834,463.9357717578217,476.7752380371094,2729700,0.0,0.0,5976.97021484375,,524.4215698242188
2025-06-16 04:00:00+00:00,472.4235213935156,473.12920282170336,455.2813520910544,457.7708435058594,2766600,0.0,0.0,6033.10986328125,,531.7162475585938
2025-06-17 04:00:00+00:00,461.3972971549794,472.00208080333783,458.20212410851127,469.806640625,2191200,0.0,0.0,5982.72021484375,,526.5313720703125
2025-06-18 04:00:00+00:00,468.93434692560135,472.7665564694356,458.6529572191578,459.2802429199219,1871200,0.0,0.0,5980.8701171875,,526.4417114257812
2025-06-20 04:00:00+00:00,459.672261469547,464.8766507790492,451.9391679162951,461.20123291015625,2419400,0.0,0.0,5967.83984375,,524.292236328125
2025-06-23 04:00:00+00:00,463.5240996216064,472.7763540775388,459.21161523534613,463.0634460449219,2666400,0.0,0.0,6025.169921875,,529.6832275390625
2025-06-24 04:00:00+00:00,458.5451488729558,459.3782495894133,448.5774022438607,451.04730224609375,1970200,0.0,0.0,6092.18017578125,,537.783203125
2025-06-25 04:00:00+00:00,454.97757241315037,455.634260309676,447.4209207681437,449.2733459472656,1265500,0.0,0.0,6092.16015625,,539.157958984375
2025-06-26 04:00:00+00:00,450.17499052759143,454.8403306302268,447.5581096896447,448.79302978515625,1590100,0.0,0.0,6141.02001953125,,544.1992797851562
2025-06-27 04:00:00+00:00,446.5779885299891,450.04756147368965,442.4811000002593,449.46929931640625,1996400,0.0,0.0,6173.06982421875,,546.0623779296875
2025-06-30 04:00:00+00:00,450.312219350936,454.5953016177545,448.77343719013027,453.9288330078125,1205600,0.0,0.0,6204.9501953125,,549.5992431640625
2025-07-01 04:00:00+00:00,453.7916265225877,460.10354700357084,450.8512920094824,456.67315673828125,1242800,0.0,0.0,6198.009765625,,544.9664306640625
2025-07-02 04:00:00+00:00,456.7319212622052,457.6434177033412,449.48888351856425,453.35052490234375,1127300,0.0,0.0,6227.419921875,,548.7623291015625
2025-07-03 04:00:00+00:00,454.48747149138615,456.09486862431896,451.80197569340993,453.3211364746094,707900,0.0,0.0,6279.35009765625,,554.1622924804688
2025-07-07 04:00:00+00:00,455.26180345706274,461.19146622029234,452.1940495974747,459.7311096191406,1224100,0.0,0.0,6229.97998046875,,549.9878540039062
2025-07-08 04:00:00+00:00,454.96775716340625,457.3396101751561,451.4883434922188,453.8014221191406,1243000,0.0,0.0,6225.52001953125,,550.2966918945312
2025-07-09 04:00:00+00:00,456.12426856049274,456.722122184187,451.0570792347135,453.85040283203125,892700,0.0,0.0,6263.259765625,,554.1921997070312
2025-07-10 04:00:00+00:00,449.55752907335597,457.2024166080407,446.9308374702833,455.0755615234375,1253300,0.0,0.0,6280.4599609375,,553.3952026367188
2025-07-11 04:00:00+00:00,455.50679688613786,458.8979741318744,452.63507751304485,458.2119140625,1209200,0.0,0.0,6259.75,,552.1497802734375
2025-07-14 04:00:00+00:00,460.652392565973,465.3177327514465,458.6921696188837,464.1513977050781,1488000,0.0,0.0,6268.56005859375,,554.1524047851562
2025-07-15 04:00:00+00:00,463.8769247402441,464.51399115693874,459.19199352688656,460.76995849609375,1039500,0.0,0.0,6243.759765625,,554.660400390625
2025-07-16 04:00:00+00:00,460.32898143002075,463.2007009468711,457.13380836817277,462.0931701660156,935000,0.0,0.0,6263.7001953125,,555.2283325195312
2025-07-17 04:00:00+00:00,461.1424496053463,464.964878380842,458.4079302114566,459.8683166503906,926200,0.0,0.0,6297.35986328125,,559.7216186523438
2025-07-18 04:00:00+00:00,459.8879093787421,461.8383216505761,451.80198967688773,454.7325134277344,1845300,0.0,0.0,6296.7900390625,,559.1836547851562
2025-07-21 04:00:00+00:00,455.39900117589053,458.0648756214396,451.3707275390625,451.3707275390625,1577800,0.0,0.0,6305.60009765625,,562.0828857421875
2025-07-22 04:00:00+00:00,414.34210104473334,428.7497508217755,401.9534783914636,402.5709533691406,8886500,0.0,0.0,6309.6201171875,,559.1737060546875
2025-07-23 04:00:00+00:00,405.5309180156134,414.94977457437864,402.8258008762843,411.0489501953125,4578600,0.0,0.0,6358.91015625,,561.7242431640625
2025-07-24 04:00:00+00:00,412.62691416080975,418.3899741846706,411.7742219980068,412.18585205078125,3083900,0.0,0.0,6363.35009765625,,562.9197387695312
2025-07-25 04:00:00+00:00,413.1561850312935,417.2040500665327,410.1864485628027,412.7935485839844,2461800,0.0,0.0,6388.64013671875,,564.2747192382812
2025-07-28 04:00:00+00:00,417.4294805940581,420.33060225022894,412.79357235600764,412.9601745605469,2423700,0.0,0.0,6389.77001953125,,566.0382690429688
2025-07-29 04:00:00+00:00,414.3323075010966,415.22421251568295,409.0495223047041,411.77423095703125,2428800,0.0,0.0,6370.85986328125,,565.1614990234375
2025-07-30 04:00:00+00:00,411.77423143900205,414.3911122806632,408.8534885277279,410.3530578613281,1632100,0.0,0.0,6362.89990234375,,565.9186401367188
2025-07-31 04:00:00+00:00,408.8338952454453,414.1754847188313,404.3449680399867,412.6073303222656,2178000,0.0,0.0,6339.39013671875,,562.9197387695312
2025-08-01 04:00:00+00:00,412.3916908948549,415.5280294943364,408.70646238207155,412.63671875,2006300,0.0,0.0,6238.009765625,,551.8309936523438
2025-08-04 04:00:00+00:00,411.64679963024537,416.15531817974966,410.6666882025543,415.2732238769531,1548200,0.0,0.0,6329.93994140625,,562.0131225585938
2025-08-05 04:00:00+00:00,414.9105799488669,421.51655166777056,413.46981487586544,419.7229309082031,1643900,0.0,0.0,6299.18994140625,,558.1973266601562
2025-08-06 04:00:00+00:00,419.26224109956473,427.93623293629963,419.15444320310513,426.2014465332031,2032300,0.0,0.0,6345.06005859375,,565.2212524414062
2025-08-07 04:00:00+00:00,421.869371068392,426.201476908137,419.53670099396226,422.1830139160156,1490000,0.0,0.0,6340.0,,567.1340942382812
2025-08-08 04:00:00+00:00,422.61427341830915,424.96653499911645,415.47906300717074,417.16485595703125,1477600,0.0,0.0,6389.4501953125,,572.4244995117188
2025-08-11 04:00:00+00:00,417.52747956569476,419.3112895912163,415.6848652457607,417.7823181152344,1462100,0.0,0.0,6373.4501953125,,570.730712890625
2025-08-12 04:00:00+00:00,417.44911524549826,423.0063308603579,416.5473994788902,422.9769287109375,1492100,0.0,0.0,6445.759765625,,577.9041137695312
2025-08-13 04:00:00+00:00,423.9177762033885,434.63041664469284,422.8396775810982,433.7679138183594,1890600,0.0,0.0,6466.580078125,,578.193115234375
2025-08-14 04:00:00+00:00,427.3678035155826,435.071465128129,426.1916578155074,428.6223449707031,1733600,0.0,0.0,6468.5400390625,,577.7447509765625
2025-08-15 04:00:00+00:00,429.13200447937254,432.6506010841553,427.7794458586301,428.8575744628906,1501700,0.0,0.0,6449.7998046875,,575.2042236328125
2025-08-18 04:00:00+00:00,431.7881064176851,434.94406662259934,430.38655416078916,431.8763427734375,1154400,0.0,0.0,6449.14990234375,,574.9750366210938
2025-08-19 04:00:00+00:00,431.11182038305435,435.6595519983617,429.87690025992424,432.3271789550781,1248100,0.0,0.0,6411.3701171875,,567.1740112304688
2025-08-20 04:00:00+00:00,431.38629117562135,438.1882374868979,431.38629117562135,437.1297302246094,1282800,0.0,0.0,6395.77978515625,,563.8065185546875
2025-08-21 04:00:00+00:00,436.139779353694,439.5701693877123,435.85556857224134,438.30584716796875,1026000,0.0,0.0,6370.169921875,,561.1962280273438
2025-08-22 04:00:00+00:00,441.0403455199664,443.5592391461822,436.01236895351815,437.32574462890625,1890300,0.0,0.0,6466.91015625,,569.85400390625
2025-08-25 04:00:00+00:00,438.1784242751559,439.8250042993305,436.24760356124966,438.81549072265625,985200,0.0,0.0,6439.31982421875,,568.210205078125
2025-08-26 04:00:00+00:00,441.55979736259684,447.2934552970507,438.1098158445773,446.40155029296875,2051500,0.0,0.0,6465.93994140625,,570.4915771484375
2025-08-27 04:00:00+00:00,447.78350535220994,450.33180105867393,444.97059032681346,445.4312438964844,1293900,0.0,0.0,6481.39990234375,,571.368408203125
2025-08-28 04:00:00+00:00,444.84315332610345,447.4698446818023,441.4029527639515,447.1072082519531,1385800,0.0,0.0,6501.85986328125,,574.9451293945312
2025-08-29 04:00:00+00:00,448.4206019654977,450.7532721173142,445.8331231633334,446.5682067871094,1373200,0.0,0.0,6460.259765625,,568.2898559570312
2025-09-02 04:00:00+00:00,448.01945140560196,449.96435861121967,441.8885632615351,446.73602294921875,1645600,3.3,0.0,6415.5400390625,,563.527587890625
2025-09-03 04:00:00+00:00,445.3242498878722,446.2423962598739,441.00003777606645,443.33984375,1541800,0.0,0.0,6448.259765625,,567.9610595703125
2025-09-04 04:00:00+00:00,445.2156220252829,451.3465401726464,443.77422807428775,451.0306091308594,1449200,0.0,0.0,6502.080078125,,573.1019287109375
2025-09-05 04:00:00+00:00,450.9516316598206,458.06981203741793,450.9516316598206,457.9908142089844,1465200,0.0,0.0,6481.5,,573.9288940429688
2025-09-08 04:00:00+00:00,457.0331581069413,457.0331581069413,447.00257328085934,453.2618103027344,1477600,0.0,0.0,6495.14990234375,,576.728515625
2025-09-09 04:00:00+00:00,451.7809275789267,452.03762532778245,446.65706576447286,451.2379455566406,1008400,0.0,0.0,6512.60986328125,,578.3624267578125
2025-09-10 04:00:00+00:00,450.39875172405993,458.4646948606488,449.9051207644578,457.961181640625,1076900,0.0,0.0,6532.0400390625,,578.5517578125
2025-09-11 04:00:00+00:00,457.94145868916365,466.38253625770176,457.0923977504381,464.73382568359375,1623700,0.0,0.0,6587.47021484375,,581.9192504882812
2025-09-12 04:00:00+00:00,462.95673874156137,466.955167714286,461.2191781980797,465.3064270019531,1041100,0.0,0.0,6584.2900390625,,584.4896850585938
2025-09-15 04:00:00+00:00,465.4643851679391,468.24847105238143,463.0159647255522,467.2217102050781,1148300,0.0,0.0,6615.27978515625,,589.4910888671875
2025-09-16 04:00:00+00:00,467.55736413151527,472.34559041863395,465.6618381373181,468.278076171875,1156900,0.0,0.0,6606.759765625,,588.992919921875
2025-09-17 04:00:00+00:00,468.88029493064494,471.1115165039175,466.6194868338638,467.0933532714844,1016500,0.0,0.0,6600.35009765625,,587.8173217773438
2025-09-18 04:00:00+00:00,465.1188203537779,468.3175392606148,462.02868579382744,467.58697509765625,1107700,0.0,0.0,6631.9599609375,,593.11767578125
2025-09-19 04:00:00+00:00,468.1892257120973,470.9239303522459,465.37552324711726,466.9156494140625,2839100,0.0,0.0,6664.35986328125,,597.1326904296875
2025-09-22 04:00:00+00:00,467.63638096367066,475.92937531525035,466.98478446141775,474.2707824707031,1409800,0.0,0.0,6693.75,,600.667724609375
2025-09-23 04:00:00+00:00,474.7742436906238,480.5793485077709,473.2341175304226,480.47076416015625,1135500,0.0,0.0,6656.919921875,,596.6779174804688
2025-09-24 04:00:00+00:00,480.94465155288344,488.9315970902731,479.32555762647354,480.0561218261719,1424200,0.0,0.0,6637.97021484375,,594.583251953125
2025-09-25 04:00:00+00:00,483.3436835578406,484.48891101476767,477.89400853793836,478.1704406738281,1205700,0.0,0.0,6604.72021484375,,592.0198364257812
2025-09-26 04:00:00+00:00,481.69497134298473,484.4987916055875,478.39752011593407,481.23095703125,913900,0.0,0.0,6643.7001953125,,594.4535522460938
2025-09-29 04:00:00+00:00,490.669178803738,492.6338204015816,482.98828219985137,485.713134765625,1391100,0.0,0.0,6661.2099609375,,597.20654296875
2025-09-30 04:00:00+00:00,486.30546185281605,493.52237418512067,484.883832410773,492.85101318359375,1312700,0.0,0.0,6688.4599609375,,598.8424072265625
2025-10-01 04:00:00+00:00,489.8497692463315,497.64913253414113,488.6946595216801,492.6437072753906,1187000,0.0,0.0,6711.2001953125,,601.7150268554688
2025-10-02 04:00:00+00:00,492.8806178660999,497.1850953869795,490.6790431269632,492.99908447265625,915500,0.0,0.0,6715.35009765625,,604.188720703125
2025-10-03 04:00:00+00:00,493.0583562360688,500.35420608230123,492.8905084547165,498.0637512207031,1006500,0.0,0.0,6715.7900390625,,601.645263671875
2025-10-06 04:00:00+00:00,500.1765262225626,508.86441932535297,500.1765262225626,507.6895751953125,1389700,0.0,0.0,6740.27978515625,,606.1636962890625
2025-10-07 04:00:00+00:00,507.65010173465305,509.40739665432363,502.6545587272309,504.5599670410156,922400,0.0,0.0,6714.58984375,,602.9718627929688
2025-10-08 04:00:00+00:00,508.6867250380683,509.42717150828383,504.70806054326397,507.472412109375,798400,0.0,0.0,6753.72021484375,,609.8842163085938
2025-10-09 04:00:00+00:00,507.3440345528633,508.62746297714483,497.3924176835966,501.2921142578125,1186000,0.0,0.0,6735.10986328125,,609.1461181640625
2025-10-10 04:00:00+00:00,502.34848716731,506.90966270637995,494.16410725538645,498.61663818359375,1313800,0.0,0.0,6552.509765625,,588.0000610351562
2025-10-13 04:00:00+00:00,495.90166084578397,500.96631942304487,493.63097043332806,497.41217041015625,926700,0.0,0.0,6654.72021484375,,600.4782104492188
2025-10-14 04:00:00+00:00,494.8650628033378,500.54181913474764,492.64372336930785,498.7449951171875,1078000,0.0,0.0,6644.31005859375,,596.4784545898438
2025-10-15 04:00:00+00:00,496.5927592049383,498.5672830983973,479.2959407446212,493.0484924316406,1678500,0.0,0.0,6671.06005859375,,600.6876831054688
2025-10-16 04:00:00+00:00,494.36153171517736,494.92427824907764,485.73287204407944,486.9669494628906,1099700,0.0,0.0,6629.06982421875,,598.46337890625
2025-10-17 04:00:00+00:00,484.2322465383604,490.35325248097416,481.8825583036472,488.8427429199219,1915500,0.0,0.0,6664.009765625,,602.393310546875
2025-10-20 04:00:00+00:00,490.1064387488315,499.455810546875,490.1064387488315,499.455810546875,1433300,0.0,0.0,6735.1298828125,,609.9839477539062
2025-10-21 04:00:00+00:00,476.5611926048758,500.14689431759217,476.5611926048758,483.26470947265625,2870000,0.0,0.0,6735.35009765625,,609.8244018554688
2025-10-22 04:00:00+00:00,485.2096455614255,486.1376742311078,476.3934033282883,480.934814453125,1725700,0.0,0.0,6699.39990234375,,603.9493408203125
2025-10-23 04:00:00+00:00,481.90227596462216,487.6876463915183,480.32265089178253,481.8331604003906,1445700,0.0,0.0,6738.43994140625,,609.0264282226562
2025-10-24 04:00:00+00:00,484.0347981383609,485.5551900104106,477.9137618640733,479.2268371582031,1368400,0.0,0.0,6791.68994140625,,615.52978515625
2025-10-27 04:00:00+00:00,477.9137345451831,481.10260137694087,473.75737031920755,480.70770263671875,1423200,0.0,0.0,6875.16015625,,626.4918823242188
2025-10-28 04:00:00+00:00,480.17457753610717,483.165979963046,477.45960724295384,479.58221435546875,1220600,0.0,0.0,6890.89013671875,,631.3095703125
2025-10-29 04:00:00+00:00,478.82204396284465,482.593391828691,477.5089988309367,479.1478271484375,971500,0.0,0.0,6890.58984375,,634.15234375
2025-10-30 04:00:00+00:00,479.384772181323,488.1615148816233,479.3156566168001,483.4819030761719,1081000,0.0,0.0,6822.33984375,,624.45703125
2025-10-31 04:00:00+00:00,482.7710608388524,487.3223236581273,479.858626232153,485.6143798828125,1185000,0.0,0.0,6840.2001953125,,627.4694213867188
2025-11-03 05:00:00+00:00,484.74559789222695,485.24911110764197,478.57521095368025,481.7245788574219,846600,0.0,0.0,6851.97021484375,,630.4716796875
2025-11-04 05:00:00+00:00,478.2889116369803,482.27745831583223,474.87299375622376,478.80230712890625,1169300,0.0,0.0,6771.5498046875,,617.67431640625
2025-11-05 05:00:00+00:00,476.8672513191737,479.6612194809797,467.1131286621094,467.1131286621094,1708000,0.0,0.0,6796.2900390625,,621.6941528320312
2025-11-06 05:00:00+00:00,467.0834993782846,468.1398769243749,460.1726655407396,462.9468994140625,1093600,0.0,0.0,6720.31982421875,,610.1136474609375
2025-11-07 05:00:00+00:00,462.9271062869738,463.4306195052551,450.3888980337786,452.5115051269531,2514500,0.0,0.0,6728.7998046875,,608.1885375976562
2025-11-10 05:00:00+00:00,450.1914409973584,451.27743514834,442.7672421150136,446.34112548828125,1630100,0.0,0.0,6832.43017578125,,621.6442260742188
2025-11-11 05:00:00+00:00,446.0152966001675,455.8879155754547,445.25511578545354,451.247802734375,1322100,0.0,0.0,6846.60986328125,,619.9884643554688
2025-11-12 05:00:00+00:00,450.3296709728344,453.91340646860255,449.4213767410259,451.21820068359375,935400,0.0,0.0,6850.919921875,,619.4996948242188
2025-11-13 05:00:00+00:00,452.1758549038221,455.0389085301603,449.30291901676384,450.0433654785156,819600,0.0,0.0,6737.490234375,,606.8519897460938
2025-11-14 05:00:00+00:00,450.04335369219297,460.4491027982352,448.21691310860297,459.83697509765625,1177300,0.0,0.0,6734.10986328125,,607.310791015625
2025-11-17 05:00:00+00:00,461.32775583452576,465.59273462513704,458.8003676909435,464.7831726074219,1822400,0.0,0.0,6672.41015625,,602.1240234375
2025-11-18 05:00:00+00:00,469.16660458624574,478.8220248302463,465.1978225670257,468.6729736328125,1242100,0.0,0.0,6617.31982421875,,594.7926635742188
2025-11-19 05:00:00+00:00,465.987659834767,466.40232312775237,462.3347784158802,463.9242858886719,861300,0.0,0.0,6642.16015625,,598.3436279296875
2025-11-20 05:00:00+00:00,467.8436953971708,471.3484632509824,459.09653889597723,462.2952880859375,1044900,0.0,0.0,6538.759765625,,584.1797485351562
2025-11-21 05:00:00+00:00,462.63094853730877,463.42074603337977,454.1009909612948,454.9105529785156,1575300,0.0,0.0,6602.990234375,,588.568603515625
2025-11-24 05:00:00+00:00,453.57773906560925,455.3153296951983,444.32709964706146,445.3143615722656,1411200,0.0,0.0,6705.1201171875,,603.6201782226562
2025-11-25 05:00:00+00:00,445.31437660949683,448.24654583151937,442.7672540131507,446.6471862792969,1615900,0.0,0.0,6765.8798828125,,607.3407592773438
2025-11-26 05:00:00+00:00,447.5258170101125,451.4353959124186,447.2099160931208,448.3748779296875,1299800,0.0,0.0,6812.60986328125,,612.70703125
2025-11-28 05:00:00+00:00,448.7500537132165,452.0277404785156,446.844615258062,452.0277404785156,748000,0.0,0.0,6849.08984375,,617.67431640625
2025-12-01 05:00:00+00:00,450.9036720600695,451.7094231951586,436.20115763063137,436.8875427246094,1659200,3.45,0.0,6812.6298828125,,615.599609375
2025-12-02 05:00:00+00:00,438.66816102835514,440.42887082545275,434.9577047282421,439.5037536621094,1535600,0.0,0.0,6829.3701171875,,620.4172973632812
2025-12-03 05:00:00+00:00,441.0854294416852,446.11889999416053,436.7482709289559,444.4576416015625,1751500,0.0,0.0,6849.72021484375,,621.9334716796875
2025-12-04 05:00:00+00:00,445.83038959379644,447.1733182316658,443.0948065882653,445.99951171875,1283700,0.0,0.0,6857.1201171875,,621.35498046875
2025-12-05 05:00:00+00:00,445.4325042733939,450.4460904850245,444.0696913796632,449.829345703125,1290500,0.0,0.0,6870.39990234375,,623.8884887695312
2025-12-08 05:00:00+00:00,451.1225227173589,463.11929564480766,449.11312351182636,462.94024658203125,1390700,0.0,0.0,6846.509765625,,622.6915283203125
2025-12-09 05:00:00+00:00,463.8355039451011,470.3312688985314,462.56221561963446,464.44232177734375,1102300,0.0,0.0,6840.509765625,,623.4595336914062
2025-12-10 05:00:00+00:00,462.77111756419794,470.5998540541736,453.49004365733356,465.48681640625,2313600,0.0,0.0,6886.68017578125,,626.0130615234375
2025-12-11 05:00:00+00:00,467.82450865654306,477.1851802840418,467.82450865654306,472.39044189453125,1294000,0.0,0.0,6901.0,,623.98828125
2025-12-12 05:00:00+00:00,473.1663361970104,478.3191725445202,468.32187223292686,477.7322692871094,1384300,0.0,0.0,6827.41015625,,612.0586547851562
2025-12-15 05:00:00+00:00,476.478875937264,482.2285729610589,474.73805034614423,481.88043212890625,1002300,0.0,0.0,6816.509765625,,608.9865112304688
2025-12-16 05:00:00+00:00,477.0956098533463,477.2746892675511,471.3757544699229,474.5589904785156,1262400,0.0,0.0,6800.259765625,,610.1934204101562
2025-12-17 05:00:00+00:00,468.5307640437002,474.389900059541,459.826636261572,472.3009033203125,1989200,0.0,0.0,6721.43017578125,,598.8822631835938
2025-12-18 05:00:00+00:00,469.9333815039254,473.7035208270499,466.54125487778816,467.67529296875,1363900,0.0,0.0,6774.759765625,,607.5601196289062
2025-12-19 05:00:00+00:00,463.895209231564,473.2260394453049,462.4428717806733,471.6443786621094,2826500,0.0,0.0,6834.5,,615.47998046875
2025-12-22 05:00:00+00:00,472.4700039083498,482.477261722351,472.4700039083498,481.0348815917969,1120600,0.0,0.0,6878.490234375,,618.4302368164062
2025-12-23 05:00:00+00:00,481.46261310413644,482.4076448390085,478.4783407088629,480.02020263671875,864000,0.0,0.0,6909.7900390625,,621.3265380859375
2025-12-24 05:00:00+00:00,482.4573620900749,488.60495583047367,481.91025763692556,483.20343017578125,581600,0.0,0.0,6932.0498046875,,623.144287109375
2025-12-26 05:00:00+00:00,482.65634830127055,484.50658266873376,478.657403745958,480.4977111816406,605700,0.0,0.0,6929.93994140625,,623.1043090820312
2025-12-29 05:00:00+00:00,481.2934818420746,486.86412961236385,480.756334678585,486.30706787109375,933400,0.0,0.0,6905.740234375,,620.088134765625
2025-12-30 05:00:00+00:00,486.7746217713279,489.12226521080265,485.3819673704136,485.441650390625,996400,0.0,0.0,6896.240234375,,618.64990234375
2025-12-31 05:00:00+00:00,486.4364129647113,487.1128407725831,480.985130986804,481.1343688964844,669900,0.0,0.0,6845.5,,613.536376953125
2026-01-02 05:00:00+00:00,480.7165555725415,494.5536358590405,474.0417413351771,494.464111328125,1126100,0.0,0.0,6858.47021484375,,612.347900390625
2026-01-05 05:00:00+00:00,501.2881303115456,513.1754943572038,500.36301313967334,508.8880920410156,1982600,0.0,0.0,6902.0498046875,,617.2117309570312
2026-01-06 05:00:00+00:00,514.349288908116,535.9056660270534,514.349288908116,519.3031616210938,2813100,0.0,0.0,6944.81982421875,,622.6348876953125
2026-01-07 05:00:00+00:00,522.5560414486038,529.5889840111414,493.39970258151675,494.26513671875,4084900,0.0,0.0,6920.93017578125,,623.2341918945312
2026-01-08 05:00:00+00:00,529.101545512866,540.0239626963445,510.3205203240603,515.7220458984375,4108800,0.0,0.0,6921.4599609375,,619.6885986328125
2026-01-09 05:00:00+00:00,523.1230843514271,543.2072409121331,523.1230843514271,540.07373046875,2647700,0.0,0.0,6966.27978515625,,625.86083984375
2026-01-12 05:00:00+00:00,546.0820821981641,551.3642419314798,537.4774058027463,548.35009765625,2970000,0.0,0.0,6977.27001953125,,626.3801879882812
2026-01-13 05:00:00+00:00,557.0841224060899,560.3468954800397,547.9522557136054,555.3731079101562,2013000,0.0,0.0,6963.740234375,,625.4513549804688
2026-01-14 05:00:00+00:00,554.0699696687549,575.0096028802425,553.2045355018156,569.6976318359375,2643100,0.0,0.0,6926.60009765625,,618.769775390625
2026-01-15 05:00:00+00:00,565.6787598043354,576.5614090245545,556.7955828260714,574.8604125976562,1763400,0.0,0.0,6944.47021484375,,620.9970092773438
2026-01-16 05:00:00+00:00,575.1787395270807,579.8739656498761,574.3928422667814,579.3765869140625,2375700,0.0,0.0,6940.009765625,,620.4776611328125
2026-01-20 05:00:00+00:00,576.9593248350023,583.7733891267244,570.383992618439,573.0399780273438,1521900,0.0,0.0,6796.85986328125,,607.2942504882812
2026-01-21 05:00:00+00:00,573.0400103421014,585.8823031164854,573.0400103421014,583.1566772460938,1817700,0.0,0.0,6875.6201171875,,615.50390625
2026-01-22 05:00:00+00:00,582.1121733694523,592.8257308304658,579.4462306157027,590.79638671875,1493600,0.0,0.0,6913.35009765625,,619.978271484375
2026-01-23 05:00:00+00:00,591.5225759035436,593.104206225186,582.9378143796164,587.7225952148438,1271700,0.0,0.0,6915.60986328125,,621.935791015625
2026-01-26 05:00:00+00:00,586.9068996088843,587.3048268777408,572.6122398095227,578.610595703125,1460500,0.0,0.0,6950.22998046875,,624.67236328125
2026-01-27 05:00:00+00:00,576.9593567113177,592.7461535627389,570.8117625756291,591.8309936523438,1710700,0.0,0.0,6978.60009765625,,630.335205078125
2026-01-28 05:00:00+00:00,589.7917088019625,596.1780345485374,579.943585887612,594.1387939453125,1324000,0.0,0.0,6978.02978515625,,632.4225463867188
2026-01-29 05:00:00+00:00,606.0460093827485,642.2850154179671,604.3748241794302,619.2464599609375,3931900,0.0,0.0,6969.009765625,,628.6373291015625
2026-01-30 05:00:00+00:00,617.7444153916924,637.8285720018749,612.2832063613541,630.8950805664062,2099600,0.0,0.0,6939.02978515625,,621.0868530273438
2026-02-02 05:00:00+00:00,616.7496514470322,637.6196444171404,611.9549129999612,632.665771484375,1967800,0.0,0.0,6976.43994140625,,625.3515014648438
2026-02-03 05:00:00+00:00,636.6448132067385,643.200291982406,615.207800780079,624.9663696289062,2300700,0.0,0.0,6917.81005859375,,615.7435913085938
2026-02-04 05:00:00+00:00,627.5129294658973,628.7364617542993,593.1042410439029,599.6000366210938,2654800,0.0,0.0,6882.72021484375,,604.9871826171875
2026-02-05 05:00:00+00:00,599.570130513959,610.7810662566798,591.8806749555773,605.986328125,1684400,0.0,0.0,6798.39990234375,,596.2781982421875
2026-02-06 05:00:00+00:00,611.3679925149057,620.8181880519339,607.995750272682,620.3108520507812,1095800,0.0,0.0,6932.2998046875,,608.8822631835938
2026-02-09 05:00:00+00:00,622.0019818629113,635.6201533817585,621.7333779163436,634.9437255859375,1589800,0.0,0.0,6964.81982421875,,613.54638671875
2026-02-10 05:00:00+00:00,634.1280264968577,634.9437349225366,623.2255232901362,626.259521484375,1211600,0.0,0.0,6941.81005859375,,610.699951171875
2026-02-11 05:00:00+00:00,627.9207576388553,630.268431483673,618.4208356517062,625.404052734375,1024600,0.0,0.0,6941.47021484375,,612.337890625
2026-02-12 05:00:00+00:00,626.697216002868,640.8725101743614,626.697216002868,634.0882568359375,1745600,0.0,0.0,6832.759765625,,599.8836059570312
2026-02-13 05:00:00+00:00,635.6500504916305,652.8991724731719,635.6500504916305,649.1588745117188,1490800,0.0,0.0,6836.169921875,,601.1619873046875
2026-02-17 05:00:00+00:00,649.5766140212854,652.7797038629143,638.6342820852453,646.174560546875,1169600,0.0,0.0,6843.22021484375,,600.542724609375
2026-02-18 05:00:00+00:00,653.7247821198723,657.0870673931527,643.7971215036598,646.4033813476562,1350300,0.0,0.0,6881.31005859375,,605.027099609375
2026-02-19 05:00:00+00:00,653.0582761604747,666.2388125795551,652.0635186948838,663.0158081054688,1370300,0.0,0.0,6861.89013671875,,602.7100219726562
2026-02-20 05:00:00+00:00,663.274478075421,664.7466997473883,645.0106842216534,654.80908203125,1447700,0.0,0.0,6909.509765625,,608.0433349609375
2026-02-23 05:00:00+00:00,652.1828898788984,659.7928088367784,650.2630152409824,657.1566772460938,1196100,0.0,0.0,6837.75,,600.652587890625
2026-02-24 05:00:00+00:00,654.8388907066395,665.5922168183686,649.1489069682675,660.9467163085938,1361500,0.0,0.0,6890.06982421875,,607.1044921875
2026-02-25 05:00:00+00:00,658.9671479401901,660.0713141721188,630.7160112023814,644.10546875,1664400,0.0,0.0,6946.1298828125,,615.9033813476562
2026-02-26 05:00:00+00:00,643.0709308944109,644.1054567976724,634.6851327735845,638.2662353515625,1269200,0.0,0.0,6908.85986328125,,608.4727783203125
2026-02-27 05:00:00+00:00,644.6923875930061,658.9969439793773,643.707526708955,654.6300048828125,2599900,0.0,0.0,6878.8798828125,,606.5252075195312
2026-03-02 05:00:00+00:00,685.5,692.0,664.010009765625,676.7000122070312,3246500,3.45,0.0,6881.6201171875,,607.32421875
2026-03-03 05:00:00+00:00,682.0,686.469970703125,657.5599975585938,667.8200073242188,2142100,0.0,0.0,6816.6298828125,,600.8224487304688
2026-03-04 05:00:00+00:00,670.0,671.0,652.5399780273438,664.47998046875,1650900,0.0,0.0,6869.5,,609.9808959960938
2026-03-05 05:00:00+00:00,662.0999755859375,663.0,647.22998046875,655.0,1720100,0.0,0.0,6830.7099609375,,608.1431274414062
2026-03-06 05:00:00+00:00,661.6500244140625,672.8599853515625,656.4000244140625,671.77001953125,1895100,0.0,0.0,6740.02001953125,,598.9946899414062
2026-03-09 04:00:00+00:00,675.5800170898438,676.0800170898438,657.3499755859375,664.1500244140625,2369700,0.0,0.0,6795.990234375,,606.99462890625
2026-03-10 04:00:00+00:00,657.9500122070312,659.8900146484375,646.2000122070312,651.219970703125,1653000,0.0,0.0,6781.47998046875,,607.004638671875
2026-03-11 04:00:00+00:00,645.3200073242188,657.0,644.1300048828125,649.469970703125,1364000,0.0,0.0,6775.7998046875,,606.9247436523438
2026-03-12 04:00:00+00:00,651.9500122070312,661.0,646.6300048828125,652.8300170898438,1411200,0.0,0.0,6672.6201171875,,596.5078735351562
2026-03-13 04:00:00+00:00,652.6699829101562,660.0,640.5,646.0,1071300,0.0,0.0,6632.18994140625,,592.9722900390625
2026-03-16 04:00:00+00:00,645.22998046875,651.5499877929688,639.0,645.2000122070312,1181000,0.0,0.0,6699.3798828125,,599.6239013671875
2026-03-17 04:00:00+00:00,644.9600219726562,645.0,632.7899780273438,636.3300170898438,1388800,0.0,0.0,6716.08984375,,602.5502319335938
2026-03-18 04:00:00+00:00,641.1099853515625,645.8499755859375,636.4500122070312,642.280029296875,1026200,0.0,0.0,6624.7001953125,,594.15087890625
2026-03-19 04:00:00+00:00,639.0599975585938,640.0,623.75,637.510009765625,1540800,0.0,0.0,6606.490234375,,592.273193359375
2026-03-20 04:00:00+00:00,635.8599853515625,638.510009765625,622.3699951171875,627.4299926757812,6511300,0.0,0.0,6506.47998046875,,581.3269653320312
2026-03-23 04:00:00+00:00,629.0700073242188,629.6599731445312,610.6300048828125,616.25,1386600,0.0,0.0,6581.0,,588.0
2026-03-24 04:00:00+00:00,612.9500122070312,615.2999877929688,605.0,610.1699829101562,1078200,0.0,0.0,6556.3701171875,,583.97998046875
2026-03-25 04:00:00+00:00,612.5,626.9299926757812,612.4199829101562,624.2000122070312,1190300,0.0,0.0,6591.89990234375,,587.8200073242188
2026-03-26 04:00:00+00:00,619.7999877929688,632.9199829101562,619.7999877929688,627.3300170898438,1262400,0.0,0.0,6477.16015625,,573.7899780273438
2026-03-27 04:00:00+00:00,625.7000122070312,631.4500122070312,613.6599731445312,615.8400268554688,1061100,0.0,0.0,6368.85009765625,,562.5800170898438
2026-03-30 04:00:00+00:00,621.030029296875,623.3200073242188,593.8800048828125,598.5700073242188,1849300,0.0,0.0,6343.72021484375,,558.280029296875
2026-03-31 04:00:00+00:00,604.5,610.0,598.7000122070312,604.3900146484375,1327800,0.0,0.0,6528.52001953125,,577.1799926757812
2026-04-01 04:00:00+00:00,608.8200073242188,619.0999755859375,606.1099853515625,617.6400146484375,1118100,0.0,0.0,6575.31982421875,,584.3099975585938
2026-04-02 04:00:00+00:00,616.7000122070312,626.510009765625,616.010009765625,622.7899780273438,1116800,0.0,0.0,6582.68994140625,,584.97998046875
