Date,Open,High,Low,Close,Volume,Dividends,Stock Splits,snp500,vix_close,qqq_close
2021-04-05 04:00:00+00:00,67.24818285418114,68.08285188634918,67.24818285418114,67.45904541015625,7328400,0.0,0.0,4077.909912109375,,321.2608642578125
2021-04-06 04:00:00+00:00,67.27456443535641,68.31131521086482,66.72982870476648,68.14437866210938,6570500,0.0,0.0,4073.93994140625,,321.0377502441406
2021-04-07 04:00:00+00:00,68.18829093301605,68.58365908898041,67.45904977999712,68.0125732421875,6761600,0.0,0.0,4079.949951171875,,321.81402587890625
2021-04-08 04:00:00+00:00,68.26737819454745,68.89119156340158,68.03894648252952,68.32009887695312,7454600,0.0,0.0,4097.169921875,,325.17169189453125
2021-04-09 04:00:00+00:00,68.44309608295583,68.68910356664195,68.19708859926972,68.47824096679688,4969600,0.0,0.0,4128.7998046875,,327.1416320800781
2021-04-12 04:00:00+00:00,68.33766439170262,68.78575330108488,67.8368615058759,68.21466064453125,6052900,0.0,0.0,4127.990234375,,326.7147216796875
2021-04-13 04:00:00+00:00,67.8983533084196,69.58526733644483,67.87199632410679,69.44469451904297,6319000,0.0,0.0,4141.58984375,,330.5284423828125
2021-04-14 04:00:00+00:00,69.00540123576843,69.61163875509452,68.86482169955319,69.52377319335938,4478200,0.0,0.0,4124.66015625,,326.55938720703125
2021-04-15 04:00:00+00:00,69.5940668979758,70.52538291687631,69.42713036507791,70.4463119506836,5012400,0.0,0.0,4170.419921875,,331.5086669921875
2021-04-16 04:00:00+00:00,70.92955380298876,71.52700352708656,70.5078218258364,71.11405944824219,15124100,0.0,0.0,4185.47021484375,,331.8968200683594
2021-04-19 04:00:00+00:00,71.16676054802745,71.49184569454741,69.95429222591719,70.10365295410156,7658200,0.0,0.0,4163.259765625,,328.85931396484375
2021-04-20 04:00:00+00:00,69.98943528285993,71.1316138078251,69.96307159339682,70.75381469726562,7192100,0.0,0.0,4134.93994140625,,326.4623107910156
2021-04-21 04:00:00+00:00,71.06132891568309,71.32491220278278,68.2585930319834,68.50460052490234,8565100,0.0,0.0,4173.419921875,,329.2572021484375
2021-04-22 04:00:00+00:00,68.70667624385148,69.67314384193247,68.54852760991109,68.8121109008789,8261700,0.0,0.0,4134.97998046875,,325.2882080078125
2021-04-23 04:00:00+00:00,68.6978875847476,69.08446787877054,68.3815903512374,68.74181365966797,6034900,0.0,0.0,4180.169921875,,329.3834533691406
2021-04-26 04:00:00+00:00,68.87361568121479,69.06690920898723,68.12680526289546,68.4694595336914,7425100,0.0,0.0,4187.6201171875,,331.52801513671875
2021-04-27 04:00:00+00:00,68.46946153789314,68.66275507132356,67.72265109771357,67.89836883544922,5871900,0.0,0.0,4186.72021484375,,330.091796875
2021-04-28 04:00:00+00:00,67.87202489227401,68.04774266378823,67.32728907545467,67.7314453125,5522200,0.0,0.0,4183.18017578125,,328.9757385253906
2021-04-29 04:00:00+00:00,67.74023029773282,68.32889218050379,67.35364987639227,67.84566497802734,5558700,0.0,0.0,4211.47021484375,,330.1597595214844
2021-04-30 04:00:00+00:00,67.86322229470983,68.21466446482512,67.37999517610294,68.10044860839844,8024600,0.0,0.0,4181.169921875,,327.9957275390625
2021-05-03 04:00:00+00:00,68.38159561216345,68.52216844720469,67.23062242820667,67.3887710571289,6076000,0.0,0.0,4192.66015625,,326.2488708496094
2021-05-04 04:00:00+00:00,66.94947075040466,67.13398307206512,65.6842884090852,66.50138854980469,9178300,0.0,0.0,4164.66015625,,320.3778076171875
2021-05-05 04:00:00+00:00,66.56289243510176,66.68589618446005,64.48939108420248,64.82325744628906,10643200,0.0,0.0,4167.58984375,,319.30072021484375
2021-05-06 04:00:00+00:00,65.01656457889011,65.18350114648248,64.4103268992782,65.02535247802734,7069200,0.0,0.0,4201.6201171875,,321.70733642578125
2021-05-07 04:00:00+00:00,65.45583601090657,66.4486536607388,65.45583601090657,65.48219299316406,5677400,0.0,0.0,4232.60009765625,,324.3177490234375
2021-05-10 04:00:00+00:00,65.31526621737635,66.52774120718524,65.24498315530123,65.71942901611328,6210400,0.0,0.0,4188.43017578125,,316.1272888183594
2021-05-11 04:00:00+00:00,64.68267291137417,65.1483308359289,63.86557289367611,65.07804107666016,10515100,0.0,0.0,4152.10009765625,,315.6906433105469
2021-05-12 04:00:00+00:00,64.5772455390598,64.71782507341608,62.820041578813274,62.855186462402344,9093200,0.0,0.0,4063.0400390625,,307.51959228515625
2021-05-13 04:00:00+00:00,63.391118232359524,64.26093209659746,62.978174333248745,63.812843322753906,5469300,0.0,0.0,4112.5,,309.8971862792969
2021-05-14 04:00:00+00:00,64.13793542039141,64.70902796682945,63.95342983520993,64.24337005615234,5446200,0.0,0.0,4173.85009765625,,316.7386474609375
2021-05-17 04:00:00+00:00,64.13794677186954,64.27852631109796,63.00454937384549,63.171485900878906,10369300,0.0,0.0,4163.2900390625,,314.8171691894531
2021-05-18 04:00:00+00:00,63.039706544298035,63.848018942787284,62.62676244633863,63.51415252685547,8195100,0.0,0.0,4127.830078125,,312.6919860839844
2021-05-19 04:00:00+00:00,62.91668721039464,63.89193592718827,62.556457187434376,63.8392219543457,8486600,0.0,0.0,4115.68017578125,,313.0511474609375
2021-05-20 04:00:00+00:00,64.25215794092388,65.69306459707428,64.12915420465745,65.2713394165039,10798500,0.0,0.0,4159.1201171875,,319.10650634765625
2021-05-21 04:00:00+00:00,65.52614095487884,66.11480270574971,65.0077622719198,65.40313720703125,8689300,0.0,0.0,4155.85986328125,,317.34039306640625
2021-05-24 04:00:00+00:00,65.69307905086715,65.78972582251228,64.94626857259317,65.04291534423828,6746900,0.0,0.0,4197.0498046875,,322.677734375
2021-05-25 04:00:00+00:00,65.03411386319974,65.03411386319974,64.26973445118176,64.46302795410156,7440600,0.0,0.0,4188.1298828125,,323.12408447265625
2021-05-26 04:00:00+00:00,64.48938619151032,64.84960951495825,64.18187684144476,64.55088806152344,7408800,0.0,0.0,4195.990234375,,324.2499084472656
2021-05-27 04:00:00+00:00,64.68267505067362,64.8496048554574,63.96222175234189,64.137939453125,10956100,0.0,0.0,4200.8798828125,,323.0367736816406
2021-05-28 04:00:00+00:00,64.66510413089219,65.2186276661456,64.30488080618547,64.33123779296875,9177500,0.0,0.0,4204.10986328125,,324.05572509765625
2021-06-01 04:00:00+00:00,64.83027253503165,64.83027253503165,63.629057161952744,63.6997184753418,9056100,0.385,0.0,4202.0400390625,,322.9785461425781
2021-06-02 04:00:00+00:00,63.66438256025926,64.62711760579103,63.43473668002942,64.2208251953125,6421000,0.0,0.0,4208.1201171875,,323.6093444824219
2021-06-03 04:00:00+00:00,63.611379265755495,64.45930142654271,63.611379265755495,63.9205207824707,8871500,0.0,0.0,4192.85009765625,,320.2419738769531
2021-06-04 04:00:00+00:00,64.19433109335546,64.37981197807387,63.82336932391861,63.89402389526367,6586300,0.0,0.0,4229.89013671875,,325.6763916015625
2021-06-07 04:00:00+00:00,64.09718864550355,64.43281983937887,63.69089612492765,64.00886535644531,5988500,0.0,0.0,4226.52001953125,,326.64678955078125
2021-06-08 04:00:00+00:00,64.4063076276633,64.57412655249192,63.33758059501608,63.717376708984375,5803000,0.0,0.0,4227.259765625,,326.8021545410156
2021-06-09 04:00:00+00:00,63.92053728123846,64.38865674296747,63.655560695269266,63.99119186401367,6660400,0.0,0.0,4219.5498046875,,326.8797302246094
2021-06-10 04:00:00+00:00,63.894033545342516,64.9627674889386,63.743883292935756,64.92743682861328,8203300,0.0,0.0,4239.18017578125,,330.285888671875
2021-06-11 04:00:00+00:00,65.00693242146494,65.00693242146494,64.4063246116607,64.90977478027344,4548400,0.0,0.0,4247.43994140625,,331.1495666503906
2021-06-14 04:00:00+00:00,65.01573177771043,65.30720454440115,64.503447534187,64.7507553100586,4991900,0.0,0.0,4255.14990234375,,334.32293701171875
2021-06-15 04:00:00+00:00,64.84794665537055,65.42205814171398,64.53881177461179,64.85678100585938,7770300,0.0,0.0,4246.58984375,,332.139404296875
2021-06-16 04:00:00+00:00,65.36022065082375,65.88133268903604,64.57413204965457,64.74195098876953,9646200,0.0,0.0,4223.7001953125,,330.92645263671875
2021-06-17 04:00:00+00:00,64.77727501533936,66.21697067722393,64.4946364924118,65.87250518798828,10553800,0.0,0.0,4221.85986328125,,335.1282958984375
2021-06-18 04:00:00+00:00,65.74885790125144,66.17281235917902,64.50347736149065,64.72428894042969,17539000,0.0,0.0,4166.4501953125,,332.4985046386719
2021-06-21 04:00:00+00:00,65.08641062795674,65.82833415574332,64.14133752167625,65.65168762207031,6499700,0.0,0.0,4224.7900390625,,334.56494140625
2021-06-22 04:00:00+00:00,65.51918626226117,66.01380184863176,65.43086301307099,65.45735931396484,5513100,0.0,0.0,4246.43994140625,,337.6837463378906
2021-06-23 04:00:00+00:00,65.46619787924608,65.634010041932,64.48579425120236,64.78609466552734,6079700,0.0,0.0,4241.83984375,,337.8488464355469
2021-06-24 04:00:00+00:00,64.9009401013192,64.99809099329698,64.11484470673847,64.37098693847656,7925200,0.0,0.0,4266.490234375,,339.9376525878906
2021-06-25 04:00:00+00:00,64.67128760935624,65.32488790818574,64.6624532605706,65.23656463623047,6676800,0.0,0.0,4280.7001953125,,339.51995849609375
2021-06-28 04:00:00+00:00,66.04032339440101,66.99423102301678,65.91666945053984,66.37596130371094,8444300,0.0,0.0,4290.60986328125,,343.6490783691406
2021-06-29 04:00:00+00:00,66.02265869871452,66.8175816896366,65.38672030597685,65.4308853149414,6477400,0.0,0.0,4291.7998046875,,344.892578125
2021-06-30 04:00:00+00:00,65.5987009062106,65.79301617385849,64.53880802275705,64.72428894042969,8672600,0.0,0.0,4297.5,,344.3484802246094
2021-07-01 04:00:00+00:00,64.74194944250767,65.78418023267407,64.54763419946471,65.52803802490234,6423000,0.0,0.0,4319.93994140625,,344.4844970703125
2021-07-02 04:00:00+00:00,65.65167842428178,65.74883602578015,65.11289781183889,65.60751342773438,4282300,0.0,0.0,4352.33984375,,348.43878173828125
2021-07-06 04:00:00+00:00,65.8106908029919,66.3936299198206,65.39556391900432,66.3582992553711,6957200,0.0,0.0,4343.5400390625,,349.94464111328125
2021-07-07 04:00:00+00:00,66.47313090268185,66.78226581798356,66.11099661716001,66.53495788574219,5661800,0.0,0.0,4358.1298828125,,350.68304443359375
2021-07-08 04:00:00+00:00,65.90784844556923,67.1443880081256,65.73119512332173,66.3582992553711,5881400,0.0,0.0,4320.81982421875,,348.5650939941406
2021-07-09 04:00:00+00:00,66.24345348790717,66.61441521016764,65.60751525624205,66.234619140625,5592800,0.0,0.0,4369.5498046875,,350.7413635253906
2021-07-12 04:00:00+00:00,66.42011752974804,66.6762597594654,65.69585585002925,66.32295989990234,5743500,0.0,0.0,4384.6298828125,,352.1112976074219
2021-07-13 04:00:00+00:00,66.33178921591691,66.91473495075417,65.91666241782988,66.11981201171875,5165500,0.0,0.0,4369.2099609375,,352.1112976074219
2021-07-14 04:00:00+00:00,66.24347041719788,67.27686693843395,65.9255012201046,66.86174011230469,6956100,0.0,0.0,4374.2998046875,,352.74273681640625
2021-07-15 04:00:00+00:00,66.82642794353407,67.90398292470024,66.41130104440045,67.85099029541016,7638200,0.0,0.0,4360.02978515625,,350.265380859375
2021-07-16 04:00:00+00:00,67.8951433699676,69.20234407918927,67.8951433699676,68.82254791259766,9088000,0.0,0.0,4327.16015625,,347.4283447265625
2021-07-19 04:00:00+00:00,68.38976734260774,69.22884870655457,67.14438671463634,68.00113677978516,9891800,0.0,0.0,4258.490234375,,344.58172607421875
2021-07-20 04:00:00+00:00,68.02762219039174,68.6282299009351,67.88630629659954,68.16011047363281,6562000,0.0,0.0,4323.06005859375,,348.5845031738281
2021-07-21 04:00:00+00:00,68.1601176387752,68.25727527412315,66.95890209141406,67.0207290649414,8931900,0.0,0.0,4358.68994140625,,351.2757568359375
2021-07-22 04:00:00+00:00,67.117885458541,67.70083125984355,67.02956217494095,67.23271179199219,5534800,0.0,0.0,4367.47998046875,,353.5978088378906
2021-07-23 04:00:00+00:00,67.59483399446285,68.37209500213085,67.05605324637808,68.18660736083984,4953500,0.0,0.0,4411.7900390625,,357.7269287109375
2021-07-26 04:00:00+00:00,67.8244889676498,68.13362384671866,67.51535408858092,67.93048095703125,6014000,0.0,0.0,4422.2998046875,,358.0086669921875
2021-07-27 04:00:00+00:00,67.90396230759329,68.87553847382327,67.22386572986571,68.76954650878906,7592100,0.0,0.0,4401.4599609375,,354.0639953613281
2021-07-28 04:00:00+00:00,68.79604995799593,69.18468046483669,68.20427658704052,68.7607192993164,5177500,0.0,0.0,4400.64013671875,,355.4242858886719
2021-07-29 04:00:00+00:00,68.89320039029388,69.24650020156054,68.55756927583894,69.0345230102539,4141900,0.0,0.0,4419.14990234375,,356.0557556152344
2021-07-30 04:00:00+00:00,68.87554718321583,69.64396712632278,68.6635632263418,68.80488586425781,5488900,0.0,0.0,4395.259765625,,354.2001037597656
2021-08-02 04:00:00+00:00,69.30833445765967,69.6969649648187,69.00802722795476,69.60863494873047,7520700,0.0,0.0,4387.16015625,,354.229248046875
2021-08-03 04:00:00+00:00,69.55564179425073,70.52721131603091,69.22001064705658,70.14741516113281,6249400,0.0,0.0,4423.14990234375,,356.37640380859375
2021-08-04 04:00:00+00:00,70.09442623254462,70.65970332001397,69.5733074164696,70.54488372802734,8050200,0.0,0.0,4402.66015625,,356.891357421875
2021-08-05 04:00:00+00:00,70.47422901275213,71.20732512068022,70.2445830686205,71.09249877929688,6283700,0.0,0.0,4429.10009765625,,359.15509033203125
2021-08-06 04:00:00+00:00,71.09249434391504,71.54295185351411,70.7126981571226,71.198486328125,4634300,0.0,0.0,4436.52001953125,,357.5811462402344
2021-08-09 04:00:00+00:00,71.50761196359204,71.66659655007169,70.76568838577617,71.15431213378906,5621600,0.0,0.0,4432.35009765625,,358.2418518066406
2021-08-10 04:00:00+00:00,71.26031116761409,71.37513075976157,70.8363499821009,71.12782287597656,4506800,0.0,0.0,4436.75,,356.4054870605469
2021-08-11 04:00:00+00:00,71.66661749593766,73.67159074134487,71.51646721444324,72.75301361083984,9419300,0.0,0.0,4442.41015625,,355.79345703125
2021-08-12 04:00:00+00:00,72.44386384011167,73.42426784364619,72.27605161315437,73.3094482421875,6762800,0.0,0.0,4460.830078125,,357.0758972167969
2021-08-13 04:00:00+00:00,73.53026259563256,73.7952392103502,73.15930072593606,73.7069091796875,3999500,0.0,0.0,4468.0,,358.3292541503906
2021-08-16 04:00:00+00:00,73.70689828981517,74.5724825965226,73.4419284528809,74.14852142333984,8579700,0.0,0.0,4479.7099609375,,358.4846496582031
2021-08-17 04:00:00+00:00,73.83939466156167,74.19269455478766,73.41544018059848,74.15736389160156,5257000,0.0,0.0,4448.080078125,,355.3271789550781
2021-08-18 04:00:00+00:00,74.39583982157292,75.04060585566994,74.0955325714158,74.56365203857422,9511700,0.0,0.0,4400.27001953125,,351.90728759765625
2021-08-19 04:00:00+00:00,74.16618239806748,75.16424814997852,74.122017393861,74.678466796875,6968000,0.0,0.0,4405.7998046875,,353.6074523925781
2021-08-20 04:00:00+00:00,74.66963541474955,76.33897021284307,74.21034361183641,76.20648193359375,7589700,0.0,0.0,4441.669921875,,357.2702941894531
2021-08-23 04:00:00+00:00,75.79137154140801,76.02985184340174,74.20153206220265,74.5459976196289,8837100,0.0,0.0,4479.52978515625,,362.61376953125
2021-08-24 04:00:00+00:00,74.3958179754831,74.61662948863305,73.67155648189653,74.31632232666016,5786100,0.0,0.0,4486.22998046875,,363.7213439941406
2021-08-25 04:00:00+00:00,74.31634684287067,74.95228528871343,73.82173104660845,74.66081237792969,5930000,0.0,0.0,4496.18994140625,,364.1390380859375
2021-08-26 04:00:00+00:00,74.62976015326569,74.70074478553424,74.23935144525578,74.36357116699219,5294000,0.385,0.0,4470.0,,361.8267822265625
2021-08-27 04:00:00+00:00,74.47890533539572,74.70072718186096,73.94652748830673,74.0086441040039,5974200,0.0,0.0,4509.3701171875,,365.3438720703125
2021-08-30 04:00:00+00:00,73.8755539809971,74.7539666491389,73.6537321215041,74.48777770996094,6001700,0.0,0.0,4528.7900390625,,369.44384765625
2021-08-31 04:00:00+00:00,74.3724324142787,74.92255306012363,74.09737547608918,74.52326965332031,6844000,0.0,0.0,4522.68017578125,,369.1427307128906
2021-09-01 04:00:00+00:00,74.6652550701615,76.09378868935636,74.58539566371093,75.72112274169922,5862300,0.0,0.0,4524.08984375,,369.75469970703125
2021-09-02 04:00:00+00:00,75.79209849224796,76.75924541119336,75.79209849224796,76.73262786865234,5214000,0.0,0.0,4536.9501953125,,369.579833984375
2021-09-03 04:00:00+00:00,76.09377947220756,76.58178354563977,75.7566058827624,76.03166961669922,4621100,0.0,0.0,4535.43017578125,,370.7166442871094
2021-09-07 04:00:00+00:00,75.80984366360398,75.85420397545973,74.94917373390169,75.44605255126953,6791300,0.0,0.0,4520.02978515625,,371.2412109375
2021-09-08 04:00:00+00:00,75.52592417446243,77.16740490720304,75.23311763703936,76.6971435546875,6230100,0.0,0.0,4514.06982421875,,369.948974609375
2021-09-09 04:00:00+00:00,76.56403254756106,76.90119933131342,76.08489652677666,76.16474914550781,4108300,0.0,0.0,4493.27978515625,,368.67620849609375
2021-09-10 04:00:00+00:00,76.28010244455679,76.28010244455679,75.06451621244405,75.3573226928711,5508000,0.0,0.0,4458.580078125,,365.878173828125
2021-09-13 04:00:00+00:00,76.20911248948082,76.25347956624537,74.87818142012982,75.04676818847656,6498800,0.0,0.0,4468.72998046875,,365.6255798339844
2021-09-14 04:00:00+00:00,75.23309292645871,75.58800920953735,74.93141171652911,75.0999984741211,4658200,0.0,0.0,4443.0498046875,,364.58599853515625
2021-09-15 04:00:00+00:00,74.82497057057505,75.54367141449814,74.58539910962223,75.07341003417969,5707000,0.0,0.0,4480.7001953125,,367.29669189453125
2021-09-16 04:00:00+00:00,74.95805892164589,75.39282794726647,74.23048336532555,74.53215789794922,5380600,0.0,0.0,4473.75,,367.5492858886719
2021-09-17 04:00:00+00:00,73.99976854708517,74.47002977347181,72.35828825460649,72.43814086914062,15390400,0.0,0.0,4432.990234375,,363.19677734375
2021-09-20 04:00:00+00:00,72.34941895731252,73.2367064008369,71.56860844401884,72.48251342773438,8994100,0.0,0.0,4357.72998046875,,355.69189453125
2021-09-21 04:00:00+00:00,72.6954668727122,73.52064453809355,72.5180120762832,72.68659210205078,6450700,0.0,0.0,4354.18994140625,,356.1296081542969
2021-09-22 04:00:00+00:00,72.83742614871561,73.56500838265,72.37603963663646,72.6688461303711,5662200,0.0,0.0,4395.64013671875,,359.4560241699219
2021-09-23 04:00:00+00:00,72.91729056545054,73.09474536629047,71.9945107082562,72.10985565185547,6414300,0.0,0.0,4448.97998046875,,362.7726745605469
2021-09-24 04:00:00+00:00,72.08322382024271,72.51799950421211,71.4177582948024,71.60408782958984,6113800,0.0,0.0,4455.47998046875,,363.113037109375
2021-09-27 04:00:00+00:00,70.99186061875109,71.68394364767487,69.69642193932313,69.88275146484375,8600900,0.0,0.0,4443.10986328125,,360.2146911621094
2021-09-28 04:00:00+00:00,69.6343232529982,69.73191864626911,68.3300095959359,68.56069946289062,9257400,0.0,0.0,4352.6298828125,,350.0214538574219
2021-09-29 04:00:00+00:00,68.87123554486026,70.12230698843476,68.72039157465734,69.51895141601562,7496100,0.0,0.0,4359.4599609375,,349.4475402832031
2021-09-30 04:00:00+00:00,69.95375446762041,70.45951492240597,69.11970868711975,69.6698226928711,10186800,0.0,0.0,4307.5400390625,,348.1637268066406
2021-10-01 04:00:00+00:00,70.11345666245731,70.61921027671261,69.22616914485388,70.28204345703125,7961100,0.0,0.0,4357.0400390625,,350.322998046875
2021-10-04 04:00:00+00:00,70.14008127920559,70.91201709041725,69.66094520528115,70.4151382446289,6027800,0.0,0.0,4300.4599609375,,342.9698181152344
2021-10-05 04:00:00+00:00,70.47722411776141,70.89425019405311,70.17554294300102,70.52159118652344,5434600,0.0,0.0,4345.72021484375,,347.5996398925781
2021-10-06 04:00:00+00:00,70.32639352360412,72.12758566538443,69.78514772727563,72.02998352050781,6876200,0.0,0.0,4363.5498046875,,349.8269348144531
2021-10-07 04:00:00+00:00,72.29617905654682,73.2988113638706,71.68394859510667,71.7992935180664,5753200,0.0,0.0,4399.759765625,,353.0365905761719
2021-10-08 04:00:00+00:00,71.87915946228144,71.89690223302306,71.11609170053559,71.16932678222656,3592900,0.0,0.0,4391.33984375,,351.2761535644531
2021-10-11 04:00:00+00:00,70.27316619345719,70.4151354405813,68.97772727604799,69.05758666992188,8798700,0.0,0.0,4361.18994140625,,348.58197021484375
2021-10-12 04:00:00+00:00,69.29715438238676,70.25542653452587,68.82689307702218,69.9803695678711,7791200,0.0,0.0,4350.64990234375,,347.3662109375
2021-10-13 04:00:00+00:00,70.13119891742231,71.30241804819623,69.73191551430445,71.15158081054688,6260100,0.0,0.0,4363.7998046875,,350.1478576660156
2021-10-14 04:00:00+00:00,71.3024199138134,72.62447631682808,71.16932544262504,72.27843475341797,6486000,0.0,0.0,4438.259765625,,356.596435546875
2021-10-15 04:00:00+00:00,72.70432355926823,73.15683520844671,72.0477260829732,72.46475219726562,14634200,0.0,0.0,4471.3701171875,,358.84320068359375
2021-10-18 04:00:00+00:00,72.17196131650272,72.45589981249887,71.65733971617553,71.86141204833984,4942100,0.0,0.0,4486.4599609375,,362.45166015625
2021-10-19 04:00:00+00:00,72.50913797843188,72.8906718868144,72.06549421377625,72.78419494628906,5717500,0.0,0.0,4519.6298828125,,365.1944885253906
2021-10-20 04:00:00+00:00,73.42302657142166,75.11774862138624,73.09472782225197,74.46115112304688,6942600,0.0,0.0,4536.18994140625,,364.7179870605469
2021-10-21 04:00:00+00:00,74.71848755886782,75.15325658494523,74.28371853279042,74.36357116699219,4945000,0.0,0.0,4549.77978515625,,366.9452209472656
2021-10-22 04:00:00+00:00,74.50553138298181,75.05564529258504,74.30145228236151,74.9048080444336,4732400,0.0,0.0,4544.89990234375,,363.862060546875
2021-10-25 04:00:00+00:00,74.88706902795263,75.25085339582007,74.47004280494689,74.78946685791016,3987300,0.0,0.0,4566.47998046875,,367.58709716796875
2021-10-26 04:00:00+00:00,74.89593380694723,76.55515693738121,74.86044149807888,75.83645629882812,6969100,0.0,0.0,4574.7900390625,,368.7445983886719
2021-10-27 04:00:00+00:00,76.31560173178798,76.61727624019724,75.20649232828347,75.42831420898438,4356900,0.0,0.0,4551.68017578125,,369.60052490234375
2021-10-28 04:00:00+00:00,75.34845110548078,76.74149217698121,75.17987108767768,76.67938232421875,6568400,0.0,0.0,4596.419921875,,373.7050476074219
2021-10-29 04:00:00+00:00,76.45756806317995,76.71488227007877,75.36620814610814,75.71224975585938,7792600,0.0,0.0,4605.3798828125,,375.5433044433594
2021-11-01 04:00:00+00:00,75.8098444225405,76.14701122777748,75.3573259124982,75.94293212890625,5135200,0.0,0.0,4613.669921875,,376.82720947265625
2021-11-02 04:00:00+00:00,76.17362523895062,76.51966679839752,74.87818639111703,75.7920913696289,7266400,0.0,0.0,4630.64990234375,,378.40283203125
2021-11-03 04:00:00+00:00,76.01392682084229,76.12927854092723,74.74510528617793,75.63239288330078,5723200,0.0,0.0,4660.56982421875,,382.4198303222656
2021-11-04 04:00:00+00:00,75.56140591295299,75.76547824479292,73.79569893348183,75.20648956298828,6594000,0.0,0.0,4680.06005859375,,387.3219299316406
2021-11-05 04:00:00+00:00,75.19762620836659,76.0494215159129,74.81609225889058,75.88970947265625,4885400,0.0,0.0,4697.52978515625,,387.6914978027344
2021-11-08 05:00:00+00:00,75.88969353274601,75.95180338266316,74.56763714481482,75.0556411743164,5391000,0.0,0.0,4701.7001953125,,387.1662902832031
2021-11-09 05:00:00+00:00,75.1443586096626,75.57025269446034,74.85155219544889,75.36618041992188,3917600,0.0,0.0,4685.25,,384.50128173828125
2021-11-10 05:00:00+00:00,75.3661882192295,75.74772204313726,74.98465439532174,75.59687805175781,5192700,0.0,0.0,4646.7099609375,,378.8502502441406
2021-11-11 05:00:00+00:00,75.83646146330456,75.86307900440202,75.03790138304919,75.74773406982422,5370200,0.0,0.0,4649.27001953125,,379.9007873535156
2021-11-12 05:00:00+00:00,75.74773386021391,76.9012035111987,75.44605259985617,76.58177947998047,6467100,0.0,0.0,4682.85009765625,,383.8983154296875
2021-11-15 05:00:00+00:00,77.11416225400407,77.5045641628143,76.72375357572723,77.49568939208984,5543000,0.0,0.0,4682.7998046875,,383.8107604980469
2021-11-16 05:00:00+00:00,77.25612979399047,77.5666790950031,76.90121340591872,77.17627716064453,5497200,0.0,0.0,4700.89990234375,,386.5438232421875
2021-11-17 05:00:00+00:00,77.04318029661155,77.97482817096204,76.67052114687135,77.88610076904297,6203100,0.0,0.0,4688.669921875,,386.7480773925781
2021-11-18 05:00:00+00:00,77.83284868586895,77.97481114404656,77.03428870404063,77.72637176513672,5537400,0.0,0.0,4704.5400390625,,390.75531005859375
2021-11-19 05:00:00+00:00,78.08131201745007,78.81776238046866,77.19402438088814,78.35636901855469,6765100,0.0,0.0,4697.9599609375,,392.9339904785156
2021-11-22 05:00:00+00:00,78.21438559206717,78.45395021128229,77.48681019551394,77.513427734375,5214500,0.0,0.0,4682.93994140625,,388.3723449707031
2021-11-23 05:00:00+00:00,77.28272564747084,77.99255822438538,76.7769721364954,77.46905517578125,7408000,0.0,0.0,4690.7001953125,,386.6022033691406
2021-11-24 05:00:00+00:00,77.18833158304687,77.8032737013363,76.81402194558743,77.72306060791016,4553900,0.385,0.0,4701.4599609375,,387.84716796875
2021-11-26 05:00:00+00:00,77.46460363003098,77.93694769615524,76.51991549778246,76.72489166259766,4340700,0.0,0.0,4594.6201171875,,380.4940185546875
2021-11-29 05:00:00+00:00,77.7319723922335,79.24703905123599,77.13485844540473,79.01532745361328,8712500,0.0,0.0,4655.27001953125,,388.7516784667969
2021-11-30 05:00:00+00:00,78.47169363909443,79.27378384777349,77.01900494674875,77.33984375,16328300,0.0,0.0,4567.0,,383.04229736328125
2021-12-01 05:00:00+00:00,77.53590375497552,79.92436634952051,77.53590375497552,78.2845230102539,10062800,0.0,0.0,4513.0400390625,,376.5257568359375
2021-12-02 05:00:00+00:00,78.38255456675293,79.7817653799354,78.07954396491185,78.97967529296875,8303500,0.0,0.0,4577.10009765625,,379.2393493652344
2021-12-03 05:00:00+00:00,79.45203096693308,79.45203096693308,76.6625162095645,78.45386505126953,11191000,0.0,0.0,4538.43017578125,,372.6448974609375
2021-12-06 05:00:00+00:00,78.48949494452447,79.98674004406821,78.3201615084409,79.45201110839844,8946400,0.0,0.0,4591.669921875,,375.630859375
2021-12-07 05:00:00+00:00,79.79069834129697,80.69974396087075,79.26488330208146,80.5749740600586,7909700,0.0,0.0,4686.75,,386.94256591796875
2021-12-08 05:00:00+00:00,80.83341112258783,81.02948002797837,79.84415931771652,80.4947509765625,5356500,0.0,0.0,4701.2099609375,,388.6738586425781
2021-12-09 05:00:00+00:00,80.65519440317618,80.65519440317618,79.77289086548491,80.12937927246094,5731200,0.0,0.0,4667.4501953125,,382.9548034667969
2021-12-10 05:00:00+00:00,80.21845791735979,81.01164064028578,80.03130313099551,80.4590835571289,4996700,0.0,0.0,4712.02001953125,,387.1177062988281
2021-12-13 05:00:00+00:00,80.44127894010771,82.09894373497706,80.33433041160208,81.7602767944336,6446500,0.0,0.0,4668.97021484375,,381.5250244140625
2021-12-14 05:00:00+00:00,81.30576251608596,81.68007217436642,79.71938990820668,80.23629760742188,11022600,0.0,0.0,4634.08984375,,377.5761413574219
2021-12-15 05:00:00+00:00,80.4680159020664,82.04546763068166,79.83525239513888,81.99199676513672,9590000,0.0,0.0,4709.85009765625,,386.1839904785156
2021-12-16 05:00:00+00:00,81.6533401824647,82.61584980153953,81.56421300340021,82.19698333740234,7623300,0.0,0.0,4668.669921875,,376.2532958984375
2021-12-17 05:00:00+00:00,81.99198267605662,82.31282141309266,80.8690470964305,81.04729461669922,15335400,0.0,0.0,4620.64013671875,,374.3761291503906
2021-12-20 05:00:00+00:00,80.03129704644097,80.28083674262153,78.88162618951188,80.15606689453125,10167700,0.0,0.0,4568.02001953125,,370.74456787109375
2021-12-21 05:00:00+00:00,80.78885087499084,81.40378619803347,79.63917972398276,80.61060333251953,6287900,0.0,0.0,4649.22998046875,,379.0419921875
2021-12-22 05:00:00+00:00,80.42344483130312,80.99382334220647,80.11152014556662,80.92253112792969,4142900,0.0,0.0,4696.56005859375,,383.6582336425781
2021-12-23 05:00:00+00:00,80.81559844260558,81.37706298694638,80.56605864512076,80.83341979980469,5845600,0.0,0.0,4725.7900390625,,386.5505676269531
2021-12-27 05:00:00+00:00,80.96711299205211,81.4127217666913,80.77104404329882,81.385986328125,5410300,0.0,0.0,4791.18994140625,,392.9392395019531
2021-12-28 05:00:00+00:00,81.68897819542721,82.1613222604044,81.55529424509731,81.88504028320312,3096400,0.0,0.0,4786.35009765625,,391.1180419921875
2021-12-29 05:00:00+00:00,81.94742849478725,82.223710483029,81.62658972095379,81.98307800292969,2945400,0.0,0.0,4793.06005859375,,391.0595703125
2021-12-30 05:00:00+00:00,82.19697131681593,82.80299932880297,81.82265489805327,82.67822265625,3716300,0.0,0.0,4778.72998046875,,389.89093017578125
2021-12-31 05:00:00+00:00,82.5088997465998,83.533801007461,82.43760073031676,83.20404815673828,4811800,0.0,0.0,4766.18017578125,,387.45623779296875
2022-01-03 05:00:00+00:00,83.25753318983267,83.46251619667282,80.69082936182103,81.68899536132812,7864400,0.0,0.0,4796.56005859375,,391.1861572265625
2022-01-04 05:00:00+00:00,81.68007182577838,81.92961159690039,80.76211903938724,80.81558990478516,8379100,0.0,0.0,4793.5400390625,,386.1123046875
2022-01-05 05:00:00+00:00,80.45910622789752,81.54639254980681,79.9243771448378,79.96894073486328,6722300,0.0,0.0,4700.580078125,,374.25048828125
2022-01-06 05:00:00+00:00,79.39853813687326,79.63917059175407,76.33275555185372,76.439697265625,12658600,0.0,0.0,4696.0498046875,,373.9875793457031
2022-01-07 05:00:00+00:00,76.4397083353104,77.42005284983468,75.31677938140774,77.01009368896484,13359300,0.0,0.0,4677.02978515625,,369.93621826171875
2022-01-10 05:00:00+00:00,76.46645240112176,76.96553194816003,74.63054001125451,75.12071228027344,11378700,0.0,0.0,4670.2900390625,,370.1797180175781
2022-01-11 05:00:00+00:00,74.71075445937318,75.7623912378101,74.57707049273012,75.56632232666016,8395900,0.0,0.0,4713.06982421875,,375.74053955078125
2022-01-12 05:00:00+00:00,75.11179533913922,76.47535676348882,74.95137594807171,75.83367919921875,6484000,0.0,0.0,4726.35009765625,,377.2306823730469
2022-01-13 05:00:00+00:00,76.27039585229171,76.47537207113277,75.50394825260348,75.66436767578125,7203100,0.0,0.0,4659.02978515625,,367.7936706542969
2022-01-14 05:00:00+00:00,75.64653763815714,75.88717016666912,73.67694781330448,74.1492919921875,11084300,0.0,0.0,4662.85009765625,,370.0823669433594
2022-01-18 05:00:00+00:00,73.07981276292067,73.23131805995193,71.92122764568059,72.4113998413086,10848100,0.0,0.0,4577.10986328125,,360.86944580078125
2022-01-19 05:00:00+00:00,72.22425380404421,74.2829636766231,72.18860429463155,73.60563659667969,9673900,0.0,0.0,4532.759765625,,356.9057922363281
2022-01-20 05:00:00+00:00,74.25621891958036,76.00300386475386,74.10471362318854,74.42555236816406,12028900,0.0,0.0,4482.72998046875,,352.2701416015625
2022-01-21 05:00:00+00:00,74.59490086305216,74.7998838766028,72.92832851577656,73.61456298828125,12809100,0.0,0.0,4397.93994140625,,342.5021667480469
2022-01-24 05:00:00+00:00,72.76790395062444,73.12439227972794,70.62006669737657,73.00852966308594,14689800,0.0,0.0,4410.1298828125,,344.07012939453125
2022-01-25 05:00:00+00:00,69.69318433235586,71.46671150716223,66.65413712832728,66.93041229248047,22925000,0.0,0.0,4356.4501953125,,336.09405517578125
2022-01-26 05:00:00+00:00,68.17814515595411,68.20488059555416,64.488504903235,64.73804473876953,24721700,0.0,0.0,4349.93017578125,,335.5682678222656
2022-01-27 05:00:00+00:00,65.32623199028579,66.29765560110509,64.5330491229081,64.6221694946289,21250600,0.0,0.0,4326.509765625,,332.1888427734375
2022-01-28 05:00:00+00:00,64.45283135517725,65.01429577580943,62.19805279684029,64.61325073242188,25537100,0.0,0.0,4431.85009765625,,342.6092224121094
2022-01-31 05:00:00+00:00,64.97866084583664,69.78232186226374,64.83606280479854,69.62190246582031,21787800,0.0,0.0,4515.5498046875,,353.5653991699219
2022-02-01 05:00:00+00:00,69.55060398262147,70.82504508658766,67.759255175072,68.82872009277344,12082900,0.0,0.0,4546.5400390625,,355.9708557128906
2022-02-02 05:00:00+00:00,68.99805572590392,69.52387757524588,68.47224067601175,69.27433776855469,8397700,0.0,0.0,4589.3798828125,,358.8633117675781
2022-02-03 05:00:00+00:00,68.2316047044263,68.88219642427421,67.22453144984196,67.52754211425781,7960700,0.0,0.0,4477.43994140625,,344.3135681152344
2022-02-04 05:00:00+00:00,66.93043621964972,68.48115284294612,66.43135657064634,67.74144744873047,12132000,0.0,0.0,4500.52978515625,,348.6571350097656
2022-02-07 05:00:00+00:00,67.7325235905858,67.83947212826742,67.1086741193996,67.44733428955078,8184500,0.0,0.0,4483.8701171875,,345.8523254394531
2022-02-08 05:00:00+00:00,67.50971269151717,68.40093002077812,67.03736859492064,67.25125885009766,6758500,0.0,0.0,4521.5400390625,,349.7381286621094
2022-02-09 05:00:00+00:00,68.27615327614677,68.86435311862529,68.01769946070466,68.32071685791016,7390900,0.0,0.0,4587.18017578125,,357.1492614746094
2022-02-10 05:00:00+00:00,66.76110389671777,68.49006116373388,66.5739422446274,67.24235534667969,9673300,0.0,0.0,4504.080078125,,349.0660705566406
2022-02-11 05:00:00+00:00,67.64338752664494,68.35635721421485,66.54718736775871,66.8056411743164,8999100,0.0,0.0,4418.64013671875,,337.9931640625
2022-02-14 05:00:00+00:00,66.79671680851862,67.11755549830741,65.84311481371493,66.76998138427734,8329200,0.0,0.0,4401.669921875,,338.41192626953125
2022-02-15 05:00:00+00:00,67.4918941591352,68.1513931065223,66.6095840706665,66.9215087890625,9102000,0.0,0.0,4471.06982421875,,346.8262023925781
2022-02-16 05:00:00+00:00,66.95714511916448,67.41166779046824,66.3778593845108,67.04627227783203,7505100,0.0,0.0,4475.009765625,,346.7385559082031
2022-02-17 05:00:00+00:00,66.59176223623594,67.58992132792544,66.38677925165035,67.17996215820312,10093100,0.0,0.0,4380.259765625,,336.42529296875
2022-02-18 05:00:00+00:00,66.80566237393072,67.56319588212219,65.78967497716572,66.08377838134766,9558600,0.0,0.0,4348.8701171875,,332.5881652832031
2022-02-22 05:00:00+00:00,65.88770466488786,66.36004881339207,65.29949789920005,65.75402069091797,8233400,0.0,0.0,4304.759765625,,329.24774169921875
2022-02-23 05:00:00+00:00,66.14614931865071,66.32439005947695,64.3637147125947,64.45283508300781,7837100,0.0,0.0,4225.5,,320.81396484375
2022-02-24 05:00:00+00:00,63.27641515959835,67.53643188102318,63.044696805872974,67.2334213256836,15750400,0.0,0.0,4288.7001953125,,331.59478759765625
2022-02-25 05:00:00+00:00,67.83946013986409,68.83761911737011,67.03736324761955,68.76632690429688,12609500,0.0,0.0,4384.64990234375,,336.7368469238281
2022-02-28 05:00:00+00:00,69.08444570715042,70.67960411863396,68.82456730031447,70.14190673828125,16345600,0.425,0.0,4373.93994140625,,337.7398986816406
2022-03-01 05:00:00+00:00,69.96269121012551,70.64376966515275,68.59157768935893,69.39811706542969,13930300,0.0,0.0,4306.259765625,,332.56866455078125
2022-03-02 05:00:00+00:00,69.26369468193381,69.72969142529452,68.54676925218607,69.49669647216797,6988700,0.0,0.0,4386.5400390625,,338.1488952636719
2022-03-03 05:00:00+00:00,69.76553905253698,71.11873256659491,69.59527456009015,70.60792541503906,10075500,0.0,0.0,4363.490234375,,333.31854248046875
2022-03-04 05:00:00+00:00,70.73338740034333,72.09553754585887,70.33012110937767,71.88046264648438,8996400,0.0,0.0,4328.8701171875,,328.4881286621094
2022-03-07 05:00:00+00:00,72.55256452764944,75.62637037356441,72.33748966729193,75.43817901611328,19948900,0.0,0.0,4201.08984375,,316.37310791015625
2022-03-08 05:00:00+00:00,75.55469627926401,76.53150710925114,73.25158215278931,73.43977355957031,14717600,0.0,0.0,4170.7001953125,,314.902587890625
2022-03-09 05:00:00+00:00,73.82510807604922,73.91472887777849,71.79084304698972,71.97903442382812,12710000,0.0,0.0,4277.8798828125,,326.23846435546875
2022-03-10 05:00:00+00:00,71.29795016496021,72.10448945492493,70.29426290376563,71.83564758300781,9554300,0.0,0.0,4259.52001953125,,322.6155700683594
2022-03-11 05:00:00+00:00,71.961109930237,72.66906499308936,71.01118281989454,71.06495666503906,7230600,0.0,0.0,4204.31005859375,,315.9251403808594
2022-03-14 04:00:00+00:00,71.40550558615284,72.2658120586236,70.527272216299,71.04704284667969,7133800,0.0,0.0,4173.10986328125,,309.85791015625
2022-03-15 04:00:00+00:00,71.87149326949688,73.7175737512602,71.78187930524209,73.4666519165039,9567000,0.0,0.0,4262.4501953125,,319.5771179199219
2022-03-16 04:00:00+00:00,73.35015533983871,74.14773132884395,72.44503848012982,73.94161987304688,8261200,0.0,0.0,4357.85986328125,,331.4292297363281
2022-03-17 04:00:00+00:00,73.98643907658385,74.59582379846735,73.86097811947043,74.10294342041016,6341900,0.0,0.0,4411.669921875,,335.44158935546875
2022-03-18 04:00:00+00:00,74.30903472408286,74.81984186410608,73.69965016781765,73.81615447998047,13470800,0.0,0.0,4463.1201171875,,342.3074951171875
2022-03-21 04:00:00+00:00,73.48456390736908,74.16564226772964,73.02752385160417,73.30533599853516,7181700,0.0,0.0,4461.18017578125,,341.3557434082031
2022-03-22 04:00:00+00:00,73.36806579684493,74.34486951437037,72.96479274990088,74.24629211425781,8516800,0.0,0.0,4511.60986328125,,348.0642395019531
2022-03-23 04:00:00+00:00,73.9147336940258,74.47034441314997,73.49354051203962,73.9953842163086,6125800,0.0,0.0,4456.240234375,,343.0620422363281
2022-03-24 04:00:00+00:00,74.30004838274527,75.08866056001767,74.16562406555782,75.00800323486328,5498000,0.0,0.0,4520.16015625,,350.687255859375
2022-03-25 04:00:00+00:00,75.35752390279139,75.49194825841217,74.56891150004647,75.22310638427734,5481000,0.0,0.0,4543.06005859375,,350.3947448730469
2022-03-28 04:00:00+00:00,75.32168802137075,75.92210909482523,74.99010883715655,75.66222381591797,6177700,0.0,0.0,4575.52001953125,,355.816162109375
2022-03-29 04:00:00+00:00,76.17302478074508,76.20887173050646,74.96321928400162,75.83248901367188,8954300,0.0,0.0,4631.60009765625,,361.939697265625
2022-03-30 04:00:00+00:00,76.28953741476477,76.87203849931875,75.84146070927831,76.6211166381836,6829300,0.0,0.0,4602.4501953125,,357.9417724609375
2022-03-31 04:00:00+00:00,76.2267916065487,77.32009964181182,75.91313934326172,75.91313934326172,10082800,0.0,0.0,4530.41015625,,353.5052795410156
2022-04-01 04:00:00+00:00,75.71598757518659,76.88995300358062,75.39337185226529,76.80929565429688,6453800,0.0,0.0,4545.85986328125,,352.83245849609375
2022-04-04 04:00:00+00:00,76.74656538175337,76.98853059307355,75.85041211308544,76.72864532470703,6465700,0.0,0.0,4582.64013671875,,360.0966491699219
2022-04-05 04:00:00+00:00,76.94372080686816,78.36860123357351,76.81825989522518,77.36491394042969,7203200,0.0,0.0,4525.1201171875,,352.10107421875
2022-04-06 04:00:00+00:00,77.22153958592084,77.53519191966424,76.55838796070508,77.50830841064453,7621900,0.0,0.0,4481.14990234375,,344.45648193359375
2022-04-07 04:00:00+00:00,77.33802702133919,78.2252168108153,76.80032960991697,78.03702545166016,7817400,0.0,0.0,4500.2099609375,,345.2755432128906
2022-04-08 04:00:00+00:00,78.10872426591735,78.43133316111938,77.03333621251812,77.14983367919922,5731600,0.0,0.0,4488.27978515625,,340.4488220214844
2022-04-11 04:00:00+00:00,77.20361426631176,77.26634472878709,75.59053546393531,75.7966537475586,6745200,0.0,0.0,4412.52978515625,,332.394775390625
2022-04-12 04:00:00+00:00,75.68015028503845,76.02964955663411,74.72126644092332,75.17830657958984,8714800,0.0,0.0,4397.4501953125,,330.9906005859375
2022-04-13 04:00:00+00:00,75.60845688762173,75.70703429824906,74.4524183024435,74.87361145019531,7858500,0.0,0.0,4446.58984375,,337.71868896484375
2022-04-14 04:00:00+00:00,74.87360755338455,75.17829637975167,74.18356571490663,74.21044921875,7164100,0.0,0.0,4392.58984375,,329.9960632324219
2022-04-18 04:00:00+00:00,74.38073200171094,74.92738612122227,72.64219222247115,73.22469329833984,6279100,0.0,0.0,4391.68994140625,,330.2496032714844
2022-04-19 04:00:00+00:00,73.26950677667239,73.57419566282987,72.68700567636813,73.33223724365234,8104800,0.0,0.0,4462.2099609375,,337.63092041015625
2022-04-20 04:00:00+00:00,74.40759814130772,74.40759814130772,72.87517700954719,73.04544830322266,8457000,0.0,0.0,4459.4501953125,,332.7068176269531
2022-04-21 04:00:00+00:00,71.97903318097997,72.5884177018377,68.08973111926082,68.26895904541016,17712800,0.0,0.0,4393.66015625,,325.8226623535156
2022-04-22 04:00:00+00:00,68.25999202757359,68.43922678145503,66.20780024610178,66.2705307006836,15284800,0.0,0.0,4271.77978515625,,317.29083251953125
2022-04-25 04:00:00+00:00,66.31534170856187,66.77238178878106,64.15560905489068,66.35118865966797,15697900,0.0,0.0,4296.1201171875,,321.36663818359375
2022-04-26 04:00:00+00:00,66.36014155414966,67.18460078716411,65.85829115557527,65.92998504638672,10971600,0.0,0.0,4175.2001953125,,309.23663330078125
2022-04-27 04:00:00+00:00,66.16300624696949,67.33696499684312,65.58946862587797,65.6611557006836,10989600,0.0,0.0,4183.9599609375,,308.8661193847656
2022-04-28 04:00:00+00:00,65.86727033253426,66.23469648286743,65.21307538757097,65.85830688476562,11325600,0.0,0.0,4287.5,,319.83575439453125
2022-04-29 04:00:00+00:00,65.3116477191763,65.82245480852004,63.51934118293771,63.64480209350586,14912900,0.0,0.0,4131.93017578125,,305.4435119628906
2022-05-02 04:00:00+00:00,63.71649967904055,64.08392582202009,61.40442247273577,62.614234924316406,14338100,0.0,0.0,4155.3798828125,,310.5432434082031
2022-05-03 04:00:00+00:00,62.73073715410438,64.10185074367828,62.34539092381629,63.41181564331055,10419900,0.0,0.0,4175.47998046875,,310.87481689453125
2022-05-04 04:00:00+00:00,64.52306362075663,65.71494963132419,63.38495147910773,65.47298431396484,10859600,0.0,0.0,4300.169921875,,321.38604736328125
2022-05-05 04:00:00+00:00,65.15033864447206,65.39230385113923,63.806108767319756,64.37964630126953,10382300,0.0,0.0,4146.8701171875,,305.1997985839844
2022-05-06 04:00:00+00:00,63.85991448850029,65.29375903910486,63.707563163506265,64.94425964355469,9364900,0.0,0.0,4123.33984375,,301.5432434082031
2022-05-09 04:00:00+00:00,64.34381900313811,64.59474086957857,62.96374190060751,63.367008209228516,10442700,0.0,0.0,3991.239990234375,,289.74481201171875
2022-05-10 04:00:00+00:00,63.62688030134747,64.2900317872815,61.583651999691966,62.721763610839844,14731900,0.0,0.0,4001.050048828125,,293.2648620605469
2022-05-11 04:00:00+00:00,62.417092820391076,63.94055103989145,62.318515388141314,62.90997314453125,11129000,0.0,0.0,3935.179931640625,,284.5671081542969
2022-05-12 04:00:00+00:00,62.36331398962896,63.16985344505599,60.239434733630546,61.39547348022461,15364900,0.0,0.0,3930.080078125,,283.8943176269531
2022-05-13 04:00:00+00:00,62.219938227818595,62.901016807127554,61.41339870457228,62.551517486572266,8010600,0.0,0.0,4023.889892578125,,294.4154052734375
2022-05-16 04:00:00+00:00,62.4081079236067,63.375955014658985,62.19303307129718,62.83826446533203,7339500,0.0,0.0,4008.010009765625,,291.0027160644531
2022-05-17 04:00:00+00:00,63.53726731730062,64.54991803680768,62.847225480320446,64.54095458984375,8889300,0.0,0.0,4088.85009765625,,298.5400390625
2022-05-18 04:00:00+00:00,64.3348618182575,64.74709161570374,63.367014378805244,63.62689971923828,10316800,0.0,0.0,3923.679931640625,,283.88458251953125
2022-05-19 04:00:00+00:00,63.70755294653373,63.70755294653373,62.3095555885341,63.14297866821289,9593500,0.0,0.0,3900.7900390625,,282.36346435546875
2022-05-20 04:00:00+00:00,63.53728206786049,64.12873979976146,62.71282252055205,63.82405090332031,9747800,0.0,0.0,3901.360107421875,,281.48590087890625
2022-05-23 04:00:00+00:00,64.35277175469992,65.0517702941732,64.0391194404629,65.01593017578125,10378700,0.0,0.0,3973.75,,286.16632080078125
2022-05-24 04:00:00+00:00,65.06969770280956,67.13980983018082,64.67538802631685,66.915771484375,11133500,0.0,0.0,3941.47998046875,,280.0818176269531
2022-05-25 04:00:00+00:00,67.31904003757988,67.34592354331373,65.94791971118802,67.02330780029297,11192100,0.0,0.0,3978.72998046875,,284.0016174316406
2022-05-26 04:00:00+00:00,67.25629315733927,67.88359759499201,67.00536454517258,67.24732971191406,9431300,0.0,0.0,4057.840087890625,,291.8705139160156
2022-05-27 04:00:00+00:00,67.13467843874528,69.80240017876301,66.84627627431227,69.78437805175781,9435300,0.425,0.0,4158.240234375,,301.39703369140625
2022-05-31 04:00:00+00:00,69.19856943619772,69.34277397772614,67.74754389831018,68.21620178222656,29712000,0.0,0.0,4132.14990234375,,300.59747314453125
2022-06-01 04:00:00+00:00,68.279284006964,69.06337379070372,67.89174292813215,68.64879608154297,7994100,0.0,0.0,4101.22998046875,,298.3743591308594
2022-06-02 04:00:00+00:00,68.90115091863164,70.88392205632118,68.49558768931261,70.76675415039062,9640600,0.0,0.0,4176.81982421875,,306.54541015625
2022-06-03 04:00:00+00:00,70.37919241066976,71.14526675969034,70.11783379574253,70.91995239257812,9293500,0.0,0.0,4108.5400390625,,298.56927490234375
2022-06-06 04:00:00+00:00,73.17311592845081,73.44348911675606,72.16370481437953,72.27185821533203,12716900,0.0,0.0,4121.43017578125,,299.5638122558594
2022-06-07 04:00:00+00:00,71.88432162007263,72.2628482330075,70.5504570957602,71.90234375,7405600,0.0,0.0,4160.68017578125,,302.14776611328125
2022-06-08 04:00:00+00:00,71.18134448087584,71.72209778879102,70.51440875426414,70.7397232055664,5198000,0.0,0.0,4115.77001953125,,299.973388671875
2022-06-09 04:00:00+00:00,70.51439557742569,71.07317778761566,69.6672180745539,69.70326232910156,8354800,0.0,0.0,4017.820068359375,,291.9386901855469
2022-06-10 04:00:00+00:00,68.9912788583055,69.3067176743137,68.28829208485092,68.41447448730469,8598500,0.0,0.0,3900.860107421875,,281.641845703125
2022-06-13 04:00:00+00:00,67.21579828290871,67.3780249375951,64.85450072604011,65.26007080078125,11882300,0.0,0.0,3749.6298828125,,268.54656982421875
2022-06-14 04:00:00+00:00,65.16994420711886,65.89996764358625,63.331377614170776,64.42190551757812,11412500,0.0,0.0,3735.47998046875,,269.03411865234375
2022-06-15 04:00:00+00:00,65.30513236585497,68.09002224501889,65.07981793999595,66.86431121826172,12085300,0.0,0.0,3789.989990234375,,275.7524108886719
2022-06-16 04:00:00+00:00,65.5304538440319,65.86392170556893,63.19619944142665,63.87214279174805,12729200,0.0,0.0,3666.77001953125,,264.6268005371094
2022-06-17 04:00:00+00:00,63.66484965475993,65.56650413933187,63.66484965475993,63.81806182861328,15919000,0.0,0.0,3674.840087890625,,267.8445129394531
2022-06-21 04:00:00+00:00,63.80906434752493,66.15233359593692,63.80906434752493,65.54849243164062,8466900,0.0,0.0,3764.7900390625,,274.6020812988281
2022-06-22 04:00:00+00:00,65.07081210443602,68.0900313139167,64.75537324143026,67.31494903564453,12686500,0.0,0.0,3759.889892578125,,274.20166015625
2022-06-23 04:00:00+00:00,68.08101075341968,69.76636520875444,67.88273294972726,69.57709503173828,12502500,0.0,0.0,3795.72998046875,,278.2852478027344
2022-06-24 04:00:00+00:00,69.69426081420465,70.41526286122603,69.06337628750393,70.31612396240234,9320500,0.0,0.0,3911.739990234375,,287.8203430175781
2022-06-27 04:00:00+00:00,70.05477692640977,70.46034021555454,69.7213090407217,70.198974609375,6557200,0.0,0.0,3900.110107421875,,285.7101135253906
2022-06-28 04:00:00+00:00,70.21698543989638,70.59551199524756,68.7028723424416,68.89213562011719,6140200,0.0,0.0,3821.550048828125,,277.00543212890625
2022-06-29 04:00:00+00:00,68.58570697190973,68.98226254508067,67.82865383336551,68.4955825805664,7082200,0.0,0.0,3818.830078125,,277.2593994140625
2022-06-30 04:00:00+00:00,68.00891619383115,70.51441190406179,67.88274064554987,69.81143188476562,8872900,0.0,0.0,3785.3798828125,,273.8205871582031
2022-07-01 04:00:00+00:00,70.59552281386756,72.67742606339654,70.3792159981897,72.6053237915039,7718400,0.0,0.0,3825.330078125,,275.6279296875
2022-07-05 04:00:00+00:00,72.55124776427206,72.74952556640466,69.9015478195015,71.29850006103516,11278600,0.0,0.0,3831.389892578125,,280.3465881347656
2022-07-06 04:00:00+00:00,71.83025003787509,72.28087897632112,70.83886774850423,71.71308898925781,7918400,0.0,0.0,3845.080078125,,282.1441650390625
2022-07-07 04:00:00+00:00,71.94738957631218,72.62333271729358,71.92936057529845,72.44307708740234,5498000,0.0,0.0,3902.6201171875,,288.1817626953125
2022-07-08 04:00:00+00:00,71.83024084450085,72.48816203588919,71.5688821445785,72.32593536376953,5708300,0.0,0.0,3899.3798828125,,288.54327392578125
2022-07-11 04:00:00+00:00,72.1006225219007,72.98385817325651,71.84827144324224,72.7134780883789,6100400,0.0,0.0,3854.429931640625,,282.37860107421875
2022-07-12 04:00:00+00:00,72.59630205019509,72.91174083333301,71.66800095117526,72.0555419921875,7553900,0.0,0.0,3818.800048828125,,279.64312744140625
2022-07-13 04:00:00+00:00,71.54183449379973,73.27225452157379,71.26244680423362,72.33494567871094,7552400,0.0,0.0,3801.780029296875,,279.06683349609375
2022-07-14 04:00:00+00:00,70.93800420572319,72.4160665224996,70.76676301471379,72.21778869628906,6124400,0.0,0.0,3790.3798828125,,280.0633239746094
2022-07-15 04:00:00+00:00,70.52341817525159,71.0641714441967,68.79300496420689,70.93799591064453,8780600,0.0,0.0,3863.159912109375,,285.1434631347656
2022-07-18 04:00:00+00:00,70.5955298891006,70.89294663342709,69.84748421435891,69.85649871826172,6610800,0.0,0.0,3830.85009765625,,282.73040771484375
2022-07-19 04:00:00+00:00,70.41527482889808,71.49678839731854,70.22601150153616,71.13628387451172,6403800,0.0,0.0,3936.68994140625,,291.4253234863281
2022-07-20 04:00:00+00:00,71.34356982230823,71.55986976620581,70.17193194709813,70.58650970458984,6323700,0.0,0.0,3959.89990234375,,296.0462341308594
2022-07-21 04:00:00+00:00,70.9470242927724,71.16332426745522,70.41527854644734,71.08221435546875,7847600,0.0,0.0,3998.949951171875,,300.2959899902344
2022-07-22 04:00:00+00:00,72.21778195700608,73.72288764458051,71.43369210513694,72.32593536376953,11517100,0.0,0.0,3961.6298828125,,295.0301513671875
2022-07-25 04:00:00+00:00,72.100628110747,73.03793710131292,71.6319770534899,72.9838638305664,5035600,0.0,0.0,3966.840087890625,,293.3498840332031
2022-07-26 04:00:00+00:00,72.58730594475423,72.65940822090144,71.36159475445788,72.01951599121094,6740900,0.0,0.0,3921.050048828125,,287.58587646484375
2022-07-27 04:00:00+00:00,72.1276383301542,72.8035814711356,71.69503857051366,72.44307708740234,6056200,0.0,0.0,4023.610107421875,,299.7391052246094
2022-07-28 04:00:00+00:00,76.43567362241575,77.75150921635829,75.96702258081282,76.19233703613281,13561500,0.0,0.0,4072.429931640625,,302.66998291015625
2022-07-29 04:00:00+00:00,76.15626944540739,76.9764171860927,75.98502829602253,76.14725494384766,11474800,0.0,0.0,4130.2900390625,,308.18975830078125
2022-08-01 04:00:00+00:00,76.11122444367192,76.98544567857402,75.30910548869103,76.88630676269531,7004500,0.0,0.0,4118.6298828125,,308.0041198730469
2022-08-02 04:00:00+00:00,77.00347655917629,78.20214433076973,76.78716971415241,77.21076202392578,7664200,0.0,0.0,4091.18994140625,,307.08575439453125
2022-08-03 04:00:00+00:00,77.30087469906135,78.24719809318876,76.03010483877274,77.92274475097656,7640400,0.0,0.0,4155.169921875,,315.4485778808594
2022-08-04 04:00:00+00:00,78.37336169380549,79.9055037711625,77.9137183829934,79.29264831542969,8679200,0.0,0.0,4151.93994140625,,316.9237976074219
2022-08-05 04:00:00+00:00,79.20251705272344,79.75228475019185,78.35533956689422,79.29264831542969,8643200,0.0,0.0,4145.18994140625,,314.3348693847656
2022-08-08 04:00:00+00:00,79.72528225880893,80.17591126109208,78.21116853609543,78.87809753417969,7243200,0.0,0.0,4140.06005859375,,313.3188171386719
2022-08-09 04:00:00+00:00,79.50896148445904,80.31108034881633,79.11240586574718,80.13983917236328,5154000,0.0,0.0,4122.47021484375,,309.77239990234375
2022-08-10 04:00:00+00:00,80.80676284727483,81.18528940368847,80.06772498563379,80.91490936279297,5693300,0.0,0.0,4210.240234375,,318.4184875488281
2022-08-11 04:00:00+00:00,81.39258400828122,82.04149067893108,80.47330414222782,80.59947967529297,7525800,0.0,0.0,4207.27001953125,,316.61114501953125
2022-08-12 04:00:00+00:00,81.27543097531371,81.69902325344965,80.5093631988803,81.53679656982422,5262500,0.0,0.0,4280.14990234375,,322.7757263183594
2022-08-15 04:00:00+00:00,81.54581426988244,82.19471415376884,81.23938302166637,82.01446533203125,5032700,0.0,0.0,4297.14013671875,,325.3841552734375
2022-08-16 04:00:00+00:00,81.599865331527,82.32988179973735,81.41060205740024,81.59085083007812,5250600,0.0,0.0,4305.2001953125,,324.62213134765625
2022-08-17 04:00:00+00:00,81.08617157197448,81.7170493298372,80.87887923664708,81.29345703125,4178000,0.0,0.0,4274.0400390625,,320.9195251464844
2022-08-18 04:00:00+00:00,81.29344715550994,81.68098826713235,80.99603732067726,81.32949829101562,5090700,0.0,0.0,4283.740234375,,321.6912841796875
2022-08-19 04:00:00+00:00,81.21234165673668,81.64494155413584,80.545412803883,80.85183715820312,5542800,0.0,0.0,4228.47998046875,,315.41925048828125
2022-08-22 04:00:00+00:00,80.1488455962646,80.68959882796707,79.51796797195344,79.79735565185547,5783400,0.0,0.0,4137.990234375,,307.1151123046875
2022-08-23 04:00:00+00:00,79.86043813980938,79.8964892696819,78.9772026480577,79.29264831542969,3473600,0.0,0.0,4128.72998046875,,306.8611755371094
2022-08-24 04:00:00+00:00,79.44587462611928,80.01366455173998,79.27463344770379,79.95057678222656,5669200,0.0,0.0,4140.77001953125,,307.7502136230469
2022-08-25 04:00:00+00:00,80.22096290895124,80.62652618979273,79.36476382843341,80.56343841552734,5595200,0.0,0.0,4199.1201171875,,313.19171142578125
2022-08-26 04:00:00+00:00,81.10418921850832,81.61790590037224,79.07635912545848,79.36476135253906,7990000,0.0,0.0,4057.659912109375,,300.35455322265625
2022-08-29 04:00:00+00:00,78.77158122806183,79.5594737136522,78.25537318566197,78.80780029296875,5827800,0.425,0.0,4030.610107421875,,297.3945007324219
2022-08-30 04:00:00+00:00,78.97080081537993,79.08853693997759,77.16860207200092,77.61235809326172,7394200,0.0,0.0,3986.159912109375,,294.0825500488281
2022-08-31 04:00:00+00:00,77.61237001388582,78.12857805120018,76.7973097829459,77.03276824951172,6830900,0.0,0.0,3955.0,,292.3729248046875
2022-09-01 04:00:00+00:00,77.27730234563535,78.30066033846664,76.71581003724884,78.11953735351562,5896300,0.0,0.0,3966.85009765625,,292.4998779296875
2022-09-02 04:00:00+00:00,78.29157993265619,78.99797595636697,76.77012379821232,77.07804107666016,5785700,0.0,0.0,3924.260009765625,,288.3673400878906
2022-09-06 04:00:00+00:00,79.00704259939252,79.93983901647069,78.8078031880946,79.1247787475586,11077100,0.0,0.0,3908.18994140625,,286.2962646484375
2022-09-07 04:00:00+00:00,79.43267606710538,81.88692850885666,79.34211459766088,81.72391510009766,11366600,0.0,0.0,3979.8701171875,,292.0798034667969
2022-09-08 04:00:00+00:00,81.26205005400894,82.46653073319636,81.17148167458666,81.75108337402344,8852500,0.0,0.0,4006.179931640625,,293.5940856933594
2022-09-09 04:00:00+00:00,82.2401263829022,82.39408848748516,81.35261427350572,81.41600799560547,5700400,0.0,0.0,4067.360107421875,,300.0126647949219
2022-09-12 04:00:00+00:00,81.66959163285392,82.27636116786559,81.30733879230726,82.2401351928711,5573800,0.0,0.0,4110.41015625,,303.5785827636719
2022-09-13 04:00:00+00:00,81.5518595030319,81.93222186288293,80.10284819225046,80.47415924072266,5624800,0.0,0.0,3932.68994140625,,286.9312744140625
2022-09-14 04:00:00+00:00,80.02132481413264,80.93601141947426,79.74963353432146,80.49224853515625,7281500,0.0,0.0,3946.010009765625,,289.2075500488281
2022-09-15 04:00:00+00:00,77.37690419435697,78.60855955395984,76.8244702355911,77.89311218261719,18681000,0.0,0.0,3901.35009765625,,284.3912353515625
2022-09-16 04:00:00+00:00,77.34973834734468,77.8749976591095,76.52561304420396,76.78824615478516,19190700,0.0,0.0,3873.330078125,,282.6522521972656
2022-09-19 04:00:00+00:00,76.724847398324,78.69911779885415,76.56183399243079,78.644775390625,8821000,0.0,0.0,3899.889892578125,,284.85333251953125
2022-09-20 04:00:00+00:00,77.87498638399968,78.29157463065498,76.91502246385473,77.60330200195312,6242000,0.0,0.0,3855.929931640625,,282.5826721191406
2022-09-21 04:00:00+00:00,77.88405628288854,78.2825350609245,76.02751496820018,76.0456314086914,6706300,0.0,0.0,3789.929931640625,,277.52276611328125
2022-09-22 04:00:00+00:00,75.89167721674912,76.24487180763293,75.19433934594939,75.65621185302734,6748700,0.0,0.0,3757.989990234375,,274.10711669921875
2022-09-23 04:00:00+00:00,74.71435811983679,74.86831332073734,73.6638256467318,74.73246765136719,6719700,0.0,0.0,3693.22998046875,,269.64422607421875
2022-09-26 04:00:00+00:00,74.68718969670564,74.96793234398955,72.74008687829058,73.49176025390625,7702900,0.0,0.0,3655.0400390625,,268.5284423828125
2022-09-27 04:00:00+00:00,74.27963835386548,74.82302092157276,72.54989170214613,73.42835235595703,9247000,0.0,0.0,3647.2900390625,,268.6361389160156
2022-09-28 04:00:00+00:00,74.5241743393558,75.19433753290006,73.58231981657592,74.59662628173828,8713400,0.0,0.0,3719.0400390625,,273.9798278808594
2022-09-29 04:00:00+00:00,74.41549870198706,74.57851212263513,71.96124608123944,72.4231185913086,8291300,0.0,0.0,3640.469970703125,,266.0816650390625
2022-09-30 04:00:00+00:00,72.72197523411032,72.99365965311821,70.90165991634818,71.01033782958984,12854300,0.0,0.0,3585.6201171875,,261.5697937011719
2022-10-03 04:00:00+00:00,72.29632172952932,73.92644881435963,71.74388781534105,73.5279769897461,8115200,0.0,0.0,3678.429931640625,,267.7063293457031
2022-10-04 04:00:00+00:00,74.24344088843598,75.06755937949558,73.86307159854857,75.00416564941406,8193700,0.0,0.0,3790.929931640625,,276.1232604980469
2022-10-05 04:00:00+00:00,74.03514364059569,74.69625560865313,72.92121733834502,74.05325317382812,5468700,0.0,0.0,3783.280029296875,,275.97637939453125
2022-10-06 04:00:00+00:00,73.92645380163168,74.01702218139627,71.40880761467585,71.46315002441406,8374600,0.0,0.0,3744.52001953125,,273.8037414550781
2022-10-07 04:00:00+00:00,71.14617902215458,71.22768918722808,68.99984370992024,69.48888397216797,7697400,0.0,0.0,3639.659912109375,,263.3706970214844
2022-10-10 04:00:00+00:00,69.7605578823739,70.34921775240228,69.19001445047381,69.4979248046875,6118000,0.0,0.0,3612.389892578125,,260.7380065917969
2022-10-11 04:00:00+00:00,69.05417407061469,69.67000173542361,68.1213778083447,68.85493469238281,9143100,0.0,0.0,3588.840087890625,,257.1559143066406
2022-10-12 04:00:00+00:00,68.65570475543205,69.15380326950846,65.76675410198345,65.88448333740234,9715100,0.0,0.0,3577.030029296875,,257.0677490234375
2022-10-13 04:00:00+00:00,64.83394008170897,66.62708752648781,63.74718866083497,66.1923828125,13643700,0.0,0.0,3669.909912109375,,263.0966796875
2022-10-14 04:00:00+00:00,66.82632150799809,67.77722719719979,64.69809611666494,64.9969482421875,8735000,0.0,0.0,3583.070068359375,,255.1885986328125
2022-10-17 04:00:00+00:00,65.92975635555648,67.39687007665657,65.88447216762748,66.69953918457031,7563500,0.0,0.0,3677.949951171875,,263.6153564453125
2022-10-18 04:00:00+00:00,68.4202338736375,68.77342842522529,67.11612666199215,67.97647094726562,6998500,0.0,0.0,3719.97998046875,,265.70001220703125
2022-10-19 04:00:00+00:00,67.23386651032098,67.44216413211477,65.67618418545688,66.69049072265625,8579600,0.0,0.0,3695.159912109375,,264.7310485839844
2022-10-20 04:00:00+00:00,66.43691709793215,66.54559502132177,63.22193268565339,63.97360610961914,13023800,0.0,0.0,3665.780029296875,,263.3804016113281
2022-10-21 04:00:00+00:00,64.37206724357446,66.11087208396614,63.66567820900261,64.88827514648438,11161300,0.0,0.0,3752.75,,269.55615234375
2022-10-24 04:00:00+00:00,65.6490088239813,66.7357671827571,65.16902681868248,66.36445617675781,9989600,0.0,0.0,3797.340087890625,,272.5215759277344
2022-10-25 04:00:00+00:00,66.79010438069652,68.90927183368856,66.65425871872071,68.70098114013672,9216900,0.0,0.0,3859.110107421875,,278.1589660644531
2022-10-26 04:00:00+00:00,68.70098048794834,69.30774994169644,68.19383072474365,68.46551513671875,6247100,0.0,0.0,3830.60009765625,,272.0126647949219
2022-10-27 04:00:00+00:00,68.87305984097028,69.67001054527594,68.3387353582009,68.34779357910156,7163300,0.0,0.0,3807.300048828125,,267.0604248046875
2022-10-28 04:00:00+00:00,69.50697631537791,71.81633138668309,69.41641486166705,71.57180786132812,9123300,0.0,0.0,3901.06005859375,,275.23260498046875
2022-10-31 04:00:00+00:00,71.04655496663895,71.78917008017926,69.5160474589823,70.18621063232422,8273700,0.0,0.0,3871.97998046875,,272.0322265625
2022-11-01 04:00:00+00:00,70.81110861460357,70.81110861460357,69.88736349285713,70.37640380859375,5410300,0.0,0.0,3856.10009765625,,269.2527160644531
2022-11-02 04:00:00+00:00,70.36734664553508,72.29634018263123,69.75151885824124,69.98698425292969,7119000,0.0,0.0,3759.68994140625,,260.0234375
2022-11-03 04:00:00+00:00,69.49792529218746,71.70766092036196,69.15378896869993,70.80203247070312,6920300,0.0,0.0,3719.889892578125,,254.94395446777344
2022-11-04 04:00:00+00:00,71.18240316307069,71.70766938412599,70.11376118996398,71.36353302001953,7758900,0.0,0.0,3770.550048828125,,259.0447692871094
2022-11-07 05:00:00+00:00,71.30014006125572,71.65333464934268,69.09040414859047,69.99603271484375,7008500,0.0,0.0,3806.800048828125,,261.892822265625
2022-11-08 05:00:00+00:00,70.34016159246934,71.67143654860456,69.8782960476282,70.88353729248047,5518400,0.0,0.0,3828.110107421875,,263.80133056640625
2022-11-09 05:00:00+00:00,71.18240509705717,71.6442776080786,70.63902933024255,70.82015228271484,4940000,0.0,0.0,3748.570068359375,,257.7137145996094
2022-11-10 05:00:00+00:00,73.63665215356609,75.86449746558772,72.40499682359355,75.3482894897461,9315900,0.0,0.0,3956.3701171875,,276.7300109863281
2022-11-11 05:00:00+00:00,75.41169577725816,75.93696206039775,74.2434408814937,75.44792175292969,5730900,0.0,0.0,3992.929931640625,,281.8291320800781
2022-11-14 05:00:00+00:00,75.24867845852366,75.87356441516556,73.9083519748313,73.9536361694336,7904000,0.0,0.0,3957.25,,279.3627014160156
2022-11-15 05:00:00+00:00,74.73246896088084,75.90978890352172,74.29777110255654,75.0856704711914,5594900,0.0,0.0,3991.72998046875,,283.22869873046875
2022-11-16 05:00:00+00:00,75.22150827882209,76.75202280295017,75.22150827882209,76.36260223388672,8444900,0.0,0.0,3958.7900390625,,279.3627014160156
2022-11-17 05:00:00+00:00,75.40263173092407,75.48413498037145,74.14380865387946,74.57850646972656,8333900,0.0,0.0,3946.56005859375,,278.7461853027344
2022-11-18 05:00:00+00:00,75.40263189889595,75.88261390510341,74.77774601415183,75.3482894897461,6664400,0.0,0.0,3965.340087890625,,278.7559814453125
2022-11-21 05:00:00+00:00,74.82302871598243,75.84638642756241,74.82302871598243,75.71054077148438,6593800,0.0,0.0,3949.93994140625,,275.8883972167969
2022-11-22 05:00:00+00:00,76.12714012132871,76.89692998125838,75.81922970487531,76.17242431640625,4105500,0.0,0.0,4003.580078125,,279.8619079589844
2022-11-23 05:00:00+00:00,76.04043500986427,77.36936683031712,75.94941361425549,77.29654693603516,4259700,0.425,0.0,4027.260009765625,,282.6708068847656
2022-11-25 05:00:00+00:00,77.61512496610042,78.09755155532163,77.48769362388722,77.67884063720703,3622200,0.0,0.0,4026.1201171875,,280.8113098144531
2022-11-28 05:00:00+00:00,76.76861917601035,77.3784771581284,75.85839125913384,76.21338653564453,6464200,0.0,0.0,3963.93994140625,,276.69085693359375
2022-11-29 05:00:00+00:00,75.4670025543218,75.66724686965051,74.62049028431576,75.08470153808594,5398200,0.0,0.0,3957.6298828125,,274.596435546875
2022-11-30 05:00:00+00:00,74.72060290898617,77.278347959426,74.69329718386018,77.09629821777344,9739200,0.0,0.0,4080.110107421875,,287.1141357421875
2022-12-01 05:00:00+00:00,77.73346740396141,78.25229705157517,76.45004267621323,77.21463775634766,5830700,0.0,0.0,4076.570068359375,,287.46649169921875
2022-12-02 05:00:00+00:00,76.21337031135772,77.5605034526443,75.91299349605553,77.55139923095703,6316900,0.0,0.0,4071.699951171875,,286.32147216796875
2022-12-05 05:00:00+00:00,77.3693695808564,78.30690318348287,77.16001411347483,77.50590515136719,5511700,0.0,0.0,3998.840087890625,,281.51593017578125
2022-12-06 05:00:00+00:00,77.28744467824094,77.5969187922699,76.1951671678453,77.533203125,5027700,0.0,0.0,3941.260009765625,,275.682861328125
2022-12-07 05:00:00+00:00,77.5149965649383,78.59816283782122,77.01436853729201,77.6333236694336,5108800,0.0,0.0,3933.919921875,,274.55731201171875
2022-12-08 05:00:00+00:00,77.6151177376836,78.64367954695372,77.27833791226524,78.0611343383789,4281700,0.0,0.0,3963.510009765625,,277.8066101074219
2022-12-09 05:00:00+00:00,77.87907469959147,78.27957708365025,76.84141574497171,76.92333984375,4460300,0.0,0.0,3934.3798828125,,276.03509521484375
2022-12-12 05:00:00+00:00,77.47858647738803,78.82571962191679,77.1873138830721,78.78021240234375,5348900,0.0,0.0,3990.56005859375,,279.4998474121094
2022-12-13 05:00:00+00:00,80.10004722958436,80.43683401908773,78.27959161073017,79.32635498046875,7179500,0.0,0.0,4019.64990234375,,282.50439453125
2022-12-14 05:00:00+00:00,79.60853377255962,80.65529727895988,78.58907599288918,79.23534393310547,6111600,0.0,0.0,3995.320068359375,,280.4100646972656
2022-12-15 05:00:00+00:00,79.09881102193985,79.23534660468049,77.80628898690333,78.10665893554688,6469100,0.0,0.0,3895.75,,270.9948425292969
2022-12-16 05:00:00+00:00,77.00526704628246,77.2419282081518,75.79466245976181,76.58656311035156,16949300,0.0,0.0,3852.360107421875,,268.4110107421875
2022-12-19 05:00:00+00:00,76.44093533437282,76.71399951352049,75.51249906960417,76.02222442626953,5681100,0.0,0.0,3817.659912109375,,264.6388854980469
2022-12-20 05:00:00+00:00,75.91300153240533,76.49554678130492,75.32135206085465,76.02222442626953,4811900,0.0,0.0,3821.6201171875,,264.4328918457031
2022-12-21 05:00:00+00:00,76.32261137900431,77.3238607240923,76.14056856880217,77.05079650878906,5356200,0.0,0.0,3878.43994140625,,268.2687683105469
2022-12-22 05:00:00+00:00,76.95065299005681,76.95065299005681,74.78431349654235,75.8583755493164,4491000,0.0,0.0,3822.389892578125,,261.7055358886719
2022-12-23 05:00:00+00:00,75.54890390334589,76.70489010026873,75.54890390334589,76.6138687133789,3254700,0.0,0.0,3844.820068359375,,262.29412841796875
2022-12-27 05:00:00+00:00,76.55015835609187,76.71399964164898,75.97671732888557,76.45913696289062,4726500,0.0,0.0,3829.25,,258.58575439453125
2022-12-28 05:00:00+00:00,76.64118039115233,76.95066146401304,75.53070827361762,75.69454956054688,3536400,0.0,0.0,3783.219970703125,,255.17169189453125
2022-12-29 05:00:00+00:00,76.21338117409394,77.08719907948445,75.99492148938077,76.5319595336914,3378300,0.0,0.0,3849.280029296875,,261.3916015625
2022-12-30 05:00:00+00:00,76.41362535620021,76.47734102802619,75.07559624785463,76.09504699707031,4266900,0.0,0.0,3839.5,,261.2346496582031
2023-01-03 05:00:00+00:00,76.79592142475396,77.27834104411029,75.13020289625095,76.30439758300781,5535400,0.0,0.0,3824.139892578125,,259.46875
2023-01-04 05:00:00+00:00,76.78682424321778,77.78807351881083,76.3044045796267,76.9051513671875,4831100,0.0,0.0,3852.969970703125,,260.7048645019531
2023-01-05 05:00:00+00:00,76.10414634911065,76.46823885530766,74.76611038191666,75.21212005615234,5472600,0.0,0.0,3808.10009765625,,256.6236877441406
2023-01-06 05:00:00+00:00,76.05864746525042,76.79593684818781,75.38508070735269,76.14057159423828,5235300,0.0,0.0,3895.080078125,,263.7068786621094
2023-01-09 05:00:00+00:00,76.13148217058223,77.30567732143321,75.99494655871774,76.52288055419922,4749000,0.0,0.0,3892.090087890625,,265.4139404296875
2023-01-10 05:00:00+00:00,76.52286010619724,77.00527978731789,75.88570334707333,76.95066833496094,4921100,0.0,0.0,3919.25,,267.6605224609375
2023-01-11 05:00:00+00:00,76.88694984338191,77.6970520979533,76.65939287424416,77.36936950683594,6153500,0.0,0.0,3969.610107421875,,272.291015625
2023-01-12 05:00:00+00:00,77.46038830482813,77.97921789926278,76.8141273675139,77.4330825805664,4648600,0.0,0.0,3983.169921875,,273.76263427734375
2023-01-13 05:00:00+00:00,76.8596493510278,77.34206904732633,76.2315898512115,77.0781021118164,4943200,0.0,0.0,3999.090087890625,,275.64630126953125
2023-01-17 05:00:00+00:00,77.54230947346211,78.70739996090704,77.53320525089197,78.04293060302734,8410200,0.0,0.0,3990.969970703125,,276.20550537109375
2023-01-18 05:00:00+00:00,78.21589032946822,78.31601596248203,76.21339155816878,76.27710723876953,6107700,0.0,0.0,3928.860107421875,,272.61480712890625
2023-01-19 05:00:00+00:00,76.51374083149544,76.76860348501054,74.902640803497,75.17570495605469,7099700,0.0,0.0,3898.85009765625,,269.9365539550781
2023-01-20 05:00:00+00:00,75.1028976605541,75.13020338341369,73.27333783960573,74.47483825683594,9429200,0.0,0.0,3972.610107421875,,277.3238525390625
2023-01-23 05:00:00+00:00,74.0743403891801,75.74916325462813,73.6374349074023,75.24853515625,6864300,0.0,0.0,4019.81005859375,,283.48486328125
2023-01-24 05:00:00+00:00,75.35776481333983,76.64118247544955,73.07309095693985,76.36811828613281,6652300,0.0,0.0,4016.949951171875,,282.9060974121094
2023-01-25 05:00:00+00:00,73.30065581972744,73.71935984405916,69.0863029044965,69.71435546875,28527400,0.0,0.0,4016.219970703125,,282.2781677246094
2023-01-26 05:00:00+00:00,68.35812081542608,70.49715520788871,68.08505658449869,69.54141998291016,18508700,0.0,0.0,4060.429931640625,,287.78192138671875
2023-01-27 05:00:00+00:00,69.24103842822352,69.54141531210823,68.73131300913771,68.79502868652344,13243200,0.0,0.0,4070.56005859375,,290.6466064453125
2023-01-30 05:00:00+00:00,68.59477523886038,69.49589891723379,68.16696701387355,68.31260681152344,10669600,0.0,0.0,4017.77001953125,,284.7699890136719
2023-01-31 05:00:00+00:00,67.84839592374179,68.11236287696526,66.76522238197796,67.93031311035156,19020400,0.0,0.0,4076.60009765625,,289.03759765625
2023-02-01 05:00:00+00:00,67.92120842944472,68.30350248094456,66.75611088353588,67.5753173828125,15188700,0.0,0.0,4119.2099609375,,295.2182922363281
2023-02-02 05:00:00+00:00,66.96545592419685,69.94189763932357,66.63777337553323,68.81321716308594,18604100,0.0,0.0,4179.759765625,,305.8135681152344
2023-02-03 05:00:00+00:00,68.4946544682178,68.66760000406151,67.05649261469964,67.96672058105469,11671500,0.0,0.0,4136.47998046875,,300.3785705566406
2023-02-06 05:00:00+00:00,67.90298975601397,68.78591179756836,67.76645420261613,68.7313003540039,9343400,0.0,0.0,4111.080078125,,297.83770751953125
2023-02-07 05:00:00+00:00,68.603868822958,69.7052435800503,68.03952511131716,69.25012969970703,10855800,0.0,0.0,4164.0,,304.008544921875
2023-02-08 05:00:00+00:00,69.15911608328192,69.31385315330813,68.13965837675113,68.29439544677734,9082200,0.0,0.0,4117.85986328125,,298.60284423828125
2023-02-09 05:00:00+00:00,68.44913827229566,69.12271194755401,66.55586943595513,66.69239807128906,13163500,0.0,0.0,4081.5,,295.9638977050781
2023-02-10 05:00:00+00:00,66.82891807370333,68.49463648138929,66.82891807370333,68.0304183959961,9883000,0.0,0.0,4090.4599609375,,294.0214538574219
2023-02-13 05:00:00+00:00,68.57656651237815,69.18642448194144,68.41273215742152,68.83143615722656,8114200,0.0,0.0,4137.2900390625,,298.73046875
2023-02-14 05:00:00+00:00,68.53105371589093,69.47769148637715,68.08504402649889,69.20462036132812,7089400,0.0,0.0,4136.1298828125,,300.9377746582031
2023-02-15 05:00:00+00:00,68.85873378298426,70.16945707986712,68.85873378298426,70.03292846679688,9344300,0.0,0.0,4147.60009765625,,303.2432861328125
2023-02-16 05:00:00+00:00,68.99526721104831,69.65062536701909,68.86783587979123,68.8951416015625,7795600,0.0,0.0,4090.409912109375,,297.55316162109375
2023-02-17 05:00:00+00:00,68.90423345682501,69.61421688944047,68.61296087337489,69.24102020263672,9436100,0.0,0.0,4079.090087890625,,295.4537048339844
2023-02-21 05:00:00+00:00,68.66758280317998,68.74949996627772,67.00186437532707,67.04737854003906,11915600,0.0,0.0,3997.340087890625,,288.4587707519531
2023-02-22 05:00:00+00:00,67.3386533837945,68.03042148797391,66.84712955535959,67.06558227539062,9351200,0.0,0.0,3991.050048828125,,288.6745910644531
2023-02-23 05:00:00+00:00,67.6936421388173,67.6936421388173,66.12804925442067,66.32830047607422,9049900,0.0,0.0,4012.320068359375,,291.1959533691406
2023-02-24 05:00:00+00:00,65.64563173779779,66.74700654752253,65.35435911823825,66.37380981445312,9127800,0.0,0.0,3970.0400390625,,286.3201599121094
2023-02-27 05:00:00+00:00,66.84834626802369,67.48961853881787,65.66656709240854,65.83146667480469,7029700,0.468,0.0,3982.239990234375,,288.3705139160156
2023-02-28 05:00:00+00:00,65.68490392435895,65.82232144507343,64.86041277876296,65.07111358642578,11276700,0.0,0.0,3970.14990234375,,287.99774169921875
2023-03-01 05:00:00+00:00,64.91536716808328,65.08026677011837,63.7977150864393,64.0084228515625,11809200,0.0,0.0,3951.389892578125,,285.6824951171875
2023-03-02 05:00:00+00:00,64.45731013306046,66.16127026877817,64.23744633826128,66.15210723876953,16066500,0.0,0.0,3981.35009765625,,288.0467834472656
2023-03-03 05:00:00+00:00,66.77507949627419,67.67286798048085,66.12464396732732,67.63622283935547,10724800,0.0,0.0,4045.639892578125,,294.0018310546875
2023-03-06 05:00:00+00:00,67.37054845593549,68.34162019914152,67.25145699344566,68.15840148925781,6888900,0.0,0.0,4048.419921875,,294.3352966308594
2023-03-07 05:00:00+00:00,67.73696695826948,68.24082171241753,66.8941430428531,67.56290435791016,7308900,0.0,0.0,3986.3701171875,,290.72503662109375
2023-03-08 05:00:00+00:00,67.22394972598424,68.14005700647141,66.91247660550367,68.02096557617188,5913600,0.0,0.0,3992.010009765625,,292.1770324707031
2023-03-09 05:00:00+00:00,68.25000002585885,68.6988906864621,67.23312027169513,67.57208251953125,7678100,0.0,0.0,3918.320068359375,,287.1147766113281
2023-03-10 05:00:00+00:00,67.7827911913044,68.03930017006994,66.29870153149076,66.885009765625,10167100,0.0,0.0,3861.590087890625,,283.0826721191406
2023-03-13 04:00:00+00:00,66.93080984473099,68.87296020667141,66.87584563285614,67.14151763916016,8388800,0.0,0.0,3855.760009765625,,285.1820983886719
2023-03-14 04:00:00+00:00,67.78277443531493,68.57062724067686,67.26975660460252,68.2957992553711,8635800,0.0,0.0,3919.2900390625,,291.735595703125
2023-03-15 04:00:00+00:00,68.20419074984666,69.48674246287767,67.72781799381234,69.1844253540039,12030300,0.0,0.0,3891.929931640625,,293.2659912109375
2023-03-16 04:00:00+00:00,69.31269602461232,70.09138599297727,68.55232513072912,69.83487701416016,8895800,0.0,0.0,3960.280029296875,,300.9966125488281
2023-03-17 04:00:00+00:00,69.88985050223975,69.88985050223975,68.46988090903818,69.32186126708984,14137400,0.0,0.0,3916.639892578125,,299.57415771484375
2023-03-20 04:00:00+00:00,69.25770984406446,70.5402614501172,68.9920378907908,69.59667205810547,7140100,0.0,0.0,3951.570068359375,,300.6372985839844
2023-03-21 04:00:00+00:00,69.94480146185805,69.94480146185805,68.03929631423537,69.03785705566406,6222300,0.0,0.0,4002.8701171875,,304.9311218261719
2023-03-22 04:00:00+00:00,68.99204055574158,69.60583777669727,67.87438849857193,67.9110336303711,7038000,0.0,0.0,3936.969970703125,,300.78466796875
2023-03-23 04:00:00+00:00,67.58123664190572,69.36765018143313,67.2147992906283,67.61788177490234,7541200,0.0,0.0,3948.719970703125,,304.3514404296875
2023-03-24 04:00:00+00:00,67.78278502977086,69.39513602174816,67.52627607432227,69.34017181396484,5293900,0.0,0.0,3970.989990234375,,305.4715881347656
2023-03-27 04:00:00+00:00,69.50506381122725,69.67911944658535,68.66223977794104,69.11113739013672,5515900,0.0,0.0,3977.530029296875,,303.378662109375
2023-03-28 04:00:00+00:00,69.16609970110092,69.85318016170788,68.54314647057686,68.92790985107422,5935500,0.0,0.0,3971.27001953125,,301.7672119140625
2023-03-29 04:00:00+00:00,69.1386292396959,69.90815613023199,69.1386292396959,69.72493743896484,5680500,0.0,0.0,4027.81005859375,,307.2696533203125
2023-03-30 04:00:00+00:00,69.95396442575961,70.5585916995239,69.77990177619569,70.16466522216797,6187000,0.0,0.0,4050.830078125,,310.17803955078125
2023-03-31 04:00:00+00:00,70.32956547689476,70.65020867411884,69.60584674597304,70.61356353759766,10124400,0.0,0.0,4109.31005859375,,315.33648681640625
2023-04-03 04:00:00+00:00,70.58607847372116,70.58607847372116,69.44094421548003,70.23795318603516,5778700,0.0,0.0,4124.509765625,,314.5700988769531
2023-04-04 04:00:00+00:00,70.40284585129753,71.17237963135571,70.01808245594052,70.68684387207031,6165600,0.0,0.0,4100.60009765625,,313.50897216796875
2023-04-05 04:00:00+00:00,71.36475585565381,72.32666427027196,71.21817534142042,71.75868225097656,8200400,0.0,0.0,4090.3798828125,,310.4138488769531
2023-04-06 04:00:00+00:00,72.18927225586262,72.37249095621615,71.41973833781793,72.34500885009766,5427700,0.0,0.0,4105.02001953125,,312.5067443847656
2023-04-10 04:00:00+00:00,71.77702100208374,71.914438524522,70.8242683663495,71.85031127929688,5647500,0.0,0.0,4109.10986328125,,312.32989501953125
2023-04-11 04:00:00+00:00,71.81366095048702,72.0152057035841,71.36477026635397,71.76785278320312,6019600,0.0,0.0,4108.93994140625,,310.325439453125
2023-04-12 04:00:00+00:00,72.08848063391802,72.77556106088456,71.69455424288347,71.99686431884766,6786400,0.0,0.0,4091.949951171875,,307.58404541015625
2023-04-13 04:00:00+00:00,71.84113521363662,72.47325150856452,70.97999907532193,72.23506164550781,4928600,0.0,0.0,4146.22021484375,,313.6072692871094
2023-04-14 04:00:00+00:00,71.81366320397463,71.88695347819068,71.05329233501001,71.47470092773438,4920900,0.0,0.0,4137.64013671875,,313.0177001953125
2023-04-17 04:00:00+00:00,71.62128867388938,71.96025098419433,71.26400728786204,71.95108795166016,4393300,0.0,0.0,4151.31982421875,,313.28302001953125
2023-04-18 04:00:00+00:00,72.12513524409208,72.43660839038019,71.40140959382067,71.73120880126953,8147500,0.0,0.0,4154.8701171875,,313.3026123046875
2023-04-19 04:00:00+00:00,71.74037557692981,72.52822858046038,71.72205650237245,72.3175277709961,3813300,0.0,0.0,4154.52001953125,,313.1552734375
2023-04-20 04:00:00+00:00,72.11598865549774,72.46410701413166,71.66709790553764,72.14347076416016,4350400,0.0,0.0,4129.7900390625,,310.767578125
2023-04-21 04:00:00+00:00,72.77557190820562,73.08704505997115,71.9693929472227,72.36331939697266,5192600,0.0,0.0,4133.52001953125,,311.0919189453125
2023-04-24 04:00:00+00:00,71.92360565765927,72.60152328717247,71.91444262514875,72.40914154052734,5725800,0.0,0.0,4137.0400390625,,310.443359375
2023-04-25 04:00:00+00:00,71.20902708241425,72.46408967329832,70.99831931751527,71.29147338867188,8399800,0.0,0.0,4071.6298828125,,304.587158203125
2023-04-26 04:00:00+00:00,70.3387215642853,70.49445813711665,67.81942633926451,67.85607147216797,12656700,0.0,0.0,4055.989990234375,,306.4344482421875
2023-04-27 04:00:00+00:00,68.07593397462928,70.10053035064078,67.70949663131147,69.48674011230469,8155600,0.0,0.0,4135.35009765625,,314.7666931152344
2023-04-28 04:00:00+00:00,69.08366402075065,70.26543644404256,69.08366402075065,70.20130920410156,10005800,0.0,0.0,4169.47998046875,,316.9381103515625
2023-05-01 04:00:00+00:00,70.05472333185247,70.8883773044859,69.95395097404548,70.35704040527344,5214700,0.0,0.0,4167.8701171875,,316.5746154785156
2023-05-02 04:00:00+00:00,70.22881246209643,70.55860477020452,69.17528731685836,69.5692138671875,7674200,0.0,0.0,4119.580078125,,313.8135986328125
2023-05-03 04:00:00+00:00,69.86235410979312,70.13718214338039,68.95540272772374,69.06533813476562,6265900,0.0,0.0,4090.75,,311.760009765625
2023-05-04 04:00:00+00:00,69.0561716482273,69.32184362661003,68.30496387772413,69.1752700805664,6042300,0.0,0.0,4061.219970703125,,310.6595458984375
2023-05-05 04:00:00+00:00,69.26687942051174,70.14634166480732,68.88211599913456,69.1752700805664,6215500,0.0,0.0,4136.25,,317.2624206542969
2023-05-08 04:00:00+00:00,69.19359472299249,70.25628272207113,68.96456786001987,69.67913055419922,6751700,0.0,0.0,4138.1201171875,,318.0484313964844
2023-05-09 04:00:00+00:00,69.82571098003946,69.82571098003946,68.88212142452733,69.2394027709961,5588100,0.0,0.0,4119.169921875,,316.03411865234375
2023-05-10 04:00:00+00:00,69.74324775179267,70.68684416239248,69.56919211375579,70.43949127197266,5696000,0.0,0.0,4137.64013671875,,319.4732360839844
2023-05-11 04:00:00+00:00,70.16466522310648,70.3936920822852,69.2027566081629,69.71577453613281,6542700,0.0,0.0,4130.6201171875,,320.5147705078125
2023-05-12 04:00:00+00:00,70.43949651440808,71.44721324348556,70.1555054606771,71.41973114013672,8315000,0.0,0.0,4124.080078125,,319.3651123046875
2023-05-15 04:00:00+00:00,71.8869456392948,71.94190984429065,70.3753670978086,71.03496551513672,5430000,0.0,0.0,4136.27978515625,,321.0945129394531
2023-05-16 04:00:00+00:00,70.99832654293043,70.99832654293043,69.3401743144537,69.47758483886719,6215700,0.0,0.0,4109.89990234375,,321.4580078125
2023-05-17 04:00:00+00:00,69.77989439002657,69.88066675654476,68.88211311112097,69.01952362060547,5408600,0.0,0.0,4158.77001953125,,325.3489990234375
2023-05-18 04:00:00+00:00,68.47903115221028,68.93708487229196,67.98433229580067,68.79966735839844,6970600,0.0,0.0,4198.0498046875,,331.39178466796875
2023-05-19 04:00:00+00:00,69.21192419535919,69.42262500563956,68.22252642113808,68.231689453125,6338600,0.0,0.0,4191.97998046875,,330.64501953125
2023-05-22 04:00:00+00:00,68.62562039366217,68.86380332595837,68.22253083232094,68.32330322265625,4272600,0.0,0.0,4192.6298828125,,331.75537109375
2023-05-23 04:00:00+00:00,67.88355877002705,68.89127553929282,67.70950311209472,67.93852996826172,8751200,0.0,0.0,4145.580078125,,327.5498962402344
2023-05-24 04:00:00+00:00,67.92937923326485,68.17672520738685,67.48048847093798,68.01182556152344,6879400,0.0,0.0,4115.240234375,,325.8697814941406
2023-05-25 04:00:00+00:00,67.95685719978506,67.95685719978506,66.39031415425796,67.2331314086914,7716400,0.0,0.0,4151.27978515625,,333.799072265625
2023-05-26 04:00:00+00:00,67.42488889640543,68.74333023811896,66.93623704146978,68.15325927734375,7174000,0.468,0.0,4205.4501953125,,342.32781982421875
2023-05-30 04:00:00+00:00,68.54972058050934,68.91851672568103,66.89014847853888,67.01922607421875,6874000,0.0,0.0,4205.52001953125,,343.8802490234375
2023-05-31 04:00:00+00:00,66.9731048885631,68.01494719600858,66.2723931152567,67.72913360595703,11112000,0.0,0.0,4179.830078125,,341.9248962402344
2023-06-01 04:00:00+00:00,67.35115570869446,67.70150824962039,66.80717970035377,67.26817321777344,6738800,0.0,0.0,4221.02001953125,,345.87493896484375
2023-06-02 04:00:00+00:00,67.34191518888477,68.41141619484546,66.86247812460513,68.0887222290039,7175400,0.0,0.0,4282.3701171875,,348.4688720703125
2023-06-05 04:00:00+00:00,68.36533174232642,69.04760009572033,67.6093027468894,67.84901428222656,5266600,0.0,0.0,4273.7900390625,,348.7144775390625
2023-06-06 04:00:00+00:00,68.0241839999528,68.36532164335767,67.63695123773165,67.65538787841797,5652900,0.0,0.0,4283.85009765625,,348.6555480957031
2023-06-07 04:00:00+00:00,67.89510667155947,68.6880158739139,67.563190864332,68.38375854492188,6488100,0.0,0.0,4267.52001953125,,342.7404479980469
2023-06-08 04:00:00+00:00,68.66956055452242,69.25963137704514,68.29154269692555,69.05679321289062,9984500,0.0,0.0,4293.93017578125,,346.9950256347656
2023-06-09 04:00:00+00:00,69.01993538893949,69.33340753804927,68.22702614398945,68.29156494140625,6011400,0.0,0.0,4298.85986328125,,348.3214111328125
2023-06-12 04:00:00+00:00,68.60504225817301,68.66035921611059,67.94121062611751,68.20858764648438,7564300,0.0,0.0,4338.93017578125,,354.20709228515625
2023-06-13 04:00:00+00:00,68.13482949610636,68.86319995036642,67.99653006202128,68.54972076416016,8579300,0.0,0.0,4369.009765625,,356.9288330078125
2023-06-14 04:00:00+00:00,69.05680823504414,69.10290335152526,67.57240902086072,67.673828125,8893600,0.0,0.0,4372.58984375,,359.5228271484375
2023-06-15 04:00:00+00:00,67.98730274060014,68.70645129879952,67.6830524511933,68.5589370727539,10098300,0.0,0.0,4425.83984375,,363.8067626953125
2023-06-16 04:00:00+00:00,68.91851238002805,70.45822862726659,68.89085390186942,69.69297790527344,23053600,0.0,0.0,4409.58984375,,361.51739501953125
2023-06-20 04:00:00+00:00,69.72985838023709,70.22773209083303,68.6880158400758,68.927734375,7801600,0.0,0.0,4388.7099609375,,360.9998779296875
2023-06-21 04:00:00+00:00,68.64190484305882,70.09864547146358,67.96885851237313,69.86814880371094,7176100,0.0,0.0,4365.68994140625,,356.08026123046875
2023-06-22 04:00:00+00:00,70.13552963255172,70.43056510210332,69.14900412178233,69.26885986328125,6976200,0.0,0.0,4381.89013671875,,360.28167724609375
2023-06-23 04:00:00+00:00,69.41638628231857,70.0617742218159,68.22702247878695,68.38375854492188,9080100,0.0,0.0,4348.330078125,,356.7100524902344
2023-06-26 04:00:00+00:00,68.3099984444095,68.95539342312391,68.05184326660415,68.49440002441406,5670200,0.0,0.0,4328.81982421875,,351.9281005859375
2023-06-27 04:00:00+00:00,68.7433210227237,68.96460287900098,67.49864047651309,68.14403533935547,5979100,0.0,0.0,4378.41015625,,357.97918701171875
2023-06-28 04:00:00+00:00,68.18092447457674,68.4206430242065,67.50787801588736,67.7107162475586,8735100,0.0,0.0,4376.85986328125,,358.6778259277344
2023-06-29 04:00:00+00:00,67.01000416679531,67.85823037587087,66.8532680913751,67.1298599243164,7193200,0.0,0.0,4396.43994140625,,357.9595642089844
2023-06-30 04:00:00+00:00,67.24971684165806,68.51283420691075,67.10219558294783,68.41141510009766,9259900,0.0,0.0,4450.3798828125,,363.4793395996094
2023-07-03 04:00:00+00:00,68.10715395036075,68.66034451388538,67.76601636965741,68.57736206054688,2484500,0.0,0.0,4455.58984375,,364.3353271484375
2023-07-05 04:00:00+00:00,68.20859908077601,69.69299162981567,68.15327507936291,69.10292053222656,8450100,0.0,0.0,4446.81982421875,,364.3255310058594
2023-07-06 04:00:00+00:00,68.49438268601871,68.49438268601871,67.31424100953002,67.32345581054688,7271200,0.0,0.0,4411.58984375,,361.5508117675781
2023-07-07 04:00:00+00:00,66.87170317848033,67.04688292587792,66.29085401202688,66.42915344238281,7511700,0.0,0.0,4398.9501953125,,360.3504943847656
2023-07-10 04:00:00+00:00,66.19866699402957,66.83483321751906,65.55327189709809,66.11568450927734,7704700,0.0,0.0,4409.52978515625,,360.468505859375
2023-07-11 04:00:00+00:00,66.05113957039305,66.59511548778912,65.32276909053826,66.55823516845703,6623100,0.0,0.0,4439.259765625,,362.2494201660156
2023-07-12 04:00:00+00:00,66.88092477861618,67.83057007791028,66.5582307983999,67.73837280273438,9710500,0.0,0.0,4472.16015625,,366.82470703125
2023-07-13 04:00:00+00:00,67.7844607746292,68.16247870744596,67.6553831961553,67.95964050292969,6058600,0.0,0.0,4510.0400390625,,373.0528564453125
2023-07-14 04:00:00+00:00,67.74760316884144,67.99653654657318,67.11142993190171,67.48944091796875,6463500,0.0,0.0,4505.419921875,,372.97412109375
2023-07-17 04:00:00+00:00,67.26814603842853,67.69225905898962,66.79793087107167,66.9915542602539,5148800,0.0,0.0,4522.7900390625,,376.4572448730469
2023-07-18 04:00:00+00:00,67.09297804652908,67.37879874505168,65.73766332480437,66.42915344238281,7239500,0.0,0.0,4554.97998046875,,379.5368957519531
2023-07-19 04:00:00+00:00,66.71496113696598,67.24049329793228,66.42914749821959,66.4752426147461,7464800,0.0,0.0,4565.72021484375,,379.4483337402344
2023-07-20 04:00:00+00:00,66.4752478689593,68.34687997552419,66.06035661642464,68.31922149658203,9221600,0.0,0.0,4534.8701171875,,370.70135498046875
2023-07-21 04:00:00+00:00,68.61425438502593,70.31992851883992,68.50362047346665,69.97879791259766,11878400,0.0,0.0,4536.33984375,,369.5894775390625
2023-07-24 04:00:00+00:00,69.96035304799868,70.68872343491307,69.49014486346721,69.61000061035156,8609700,0.0,0.0,4554.64013671875,,370.1798400878906
2023-07-25 04:00:00+00:00,69.84973832262921,70.01569626692695,68.79867368681104,69.55470275878906,8847800,0.0,0.0,4567.4599609375,,372.6888122558594
2023-07-26 04:00:00+00:00,69.04759873556885,70.24618452545198,68.11638999217357,68.56816864013672,7244600,0.0,0.0,4566.75,,371.4490661621094
2023-07-27 04:00:00+00:00,68.17170684435655,69.04759149840321,67.4802167382562,67.55397033691406,10185400,0.0,0.0,4537.41015625,,370.56353759765625
2023-07-28 04:00:00+00:00,67.99652226322301,68.57737137871867,66.82560219523002,67.16673278808594,6230700,0.0,0.0,4582.22998046875,,377.313232421875
2023-07-31 04:00:00+00:00,67.67382415384246,68.66034962641577,67.34190838417291,67.58162689208984,10876400,0.0,0.0,4588.9599609375,,377.510009765625
2023-08-01 04:00:00+00:00,67.60007354520947,68.05184511866399,66.46602665847122,66.53978729248047,6723400,0.0,0.0,4576.72998046875,,376.6343688964844
2023-08-02 04:00:00+00:00,65.93127560308605,66.70574111007267,65.88517345110795,66.3000717163086,6589600,0.0,0.0,4513.39013671875,,368.3694152832031
2023-08-03 04:00:00+00:00,65.64547090370728,65.92206981451211,64.59440629737294,64.63128662109375,9075100,0.0,0.0,4501.89013671875,,367.7790832519531
2023-08-04 04:00:00+00:00,65.046172911571,65.17525050352953,63.635527169393775,63.773826599121094,9140500,0.0,0.0,4478.02978515625,,366.05718994140625
2023-08-07 04:00:00+00:00,64.07807683347224,64.28091503669054,63.257509218053016,63.2851676940918,8397200,0.0,0.0,4518.43994140625,,369.15655517578125
2023-08-08 04:00:00+00:00,63.00856713419149,63.57097957886298,62.61211960959377,63.34970474243164,8890000,0.0,0.0,4499.3798828125,,366.01788330078125
2023-08-09 04:00:00+00:00,63.4234677746852,64.15183813289246,63.16531261667767,63.5433235168457,7453000,0.0,0.0,4467.7099609375,,361.99365234375
2023-08-10 04:00:00+00:00,63.89369113487526,64.22560696161759,62.833404856904046,62.96248245239258,7959900,0.0,0.0,4468.830078125,,362.6627197265625
2023-08-11 04:00:00+00:00,62.971696248172016,63.56176719053224,62.842618669168246,63.5433235168457,6524200,0.0,0.0,4464.0498046875,,360.3504943847656
2023-08-14 04:00:00+00:00,63.47878369827999,63.552544323429395,62.97169522732867,63.21140670776367,8021100,0.0,0.0,4489.72021484375,,364.3943786621094
2023-08-15 04:00:00+00:00,62.83340219452,62.90716282715987,61.92985203018427,62.09580993652344,7703900,0.0,0.0,4437.85986328125,,360.5275573730469
2023-08-16 04:00:00+00:00,62.436949981876076,62.649003016098575,62.05893200074699,62.2894287109375,6433500,0.0,0.0,4404.330078125,,356.7100524902344
2023-08-17 04:00:00+00:00,62.08658880448834,62.83340290860247,62.040493684215384,62.24333190917969,6677600,0.0,0.0,4370.35986328125,,352.8135986328125
2023-08-18 04:00:00+00:00,62.08657825337921,62.75040977346737,62.077363451411294,62.53835678100586,6291300,0.0,0.0,4369.7099609375,,352.3709411621094
2023-08-21 04:00:00+00:00,62.46460753772331,62.51070969276007,61.46886007621993,61.84687805175781,6856100,0.0,0.0,4399.77001953125,,358.0480651855469
2023-08-22 04:00:00+00:00,61.87453727191096,62.52914708290312,61.551843285393886,62.25254821777344,7370400,0.0,0.0,4387.5498046875,,357.5365295410156
2023-08-23 04:00:00+00:00,62.75964688525975,62.82418568574366,62.04972007993677,62.59368896484375,7721800,0.0,0.0,4436.009765625,,363.1743469238281
2023-08-24 04:00:00+00:00,62.593677746834416,63.0731147795347,61.84687075590564,61.975948333740234,9242500,0.0,0.0,4376.31005859375,,355.41119384765625
2023-08-25 04:00:00+00:00,62.04971078950733,62.89793690720945,61.98517199868653,62.65821838378906,10114100,0.0,0.0,4405.7099609375,,358.1661682128906
2023-08-28 04:00:00+00:00,62.92560301045918,63.24829700367252,62.67666965403789,62.71354293823242,7152600,0.0,0.0,4433.31005859375,,360.8620910644531
2023-08-29 04:00:00+00:00,62.92521852966059,62.99020445726684,62.30320935358144,62.674560546875,11209700,0.468,0.0,4497.6298828125,,368.7432861328125
2023-08-30 04:00:00+00:00,62.53529485499378,62.87879590376172,62.03397187149488,62.284629821777344,7461500,0.0,0.0,4514.8701171875,,370.7996826171875
2023-08-31 04:00:00+00:00,62.66526675468643,62.93449615810308,61.9504216430128,62.01540756225586,11797800,0.0,0.0,4507.66015625,,371.9115295410156
2023-09-01 04:00:00+00:00,62.51672473556517,62.73025395052865,61.69047213854557,62.08039474487305,8296600,0.0,0.0,4515.77001953125,,371.5179748535156
2023-09-05 04:00:00+00:00,62.03397247282805,62.45173808832647,61.096312415920394,61.458377838134766,10002700,0.0,0.0,4496.830078125,,371.990234375
2023-09-06 04:00:00+00:00,61.300556749199075,61.653343532698514,60.6785476391494,60.98491287231445,9250300,0.0,0.0,4465.47998046875,,368.71380615234375
2023-09-07 04:00:00+00:00,61.532656618425584,62.17323724719573,61.15202678196518,61.50480651855469,9981100,0.0,0.0,4451.14013671875,,366.0768737792969
2023-09-08 04:00:00+00:00,61.514089360164434,62.20108442884342,61.33769595867792,62.04326248168945,7484800,0.0,0.0,4457.490234375,,366.5885314941406
2023-09-11 04:00:00+00:00,62.20108177427657,63.027334383449386,62.15466022336088,62.693119049072266,7981600,0.0,0.0,4487.4599609375,,370.907958984375
2023-09-12 04:00:00+00:00,62.66527021606404,63.15730750078733,62.303204777005966,62.87879943847656,7171300,0.0,0.0,4461.89990234375,,366.795166015625
2023-09-13 04:00:00+00:00,63.01803593649819,63.844288378892074,63.01803593649819,63.52864456176758,8925700,0.0,0.0,4467.43994140625,,368.1923522949219
2023-09-14 04:00:00+00:00,63.96499221902556,64.38275783086064,63.5193694278587,64.3177719116211,7944900,0.0,0.0,4505.10009765625,,371.20306396484375
2023-09-15 04:00:00+00:00,64.37347679344276,64.88408554104241,63.686481728164196,63.72361755371094,18391400,0.0,0.0,4450.31982421875,,364.8469543457031
2023-09-18 04:00:00+00:00,63.88144135325095,63.92786290726467,63.04591004448156,63.35226821899414,7534100,0.0,0.0,4453.52978515625,,365.22735595703125
2023-09-19 04:00:00+00:00,63.17588354912477,63.2780053042791,62.52601719060314,62.74882507324219,8215500,0.0,0.0,4443.9501953125,,364.4489440917969
2023-09-20 04:00:00+00:00,63.19443538955733,63.25942130422884,62.42388305635689,62.526004791259766,5804000,0.0,0.0,4402.2001953125,,359.197021484375
2023-09-21 04:00:00+00:00,62.30319903247768,62.86022218867451,61.987548091441454,62.11752700805664,9458600,0.0,0.0,4330.0,,352.6148986816406
2023-09-22 04:00:00+00:00,61.736890569684775,63.49151741924111,61.597633008955874,62.85093688964844,11796500,0.0,0.0,4320.06005859375,,352.6641540527344
2023-09-25 04:00:00+00:00,62.40532325835487,62.66526693607954,61.99683628882525,62.63741683959961,8656500,0.0,0.0,4337.43994140625,,354.3392639160156
2023-09-26 04:00:00+00:00,62.312481423648016,62.377467337010735,60.59498341647126,60.659969329833984,9042600,0.0,0.0,4273.52978515625,,349.0184326171875
2023-09-27 04:00:00+00:00,60.06581759968377,60.33504701108144,55.26612391105825,55.66532516479492,25606200,0.0,0.0,4274.509765625,,349.8363037109375
2023-09-28 04:00:00+00:00,55.98097458572828,56.35232575550935,52.89877191753402,52.99161148071289,31153800,0.0,0.0,4299.7001953125,,352.76275634765625
2023-09-29 04:00:00+00:00,53.53934892929771,54.55127714770046,52.898771880415445,53.18656921386719,19047600,0.0,0.0,4288.0498046875,,353.0189514160156
2023-10-02 04:00:00+00:00,52.0632297193118,52.34174128644325,46.58582021937087,48.41471862792969,54022800,0.0,0.0,4288.39013671875,,355.9650573730469
2023-10-03 04:00:00+00:00,48.34045072261212,49.305960868630386,46.88290331859878,48.999595642089844,36257500,0.0,0.0,4229.4501953125,,349.7180480957031
2023-10-04 04:00:00+00:00,49.86298534667633,50.085796748287905,46.920040365453886,46.99430847167969,28467400,0.0,0.0,4263.75,,354.47723388671875
2023-10-05 04:00:00+00:00,46.24232689948741,46.53940640335854,44.78477947691121,45.908111572265625,29911400,0.0,0.0,4258.18994140625,,353.4327392578125
2023-10-06 04:00:00+00:00,45.54604706268324,46.88290485694316,43.77285218896051,46.64152908325195,24718500,0.0,0.0,4308.5,,359.3547058105469
2023-10-09 04:00:00+00:00,46.13091585116009,46.80862863813908,44.91474783323161,45.787418365478516,20644600,0.0,0.0,4335.66015625,,361.1873474121094
2023-10-10 04:00:00+00:00,46.12163874232764,47.92268373572636,45.97309898556762,47.88555145263672,23164300,0.0,0.0,4358.240234375,,363.1876525878906
2023-10-11 04:00:00+00:00,48.3218827503559,49.73301214472957,47.99695315425245,49.705162048339844,22401400,0.0,0.0,4376.9501953125,,365.77911376953125
2023-10-12 04:00:00+00:00,49.268816627192486,50.10435479183743,48.488982187346,49.20383071899414,27972800,0.0,0.0,4349.60986328125,,364.5080261230469
2023-10-13 04:00:00+00:00,49.69588173319567,51.29268687413047,49.66803163377339,50.58712387084961,22319200,0.0,0.0,4327.77978515625,,359.9261474609375
2023-10-16 04:00:00+00:00,50.587118538060345,51.09772370862358,49.72373013231267,50.4849967956543,17089400,0.0,0.0,4373.6298828125,,363.99566650390625
2023-10-17 04:00:00+00:00,49.74229779844827,50.91204788417752,49.714444160632276,50.290035247802734,13365500,0.0,0.0,4373.2001953125,,362.8033752441406
2023-10-18 04:00:00+00:00,50.206485581626495,50.85634478094558,49.2688255229512,49.42665100097656,13593300,0.0,0.0,4314.60009765625,,358.04412841796875
2023-10-19 04:00:00+00:00,49.46377999994694,50.12292842352971,48.62824528136052,48.63752746582031,11580400,0.0,0.0,4278.0,,354.69403076171875
2023-10-20 04:00:00+00:00,48.229044841757265,48.916039829830595,47.98766554429712,48.23832702636719,17798900,0.0,0.0,4224.16015625,,349.40264892578125
2023-10-23 04:00:00+00:00,47.59775184828681,48.7953555719676,47.3006723489738,47.8298454284668,15200700,0.0,0.0,4217.0400390625,,350.45703125
2023-10-24 04:00:00+00:00,50.54069464573344,51.4597867433149,49.305958692026536,51.17198944091797,20060300,0.0,0.0,4247.68017578125,,353.8663635253906
2023-10-25 04:00:00+00:00,51.626898833940565,52.86163489375361,50.97703607229138,52.416015625,19262400,0.0,0.0,4186.77001953125,,345.2051086425781
2023-10-26 04:00:00+00:00,52.703815315084036,54.06852682158695,52.62026147710494,53.44651412963867,17357800,0.0,0.0,4137.22998046875,,338.6230773925781
2023-10-27 04:00:00+00:00,53.25155504826293,53.864281997920045,51.923979400427974,52.21177673339844,11921000,0.0,0.0,4117.3701171875,,340.2488708496094
2023-10-30 04:00:00+00:00,52.3695917564313,53.35366974492031,51.775432797897075,53.10300827026367,11017700,0.0,0.0,4166.81982421875,,344.08184814453125
2023-10-31 04:00:00+00:00,53.43722679257043,54.30061518796922,53.279401317616376,54.12422180175781,19978300,0.0,0.0,4193.7998046875,,345.72735595703125
2023-11-01 04:00:00+00:00,53.947831698089715,54.57912651194208,53.08444330683477,54.244911193847656,13428900,0.0,0.0,4237.85986328125,,351.72808837890625
2023-11-02 04:00:00+00:00,54.32846813093071,56.13879884651415,54.30990021870039,55.6189079284668,15076500,0.0,0.0,4317.77978515625,,358.1131591796875
2023-11-03 04:00:00+00:00,56.835078125846465,57.08573962217168,55.117583475055305,55.126869201660156,13938000,0.0,0.0,4358.33984375,,362.3205261230469
2023-11-06 05:00:00+00:00,55.14543740662675,55.5910566664187,54.64411441131065,54.811222076416016,9299500,0.0,0.0,4365.97998046875,,363.798583984375
2023-11-07 05:00:00+00:00,54.8205032930931,55.29397618301584,54.217062105510955,54.272762298583984,9615500,0.0,0.0,4378.3798828125,,367.23748779296875
2023-11-08 05:00:00+00:00,54.00353608284773,54.00353608284773,52.71309625893709,53.381526947021484,12781600,0.0,0.0,4382.77978515625,,367.4739074707031
2023-11-09 05:00:00+00:00,53.0287441459051,53.168001720941355,50.707808171749114,50.8006477355957,17147900,0.0,0.0,4347.35009765625,,364.64599609375
2023-11-10 05:00:00+00:00,51.06058374415931,51.404081225009335,50.605678803465985,51.190555572509766,12776100,0.0,0.0,4415.240234375,,372.8440246582031
2023-11-13 05:00:00+00:00,51.10700253692911,51.11628826279268,49.955820432519694,50.596397399902344,8951800,0.0,0.0,4411.5498046875,,371.6813659667969
2023-11-14 05:00:00+00:00,52.063232552990414,53.604333752560755,51.47835575115421,53.427940368652344,13399500,0.0,0.0,4495.7001953125,,379.6822814941406
2023-11-15 05:00:00+00:00,53.36295475273265,54.52342263672944,52.898767599133926,52.917335510253906,11295000,0.0,0.0,4502.8798828125,,379.9680480957031
2023-11-16 05:00:00+00:00,53.307252850268185,53.632185993827626,52.52742180524645,52.54598617553711,11155400,0.0,0.0,4508.240234375,,380.2932434082031
2023-11-17 05:00:00+00:00,52.92661462768101,53.27011565129241,52.44386313240745,53.26082992553711,10136300,0.0,0.0,4514.02001953125,,380.3819274902344
2023-11-20 05:00:00+00:00,52.91733523105762,53.54863003993847,52.27675823739922,53.23298263549805,8404900,0.0,0.0,4547.3798828125,,385.0130310058594
2023-11-21 05:00:00+00:00,53.21441769078888,54.11494194748618,52.71309468965015,53.827144622802734,11952600,0.0,0.0,4538.18994140625,,382.77630615234375
2023-11-22 05:00:00+00:00,54.26515632794076,54.57401457375092,53.338588731080975,53.78783416748047,9626900,0.468,0.0,4556.6201171875,,384.3429870605469
2023-11-24 05:00:00+00:00,53.47897454055548,53.91886224766956,53.28243033663504,53.86270523071289,4629400,0.0,0.0,4559.33984375,,383.8010559082031
2023-11-27 05:00:00+00:00,53.815909195102876,54.003095680273326,53.226273016415796,53.890785217285156,9779100,0.0,0.0,4550.43017578125,,383.466064453125
2023-11-28 05:00:00+00:00,53.8720645846157,54.82671241689459,53.59128308019798,54.43362045288086,9473600,0.0,0.0,4554.89013671875,,384.4710693359375
2023-11-29 05:00:00+00:00,54.77991383669262,55.43506473843851,54.26515368899413,54.62080764770508,17019100,0.0,0.0,4550.580078125,,384.09661865234375
2023-11-30 05:00:00+00:00,54.733123225851536,54.92030972532002,54.265158762323104,54.761199951171875,15381700,0.0,0.0,4567.7998046875,,383.1310119628906
2023-12-01 05:00:00+00:00,54.79863515931329,55.725206320582764,53.97501674599435,55.378910064697266,10510200,0.0,0.0,4594.6298828125,,384.2247619628906
2023-12-04 05:00:00+00:00,54.83607343818719,55.715845303552726,54.82671572027586,54.910945892333984,10239600,0.0,0.0,4569.77978515625,,380.6577453613281
2023-12-05 05:00:00+00:00,54.9203065855728,55.08877406843474,54.1622029126941,54.49913787841797,12544800,0.0,0.0,4567.18017578125,,381.6136474609375
2023-12-06 05:00:00+00:00,54.86414907532454,56.39907184292242,54.86414907532454,56.342918395996094,13235700,0.0,0.0,4549.33984375,,379.40643310546875
2023-12-07 05:00:00+00:00,56.51139130103023,56.67985879854846,55.631615798371556,56.01534652709961,12230500,0.0,0.0,4585.58984375,,384.7074890136719
2023-12-08 05:00:00+00:00,55.753282470917,56.1089364410096,55.31339475975735,55.87495422363281,9408300,0.0,0.0,4604.3701171875,,386.4220886230469
2023-12-11 05:00:00+00:00,54.77991906893908,56.09957871594684,54.77991906893908,55.884315490722656,11005700,0.0,0.0,4622.43994140625,,389.7229309082031
2023-12-12 05:00:00+00:00,55.83751904011017,55.9311105036871,54.358753207938946,55.70648956298828,9931000,0.0,0.0,4643.7001953125,,392.8268127441406
2023-12-13 05:00:00+00:00,55.78136040358989,58.589147072970974,55.528662745196726,58.504913330078125,13013400,0.0,0.0,4707.08984375,,397.82244873046875
2023-12-14 05:00:00+00:00,59.571870967044866,60.451639204412245,58.36452192941884,58.75761032104492,16809100,0.0,0.0,4719.5498046875,,397.47760009765625
2023-12-15 05:00:00+00:00,58.121179594716054,58.87928324118607,57.110378303041216,57.55962371826172,28901500,0.0,0.0,4719.18994140625,,399.3990173339844
2023-12-18 05:00:00+00:00,57.65321927701197,58.12118373078735,56.951272596348915,57.0916633605957,10755600,0.0,0.0,4740.56005859375,,401.9146728515625
2023-12-19 05:00:00+00:00,57.428593133199286,57.868480822367815,56.9699864391422,57.62513732910156,11509600,0.0,0.0,4768.3701171875,,403.9682922363281
2023-12-20 05:00:00+00:00,57.606414967332164,57.765524714470665,55.94982061922195,56.005977630615234,10091200,0.0,0.0,4698.35009765625,,397.9654541015625
2023-12-21 05:00:00+00:00,56.277405367585196,56.76408882065458,55.27596173713188,55.7813606262207,12604200,0.0,0.0,4746.75,,402.5959777832031
2023-12-22 05:00:00+00:00,56.1182971458773,56.969992319651915,55.846876902404446,55.9217529296875,9799400,0.0,0.0,4754.6298828125,,403.19818115234375
2023-12-26 05:00:00+00:00,55.856238475805235,56.67985692869162,55.80008145505656,56.35227966308594,6791600,0.0,0.0,4774.75,,405.66650390625
2023-12-27 05:00:00+00:00,56.07149985114351,56.78280423907965,55.82815990982691,56.69857406616211,6787500,0.0,0.0,4781.580078125,,406.4923095703125
2023-12-28 05:00:00+00:00,56.26804463940284,57.18525453575736,56.26804463940284,57.110382080078125,5981900,0.0,0.0,4783.35009765625,,406.29473876953125
2023-12-29 05:00:00+00:00,56.90448109035867,57.14782462375071,56.40843987501555,56.84832763671875,6814600,0.0,0.0,4769.830078125,,404.53643798828125
2024-01-02 05:00:00+00:00,56.67048950149537,58.167977760014644,56.32419683676968,57.62513732910156,10064300,0.0,0.0,4742.830078125,,397.69073486328125
2024-01-03 05:00:00+00:00,57.19461581882222,58.13990243968279,56.58626060391497,58.01823425292969,10306300,0.0,0.0,4704.81005859375,,393.4825744628906
2024-01-04 05:00:00+00:00,58.18669719905577,58.73889538527313,57.774889774021865,57.84040451049805,10568100,0.0,0.0,4688.68017578125,,391.4575500488281
2024-01-05 05:00:00+00:00,57.70001687923526,58.55171201721087,57.34436290516078,58.10246658325195,7803800,0.0,0.0,4697.240234375,,391.9218444824219
2024-01-08 05:00:00+00:00,57.82168304276285,59.019674395081324,57.64385784708142,58.888641357421875,7766600,0.0,0.0,4763.5400390625,,400.0220642089844
2024-01-09 05:00:00+00:00,58.90735944302463,59.00095446846285,57.92463488277687,58.03694534301758,6921600,0.0,0.0,4756.5,,400.8123474121094
2024-01-10 05:00:00+00:00,58.046306224814145,58.71081483449569,57.93399576535878,58.28964614868164,8100100,0.0,0.0,4783.4501953125,,403.52880859375
2024-01-11 05:00:00+00:00,58.02759687144571,58.20542209268438,56.7172948688149,56.82960891723633,10686000,0.0,0.0,4780.240234375,,404.3684997558594
2024-01-12 05:00:00+00:00,57.26012645060847,57.709371863285604,57.01678295398012,57.12909698486328,7796900,0.0,0.0,4783.830078125,,404.5759582519531
2024-01-16 05:00:00+00:00,56.77344612494811,57.27884858063938,56.352277411872045,56.483306884765625,11633100,0.0,0.0,4765.97998046875,,404.53643798828125
2024-01-17 05:00:00+00:00,55.650325487305004,56.16508561228761,54.09668382501503,54.53657150268555,11543100,0.0,0.0,4739.2099609375,,402.2545166015625
2024-01-18 05:00:00+00:00,54.24643448232728,54.358748513262206,53.563206860423115,53.956298828125,9626500,0.0,0.0,4780.93994140625,,407.96417236328125
2024-01-19 05:00:00+00:00,54.021823391317525,54.08733813614195,52.95486489527875,53.59129333496094,12762600,0.0,0.0,4839.81005859375,,416.0545654296875
2024-01-22 05:00:00+00:00,53.69424114509658,54.08733314807708,53.02973246871094,53.207557678222656,12979900,0.0,0.0,4850.43017578125,,416.59783935546875
2024-01-23 05:00:00+00:00,53.610006804018866,53.82527002481117,53.244995100489064,53.7036018371582,16081000,0.0,0.0,4864.60009765625,,418.3265686035156
2024-01-24 05:00:00+00:00,54.377466236454,54.667605473151134,53.113963682689175,53.357303619384766,14471400,0.0,0.0,4868.5498046875,,420.64794921875
2024-01-25 05:00:00+00:00,55.17300794428352,55.55673864056274,53.404102940208936,54.26515579223633,15702600,0.0,0.0,4894.16015625,,421.16162109375
2024-01-26 05:00:00+00:00,54.592736580990106,55.2385262618866,54.48978382672714,54.733123779296875,11650000,0.0,0.0,4890.97021484375,,418.6524963378906
2024-01-29 05:00:00+00:00,54.723764089376694,55.95918995545368,54.4804205752881,55.7532844543457,10102800,0.0,0.0,4927.93017578125,,422.9397277832031
2024-01-30 05:00:00+00:00,55.68776660410082,55.921748816723095,54.81735248752315,55.48186111450195,7807700,0.0,0.0,4924.97021484375,,420.1243896484375
2024-01-31 05:00:00+00:00,55.874952018598236,56.13701094922712,54.686321972797735,54.87350845336914,11124900,0.0,0.0,4845.64990234375,,411.8957214355469
2024-02-01 05:00:00+00:00,54.648889028159395,55.99662895697056,54.293235039135844,55.9217529296875,8687600,0.0,0.0,4906.18994140625,,416.7459716796875
2024-02-02 05:00:00+00:00,55.116852199943224,55.247881674341414,54.2651570460696,54.42426681518555,14952900,0.0,0.0,4958.60986328125,,423.78924560546875
2024-02-05 05:00:00+00:00,53.69423605747586,53.75039307266224,52.30906181544485,52.38393783569336,14293600,0.0,0.0,4942.81005859375,,423.2360534667969
2024-02-06 05:00:00+00:00,52.41202177125018,52.954862281903814,51.95341500982606,52.62728500366211,10305400,0.0,0.0,4954.22998046875,,422.38653564453125
2024-02-07 05:00:00+00:00,52.711516471946794,53.039090165728005,52.06572680265577,52.76767349243164,7761300,0.0,0.0,4995.06005859375,,426.7329406738281
2024-02-08 05:00:00+00:00,52.8051093543334,52.8051093543334,51.841103683635986,52.683441162109375,8143000,0.0,0.0,4997.91015625,,427.5232849121094
2024-02-09 05:00:00+00:00,52.39329741163004,53.00165260173132,52.149957477760694,52.954856872558594,8003500,0.0,0.0,5026.60986328125,,431.7313537597656
2024-02-12 05:00:00+00:00,52.96421438111777,53.93758125332178,52.8799806408254,53.86270523071289,9622000,0.0,0.0,5021.83984375,,430.0421447753906
2024-02-13 05:00:00+00:00,53.235644520121596,53.478984498339855,51.167238638979676,51.710079193115234,12759700,0.0,0.0,4953.169921875,,423.3348388671875
2024-02-14 05:00:00+00:00,51.841104138144985,52.47753611184124,51.560326166287375,52.42137908935547,8831300,0.0,0.0,5000.6201171875,,427.947998046875
2024-02-15 05:00:00+00:00,52.69279482356646,53.96565866179556,52.61792237029227,53.60064697265625,9880000,0.0,0.0,5029.72998046875,,429.2223205566406
2024-02-16 05:00:00+00:00,53.21691994795505,53.741037867878326,52.72087875366035,53.37602615356445,9943500,0.0,0.0,5005.56982421875,,425.33026123046875
2024-02-20 05:00:00+00:00,53.10460479524426,53.64744167451026,52.458811600413625,52.982933044433594,13014600,0.0,0.0,4975.509765625,,422.1198425292969
2024-02-21 05:00:00+00:00,53.36666730754817,53.66616427554365,53.01101331919648,53.4415397644043,9322100,0.0,0.0,4981.7998046875,,420.4306335449219
2024-02-22 05:00:00+00:00,53.15140324181166,53.42282348046627,52.71151551504627,53.03908920288086,10426000,0.0,0.0,5087.02978515625,,432.7389831542969
2024-02-23 05:00:00+00:00,53.160759258574934,53.77847217178354,52.889339028606756,53.14204025268555,10563900,0.0,0.0,5088.7998046875,,431.4646911621094
2024-02-26 05:00:00+00:00,52.79729984706428,52.82563355909199,51.81502366317369,52.08892822265625,12753800,0.515,0.0,5069.52978515625,,431.23748779296875
2024-02-27 05:00:00+00:00,52.362831342157364,52.88230677055306,51.74891140408948,52.476173400878906,12421800,0.0,0.0,5078.18017578125,,432.27471923828125
2024-02-28 05:00:00+00:00,52.27782625163071,52.627292192582544,51.67334968766416,51.98503494262695,13240400,0.0,0.0,5069.759765625,,429.9730529785156
2024-02-29 05:00:00+00:00,52.410060536513576,52.759522887062595,51.90947543657617,52.126708984375,19993600,0.0,0.0,5096.27001953125,,433.65765380859375
2024-03-01 05:00:00+00:00,52.192823422969596,52.53284240340664,51.267218200093566,52.145599365234375,15398200,0.0,0.0,5137.080078125,,440.1872253417969
2024-03-04 05:00:00+00:00,51.739465960850175,52.01337053974573,50.95553651448575,51.918922424316406,11674600,0.0,0.0,5130.9501953125,,438.6165771484375
2024-03-05 05:00:00+00:00,51.947254512876256,53.37344118783446,51.90003045663928,52.32505416870117,16026100,0.0,0.0,5078.64990234375,,430.7435607910156
2024-03-06 05:00:00+00:00,52.872861556524256,53.75124272453382,52.192823593429196,52.447837829589844,11074900,0.0,0.0,5104.759765625,,433.4502258300781
2024-03-07 05:00:00+00:00,52.96730995967467,53.33566263230518,52.44783454651427,53.127872467041016,10227300,0.0,0.0,5157.35986328125,,440.0291442871094
2024-03-08 05:00:00+00:00,53.5717913135903,54.93186367363378,53.18454826367041,54.60129165649414,12735600,0.0,0.0,5123.68994140625,,433.67742919921875
2024-03-11 04:00:00+00:00,54.37461102693164,54.91297322696346,53.73235373514548,54.657958984375,9681500,0.0,0.0,5117.93994140625,,432.0673522949219
2024-03-12 04:00:00+00:00,54.46906273195024,54.780748027738156,53.4112286064517,53.977928161621094,9634400,0.0,0.0,5175.27001953125,,438.2609558105469
2024-03-13 04:00:00+00:00,55.725239161781474,57.019197096199505,55.67801510342375,56.235267639160156,17495300,0.0,0.0,5165.31005859375,,434.8924865722656
2024-03-14 04:00:00+00:00,55.914138998177066,56.896415265062366,55.82913425194728,56.235267639160156,16996100,0.0,0.0,5150.47998046875,,433.79595947265625
2024-03-15 04:00:00+00:00,55.91413559578855,56.79251671905834,55.61189731713276,56.74529266357422,32424500,0.0,0.0,5117.08984375,,428.6394958496094
2024-03-18 04:00:00+00:00,56.745290613025745,57.74645352378333,56.14081047459318,56.830291748046875,17073700,0.0,0.0,5149.419921875,,432.72760009765625
2024-03-19 04:00:00+00:00,57.0380865169175,57.98258208064315,56.91530108480307,57.86924362182617,11433900,0.0,0.0,5178.509765625,,433.80572509765625
2024-03-20 04:00:00+00:00,58.03924801827546,58.94596281517143,57.954243280881194,58.74761962890625,14564500,0.0,0.0,5224.6201171875,,438.9492492675781
2024-03-21 04:00:00+00:00,58.7476267802967,59.871575242249435,57.88813593222348,57.95425033569336,18090300,0.0,0.0,5241.52978515625,,441.02642822265625
2024-03-22 04:00:00+00:00,58.76651725865277,59.02153150246049,58.29426945966768,58.35093688964844,10046300,0.0,0.0,5234.18017578125,,441.5309143066406
2024-03-25 04:00:00+00:00,58.55872574368013,59.1632023361728,58.00147320942007,59.13486862182617,11423500,0.0,0.0,5218.18994140625,,439.92852783203125
2024-03-26 04:00:00+00:00,59.14430739084392,59.41821195143378,57.897573615082834,58.02035903930664,13829600,0.0,0.0,5203.580078125,,438.5041809082031
2024-03-27 04:00:00+00:00,58.709841856014656,60.315484973651095,58.5776130586148,60.24937057495117,13409000,0.0,0.0,5248.490234375,,439.9977722167969
2024-03-28 04:00:00+00:00,60.13603233377627,60.69328847755015,59.87157472219388,60.36271286010742,12830800,0.0,0.0,5254.35009765625,,439.1866760253906
2024-04-01 04:00:00+00:00,60.36271070201412,60.49494310604246,59.27653937390835,59.86212921142578,13175200,0.0,0.0,5243.77001953125,,440.1164855957031
2024-04-02 04:00:00+00:00,59.75823766005128,59.82435206449528,58.898746799314445,59.38988494873047,9905300,0.0,0.0,5205.81005859375,,436.31817626953125
2024-04-03 04:00:00+00:00,59.21042628323697,59.49377783803002,58.42649682974635,59.07819747924805,10551400,0.0,0.0,5211.490234375,,437.29742431640625
2024-04-04 04:00:00+00:00,59.83379012370622,60.4288233138446,59.474884418003896,60.19269943237305,10690100,0.0,0.0,5147.2099609375,,430.6108093261719
2024-04-05 04:00:00+00:00,59.55044437992239,60.787734861473,59.408772207600016,60.61772537231445,10278100,0.0,0.0,5204.33984375,,435.68505859375
2024-04-08 04:00:00+00:00,60.58939207476908,61.31665049087661,60.38160189704427,61.25998306274414,8054900,0.0,0.0,5202.39013671875,,435.8137512207031
2024-04-09 04:00:00+00:00,61.53388395947421,62.20447490731815,61.19386499916899,61.75111389160156,9188000,0.0,0.0,5209.91015625,,437.4260559082031
2024-04-10 04:00:00+00:00,59.97546999559829,60.67439471489461,59.50322220035736,60.4571647644043,10783400,0.0,0.0,5160.64013671875,,433.6079406738281
2024-04-11 04:00:00+00:00,61.04274525395318,61.193868001917174,59.8054583801972,60.39104461669922,12145600,0.0,0.0,5199.06005859375,,440.5318908691406
2024-04-12 04:00:00+00:00,60.56106124395443,60.74051051022709,59.45599950421981,59.57878494262695,9039500,0.0,0.0,5123.41015625,,433.509033203125
2024-04-15 04:00:00+00:00,60.003802870459616,60.75940221464039,58.842073742784024,59.26709747314453,11147100,0.0,0.0,5061.81982421875,,426.3773498535156
2024-04-16 04:00:00+00:00,59.02153156885555,59.10653631688708,57.90702647375983,58.2753791809082,11594100,0.0,0.0,5051.41015625,,426.41693115234375
2024-04-17 04:00:00+00:00,58.78540322765143,60.37215239941417,58.48316134406883,60.24937057495117,15653700,0.0,0.0,5022.2099609375,,421.2139892578125
2024-04-18 04:00:00+00:00,60.30604201108104,60.816070494652784,59.62600763595013,60.4571647644043,10135000,0.0,0.0,5011.1201171875,,418.8104553222656
2024-04-19 04:00:00+00:00,60.65550247296433,61.297759704484115,60.11714032344986,60.73106384277344,13419400,0.0,0.0,4967.22998046875,,410.1455993652344
2024-04-22 04:00:00+00:00,61.00496343196362,61.85501085862286,60.37215314997861,61.685001373291016,14747200,0.0,0.0,5010.60009765625,,414.2702941894531
2024-04-23 04:00:00+00:00,61.61888560043129,63.44176223911168,61.486656804334594,62.52560043334961,14349200,0.0,0.0,5070.5498046875,,420.45245361328125
2024-04-24 04:00:00+00:00,62.25170711210662,63.37565195183157,61.600002856266116,62.865623474121094,12149600,0.0,0.0,5071.6298828125,,421.8768005371094
2024-04-25 04:00:00+00:00,62.33671619234604,63.394553970351076,61.87391531706336,63.186763763427734,11418500,0.0,0.0,5048.419921875,,419.83917236328125
2024-04-26 04:00:00+00:00,63.488991755925205,63.56455312902922,62.10058215033781,62.3272590637207,9982800,0.0,0.0,5099.9599609375,,426.3180236816406
2024-04-29 04:00:00+00:00,63.300087309350545,64.14069496129353,63.243419883394694,63.677886962890625,9795800,0.0,0.0,5116.169921875,,428.0489807128906
2024-04-30 04:00:00+00:00,63.186761872961675,63.74401086037452,62.59172498804205,63.25287628173828,10042600,0.0,0.0,5035.68994140625,,419.9776306152344
2024-05-01 04:00:00+00:00,63.15842145912175,65.0379656287103,63.035632423034336,64.80184173583984,13991100,0.0,0.0,5018.39013671875,,416.9409484863281
2024-05-02 04:00:00+00:00,65.05686002368165,65.18908884277191,63.91402111244151,65.02852630615234,10815900,0.0,0.0,5064.2001953125,,422.26251220703125
2024-05-03 04:00:00+00:00,66.01079383559781,66.37914652598151,65.46298468366797,66.24691772460938,12687500,0.0,0.0,5127.7900390625,,430.7492980957031
2024-05-06 04:00:00+00:00,66.45471047316433,67.34253863612386,66.36026235508831,67.2953109741211,14042100,0.0,0.0,5180.740234375,,435.467529296875
2024-05-07 04:00:00+00:00,67.7109029668293,68.04147503981982,67.35198996821322,67.95646667480469,13621100,0.0,0.0,5187.7001953125,,435.5367736816406
2024-05-08 04:00:00+00:00,67.7203319103385,68.84428398476213,67.5125489304826,68.80650329589844,9915000,0.0,0.0,5187.669921875,,435.279541015625
2024-05-09 04:00:00+00:00,68.94817832609574,70.58215887347384,68.5514919062454,70.44048309326172,16627900,0.0,0.0,5214.080078125,,436.2290954589844
2024-05-10 04:00:00+00:00,70.71437750230804,71.03550249903576,69.56209189112559,69.69432067871094,12046700,0.0,0.0,5222.68017578125,,437.2578430175781
2024-05-13 04:00:00+00:00,70.02490272622069,70.52548423783128,69.50542726741939,70.44048309326172,7685500,0.0,0.0,5221.419921875,,438.2667541503906
2024-05-14 04:00:00+00:00,70.78049476906277,71.41330502189662,70.5160371831578,71.23384857177734,8176600,0.0,0.0,5246.68017578125,,441.0858154296875
2024-05-15 04:00:00+00:00,71.7533196611955,72.90560524984315,71.7533196611955,72.77337646484375,12470600,0.0,0.0,5308.14990234375,,447.9801025390625
2024-05-16 04:00:00+00:00,72.78282349749058,73.11340269892194,71.83832796409598,72.16890716552734,10414200,0.0,0.0,5297.10009765625,,447.0700988769531
2024-05-17 04:00:00+00:00,72.1122319260515,72.30113535469663,71.34719285634351,71.86666107177734,9490300,0.0,0.0,5303.27001953125,,446.85247802734375
2024-05-20 04:00:00+00:00,71.77221699874823,71.96112043802218,71.37553058516707,71.65888214111328,7179700,0.0,0.0,5308.1298828125,,449.96826171875
2024-05-21 04:00:00+00:00,71.65888995967856,72.68838679381273,71.26219629688549,72.67893981933594,6420100,0.0,0.0,5321.41015625,,450.8486022949219
2024-05-22 04:00:00+00:00,72.16890116028063,72.89615948986979,71.93277729658007,72.08389282226562,8773600,0.0,0.0,5307.009765625,,450.759521484375
2024-05-23 04:00:00+00:00,71.74387317613179,71.74387317613179,70.4782527379957,71.13939666748047,9097800,0.0,0.0,5267.83984375,,448.73187255859375
2024-05-24 04:00:00+00:00,71.23385886567559,72.82061181633344,71.08274331157617,72.3578109741211,7601100,0.0,0.0,5304.72021484375,,452.9752502441406
2024-05-28 04:00:00+00:00,72.36725078278059,73.91622289006219,72.09334621179518,73.22673797607422,11986600,0.0,0.0,5306.0400390625,,454.6864318847656
2024-05-29 04:00:00+00:00,72.50892081911076,72.63170985344897,71.9327851581693,72.42391967773438,6896300,0.0,0.0,5266.9501953125,,451.4816589355469
2024-05-30 04:00:00+00:00,72.60337901726695,73.91622731848419,72.35780814478666,73.85011291503906,21762300,0.0,0.0,5235.47998046875,,446.6447448730469
2024-05-31 04:00:00+00:00,73.94456358606962,76.00356434349267,73.79344082673262,75.57853698730469,16196000,0.0,0.0,5277.509765625,,445.8138427734375
2024-06-03 04:00:00+00:00,75.57378403148365,75.81143744038769,73.69156584181682,73.87218475341797,15410500,0.515,0.0,5283.39990234375,,448.20758056640625
2024-06-04 04:00:00+00:00,73.77712515392909,73.94823589917148,72.7504606824748,73.33984375,8484300,0.0,0.0,5291.33984375,,449.43408203125
2024-06-05 04:00:00+00:00,73.2447738647461,73.51094448719536,72.81699343357647,73.2447738647461,9264600,0.0,0.0,5354.02978515625,,458.4945983886719
2024-06-06 04:00:00+00:00,73.14021609508477,73.92921990767657,72.84552093365262,72.91206359863281,6550600,0.0,0.0,5352.9599609375,,458.33636474609375
2024-06-07 04:00:00+00:00,71.82836588737031,73.19725187972132,71.30553272550773,71.66676330566406,10059500,0.0,0.0,5346.990234375,,457.9307861328125
2024-06-10 04:00:00+00:00,71.74281125560157,73.25428343423316,71.1534281986713,73.16873168945312,11218500,0.0,0.0,5360.7900390625,,459.7804870605469
2024-06-11 04:00:00+00:00,71.58119654785604,71.60020562593868,68.01639606743701,69.14762115478516,22781500,0.0,0.0,5375.31982421875,,462.9358215332031
2024-06-12 04:00:00+00:00,70.14577516567331,70.29786956327419,67.87380934710265,68.69133758544922,13930500,0.0,0.0,5421.02978515625,,468.9992370605469
2024-06-13 04:00:00+00:00,68.97651967403898,70.07923491816275,68.78639985734473,69.56590270996094,10023200,0.0,0.0,5433.740234375,,471.54132080078125
2024-06-14 04:00:00+00:00,69.16664827158722,69.90812572672641,68.80541045823799,69.45182800292969,6568500,0.0,0.0,5431.60009765625,,473.9844970703125
2024-06-17 04:00:00+00:00,69.13813194675886,69.77504133312713,68.62479972036152,68.7388687133789,8445300,0.0,0.0,5473.22998046875,,479.7906799316406
2024-06-18 04:00:00+00:00,65.68739387817534,67.10380601589375,65.56381672945015,66.96121978759766,29169800,0.0,0.0,5487.02978515625,,479.9390869140625
2024-06-20 04:00:00+00:00,67.49356708102584,69.29022624424182,67.2939390909581,68.88146209716797,14857200,0.0,0.0,5473.169921875,,476.2397155761719
2024-06-21 04:00:00+00:00,69.73701273275195,70.05071695443436,68.51072034558015,69.21417236328125,19465500,0.0,0.0,5464.6201171875,,474.9637756347656
2024-06-24 04:00:00+00:00,68.91948529840954,70.59256724810754,68.68183190082883,70.20281219482422,12063700,0.0,0.0,5447.8701171875,,469.5564880371094
2024-06-25 04:00:00+00:00,69.93664438743153,70.09824696371751,68.81492001523549,69.37578582763672,10753200,0.0,0.0,5469.2998046875,,474.9260559082031
2024-06-26 04:00:00+00:00,69.2046715454383,69.97466622463129,68.36812695312389,69.74652099609375,11481500,0.0,0.0,5477.89990234375,,475.9068908691406
2024-06-27 04:00:00+00:00,69.98417135881908,70.71614059277265,69.61343265878205,70.07923126220703,9824500,0.0,0.0,5482.8701171875,,477.1353454589844
2024-06-28 04:00:00+00:00,69.59441645338052,69.68947635694173,66.40986254214272,67.31294250488281,23935600,0.0,0.0,5460.47998046875,,474.6585998535156
2024-07-01 04:00:00+00:00,67.93084611143227,68.092448680727,66.10566976354738,66.44789123535156,11036400,0.0,0.0,5475.08984375,,477.4425354003906
2024-07-02 04:00:00+00:00,66.54294893253437,67.11331561572064,65.95356591676524,66.98973846435547,9415200,0.0,0.0,5509.009765625,,482.45550537109375
2024-07-03 04:00:00+00:00,67.41750811343371,68.35862070636885,67.06578575783666,68.2825698852539,4487200,0.0,0.0,5537.02001953125,,486.477783203125
2024-07-05 04:00:00+00:00,68.44418000673089,68.77689332013124,68.10195852648873,68.52973175048828,7688800,0.0,0.0,5567.18994140625,,491.5502014160156
2024-07-08 04:00:00+00:00,68.58676961426738,68.99553373403775,68.1970145744977,68.54874420166016,5368700,0.0,0.0,5572.85009765625,,492.71923828125
2024-07-09 04:00:00+00:00,68.50120868364702,69.38527955707302,68.13997815301272,68.5582504272461,6220100,0.0,0.0,5576.97998046875,,493.1452331542969
2024-07-10 04:00:00+00:00,68.69134387165768,69.5183730993724,68.1399862181102,69.29973602294922,6740900,0.0,0.0,5633.91015625,,498.2870178222656
2024-07-11 04:00:00+00:00,69.87009280285582,71.49564103040552,69.8320673922423,71.01082611083984,12188700,0.0,0.0,5584.5400390625,,487.3594970703125
2024-07-12 04:00:00+00:00,71.29602181284052,72.91206207288901,71.07737748813433,72.24663543701172,11099400,0.0,0.0,5615.35009765625,,490.2226867675781
2024-07-15 04:00:00+00:00,70.50700245194028,70.72564675087006,67.26541414702916,67.46504211425781,19575400,0.0,0.0,5631.22021484375,,491.54034423828125
2024-07-16 04:00:00+00:00,68.00689201731836,68.71985215654473,67.35096636839633,68.34911346435547,10551800,0.0,0.0,5667.2001953125,,491.728515625
2024-07-17 04:00:00+00:00,68.20651855885153,68.68182530839056,66.99924260616876,67.39849853515625,11878900,0.0,0.0,5588.27001953125,,477.2939147949219
2024-07-18 04:00:00+00:00,67.49356850647173,68.78640363835352,67.32245776099896,68.13047790527344,10212300,0.0,0.0,5544.58984375,,475.0350646972656
2024-07-19 04:00:00+00:00,68.3681325163731,68.78640484656594,67.91184202216876,68.44418334960938,7752100,0.0,0.0,5505.0,,470.8245544433594
2024-07-22 04:00:00+00:00,69.34726235353374,70.48800307666026,69.1666506931421,69.29973602294922,9034700,0.0,0.0,5564.41015625,,477.83880615234375
2024-07-23 04:00:00+00:00,68.85294024991211,69.41379876750551,68.3586243912299,68.54874420166016,7027500,0.0,0.0,5555.740234375,,476.15460205078125
2024-07-24 04:00:00+00:00,69.1381309938691,72.00898090273914,68.71985868495318,71.68577575683594,17813700,0.0,0.0,5427.1298828125,,459.0747985839844
2024-07-25 04:00:00+00:00,71.47663836257456,71.93292882565343,69.67997925241346,69.81306457519531,13934200,0.0,0.0,5399.22021484375,,454.0122375488281
2024-07-26 04:00:00+00:00,70.56405019647588,71.28651130524811,69.88910816318175,70.59256744384766,7076200,0.0,0.0,5459.10009765625,,458.6685485839844
2024-07-29 04:00:00+00:00,70.7826858589737,70.98231383922705,69.92713219174072,70.66860961914062,5977500,0.0,0.0,5463.5400390625,,459.58990478515625
2024-07-30 04:00:00+00:00,70.84922564953062,70.84922564953062,69.58490790652729,70.611572265625,8505500,0.0,0.0,5436.43994140625,,453.27911376953125
2024-07-31 04:00:00+00:00,71.17243368122041,73.08316154938426,71.00132296514249,72.61736297607422,15618100,0.0,0.0,5522.2998046875,,466.693359375
2024-08-01 04:00:00+00:00,72.5508231492179,74.54711007949575,72.15156721368345,74.51859283447266,11136600,0.0,0.0,5446.68017578125,,455.38934326171875
2024-08-02 04:00:00+00:00,75.4406834804034,76.58141671192482,73.97673790663438,75.28858184814453,14513100,0.0,0.0,5346.56005859375,,444.5806884765625
2024-08-05 04:00:00+00:00,74.67070119062736,75.09847440963978,72.71243224260377,72.89305114746094,11877600,0.0,0.0,5186.330078125,,431.32501220703125
2024-08-06 04:00:00+00:00,73.05465544380671,74.5281094598292,72.88354470164026,73.16873168945312,9050900,0.0,0.0,5240.02978515625,,435.44635009765625
2024-08-07 04:00:00+00:00,73.88168538767609,74.87032433823002,73.47292127593366,73.72958374023438,8193200,0.0,0.0,5199.5,,430.7305603027344
2024-08-08 04:00:00+00:00,73.31131536169869,74.36649692159261,72.81699228272936,73.7105712890625,6935900,0.0,0.0,5319.31005859375,,443.9070129394531
2024-08-09 04:00:00+00:00,73.67255452835498,74.17637857955125,72.57934742999363,73.63452911376953,5041200,0.0,0.0,5344.16015625,,446.2252502441406
2024-08-12 04:00:00+00:00,73.51095042404847,73.77712106799409,73.09267812493047,73.74860382080078,5955600,0.0,0.0,5344.39013671875,,447.18621826171875
2024-08-13 04:00:00+00:00,74.4805847295516,74.62317824040503,73.7010817565077,74.26194763183594,5108900,0.0,0.0,5434.43017578125,,458.2822265625
2024-08-14 04:00:00+00:00,74.14786335393886,74.69922100155523,73.29230963394905,74.1573715209961,4620700,0.0,0.0,5455.2099609375,,458.4307861328125
2024-08-15 04:00:00+00:00,73.71057513572848,73.96723760168359,73.32082010110112,73.58699798583984,5946500,0.0,0.0,5543.22021484375,,470.01220703125
2024-08-16 04:00:00+00:00,73.69155778569954,74.89884103240891,73.4253871572424,74.68970489501953,6344200,0.0,0.0,5554.25,,470.61651611328125
2024-08-19 04:00:00+00:00,74.68970546140173,75.64031900030342,74.55662014616395,75.43118286132812,5617000,0.0,0.0,5608.25,,476.79852294921875
2024-08-20 04:00:00+00:00,75.43118251013135,75.84945478613452,75.06044381189426,75.07946014404297,5967300,0.0,0.0,5597.1201171875,,475.7979736328125
2024-08-21 04:00:00+00:00,75.26008145368812,76.03958436200922,75.22205603711066,75.70687103271484,5125300,0.0,0.0,5620.85009765625,,478.0171203613281
2024-08-22 04:00:00+00:00,75.7448911497375,75.99205271389474,74.5851414093914,75.02242279052734,8006600,0.0,0.0,5570.64013671875,,470.4382019042969
2024-08-23 04:00:00+00:00,75.53575641074968,76.35328469372327,75.25057667995353,75.72588348388672,5052900,0.0,0.0,5634.60986328125,,475.54034423828125
2024-08-26 04:00:00+00:00,76.04908622294447,77.06624246107211,76.01106080952026,76.65747833251953,5378700,0.0,0.0,5616.83984375,,470.92364501953125
2024-08-27 04:00:00+00:00,76.39131258497112,76.657483243386,75.6498351072135,75.67835235595703,5086000,0.0,0.0,5625.7998046875,,472.3304138183594
2024-08-28 04:00:00+00:00,75.79243155977287,76.17267122799286,75.27909930454776,75.48823547363281,5462400,0.0,0.0,5592.18017578125,,466.970703125
2024-08-29 04:00:00+00:00,75.6022842317568,76.22018440609158,74.82278151643433,76.07759094238281,5179200,0.0,0.0,5591.9599609375,,466.2871398925781
2024-08-30 04:00:00+00:00,76.14934493588191,77.249632244593,76.03453717121586,77.02957916259766,6808200,0.515,0.0,5648.39990234375,,471.8450012207031
2024-09-03 04:00:00+00:00,77.27834645938046,77.67062584983432,76.18762872435258,76.47466278076172,9883900,0.0,0.0,5528.93017578125,,457.5193176269531
2024-09-04 04:00:00+00:00,76.93392427760045,78.0150723831728,76.84781113136934,77.57495880126953,7517700,0.0,0.0,5520.06982421875,,456.3304748535156
2024-09-05 04:00:00+00:00,78.41690160323805,78.58912056830873,76.76169288854987,76.85736846923828,8494900,0.0,0.0,5503.41015625,,456.7565002441406
2024-09-06 04:00:00+00:00,77.36446211404814,77.68019812645832,76.35985018349922,76.52250671386719,8181500,0.0,0.0,5408.419921875,,444.5212097167969
2024-09-09 04:00:00+00:00,76.64688478500274,77.72803281434011,75.83363132579643,77.6801986694336,6918000,0.0,0.0,5471.0498046875,,450.23760986328125
2024-09-10 04:00:00+00:00,77.94809672095076,78.82832386200332,77.54625484780676,78.74221801757812,9588000,0.0,0.0,5495.52001953125,,454.3985900878906
2024-09-11 04:00:00+00:00,79.12491100828967,79.95730390358027,78.19684983025918,79.82335662841797,10216500,0.0,0.0,5554.1298828125,,464.26605224609375
2024-09-12 04:00:00+00:00,79.8233640926174,80.34002104494647,79.13448815617863,79.85206604003906,7856600,0.0,0.0,5595.759765625,,468.8233947753906
2024-09-13 04:00:00+00:00,80.27304560630475,81.06716686525394,79.89033595022012,80.9906234741211,6734400,0.0,0.0,5626.02001953125,,470.92364501953125
2024-09-16 04:00:00+00:00,81.41159235750787,81.8612756273892,80.7227237797861,80.98104858398438,8791400,0.0,0.0,5633.08984375,,468.8431701660156
2024-09-17 04:00:00+00:00,81.12457209356751,81.32549302391232,80.54094150084129,81.29679107666016,7415100,0.0,0.0,5634.580078125,,469.0908203125
2024-09-18 04:00:00+00:00,80.83753285598156,81.3159180784923,79.89990190762488,80.63661193847656,9286200,0.0,0.0,5618.259765625,,467.0598449707031
2024-09-19 04:00:00+00:00,80.01471205792447,80.17736858607334,77.94809163128237,78.7326431274414,13965200,0.0,0.0,5713.64013671875,,478.8691101074219
2024-09-20 04:00:00+00:00,78.69436469758661,80.13909003257329,78.50301353912612,79.18231964111328,26032300,0.0,0.0,5702.5498046875,,477.9576416015625
2024-09-23 04:00:00+00:00,80.04343206304563,81.26809726561045,79.35455606170781,81.15328216552734,7916000,0.0,0.0,5718.56982421875,,479.2245788574219
2024-09-24 04:00:00+00:00,80.5600736872898,81.58381783675104,80.29217911353615,80.64618682861328,8205300,0.0,0.0,5732.93017578125,,481.5361633300781
2024-09-25 04:00:00+00:00,80.95235194308859,81.52641277859252,80.22520432500784,80.96192169189453,8354700,0.0,0.0,5722.259765625,,481.98260498046875
2024-09-26 04:00:00+00:00,80.6079156203216,80.94278383954054,79.64157535950724,79.85206604003906,8462500,0.0,0.0,5745.3701171875,,485.6037902832031
2024-09-27 04:00:00+00:00,80.14865863084358,81.17240273627768,80.13909618189196,80.8853759765625,8200900,0.0,0.0,5738.169921875,,482.9052734375
2024-09-30 04:00:00+00:00,80.84710676892385,81.27765057153007,80.3782912705958,80.87580871582031,13884400,0.0,0.0,5762.47998046875,,484.2148742675781
2024-10-01 04:00:00+00:00,80.4739665549149,82.04306957566088,80.19650223666866,81.58381652832031,9112600,0.0,0.0,5708.75,,477.4685363769531
2024-10-02 04:00:00+00:00,81.10542832497451,81.88997980673402,80.83753376528773,81.73690032958984,8403800,0.0,0.0,5709.5400390625,,478.1431884765625
2024-10-03 04:00:00+00:00,81.947397652162,82.37794147239438,81.08630271211734,81.37333679199219,7031500,0.0,0.0,5699.93994140625,,477.7860412597656
2024-10-04 04:00:00+00:00,79.88076650594222,80.44526489322433,79.42152075655363,80.22520446777344,8341800,0.0,0.0,5751.06982421875,,483.4707946777344
2024-10-07 04:00:00+00:00,79.93818104058353,79.93818104058353,76.72343146217399,76.81910705566406,11971600,0.0,0.0,5695.93994140625,,478.2919921875
2024-10-08 04:00:00+00:00,77.28792173935749,78.27339421087147,77.01045741152484,77.02002716064453,10098300,0.0,0.0,5751.1298828125,,485.4350891113281
2024-10-09 04:00:00+00:00,76.21633063495797,77.5940749942281,76.21633063495797,77.0965576171875,10102500,0.0,0.0,5792.0400390625,,489.2547302246094
2024-10-10 04:00:00+00:00,77.49839814768035,78.9909575539187,77.3261791931468,77.44099426269531,7928400,0.0,0.0,5780.0498046875,,488.6991271972656
2024-10-11 04:00:00+00:00,77.47927267632376,78.3403602241396,76.91477432652856,78.32122802734375,7057000,0.0,0.0,5815.02978515625,,489.4630432128906
2024-10-14 04:00:00+00:00,78.3594960482082,79.59373072170219,78.08203176040766,79.32583618164062,5815200,0.0,0.0,5859.85009765625,,493.5703430175781
2024-10-15 04:00:00+00:00,79.41194997793383,80.41656190351055,79.09621396708634,79.21102905273438,15824900,0.0,0.0,5815.259765625,,486.9728698730469
2024-10-16 04:00:00+00:00,79.48849996628276,80.98105970569925,79.15363172982138,80.74186706542969,8061600,0.0,0.0,5842.47021484375,,487.0324401855469
2024-10-17 04:00:00+00:00,80.65575072799709,80.97147942440586,80.08168262635395,80.1582260131836,6153000,0.0,0.0,5841.47021484375,,487.3697204589844
2024-10-18 04:00:00+00:00,80.29217862117089,80.76100142194453,79.93817820784422,80.73229217529297,8595300,0.0,0.0,5864.669921875,,490.56427001953125
2024-10-21 04:00:00+00:00,81.09587615296927,81.28722734854325,80.043429978152,80.39743041992188,7053800,0.0,0.0,5853.97998046875,,491.50677490234375
2024-10-22 04:00:00+00:00,79.60330267726354,80.58878242387448,79.54589878313112,80.0816879272461,8358500,0.0,0.0,5851.2001953125,,492.04254150390625
2024-10-23 04:00:00+00:00,80.9332084937842,82.28225832594954,79.41194698899781,81.28721618652344,10825100,0.0,0.0,5797.419921875,,484.5025634765625
2024-10-24 04:00:00+00:00,80.3687228166535,80.89494951683253,78.93356705207042,79.23016357421875,9705100,0.0,0.0,5809.85986328125,,488.4312438964844
2024-10-25 04:00:00+00:00,79.31628209870894,79.5363352431144,77.77588088955005,77.90982818603516,6580700,0.0,0.0,5808.1201171875,,491.4075927734375
2024-10-28 04:00:00+00:00,78.49345349310248,80.2156360308446,78.08204188194114,79.2875747680664,8679600,0.0,0.0,5823.52001953125,,491.4869079589844
2024-10-29 04:00:00+00:00,76.49379111988118,77.21136892513177,76.03454541228498,76.12065124511719,19232900,0.0,0.0,5832.919921875,,496.2093811035156
2024-10-30 04:00:00+00:00,76.30243906709353,76.4363863385428,75.47961594271719,75.67096710205078,11650200,0.0,0.0,5813.669921875,,492.459228515625
2024-10-31 04:00:00+00:00,75.00124290433334,76.39812703275824,74.76205026659798,75.82406616210938,13034700,0.0,0.0,5705.4501953125,,480.0281982421875
2024-11-01 04:00:00+00:00,75.95801555148823,76.0249891999192,73.64263250621151,74.0062026977539,14615300,0.0,0.0,5728.7998046875,,483.5799255371094
2024-11-04 05:00:00+00:00,74.00620657147917,75.41266056172817,73.7670139146227,74.98211669921875,11759100,0.0,0.0,5712.68994140625,,482.17108154296875
2024-11-05 05:00:00+00:00,74.4080297586156,75.38393964077136,73.64261782903607,75.24999237060547,9051700,0.0,0.0,5782.759765625,,488.3221435546875
2024-11-06 05:00:00+00:00,71.08804721168369,71.73865140835676,69.54764620631921,71.29853057861328,28637800,0.0,0.0,5929.0400390625,,501.5865173339844
2024-11-07 05:00:00+00:00,70.4278781809587,71.84389445514961,70.38960648441575,71.39421844482422,16311300,0.0,0.0,5973.10009765625,,509.4836120605469
2024-11-08 05:00:00+00:00,71.73865271880359,73.85311457172104,71.45161865930665,73.64262390136719,14657100,0.0,0.0,5995.5400390625,,510.07891845703125
2024-11-11 05:00:00+00:00,73.65220031451483,73.81484955647714,72.46579957418034,72.62845611572266,10275700,0.0,0.0,6001.35009765625,,509.7813720703125
2024-11-12 05:00:00+00:00,72.34141279040135,72.52320150795191,70.43744167873785,71.04977416992188,12569800,0.0,0.0,5983.990234375,,508.858642578125
2024-11-13 05:00:00+00:00,71.40377955827508,71.79605896581589,70.72447338140206,71.0306396484375,12451500,0.0,0.0,5985.3798828125,,508.2038269042969
2024-11-14 05:00:00+00:00,70.68620041053147,72.88677543361547,70.46614728797074,72.02568054199219,13780200,0.0,0.0,5949.169921875,,504.6719970703125
2024-11-15 05:00:00+00:00,72.18832834318933,73.37472897020713,72.03524886525177,73.04942321777344,12930300,0.0,0.0,5870.6201171875,,492.647705078125
2024-11-18 05:00:00+00:00,73.00158642619711,73.35558681209896,72.05437844872691,73.08769226074219,9044300,0.0,0.0,5893.6201171875,,496.0704345703125
2024-11-19 05:00:00+00:00,73.01116158426518,73.97750192665812,72.44667043843883,73.74787902832031,7942200,0.0,0.0,5916.97998046875,,499.4832458496094
2024-11-20 05:00:00+00:00,73.85313005429676,74.1497266249306,73.059008649511,73.55652618408203,7065200,0.0,0.0,5917.10986328125,,499.195556640625
2024-11-21 05:00:00+00:00,73.47040346655103,74.15927935599996,73.05899188255121,74.01576232910156,8908500,0.0,0.0,5948.7099609375,,500.9913024902344
2024-11-22 05:00:00+00:00,74.38659154880166,74.68517578769732,72.97071202494216,73.20187377929688,8165400,0.515,0.0,5969.33984375,,501.7948303222656
2024-11-25 05:00:00+00:00,73.90500385352696,74.2613767111473,73.03813804708555,73.81831359863281,20803100,0.0,0.0,5987.3701171875,,502.58856201171875
2024-11-26 05:00:00+00:00,74.1650588883138,74.9163401272666,73.65457329510227,74.63701629638672,10563600,0.0,0.0,6021.6298828125,,505.287109375
2024-11-27 05:00:00+00:00,75.25345634649395,76.45743463575471,74.99340026935376,75.62909698486328,8689700,0.0,0.0,5998.740234375,,501.3087158203125
2024-11-29 05:00:00+00:00,75.68688430005527,76.08178531263461,75.43645478689552,75.77356719970703,6186500,0.0,0.0,6032.3798828125,,505.7136535644531
2024-12-02 05:00:00+00:00,76.01436925578747,76.13958769720215,74.06874363130638,74.23248291015625,11361500,0.0,0.0,6047.14990234375,,511.21978759765625
2024-12-03 05:00:00+00:00,74.23247471401794,74.71406596228547,73.42340494420813,73.48119354248047,9806900,0.0,0.0,6049.8798828125,,512.787353515625
2024-12-04 05:00:00+00:00,73.20188371710479,73.22114413737425,72.33501783496526,72.95145416259766,8310200,0.0,0.0,6086.490234375,,519.1268920898438
2024-12-05 05:00:00+00:00,72.85513605137754,73.7220019178959,72.64323468972854,73.39451599121094,6487200,0.0,0.0,6075.10986328125,,517.6882934570312
2024-12-06 05:00:00+00:00,73.3848841349407,73.68346838734327,72.16163812629148,72.46985626220703,7079200,0.0,0.0,6090.27001953125,,522.3214111328125
2024-12-09 05:00:00+00:00,72.72028657110074,72.84549766410751,71.81489257220542,71.94973754882812,9269700,0.0,0.0,6052.85009765625,,518.2539672851562
2024-12-10 05:00:00+00:00,71.75710092472708,71.77636134264213,70.6494395078669,71.41035461425781,8619200,0.0,0.0,6034.91015625,,516.48779296875
2024-12-11 05:00:00+00:00,71.46814246295166,71.80526223515874,70.87097398338422,71.2562484741211,7472800,0.0,0.0,6084.18994140625,,525.7343139648438
2024-12-12 05:00:00+00:00,71.1213994643762,71.35256857867105,70.39901251632986,70.52423095703125,6969600,0.0,0.0,6051.25,,522.34130859375
2024-12-13 05:00:00+00:00,70.36048637686783,71.03471120483597,70.25453571125863,70.90950012207031,7671200,0.0,0.0,6051.08984375,,526.3394775390625
2024-12-16 05:00:00+00:00,70.98654625688309,71.48740526460799,70.08115971730207,70.11005401611328,9767000,0.0,0.0,6074.080078125,,533.9190673828125
2024-12-17 05:00:00+00:00,69.64772007405575,69.9270438642343,69.15650231924069,69.60919189453125,7723000,0.0,0.0,6050.60986328125,,531.5677490234375
2024-12-18 05:00:00+00:00,69.31062276062747,69.86927046246407,67.83695447873127,67.92363739013672,12496000,0.0,0.0,5872.16015625,,512.3905029296875
2024-12-19 05:00:00+00:00,67.92363513399783,68.38596602497154,67.14345956326119,67.20124816894531,13731700,0.0,0.0,5867.080078125,,510.10870361328125
2024-12-20 05:00:00+00:00,67.0182476522085,69.32988738193389,66.76781811645905,69.03129577636719,27547500,0.0,0.0,5930.85009765625,,514.563232421875
2024-12-23 05:00:00+00:00,68.7134519844231,69.85964177719555,68.62676906656687,69.82111358642578,7509000,0.0,0.0,5974.06982421875,,519.576416015625
2024-12-24 05:00:00+00:00,69.75368220720274,70.22564697265625,69.37804158065816,70.22564697265625,3001800,0.0,0.0,6040.0400390625,,526.6217651367188
2024-12-26 05:00:00+00:00,69.81147129346107,70.21600618248749,69.6091965004485,69.70552062988281,4503800,0.0,0.0,6037.58984375,,526.2640380859375
2024-12-27 05:00:00+00:00,69.2528335398613,69.76331916517475,69.04093218252356,69.4551010131836,5458100,0.0,0.0,5970.83984375,,519.2683715820312
2024-12-30 05:00:00+00:00,69.04092459038192,69.26245980737383,68.36669975344932,69.11798095703125,8399000,0.0,0.0,5906.93994140625,,512.3621826171875
2024-12-31 05:00:00+00:00,69.21430691641417,69.74406032172998,68.77124377219575,69.05056762695312,6216500,0.0,0.0,5881.6298828125,,508.0097961425781
2025-01-02 05:00:00+00:00,69.80184069510703,69.9463195475571,68.66528499019934,68.97350311279297,5344800,0.0,0.0,5868.5498046875,,507.0160827636719
2025-01-03 05:00:00+00:00,69.272085573695,70.00410635174724,68.95423357616578,69.33950805664062,5088900,0.0,0.0,5942.47021484375,,515.3135375976562
2025-01-06 05:00:00+00:00,69.15651371859748,69.2913586949109,68.23185195459111,68.61712646484375,7025900,0.0,0.0,5975.3798828125,,521.2359619140625
2025-01-07 05:00:00+00:00,68.82902913215077,69.2528318364017,67.48057199467073,67.83695220947266,8975400,0.0,0.0,5909.02978515625,,511.93487548828125
2025-01-08 05:00:00+00:00,67.44203574545736,68.09700014259045,66.90265589434752,68.05847930908203,7930600,0.0,0.0,5918.25,,512.0242919921875
2025-01-10 05:00:00+00:00,67.41314566904043,67.49020203788297,64.60065434278566,64.89923858642578,16261800,0.0,0.0,5827.0400390625,,503.9952087402344
2025-01-13 05:00:00+00:00,64.74513473061467,64.8799797050328,63.46410012514253,64.49470520019531,17056600,0.0,0.0,5836.22021484375,,502.37548828125
2025-01-14 05:00:00+00:00,64.513974974953,65.50605189554803,64.4176508343708,65.47715759277344,10699100,0.0,0.0,5842.91015625,,501.8984680175781
2025-01-15 05:00:00+00:00,66.71965435230298,67.4613090570536,66.4692321714131,66.73892211914062,12416500,0.0,0.0,5949.91015625,,513.4452514648438
2025-01-16 05:00:00+00:00,66.4210740257469,68.79050244022348,66.35365153483295,68.74234771728516,11469500,0.0,0.0,5937.33984375,,509.8481750488281
2025-01-17 05:00:00+00:00,68.47264507689998,69.19503200126536,68.13553264856277,68.15480041503906,12664600,0.0,0.0,5996.66015625,,518.45361328125
2025-01-21 05:00:00+00:00,68.73271077824228,69.233562495841,68.17406310778598,68.24148559570312,12153800,0.0,0.0,6049.240234375,,521.4942626953125
2025-01-22 05:00:00+00:00,67.9621639064595,67.97179779032331,65.823897295712,65.96837615966797,14415200,0.0,0.0,6086.3701171875,,528.1619873046875
2025-01-23 05:00:00+00:00,66.31511539293629,66.7967066555553,65.75646776465838,66.6811294555664,10780100,0.0,0.0,6118.7099609375,,529.284912109375
2025-01-24 05:00:00+00:00,65.5927331847208,71.32367402838474,65.49641639501637,70.14859008789062,24588500,0.0,0.0,6101.240234375,,526.2938232421875
2025-01-27 05:00:00+00:00,70.60127747090436,71.20807977707976,68.03920859227692,71.11176300048828,19128900,0.0,0.0,6012.27978515625,,510.9710693359375
2025-01-28 05:00:00+00:00,69.66700717332864,70.19675325469304,67.34573331510187,67.94290924072266,16630500,0.0,0.0,6067.7001953125,,518.5230712890625
2025-01-29 05:00:00+00:00,68.14516144741745,68.88680873442422,68.01031648614348,68.2800064086914,9496700,0.0,0.0,6039.31005859375,,517.54931640625
2025-01-30 05:00:00+00:00,69.3395100945577,69.34914397769006,68.18369396766275,68.67491912841797,8639200,0.0,0.0,6071.169921875,,519.7553100585938
2025-01-31 05:00:00+00:00,68.87719165230526,69.08909300581442,68.31854396550843,68.92534637451172,10708600,0.0,0.0,6040.52978515625,,519.0
2025-02-03 05:00:00+00:00,67.90436685907129,69.14687317703593,67.6057826329129,68.43412017822266,9128300,0.0,0.0,5994.56982421875,,514.846435546875
2025-02-04 05:00:00+00:00,67.66357421517927,68.24148227614278,67.05677185344253,67.32646179199219,10574700,0.0,0.0,6037.8798828125,,521.166259765625
2025-02-05 05:00:00+00:00,68.14517299652863,68.18370118463648,66.59444833056504,66.65223693847656,9026100,0.0,0.0,6061.47998046875,,523.5313720703125
2025-02-06 05:00:00+00:00,66.8448763435485,67.05677769902394,65.74684872744889,66.71965789794922,9145300,0.0,0.0,6083.56982421875,,526.2640380859375
2025-02-07 05:00:00+00:00,66.59444119398103,66.83523683247488,65.68904724172421,65.7564697265625,9320400,0.0,0.0,6025.990234375,,519.6260986328125
2025-02-10 05:00:00+00:00,65.82388326738744,67.17234012942745,65.5830876616124,67.1338119506836,9121300,0.0,0.0,6066.43994140625,,525.916259765625
2025-02-11 05:00:00+00:00,66.85449738373492,67.78877818752315,66.18026525961585,67.7406234741211,7020100,0.0,0.0,6068.5,,524.6641845703125
2025-02-12 05:00:00+00:00,66.75817286202192,67.60577811603389,66.44032824026631,66.72927856445312,8574000,0.0,0.0,6051.97021484375,,524.9722900390625
2025-02-13 05:00:00+00:00,66.8641350076068,67.0953041248752,66.03579737531203,66.07432556152344,15173000,0.0,0.0,6115.06982421875,,532.5243530273438
2025-02-14 05:00:00+00:00,66.07431865549125,66.4788535456791,65.38082607316959,65.55419921875,14184600,0.0,0.0,6114.6298828125,,534.76025390625
2025-02-18 05:00:00+00:00,65.49642075587363,66.02617415726986,65.04372373077149,65.97801208496094,12090900,0.0,0.0,6129.580078125,,535.9725341796875
2025-02-19 05:00:00+00:00,66.0165432480505,66.95083164434234,65.89133214230552,66.51739501953125,8843000,0.0,0.0,6144.14990234375,,536.1216430664062
2025-02-20 05:00:00+00:00,66.53665364504606,67.84658252705911,66.28622411947008,67.55762481689453,9340500,0.0,0.0,6117.52001953125,,533.8460083007812
2025-02-21 05:00:00+00:00,67.55762533389857,69.32025121269187,67.43241424440228,68.94461059570312,16742500,0.0,0.0,6013.1298828125,,522.7662353515625
2025-02-24 05:00:00+00:00,68.6749278254281,68.8290332325635,67.34573102781941,68.1933364868164,11970900,0.0,0.0,5983.25,,516.5953369140625
2025-02-25 05:00:00+00:00,68.57859853518812,69.06982372130804,68.07774681393848,68.65565490722656,14063400,0.0,0.0,5955.25,,510.0865783691406
2025-02-26 05:00:00+00:00,68.56897252940925,69.00240176559635,67.91400805902641,68.39559936523438,8010500,0.0,0.0,5956.06005859375,,511.3187255859375
2025-02-27 05:00:00+00:00,67.97179696517406,68.29928287606539,66.75818481057709,66.82560729980469,9379800,0.0,0.0,5861.56982421875,,497.1187744140625
2025-02-28 05:00:00+00:00,67.58015900293186,68.19196863640802,67.27911452236363,68.1434097290039,11247700,0.567,0.0,5954.5,,504.96905517578125
2025-03-03 05:00:00+00:00,68.02688768338777,69.62922807717025,67.97832877064594,69.55154418945312,9492200,0.0,0.0,5849.72021484375,,493.9190673828125
2025-03-04 05:00:00+00:00,69.88172228373858,70.96937822995105,68.71638244847878,68.80377960205078,17869500,0.0,0.0,5778.14990234375,,492.4284973144531
2025-03-05 05:00:00+00:00,68.4930247732192,68.8426282206876,67.38594965925273,68.44447326660156,7722400,0.0,0.0,5842.6298828125,,498.8478088378906
2025-03-06 05:00:00+00:00,67.99774296398031,68.08514751877331,67.0266240518986,67.988037109375,7482300,0.0,0.0,5738.52001953125,,485.1248474121094
2025-03-07 05:00:00+00:00,68.153126387005,71.00821839464191,68.03658944885983,70.72659301757812,13469300,0.0,0.0,5770.2001953125,,488.6922302246094
2025-03-10 04:00:00+00:00,70.89167943241155,74.08666149043763,70.38670086629931,73.96041870117188,25263700,0.0,0.0,5614.56005859375,,469.7522888183594
2025-03-11 04:00:00+00:00,73.70793242460653,74.0575358518418,71.08590672034194,71.89193725585938,14836800,0.0,0.0,5572.06982421875,,468.62939453125
2025-03-12 04:00:00+00:00,70.89168665912655,71.26070921009416,69.70692029937535,70.81399536132812,12110700,0.0,0.0,5599.2998046875,,473.9158935546875
2025-03-13 04:00:00+00:00,71.08589809846383,71.42579562914193,69.9691173286894,70.62947845458984,11252600,0.0,0.0,5521.52001953125,,465.38995361328125
2025-03-14 04:00:00+00:00,70.67803082294687,71.55203929579207,70.2410302910488,71.42579650878906,8699300,0.0,0.0,5638.93994140625,,476.638671875
2025-03-17 04:00:00+00:00,71.30926627053229,71.30926627053229,69.01742490838107,70.02738952636719,14954000,0.0,0.0,5675.1201171875,,479.7290344238281
2025-03-18 04:00:00+00:00,70.12449557085328,70.12449557085328,68.24052251539469,68.6581039428711,15212100,0.0,0.0,5614.66015625,,471.5508728027344
2025-03-19 04:00:00+00:00,68.96886869994775,69.12425129759829,67.97833057160074,68.4638900756836,9457000,0.0,0.0,5675.2900390625,,477.86090087890625
2025-03-20 04:00:00+00:00,68.9882919830253,70.00796244819003,68.55128400448355,69.0951156616211,11815600,0.0,0.0,5662.89013671875,,476.2411804199219
2025-03-21 04:00:00+00:00,68.96886469088736,69.88171887639626,68.1434150637387,68.8329086303711,15782000,0.0,0.0,5667.56005859375,,477.8111877441406
2025-03-24 04:00:00+00:00,68.90089250757696,69.71663634894841,67.89093523205075,68.04631042480469,12385400,0.0,0.0,5767.56982421875,,488.29644775390625
2025-03-25 04:00:00+00:00,68.44446861503187,68.44446861503187,66.44395848846422,66.60904693603516,12618800,0.0,0.0,5776.64990234375,,491.0829162597656
2025-03-26 04:00:00+00:00,66.78384480598929,67.82294175305597,66.69644765961469,67.71612548828125,9154600,0.0,0.0,5712.2001953125,,482.04669189453125
2025-03-27 04:00:00+00:00,67.7452626810594,68.96886727148933,67.59959335104159,68.00746154785156,8748800,0.0,0.0,5693.31005859375,,479.29998779296875
2025-03-28 04:00:00+00:00,68.40562312423614,68.92031499669945,68.14341685132666,68.41532897949219,7846900,0.0,0.0,5580.93994140625,,466.6810607910156
2025-03-31 04:00:00+00:00,68.6678115345691,69.67777600618359,68.58041439627056,68.84261322021484,13347100,0.0,0.0,5611.85009765625,,466.66119384765625
2025-04-01 04:00:00+00:00,68.9494488052768,69.50298633735153,68.48330842661126,68.87175750732422,8715800,0.0,0.0,5633.06982421875,,470.4229736328125
2025-04-02 04:00:00+00:00,69.03684906525879,69.2310773188803,68.10457567502652,68.44447326660156,8480100,0.0,0.0,5670.97021484375,,473.8563537597656
2025-04-03 04:00:00+00:00,69.60009147515471,70.8528357756651,69.3087602435089,70.0565185546875,13652700,0.0,0.0,5396.52001953125,,448.4891662597656
2025-04-04 04:00:00+00:00,70.68774608214574,71.29954832588713,64.92901067114103,64.97756958007812,20993500,0.0,0.0,5074.080078125,,420.63397216796875
2025-04-07 04:00:00+00:00,63.608290646169635,65.32716791204616,62.08363420490587,63.18099594116211,19494900,0.0,0.0,5062.25,,421.6490478515625
2025-04-08 04:00:00+00:00,64.51143383708887,64.65710316521991,61.37471999085137,62.25843811035156,14232600,0.0,0.0,4982.77001953125,,414.0557861328125
2025-04-09 04:00:00+00:00,61.55922888360696,65.83215369237469,59.93746203541077,65.62821960449219,23207800,0.0,0.0,5456.89990234375,,463.7552185058594
2025-04-10 04:00:00+00:00,64.87074396168894,65.55052421212095,63.35579347507768,64.79305267333984,12801900,0.0,0.0,5268.0498046875,,444.03070068359375
2025-04-11 04:00:00+00:00,64.53085162887933,65.05525675393143,62.73428304302751,63.90933609008789,14856900,0.0,0.0,5363.35986328125,,452.2110900878906
2025-04-14 04:00:00+00:00,64.55998581234925,66.15262016826978,64.05499985029698,65.73503875732422,11588800,0.0,0.0,5405.97021484375,,455.2762756347656
2025-04-15 04:00:00+00:00,65.90013054951854,66.46338130168009,65.57965952752495,65.7059097290039,7851700,0.0,0.0,5396.6298828125,,455.7838134765625
2025-04-16 04:00:00+00:00,65.98752984545025,66.08464766792036,63.41407054908383,63.74424743652344,11356100,0.0,0.0,5275.7001953125,,442.0403137207031
2025-04-17 04:00:00+00:00,64.1326909968984,65.39514108115036,64.06471297243137,64.39488983154297,11212300,0.0,0.0,5282.7001953125,,441.9607238769531
2025-04-21 04:00:00+00:00,63.91905245674889,64.1521189428461,61.802012734653346,62.81197738647461,11568700,0.0,0.0,5158.2001953125,,431.0236511230469
2025-04-22 04:00:00+00:00,63.56944945104257,64.87075277603354,63.4626257673101,64.71537017822266,14352000,0.0,0.0,5287.759765625,,442.3388977050781
2025-04-23 04:00:00+00:00,65.59909086701983,67.1043208590476,65.05525919339728,65.3271713256836,19476200,0.0,0.0,5375.85986328125,,452.3703308105469
2025-04-24 04:00:00+00:00,65.10381313261436,65.2591883067429,63.355796117109904,64.4337387084961,13724700,0.0,0.0,5484.77001953125,,465.09869384765625
2025-04-25 04:00:00+00:00,64.73478877658133,64.93872285443588,63.47233125571131,64.18124389648438,9640200,0.0,0.0,5525.2099609375,,470.28363037109375
2025-04-28 04:00:00+00:00,64.24923370562591,64.42402800507354,63.394644282283835,64.27836608886719,7123500,0.0,0.0,5528.75,,470.13433837890625
2025-04-29 04:00:00+00:00,64.14241464869863,65.45342385235197,63.82194359185777,65.30775451660156,8891500,0.0,0.0,5560.830078125,,473.2393493652344
2025-04-30 04:00:00+00:00,65.07468312807028,65.26890395508924,63.56944578699958,64.94843292236328,13763500,0.0,0.0,5569.06005859375,,473.1795959472656
2025-05-01 04:00:00+00:00,65.54080874698518,65.67676479250416,64.03557898329674,64.14240264892578,11487900,0.0,0.0,5604.14013671875,,479.35968017578125
2025-05-02 04:00:00+00:00,64.19096095459284,65.42428616711344,64.0841372776328,65.1523666381836,13333200,0.0,0.0,5686.669921875,,486.4752502441406
2025-05-05 04:00:00+00:00,65.06496458448828,65.09409696527229,63.97730877790784,64.19095611572266,7117800,0.0,0.0,5650.3798828125,,483.5892028808594
2025-05-06 04:00:00+00:00,63.90933552402189,64.95814576483642,63.462621697537834,64.61825561523438,7943000,0.0,0.0,5606.91015625,,479.09100341796875
2025-05-07 04:00:00+00:00,64.34634429636853,66.0166700912574,64.06471890917915,65.4145736694336,9961300,0.0,0.0,5631.27978515625,,480.9718933105469
2025-05-08 04:00:00+00:00,65.32716965513139,67.37623126838292,64.97757364331027,66.34684753417969,13030100,0.0,0.0,5663.93994140625,,485.9378356933594
2025-05-09 04:00:00+00:00,66.69644444498184,68.45416723292426,66.47308384437443,68.27936553955078,17326200,0.0,0.0,5659.91015625,,485.619384765625
2025-05-12 04:00:00+00:00,68.86205058446004,68.9397344721585,66.71587111382438,67.67728424072266,18943800,0.0,0.0,5844.18994140625,,505.4036560058594
2025-05-13 04:00:00+00:00,68.04630593828479,70.38670621256072,67.93948225885022,70.02738952636719,22962500,0.0,0.0,5886.5498046875,,513.1063842773438
2025-05-14 04:00:00+00:00,69.72635143977047,70.34786704516253,68.70667346361606,70.10508728027344,15238900,0.0,0.0,5892.580078125,,516.1815185546875
2025-05-15 04:00:00+00:00,70.89168941498562,72.66883902369773,70.35757098317043,72.39692687988281,17789900,0.0,0.0,5916.93017578125,,516.7487182617188
2025-05-16 04:00:00+00:00,72.39691517980614,72.83391571044922,71.5811714711436,72.83391571044922,12829800,0.0,0.0,5958.3798828125,,518.997802734375
2025-05-19 04:00:00+00:00,72.07644819524383,72.10558057770609,71.04706449997981,71.72684478759766,14438400,0.0,0.0,5963.60009765625,,519.4954833984375
2025-05-20 04:00:00+00:00,71.86280112063199,73.03785414176178,71.69771268001323,72.2609634399414,8046700,0.0,0.0,5940.4599609375,,517.7637939453125
2025-05-21 04:00:00+00:00,71.93077604731101,72.1929748882176,69.29904473859276,69.47384643554688,16133100,0.0,0.0,5844.60986328125,,510.5685729980469
2025-05-22 04:00:00+00:00,66.91009853034903,67.00720894556163,62.03508085527388,65.00670623779297,40207600,0.0,0.0,5842.009765625,,511.52398681640625
2025-05-23 04:00:00+00:00,65.07468505552386,65.98753186041026,64.0647204252018,65.80302429199219,17161100,0.0,0.0,5802.81982421875,,506.7868957519531
2025-05-27 04:00:00+00:00,65.79331052139914,66.39540695283813,65.52139839399113,66.07493591308594,10910700,0.0,0.0,5921.5400390625,,518.7091674804688
2025-05-28 04:00:00+00:00,65.92926684122601,66.1817598501071,64.89988309516825,65.26890563964844,7835700,0.0,0.0,5888.5498046875,,516.4102783203125
2025-05-29 04:00:00+00:00,64.84161219883725,67.10432124103573,64.84161219883725,66.99749755859375,11570200,0.0,0.0,5912.169921875,,517.4254760742188
2025-05-30 04:00:00+00:00,66.81298304359872,68.64839716528118,66.52164441102563,68.59983825683594,18802700,0.0,0.0,5911.68994140625,,516.6094360351562
2025-06-02 04:00:00+00:00,68.28363208874329,68.72416866300604,67.58855945408413,68.67522430419922,9366900,0.567,0.0,5935.93994140625,,520.6896362304688
2025-06-03 04:00:00+00:00,68.8220680040233,69.5856686683405,68.39131584712648,69.4583969116211,11014300,0.0,0.0,5970.3701171875,,524.7598876953125
2025-06-04 04:00:00+00:00,69.65420102365552,69.65420102365552,68.32279197412421,68.41089630126953,10894900,0.0,0.0,5970.81005859375,,526.222900390625
2025-06-05 04:00:00+00:00,68.82207225439289,70.48632983227711,68.28363202501843,69.99684143066406,10967200,0.0,0.0,5939.2998046875,,522.261962890625
2025-06-06 04:00:00+00:00,70.11432644497204,70.7702391583684,69.96747841998757,70.64297485351562,9286000,0.0,0.0,6000.35986328125,,527.3673095703125
2025-06-09 04:00:00+00:00,70.71149950927942,70.93665999687691,69.82062701147949,70.38843536376953,7062600,0.0,0.0,6005.8798828125,,528.1435546875
2025-06-10 04:00:00+00:00,70.78002409548749,71.52404106970224,70.41779999848815,71.279296875,9888000,0.0,0.0,6038.81005859375,,531.63671875
2025-06-11 04:00:00+00:00,71.29887726161093,71.9449980215533,71.0345493610438,71.46530151367188,12000200,0.0,0.0,6022.240234375,,529.8452758789062
2025-06-12 04:00:00+00:00,71.87648255457474,72.86525131969789,71.71985013369444,72.28765106201172,11022200,0.0,0.0,6045.259765625,,531.0892333984375
2025-06-13 04:00:00+00:00,72.23869324884737,73.6679983674034,71.84710106605127,73.20787811279297,13213400,0.0,0.0,5976.97021484375,,524.421630859375
2025-06-16 04:00:00+00:00,73.61904994166152,73.71695359362914,71.03455187251595,72.2289047241211,14546000,0.0,0.0,6033.10986328125,,531.7162475585938
2025-06-17 04:00:00+00:00,71.78836299204592,72.07226713048938,68.96890532419337,70.3492660522461,12971300,0.0,0.0,5982.72021484375,,526.5313720703125
2025-06-18 04:00:00+00:00,70.45696086265129,70.91708114958762,69.87936067192263,70.06536865234375,7203300,0.0,0.0,5980.8701171875,,526.4417114257812
2025-06-20 04:00:00+00:00,70.3590629549782,71.03455184549796,69.99683886223572,70.02620697021484,15182700,0.0,0.0,5967.83984375,,524.292236328125
2025-06-23 04:00:00+00:00,70.28074741087228,70.79960393491194,68.65564229052121,69.24303436279297,8671300,0.0,0.0,6025.169921875,,529.6832275390625
2025-06-24 04:00:00+00:00,69.52693268581744,70.10453291190538,69.19408414152997,69.8989486694336,9001300,0.0,0.0,6092.18017578125,,537.7831420898438
2025-06-25 04:00:00+00:00,69.15492498930558,69.6346215607479,68.66543655791526,68.8612289428711,12839000,0.0,0.0,6092.16015625,,539.157958984375
2025-06-26 04:00:00+00:00,68.9199734523622,69.70315047049083,68.81228539865688,69.49756622314453,8010800,0.0,0.0,6141.02001953125,,544.19921875
2025-06-27 04:00:00+00:00,70.00663414678813,70.31011456942225,68.87101745602759,69.39966583251953,14275000,0.0,0.0,6173.06982421875,,546.0623779296875
2025-06-30 04:00:00+00:00,66.40399422449052,68.21509970399251,65.78723409666566,67.96056365966797,20894500,0.0,0.0,6204.9501953125,,549.5991821289062
2025-07-01 04:00:00+00:00,68.10742066087707,71.61215965389005,66.12009880649843,71.5240478515625,23841100,0.0,0.0,6198.009765625,,544.9664306640625
2025-07-02 04:00:00+00:00,71.2597256769872,72.19954255498216,71.05414143514462,71.4848861694336,11240100,0.0,0.0,6227.419921875,,548.7623291015625
2025-07-03 04:00:00+00:00,71.46530819791278,73.47221367600228,70.94645167589951,72.3268051147461,8560900,0.0,0.0,6279.35009765625,,554.1622924804688
2025-07-07 04:00:00+00:00,72.15059151319339,73.28620825463557,71.95479912901403,73.17852020263672,11368300,0.0,0.0,6229.97998046875,,549.98779296875
2025-07-08 04:00:00+00:00,71.328252995499,71.85690138416047,69.76189154890979,70.93666076660156,19550700,0.0,0.0,6225.52001953125,,550.2966918945312
2025-07-09 04:00:00+00:00,71.33803812755808,72.33659112152604,71.15203015584844,72.10163879394531,8818700,0.0,0.0,6263.259765625,,554.192138671875
2025-07-10 04:00:00+00:00,71.75900590831729,73.26662368072506,71.46530986647129,73.07083129882812,6955100,0.0,0.0,6280.4599609375,,553.3951416015625
2025-07-11 04:00:00+00:00,72.2974362294738,72.87503643368886,71.93521958840705,72.83587646484375,8094100,0.0,0.0,6259.75,,552.1498413085938
2025-07-14 04:00:00+00:00,72.83588063256109,74.23581785562794,72.61071266606749,73.4624252319336,10420500,0.0,0.0,6268.56005859375,,554.15234375
2025-07-15 04:00:00+00:00,73.75610691874888,73.95190675587995,72.63028959849568,73.12956237792969,8880100,0.0,0.0,6243.759765625,,554.6604614257812
2025-07-16 04:00:00+00:00,73.48199375838678,73.72673795019489,72.69881682600082,73.19808959960938,8906300,0.0,0.0,6263.7001953125,,555.2283325195312
2025-07-17 04:00:00+00:00,72.94355941879115,73.8833761984523,72.80650327190307,73.59947204589844,7174600,0.0,0.0,6297.35986328125,,559.7216796875
2025-07-18 04:00:00+00:00,73.66800595444383,74.7448789662901,73.39389363895573,74.35328674316406,7986300,0.0,0.0,6296.7900390625,,559.1836547851562
2025-07-21 04:00:00+00:00,74.73508117558231,75.47910559357418,74.3630727010863,74.56865692138672,8349900,0.0,0.0,6305.60009765625,,562.0828857421875
2025-07-22 04:00:00+00:00,74.74487397163588,75.96859491900713,74.74487397163588,75.90985870361328,9032600,0.0,0.0,6309.6201171875,,559.1736450195312
2025-07-23 04:00:00+00:00,75.87070491645436,76.81052178430069,70.55486038935437,71.28909301757812,21219500,0.0,0.0,6358.91015625,,561.7241821289062
2025-07-24 04:00:00+00:00,71.39677943176738,71.43593940065568,69.84999427118109,70.45696258544922,11166100,0.0,0.0,6363.35009765625,,562.9197998046875
2025-07-25 04:00:00+00:00,70.58422172498061,71.19118999489743,69.58566873279466,70.3394775390625,8074800,0.0,0.0,6388.64013671875,,564.2747802734375
2025-07-28 04:00:00+00:00,70.38843442634955,70.78002664578271,69.47798569049257,69.84020233154297,8157200,0.0,0.0,6389.77001953125,,566.0381469726562
2025-07-29 04:00:00+00:00,70.13388991456672,70.76043440258188,69.55629724895877,70.43737030029297,7588500,0.0,0.0,6370.85986328125,,565.1614379882812
2025-07-30 04:00:00+00:00,70.3884387639793,70.49612681768461,69.4388300007601,69.49756622314453,6940300,0.0,0.0,6362.89990234375,,565.918701171875
2025-07-31 04:00:00+00:00,68.92975689992342,69.72272568133886,68.22489244133197,69.56608581542969,8845200,0.0,0.0,6339.39013671875,,562.9197998046875
2025-08-01 04:00:00+00:00,69.92831255209839,70.28074479474232,68.86122396492641,68.91996765136719,6628500,0.0,0.0,6238.009765625,,551.8309326171875
2025-08-04 04:00:00+00:00,69.0178654721268,69.71293811464406,68.70459319002043,69.04723358154297,6543600,0.0,0.0,6329.93994140625,,562.0131225585938
2025-08-05 04:00:00+00:00,69.37029857585911,70.42759534184015,69.17450619801097,69.6835708618164,7178900,0.0,0.0,6299.18994140625,,558.1973266601562
2025-08-06 04:00:00+00:00,69.93810267951893,70.00663075450278,69.0080702687381,69.05702209472656,7720200,0.0,0.0,6345.06005859375,,565.2212524414062
2025-08-07 04:00:00+00:00,69.18428890397273,71.13245812042611,69.18428890397273,71.05413818359375,7418600,0.0,0.0,6340.0,,567.1341552734375
2025-08-08 04:00:00+00:00,71.13246241631528,71.46531096445403,70.71150206666874,70.8877182006836,5575700,0.0,0.0,6389.4501953125,,572.4244995117188
2025-08-11 04:00:00+00:00,71.26952013799557,71.4848887785003,69.62483867422642,70.92687225341797,8420000,0.0,0.0,6373.4501953125,,570.730712890625
2025-08-12 04:00:00+00:00,71.16181850341191,71.24992282103257,69.64440163528296,70.3492660522461,8671100,0.0,0.0,6445.759765625,,577.9041137695312
2025-08-13 04:00:00+00:00,70.3884370627746,70.78981368770205,69.70314878584874,70.780029296875,8122300,0.0,0.0,6466.580078125,,578.193115234375
2025-08-14 04:00:00+00:00,70.29053823970231,70.98561088143053,69.84999419195884,70.72128295898438,6781000,0.0,0.0,6468.5400390625,,577.7447509765625
2025-08-15 04:00:00+00:00,70.72128378281764,75.07773513769399,70.27095533936757,73.82464599609375,23398400,0.0,0.0,6449.7998046875,,575.2042236328125
2025-08-18 04:00:00+00:00,74.50992075588735,75.68468986380759,73.72673637127396,74.12812042236328,12568400,0.0,0.0,6449.14990234375,,574.9749755859375
2025-08-19 04:00:00+00:00,74.206447118466,74.97004785511557,73.86379925084076,74.90151977539062,8047300,0.0,0.0,6411.3701171875,,567.1740112304688
2025-08-20 04:00:00+00:00,75.10710911672119,75.63575754008302,74.23582027145848,74.57846069335938,11011600,0.0,0.0,6395.77978515625,,563.8064575195312
2025-08-21 04:00:00+00:00,74.86235300699104,75.79237792865428,73.99106430004345,74.48055267333984,8637100,0.0,0.0,6370.169921875,,561.1962280273438
2025-08-22 04:00:00+00:00,75.03857163709608,75.46931634112515,73.84421877115169,74.71550750732422,13128900,0.0,0.0,6466.91015625,,569.85400390625
2025-08-25 04:00:00+00:00,74.21623067131166,74.5980310353263,73.53094988179835,73.73653411865234,6337700,0.0,0.0,6439.31982421875,,568.2101440429688
2025-08-26 04:00:00+00:00,73.85400884998772,74.15748925421543,72.86524023527821,73.26661682128906,7162700,0.0,0.0,6465.93994140625,,570.4916381835938
2025-08-27 04:00:00+00:00,73.33515412549677,73.43305030963077,71.856897097373,72.33659362792969,10119000,0.0,0.0,6481.39990234375,,571.368408203125
2025-08-28 04:00:00+00:00,72.27444407265651,72.49148564319943,70.93273938817055,71.12017822265625,10917200,0.567,0.0,6501.85986328125,,574.9451293945312
2025-08-29 04:00:00+00:00,71.42601662775326,71.8502322120091,70.85381746261606,71.08072662353516,11280500,0.0,0.0,6460.259765625,,568.2899169921875
2025-09-02 04:00:00+00:00,71.29776045760326,71.68252077740573,70.52825487151344,71.67265319824219,8661500,0.0,0.0,6415.5400390625,,563.5274658203125
2025-09-03 04:00:00+00:00,71.14978776051377,71.65292142022685,70.4000097706218,70.66637420654297,7722300,0.0,0.0,6448.259765625,,567.9610595703125
2025-09-04 04:00:00+00:00,71.08072133426427,71.52466451711597,69.21614792347587,69.91659545898438,14596800,0.0,0.0,6502.080078125,,573.1019287109375
2025-09-05 04:00:00+00:00,70.29148752206633,70.76503348661998,69.31480790819927,69.94619750976562,10067600,0.0,0.0,6481.5,,573.9288940429688
2025-09-08 04:00:00+00:00,69.87713546342573,69.88699551552244,68.30852160295485,68.83139038085938,12596500,0.0,0.0,6495.14990234375,,576.728515625
2025-09-09 04:00:00+00:00,68.72287707127192,69.37399426678336,68.60448870538015,69.12735748291016,7294500,0.0,0.0,6512.60986328125,,578.3624267578125
2025-09-10 04:00:00+00:00,69.0582949527754,70.37040436329977,68.68340977552137,70.08430480957031,9254400,0.0,0.0,6532.0400390625,,578.5516967773438
2025-09-11 04:00:00+00:00,70.01525230089969,70.47893066476112,69.56144151601075,70.36054229736328,7418300,0.0,0.0,6587.47021484375,,581.9192504882812
2025-09-12 04:00:00+00:00,70.19283300542213,71.51480260705625,69.85740305201381,70.67623901367188,9345600,0.0,0.0,6584.2900390625,,584.4896850585938
2025-09-15 04:00:00+00:00,70.61704202816281,71.22869640267682,70.34081004912333,70.53811645507812,10399100,0.0,0.0,6615.27978515625,,589.4910888671875
2025-09-16 04:00:00+00:00,70.33094473784519,70.57758151661722,68.83138890792718,68.89058685302734,7930200,0.0,0.0,6606.759765625,,588.992919921875
2025-09-17 04:00:00+00:00,69.33452527626207,70.05470793252556,69.15694650668729,69.36412048339844,10799600,0.0,0.0,6600.35009765625,,587.8173828125
2025-09-18 04:00:00+00:00,69.0582962686021,70.13362898336985,68.43677431181719,69.8376693725586,8488500,0.0,0.0,6631.9599609375,,593.11767578125
2025-09-19 04:00:00+00:00,70.02511846002795,70.43946644738287,69.42332410978318,70.12377166748047,14819300,0.0,0.0,6664.35986328125,,597.1326904296875
2025-09-22 04:00:00+00:00,70.43946176812099,71.56412481723476,70.31120583287117,71.37667846679688,9856700,0.0,0.0,6693.75,,600.667724609375
2025-09-23 04:00:00+00:00,71.13004248498656,71.64305117812539,70.75515730673652,71.34708404541016,7795900,0.0,0.0,6656.919921875,,596.6779174804688
2025-09-24 04:00:00+00:00,71.2188400352513,72.88609957406014,71.08072403858685,72.83677673339844,11281800,0.0,0.0,6637.97021484375,,594.583251953125
2025-09-25 04:00:00+00:00,73.06367760656362,73.90224868350352,72.59999925392829,73.64574432373047,12916500,0.0,0.0,6604.72021484375,,592.0198364257812
2025-09-26 04:00:00+00:00,73.72466951695449,74.83946505182685,73.62600878364564,74.82959747314453,8271500,0.0,0.0,6643.7001953125,,594.4535522460938
2025-09-29 04:00:00+00:00,74.66188466043089,75.26367899221216,74.25739673750113,75.18475341796875,10366000,0.0,0.0,6661.2099609375,,597.20654296875
2025-09-30 04:00:00+00:00,75.43139345887965,75.6681626651059,74.10942390346264,74.47444152832031,9392700,0.0,0.0,6688.4599609375,,598.8424072265625
2025-10-01 04:00:00+00:00,75.30313965805314,77.64125139678318,75.19461887821471,77.61165618896484,15044800,0.0,0.0,6711.2001953125,,601.7150268554688
2025-10-02 04:00:00+00:00,77.58206087040286,77.82869763754599,76.49686060032444,77.12825012207031,9266600,0.0,0.0,6715.35009765625,,604.188720703125
2025-10-03 04:00:00+00:00,77.39461454944617,80.26547013297184,76.60538141032985,78.98295593261719,12116600,0.0,0.0,6715.7900390625,,601.645263671875
2025-10-06 04:00:00+00:00,79.07175485932099,81.26189071670026,79.07175485932099,81.00538635253906,15767600,0.0,0.0,6740.27978515625,,606.1636962890625
2025-10-07 04:00:00+00:00,82.01165822635416,83.4717512552602,81.30135063238707,82.09058380126953,16109700,0.0,0.0,6714.58984375,,602.9718627929688
2025-10-08 04:00:00+00:00,82.57398628290741,83.25470616593304,81.75515793975754,82.90941619873047,13775600,0.0,0.0,6753.72021484375,,609.8842163085938
2025-10-09 04:00:00+00:00,83.32376498091809,83.67892252975868,82.32735032851768,82.58385467529297,7486100,0.0,0.0,6735.10986328125,,609.1461181640625
2025-10-10 04:00:00+00:00,82.77130264254768,83.68879174049034,82.08071516110567,82.22869873046875,10285600,0.0,0.0,6552.509765625,,588.0000610351562
2025-10-13 04:00:00+00:00,82.01166576105828,83.886106940346,81.89328491456625,83.16593170166016,8424300,0.0,0.0,6654.72021484375,,600.4782104492188
2025-10-14 04:00:00+00:00,83.03767203677937,83.6986568226701,82.30762925126957,83.50135040283203,8912900,0.0,0.0,6644.31005859375,,596.4784545898438
2025-10-15 04:00:00+00:00,83.92556437594504,85.3264594995969,83.68879517131198,84.63587951660156,9268600,0.0,0.0,6671.06005859375,,600.6876831054688
2025-10-16 04:00:00+00:00,85.0600963703221,85.57309757590376,83.83678001335244,83.90583801269531,8333700,0.0,0.0,6629.06982421875,,598.46337890625
2025-10-17 04:00:00+00:00,84.30044375971578,84.66546888368474,83.03766471980569,83.392822265625,9142200,0.0,0.0,6664.009765625,,602.393310546875
2025-10-20 04:00:00+00:00,84.04394839061077,84.19192443162227,83.17578214063973,83.62959289550781,5225700,0.0,0.0,6735.1298828125,,609.9839477539062
2025-10-21 04:00:00+00:00,83.85650688176128,83.96502766927826,81.9130078121028,82.86009216308594,7282200,0.0,0.0,6735.35009765625,,609.8244018554688
2025-10-22 04:00:00+00:00,82.93901936681709,83.08700294603779,81.36054541756386,81.7255630493164,9208900,0.0,0.0,6699.39990234375,,603.9493408203125
2025-10-23 04:00:00+00:00,82.76144023628083,82.76144023628083,81.45919829266504,82.13005065917969,5630800,0.0,0.0,6738.43994140625,,609.0264282226562
2025-10-24 04:00:00+00:00,82.45560867813688,83.63946219107677,82.23856711118792,83.27444458007812,6249800,0.0,0.0,6791.68994140625,,615.52978515625
2025-10-27 04:00:00+00:00,82.86009305641352,86.1157016635076,82.66278663703218,84.87265014648438,18741000,0.0,0.0,6875.16015625,,626.4918823242188
2025-10-28 04:00:00+00:00,86.34260571840981,86.35247329768328,81.79463015183461,82.44574737548828,13998100,0.0,0.0,6890.89013671875,,631.3095703125
2025-10-29 04:00:00+00:00,82.1793786937068,82.66278467846773,79.95964765785135,80.66009521484375,11681500,0.0,0.0,6890.58984375,,634.15234375
2025-10-30 04:00:00+00:00,80.71928869056559,81.46906664300568,80.34440347772431,80.54170989990234,7620100,0.0,0.0,6822.33984375,,624.45703125
2025-10-31 04:00:00+00:00,80.24574132300533,80.92646126298811,79.77220290743615,80.30493927001953,9407300,0.0,0.0,6840.2001953125,,627.4694213867188
2025-11-03 05:00:00+00:00,80.20628641146132,80.99551961644754,79.51569888949628,80.67982482910156,8508200,0.0,0.0,6851.97021484375,,630.4716796875
2025-11-04 05:00:00+00:00,80.67981956052247,81.10403510894987,79.71300763036687,80.59103393554688,6474500,0.0,0.0,6771.5498046875,,617.67431640625
2025-11-05 05:00:00+00:00,80.32466563501146,81.51838676083686,80.01883843282896,81.03498077392578,7291000,0.0,0.0,6796.2900390625,,621.6941528320312
2025-11-06 05:00:00+00:00,81.01525421169298,81.8538177791222,80.88699826579001,80.89686584472656,6212700,0.0,0.0,6720.31982421875,,610.1136474609375
2025-11-07 05:00:00+00:00,80.80808137176328,82.86996132034248,80.52198179256548,82.8009033203125,9167100,0.0,0.0,6728.7998046875,,608.1885375976562
2025-11-10 05:00:00+00:00,83.04753372951079,84.32018036950814,82.56412776644041,83.62959289550781,11701700,0.0,0.0,6832.43017578125,,621.6442260742188
2025-11-11 05:00:00+00:00,83.5506799532247,84.67534309415785,83.4125639553387,84.60628509521484,11733900,0.0,0.0,6846.60986328125,,619.9884643554688
2025-11-12 05:00:00+00:00,84.28071683703911,85.09955271492106,83.86636887236035,84.73452758789062,7604800,0.0,0.0,6850.919921875,,619.4996948242188
2025-11-13 05:00:00+00:00,84.62601244651273,84.77399602283201,82.80090174326116,82.86009216308594,11859300,0.0,0.0,6737.490234375,,606.8519897460938
2025-11-14 05:00:00+00:00,82.38654643370253,83.35335832983945,81.41972701080893,82.7515640258789,8352100,0.0,0.0,6734.10986328125,,607.310791015625
2025-11-17 05:00:00+00:00,82.56412806927223,84.61614028864632,82.56412806927223,84.5964126586914,11607900,0.0,0.0,6672.41015625,,602.1240234375
2025-11-18 05:00:00+00:00,84.96144350060908,85.52377507658078,83.4816227715512,83.50135040283203,11061200,0.0,0.0,6617.31982421875,,594.7926635742188
2025-11-19 05:00:00+00:00,83.97489309015803,84.19192713285726,82.7910320367843,83.13632202148438,11138700,0.0,0.0,6642.16015625,,598.3436279296875
2025-11-20 05:00:00+00:00,83.64933772060414,85.32646494447549,83.06727096057307,83.16593170166016,10967000,0.0,0.0,6538.759765625,,584.1797485351562
2025-11-21 05:00:00+00:00,83.60989092073622,84.09657027203869,81.08709217143812,82.91463470458984,13930100,0.567,0.0,6602.990234375,,588.568603515625
2025-11-24 05:00:00+00:00,83.20266980880257,84.215766168908,82.44782231515632,83.65956115722656,13291500,0.0,0.0,6705.1201171875,,603.6201782226562
2025-11-25 05:00:00+00:00,84.11644191612089,84.76203374825349,83.60989375420522,84.2554931640625,7916800,0.0,0.0,6765.8798828125,,607.3407592773438
2025-11-26 05:00:00+00:00,84.67264883049695,85.10967137836502,84.11644382610113,84.96068572998047,6550600,0.0,0.0,6812.60986328125,,612.70703125
2025-11-28 05:00:00+00:00,84.86136266747762,85.88438581189892,84.57332577418114,85.70560455322266,4123300,0.0,0.0,6849.08984375,,617.67431640625
2025-12-01 05:00:00+00:00,85.01034230548109,85.08980232807737,83.81847227743623,84.07671356201172,7986600,0.0,0.0,6812.6298828125,,615.599609375
2025-12-02 05:00:00+00:00,84.33495379547934,84.70244313438847,83.67941998381752,84.00718688964844,7087000,0.0,0.0,6829.3701171875,,620.4172973632812
2025-12-03 05:00:00+00:00,84.08665023673542,85.38777593665965,83.92773018723855,84.37467956542969,9615100,0.0,0.0,6849.72021484375,,621.9334716796875
2025-12-04 05:00:00+00:00,83.9475854422564,84.23562232821811,82.17964169465812,82.82524108886719,12489600,0.0,0.0,6857.1201171875,,621.35498046875
2025-12-05 05:00:00+00:00,82.9444326516401,83.62975449035261,82.49747571920189,82.56700134277344,8194600,0.0,0.0,6870.39990234375,,623.8884887695312
2025-12-08 05:00:00+00:00,82.57693405188004,82.59680284547987,79.86542721028898,80.00447845458984,18136600,0.0,0.0,6846.509765625,,622.6915283203125
2025-12-09 05:00:00+00:00,80.25278690750822,80.59048062809622,78.96158809622847,79.10063934326172,13760400,0.0,0.0,6840.509765625,,623.4595336914062
2025-12-10 05:00:00+00:00,79.50786565898687,81.36519626351132,79.10063874026199,80.71959686279297,13341100,0.0,0.0,6886.68017578125,,626.0130615234375
2025-12-11 05:00:00+00:00,80.69974130424224,81.85188894047855,80.5209600357823,80.6600112915039,9494100,0.0,0.0,6901.0,,623.98828125
2025-12-12 05:00:00+00:00,81.28573872051976,81.71282686837296,80.77919812806407,81.09703063964844,7783100,0.0,0.0,6827.41015625,,612.0586547851562
2025-12-15 05:00:00+00:00,81.45459316239646,81.68303125443143,79.98461306024073,81.09703063964844,9489800,0.0,0.0,6816.509765625,,608.9865112304688
2025-12-16 05:00:00+00:00,81.08709673470533,81.29567361128714,79.64691981547266,80.7692642211914,6616600,0.0,0.0,6800.259765625,,610.1934204101562
2025-12-17 05:00:00+00:00,80.42163372705451,80.7593274474714,79.11057370017342,79.7462387084961,10212000,0.0,0.0,6721.43017578125,,598.8822631835938
2025-12-18 05:00:00+00:00,79.85549509963451,80.63021136226808,79.4582025712334,80.30244445800781,9201300,0.0,0.0,6774.759765625,,607.5601196289062
2025-12-19 05:00:00+00:00,80.02434304477173,80.59048244264687,78.99138548803509,79.0013198852539,30492300,0.0,0.0,6834.5,,615.47998046875
2025-12-22 05:00:00+00:00,78.48483610965603,79.63698368210525,78.18687239720255,79.49793243408203,7136200,0.0,0.0,6878.490234375,,618.4302368164062
2025-12-23 05:00:00+00:00,79.48799864700496,80.15345927875494,79.20989614882436,79.24962615966797,7875000,0.0,0.0,6909.7900390625,,621.3265380859375
2025-12-24 05:00:00+00:00,79.59725325926304,79.9250201612163,79.15030390403562,79.9051513671875,3011300,0.0,0.0,6932.0498046875,,623.144287109375
2025-12-26 05:00:00+00:00,79.9349583662214,80.09387083739887,79.50787020695223,79.86543273925781,3636400,0.0,0.0,6929.93994140625,,623.1043090820312
2025-12-29 05:00:00+00:00,79.87535741254788,80.69973809419484,79.67671493448286,79.72637176513672,5854600,0.0,0.0,6905.740234375,,620.088134765625
2025-12-30 05:00:00+00:00,79.65684460877164,80.12366275874791,79.60718777907235,79.98461151123047,4075900,0.0,0.0,6896.240234375,,618.64990234375
2025-12-31 05:00:00+00:00,80.14353216316505,80.14353216316505,79.66677961252819,79.7363052368164,5036200,0.0,0.0,6845.5,,613.536376953125
2026-01-02 05:00:00+00:00,79.90515205169606,80.47129144277214,79.05097576653222,80.38190460205078,8852900,0.0,0.0,6858.47021484375,,612.347900390625
2026-01-05 05:00:00+00:00,80.61035175329687,80.7891254380314,78.71328349177087,80.7692642211914,8301900,0.0,0.0,6902.0498046875,,617.2117309570312
2026-01-06 05:00:00+00:00,80.69974111832141,81.03743485923157,79.95482043107536,80.5010986328125,7254500,0.0,0.0,6944.81982421875,,622.6348876953125
2026-01-07 05:00:00+00:00,80.12366755881486,80.24285759713798,77.82931425960169,77.83924865722656,9859900,0.0,0.0,6920.93017578125,,623.2341918945312
2026-01-08 05:00:00+00:00,77.9186950087153,79.4184706682743,77.84916938623108,78.95165252685547,8696700,0.0,0.0,6921.4599609375,,619.6885986328125
2026-01-09 05:00:00+00:00,79.65684372265004,80.3719687463415,79.32908440156194,79.34894561767578,5842200,0.0,0.0,6966.27978515625,,625.86083984375
2026-01-12 05:00:00+00:00,79.30921450494161,80.6004132884,78.98144761068649,80.57061767578125,11088100,0.0,0.0,6977.27001953125,,626.3801879882812
2026-01-13 05:00:00+00:00,80.61035218401295,81.37513406889929,79.87535833568333,81.08709716796875,8543000,0.0,0.0,6963.740234375,,625.4513549804688
2026-01-14 05:00:00+00:00,80.39183950724565,82.07038889688368,80.39183950724565,81.42479705810547,10282400,0.0,0.0,6926.60009765625,,618.769775390625
2026-01-15 05:00:00+00:00,81.42480019310526,82.11012206919398,80.9877776338356,81.63337707519531,7419300,0.0,0.0,6944.47021484375,,620.9970092773438
2026-01-16 05:00:00+00:00,82.43788328859665,83.48077520466269,81.5837070242077,83.06361389160156,12874900,0.0,0.0,6940.009765625,,620.4776611328125
2026-01-20 05:00:00+00:00,82.44782134284848,83.3615888734705,81.96113438564177,82.9444351196289,10054800,0.0,0.0,6796.85986328125,,607.2942504882812
2026-01-21 05:00:00+00:00,83.47084303708826,83.81847115915298,82.6365279664082,83.2821273803711,8296600,0.0,0.0,6875.6201171875,,615.50390625
2026-01-22 05:00:00+00:00,84.00718659717324,84.93088850638324,83.10334590443323,84.49386596679688,9802300,0.0,0.0,6913.35009765625,,619.978271484375
2026-01-23 05:00:00+00:00,84.67264876824991,84.67264876824991,83.62975680804956,84.23562622070312,13301700,0.0,0.0,6915.60986328125,,621.935791015625
2026-01-26 05:00:00+00:00,84.6925090029791,85.69567094015835,84.26542085766316,84.89115905761719,10990600,0.0,0.0,6950.22998046875,,624.67236328125
2026-01-27 05:00:00+00:00,83.92772936879126,88.35752340603005,83.23247310333505,86.55978393554688,15472300,0.0,0.0,6978.60009765625,,630.335205078125
2026-01-28 05:00:00+00:00,87.12592198853106,88.0198283000004,86.47038816754527,86.97693634033203,8200000,0.0,0.0,6978.02978515625,,632.4225463867188
2026-01-29 05:00:00+00:00,87.98009433695886,88.5859637220904,87.04645805605622,87.58280181884766,11202400,0.0,0.0,6969.009765625,,628.6373291015625
2026-01-30 05:00:00+00:00,87.30470275878906,87.69206089528853,85.57648895150486,87.30470275878906,10205300,0.0,0.0,6939.02978515625,,621.0868530273438
2026-02-02 05:00:00+00:00,87.54307792731926,88.14894735479274,85.73540404242011,85.7453384399414,9423100,0.0,0.0,6976.43994140625,,625.3515014648438
2026-02-03 05:00:00+00:00,86.09296143331076,88.28799333544835,86.09296143331076,88.21846771240234,9600200,0.0,0.0,6917.81005859375,,615.7435913085938
2026-02-04 05:00:00+00:00,89.12230714759006,90.07580464081363,88.35751772701866,89.36067962646484,12182700,0.0,0.0,6882.72021484375,,604.9871826171875
2026-02-05 05:00:00+00:00,89.39047799213422,89.87715736166182,87.49340976632662,88.60582733154297,9799400,0.0,0.0,6798.39990234375,,596.2781982421875
2026-02-06 05:00:00+00:00,89.9168858198277,90.37376956790538,87.79137954159803,88.86406707763672,8225200,0.0,0.0,6932.2998046875,,608.8822631835938
2026-02-09 05:00:00+00:00,88.73494172700391,89.17196425440875,88.14894113591517,88.8740005493164,6528800,0.0,0.0,6964.81982421875,,613.54638671875
2026-02-10 05:00:00+00:00,89.12231023358042,91.3372033976732,88.66541889814025,90.21485900878906,7213700,0.0,0.0,6941.81005859375,,610.699951171875
2026-02-11 05:00:00+00:00,90.74127197265625,90.96971007166833,89.8473656384839,90.74127197265625,7305000,0.0,0.0,6941.47021484375,,612.337890625
2026-02-12 05:00:00+00:00,90.76113299698035,92.95616502650392,90.6121549230393,91.30741119384766,9181600,0.0,0.0,6832.759765625,,599.8836059570312
2026-02-13 05:00:00+00:00,90.90018391944193,94.29702796967825,90.4631689412678,93.16474914550781,10402800,0.0,0.0,6836.169921875,,601.1619873046875
2026-02-17 05:00:00+00:00,94.26722790126793,94.91281972942194,91.65503466448153,92.08212280273438,9455400,0.0,0.0,6843.22021484375,,600.542724609375
2026-02-18 05:00:00+00:00,92.37016246043538,92.38009685773171,89.97648041958283,90.60221862792969,9064800,0.0,0.0,6881.31005859375,,605.027099609375
2026-02-19 05:00:00+00:00,90.44329724166259,91.5557148128954,90.41350162794002,91.01937103271484,8483500,0.0,0.0,6861.89013671875,,602.7100219726562
2026-02-20 05:00:00+00:00,91.56565186569895,91.82388557726723,90.69160675662177,91.55571746826172,7175600,0.0,0.0,6909.509765625,,608.0433349609375
2026-02-23 05:00:00+00:00,92.31057125197297,93.55210569391268,91.96293554604996,93.42298126220703,8433600,0.0,0.0,6837.75,,600.652587890625
2026-02-24 05:00:00+00:00,93.76068287916209,95.19092540812706,93.28393031769052,95.03201293945312,11597600,0.0,0.0,6890.06982421875,,607.1044921875
2026-02-25 05:00:00+00:00,95.05187434061212,95.26045879634606,93.1746748608059,94.46587371826172,9025500,0.0,0.0,6946.1298828125,,615.9033813476562
2026-02-26 05:00:00+00:00,93.97918997309921,94.35661369991804,91.22794551958638,91.36699676513672,20015700,0.0,0.0,6908.85986328125,,608.4727783203125
2026-02-27 05:00:00+00:00,90.9000015258789,94.13999938964844,90.6500015258789,93.7699966430664,25138500,0.623,0.0,6878.8798828125,,606.5252075195312
2026-03-02 05:00:00+00:00,93.4000015258789,93.6500015258789,91.75,92.70999908447266,10147800,0.0,0.0,6881.6201171875,,607.32421875
2026-03-03 05:00:00+00:00,91.3499984741211,93.0999984741211,90.33000183105469,92.58999633789062,11307700,0.0,0.0,6816.6298828125,,600.8224487304688
2026-03-04 05:00:00+00:00,92.55999755859375,93.0999984741211,91.62999725341797,92.5999984741211,9384300,0.0,0.0,6869.5,,609.9808959960938
2026-03-05 05:00:00+00:00,92.30000305175781,92.37999725341797,89.9000015258789,91.12999725341797,12086800,0.0,0.0,6830.7099609375,,608.1431274414062
2026-03-06 05:00:00+00:00,90.55000305175781,91.62999725341797,90.01000213623047,91.0199966430664,9745100,0.0,0.0,6740.02001953125,,598.9946899414062
2026-03-09 04:00:00+00:00,90.2699966430664,92.19000244140625,89.6500015258789,92.01000213623047,9563600,0.0,0.0,6795.990234375,,606.99462890625
2026-03-10 04:00:00+00:00,91.70999908447266,92.13999938964844,91.05999755859375,91.54000091552734,7485900,0.0,0.0,6781.47998046875,,607.004638671875
2026-03-11 04:00:00+00:00,91.54000091552734,92.45999908447266,91.0999984741211,91.66000366210938,9734300,0.0,0.0,6775.7998046875,,606.9247436523438
2026-03-12 04:00:00+00:00,91.19999694824219,92.7300033569336,90.80999755859375,91.7300033569336,8730000,0.0,0.0,6672.6201171875,,596.5078735351562
2026-03-13 04:00:00+00:00,92.7300033569336,93.9000015258789,92.30999755859375,92.77999877929688,7504400,0.0,0.0,6632.18994140625,,592.9722900390625
2026-03-16 04:00:00+00:00,93.9000015258789,94.44000244140625,92.23999786376953,92.81999969482422,8466100,0.0,0.0,6699.3798828125,,599.6239013671875
2026-03-17 04:00:00+00:00,93.58000183105469,93.70999908447266,92.2699966430664,92.52999877929688,5496600,0.0,0.0,6716.08984375,,602.5502319335938
2026-03-18 04:00:00+00:00,92.26000213623047,92.52999877929688,90.61000061035156,90.95999908447266,7053700,0.0,0.0,6624.7001953125,,594.15087890625
2026-03-19 04:00:00+00:00,90.6500015258789,92.45999908447266,90.30000305175781,92.41000366210938,10538400,0.0,0.0,6606.490234375,,592.273193359375
2026-03-20 04:00:00+00:00,92.73999786376953,94.20999908447266,89.16999816894531,89.5,21860800,0.0,0.0,6506.47998046875,,581.3269653320312
2026-03-23 04:00:00+00:00,91.04000091552734,91.41000366210938,90.1500015258789,90.2300033569336,10284300,0.0,0.0,6581.0,,588.0
2026-03-24 04:00:00+00:00,90.29000091552734,92.5,90.05000305175781,91.62000274658203,8808000,0.0,0.0,6556.3701171875,,583.97998046875
2026-03-25 04:00:00+00:00,92.41000366210938,92.56999969482422,91.06999969482422,91.16000366210938,8639900,0.0,0.0,6591.89990234375,,587.8200073242188
2026-03-26 04:00:00+00:00,91.69999694824219,92.0,90.56999969482422,91.16000366210938,6537800,0.0,0.0,6477.16015625,,573.7899780273438
2026-03-27 04:00:00+00:00,91.22000122070312,92.22000122070312,90.69999694824219,91.4000015258789,7749600,0.0,0.0,6368.85009765625,,562.5800170898438
2026-03-30 04:00:00+00:00,92.70999908447266,92.9800033569336,91.5,92.05000305175781,9362100,0.0,0.0,6343.72021484375,,558.280029296875
2026-03-31 04:00:00+00:00,92.26000213623047,92.98999786376953,91.36000061035156,92.87999725341797,13914200,0.0,0.0,6528.52001953125,,577.1799926757812
2026-04-01 04:00:00+00:00,92.7300033569336,93.87000274658203,92.23999786376953,92.8499984741211,7759400,0.0,0.0,6575.31982421875,,584.3099975585938
2026-04-02 04:00:00+00:00,93.04000091552734,94.27999877929688,92.73999786376953,93.1500015258789,10419000,0.0,0.0,6582.68994140625,,584.97998046875
