Date,Open,High,Low,Close,Volume,Dividends,Stock Splits,snp500,vix_close,qqq_close
2021-02-22 05:00:00+00:00,14.7333173121364,15.090812459281109,14.284828587536415,14.315492630004883,325884000,0.0,0.0,3876.5,,312.90484619140625
2021-02-23 05:00:00+00:00,14.035778314628121,14.198820593637908,13.35195136230545,14.102341651916504,391780000,0.0,0.0,3881.3701171875,,311.9732666015625
2021-02-24 05:00:00+00:00,14.083143645243931,14.46606655901246,13.71742146446716,14.458337783813477,448320000,0.0,0.0,3925.429931640625,,314.5448913574219
2021-02-25 05:00:00+00:00,14.006113004928865,14.334440047309721,13.17918902800684,13.270182609558105,824436000,0.0,0.0,3829.340087890625,,303.57904052734375
2021-02-26 05:00:00+00:00,13.71393515359349,13.815649363507847,13.323533467731098,13.676042556762695,500932000,0.0,0.0,3811.14990234375,,304.8502197265625
2021-03-01 05:00:00+00:00,13.836091261293221,13.885951239822205,13.515243835324203,13.802934646606445,353184000,0.0,0.0,3901.820068359375,,314.02081298828125
2021-03-02 05:00:00+00:00,13.861020214199105,13.881462909178813,13.358433857283094,13.36865520477295,264116000,0.0,0.0,3870.2900390625,,308.98431396484375
2021-03-03 05:00:00+00:00,13.38859986982293,13.41377854511925,12.762859005310784,12.768842697143555,377592000,0.0,0.0,3819.719970703125,,300.01751708984375
2021-03-04 05:00:00+00:00,12.764852623838904,12.938614575428367,12.049863300020087,12.335559844970703,573344000,0.0,0.0,3768.469970703125,,295.1072082519531
2021-03-05 05:00:00+00:00,12.514805563806275,12.514805563806275,11.646497027872458,12.426553726196289,542840000,0.0,0.0,3841.93994140625,,299.55169677734375
2021-03-08 05:00:00+00:00,12.415085459306246,12.43627563829937,11.534063017322843,11.560738563537598,543112000,0.0,0.0,3821.35009765625,,291.0701904296875
2021-03-09 05:00:00+00:00,12.100407665853615,12.585710586701868,12.029582238014875,12.489448547363281,521824000,0.004,0.0,3875.43994140625,,302.5503234863281
2021-03-10 05:00:00+00:00,12.808911083089319,12.948067565563633,12.42685387625009,12.437577247619629,384376000,0.0,0.0,3898.81005859375,,301.68670654296875
2021-03-11 05:00:00+00:00,12.918141567568973,13.014155316080448,12.703171840009764,12.96153450012207,299916000,0.0,0.0,3939.340087890625,,308.6349792480469
2021-03-12 05:00:00+00:00,12.617134005807182,12.857042807221505,12.559027830206189,12.824373245239258,243964000,0.0,0.0,3943.340087890625,,306.1312255859375
2021-03-15 04:00:00+00:00,12.833102427316174,13.17426110970681,12.73584243101685,13.158799171447754,221988000,0.0,0.0,3968.93994140625,,309.401611328125
2021-03-16 04:00:00+00:00,13.32364243314881,13.479258807224893,13.084482313956556,13.258553504943848,272128000,0.0,0.0,3962.7099609375,,311.0998229980469
2021-03-17 04:00:00+00:00,13.007671116067991,13.420153700648893,12.957544682409727,13.308429718017578,243864000,0.0,0.0,3974.1201171875,,312.38079833984375
2021-03-18 04:00:00+00:00,13.104182253321333,13.151565052474703,12.685713947139764,12.691200256347656,293896000,0.0,0.0,3915.4599609375,,302.81243896484375
2021-03-19 04:00:00+00:00,12.718634595532432,12.889712905578849,12.581473040159986,12.814148902893066,299208000,0.0,0.0,3913.10009765625,,303.8798828125
2021-03-22 04:00:00+00:00,12.880984776838993,13.361549203796526,12.87499901936367,13.15381145477295,297804000,0.0,0.0,3940.590087890625,,309.5785217285156
2021-03-23 04:00:00+00:00,13.221643113543065,13.311671106919352,12.989216509091099,13.038595199584961,222048000,0.0,0.0,3910.52001953125,,308.2280578613281
2021-03-24 04:00:00+00:00,13.118896401350066,13.126877093413306,12.605662461359328,12.611896514892578,245840000,0.0,0.0,3889.139892578125,,303.0296936035156
2021-03-25 04:00:00+00:00,12.468748307367942,12.683468752541286,12.241808053601774,12.504409790039062,295144000,0.0,0.0,3909.52001953125,,302.5049743652344
2021-03-26 04:00:00+00:00,12.523613510506973,12.82462133897218,12.343059043552696,12.807662963867188,363968000,0.0,0.0,3974.5400390625,,307.0425109863281
2021-03-29 04:00:00+00:00,12.788709827744805,13.030364297959583,12.668755911865413,12.91639518737793,273520000,0.0,0.0,3971.090087890625,,306.95513916015625
2021-03-30 04:00:00+00:00,12.810407393306773,12.943329820806323,12.673744343397683,12.840084075927734,200204000,0.0,0.0,3958.550048828125,,305.41021728515625
2021-03-31 04:00:00+00:00,12.98347986602582,13.437360417469511,12.950561058891067,13.315411567687988,314776000,0.0,0.0,3972.889892578125,,310.0838317871094
2021-04-01 04:00:00+00:00,13.5388611010894,13.835878123071739,13.47801034601489,13.777771949768066,308276000,0.0,0.0,4019.8701171875,,315.3696594238281
2021-04-05 04:00:00+00:00,13.833385038729487,13.979524270576526,13.699215418219154,13.953089714050293,255672000,0.0,0.0,4077.909912109375,,321.66595458984375
2021-04-06 04:00:00+00:00,13.965308533350179,14.019674081792544,13.739615448630643,13.827398300170898,191744000,0.0,0.0,4073.93994140625,,321.4425048828125
2021-04-07 04:00:00+00:00,13.846599423020441,14.208457016295897,13.677766286592616,14.10870361328125,251284000,0.0,0.0,4079.949951171875,,322.2197265625
2021-04-08 04:00:00+00:00,14.217687357595498,14.435899213055192,14.213945783814793,14.281779289245605,244416000,0.0,0.0,4097.169921875,,325.581787109375
2021-04-09 04:00:00+00:00,14.179033078443032,14.372556078838363,14.14012946049153,14.364575386047363,195172000,0.0,0.0,4128.7998046875,,327.5541687011719
2021-04-12 04:00:00+00:00,14.254596031105418,15.314731433707978,14.104465977801848,15.171584129333496,869324000,0.0,0.0,4127.990234375,,327.126708984375
2021-04-13 04:00:00+00:00,15.194029461631905,15.661377066442782,15.088539527921586,15.6409273147583,676212000,0.0,0.0,4141.58984375,,330.94525146484375
2021-04-14 04:00:00+00:00,15.58656052594978,15.68182557627376,15.190038388116491,15.23941707611084,385500000,0.0,0.0,4124.66015625,,326.97119140625
2021-04-15 04:00:00+00:00,15.623970620941911,16.17436349825913,15.59304674396962,16.097553253173828,598480000,0.0,0.0,4170.419921875,,331.92657470703125
2021-04-16 04:00:00+00:00,16.013507430530804,16.12598105828335,15.82621945225456,15.873353958129883,335208000,0.0,0.0,4185.47021484375,,332.3153076171875
2021-04-19 04:00:00+00:00,15.498280752880156,15.768614011420238,15.195527176784763,15.323960304260254,404420000,0.0,0.0,4163.259765625,,329.27398681640625
2021-04-20 04:00:00+00:00,15.285552882888071,15.458875362058153,14.926189618252145,15.133927345275879,334132000,0.0,0.0,4134.93994140625,,326.8740539550781
2021-04-21 04:00:00+00:00,15.0815550200728,15.32470592597656,15.06509609224263,15.322710990905762,216776000,0.0,0.0,4173.419921875,,329.67236328125
2021-04-22 04:00:00+00:00,15.337175698398932,15.400519884321316,14.747130576116172,14.813716888427734,277788000,0.0,0.0,4134.97998046875,,325.6983337402344
2021-04-23 04:00:00+00:00,14.89750944608486,15.29727370248584,14.863593646617081,15.22769546508789,227500000,0.0,0.0,4180.169921875,,329.7987060546875
2021-04-26 04:00:00+00:00,15.147643871309407,15.440920276031514,15.087791058443576,15.439922332763672,197796000,0.0,0.0,4187.6201171875,,331.9460754394531
2021-04-27 04:00:00+00:00,15.540173958472135,15.63194762998392,15.316725060501184,15.343908309936523,164572000,0.0,0.0,4186.72021484375,,330.50799560546875
2021-04-28 04:00:00+00:00,15.32670177309296,15.494039448295446,15.178068161200418,15.239167213439941,209416000,0.0,0.0,4183.18017578125,,329.3905944824219
2021-04-29 04:00:00+00:00,15.36211192586429,15.398522104278095,15.03442032014005,15.287047386169434,173196000,0.0,0.0,4211.47021484375,,330.5760192871094
2021-04-30 04:00:00+00:00,15.13716729756446,15.327197926078858,14.960103270135658,14.972572326660156,201912000,0.0,0.0,4181.169921875,,328.4093017578125
2021-05-03 04:00:00+00:00,15.087789925219155,15.209240277723236,14.75112061320419,14.800249099731445,203912000,0.0,0.0,4192.66015625,,326.6602478027344
2021-05-04 04:00:00+00:00,14.60123939851099,14.601488646469987,13.975782087903074,14.315942764282227,405324000,0.0,0.0,4164.66015625,,320.78179931640625
2021-05-05 04:00:00+00:00,14.672815161485438,14.77705885779142,14.35210623381281,14.422931671142578,292024000,0.0,0.0,4167.58984375,,319.7032165527344
2021-05-06 04:00:00+00:00,14.459590514112755,14.535403762388006,14.183023228828954,14.487272262573242,193380000,0.0,0.0,4201.6201171875,,322.1129150390625
2021-05-07 04:00:00+00:00,14.771821324795141,14.933920995149085,14.635656764528989,14.775811195373535,229328000,0.0,0.0,4232.60009765625,,324.7267761230469
2021-05-10 04:00:00+00:00,14.750872395980661,14.769576460567666,14.214944484231708,14.230655670166016,268904000,0.0,0.0,4188.43017578125,,316.52593994140625
2021-05-11 04:00:00+00:00,13.790989321233113,14.319435968974824,13.716174016861329,14.271055221557617,285584000,0.0,0.0,4152.10009765625,,316.0885925292969
2021-05-12 04:00:00+00:00,13.975035218815083,14.225168896948256,13.675524752489777,13.724653244018555,303408000,0.0,0.0,4063.0400390625,,307.9073791503906
2021-05-13 04:00:00+00:00,13.999225058319066,14.046110316134385,13.42588905794775,13.631631851196289,285404000,0.0,0.0,4112.5,,310.2879943847656
2021-05-14 04:00:00+00:00,13.855830733479957,14.292752972906976,13.714678353750243,14.207962036132812,258616000,0.0,0.0,4173.85009765625,,317.13812255859375
2021-05-17 04:00:00+00:00,14.122171332609264,14.134391142572785,13.819418762550056,14.130650520324707,216980000,0.0,0.0,4163.2900390625,,315.2142333984375
2021-05-18 04:00:00+00:00,14.231902974365962,14.368815282209768,13.969549474724266,13.981270790100098,186256000,0.0,0.0,4127.830078125,,313.0863037109375
2021-05-19 04:00:00+00:00,13.533123876129947,14.044862298330735,13.509931447897435,14.031146049499512,344000000,0.0,0.0,4115.68017578125,,313.4458312988281
2021-05-20 04:00:00+00:00,14.267312727841873,14.647625156234405,14.235391865290197,14.576550483703613,321592000,0.0,0.0,4159.1201171875,,319.5087890625
2021-05-21 04:00:00+00:00,15.126446072779812,15.184553200910209,14.832920407509066,14.954869270324707,672992000,0.0,0.0,4155.85986328125,,317.74053955078125
2021-05-24 04:00:00+00:00,15.175076040317867,15.706266327666086,15.138665855139163,15.573594093322754,554816000,0.0,0.0,4197.0498046875,,323.08465576171875
2021-05-25 04:00:00+00:00,15.727213823403543,15.779584439719866,15.444411543967227,15.609254837036133,435408000,0.0,0.0,4188.1298828125,,323.5316162109375
2021-05-26 04:00:00+00:00,15.695541043507959,15.754894404271841,15.547905385492475,15.661375045776367,370440000,0.0,0.0,4195.990234375,,324.6587219238281
2021-05-27 04:00:00+00:00,15.661125902008596,15.711252331770046,15.421965818952483,15.449896812438965,581476000,0.0,0.0,4200.8798828125,,323.4441833496094
2021-05-28 04:00:00+00:00,15.462864882329143,16.237454287840492,15.462864882329143,16.20453453063965,644536000,0.0,0.0,4204.10986328125,,324.46435546875
2021-06-01 04:00:00+00:00,16.229978381608333,16.34793739550379,15.864129823309375,16.224491119384766,472804000,0.0,0.0,4202.0400390625,,323.3858947753906
2021-06-02 04:00:00+00:00,16.21226777374694,16.877128178251017,16.195558646312733,16.73697280883789,594168000,0.0,0.0,4208.1201171875,,324.0174255371094
2021-06-03 04:00:00+00:00,16.659662203794827,17.21653919121197,16.542201731687715,16.92799949645996,580008000,0.0,0.0,4192.85009765625,,320.645751953125
2021-06-04 04:00:00+00:00,17.070396031614713,17.617546575525758,17.053439562809213,17.535001754760742,617120000,0.0,0.0,4229.89013671875,,326.0870056152344
2021-06-07 04:00:00+00:00,17.528021981905518,17.768677543429288,17.150453185888143,17.575653076171875,575756000,0.0,0.0,4226.52001953125,,327.0587463378906
2021-06-08 04:00:00+00:00,17.484133522613572,17.578151395074354,17.208562256214222,17.4140567779541,323848000,0.0,0.0,4227.259765625,,327.2141418457031
2021-06-09 04:00:00+00:00,17.476663064864983,17.535780721881775,17.21724304760244,17.31951332092285,381656000,0.004,0.0,4219.5498046875,,327.2919006347656
2021-06-10 04:00:00+00:00,17.311282630136223,17.452965945027934,17.137671136572692,17.3861141204834,287772000,0.0,0.0,4239.18017578125,,330.7022705078125
2021-06-11 04:00:00+00:00,17.44049548819086,17.89922071360538,17.40482582522779,17.78547477722168,416308000,0.0,0.0,4247.43994140625,,331.56707763671875
2021-06-14 04:00:00+00:00,17.866042920276705,17.999244162607233,17.62333583892256,17.978540420532227,321376000,0.0,0.0,4255.14990234375,,334.744384765625
2021-06-15 04:00:00+00:00,17.875022883618865,17.97604663575129,17.68843990745718,17.748804092407227,243032000,0.0,0.0,4246.58984375,,332.5581970214844
2021-06-16 04:00:00+00:00,17.751050591544338,17.91468418538893,17.545259694850984,17.770505905151367,307124000,0.0,0.0,4223.7001953125,,331.3436584472656
2021-06-17 04:00:00+00:00,17.734839774892045,18.7929726816882,17.71663098318218,18.615619659423828,809656000,0.0,0.0,4221.85986328125,,335.5509948730469
2021-06-18 04:00:00+00:00,18.74208463201298,19.331765442705965,18.54253016298032,18.597158432006836,968856000,0.0,0.0,4166.4501953125,,332.9177551269531
2021-06-21 04:00:00+00:00,18.394110948679845,18.495136607237573,17.782978507688828,18.38612937927246,672384000,0.0,0.0,4224.7900390625,,334.9868469238281
2021-06-22 04:00:00+00:00,18.430280361670633,18.92143232381055,18.344970443440133,18.844602584838867,580144000,0.0,0.0,4246.43994140625,,338.1094970703125
2021-06-23 04:00:00+00:00,18.96533567291674,19.11001257671834,18.865558432257274,19.014724731445312,332356000,0.0,0.0,4241.83984375,,338.27484130859375
2021-06-24 04:00:00+00:00,19.184841090247765,19.376661354418225,19.04565083784025,19.162639617919922,320924000,0.0,0.0,4266.490234375,,340.3663635253906
2021-06-25 04:00:00+00:00,19.237484271567393,19.302339784902486,18.852345784194252,18.988540649414062,278364000,0.0,0.0,4280.7001953125,,339.9480285644531
2021-06-28 04:00:00+00:00,19.31804053622827,20.03393994375662,19.275885147206186,19.940399169921875,495436000,0.0,0.0,4290.60986328125,,344.0823059082031
2021-06-29 04:00:00+00:00,19.83813619568111,20.05390314769696,19.613139243601076,19.982065200805664,367632000,0.0,0.0,4291.7998046875,,345.3274841308594
2021-06-30 04:00:00+00:00,19.954621891960947,20.117507567563237,19.819424307190975,19.95786476135254,326568000,0.0,0.0,4297.5,,344.7827453613281
2021-07-01 04:00:00+00:00,20.08009486539896,20.410355677231596,19.974330486109007,20.166900634765625,480136000,0.0,0.0,4319.93994140625,,344.9189147949219
2021-07-02 04:00:00+00:00,20.39463938213588,20.45949487196704,20.242479523162306,20.4412841796875,342764000,0.0,0.0,4352.33984375,,348.8782043457031
2021-07-06 04:00:00+00:00,20.69122385571064,20.795490483018398,20.304839002416227,20.652311325073242,446708000,0.0,0.0,4343.5400390625,,350.3859558105469
2021-07-07 04:00:00+00:00,20.806965588248794,20.828417245407213,20.286629685691395,20.326290130615234,418428000,0.0,0.0,4358.1298828125,,351.125244140625
2021-07-08 04:00:00+00:00,19.812189314423424,20.088071080613446,19.656786608504444,19.858335494995117,503300000,0.0,0.0,4320.81982421875,,349.0046081542969
2021-07-09 04:00:00+00:00,19.91795284925319,20.035440254937832,19.71016751816278,20.00550651550293,296624000,0.0,0.0,4369.5498046875,,351.18365478515625
2021-07-12 04:00:00+00:00,20.194833408061367,20.48692953104882,20.142700097359224,20.466726303100586,321984000,0.0,0.0,4384.6298828125,,352.5552978515625
2021-07-13 04:00:00+00:00,20.3549784361798,20.41559384007116,20.06911869589807,20.204814910888672,290708000,0.0,0.0,4369.2099609375,,352.5552978515625
2021-07-14 04:00:00+00:00,20.312324625479327,20.37219021147144,19.708675050402782,19.797225952148438,380100000,0.0,0.0,4374.2998046875,,353.18756103515625
2021-07-15 04:00:00+00:00,19.76753757883624,19.80270862400988,18.816414013293638,18.92392349243164,550564000,0.0,0.0,4360.02978515625,,350.7069396972656
2021-07-16 04:00:00+00:00,18.988030726422647,19.11424759877164,18.032667088106123,18.12047004699707,688224000,0.0,0.0,4327.16015625,,347.8664245605469
2021-07-19 04:00:00+00:00,17.875271703441314,18.999506326648362,17.825631445000248,18.737842559814453,749060000,0.0,0.0,4258.490234375,,345.01629638671875
2021-07-20 04:00:00+00:00,18.688203709705867,18.795962510715192,18.123466749051826,18.570466995239258,434687000,0.0,4.0,4323.06005859375,,349.0240478515625
2021-07-21 04:00:00+00:00,18.839862381024883,19.483423438095404,18.700175417850065,19.366683959960938,371017000,0.0,0.0,4358.68994140625,,351.71875
2021-07-22 04:00:00+00:00,19.598163289372174,19.84261543397602,19.232978999547083,19.550270080566406,323826000,0.0,0.0,4367.47998046875,,354.04364013671875
2021-07-23 04:00:00+00:00,19.612137498497777,19.656039936097546,19.207043356145515,19.51435661315918,195672000,0.0,0.0,4411.7900390625,,358.1778869628906
2021-07-26 04:00:00+00:00,19.26790639829814,19.398612673272545,18.87179107976758,19.250944137573242,203943000,0.0,0.0,4422.2998046875,,358.4599914550781
2021-07-27 04:00:00+00:00,19.222006433543775,19.578210080581876,18.699175656661474,19.16513442993164,248863000,0.0,0.0,4401.4599609375,,354.51055908203125
2021-07-28 04:00:00+00:00,19.275888967902034,19.60215891676379,18.952612583216847,19.4594783782959,202191000,0.0,0.0,4400.64013671875,,355.8724365234375
2021-07-29 04:00:00+00:00,19.47543967277713,19.80869584189757,19.28486593170964,19.618122100830078,190781000,0.0,0.0,4419.14990234375,,356.50482177734375
2021-07-30 04:00:00+00:00,19.374669578351813,19.586196410986457,19.220016666249848,19.455490112304688,183497000,0.0,0.0,4395.259765625,,354.6467590332031
2021-08-02 04:00:00+00:00,19.65604303889912,19.91646033514249,19.31779876840227,19.705930709838867,217444000,0.0,0.0,4387.16015625,,354.67596435546875
2021-08-03 04:00:00+00:00,19.69595097546281,20.176875767387045,19.177110872013746,19.770784378051758,301811000,0.0,0.0,4423.14990234375,,356.82574462890625
2021-08-04 04:00:00+00:00,19.945389340104725,20.272658383096573,19.78375021069901,20.228755950927734,231309000,0.0,0.0,4402.66015625,,357.3414001464844
2021-08-05 04:00:00+00:00,20.454254685259734,20.68673455278522,20.296606314971207,20.5909481048584,211435000,0.0,0.0,4429.10009765625,,359.6078796386719
2021-08-06 04:00:00+00:00,20.478199273286513,20.524096148760073,20.164898907628032,20.3205509185791,178497000,0.0,0.0,4436.52001953125,,358.031982421875
2021-08-09 04:00:00+00:00,20.400374106685497,20.46223602836236,20.098050750515416,20.249711990356445,146443000,0.0,0.0,4432.35009765625,,358.6935119628906
2021-08-10 04:00:00+00:00,20.27665798218684,20.384416814272807,19.79074316245495,19.89151954650879,179238000,0.0,0.0,4436.75,,356.85498046875
2021-08-11 04:00:00+00:00,19.9982710212323,20.0042581491868,19.3866400361588,19.655038833618164,185925000,0.0,0.0,4442.41015625,,356.2420959472656
2021-08-12 04:00:00+00:00,19.825660607005055,19.984304288652414,19.576218486098607,19.86058235168457,151652000,0.0,0.0,4460.830078125,,357.52618408203125
2021-08-13 04:00:00+00:00,19.860582533688213,20.168893013178696,19.806702182493282,20.1429500579834,183063000,0.0,0.0,4468.0,,358.7810363769531
2021-08-16 04:00:00+00:00,20.09006989391872,20.241731139141816,19.40959063441719,19.90548324584961,210876000,0.0,0.0,4479.7099609375,,358.93670654296875
2021-08-17 04:00:00+00:00,19.641066333534415,19.725877619491857,19.22399995991957,19.414573669433594,204585000,0.0,0.0,4448.080078125,,355.775146484375
2021-08-18 04:00:00+00:00,19.456487359207824,19.59018912572773,18.957603067946085,18.997514724731445,285913000,0.0,0.0,4400.27001953125,,352.3509216308594
2021-08-19 04:00:00+00:00,19.45049795314663,20.449265542336242,18.720131086069024,19.753820419311523,766555000,0.0,0.0,4405.7998046875,,354.0533142089844
2021-08-20 04:00:00+00:00,19.946392332251655,20.818442681603692,19.888523090251827,20.76955223083496,675741000,0.0,0.0,4441.669921875,,357.7206726074219
2021-08-23 04:00:00+00:00,20.924201575683597,21.947911015070833,20.903248530842916,21.908998489379883,575807000,0.0,0.0,4479.52978515625,,363.0710754394531
2021-08-24 04:00:00+00:00,21.704455946330775,21.909995609508034,21.486942027246627,21.744365692138672,297299000,0.0,0.0,4486.22998046875,,364.17999267578125
2021-08-25 04:00:00+00:00,21.68849539272734,22.419859572593847,21.673529472839984,22.163433074951172,347701000,0.0,0.0,4496.18994140625,,364.5982971191406
2021-08-26 04:00:00+00:00,22.15046036413365,22.29014733822545,21.741375451642853,22.018754959106445,237940000,0.0,0.0,4470.0,,362.2830505371094
2021-08-27 04:00:00+00:00,22.134496340275508,22.671295897934026,22.1175340779144,22.585487365722656,304722000,0.0,0.0,4509.3701171875,,365.8045349121094
2021-08-30 04:00:00+00:00,22.779052466422176,22.99157648068366,22.500675753070578,22.63736915588379,262580000,0.0,0.0,4528.7900390625,,369.90966796875
2021-08-31 04:00:00+00:00,22.648349605435055,22.648349605435055,22.07453267310366,22.338987350463867,259850000,0.004,0.0,4522.68017578125,,369.60809326171875
2021-09-01 04:00:00+00:00,22.438782848035817,22.650346976918826,22.311045692279038,22.394872665405273,201767000,0.0,0.0,4524.08984375,,370.2209167480469
2021-09-02 04:00:00+00:00,22.471711189943935,22.546557779786212,22.249170019657587,22.34996223449707,187834000,0.0,0.0,4536.9501953125,,370.04583740234375
2021-09-03 04:00:00+00:00,22.279112296634487,22.93875292763135,22.15436923092753,22.79604721069336,280532000,0.0,0.0,4535.43017578125,,371.1839599609375
2021-09-07 04:00:00+00:00,22.78606358536251,22.85192789740587,22.475702069426948,22.615415573120117,198107000,0.0,0.0,4520.02978515625,,371.70928955078125
2021-09-08 04:00:00+00:00,22.46672147869918,22.56352220177863,21.931822107945237,22.293079376220703,254434000,0.0,0.0,4514.06982421875,,370.41546630859375
2021-09-09 04:00:00+00:00,22.26613522548103,22.491670487300535,22.085507536787368,22.131412506103516,196856000,0.0,0.0,4493.27978515625,,369.1411437988281
2021-09-10 04:00:00+00:00,22.302061280830465,22.579489705395595,22.224222499927517,22.431795120239258,248376000,0.0,0.0,4458.580078125,,366.3395080566406
2021-09-13 04:00:00+00:00,22.637370386299374,22.916795498614167,21.813068113227185,22.106464385986328,297500000,0.0,0.0,4468.72998046875,,366.08660888671875
2021-09-14 04:00:00+00:00,22.229212641217604,22.363935372792017,22.040601959070237,22.19628143310547,199755000,0.0,0.0,4443.0498046875,,365.0458068847656
2021-09-15 04:00:00+00:00,22.263140654637013,22.321021990703297,21.920845329366998,22.295074462890625,166538000,0.0,0.0,4480.7001953125,,367.759765625
2021-09-16 04:00:00+00:00,22.13740269427345,22.231209337206835,21.881928392765175,22.19628143310547,156033000,0.0,0.0,4473.75,,368.0126953125
2021-09-17 04:00:00+00:00,22.25415782047423,22.275114560061212,21.785124670126727,21.85498046875,294503000,0.0,0.0,4432.990234375,,363.6546630859375
2021-09-20 04:00:00+00:00,21.10253608560718,21.388946836044816,20.619531653010185,21.069604873657227,349440000,0.0,0.0,4357.72998046875,,356.140380859375
2021-09-21 04:00:00+00:00,21.372973831688537,21.380956807798107,20.906934767163182,21.20232582092285,204688000,0.0,0.0,4354.18994140625,,356.57861328125
2021-09-22 04:00:00+00:00,21.32208186520741,21.91486077380473,21.15243122045159,21.89590072631836,268726000,0.0,0.0,4395.64013671875,,359.90924072265625
2021-09-23 04:00:00+00:00,22.094485487203986,22.48867392993623,21.844999420172584,22.43578338623047,248555000,0.0,0.0,4448.97998046875,,363.2301330566406
2021-09-24 04:00:00+00:00,22.02463694288499,22.103475038068282,21.81606688764935,22.035614013671875,217655000,0.0,0.0,4455.47998046875,,363.5709533691406
2021-09-27 04:00:00+00:00,21.665371157592627,21.75418890615817,21.28116425373178,21.615474700927734,245215000,0.0,0.0,4443.10986328125,,360.6688232421875
2021-09-28 04:00:00+00:00,21.17039292521659,21.374971448404203,20.608548606029547,20.656450271606445,343069000,0.0,0.0,4352.6298828125,,350.4627685546875
2021-09-29 04:00:00+00:00,20.896959603658967,20.97380099971787,20.42493035007335,20.474828720092773,218394000,0.0,0.0,4359.4599609375,,349.88818359375
2021-09-30 04:00:00+00:00,20.725307380902738,21.022695124605836,20.645471911080165,20.67341423034668,221009000,0.0,0.0,4307.5400390625,,348.6026916503906
2021-10-01 04:00:00+00:00,20.707348593286746,20.816123798789594,20.161472062841753,20.699365615844727,240978000,0.0,0.0,4357.0400390625,,350.7646484375
2021-10-04 04:00:00+00:00,20.461851089635363,20.499773082317855,19.514802475612257,19.691438674926758,345635000,0.0,0.0,4300.4599609375,,343.4022521972656
2021-10-05 04:00:00+00:00,19.9089926262976,20.605557809774158,19.813189288670248,20.40896224975586,279282000,0.0,0.0,4345.72021484375,,348.0379333496094
2021-10-06 04:00:00+00:00,20.07864390366975,20.677409072761147,20.038725210568696,20.657451629638672,297202000,0.0,0.0,4363.5498046875,,350.26800537109375
2021-10-07 04:00:00+00:00,21.048642502901718,21.27817116327567,20.928890239898514,21.031679153442383,256919000,0.0,0.0,4399.759765625,,353.481689453125
2021-10-08 04:00:00+00:00,21.057624845328608,21.162408551642596,20.73229475421555,20.788179397583008,151258000,0.0,0.0,4391.33984375,,351.7190246582031
2021-10-11 04:00:00+00:00,20.532707830127908,21.019703686500428,20.46883830414969,20.6524600982666,163388000,0.0,0.0,4361.18994140625,,349.0214538574219
2021-10-12 04:00:00+00:00,20.785188312861532,21.013717707370695,20.48580570766781,20.628511428833008,162134000,0.0,0.0,4350.64990234375,,347.8041687011719
2021-10-13 04:00:00+00:00,20.87500120476158,20.946853707427614,20.67042266932905,20.895957946777344,180652000,0.0,0.0,4363.7998046875,,350.58929443359375
2021-10-14 04:00:00+00:00,21.24424280701027,21.710281948455567,21.078583653114016,21.70130157470703,243589000,0.0,0.0,4438.259765625,,357.04608154296875
2021-10-15 04:00:00+00:00,21.765169217756938,21.885920792719308,21.6174746181001,21.817062377929688,226994000,0.0,0.0,4471.3701171875,,359.295654296875
2021-10-18 04:00:00+00:00,21.70429374523038,22.245179438302365,21.599508134493956,22.176321029663086,189494000,0.0,0.0,4486.4599609375,,362.9087219238281
2021-10-19 04:00:00+00:00,22.23020761577493,22.33299652432015,21.991700497587633,22.24418067932129,161473000,0.0,0.0,4519.6298828125,,365.6549987792969
2021-10-20 04:00:00+00:00,22.259150122667332,22.38688726459648,21.936814127495424,22.057565689086914,146276000,0.0,0.0,4536.18994140625,,365.177734375
2021-10-21 04:00:00+00:00,22.05158081081339,22.66431908339026,22.037609648043592,22.645357131958008,187590000,0.0,0.0,4549.77978515625,,367.4079284667969
2021-10-22 04:00:00+00:00,22.776087696887597,23.082455872198555,22.51462710104004,22.67928695678711,249384000,0.0,0.0,4544.89990234375,,364.3208312988281
2021-10-25 04:00:00+00:00,22.925775538059284,23.30699025615322,22.72319371456026,23.118379592895508,230235000,0.0,0.0,4566.47998046875,,368.0506896972656
2021-10-26 04:00:00+00:00,23.939692534950368,25.207082591726095,23.874825605142483,24.666194915771484,485898000,0.0,0.0,4574.7900390625,,369.2095947265625
2021-10-27 04:00:00+00:00,24.423698834994163,25.03843197643781,24.232092117928374,24.400745391845703,245990000,0.0,0.0,4551.68017578125,,370.0665588378906
2021-10-28 04:00:00+00:00,24.82686213496586,24.89871463743383,24.472592314193292,24.889732360839844,234204000,0.0,0.0,4596.419921875,,374.17620849609375
2021-10-29 04:00:00+00:00,24.949607826287217,25.65615265639552,24.948610430057254,25.51444435119629,292503000,0.0,0.0,4605.3798828125,,376.016845703125
2021-11-01 04:00:00+00:00,25.596276915985833,25.840772236021916,25.17514348229192,25.773910522460938,265740000,0.0,0.0,4613.669921875,,377.3023376464844
2021-11-02 04:00:00+00:00,25.76892649663861,26.623166086895225,25.74697045110816,26.34673500061035,294112000,0.0,0.0,4630.64990234375,,378.8800048828125
2021-11-03 04:00:00+00:00,26.615177925392462,26.72894390976585,26.18107263291449,26.543325424194336,239910000,0.0,0.0,4660.56982421875,,382.9020080566406
2021-11-04 04:00:00+00:00,27.17302698343725,31.30052452350246,27.06225509891964,29.7397403717041,1153631000,0.0,0.0,4680.06005859375,,387.8103332519531
2021-11-05 04:00:00+00:00,30.124948877614052,31.335454820246646,29.34954562668809,29.69084358215332,851260000,0.0,0.0,4697.52978515625,,388.1803283691406
2021-11-08 05:00:00+00:00,30.08702828256524,31.03607369583626,29.8455251398631,30.74068260192871,503101000,0.0,0.0,4701.7001953125,,387.6544494628906
2021-11-09 05:00:00+00:00,32.21564634517442,32.24358866979207,29.902410166166877,30.593984603881836,646746000,0.0,0.0,4685.25,,384.98614501953125
2021-11-10 05:00:00+00:00,29.29566191648222,30.78659059758432,28.71884893043051,29.398448944091797,636206000,0.0,0.0,4646.7099609375,,379.32794189453125
2021-11-11 05:00:00+00:00,30.405372503422235,30.527121469817228,29.715792890325954,30.327531814575195,332172000,0.0,0.0,4649.27001953125,,380.3797912597656
2021-11-12 05:00:00+00:00,29.948313753728954,30.61693662433334,29.56909378945469,30.327531814575195,413054000,0.0,0.0,4682.85009765625,,384.38238525390625
2021-11-15 05:00:00+00:00,30.48919878124828,30.581008726244367,29.186880973756832,29.963281631469727,384909000,0.0,0.0,4682.7998046875,,384.294677734375
2021-11-16 05:00:00+00:00,29.697833005821565,30.327534638931564,29.64494054309698,30.140918731689453,264484000,0.0,0.0,4700.89990234375,,387.03125
2021-11-17 05:00:00+00:00,30.355474709419386,30.446289165355424,28.740800497149056,29.20085334777832,428508000,0.0,0.0,4688.669921875,,387.2357177734375
2021-11-18 05:00:00+00:00,32.30046694089971,32.69265683604596,31.256615668173605,31.609888076782227,781711000,0.0,0.0,4704.5400390625,,391.2480163574219
2021-11-19 05:00:00+00:00,32.17672282311157,33.01998709870693,31.839418254930216,32.917198181152344,533867000,0.0,0.0,4697.9599609375,,393.4295349121094
2021-11-22 05:00:00+00:00,33.44810439942293,34.57578276040281,31.834429453313092,31.89031410217285,754335000,0.0,0.0,4682.93994140625,,388.862060546875
2021-11-23 05:00:00+00:00,31.470179349441892,32.29348431531338,30.816525023059096,31.68074607849121,532163000,0.0,0.0,4690.7001953125,,387.08966064453125
2021-11-24 05:00:00+00:00,31.39632853521681,32.78746210050022,30.864423237348433,32.606834411621094,435162000,0.0,0.0,4701.4599609375,,388.3362121582031
2021-11-26 05:00:00+00:00,32.53298121073677,32.64275568795271,31.285552794629155,31.4382381439209,283069000,0.0,0.0,4594.6201171875,,380.97381591796875
2021-11-29 05:00:00+00:00,32.29947733857546,33.343325056327004,31.970153780150458,33.30739974975586,454964000,0.0,0.0,4655.27001953125,,389.2418518066406
2021-11-30 05:00:00+00:00,33.100812239560405,33.28443590404543,31.798496565026007,32.60882568359375,622066000,0.0,0.0,4567.0,,383.5253601074219
2021-12-01 05:00:00+00:00,33.154776861217016,33.22464122012574,31.319329740346443,31.374223709106445,484368000,0.004,0.0,4513.0400390625,,377.00048828125
2021-12-02 05:00:00+00:00,31.153653016640646,32.41520919739524,30.96501733909854,32.06388854980469,472890000,0.0,0.0,4577.10009765625,,379.71746826171875
2021-12-03 05:00:00+00:00,31.938133623399295,32.06688583887325,30.07174810217101,30.6336612701416,544325000,0.0,0.0,4538.43017578125,,373.1147766113281
2021-12-06 05:00:00+00:00,29.822233455814413,30.182535611106626,27.983795458648544,29.978931427001953,658938000,0.0,0.0,4591.669921875,,376.10455322265625
2021-12-07 05:00:00+00:00,30.8971555680558,32.38627185620061,30.59174545827344,32.36431121826172,593053000,0.0,0.0,4686.75,,387.43048095703125
2021-12-08 05:00:00+00:00,31.937133093041922,32.22757083379196,31.360249588511806,31.764467239379883,475551000,0.0,0.0,4701.2099609375,,389.1639404296875
2021-12-09 05:00:00+00:00,31.672645621504326,32.142737576964656,30.369170849219458,30.43105125427246,488507000,0.0,0.0,4667.4501953125,,383.43768310546875
2021-12-10 05:00:00+00:00,31.089777075680235,31.244478098261293,29.803269551316273,30.139617919921875,488825000,0.0,0.0,4712.02001953125,,387.6057434082031
2021-12-13 05:00:00+00:00,30.19052047940808,30.23543355753482,28.061642860593963,28.106555938720703,598344000,0.0,0.0,4668.97021484375,,382.006103515625
2021-12-14 05:00:00+00:00,27.645446231268327,28.62255352658214,27.1973149206465,28.28221321105957,667035000,0.0,0.0,4634.08984375,,378.0522766113281
2021-12-15 05:00:00+00:00,28.345091097360005,30.441031340908875,27.784177393279027,30.400110244750977,698297000,0.0,0.0,4709.85009765625,,386.6708068847656
2021-12-16 05:00:00+00:00,31.091772658065082,31.099756612539498,28.038686765312615,28.332117080688477,707366000,0.0,0.0,4668.669921875,,376.7277526855469
2021-12-17 05:00:00+00:00,27.930897709289578,28.866086498078595,27.706332317032363,27.74725341796875,713758000,0.0,0.0,4620.64013671875,,374.8481750488281
2021-12-20 05:00:00+00:00,27.25221181922181,28.089588585739136,27.09252129792592,27.6654109954834,461847000,0.0,0.0,4568.02001953125,,371.2120666503906
2021-12-21 05:00:00+00:00,28.319144340098806,29.063702367832537,27.3480239896124,29.018789291381836,524385000,0.0,0.0,4649.22998046875,,379.5198974609375
2021-12-22 05:00:00+00:00,28.8351458054204,29.497861653248666,28.393998983391853,29.34316062927246,395184000,0.0,0.0,4696.56005859375,,384.1419677734375
2021-12-23 05:00:00+00:00,29.697468614565754,30.00088169101399,29.374095654399202,29.582691192626953,343022000,0.0,0.0,4725.7900390625,,387.03790283203125
2021-12-27 05:00:00+00:00,29.602654581173876,31.026895635110456,29.582692792715033,30.885169982910156,403686000,0.0,0.0,4791.18994140625,,393.4346008300781
2021-12-28 05:00:00+00:00,31.25146195093205,31.26942679962951,29.953974216379613,30.263376235961914,420591000,0.0,0.0,4786.35009765625,,391.6111755371094
2021-12-29 05:00:00+00:00,30.214474295872787,30.48894226101068,29.30922629538712,29.9429988861084,343139000,0.0,0.0,4793.06005859375,,391.552734375
2021-12-30 05:00:00+00:00,29.769330409557224,30.398113396990578,29.482886560839695,29.528797149658203,308864000,0.0,0.0,4778.72998046875,,390.3825988769531
2021-12-31 05:00:00+00:00,29.616629435851035,29.97194206030295,29.274292165132447,29.354137420654297,266530000,0.0,0.0,4766.18017578125,,387.9447937011719
2022-01-03 05:00:00+00:00,29.75735697767053,30.651624582903967,29.727414293582168,30.06276512145996,391547000,0.0,0.0,4796.56005859375,,391.6794738769531
2022-01-04 05:00:00+00:00,30.218468899947393,30.40909964332839,28.29419661402898,29.23337745666504,527154000,0.0,0.0,4793.5400390625,,386.59918212890625
2022-01-05 05:00:00+00:00,28.893029463658266,29.359127526177748,27.479768693565187,27.550630569458008,498064000,0.0,0.0,4700.580078125,,374.722412109375
2022-01-06 05:00:00+00:00,27.586559964920273,28.38301743954945,27.01267281731573,28.123519897460938,454186000,0.0,0.0,4696.0498046875,,374.4591064453125
2022-01-07 05:00:00+00:00,28.086595203604723,28.367052077902994,27.004689383729875,27.19432258605957,409939000,0.0,0.0,4677.02978515625,,370.4027099609375
2022-01-10 05:00:00+00:00,26.529606264497083,27.415889845673522,25.594417635721964,27.347023010253906,594681000,0.0,0.0,4670.2900390625,,370.6463928222656
2022-01-11 05:00:00+00:00,27.27017541907624,28.010741462593767,26.787111899859354,27.763219833374023,404089000,0.0,0.0,4713.06982421875,,376.21435546875
2022-01-12 05:00:00+00:00,28.012735506788296,28.539714564955542,27.554623289676226,27.944868087768555,383413000,0.0,0.0,4726.35009765625,,377.7061767578125
2022-01-13 05:00:00+00:00,28.324133734411912,28.424938300544927,26.44676981062193,26.523622512817383,540171000,0.0,0.0,4659.02978515625,,368.2574462890625
2022-01-14 05:00:00+00:00,26.249150789783805,27.144417793034062,26.15932464358932,26.889909744262695,395832000,0.0,0.0,4662.85009765625,,370.54901123046875
2022-01-18 05:00:00+00:00,26.209234546842218,26.586504058305138,25.72018204047513,25.852924346923828,424270000,0.0,0.0,4577.10986328125,,361.32452392578125
2022-01-19 05:00:00+00:00,26.02858007768311,26.49168179020978,25.003565223757168,25.018535614013672,488315000,0.0,0.0,4532.759765625,,357.3558349609375
2022-01-20 05:00:00+00:00,25.25507979883061,25.529547751569282,24.031448328745114,24.103309631347656,435181000,0.0,0.0,4482.72998046875,,352.7143859863281
2022-01-21 05:00:00+00:00,23.46155010178448,24.775005651877514,23.21802238406454,23.328807830810547,718958000,0.0,0.0,4397.93994140625,,342.93408203125
2022-01-24 05:00:00+00:00,22.286829332930466,23.33479860637558,20.847617715138355,23.326814651489258,913982000,0.0,0.0,4410.1298828125,,344.50396728515625
2022-01-25 05:00:00+00:00,22.502414696970085,22.898648499905033,21.957470669729386,22.28084373474121,664616000,0.0,0.0,4356.4501953125,,336.5179138183594
2022-01-26 05:00:00+00:00,23.19507150485748,24.010491492410896,22.25688820809312,22.727975845336914,755959000,0.0,0.0,4349.93017578125,,335.99127197265625
2022-01-27 05:00:00+00:00,23.522437945377376,23.948612493124184,21.633096035086837,21.90157699584961,573353000,0.0,0.0,4326.509765625,,332.607666015625
2022-01-28 05:00:00+00:00,21.96944289295478,22.81380797435671,21.25482754600818,22.79584312438965,543774000,0.0,0.0,4431.85009765625,,343.04132080078125
2022-01-31 05:00:00+00:00,23.137181729796545,24.46161782547409,23.00743389482427,24.438661575317383,564680000,0.0,0.0,4515.5498046875,,354.01116943359375
2022-02-01 05:00:00+00:00,25.0554650218014,25.0963861195441,23.843811420300632,24.59036636352539,518925000,0.0,0.0,4546.5400390625,,356.4197082519531
2022-02-02 05:00:00+00:00,25.744137845747257,25.767092196208253,24.505535714992302,25.193204879760742,543419000,0.0,0.0,4589.3798828125,,359.3157043457031
2022-02-03 05:00:00+00:00,24.410715212297134,25.02851797372646,23.734026501108175,23.901700973510742,410178000,0.0,0.0,4477.43994140625,,344.74774169921875
2022-02-04 05:00:00+00:00,23.925651076488982,24.587369295180423,23.586308302613325,24.27198028564453,354829000,0.0,0.0,4500.52978515625,,349.09674072265625
2022-02-07 05:00:00+00:00,24.324880318773864,25.133313778359717,24.155208910844877,24.680192947387695,376868000,0.0,0.0,4483.8701171875,,346.28839111328125
2022-02-08 05:00:00+00:00,24.31190344360398,25.18121973728533,23.933636493420686,25.05945587158203,410359000,0.0,0.0,4521.5400390625,,350.1791076660156
2022-02-09 05:00:00+00:00,25.57246170515625,26.673329784734484,25.303982693125686,26.65336799621582,524282000,0.0,0.0,4587.18017578125,,357.5996398925781
2022-02-10 05:00:00+00:00,25.944745396249605,26.872945852936223,25.55050858235371,25.77407455444336,513200000,0.0,0.0,4504.080078125,,349.50616455078125
2022-02-11 05:00:00+00:00,25.865896651576726,26.10144045086066,23.727040089477473,23.902698516845703,605472000,0.0,0.0,4418.64013671875,,338.4193115234375
2022-02-14 05:00:00+00:00,23.887726864389506,24.826907552973196,23.709072083831487,24.220083236694336,440424000,0.0,0.0,4401.669921875,,338.838623046875
2022-02-15 05:00:00+00:00,24.900760999076507,26.493675834160015,24.73608101327577,26.44377326965332,699869000,0.0,0.0,4471.06982421875,,347.2635192871094
2022-02-16 05:00:00+00:00,26.20823747894263,26.53061301704798,25.502603504153953,26.459749221801758,732676000,0.0,0.0,4475.009765625,,347.1758117675781
2022-02-17 05:00:00+00:00,25.580445575519956,25.73514658054274,24.118279789032503,24.459617614746094,810595000,0.0,0.0,4380.259765625,,336.84942626953125
2022-02-18 05:00:00+00:00,24.620305983753607,24.93769195223297,23.05533867775434,23.596290588378906,761255000,0.0,0.0,4348.8701171875,,333.0075378417969
2022-02-22 05:00:00+00:00,22.990464861191477,24.017474761924387,22.955532681143488,23.344778060913086,633422000,0.0,0.0,4304.759765625,,329.6628723144531
2022-02-23 05:00:00+00:00,23.755982820677037,24.10830099326957,22.257885303841995,22.343717575073242,566511000,0.0,0.0,4225.5,,321.218505859375
2022-02-24 05:00:00+00:00,20.974371284148294,23.753986916908737,20.849612945501377,23.70208740234375,735801000,0.0,0.0,4288.7001953125,,332.012939453125
2022-02-25 05:00:00+00:00,23.67514026050262,24.17017971684617,23.335797438813806,24.11029624938965,528866000,0.0,0.0,4384.64990234375,,337.1614074707031
2022-02-28 05:00:00+00:00,23.945616436590047,24.61731564927492,23.661167584235766,24.33785629272461,477319000,0.0,0.0,4373.93994140625,,338.1657409667969
2022-03-01 05:00:00+00:00,24.24403349765344,24.32986765752615,23.087274038657856,23.43160629272461,412056000,0.0,0.0,4306.259765625,,332.988037109375
2022-03-02 05:00:00+00:00,23.714109379928413,24.36595776316323,23.37371109259494,24.177289962768555,389642000,0.004,0.0,4386.5400390625,,338.5753479003906
2022-03-03 05:00:00+00:00,24.219216091275733,24.28310431664372,23.42761517996613,23.672183990478516,365095000,0.0,0.0,4363.490234375,,333.7388610839844
2022-03-04 05:00:00+00:00,23.342769336842796,23.63824694769257,22.442359346497184,22.895559310913086,431415000,0.0,0.0,4328.8701171875,,328.90228271484375
2022-03-07 05:00:00+00:00,22.77676506442822,22.992385688642184,21.292387654278762,21.314348220825195,450821000,0.0,0.0,4201.08984375,,316.7720031738281
2022-03-08 05:00:00+00:00,21.271424341879477,22.33354729257822,20.613586007361604,21.476062774658203,557467000,0.0,0.0,4170.7001953125,,315.2996826171875
2022-03-09 05:00:00+00:00,22.347525831099777,23.179057248104534,22.207773291766387,22.973421096801758,492742000,0.0,0.0,4277.8798828125,,326.6497802734375
2022-03-10 05:00:00+00:00,22.49127084816649,22.7478176453068,21.843415073164238,22.6180477142334,428066000,0.0,0.0,4259.52001953125,,323.0224304199219
2022-03-11 05:00:00+00:00,22.981404553858948,23.104188764046526,22.00712570703421,22.061031341552734,367209000,0.0,0.0,4204.31005859375,,316.32354736328125
2022-03-14 04:00:00+00:00,21.83043806016922,22.22274473627401,21.12169091105155,21.292388916015625,385354000,0.0,0.0,4173.10986328125,,310.24859619140625
2022-03-15 04:00:00+00:00,21.48005697889036,22.997377221162406,21.284403438506185,22.932491302490234,491996000,0.0,0.0,4262.4501953125,,319.9801025390625
2022-03-16 04:00:00+00:00,23.45856243097872,24.553628211845854,23.131141677093435,24.45280647277832,671422000,0.0,0.0,4357.85986328125,,331.84716796875
2022-03-17 04:00:00+00:00,24.077471154131192,24.798196302698308,23.863847789795177,24.722332000732422,471941000,0.0,0.0,4411.669921875,,335.86456298828125
2022-03-18 04:00:00+00:00,24.755270261820684,26.5221495744112,24.5805796111346,26.406352996826172,730719000,0.0,0.0,4463.1201171875,,342.7389831542969
2022-03-21 04:00:00+00:00,26.46026011637226,27.10412324336721,25.92121138568289,26.686859130859375,591727000,0.0,0.0,4461.18017578125,,341.7861633300781
2022-03-22 04:00:00+00:00,26.679867392282006,27.18996785031838,26.026023674593535,26.47722625732422,547007000,0.0,0.0,4511.60986328125,,348.5031433105469
2022-03-23 04:00:00+00:00,26.079929619211555,26.56507268180156,25.529902546610163,25.58879852294922,502120000,0.0,0.0,4456.240234375,,343.4947204589844
2022-03-24 04:00:00+00:00,26.11986190750109,28.270063093192512,25.86131782488274,28.10036277770996,877379000,0.0,0.0,4520.16015625,,351.12939453125
2022-03-25 04:00:00+00:00,27.836831402895648,28.307999299732625,27.222915992361493,27.643173217773438,579016000,0.0,0.0,4543.06005859375,,350.8365783691406
2022-03-28 04:00:00+00:00,27.7070580201299,28.200186425941997,27.158026699534492,28.169240951538086,425494000,0.0,0.0,4575.52001953125,,356.2647705078125
2022-03-29 04:00:00+00:00,28.644403356385414,28.894960233335265,27.93066392483216,28.605472564697266,488984000,0.0,0.0,4631.60009765625,,362.3960876464844
2022-03-30 04:00:00+00:00,28.25409196032564,28.44575284009706,27.454503782301863,27.64117431640625,463487000,0.0,0.0,4602.4501953125,,358.39312744140625
2022-03-31 04:00:00+00:00,27.733014073153115,28.198192021006374,27.22191770517372,27.23788833618164,523440000,0.0,0.0,4530.41015625,,353.95098876953125
2022-04-01 04:00:00+00:00,27.326730894613775,27.447517830165626,26.220684779158603,26.664899826049805,517235000,0.0,0.0,4545.85986328125,,353.2773132324219
2022-04-04 04:00:00+00:00,26.680872446951916,27.509408871839586,26.566075449381483,27.311758041381836,397120000,0.0,0.0,4582.64013671875,,360.55084228515625
2022-04-05 04:00:00+00:00,27.205941957892414,27.270827874661148,25.774470555611817,25.88527488708496,436615000,0.0,0.0,4525.1201171875,,352.54510498046875
2022-04-06 04:00:00+00:00,24.89003527746439,25.255389153160042,23.960677101781798,24.363964080810547,703833000,0.0,0.0,4481.14990234375,,344.8908386230469
2022-04-07 04:00:00+00:00,24.397904594724462,24.6784092608977,23.436603251438946,24.165315628051758,557992000,0.0,0.0,4500.2099609375,,345.7109680175781
2022-04-08 04:00:00+00:00,23.874826939519217,23.88081687759532,23.021335019105305,23.07823371887207,524781000,0.0,0.0,4488.27978515625,,340.878173828125
2022-04-11 04:00:00+00:00,22.174828362922163,22.280640436406088,21.62180443778006,21.87835121154785,575207000,0.0,0.0,4412.52978515625,,332.8138427734375
2022-04-12 04:00:00+00:00,22.497259071532707,22.684927279513232,21.244471063259667,21.466079711914062,662258000,0.0,0.0,4397.4501953125,,331.407958984375
2022-04-13 04:00:00+00:00,21.689691694090794,22.460329930178133,21.417172308372653,22.16385269165039,516943000,0.0,0.0,4446.58984375,,338.14453125
2022-04-14 04:00:00+00:00,22.465317170334803,22.736838829968864,21.125684399232618,21.220516204833984,569097000,0.0,0.0,4392.58984375,,330.412109375
2022-04-18 04:00:00+00:00,21.162616730014566,22.049049416277743,21.041829811732452,21.74458885192871,525701000,0.0,0.0,4391.68994140625,,330.666015625
2022-04-19 04:00:00+00:00,21.681701448367473,22.33354992197156,21.276417192204843,22.158859252929688,512781000,0.0,0.0,4462.2099609375,,338.0566711425781
2022-04-20 04:00:00+00:00,22.477293204743273,22.630023279185664,21.16261619627235,21.44411849975586,468974000,0.0,0.0,4459.4501953125,,333.1263122558594
2022-04-21 04:00:00+00:00,21.670719581173074,22.352515792807566,19.964733471590826,20.147411346435547,656209000,0.0,0.0,4393.66015625,,326.2336120605469
2022-04-22 04:00:00+00:00,20.267197567812772,20.44987543262351,19.465614065609277,19.480587005615234,624713000,0.0,0.0,4271.77978515625,,317.69091796875
2022-04-25 04:00:00+00:00,19.1681425122934,19.90983247795217,19.062330417825684,19.86690902709961,641566000,0.0,0.0,4296.1201171875,,321.77178955078125
2022-04-26 04:00:00+00:00,19.683231811083985,19.753108075976066,18.63707940645143,18.754871368408203,653143000,0.0,0.0,4175.2001953125,,309.6265869140625
2022-04-27 04:00:00+00:00,18.56520619274725,19.133203133217663,18.25775062172566,18.382530212402344,499460000,0.0,0.0,4183.9599609375,,309.2555236816406
2022-04-28 04:00:00+00:00,18.933552723499567,20.001667489116333,18.45739457929483,19.747116088867188,570327000,0.0,0.0,4287.5,,320.2390441894531
2022-04-29 04:00:00+00:00,19.367789431189383,20.092509128467537,18.484349698064364,18.514297485351562,500435000,0.0,0.0,4131.93017578125,,305.8287353515625
2022-05-02 04:00:00+00:00,18.508304867075665,19.539482298603552,18.358569760292387,19.49855613708496,572049000,0.0,0.0,4155.3798828125,,310.9348449707031
2022-05-03 04:00:00+00:00,19.36578895282095,19.790040634737174,19.09925959232835,19.567432403564453,475751000,0.0,0.0,4175.47998046875,,311.26678466796875
2022-05-04 04:00:00+00:00,19.887866961396114,20.3640250760324,18.717932850721336,20.298141479492188,648855000,0.0,0.0,4300.169921875,,321.7913818359375
2022-05-05 04:00:00+00:00,19.83196677519654,19.88986315661059,18.46737678729166,18.81077003479004,626331000,0.0,0.0,4146.8701171875,,305.5845947265625
2022-05-06 04:00:00+00:00,18.702964035272345,19.477594833502064,17.95827912135431,18.642070770263672,633297000,0.0,0.0,4123.33984375,,301.92352294921875
2022-05-09 04:00:00+00:00,18.00220284256642,18.222811941526615,16.79733029414801,16.920114517211914,644455000,0.0,0.0,3991.239990234375,,290.11016845703125
2022-05-10 04:00:00+00:00,17.657812330043136,18.165915707053408,16.994983446576878,17.56397819519043,761474000,0.0,0.0,4001.050048828125,,293.6346740722656
2022-05-11 04:00:00+00:00,17.316408281522722,17.721692428111286,16.538782736450106,16.600671768188477,670167000,0.0,0.0,3935.179931640625,,284.92596435546875
2022-05-12 04:00:00+00:00,16.19040360695308,16.758400627921947,15.539553695242823,16.146480560302734,708728000,0.0,0.0,3930.080078125,,284.25225830078125
2022-05-13 04:00:00+00:00,16.758393829026467,17.89638278631906,16.563738023593256,17.674774169921875,670437000,0.0,0.0,4023.889892578125,,294.7866516113281
2022-05-16 04:00:00+00:00,17.478125554261457,17.75663289781755,17.07583632290922,17.233556747436523,521446000,0.0,0.0,4008.010009765625,,291.3695983886719
2022-05-17 04:00:00+00:00,18.042126144063122,18.338603271908426,17.602903449160152,18.14494514465332,585830000,0.0,0.0,4088.85009765625,,298.9164733886719
2022-05-18 04:00:00+00:00,17.673780282023053,18.08605213605823,16.834263633079882,16.908132553100586,545161000,0.0,0.0,3923.679931640625,,284.2425231933594
2022-05-19 04:00:00+00:00,16.90713855438355,17.65581622517278,16.70449544428689,17.093809127807617,621310000,0.0,0.0,3900.7900390625,,282.71942138671875
2022-05-20 04:00:00+00:00,17.30143569024576,17.37929725353171,15.727216118212382,16.664560317993164,739105000,0.0,0.0,3901.360107421875,,281.8407897949219
2022-05-23 04:00:00+00:00,16.245303880807757,16.885174338377944,16.150472081742095,16.86820411682129,639889000,0.0,0.0,3973.75,,286.5270690917969
2022-05-24 04:00:00+00:00,16.480886198685138,16.567732674703276,15.752172998727668,16.125513076782227,588550000,0.0,0.0,3941.47998046875,,280.43499755859375
2022-05-25 04:00:00+00:00,15.991752387255069,17.08082823067403,15.971787196303193,16.945068359375,781132000,0.0,0.0,3978.72998046875,,284.3597106933594
2022-05-26 04:00:00+00:00,16.00772274521179,18.06009712140226,15.993747492579688,17.819522857666016,996575000,0.0,0.0,4057.840087890625,,292.23846435546875
2022-05-27 04:00:00+00:00,18.15393407231878,18.84770829801262,18.068085271445213,18.77783203125,738379000,0.0,0.0,4158.240234375,,301.7770080566406
2022-05-31 04:00:00+00:00,18.94652985213168,19.16614311852199,18.31764164379846,18.639074325561523,664100000,0.0,0.0,4132.14990234375,,300.9764709472656
2022-06-01 04:00:00+00:00,18.690981817760978,19.01940020610704,18.09004223537034,18.28769302368164,544514000,0.0,0.0,4101.22998046875,,298.75054931640625
2022-06-02 04:00:00+00:00,18.259747943212208,19.584407883815693,18.165913818116607,19.55745506286621,648656000,0.0,0.0,4176.81982421875,,306.9319152832031
2022-06-03 04:00:00+00:00,19.048355791835018,19.297914997640287,18.489341799961554,18.686992645263672,598779000,0.0,0.0,4108.5400390625,,298.94573974609375
2022-06-06 04:00:00+00:00,19.105254520476123,19.302905366003518,18.53126758487554,18.75287628173828,422406000,0.0,0.0,4121.43017578125,,299.94158935546875
2022-06-07 04:00:00+00:00,18.439425936365755,18.966494720425693,18.155926356094692,18.89262580871582,388914000,0.0,0.0,4160.68017578125,,302.5288391113281
2022-06-08 04:00:00+00:00,18.76981563316662,19.150224674884743,18.50622553593558,18.619050979614258,363252000,0.004,0.0,4115.77001953125,,300.3515930175781
2022-06-09 04:00:00+00:00,18.45231558845677,18.903613680842092,18.0129980018534,18.019987106323242,395574000,0.0,0.0,4017.820068359375,,292.30682373046875
2022-06-10 04:00:00+00:00,17.572680551655733,17.669530104023234,16.842814357055154,16.94765281677246,465248000,0.0,0.0,3900.860107421875,,281.9970703125
2022-06-13 04:00:00+00:00,15.975161925630958,16.28667785741259,15.581773509889441,15.622710227966309,604153000,0.0,0.0,3749.6298828125,,268.8851318359375
2022-06-14 04:00:00+00:00,15.706581027600341,16.041061051837058,15.388075961207294,15.811418533325195,469680000,0.0,0.0,3735.47998046875,,269.37335205078125
2022-06-15 04:00:00+00:00,16.070016042814906,16.841816878842977,15.901278698602091,16.501346588134766,563936000,0.0,0.0,3789.989990234375,,276.10003662109375
2022-06-16 04:00:00+00:00,15.835380972284335,15.917254419069693,15.377093820674675,15.576783180236816,545749000,0.0,0.0,3666.77001953125,,264.96044921875
2022-06-17 04:00:00+00:00,15.623708384885509,15.970169836744422,15.30420544580371,15.855348587036133,630334000,0.0,0.0,3674.840087890625,,268.1822204589844
2022-06-21 04:00:00+00:00,16.449422969246076,16.98159452777169,16.381527746914113,16.540281295776367,483089000,0.0,0.0,3764.7900390625,,274.9483642578125
2022-06-22 04:00:00+00:00,16.200811500397187,16.63613550115512,16.154883380504458,16.334604263305664,437135000,0.0,0.0,3759.889892578125,,274.5473327636719
2022-06-23 04:00:00+00:00,16.493356178297404,16.559253709347978,15.828390615966093,16.199813842773438,463680000,0.0,0.0,3795.72998046875,,278.63616943359375
2022-06-24 04:00:00+00:00,16.47438527374452,17.11339112344329,16.28467969796983,17.09941291809082,472153000,0.0,0.0,3911.739990234375,,288.1832580566406
2022-06-27 04:00:00+00:00,17.285126608804937,17.303098316739902,16.60019067372971,16.84281349182129,427968000,0.0,0.0,3900.110107421875,,286.07037353515625
2022-06-28 04:00:00+00:00,16.873764714738712,17.175295947359764,15.920247295866085,15.95719051361084,461149000,0.0,0.0,3821.550048828125,,277.354736328125
2022-06-29 04:00:00+00:00,15.789452817507586,15.795443069795565,15.146452414426411,15.517874717712402,482352000,0.0,0.0,3818.830078125,,277.6089782714844
2022-06-30 04:00:00+00:00,15.337154575237786,15.542835120873681,14.838929596334417,15.135468482971191,686070000,0.0,0.0,3785.3798828125,,274.16583251953125
2022-07-01 04:00:00+00:00,14.875871620652088,15.039616592506377,14.369658695440403,14.500454902648926,577610000,0.0,0.0,3825.330078125,,275.97552490234375
2022-07-05 04:00:00+00:00,14.152997214317173,14.94776116044216,14.033183597161376,14.94077205657959,651397000,0.0,0.0,3831.389892578125,,280.7000732421875
2022-07-06 04:00:00+00:00,14.986701312141356,15.295221689457538,14.766043683803519,15.106514930725098,529066000,0.0,0.0,3845.080078125,,282.4999694824219
2022-07-07 04:00:00+00:00,15.432009966052165,15.920250321969826,15.365113573042285,15.833385467529297,492903000,0.0,0.0,3902.6201171875,,288.5451965332031
2022-07-08 04:00:00+00:00,15.406048858995538,16.012106984675512,15.365112136209438,15.81341552734375,467972000,0.0,0.0,3899.3798828125,,288.9071044921875
2022-07-11 04:00:00+00:00,15.50189899317143,15.502897844600374,15.014656599989385,15.128479957580566,437321000,0.0,0.0,3854.429931640625,,282.7347412109375
2022-07-12 04:00:00+00:00,15.244299171117744,15.40704625326835,14.853906325120404,15.058588027954102,458483000,0.0,0.0,3818.800048828125,,279.9957580566406
2022-07-13 04:00:00+00:00,14.567353481526045,15.351134848256727,14.442547507149973,15.140461921691895,521918000,0.0,0.0,3801.780029296875,,279.41864013671875
2022-07-14 04:00:00+00:00,15.08454678517,15.448979946164094,14.705136566748275,15.348136901855469,456235000,0.0,0.0,3790.3798828125,,280.41644287109375
2022-07-15 04:00:00+00:00,15.63469281563619,15.757501074374188,15.421024308590031,15.737532615661621,385935000,0.0,0.0,3863.159912109375,,285.50299072265625
2022-07-18 04:00:00+00:00,16.276696063894367,16.870771818679195,15.977162485969991,16.076007843017578,670517000,0.0,0.0,3830.85009765625,,283.0869140625
2022-07-19 04:00:00+00:00,16.46040880264038,17.083440714371143,16.146897048307313,16.96562385559082,702366000,0.0,0.0,3936.68994140625,,291.792724609375
2022-07-20 04:00:00+00:00,16.92069597381479,17.905165600723322,16.774922681217973,17.779359817504883,760538000,0.0,0.0,3959.89990234375,,296.4194641113281
2022-07-21 04:00:00+00:00,17.857239294768945,18.11583614993519,17.517766887314608,18.021982192993164,557049000,0.0,0.0,3998.949951171875,,300.6746520996094
2022-07-22 04:00:00+00:00,17.86522652815311,17.939111072810018,17.11039945674806,17.292118072509766,536671000,0.0,0.0,3961.6298828125,,295.4022216796875
2022-07-25 04:00:00+00:00,16.992582454358388,17.09742092220505,16.623157829488665,16.997575759887695,480748000,0.0,0.0,3966.840087890625,,293.7197265625
2022-07-26 04:00:00+00:00,16.86278591155121,16.892740033046326,16.452424540325435,16.507339477539062,397865000,0.0,0.0,3921.050048828125,,287.9483947753906
2022-07-27 04:00:00+00:00,17.005557952659736,17.908155755576903,16.886743214352247,17.76238250732422,569776000,0.0,0.0,4023.610107421875,,300.1170654296875
2022-07-28 04:00:00+00:00,17.947096489128917,18.111839357420962,17.4129271606502,17.95608139038086,474646000,0.0,0.0,4072.429931640625,,303.0516662597656
2022-07-29 04:00:00+00:00,17.785348603490437,18.21567931837126,17.664536142339635,18.13480567932129,435460000,0.0,0.0,4130.2900390625,,308.578369140625
2022-08-01 04:00:00+00:00,18.15377951960492,18.81675040946891,17.96207808023096,18.412378311157227,476469000,0.0,0.0,4118.6298828125,,308.39251708984375
2022-08-02 04:00:00+00:00,18.09387162144665,18.90860504923339,18.063917500461706,18.497243881225586,489527000,0.0,0.0,4091.18994140625,,307.4729919433594
2022-08-03 04:00:00+00:00,18.155771359130984,18.938554681641246,18.10884343781565,18.863670349121094,418146000,0.0,0.0,4155.169921875,,315.8463134765625
2022-08-04 04:00:00+00:00,18.81974007621488,19.244079552001388,18.730877537420913,19.185171127319336,409652000,0.0,0.0,4151.93994140625,,317.32342529296875
2022-08-05 04:00:00+00:00,18.78080304823543,19.199153311398565,18.63702746035856,18.95952606201172,386068000,0.0,0.0,4145.18994140625,,314.7311706542969
2022-08-08 04:00:00+00:00,17.474832214042483,18.2106876713627,17.215235587063688,17.765378952026367,981859000,0.0,0.0,4140.06005859375,,313.7138366699219
2022-08-09 04:00:00+00:00,17.225223378384737,17.419920407402213,16.69804302742487,17.059480667114258,668263000,0.0,0.0,4122.47021484375,,310.16302490234375
2022-08-10 04:00:00+00:00,17.670526014260716,18.089874092763363,17.290116951299066,18.068906784057617,597422000,0.0,0.0,4210.240234375,,318.8200378417969
2022-08-11 04:00:00+00:00,18.10285603043002,18.677962127300052,17.848250796763534,17.914148330688477,509327000,0.0,0.0,4207.27001953125,,317.0102844238281
2022-08-12 04:00:00+00:00,18.13181260063338,18.688947058394234,17.925133166712452,18.679960250854492,478094000,0.0,0.0,4280.14990234375,,323.18267822265625
2022-08-15 04:00:00+00:00,18.67197109315223,19.134251734089823,18.584108348581022,19.002456665039062,457666000,0.0,0.0,4297.14013671875,,325.79443359375
2022-08-16 04:00:00+00:00,18.890633841490313,19.112289391272842,18.472283557883394,18.84969711303711,451240000,0.0,0.0,4305.2001953125,,325.0314636230469
2022-08-17 04:00:00+00:00,18.494249352454208,18.658992249502052,18.116835824302285,18.30653953552246,446799000,0.0,0.0,4274.0400390625,,321.3241882324219
2022-08-18 04:00:00+00:00,18.272594646326187,18.835718409468257,18.15477776988283,18.74386215209961,415447000,0.0,0.0,4283.740234375,,322.096923828125
2022-08-19 04:00:00+00:00,18.37742938799248,18.491252751209018,17.742416940160584,17.8212947845459,441588000,0.0,0.0,4228.47998046875,,315.8169860839844
2022-08-22 04:00:00+00:00,17.462854274166467,17.530749526436782,16.939667385058787,17.0075626373291,409593000,0.0,0.0,4137.990234375,,307.5024108886719
2022-08-23 04:00:00+00:00,16.962627909583983,17.437888836392574,16.94365639819852,17.154329299926758,369986000,0.0,0.0,4128.72998046875,,307.2480163574219
2022-08-24 04:00:00+00:00,16.985595480724132,17.378984974458614,16.868778397240728,17.195270538330078,522661000,0.0,0.0,4140.77001953125,,308.1381530761719
2022-08-25 04:00:00+00:00,16.817855675931728,17.919144309263267,16.806873069370276,17.885196685791016,770691000,0.0,0.0,4199.1201171875,,313.5867004394531
2022-08-26 04:00:00+00:00,17.829283522466564,17.89617896439729,16.211797175282506,16.23476219177246,769127000,0.0,0.0,4057.659912109375,,300.7333679199219
2022-08-29 04:00:00+00:00,15.995133924685081,16.312639207198323,15.742526376842438,15.776473045349121,496132000,0.0,0.0,4030.610107421875,,297.7695007324219
2022-08-30 04:00:00+00:00,15.935225659002597,16.014102549024937,15.158433454249854,15.443989753723145,530181000,0.0,0.0,3986.159912109375,,294.45330810546875
2022-08-31 04:00:00+00:00,15.360119797456045,15.51587778140862,14.935779319161014,15.07056999206543,573710000,0.0,0.0,3955.0,,292.7415466308594
2022-09-01 04:00:00+00:00,14.186944285529073,14.3576793375617,13.249402633212377,13.915367126464844,1178865000,0.0,0.0,3966.85009765625,,292.86865234375
2022-09-02 04:00:00+00:00,14.078112245537563,14.149001175520134,13.56990161470963,13.625815391540527,743157000,0.0,0.0,3924.260009765625,,288.7309875488281
2022-09-06 04:00:00+00:00,13.709684383392407,13.75761020490667,13.330274168921454,13.444097518920898,535751000,0.0,0.0,3908.18994140625,,286.6572265625
2022-09-07 04:00:00+00:00,13.545969780215222,13.820625056780996,13.329242241678006,13.69678020477295,512657000,0.004,0.0,3979.8701171875,,292.44805908203125
2022-09-08 04:00:00+00:00,13.442099708429629,13.990411090298151,13.352213517895981,13.972433090209961,624873000,0.0,0.0,4006.179931640625,,293.9642639160156
2022-09-09 04:00:00+00:00,14.139226695921778,14.455829118370323,14.108266429068719,14.368938446044922,486612000,0.0,0.0,4067.360107421875,,300.3909912109375
2022-09-12 04:00:00+00:00,14.350958876155167,14.528734878407432,14.18017310182383,14.486787796020508,484159000,0.0,0.0,4110.41015625,,303.9613342285156
2022-09-13 04:00:00+00:00,13.784669421834586,13.904518628297684,13.082552082468736,13.114511489868164,714956000,0.0,0.0,3932.68994140625,,287.2931213378906
2022-09-14 04:00:00+00:00,13.237359163133265,13.273314216178907,12.896787688730967,13.111517906188965,588507000,0.0,0.0,3946.010009765625,,289.5721740722656
2022-09-15 04:00:00+00:00,12.99865891833725,13.216384660038566,12.77394104372565,12.912766456604004,523625000,0.0,0.0,3901.35009765625,,284.7497863769531
2022-09-16 04:00:00+00:00,12.725999281231072,13.195409360957289,12.60115624585003,13.181427001953125,670751000,0.0,0.0,3873.330078125,,283.00860595703125
2022-09-19 04:00:00+00:00,12.995661877637879,13.44609580364354,12.993664533666465,13.36519718170166,569685000,0.0,0.0,3899.889892578125,,285.2124938964844
2022-09-20 04:00:00+00:00,13.198406839856672,13.46606997721802,13.040605238954448,13.159455299377441,524818000,0.0,0.0,3855.929931640625,,282.9390563964844
2022-09-21 04:00:00+00:00,13.196411314775915,14.013384151989733,13.0935399916861,13.24435043334961,807679000,0.0,0.0,3789.929931640625,,277.8726806640625
2022-09-22 04:00:00+00:00,13.053589709999544,13.132490994300221,12.412396524843558,12.545228958129883,759162000,0.0,0.0,3757.989990234375,,274.45269775390625
2022-09-23 04:00:00+00:00,12.404407857467517,12.595168058509884,12.241612382968274,12.500287055969238,663309000,0.0,0.0,3693.22998046875,,269.9841613769531
2022-09-26 04:00:00+00:00,12.475317729313494,12.643107026349453,12.198665076002735,12.212647438049316,547343000,0.0,0.0,3655.0400390625,,268.86700439453125
2022-09-27 04:00:00+00:00,12.491297003764968,12.720009577879809,12.242610035621365,12.397415161132812,553854000,0.0,0.0,3647.2900390625,,268.974853515625
2022-09-28 04:00:00+00:00,12.394418888771625,12.806900467165594,12.338489441525518,12.720009803771973,542414000,0.0,0.0,3719.0400390625,,274.3252868652344
2022-09-29 04:00:00+00:00,12.432369035910718,12.48430378537677,11.930999540666457,12.204655647277832,532763000,0.0,0.0,3640.469970703125,,266.4172058105469
2022-09-30 04:00:00+00:00,12.071822611480606,12.617137495774331,12.05983759570121,12.123757362365723,565638000,0.0,0.0,3585.6201171875,,261.8996887207031
2022-10-03 04:00:00+00:00,12.331496475400929,12.66208117925796,12.089799766259942,12.496289253234863,547478000,0.0,0.0,3678.429931640625,,268.04388427734375
2022-10-04 04:00:00+00:00,12.862828434100942,13.203400820052057,12.862828434100942,13.150466918945312,584182000,0.0,0.0,3790.929931640625,,276.47149658203125
2022-10-05 04:00:00+00:00,12.89478814053337,13.30427315849744,12.605152326426335,13.192413330078125,507131000,0.0,0.0,3783.280029296875,,276.32440185546875
2022-10-06 04:00:00+00:00,13.203401093971486,13.63885351819357,13.086547421310968,13.113513946533203,644157000,0.0,0.0,3744.52001953125,,274.14892578125
2022-10-07 04:00:00+00:00,12.489299987372316,12.654092790461354,12.006906595827768,12.06083869934082,672478000,0.0,0.0,3639.659912109375,,263.7027587890625
2022-10-10 04:00:00+00:00,12.021886664391426,12.108777324986262,11.393676694010551,11.65534782409668,698699000,0.0,0.0,3612.389892578125,,261.0666809082031
2022-10-11 04:00:00+00:00,11.546484864539092,11.83112689044151,11.268834019554221,11.571454048156738,667482000,0.0,0.0,3588.840087890625,,257.4801330566406
2022-10-12 04:00:00+00:00,11.564462656173577,11.720265977710053,11.330756245153442,11.48556137084961,492590000,0.0,0.0,3577.030029296875,,257.3919372558594
2022-10-13 04:00:00+00:00,10.957225790788943,12.062836319269977,10.799424165058097,11.944984436035156,850103000,0.0,0.0,3669.909912109375,,263.4283752441406
2022-10-14 04:00:00+00:00,12.041861778962122,12.095793879242922,11.189933090714273,11.21290397644043,713432000,0.0,0.0,3583.070068359375,,255.51040649414062
2022-10-17 04:00:00+00:00,11.503539169014037,11.932999622564797,11.502540973108799,11.873074531555176,580774000,0.0,0.0,3677.949951171875,,263.9477233886719
2022-10-18 04:00:00+00:00,12.328501382530158,12.47631532526222,11.603413077767147,11.951974868774414,659362000,0.0,0.0,3719.97998046875,,266.0350036621094
2022-10-19 04:00:00+00:00,11.864083733026597,12.334492988016361,11.819140161499208,12.035867691040039,523131000,0.0,0.0,3695.159912109375,,265.0648498535156
2022-10-20 04:00:00+00:00,12.097792276636184,12.752968818354741,12.089801947112008,12.178690910339355,652398000,0.0,0.0,3665.780029296875,,263.71258544921875
2022-10-21 04:00:00+00:00,12.082808987293975,12.482307307631256,11.872074435302578,12.450346946716309,609494000,0.0,0.0,3752.75,,269.8959655761719
2022-10-24 04:00:00+00:00,12.492296031938748,12.69404207682602,12.048853249537009,12.583181381225586,517457000,0.0,0.0,3797.340087890625,,272.8652648925781
2022-10-25 04:00:00+00:00,12.678062868329203,13.283301979197523,12.648099847684048,13.24435043334961,505482000,0.0,0.0,3859.110107421875,,278.5096740722656
2022-10-26 04:00:00+00:00,12.852839996298842,13.37118735519657,12.692041922988038,12.879805564880371,532953000,0.0,0.0,3830.60009765625,,272.3556213378906
2022-10-27 04:00:00+00:00,13.612885710217384,13.820624719501696,13.105523203117375,13.159455299377441,583113000,0.0,0.0,3807.300048828125,,267.3970947265625
2022-10-28 04:00:00+00:00,13.087546468385248,13.832610066638065,13.044600239000303,13.816629409790039,521040000,0.0,0.0,3901.06005859375,,275.5797119140625
2022-10-31 04:00:00+00:00,13.760701235922447,13.820626323430826,13.280305197439352,13.480053901672363,486341000,0.0,0.0,3871.97998046875,,272.3752136230469
2022-11-01 04:00:00+00:00,13.793657423224907,13.907514593667278,13.502024269962124,13.525994300842285,432817000,0.0,0.0,3856.10009765625,,269.59222412109375
2022-11-02 04:00:00+00:00,13.832609351575078,14.192156967485618,13.194411785659703,13.202401161193848,672628000,0.0,0.0,3759.68994140625,,260.3512878417969
2022-11-03 04:00:00+00:00,13.026621558892815,13.763694736393855,12.939730915252117,13.404146194458008,500065000,0.0,0.0,3719.889892578125,,255.26544189453125
2022-11-04 04:00:00+00:00,13.968440819365393,14.211135766496513,13.679803144589222,14.138227462768555,612576000,0.0,0.0,3770.550048828125,,259.37139892578125
2022-11-07 05:00:00+00:00,14.210135563074418,14.39390455505636,13.93648037167957,14.28304386138916,410061000,0.0,0.0,3806.800048828125,,262.2230224609375
2022-11-08 05:00:00+00:00,14.782415387435028,14.872302535108739,14.198149880032776,14.58366584777832,595292000,0.0,0.0,3828.110107421875,,264.1339111328125
2022-11-09 05:00:00+00:00,14.14421826011374,14.193157476096932,13.741724378458798,13.758703231811523,454414000,0.0,0.0,3748.570068359375,,258.0386657714844
2022-11-10 05:00:00+00:00,14.781417601209665,15.753195494812513,14.528735003966306,15.730224609375,700819000,0.0,0.0,3956.3701171875,,277.0789489746094
2022-11-11 05:00:00+00:00,15.787154735164645,16.36842382289729,15.462562957739296,16.306501388549805,655487000,0.0,0.0,3992.929931640625,,282.1844787597656
2022-11-14 05:00:00+00:00,16.197636964580276,16.51923316178462,15.902008144433236,16.274539947509766,527852000,0.0,0.0,3957.25,,279.71502685546875
2022-11-15 05:00:00+00:00,16.701000460446785,16.97665292715978,16.36142728358573,16.645071029663086,545876000,0.0,0.0,3991.72998046875,,283.5858154296875
2022-11-16 05:00:00+00:00,16.14170859646812,16.34145634523152,15.853070937382359,15.890024185180664,649547000,0.0,0.0,3958.7900390625,,279.71502685546875
2022-11-17 05:00:00+00:00,15.695268602256101,16.245577368149426,15.51549430312848,15.657316207885742,710894000,0.0,0.0,3946.56005859375,,279.09765625
2022-11-18 05:00:00+00:00,15.945955033158793,15.981911040763682,15.101017428754568,15.389655113220215,492072000,0.0,0.0,3965.340087890625,,279.1075134277344
2022-11-21 05:00:00+00:00,15.127981966089996,15.45756754683471,15.06106570167587,15.297768592834473,404739000,0.0,0.0,3949.93994140625,,276.2362976074219
2022-11-22 05:00:00+00:00,15.308753778828079,16.037837664544167,15.103012110863446,16.01786231994629,472866000,0.0,0.0,4003.580078125,,280.2148132324219
2022-11-23 05:00:00+00:00,16.07778393423162,16.506246055562524,16.027847485500658,16.498254776000977,427241000,0.0,0.0,4027.260009765625,,283.02728271484375
2022-11-25 05:00:00+00:00,16.29751282305904,16.466299355969085,16.151696223942388,16.24957275390625,167934000,0.0,0.0,4026.1201171875,,281.16534423828125
2022-11-28 05:00:00+00:00,16.00587750224232,16.336463192763517,15.70525673572653,15.807127952575684,303741000,0.0,0.0,3963.93994140625,,277.0397644042969
2022-11-29 05:00:00+00:00,15.807127459770173,15.911996118227389,15.500513718012343,15.619363784790039,298384000,0.0,0.0,3957.6298828125,,274.9427185058594
2022-11-30 05:00:00+00:00,15.681299942560486,16.91306749227581,15.581400530805857,16.90607452392578,565298000,0.004,0.0,4080.110107421875,,287.4761962890625
2022-12-01 05:00:00+00:00,16.98200093379881,17.247733765667537,16.618364626853012,17.11786460876465,470977000,0.0,0.0,4076.570068359375,,287.8289489746094
2022-12-02 05:00:00+00:00,16.64234306074741,16.916069255801844,16.428556338164015,16.8591251373291,371389000,0.0,0.0,4071.699951171875,,286.682373046875
2022-12-05 05:00:00+00:00,16.662322665713035,16.978006665855066,16.455528923945028,16.59339141845703,352255000,0.0,0.0,3998.840087890625,,281.8709716796875
2022-12-06 05:00:00+00:00,16.513470276741486,16.55642654398754,15.803180852280665,15.971013069152832,352694000,0.0,0.0,3941.260009765625,,276.0304260253906
2022-12-07 05:00:00+00:00,15.75622928850062,16.169815824778205,15.65133378658821,16.1038818359375,372388000,0.0,0.0,3933.919921875,,274.90350341796875
2022-12-08 05:00:00+00:00,16.256728622158576,17.16182280977595,15.943041522391448,17.151832580566406,515456000,0.0,0.0,3963.510009765625,,278.1568603515625
2022-12-09 05:00:00+00:00,17.142838730956267,17.565416038789124,16.95802427651782,16.983997344970703,465338000,0.0,0.0,3934.3798828125,,276.3831787109375
2022-12-12 05:00:00+00:00,17.01996067185302,17.52045903534799,16.780200942536133,17.5174617767334,457328000,0.0,0.0,3990.56005859375,,279.8521728515625
2022-12-13 05:00:00+00:00,18.512469006153694,18.77121078174227,17.693289316822757,18.05392837524414,656589000,0.0,0.0,4019.64990234375,,282.860595703125
2022-12-14 05:00:00+00:00,17.969013028546826,18.2337493318541,17.402580576281,17.656326293945312,496888000,0.0,0.0,3995.320068359375,,280.7635192871094
2022-12-15 05:00:00+00:00,17.128851458484657,17.302677220211773,16.68329837585279,16.93504524230957,478542000,0.0,0.0,3895.75,,271.3365478515625
2022-12-16 05:00:00+00:00,16.84713627352837,17.02395931877001,16.39358980223308,16.554428100585938,478232000,0.0,0.0,3852.360107421875,,268.7494812011719
2022-12-19 05:00:00+00:00,16.555426124711342,16.592387869431995,16.128853140261523,16.237743377685547,354039000,0.0,0.0,3817.659912109375,,264.9725341796875
2022-12-20 05:00:00+00:00,16.047933599626546,16.293687865100402,15.836146679866738,16.068912506103516,403260000,0.0,0.0,3821.6201171875,,264.76629638671875
2022-12-21 05:00:00+00:00,16.09788497158055,16.610372416442008,16.085895936024823,16.4844970703125,325025000,0.0,0.0,3878.43994140625,,268.6070556640625
2022-12-22 05:00:00+00:00,16.07790496925897,16.12186159180077,14.867117143254697,15.323659896850586,565045000,0.0,0.0,3822.389892578125,,262.0354919433594
2022-12-23 05:00:00+00:00,15.180803762657309,15.32366040889023,14.868117043970384,15.190793991088867,349326000,0.0,0.0,3844.820068359375,,262.6248779296875
2022-12-27 05:00:00+00:00,15.058924263104824,15.084898282356406,14.041941802476122,14.106877326965332,464902000,0.0,0.0,3829.25,,258.9118347167969
2022-12-28 05:00:00+00:00,13.913071922510106,14.247736933600988,13.87011470494691,14.021963119506836,351066000,0.0,0.0,3783.219970703125,,255.49346923828125
2022-12-29 05:00:00+00:00,14.387596879617865,14.668315033901369,14.212771707873936,14.588395118713379,354923000,0.0,0.0,3849.280029296875,,261.7212219238281
2022-12-30 05:00:00+00:00,14.319666466663186,14.61437156001422,14.218767628476025,14.599387168884277,310490000,0.0,0.0,3839.5,,261.56402587890625
2023-01-03 05:00:00+00:00,14.836148204062967,14.981003655234762,14.081903121676092,14.300683975219727,401277000,0.0,0.0,3824.139892578125,,259.7958679199219
2023-01-04 05:00:00+00:00,14.552431925929696,14.838145196007998,14.226757745256368,14.734249114990234,431324000,0.0,0.0,3852.969970703125,,261.0335693359375
2023-01-05 05:00:00+00:00,14.476508145483907,14.549435094565505,14.13385075828424,14.250734329223633,389168000,0.0,0.0,3808.10009765625,,256.9472351074219
2023-01-06 05:00:00+00:00,14.45952485401676,14.994989063943777,14.01996530735585,14.84414005279541,405044000,0.0,0.0,3895.080078125,,264.0393981933594
2023-01-09 05:00:00+00:00,15.268716532503397,16.039943899153194,15.1258589291099,15.612372398376465,504231000,0.0,0.0,3892.090087890625,,265.74859619140625
2023-01-10 05:00:00+00:00,15.49149092072707,15.946035784394798,15.456526077786554,15.893089294433594,384101000,0.0,0.0,3919.25,,267.9979553222656
2023-01-11 05:00:00+00:00,15.824160401672057,16.01197213024662,15.547436970494706,15.98499870300293,353285000,0.0,0.0,3969.610107421875,,272.63446044921875
2023-01-12 05:00:00+00:00,16.083895766750675,16.620357362874767,15.47650318645187,16.494483947753906,551409000,0.0,0.0,3983.169921875,,274.10784912109375
2023-01-13 05:00:00+00:00,16.261719936070204,16.905076865313244,16.148833986111153,16.882099151611328,447287000,0.0,0.0,3999.090087890625,,275.9938049316406
2023-01-17 05:00:00+00:00,16.88209924852682,17.710270626929983,16.88209924852682,17.684295654296875,511102000,0.0,0.0,3990.969970703125,,276.5536804199219
2023-01-18 05:00:00+00:00,17.64933001108455,17.855123353381586,17.264714843579952,17.359621047973633,439624000,0.0,0.0,3928.860107421875,,272.9586486816406
2023-01-19 05:00:00+00:00,17.01896463226559,17.179804849106613,16.714271208962963,16.74823570251465,452932000,0.0,0.0,3898.85009765625,,270.2768859863281
2023-01-20 05:00:00+00:00,16.99398826883285,17.838144467896704,16.80817535561797,17.8211612701416,564967000,0.0,0.0,3972.610107421875,,277.67352294921875
2023-01-23 05:00:00+00:00,18.045934566497856,19.22575518813864,17.80018219062393,19.17380714416504,655163000,0.0,0.0,4019.81005859375,,283.84234619140625
2023-01-24 05:00:00+00:00,18.808169697179686,19.47550276564291,18.801176728770063,19.245731353759766,496204000,0.0,0.0,4016.949951171875,,283.26275634765625
2023-01-25 05:00:00+00:00,18.894084898187952,19.350628576512324,18.561417754150824,19.303674697875977,449537000,0.0,0.0,4016.219970703125,,282.63409423828125
2023-01-26 05:00:00+00:00,19.681299120426033,20.14583427066666,19.258721787064815,19.782197952270508,489535000,0.0,0.0,4060.429931640625,,288.1448059082031
2023-01-27 05:00:00+00:00,19.442532652816258,20.60736670469528,19.38559046082785,20.344629287719727,542142000,0.0,0.0,4070.56005859375,,291.0130310058594
2023-01-30 05:00:00+00:00,19.930047598821574,20.119856196776876,19.130846582408306,19.14283561706543,488611000,0.0,0.0,4017.77001953125,,285.1291809082031
2023-01-31 05:00:00+00:00,19.150826361251877,19.667309459227994,18.931047089844537,19.517459869384766,498017000,0.0,0.0,4076.60009765625,,289.4020080566406
2023-02-01 05:00:00+00:00,19.671305692212208,21.170803892462075,19.591385781806697,20.922054290771484,660477000,0.0,0.0,4119.2099609375,,295.59051513671875
2023-02-02 05:00:00+00:00,20.978997726890935,21.927048029670438,20.679298521540353,21.687288284301758,564276000,0.0,0.0,4179.759765625,,306.1992492675781
2023-02-03 05:00:00+00:00,20.979000905493407,21.723256776011066,20.768211454332956,21.078901290893555,429366000,0.0,0.0,4136.47998046875,,300.75738525390625
2023-02-06 05:00:00+00:00,20.78519132864185,21.54842717853091,20.76521087366942,21.067909240722656,452197000,0.0,0.0,4111.080078125,,298.2132263183594
2023-02-07 05:00:00+00:00,21.360616200100747,22.236739935433913,21.12884786869814,22.15082550048828,664150000,0.0,0.0,4164.0,,304.391845703125
2023-02-08 05:00:00+00:00,22.364607929403398,22.85511796527084,21.985987290163227,22.182790756225586,559651000,0.0,0.0,4117.85986328125,,298.97943115234375
2023-02-09 05:00:00+00:00,22.583394939904977,22.996980498584975,22.097880878059367,22.31466293334961,523876000,0.0,0.0,4081.5,,296.3370666503906
2023-02-10 05:00:00+00:00,21.668310502396057,22.055921084190924,20.790189793284593,21.24373435974121,550737000,0.0,0.0,4090.4599609375,,294.39215087890625
2023-02-13 05:00:00+00:00,21.51645868835971,22.025948836069368,20.94103456636859,21.76620864868164,474919000,0.0,0.0,4137.2900390625,,299.10711669921875
2023-02-14 05:00:00+00:00,21.556416493331337,23.025945848921754,21.3446286454517,22.94802474975586,675474000,0.0,0.0,4136.1298828125,,301.3172912597656
2023-02-15 05:00:00+00:00,22.526446803874055,22.832140505930372,22.083890994896432,22.74123191833496,420575000,0.0,0.0,4147.60009765625,,303.62567138671875
2023-02-16 05:00:00+00:00,22.110865240742353,22.52744803558797,21.905071876709787,21.979997634887695,412026000,0.0,0.0,4090.409912109375,,297.9283752441406
2023-02-17 05:00:00+00:00,21.609366570739,21.71825680895327,20.954022522936867,21.366609573364258,465888000,0.0,0.0,4079.090087890625,,295.8263244628906
2023-02-21 05:00:00+00:00,20.97899838851901,21.472503832330847,20.597380448319672,20.63434410095215,410015000,0.0,0.0,3997.340087890625,,288.8226013183594
2023-02-22 05:00:00+00:00,20.686293870610594,21.082896233045748,20.400578664452947,20.733245849609375,513184000,0.0,0.0,3991.050048828125,,289.03863525390625
2023-02-23 05:00:00+00:00,23.416558173795323,23.86411008296413,23.001972300962063,23.64033317565918,1117995000,0.0,0.0,4012.320068359375,,291.56317138671875
2023-02-24 05:00:00+00:00,23.201770758372334,23.45052225757823,22.924048935653815,23.26270866394043,589716000,0.0,0.0,3970.0400390625,,286.68115234375
2023-02-27 05:00:00+00:00,23.646326795039013,23.856115851316737,23.43054322131306,23.477495193481445,452994000,0.0,0.0,3982.239990234375,,288.734130859375
2023-02-28 05:00:00+00:00,23.348627491238524,23.801175507716838,23.182793127166743,23.19278335571289,455963000,0.0,0.0,3970.14990234375,,288.3608703613281
2023-03-01 05:00:00+00:00,23.168807999209974,23.232745083054898,22.48549196735542,22.675302505493164,460026000,0.0,0.0,3951.389892578125,,286.0426940917969
2023-03-02 05:00:00+00:00,22.465507809506477,23.356613901548346,22.40956216056099,23.290679931640625,389415000,0.0,0.0,3981.35009765625,,288.40997314453125
2023-03-03 05:00:00+00:00,23.296676418290033,23.876096260572954,23.106865911464638,23.866106033325195,412393000,0.0,0.0,4045.639892578125,,294.3724670410156
2023-03-06 05:00:00+00:00,23.86710603242782,24.223747422082624,23.463508860514835,23.53044319152832,437429000,0.0,0.0,4048.419921875,,294.7064514160156
2023-03-07 05:00:00+00:00,23.580402685270712,24.104966338425466,23.22169964405819,23.268661499023438,515154000,0.004,0.0,3986.3701171875,,291.0916442871094
2023-03-08 05:00:00+00:00,23.467497114785473,24.179906326422394,23.4045497011768,24.160921096801758,513573000,0.0,0.0,3992.010009765625,,292.5454406738281
2023-03-09 05:00:00+00:00,24.154924912871536,24.43369447307599,23.36358275312628,23.416540145874023,501257000,0.0,0.0,3918.320068359375,,287.4767761230469
2023-03-10 05:00:00+00:00,23.389562036275382,23.607381425129905,22.70712862155447,22.94593048095703,474866000,0.0,0.0,3861.590087890625,,283.43963623046875
2023-03-13 04:00:00+00:00,22.733108829622278,23.278654989366956,22.27848671220757,22.946929931640625,421890000,0.0,0.0,3855.760009765625,,285.54168701171875
2023-03-14 04:00:00+00:00,23.476487867060463,24.19888701960605,23.44051655907677,24.04301643371582,474910000,0.0,0.0,3919.2900390625,,292.1033935546875
2023-03-15 04:00:00+00:00,23.741268759575973,24.265832423154546,23.340602676375205,24.207881927490234,524486000,0.0,0.0,3891.929931640625,,293.6357727050781
2023-03-16 04:00:00+00:00,24.00704616957806,25.56674868740069,23.874155298745986,25.51978874206543,583253000,0.0,0.0,3960.280029296875,,301.376220703125
2023-03-17 04:00:00+00:00,25.960428483656013,26.37708208145305,25.6466881034461,25.703641891479492,848547000,0.0,0.0,3916.639892578125,,299.951904296875
2023-03-20 04:00:00+00:00,25.59373105710644,26.002391851549323,25.109133153737865,25.878494262695312,432747000,0.0,0.0,3951.570068359375,,301.016357421875
2023-03-21 04:00:00+00:00,26.15826276917553,26.370086636571166,25.35992640091997,26.17724609375,547408000,0.0,0.0,4002.8701171875,,305.3156433105469
2023-03-22 04:00:00+00:00,26.403054661635647,27.566089484334555,26.21521106020196,26.446020126342773,797295000,0.0,0.0,3936.969970703125,,301.1639709472656
2023-03-23 04:00:00+00:00,27.092483687984217,27.476165594948146,26.66783736695665,27.168420791625977,564889000,0.0,0.0,3948.719970703125,,304.73516845703125
2023-03-24 04:00:00+00:00,27.008555018771276,27.14444177136707,26.333115738961876,26.756763458251953,454920000,0.0,0.0,3970.989990234375,,305.856689453125
2023-03-27 04:00:00+00:00,26.814715931188335,26.977580691716717,26.343107731941966,26.508970260620117,361026000,0.0,0.0,3977.530029296875,,303.7612609863281
2023-03-28 04:00:00+00:00,26.42504099387314,26.49098617741666,25.828536573761543,26.388071060180664,356104000,0.0,0.0,3971.27001953125,,302.14776611328125
2023-03-29 04:00:00+00:00,26.802727159767205,27.055515439693604,26.57491583467265,26.961593627929688,393694000,0.0,0.0,4027.81005859375,,307.65716552734375
2023-03-30 04:00:00+00:00,27.206390462009303,27.476166724602162,27.07949510855174,27.360261917114258,364516000,0.0,0.0,4050.830078125,,310.56915283203125
2023-03-31 04:00:00+00:00,27.117460914270833,27.810884824300686,27.082490132563102,27.75393295288086,433933000,0.0,0.0,4109.31005859375,,315.7341613769531
2023-04-03 04:00:00+00:00,27.486157467758918,27.97674896673063,27.31330079051416,27.9417781829834,398716000,0.0,0.0,4124.509765625,,314.9667663574219
2023-04-04 04:00:00+00:00,27.942775040162378,27.97674720101981,27.28432191499647,27.430200576782227,368592000,0.0,0.0,4100.60009765625,,313.9043273925781
2023-04-05 04:00:00+00:00,26.80672004860662,26.97557842011288,26.37308045320567,26.85867691040039,515015000,0.0,0.0,4090.3798828125,,310.8052978515625
2023-04-06 04:00:00+00:00,26.561918776819873,27.057507085409405,26.405049593768616,27.014543533325195,397654000,0.0,0.0,4105.02001953125,,312.9007873535156
2023-04-10 04:00:00+00:00,26.80072620018478,27.598063878336834,26.64685475224009,27.55609893798828,395279000,0.0,0.0,4109.10986328125,,312.7237243652344
2023-04-11 04:00:00+00:00,27.700978013397847,27.76692318959248,27.103473133288535,27.146438598632812,314378000,0.0,0.0,4108.93994140625,,310.71673583984375
2023-04-12 04:00:00+00:00,27.347269038093636,27.44518721856653,26.426033909025634,26.47299575805664,446259000,0.0,0.0,4091.949951171875,,307.9718933105469
2023-04-13 04:00:00+00:00,26.71179965358217,26.864672482211642,26.307137180511106,26.441024780273438,353615000,0.0,0.0,4146.22021484375,,314.002685546875
2023-04-14 04:00:00+00:00,26.48199191641149,26.86067692126086,26.198227341528817,26.735780715942383,395660000,0.0,0.0,4137.64013671875,,313.4123840332031
2023-04-17 04:00:00+00:00,26.542940633883788,26.98357440686349,26.41105027878462,26.979578018188477,321471000,0.0,0.0,4151.31982421875,,313.6780090332031
2023-04-18 04:00:00+00:00,27.510138201217032,28.086658738816173,27.334283752804854,27.644025802612305,604812000,0.0,0.0,4154.8701171875,,313.6976623535156
2023-04-19 04:00:00+00:00,27.338280018329133,27.97674934416324,27.209387427098346,27.907806396484375,358660000,0.0,0.0,4154.52001953125,,313.55010986328125
2023-04-20 04:00:00+00:00,27.648020038897844,28.00672306467075,26.977577746060568,27.081491470336914,427713000,0.0,0.0,4129.7900390625,,311.1594543457031
2023-04-21 04:00:00+00:00,26.929616382803516,27.16042543986034,26.699807852164234,27.096477508544922,345103000,0.0,0.0,4133.52001953125,,311.4841003417969
2023-04-24 04:00:00+00:00,26.990567448071825,27.343273032566316,26.648850502655943,27.019542694091797,339282000,0.0,0.0,4137.0400390625,,310.83477783203125
2023-04-25 04:00:00+00:00,27.055516518782692,27.22437682483663,26.2032260217168,26.21921157836914,378527000,0.0,0.0,4071.6298828125,,304.9713439941406
2023-04-26 04:00:00+00:00,26.979579875522322,27.30730663861179,26.682825603237607,26.933616638183594,406337000,0.0,0.0,4055.989990234375,,306.82086181640625
2023-04-27 04:00:00+00:00,27.340281221046943,27.47217159023553,26.60289311743897,27.203393936157227,377161000,0.0,0.0,4135.35009765625,,315.1635437011719
2023-04-28 04:00:00+00:00,27.20239283065348,27.734949268700237,27.04851947681164,27.7259578704834,292216000,0.0,0.0,4169.47998046875,,317.3377990722656
2023-05-01 04:00:00+00:00,27.81688091763852,29.033869862760206,27.756931277189757,28.8859920501709,570329000,0.0,0.0,4167.8701171875,,316.97381591796875
2023-05-02 04:00:00+00:00,28.656189769758644,28.81206039360255,28.05968528549863,28.18657875061035,402730000,0.0,0.0,4119.580078125,,314.2092590332031
2023-05-03 04:00:00+00:00,27.81688204976608,28.34344486027376,27.449187603389927,27.778913497924805,383387000,0.0,0.0,4090.75,,312.15313720703125
2023-05-04 04:00:00+00:00,27.628036978765422,27.83586443324702,27.217378984903736,27.539112091064453,321850000,0.0,0.0,4061.219970703125,,311.05120849609375
2023-05-05 04:00:00+00:00,27.802894198913098,28.731121728563178,27.707973770612693,28.656185150146484,361494000,0.0,0.0,4136.25,,317.6624755859375
2023-05-08 04:00:00+00:00,28.498315501122327,29.19573585601291,28.326459346526057,29.126792907714844,344979000,0.0,0.0,4138.1201171875,,318.449462890625
2023-05-09 04:00:00+00:00,28.87500228440972,28.94894023981755,28.426375730996305,28.547273635864258,314869000,0.0,0.0,4119.169921875,,316.4325866699219
2023-05-10 04:00:00+00:00,28.980912694288506,29.088824715990746,28.437365725975784,28.861013412475586,369350000,0.0,0.0,4137.64013671875,,319.8760681152344
2023-05-11 04:00:00+00:00,28.87200267964506,28.92595868810787,28.222542865572727,28.55426597595215,322149000,0.0,0.0,4130.6201171875,,320.91888427734375
2023-05-12 04:00:00+00:00,28.505307600656668,28.756100516190692,28.022708903166627,28.316465377807617,274222000,0.0,0.0,4124.080078125,,319.767822265625
2023-05-15 04:00:00+00:00,28.48433056768515,28.944948263182553,28.128627144002568,28.9289608001709,293926000,0.0,0.0,4136.27978515625,,321.499267578125
2023-05-16 04:00:00+00:00,28.817047075448265,29.845193723113187,28.808055678185124,29.188737869262695,449405000,0.0,0.0,4109.89990234375,,321.8633117675781
2023-05-17 04:00:00+00:00,29.559430384373677,30.173919403634283,29.40555895083751,30.152936935424805,432535000,0.0,0.0,4158.77001953125,,325.7591857910156
2023-05-18 04:00:00+00:00,30.384746671659997,31.801568399451863,30.294821257305664,31.65169334411621,748725000,0.0,0.0,4198.0498046875,,331.80963134765625
2023-05-19 04:00:00+00:00,31.509808665820064,31.55377274893197,30.890324642750546,31.238035202026367,473908000,0.0,0.0,4191.97998046875,,331.0619201660156
2023-05-22 04:00:00+00:00,30.875340877060037,31.493828286869693,30.654525616110014,31.150114059448242,372000000,0.0,0.0,4192.6298828125,,332.1736145019531
2023-05-23 04:00:00+00:00,30.974258748799674,31.262019710995222,30.605565671093288,30.662517547607422,356253000,0.0,0.0,4145.580078125,,327.962890625
2023-05-24 04:00:00+00:00,30.184909476760378,30.581581031014146,29.781245672310558,30.512638092041016,721419000,0.0,0.0,4115.240234375,,326.28057861328125
2023-05-25 04:00:00+00:00,38.491004098045735,39.447210007542544,36.60457166088481,37.948455810546875,1543911000,0.0,0.0,4151.27978515625,,334.2199401855469
2023-05-26 04:00:00+00:00,37.85853900635431,39.13747499196258,37.51882115873588,38.91366195678711,714397000,0.0,0.0,4205.4501953125,,342.7594299316406
2023-05-30 04:00:00+00:00,40.56128934835457,41.903172568037185,39.915825906609996,40.07769012451172,923401000,0.0,0.0,4205.52001953125,,344.3138732910156
2023-05-31 04:00:00+00:00,39.45520761311079,40.26153667698876,37.79059071532984,37.802581787109375,1002580000,0.0,0.0,4179.830078125,,342.35601806640625
2023-06-01 04:00:00+00:00,38.457038285135596,40.01674290011226,38.30816374839411,39.736976623535156,635873000,0.0,0.0,4221.02001953125,,346.31097412109375
2023-06-02 04:00:00+00:00,40.063703080946816,40.46636830283073,39.025564415674026,39.294342041015625,482731000,0.0,0.0,4282.3701171875,,348.9082336425781
2023-06-05 04:00:00+00:00,38.87669761933743,39.53215123073155,38.67486565787904,39.13848114013672,396094000,0.0,0.0,4273.7900390625,,349.1541748046875
2023-06-06 04:00:00+00:00,38.797754990174724,39.12747895572034,38.11631834652575,38.62189865112305,388729000,0.0,0.0,4283.85009765625,,349.09515380859375
2023-06-07 04:00:00+00:00,38.886705495226614,39.47028049803264,37.32883713586247,37.447750091552734,511998000,0.004,0.0,4267.52001953125,,343.1726379394531
2023-06-08 04:00:00+00:00,37.69657810413266,38.83574884803621,37.47773933461828,38.48200607299805,417772000,0.0,0.0,4293.93017578125,,347.4325256347656
2023-06-09 04:00:00+00:00,39.00861783598584,39.68212760699857,38.53896213031096,38.74181365966797,427717000,0.0,0.0,4298.85986328125,,348.7606506347656
2023-06-12 04:00:00+00:00,39.17150398137998,39.501262102808724,38.58992633945342,39.45329666137695,388701000,0.0,0.0,4338.93017578125,,354.6536865234375
2023-06-13 04:00:00+00:00,40.15678903495475,41.07112482299617,39.71111409271858,40.99217987060547,613208000,0.0,0.0,4369.009765625,,357.3788757324219
2023-06-14 04:00:00+00:00,40.79431977201554,42.968736375923285,40.5225143610938,42.96574020385742,740465000,0.0,0.0,4372.58984375,,359.9761657714844
2023-06-15 04:00:00+00:00,42.571032403423146,43.25753327513272,42.116361328067455,42.62199401855469,568622000,0.0,0.0,4425.83984375,,364.26556396484375
2023-06-16 04:00:00+00:00,43.41840556812391,43.68920841570231,42.62997783526068,42.66095733642578,655709000,0.0,0.0,4409.58984375,,361.9732971191406
2023-06-20 04:00:00+00:00,42.96674106849241,43.95802045275375,42.642975308832675,43.77614974975586,451153000,0.0,0.0,4388.7099609375,,361.4550476074219
2023-06-21 04:00:00+00:00,43.46937213953319,43.58329148223386,42.04940765326737,43.013702392578125,551603000,0.0,0.0,4365.68994140625,,356.52923583984375
2023-06-22 04:00:00+00:00,42.22227910485018,43.39442663272672,42.20329572401854,42.99372100830078,417737000,0.0,0.0,4381.89013671875,,360.7359313964844
2023-06-23 04:00:00+00:00,42.433122218965416,42.777868753731184,41.9844474063123,42.178306579589844,358140000,0.0,0.0,4348.330078125,,357.1598205566406
2023-06-26 04:00:00+00:00,42.43012776772855,42.73290887794561,40.070844243899195,40.60245895385742,594322000,0.0,0.0,4328.81982421875,,352.37188720703125
2023-06-27 04:00:00+00:00,40.76933398174648,41.90950317799757,40.418591274861775,41.845550537109375,462175000,0.0,0.0,4378.41015625,,358.43060302734375
2023-06-28 04:00:00+00:00,40.63044389045078,41.81458388032518,40.488548818702085,41.08711242675781,582639000,0.0,0.0,4376.85986328125,,359.13006591796875
2023-06-29 04:00:00+00:00,41.527785226902004,41.56975450915622,40.57048152757147,40.792320251464844,380514000,0.0,0.0,4396.43994140625,,358.410888671875
2023-06-30 04:00:00+00:00,41.64969465752979,42.51906101069841,41.470823955071786,42.271240234375,501148000,0.0,0.0,4450.3798828125,,363.9376525878906
2023-07-03 04:00:00+00:00,42.486080836975354,42.86680430032571,42.17131127054709,42.38215637207031,198209000,0.0,0.0,4455.58984375,,364.7947998046875
2023-07-05 04:00:00+00:00,42.10436890718979,43.14561125771648,42.05440601633571,42.28623962402344,323618000,0.0,0.0,4446.81982421875,,364.78485107421875
2023-07-06 04:00:00+00:00,41.81358093287342,42.14833647102733,41.31594188398918,42.072391510009766,303582000,0.0,0.0,4411.58984375,,362.0067138671875
2023-07-07 04:00:00+00:00,42.29123113247118,43.18258476591584,42.14933607210184,42.47209930419922,355881000,0.0,0.0,4398.9501953125,,360.8048095703125
2023-07-10 04:00:00+00:00,42.625988347315335,42.77987571297271,41.618717966437515,42.14933395385742,353908000,0.0,0.0,4409.52978515625,,360.923095703125
2023-07-11 04:00:00+00:00,42.4501209970387,42.72692008207876,42.036424267728336,42.374176025390625,298244000,0.0,0.0,4439.259765625,,362.7062072753906
2023-07-12 04:00:00+00:00,43.001711413643235,43.90305599140233,42.74589703423399,43.870079040527344,481277000,0.0,0.0,4472.16015625,,367.2872314453125
2023-07-13 04:00:00+00:00,44.48564153669653,46.12144883056754,44.459659460176354,45.943580627441406,478204000,0.0,0.0,4510.0400390625,,373.5232849121094
2023-07-14 04:00:00+00:00,46.54913208580055,48.05303894524698,45.027240569884796,45.435943603515625,772075000,0.0,0.0,4505.419921875,,373.4444885253906
2023-07-17 04:00:00+00:00,46.255351170399976,46.46219760945773,45.22909733231496,46.427223205566406,510488000,0.0,0.0,4522.7900390625,,376.9319152832031
2023-07-18 04:00:00+00:00,46.66705362822586,47.86118468728201,45.700757478187484,47.459476470947266,569164000,0.0,0.0,4554.97998046875,,380.015380859375
2023-07-19 04:00:00+00:00,47.42949773035123,47.783240488874554,46.708022451305204,47.04277801513672,427502000,0.0,0.0,4565.72021484375,,379.92681884765625
2023-07-20 04:00:00+00:00,46.473189933800484,47.052770110424305,45.029240736563175,45.486907958984375,537865000,0.0,0.0,4534.8701171875,,371.1687316894531
2023-07-21 04:00:00+00:00,45.754707765315004,45.83265398251241,44.067935310129315,44.27678298950195,963769000,0.0,0.0,4536.33984375,,370.0555114746094
2023-07-24 04:00:00+00:00,44.69847992512501,45.076207287411634,44.00798419764258,44.579566955566406,382516000,0.0,0.0,4554.64013671875,,370.64654541015625
2023-07-25 04:00:00+00:00,44.90833145027088,46.149425329816566,44.89034298033834,45.64579391479492,348081000,0.0,0.0,4567.4599609375,,373.1587219238281
2023-07-26 04:00:00+00:00,45.98754334626847,46.01952157703273,44.59755574079193,45.4189567565918,364237000,0.0,0.0,4566.75,,371.9173889160156
2023-07-27 04:00:00+00:00,46.48518000024853,47.360542567448725,45.716738084889066,45.86663055419922,455976000,0.0,0.0,4537.41015625,,371.0307922363281
2023-07-28 04:00:00+00:00,46.63407374046653,46.992813922510294,46.34728362681164,46.71601486206055,331194000,0.0,0.0,4582.22998046875,,377.7890319824219
2023-07-31 04:00:00+00:00,46.72000974655935,47.095735831876695,46.47218895380473,46.69502639770508,251055000,0.0,0.0,4588.9599609375,,377.98602294921875
2023-08-01 04:00:00+00:00,46.42622359131387,46.86590615971662,45.99353971547932,46.47319030761719,237858000,0.0,0.0,4576.72998046875,,377.1092529296875
2023-08-02 04:00:00+00:00,45.79768501941141,45.80667734864654,43.35546141010275,44.236820220947266,530142000,0.0,0.0,4513.39013671875,,368.83392333984375
2023-08-03 04:00:00+00:00,43.76815517445485,45.08519773730657,43.76815517445485,44.482635498046875,324176000,0.0,0.0,4501.89013671875,,368.2427978515625
2023-08-04 04:00:00+00:00,44.95229672936695,45.6088167758493,44.36072805590183,44.647518157958984,362666000,0.0,0.0,4478.02978515625,,366.5188293457031
2023-08-07 04:00:00+00:00,45.07820630485827,45.506895294186684,44.53060434183165,45.38398361206055,322154000,0.0,0.0,4518.43994140625,,369.6220397949219
2023-08-08 04:00:00+00:00,44.82039636629239,45.209113535751534,44.023974832392284,44.631534576416016,353843000,0.0,0.0,4499.3798828125,,366.47943115234375
2023-08-09 04:00:00+00:00,44.2418106099287,44.279784996235016,42.10336702177276,42.52306365966797,586449000,0.0,0.0,4467.7099609375,,362.4501037597656
2023-08-10 04:00:00+00:00,42.129350474246436,43.54232399177734,41.80458597956359,42.35718536376953,492705000,0.0,0.0,4468.830078125,,363.11993408203125
2023-08-11 04:00:00+00:00,41.72064293519623,41.98745090774671,40.6094519413775,40.825294494628906,533085000,0.0,0.0,4464.0498046875,,360.8048095703125
2023-08-14 04:00:00+00:00,40.456564582325726,43.76815430441539,40.28169257903262,43.721187591552734,690286000,0.0,0.0,4489.72021484375,,364.8538513183594
2023-08-15 04:00:00+00:00,44.527610226384226,45.2350957564997,43.67822581342224,43.908058166503906,676512000,0.0,0.0,4437.85986328125,,360.98223876953125
2023-08-16 04:00:00+00:00,44.487636389026356,44.6425224910749,43.37444399152848,43.45438766479492,527451000,0.0,0.0,4404.330078125,,357.1598205566406
2023-08-17 04:00:00+00:00,43.938036744094546,44.02996891832421,42.969739400582895,43.31249237060547,452395000,0.0,0.0,4370.35986328125,,353.25848388671875
2023-08-18 04:00:00+00:00,42.603998420369834,43.54631355808522,41.6297088674994,43.26751708984375,583768000,0.0,0.0,4369.7099609375,,352.81524658203125
2023-08-21 04:00:00+00:00,44.46165562877054,47.030785847728,44.18985399309083,46.932857513427734,692573000,0.0,0.0,4399.77001953125,,358.49957275390625
2023-08-22 04:00:00+00:00,48.100005574504046,48.15196972371808,45.30004440741636,45.63479995727539,755293000,0.0,0.0,4387.5498046875,,357.98724365234375
2023-08-23 04:00:00+00:00,45.832657681466124,47.165687530536545,45.175135085824124,47.081748962402344,779046000,0.0,0.0,4436.009765625,,363.6322021484375
2023-08-24 04:00:00+00:00,50.17949363700367,50.229456525679716,47.12471680402284,47.12871170043945,1156044000,0.0,0.0,4376.31005859375,,355.8592834472656
2023-08-25 04:00:00+00:00,46.97782350910496,47.7702462695261,44.99126600172495,45.98454666137695,925341000,0.0,0.0,4405.7099609375,,358.6177978515625
2023-08-28 04:00:00+00:00,46.44820509438741,46.945844136189635,44.85536600768865,46.80094909667969,685192000,0.0,0.0,4433.31005859375,,361.3171081542969
2023-08-29 04:00:00+00:00,46.632074880156104,49.04532012604733,46.357273276283756,48.74853515625,701397000,0.0,0.0,4497.6298828125,,369.2082214355469
2023-08-30 04:00:00+00:00,49.008338674508195,49.89069606305402,48.389789269751844,49.228179931640625,735206000,0.0,0.0,4514.8701171875,,371.2673034667969
2023-08-31 04:00:00+00:00,49.34410184954682,49.70783563609758,48.922407758819745,49.31911849975586,528570000,0.0,0.0,4507.66015625,,372.3804931640625
2023-09-01 04:00:00+00:00,49.72582320725818,49.76379378137674,48.10699823052651,48.473731994628906,463830000,0.0,0.0,4515.77001953125,,371.98638916015625
2023-09-05 04:00:00+00:00,48.18794605289678,48.81549172198567,47.825210956107306,48.51271057128906,382653000,0.0,0.0,4496.830078125,,372.45928955078125
2023-09-06 04:00:00+00:00,48.40977397493204,48.51770224742843,46.54997362392489,47.030662536621094,468670000,0.004,0.0,4465.47998046875,,369.1787414550781
2023-09-07 04:00:00+00:00,45.495655031746296,46.314127328933516,45.122894378455285,46.2111930847168,433330000,0.0,0.0,4451.14013671875,,366.53851318359375
2023-09-08 04:00:00+00:00,45.912385845022,46.575955463730146,45.241816956969146,45.54262161254883,473069000,0.0,0.0,4457.490234375,,367.05078125
2023-09-11 04:00:00+00:00,46.1182482612765,46.133237981165,44.28343335195331,45.14887619018555,473966000,0.0,0.0,4487.4599609375,,371.3756408691406
2023-09-12 04:00:00+00:00,44.7091572109494,45.64355580633702,44.50228992802937,44.84107208251953,349256000,0.0,0.0,4461.89990234375,,367.2576599121094
2023-09-13 04:00:00+00:00,44.571249185878756,45.900393693899545,44.47431159036819,45.45568084716797,398355000,0.0,0.0,4467.43994140625,,368.6565856933594
2023-09-14 04:00:00+00:00,45.92038211332298,45.95735701328926,45.101909783891045,45.55162048339844,370097000,0.0,0.0,4505.10009765625,,371.671142578125
2023-09-15 04:00:00+00:00,45.31176544872774,45.56959852066616,43.779752923471165,43.87169647216797,506831000,0.0,0.0,4450.31982421875,,365.3070373535156
2023-09-18 04:00:00+00:00,42.7204393860463,44.21347561321812,41.97292056005233,43.937652587890625,500271000,0.0,0.0,4453.52978515625,,365.6878662109375
2023-09-19 04:00:00+00:00,43.80474129556245,43.93765497175379,42.97427575565499,43.491943359375,373064000,0.0,0.0,4443.9501953125,,364.9084167480469
2023-09-20 04:00:00+00:00,43.57189573593531,43.874701837692996,42.19578439055347,42.21177291870117,367108000,0.0,0.0,4402.2001953125,,359.6499328613281
2023-09-21 04:00:00+00:00,41.5561956700247,42.07286070255986,40.95358372498065,40.99055862426758,450736000,0.0,0.0,4330.0,,353.0595703125
2023-09-22 04:00:00+00:00,41.54519433277662,42.087847304445255,41.20441459488325,41.58317184448242,479236000,0.0,0.0,4320.06005859375,,353.10888671875
2023-09-25 04:00:00+00:00,41.56418850458507,42.508579017607495,41.15045392041829,42.19478225708008,419091000,0.0,0.0,4337.43994140625,,354.7860412597656
2023-09-26 04:00:00+00:00,41.973929573748535,42.792401967692534,41.62815190171222,41.88398742675781,402282000,0.0,0.0,4273.52978515625,,349.45849609375
2023-09-27 04:00:00+00:00,42.30271271186717,42.844363114706354,41.60216441597511,42.44062042236328,444935000,0.0,0.0,4274.509765625,,350.27740478515625
2023-09-28 04:00:00+00:00,42.432618445848725,43.41798267758721,42.08784351392444,43.061214447021484,424663000,0.0,0.0,4299.7001953125,,353.2075500488281
2023-09-29 04:00:00+00:00,43.7987463785024,44.11554336483788,43.27908114153103,43.4709587097168,397830000,0.0,0.0,4288.0498046875,,353.4639892578125
2023-10-02 04:00:00+00:00,44.001606442972545,45.14586855781118,43.832716701966795,44.75312423706055,433298000,0.0,0.0,4288.39013671875,,356.4139404296875
2023-10-03 04:00:00+00:00,44.77910920077743,45.10090400420974,43.2181160083425,43.48894119262695,470850000,0.0,0.0,4229.4501953125,,350.1590576171875
2023-10-04 04:00:00+00:00,43.71380433905175,44.11454682903524,43.26409364811851,44.012611389160156,361821000,0.0,0.0,4263.75,,354.9242248535156
2023-10-05 04:00:00+00:00,44.021601937102886,44.87105626291606,43.859707622537925,44.6591911315918,393483000,0.0,0.0,4258.18994140625,,353.87841796875
2023-10-06 04:00:00+00:00,44.16451314682261,45.75948500590108,43.99762098117797,45.73250198364258,434436000,0.0,0.0,4308.5,,359.80780029296875
2023-10-09 04:00:00+00:00,44.813086880403254,45.57559541910592,44.33939347095082,45.24380874633789,409675000,0.0,0.0,4335.66015625,,361.642822265625
2023-10-10 04:00:00+00:00,45.280790227106074,46.22917591041197,45.05893322747722,45.76847457885742,368582000,0.0,0.0,4358.240234375,,363.64556884765625
2023-10-11 04:00:00+00:00,46.16621437205222,46.82878891705578,46.020308596739376,46.775821685791016,378137000,0.0,0.0,4376.9501953125,,366.2403564453125
2023-10-12 04:00:00+00:00,46.74683912853525,47.578303395976704,46.300128752154,46.914730072021484,481325000,0.0,0.0,4349.60986328125,,364.9676513671875
2023-10-13 04:00:00+00:00,46.92972043199577,47.085621890391806,45.25080334969889,45.43168640136719,474115000,0.0,0.0,4327.77978515625,,360.3800048828125
2023-10-16 04:00:00+00:00,45.03395227290401,46.195202001343034,44.88304863104429,46.06528854370117,375099000,0.0,0.0,4373.6298828125,,364.45465087890625
2023-10-17 04:00:00+00:00,43.971639725117456,44.72515534952336,42.452618986235684,43.9096794128418,812333000,0.0,0.0,4373.2001953125,,363.2608642578125
2023-10-18 04:00:00+00:00,42.56354620148906,43.19114356919589,41.79804111040275,42.168800354003906,627294000,0.0,0.0,4314.60009765625,,358.4956359863281
2023-10-19 04:00:00+00:00,42.783401532452814,43.26908828015481,41.85499958396407,42.07386016845703,501233000,0.0,0.0,4278.0,,355.1412353515625
2023-10-20 04:00:00+00:00,41.86299127969732,42.44261916103959,41.05151453316081,41.36031723022461,477266000,0.0,0.0,4224.16015625,,349.84326171875
2023-10-23 04:00:00+00:00,41.20242325687503,43.22012278548461,40.91860593108143,42.947296142578125,478530000,0.0,0.0,4217.0400390625,,350.89892578125
2023-10-24 04:00:00+00:00,43.049228794577566,43.66882802570082,42.66347986731124,43.634849548339844,401463000,0.0,0.0,4247.68017578125,,354.3124694824219
2023-10-25 04:00:00+00:00,43.37002736306011,43.621867655032496,41.52821673196295,41.752071380615234,398379000,0.0,0.0,4186.77001953125,,345.6404724121094
2023-10-26 04:00:00+00:00,41.82601906009142,42.22875913409801,39.85429143072344,40.30000305175781,541001000,0.0,0.0,4137.22998046875,,339.0500793457031
2023-10-27 04:00:00+00:00,41.10348715819275,41.17943837928563,39.98920425077625,40.47389221191406,416784000,0.0,0.0,4117.3701171875,,340.6778564453125
2023-10-30 04:00:00+00:00,41.06051827775502,41.73907765520457,40.454906082459445,41.13446807861328,388028000,0.0,0.0,4166.81982421875,,344.5157165527344
2023-10-31 04:00:00+00:00,40.42392261933526,40.8526468966784,39.204707934267006,40.75370788574219,517969000,0.0,0.0,4193.7998046875,,346.1632995605469
2023-11-01 04:00:00+00:00,40.857648711306,42.353685526231295,40.84265898891911,42.29772186279297,437593000,0.0,0.0,4237.85986328125,,352.171630859375
2023-11-02 04:00:00+00:00,43.30006060911841,43.85570184848127,42.866342349318806,43.47794723510742,409172000,0.0,0.0,4317.77978515625,,358.564697265625
2023-11-03 04:00:00+00:00,43.99162089726106,45.27978753454021,43.694811487819166,44.97598648071289,424610000,0.0,0.0,4358.33984375,,362.77740478515625
2023-11-06 05:00:00+00:00,45.25580880956027,45.905391339762694,44.870056042056,45.72150802612305,400733000,0.0,0.0,4365.97998046875,,364.25732421875
2023-11-07 05:00:00+00:00,45.68952896873558,46.18820402459903,45.128889794516326,45.925376892089844,343165000,0.0,0.0,4378.3798828125,,367.7004699707031
2023-11-08 05:00:00+00:00,46.07027857367067,46.83678620591324,45.93836370236791,46.543975830078125,346719000,0.0,0.0,4382.77978515625,,367.9372863769531
2023-11-09 05:00:00+00:00,47.43639611181253,48.198904678121394,46.719859321767146,46.91973114013672,540496000,0.0,0.0,4347.35009765625,,365.1058044433594
2023-11-10 05:00:00+00:00,47.46937982263058,48.440753359097926,47.25252065392858,48.30384063720703,421245000,0.0,0.0,4415.240234375,,373.3141784667969
2023-11-13 05:00:00+00:00,48.28884773723465,49.08433598855006,48.06798954522677,48.588653564453125,384136000,0.0,0.0,4411.5498046875,,372.14996337890625
2023-11-14 05:00:00+00:00,49.64797570826254,49.80187576621573,49.00838887341186,49.62398910522461,416954000,0.0,0.0,4495.7001953125,,380.16107177734375
2023-11-15 05:00:00+00:00,49.90280546942848,49.92778706317978,48.168923511551455,48.85647964477539,475497000,0.0,0.0,4502.8798828125,,380.4471435546875
2023-11-16 05:00:00+00:00,48.647622492403215,49.49307783387502,48.29884843286255,49.44810485839844,339756000,0.0,0.0,4508.240234375,,380.7727355957031
2023-11-17 05:00:00+00:00,49.49207232670018,49.684948701072095,48.97540732164273,49.26622009277344,325205000,0.0,0.0,4514.02001953125,,380.861572265625
2023-11-20 05:00:00+00:00,49.28021007685078,50.515413319946866,49.14929401076898,50.376502990722656,414120000,0.0,0.0,4547.3798828125,,385.4985046386719
2023-11-21 05:00:00+00:00,50.09368608126626,50.48443286697379,49.19026950939756,49.91180419921875,565747000,0.0,0.0,4538.18994140625,,383.2589416503906
2023-11-22 05:00:00+00:00,49.81985461878129,50.302541056638844,47.659246201339464,48.68458557128906,899420000,0.0,0.0,4556.6201171875,,384.8276062011719
2023-11-24 05:00:00+00:00,48.438750082118126,48.88945951237367,47.7142152401005,47.74519729614258,294645000,0.0,0.0,4559.33984375,,384.2850646972656
2023-11-27 05:00:00+00:00,47.76917918519112,48.49870804491457,47.621275800712816,48.21089553833008,395662000,0.0,0.0,4550.43017578125,,383.9495544433594
2023-11-28 05:00:00+00:00,48.204898277235316,48.29184398043461,47.442389759187826,47.790164947509766,401491000,0.0,0.0,4554.89013671875,,384.9558410644531
2023-11-29 05:00:00+00:00,48.34781498680007,48.730567513457544,47.82914854414182,48.10896682739258,382005000,0.0,0.0,4550.580078125,,384.5809631347656
2023-11-30 05:00:00+00:00,47.99303847449865,48.078985380939635,46.39207386383031,46.73984909057617,526247000,0.0,0.0,4567.7998046875,,383.6141052246094
2023-12-01 05:00:00+00:00,46.495008690555146,47.169572782203616,46.15722533542331,46.7348518371582,369317000,0.0,0.0,4594.6298828125,,384.709228515625
2023-12-04 05:00:00+00:00,46.04729530005155,46.04729530005155,44.98098181883111,45.48065948486328,437543000,0.0,0.0,4569.77978515625,,381.1377868652344
2023-12-05 05:00:00+00:00,45.44067987557897,46.57404722962781,45.245788774851796,46.540069580078125,371718000,0.004,0.0,4567.18017578125,,382.09478759765625
2023-12-06 05:00:00+00:00,47.188709647488736,47.36061475805966,45.38671220041947,45.4776611328125,380590000,0.0,0.0,4549.33984375,,379.884765625
2023-12-07 05:00:00+00:00,45.67455588233509,46.6030394870367,45.578608662273986,46.5700569152832,350823000,0.0,0.0,4585.58984375,,385.1926574707031
2023-12-08 05:00:00+00:00,46.56905734985708,47.71441917110969,46.52408042310089,47.479549407958984,359224000,0.0,0.0,4604.3701171875,,386.9093017578125
2023-12-11 05:00:00+00:00,47.46456109151934,47.50453592444969,45.8044865345936,46.60103988647461,509728000,0.0,0.0,4622.43994140625,,390.2143249511719
2023-12-12 05:00:00+00:00,46.02036339199116,47.63946032153252,46.02036339199116,47.63046646118164,372387000,0.0,0.0,4643.7001953125,,393.32208251953125
2023-12-13 05:00:00+00:00,47.60248560623417,48.56694852407048,47.58149738885303,48.06122970581055,447792000,0.0,0.0,4707.08984375,,398.3240966796875
2023-12-14 05:00:00+00:00,48.36305679932983,48.64289968086901,47.395597257027774,48.32307815551758,391232000,0.0,0.0,4719.5498046875,,397.978759765625
2023-12-15 05:00:00+00:00,48.16716233251439,49.37648760181643,48.09320222955156,48.86277389526367,479948000,0.0,0.0,4719.18994140625,,399.9026794433594
2023-12-18 05:00:00+00:00,49.37249683921415,50.40491882356695,49.12263603296827,50.04911804199219,412587000,0.0,0.0,4740.56005859375,,402.42144775390625
2023-12-19 05:00:00+00:00,49.396473996646186,49.67232125952952,48.86776928450163,49.57637405395508,464444000,0.0,0.0,4768.3701171875,,404.4776916503906
2023-12-20 05:00:00+00:00,49.62734444732078,49.97115463261809,48.07121237951516,48.084205627441406,397894000,0.0,0.0,4698.35009765625,,398.4672546386719
2023-12-21 05:00:00+00:00,48.783821596134075,49.06766385409553,48.39203776733346,48.96272277832031,300425000,0.0,0.0,4746.75,,403.1036071777344
2023-12-22 05:00:00+00:00,49.16761296876515,49.35550803515768,48.44001760392499,48.802818298339844,252507000,0.0,0.0,4754.6298828125,,403.7066345214844
2023-12-26 05:00:00+00:00,48.9407287654443,49.572376781102484,48.93273380006729,49.251556396484375,244200000,0.0,0.0,4774.75,,406.177978515625
2023-12-27 05:00:00+00:00,49.483433835302336,49.65233845498923,49.05766853127738,49.38948440551758,233648000,0.0,0.0,4781.580078125,,407.0049133300781
2023-12-28 05:00:00+00:00,49.615361553511725,49.85622468658464,49.38448736257904,49.49442672729492,246587000,0.0,0.0,4783.35009765625,,406.8070373535156
2023-12-29 05:00:00+00:00,49.78526507165566,49.96916454651592,48.72385609264306,49.49442672729492,389293000,0.0,0.0,4769.830078125,,405.0465087890625
2024-01-02 05:00:00+00:00,49.21657920112469,49.267549491534815,47.56849914375037,48.141178131103516,411254000,0.0,0.0,4742.830078125,,398.19219970703125
2024-01-03 05:00:00+00:00,47.458561936508566,48.15717024660548,47.2936528901048,47.54251480102539,320896000,0.0,0.0,4704.81005859375,,393.9787292480469
2024-01-04 05:00:00+00:00,47.740404942993884,48.47299856752152,47.481550264732384,47.97127914428711,306535000,0.0,0.0,4688.68017578125,,391.9511413574219
2024-01-05 05:00:00+00:00,48.43501546755193,49.5194103643003,48.27910029347317,49.06966018676758,415039000,0.0,0.0,4697.240234375,,392.4159851074219
2024-01-08 05:00:00+00:00,49.48443254074205,52.24589457837139,49.45144996976697,52.22390365600586,642510000,0.0,0.0,4763.5400390625,,400.5264587402344
2024-01-09 05:00:00+00:00,52.37182563719699,54.29475419696261,51.66121915258384,53.11041259765625,773100000,0.0,0.0,4756.5,,401.31768798828125
2024-01-10 05:00:00+00:00,53.58615158748565,54.56960111335146,53.45921957741913,54.319740295410156,533796000,0.0,0.0,4783.4501953125,,404.0376281738281
2024-01-11 05:00:00+00:00,54.9683767860804,55.315183696465496,53.530178853161665,54.791473388671875,596759000,0.0,0.0,4780.240234375,,404.8783874511719
2024-01-12 05:00:00+00:00,54.58958868273426,54.939396104159464,54.2997530407885,54.67953872680664,352994000,0.0,0.0,4783.830078125,,405.0860595703125
2024-01-16 05:00:00+00:00,54.98736982997111,56.803355729677996,54.86943549694436,56.350608825683594,449580000,0.0,0.0,4765.97998046875,,405.0465087890625
2024-01-17 05:00:00+00:00,56.31562456246964,56.439556064869315,54.709520939803106,56.02178955078125,474394000,0.0,0.0,4739.2099609375,,402.76171875
2024-01-18 05:00:00+00:00,57.22811763397988,57.567928484455464,56.0757597125632,57.07520294189453,491650000,0.0,0.0,4780.93994140625,,408.4786376953125
2024-01-19 05:00:00+00:00,57.956711672124605,59.46687197330924,57.19313710812396,59.45787811279297,543501000,0.0,0.0,4839.81005859375,,416.5791015625
2024-01-22 05:00:00+00:00,60.01557296609282,60.29741748276443,59.03711784381909,59.620792388916016,452955000,0.0,0.0,4850.43017578125,,417.1231384277344
2024-01-23 05:00:00+00:00,59.536831763324194,59.876642607504685,58.55237959065836,59.839664459228516,294654000,0.0,0.0,4864.60009765625,,418.8539733886719
2024-01-24 05:00:00+00:00,60.27042548611156,62.814006680232,59.90462813486255,61.32783508300781,560271000,0.0,0.0,4868.5498046875,,421.1783142089844
2024-01-25 05:00:00+00:00,62.31527708122234,62.6840748870048,60.816112399436015,61.58268737792969,482777000,0.0,0.0,4894.16015625,,421.6926574707031
2024-01-26 05:00:00+00:00,60.92606110295733,61.74860477846685,60.53927933125107,60.99702072143555,390309000,0.0,0.0,4890.97021484375,,419.18035888671875
2024-01-29 05:00:00+00:00,61.19790260674366,62.4542026404575,60.87308662667512,62.43021774291992,348733000,0.0,0.0,4927.93017578125,,423.47296142578125
2024-01-30 05:00:00+00:00,62.86497729318725,63.457645602005435,62.225330458008614,62.739044189453125,410735000,0.0,0.0,4924.97021484375,,420.6540832519531
2024-01-31 05:00:00+00:00,61.40579108468123,62.23433190687522,60.666205224632265,61.49274444580078,453795000,0.0,0.0,4845.64990234375,,412.4151306152344
2024-02-01 05:00:00+00:00,62.06541944015991,63.15581535659614,61.615673062934434,62.991905212402344,369146000,0.0,0.0,4906.18994140625,,417.2714538574219
2024-02-02 05:00:00+00:00,63.93836661455511,66.56290342904931,63.654524401126274,66.12315368652344,476578000,0.0,0.0,4958.60986328125,,424.3236083984375
2024-02-05 05:00:00+00:00,68.18701012748092,69.45830503749701,67.16758142852466,69.29339599609375,680078000,0.0,0.0,4942.81005859375,,423.7697448730469
2024-02-06 05:00:00+00:00,69.59122707783612,69.71515858330277,66.26308702618283,68.18501281738281,683111000,0.0,0.0,4954.22998046875,,422.91912841796875
2024-02-07 05:00:00+00:00,68.28095195120673,70.18089422020962,67.56235060844563,70.0599594116211,495575000,0.0,0.0,4995.06005859375,,427.27105712890625
2024-02-08 05:00:00+00:00,70.03496848915448,70.75456869186667,69.41631758373076,69.60221099853516,414422000,0.0,0.0,4997.91015625,,428.06231689453125
2024-02-09 05:00:00+00:00,70.49373428612587,72.14481511205457,70.17291382776136,72.09284973144531,436637000,0.0,0.0,5026.60986328125,,432.2757873535156
2024-02-12 05:00:00+00:00,72.55957267433736,74.56945447682682,71.21032591879988,72.20777130126953,613710000,0.0,0.0,5021.83984375,,430.58441162109375
2024-02-13 05:00:00+00:00,70.36081744123659,73.40911526024477,69.58125280309775,72.08785247802734,602580000,0.0,0.0,4953.169921875,,423.8686218261719
2024-02-14 05:00:00+00:00,73.16124677886643,74.19466766232887,71.89795059750436,73.85885620117188,504917000,0.0,0.0,5000.6201171875,,428.4875793457031
2024-02-15 05:00:00+00:00,73.82787028335872,73.93380643951798,72.35968650824275,72.61753845214844,420122000,0.0,0.0,5029.72998046875,,429.7635192871094
2024-02-16 05:00:00+00:00,74.05873462198204,74.36056840015162,72.46062602851259,72.57256317138672,495327000,0.0,0.0,5005.56982421875,,425.8666076660156
2024-02-20 05:00:00+00:00,71.90693589131082,71.91593356383504,67.6962844049487,69.413330078125,704833000,0.0,0.0,4975.509765625,,422.6520690917969
2024-02-21 05:00:00+00:00,67.9681399359681,68.84965273678795,66.21112295055113,67.43444061279297,673755000,0.0,0.0,4981.7998046875,,420.9607238769531
2024-02-22 05:00:00+00:00,74.98323324060954,78.53125229218321,74.17868109913526,78.49427795410156,865100000,0.0,0.0,5087.02978515625,,433.28466796875
2024-02-23 05:00:00+00:00,80.7450180977802,82.34812129044985,77.52680973171769,78.77311706542969,829388000,0.0,0.0,5088.7998046875,,432.00872802734375
2024-02-26 05:00:00+00:00,79.6556292519544,80.60110940022084,78.4612947940882,79.0479736328125,503973000,0.0,0.0,5069.52978515625,,431.7811584472656
2024-02-27 05:00:00+00:00,79.3367948159067,79.43574633865495,77.11903628247967,78.65717315673828,391705000,0.0,0.0,5078.18017578125,,432.8197326660156
2024-02-28 05:00:00+00:00,77.57679090590065,78.88905585844033,77.08206373235477,77.61976623535156,393110000,0.0,0.0,5069.759765625,,430.51519775390625
2024-02-29 05:00:00+00:00,79.04995966772168,79.94545684182245,78.30637065695909,79.06794738769531,507289000,0.0,0.0,5096.27001953125,,434.2044677734375
2024-03-01 05:00:00+00:00,79.95544705800646,82.2541692109824,79.39075927311268,82.2331771850586,479135000,0.0,0.0,5137.080078125,,440.7422790527344
2024-03-04 05:00:00+00:00,84.08314367108252,87.64616069538586,83.67237707882101,85.18952941894531,615616000,0.0,0.0,5130.9501953125,,439.1696472167969
2024-03-05 05:00:00+00:00,85.22651962468665,86.05310143549691,83.37446759481172,85.920166015625,520639000,0.004,0.0,5078.64990234375,,431.28668212890625
2024-03-06 05:00:00+00:00,87.97712182383515,89.67824984643924,86.9856232402923,88.65476989746094,582520000,0.0,0.0,5104.759765625,,433.9967346191406
2024-03-07 05:00:00+00:00,90.11201372188047,92.71968420903526,89.55629754335479,92.62173461914062,608119000,0.0,0.0,5157.35986328125,,440.58404541015625
2024-03-08 05:00:00+00:00,95.08949635927887,97.35034416273697,86.46189342253078,87.4833755493164,1142269000,0.0,0.0,5123.68994140625,,434.2242736816406
2024-03-11 04:00:00+00:00,86.38493521532801,88.75172411339899,84.12308851295148,85.73027038574219,678364000,0.0,0.0,5117.93994140625,,432.612060546875
2024-03-12 04:00:00+00:00,88.00411383105026,91.91311538288066,86.10607991861596,91.86614227294922,668075000,0.0,0.0,5175.27001953125,,438.8135986328125
2024-03-13 04:00:00+00:00,91.00856657140831,91.45733510152752,88.38989990202793,90.8416519165039,635713000,0.0,0.0,5165.31005859375,,435.4408264160156
2024-03-14 04:00:00+00:00,89.53132517509458,90.59978030033041,86.55583824442805,87.89915466308594,602318000,0.0,0.0,5150.47998046875,,434.34295654296875
2024-03-15 04:00:00+00:00,86.88566309961936,89.50032616800947,86.21300982934207,87.79219818115234,642086000,0.0,0.0,5117.08984375,,429.17999267578125
2024-03-18 04:00:00+00:00,90.3419098330075,92.35787961611925,87.04059269589636,88.40989685058594,668976000,0.0,0.0,5149.419921875,,433.273193359375
2024-03-19 04:00:00+00:00,86.65579447616338,90.49783644933297,84.96666127835144,89.35242462158203,672171000,0.0,0.0,5178.509765625,,434.3527526855469
2024-03-20 04:00:00+00:00,89.75120872764549,90.36390274155225,88.17801382637771,90.32592010498047,479063000,0.0,0.0,5224.6201171875,,439.5027160644531
2024-03-21 04:00:00+00:00,92.25293104894116,92.60075314567852,90.35889320815413,91.38836669921875,480372000,0.0,0.0,5241.52978515625,,441.5825500488281
2024-03-22 04:00:00+00:00,91.09451627074266,94.72966241146648,90.78767363601877,94.24091339111328,586719000,0.0,0.0,5234.18017578125,,442.08770751953125
2024-03-25 04:00:00+00:00,93.89309629655145,96.71665262612369,93.46231633076846,94.95355224609375,552136000,0.0,0.0,5218.18994140625,,440.4832458496094
2024-03-26 04:00:00+00:00,95.8021170685874,96.32585191995982,92.45482592449682,92.5137939453125,513648000,0.0,0.0,5203.580078125,,439.0570983886719
2024-03-27 04:00:00+00:00,93.0645117345537,93.1924448065412,89.07754773882262,90.20397186279297,586067000,0.0,0.0,5248.490234375,,440.55255126953125
2024-03-28 04:00:00+00:00,89.95410001839039,91.25344006885744,89.14751238127785,90.30992126464844,435212000,0.0,0.0,5254.35009765625,,439.740478515625
2024-04-01 04:00:00+00:00,90.25295469319977,92.17796738530402,89.15851187965868,90.3169174194336,452441000,0.0,0.0,5243.77001953125,,440.67144775390625
2024-04-02 04:00:00+00:00,88.40289389067334,90.04805823236576,87.57532082751612,89.40638732910156,433064000,0.0,0.0,5205.81005859375,,436.8682861328125
2024-04-03 04:00:00+00:00,88.43888912667452,90.32792493292138,88.35493231864154,88.91864013671875,370067000,0.0,0.0,5211.490234375,,437.8488464355469
2024-04-04 04:00:00+00:00,90.35987886542738,90.58776700768702,85.83618676541171,85.86117553710938,434965000,0.0,0.0,5147.2099609375,,431.1537780761719
2024-04-05 04:00:00+00:00,86.82170353525082,88.43588552210704,85.88218803532831,87.96312713623047,399678000,0.0,0.0,5204.33984375,,436.2344970703125
2024-04-08 04:00:00+00:00,88.65475649731144,88.7846950725735,86.68776556126254,87.08856201171875,283220000,0.0,0.0,5202.39013671875,,436.3632507324219
2024-04-09 04:00:00+00:00,87.39739525078261,87.59029759028141,82.97965182031417,85.31045532226562,501700000,0.0,0.0,5209.91015625,,437.9775695800781
2024-04-10 04:00:00+00:00,83.88320224037439,87.35542960706438,83.66631003801581,86.99461364746094,431929000,0.0,0.0,5160.64013671875,,434.1546936035156
2024-04-11 04:00:00+00:00,87.37543150360503,90.6927397233091,86.88168767581091,90.5698013305664,431637000,0.0,0.0,5199.06005859375,,441.08734130859375
2024-04-12 04:00:00+00:00,89.65326609988566,90.1290289713359,87.4853732060557,88.14103698730469,426805000,0.0,0.0,5123.41015625,,434.0556335449219
2024-04-15 04:00:00+00:00,89.05257449013831,90.5668014834056,85.885191431367,85.9571533203125,443077000,0.0,0.0,5061.81982421875,,426.9149475097656
2024-04-16 04:00:00+00:00,86.38892089132743,88.0730591608871,86.02011339953525,87.37042236328125,370453000,0.0,0.0,5051.41015625,,426.95452880859375
2024-04-17 04:00:00+00:00,88.2949386437983,88.72972195798647,83.90717836732355,83.99214172363281,495400000,0.0,0.0,5022.2099609375,,421.74517822265625
2024-04-18 04:00:00+00:00,84.9266740115763,86.14605313921993,82.35998267211264,84.62782287597656,447260000,0.0,0.0,5011.1201171875,,419.33856201171875
2024-04-19 04:00:00+00:00,83.10760101811651,84.28099833646611,75.56744919546927,76.16114044189453,875198000,0.0,0.0,4967.22998046875,,410.6627502441406
2024-04-22 04:00:00+00:00,78.06417460921173,80.0321724749778,76.36104864748893,79.47745513916016,596341000,0.0,0.0,5010.60009765625,,414.7926940917969
2024-04-23 04:00:00+00:00,80.7278102893302,82.72679042021001,80.2230705514645,82.38096618652344,438559000,0.0,0.0,5070.5498046875,,420.98260498046875
2024-04-24 04:00:00+00:00,83.90719166390734,84.03912814064545,79.14262401880819,79.6363754272461,512208000,0.0,0.0,5071.6298828125,,422.40869140625
2024-04-25 04:00:00+00:00,78.82777119604825,83.2805008438938,78.18310352042066,82.58985900878906,424641000,0.0,0.0,5048.419921875,,420.3685302734375
2024-04-26 04:00:00+00:00,83.77526671112514,88.28596627439501,83.34448669778978,87.69026947021484,551011000,0.0,0.0,5099.9599609375,,426.8554992675781
2024-04-29 04:00:00+00:00,87.55033742522801,87.94713054569272,85.22252257935692,87.7122573852539,388971000,0.0,0.0,5116.169921875,,428.5887451171875
2024-04-30 04:00:00+00:00,87.19551848613133,88.77371581096726,86.25600293117195,86.35794830322266,363709000,0.0,0.0,5035.68994140625,,420.5072021484375
2024-05-01 04:00:00+00:00,85.03361435183398,85.95614014617317,81.21355734292688,82.99864959716797,559863000,0.0,0.0,5018.39013671875,,417.4667053222656
2024-05-02 04:00:00+00:00,84.40593290133356,86.19302312746696,83.15756927733226,85.77323913574219,377898000,0.0,0.0,5064.2001953125,,422.79498291015625
2024-05-03 04:00:00+00:00,87.7442309865165,89.23546686580507,86.99561241116382,88.74372100830078,398341000,0.0,0.0,5127.7900390625,,431.29248046875
2024-05-06 04:00:00+00:00,89.34441239026923,92.17297098055205,89.00958414820802,92.09300994873047,376203000,0.0,0.0,5180.740234375,,436.0166015625
2024-05-07 04:00:00+00:00,91.05153374398775,91.73418402804691,88.96560026111723,90.5078125,437342000,0.0,0.0,5187.7001953125,,436.0859069824219
2024-05-08 04:00:00+00:00,89.4373785608014,91.14750473877004,89.37440714328605,90.36590576171875,325721000,0.0,0.0,5187.669921875,,435.82843017578125
2024-05-09 04:00:00+00:00,90.48284079234612,91.02556319779642,88.18601596391863,88.70175170898438,378013000,0.0,0.0,5214.080078125,,436.7791748046875
2024-05-10 04:00:00+00:00,90.25895279926722,91.3543946079418,89.18149955504683,89.83216857910156,335325000,0.0,0.0,5222.68017578125,,437.8092346191406
2024-05-13 04:00:00+00:00,90.43186737899792,90.95160653164567,88.48386356145281,90.35291290283203,289680000,0.0,0.0,5221.419921875,,438.8193664550781
2024-05-14 04:00:00+00:00,89.55331737042562,91.60427311943869,88.8886555026712,91.3094253540039,296507000,0.0,0.0,5246.68017578125,,441.6419982910156
2024-05-15 04:00:00+00:00,92.42484465754981,94.81362528334245,91.55228873986127,94.58174133300781,417735000,0.0,0.0,5308.14990234375,,448.54498291015625
2024-05-16 04:00:00+00:00,94.8616117597436,95.77014487035822,94.05501639356171,94.3108901977539,323952000,0.0,0.0,5297.10009765625,,447.6338195800781
2024-05-17 04:00:00+00:00,94.32087446247381,94.69167982059238,91.75917807166952,92.43183135986328,359691000,0.0,0.0,5303.27001953125,,447.41595458984375
2024-05-20 04:00:00+00:00,93.70220057081201,95.15145822277206,93.39236106775267,94.73167419433594,318764000,0.0,0.0,5308.1298828125,,450.5356750488281
2024-05-21 04:00:00+00:00,93.55126534071833,95.35134936664903,93.1324803037148,95.33735656738281,328946000,0.0,0.0,5321.41015625,,451.41705322265625
2024-05-22 04:00:00+00:00,95.4103162792502,95.9710271843739,93.20144427728806,94.90157318115234,548648000,0.0,0.0,5307.009765625,,451.3279113769531
2024-05-23 04:00:00+00:00,101.97598526792865,106.26579699236947,101.46824101677741,103.74608612060547,835065000,0.0,0.0,5267.83984375,,449.29766845703125
2024-05-24 04:00:00+00:00,104.39573676851408,106.42070464479184,102.94747814509458,106.41471099853516,429494000,0.0,0.0,5304.72021484375,,453.5464172363281
2024-05-28 04:00:00+00:00,110.18778556165118,114.88039109228285,109.8269695886833,113.8429183959961,652728000,0.0,0.0,5306.0400390625,,455.259765625
2024-05-29 04:00:00+00:00,112.99235261607853,115.43310102209165,110.84444643564275,114.76644134521484,557442000,0.0,0.0,5266.9501953125,,452.0509033203125
2024-05-30 04:00:00+00:00,114.59154239421389,115.75994504924772,109.60708571421941,110.44365692138672,484553000,0.0,0.0,5235.47998046875,,447.20794677734375
2024-05-31 04:00:00+00:00,112.46261619518734,112.6595219559155,106.88546755499186,109.57709503173828,613263000,0.0,0.0,5277.509765625,,446.37603759765625
2024-06-03 04:00:00+00:00,113.56306583418551,114.94136047363281,111.94588702357191,114.94136047363281,438392000,0.0,0.0,5283.39990234375,,448.7727355957031
2024-06-04 04:00:00+00:00,115.65700669071254,116.54055105021374,113.98685338816156,116.37763214111328,403324000,0.0,0.0,5291.33984375,,450.0007629394531
2024-06-05 04:00:00+00:00,118.31064561773049,122.38656157559062,117.40810617337777,122.37757110595703,528402000,0.0,0.0,5354.02978515625,,459.0727233886719
2024-06-06 04:00:00+00:00,123.98474236351488,125.52295906565588,118.25966633915728,120.9363021850586,664696000,0.0,0.0,5352.9599609375,,458.91424560546875
2024-06-07 04:00:00+00:00,119.70892880786865,121.62995352369373,117.96182659837903,120.82636260986328,412386000,0.0,0.0,5346.990234375,,458.50823974609375
2024-06-10 04:00:00+00:00,120.30862356189567,123.0372272074531,116.95033628620642,121.72789764404297,313434100,0.0,10.0,5360.7900390625,,460.3602294921875
2024-06-11 04:00:00+00:00,121.71790142895497,122.81743693170633,118.6891989331394,120.8582763671875,222551200,0.01,0.0,5375.31982421875,,463.51953125
2024-06-12 04:00:00+00:00,123.00735466296415,126.82572022932071,122.51756641163499,125.14643859863281,299595000,0.0,0.0,5421.02978515625,,469.59063720703125
2024-06-13 04:00:00+00:00,129.33464307228707,129.74447132445016,127.10560139337456,129.55455017089844,260704500,0.0,0.0,5433.740234375,,472.1358947753906
2024-06-14 04:00:00+00:00,129.90441625095465,132.78317395786428,128.26511837192902,131.82359313964844,309320400,0.0,0.0,5431.60009765625,,474.5821533203125
2024-06-17 04:00:00+00:00,132.9331153831068,133.67278906643185,129.52457044327446,130.92396545410156,288504400,0.0,0.0,5473.22998046875,,480.3957214355469
2024-06-18 04:00:00+00:00,131.08388532556722,136.27166699428068,130.63408092847425,135.52198791503906,294335100,0.0,0.0,5487.02978515625,,480.54425048828125
2024-06-20 04:00:00+00:00,139.74020619139688,140.69978702792184,129.46460449105635,130.72406005859375,517768400,0.0,0.0,5473.169921875,,476.8402404785156
2024-06-21 04:00:00+00:00,127.0656139833598,130.57411435219748,124.24682083583242,126.5158462524414,649445800,0.0,0.0,5464.6201171875,,475.5626525878906
2024-06-24 04:00:00+00:00,123.18726572238242,124.40674492687346,117.98949375774167,118.05946350097656,476060900,0.0,0.0,5447.8701171875,,470.14849853515625
2024-06-25 04:00:00+00:00,121.14814167969276,126.44587713171062,119.26894878077069,126.03604888916016,414192600,0.0,0.0,5469.2998046875,,475.52496337890625
2024-06-26 04:00:00+00:00,126.07603561970313,128.0651821115694,122.54754706402704,126.3459243774414,362975900,0.0,0.0,5477.89990234375,,476.5069580078125
2024-06-27 04:00:00+00:00,124.04690423190566,126.35592112032522,122.86740877139376,123.93695068359375,252571700,0.0,0.0,5482.8701171875,,477.7369689941406
2024-06-28 04:00:00+00:00,124.52670042256338,127.65535851030685,122.69748155565787,123.48714447021484,315516700,0.0,0.0,5460.47998046875,,475.2571105957031
2024-07-01 04:00:00+00:00,123.41718700299181,124.78659610560356,118.77917237025213,124.24683380126953,284885500,0.0,0.0,5475.08984375,,478.0445556640625
2024-07-02 04:00:00+00:00,121.07817351581278,123.35720445635805,120.97821782460922,122.61751556396484,218374000,0.0,0.0,5509.009765625,,483.0638122558594
2024-07-03 04:00:00+00:00,121.60795022813568,128.22511291503906,121.30807553564613,128.22511291503906,215749000,0.0,0.0,5537.02001953125,,487.0912170410156
2024-07-05 04:00:00+00:00,127.32549339805952,128.79487325497558,125.62622385121296,125.77616119384766,214176700,0.0,0.0,5567.18994140625,,492.1699523925781
2024-07-08 04:00:00+00:00,127.43543114348468,130.71403368367476,126.98562679747023,128.14512634277344,237677300,0.0,0.0,5572.85009765625,,493.3404846191406
2024-07-09 04:00:00+00:00,130.29424856790877,133.76276548705792,128.59496354527897,131.3238067626953,285366600,0.0,0.0,5576.97998046875,,493.76702880859375
2024-07-10 04:00:00+00:00,133.9726664675838,135.04221608834806,132.36335454676214,134.852294921875,248978600,0.0,0.0,5633.91015625,,498.915283203125
2024-07-11 04:00:00+00:00,135.69193143030844,136.09175422496259,126.99565600235432,127.34550476074219,374782700,0.0,0.0,5584.5400390625,,487.9739990234375
2024-07-12 04:00:00+00:00,128.20514625821357,131.86358478076724,127.16559770787343,129.1847381591797,252680500,0.0,0.0,5615.35009765625,,490.8407897949219
2024-07-15 04:00:00+00:00,130.50414372087192,131.33379047542198,127.1255924372887,128.3850555419922,208326200,0.0,0.0,5631.22021484375,,492.16009521484375
2024-07-16 04:00:00+00:00,128.38505064333017,128.9847847878456,124.52670149646414,126.30593872070312,214769500,0.0,0.0,5667.2001953125,,492.34857177734375
2024-07-17 04:00:00+00:00,121.29807714631912,121.79786321418705,116.670060903269,117.93951416015625,390086200,0.0,0.0,5588.27001953125,,477.8957214355469
2024-07-18 04:00:00+00:00,121.79786974825338,122.34763750285344,116.51013195140489,121.03819274902344,320979500,0.0,0.0,5544.58984375,,475.634033203125
2024-07-19 04:00:00+00:00,120.29850995680886,121.54797517785201,117.31978914047505,117.87954711914062,217223800,0.0,0.0,5505.0,,471.4182434082031
2024-07-22 04:00:00+00:00,120.2985068676328,124.01691649015211,119.80871864887781,123.48714447021484,258068900,0.0,0.0,5564.41015625,,478.4412841796875
2024-07-23 04:00:00+00:00,122.72747303753543,124.63665959294896,122.04776363902835,122.53755187988281,173911000,0.0,0.0,5555.740234375,,476.7549743652344
2024-07-24 04:00:00+00:00,119.11901958919532,119.8986847003661,113.39147504105252,114.20112609863281,327776900,0.0,0.0,5427.1298828125,,459.6535949707031
2024-07-25 04:00:00+00:00,112.99162574787731,116.58008575638628,106.25451224826189,112.23194885253906,460067000,0.0,0.0,5399.22021484375,,454.5846862792969
2024-07-26 04:00:00+00:00,116.14029297278634,116.15028320368103,111.53226465502331,113.01162719726562,293399100,0.0,0.0,5459.10009765625,,459.2469177246094
2024-07-29 04:00:00+00:00,113.64135918454429,116.23024736996389,111.2523823769322,111.54225158691406,248152100,0.0,0.0,5463.5400390625,,460.16943359375
2024-07-30 04:00:00+00:00,111.47228355856528,111.94208369239041,102.49612986212257,103.68562316894531,486833300,0.0,0.0,5436.43994140625,,453.85064697265625
2024-07-31 04:00:00+00:00,112.85168535455355,118.28935209111981,110.83254555393661,116.96991729736328,473174200,0.0,0.0,5522.2998046875,,467.2817687988281
2024-08-01 04:00:00+00:00,117.47971689042026,120.10859659996095,106.76430191931924,109.16327667236328,523462300,0.0,0.0,5446.68017578125,,455.9635009765625
2024-08-02 04:00:00+00:00,103.71561292679569,108.67349009112934,101.3266359945612,107.22410583496094,482027500,0.0,0.0,5346.56005859375,,445.1412658691406
2024-08-05 04:00:00+00:00,92.020610744235,103.36576087778293,90.65120176374947,100.40702056884766,552842400,0.0,0.0,5186.330078125,,431.8688659667969
2024-08-06 04:00:00+00:00,103.79557790935745,107.66392522983698,100.50699194542041,104.20540618896484,409012100,0.0,0.0,5240.02978515625,,435.9953918457031
2024-08-07 04:00:00+00:00,107.76386930019544,108.75345120343057,98.64777632103673,98.86768341064453,411440400,0.0,0.0,5199.5,,431.273681640625
2024-08-08 04:00:00+00:00,101.95635654950479,105.45485898012505,97.47827008281362,104.92508697509766,391910000,0.0,0.0,5319.31005859375,,444.4667663574219
2024-08-09 04:00:00+00:00,105.59480355882924,106.55439192807604,103.38574997554278,104.70518493652344,290844200,0.0,0.0,5344.16015625,,446.78790283203125
2024-08-12 04:00:00+00:00,106.27451625816647,111.02248421974713,106.214544366382,108.97335815429688,325559900,0.0,0.0,5344.39013671875,,447.7501220703125
2024-08-13 04:00:00+00:00,112.3918952304853,116.18027460234957,111.53226256952769,116.0903091430664,312646700,0.0,0.0,5434.43017578125,,458.8600158691406
2024-08-14 04:00:00+00:00,118.47929970941885,118.54926946313572,114.02120830914065,118.02949523925781,339246400,0.0,0.0,5455.2099609375,,459.0088195800781
2024-08-15 04:00:00+00:00,118.7091971963176,123.18727640390337,117.41974813678404,122.80744171142578,318086700,0.0,0.0,5543.22021484375,,470.6048583984375
2024-08-16 04:00:00+00:00,121.88783295977665,124.94652136236562,121.12815597457694,124.52670288085938,302589900,0.0,0.0,5554.25,,471.2099304199219
2024-08-19 04:00:00+00:00,124.22682769827617,129.9443817138672,123.36719502454015,129.9443817138672,318333600,0.0,0.0,5608.25,,477.3997497558594
2024-08-20 04:00:00+00:00,128.345066215563,129.82444407435935,125.83614544847738,127.19556427001953,300087400,0.0,0.0,5597.1201171875,,476.39788818359375
2024-08-21 04:00:00+00:00,127.26551201028192,129.2946496603409,126.60579842852306,128.44500732421875,257883600,0.0,0.0,5620.85009765625,,478.6198425292969
2024-08-22 04:00:00+00:00,129.96437709388331,130.69406050330699,123.04733191995243,123.68705749511719,376189100,0.0,0.0,5570.64013671875,,471.0314025878906
2024-08-23 04:00:00+00:00,125.80614369005178,129.54454879248973,125.16641816339359,129.31463623046875,323230300,0.0,0.0,5634.60986328125,,476.13995361328125
2024-08-26 04:00:00+00:00,129.5145768150302,131.20384101513017,124.3167968178151,126.40589904785156,331964700,0.0,0.0,5616.83984375,,471.5174560546875
2024-08-27 04:00:00+00:00,124.99650751528328,129.14472607274774,123.8270022374259,128.2451171875,303134600,0.0,0.0,5625.7998046875,,472.926025390625
2024-08-28 04:00:00+00:00,128.06518755846798,128.27510443502842,122.58753608006307,125.55626678466797,448101100,0.0,0.0,5592.18017578125,,467.5595397949219
2024-08-29 04:00:00+00:00,121.30807159752445,124.37675766304139,116.66005977160985,117.53968048095703,453023300,0.0,0.0,5591.9599609375,,466.87506103515625
2024-08-30 04:00:00+00:00,119.47885915972935,121.69791057687668,117.169849908653,119.31893157958984,333751600,0.0,0.0,5648.39990234375,,472.4399108886719
2024-09-03 04:00:00+00:00,115.96036355880885,116.1602749319815,107.24409346859224,107.95378875732422,477155100,0.0,0.0,5528.93017578125,,458.09625244140625
2024-09-04 04:00:00+00:00,105.36490525672457,113.22153543398687,104.07545625261184,106.16455841064453,372470300,0.0,0.0,5520.06982421875,,456.9058532714844
2024-09-05 04:00:00+00:00,104.94508720389065,109.60309749669094,104.71518985962717,107.16413879394531,306850700,0.0,0.0,5503.41015625,,457.3324279785156
2024-09-06 04:00:00+00:00,107.99376493617882,108.10371847150348,100.90679515321645,102.78599548339844,413638100,0.0,0.0,5408.419921875,,445.08172607421875
2024-09-09 04:00:00+00:00,104.83512245061276,106.50441370678206,103.64563679939363,106.42444610595703,273912000,0.0,0.0,5471.0498046875,,450.8053283691406
2024-09-10 04:00:00+00:00,107.76386463370491,109.35318822314704,104.90508784485718,108.05374145507812,268283700,0.0,0.0,5495.52001953125,,454.9715881347656
2024-09-11 04:00:00+00:00,109.34319126914343,117.13985668962943,107.37403301447969,116.85997772216797,441422400,0.0,0.0,5554.1298828125,,464.8514709472656
2024-09-12 04:00:00+00:00,116.80000446674823,120.74865704096976,115.34050510922769,119.0992202758789,366052700,0.01,0.0,5595.759765625,,469.4144592285156
2024-09-13 04:00:00+00:00,119.0392295640139,119.91892551173434,117.55973295121166,119.05921936035156,238358300,0.0,0.0,5626.02001953125,,471.5174560546875
2024-09-16 04:00:00+00:00,116.75001183404176,118.13953528569532,114.32084356482326,116.7400131225586,248772300,0.0,0.0,5633.08984375,,469.434326171875
2024-09-17 04:00:00+00:00,118.12954900355818,118.75933823796504,114.79069593440207,115.55043029785156,231925900,0.0,0.0,5634.580078125,,469.68231201171875
2024-09-18 04:00:00+00:00,115.850318172966,117.659695980885,113.18123422247302,113.33118438720703,310318900,0.0,0.0,5618.259765625,,467.6488037109375
2024-09-19 04:00:00+00:00,117.30982462581498,119.6190390017094,117.20986038538442,117.82965087890625,293506400,0.0,0.0,5713.64013671875,,479.472900390625
2024-09-20 04:00:00+00:00,117.0199313836397,118.57940262799143,115.35050480567513,115.96029663085938,382462400,0.0,0.0,5702.5498046875,,478.560302734375
2024-09-23 04:00:00+00:00,116.51010886475667,116.94995306986277,114.82068489843978,116.22020721435547,206228500,0.0,0.0,5718.56982421875,,479.8288269042969
2024-09-24 04:00:00+00:00,116.4801041033547,121.75830281490052,115.34049501127092,120.82862091064453,354966800,0.0,0.0,5732.93017578125,,482.143310546875
2024-09-25 04:00:00+00:00,121.9782246233193,124.8972307941946,121.56836894761845,123.46772003173828,284692900,0.0,0.0,5722.259765625,,482.59033203125
2024-09-26 04:00:00+00:00,126.75659295249227,127.62629022604027,121.75830470715397,123.9975357055664,302582900,0.0,0.0,5745.3701171875,,486.2160949707031
2024-09-27 04:00:00+00:00,123.9275641535197,123.9875411739155,119.21917738287792,121.35844421386719,271009200,0.0,0.0,5738.169921875,,483.5141906738281
2024-09-30 04:00:00+00:00,118.26949648274505,121.45840689022769,118.10955522149155,121.39842987060547,226553700,0.0,0.0,5762.47998046875,,484.8254089355469
2024-10-01 04:00:00+00:00,121.72830139861978,122.39807778038482,115.75035328043049,116.9599380493164,302094500,0.0,0.0,5708.75,,478.0705871582031
2024-10-02 04:00:00+00:00,116.40014740227824,119.33913591399957,115.1005893150636,118.80931854248047,221845900,0.0,0.0,5709.5400390625,,478.74609375
2024-10-03 04:00:00+00:00,120.87860561160097,124.31743049345978,120.2988023230489,122.80794525146484,277118000,0.0,0.0,5699.93994140625,,478.3884582519531
2024-10-04 04:00:00+00:00,124.89723283717322,124.99719707970252,121.78829684578011,124.87723541259766,243678100,0.0,0.0,5751.06982421875,,484.08038330078125
2024-10-07 04:00:00+00:00,124.94720840149982,130.59527568838965,124.90722118000957,127.67627716064453,346250200,0.0,0.0,5695.93994140625,,478.8951416015625
2024-10-08 04:00:00+00:00,130.2153933149511,133.43429200303964,129.3756845929013,132.84449768066406,285722500,0.0,0.0,5751.1298828125,,486.0472412109375
2024-10-09 04:00:00+00:00,134.06409064908044,134.473953954377,131.33502948270424,132.60458374023438,246191600,0.0,0.0,5792.0400390625,,489.87164306640625
2024-10-10 04:00:00+00:00,131.86483875930813,134.95377710780917,130.9551466749852,134.7638397216797,242311300,0.0,0.0,5780.0498046875,,489.3153381347656
2024-10-11 04:00:00+00:00,133.9641223517835,135.73352074472976,133.61425131031754,134.7538604736328,170209500,0.0,0.0,5815.02978515625,,490.0802307128906
2024-10-14 04:00:00+00:00,136.42329237635488,139.5522259694365,136.25335239175735,138.0227508544922,232347700,0.0,0.0,5859.85009765625,,494.19268798828125
2024-10-15 04:00:00+00:00,137.82280508502743,138.52257769243778,128.6959404665834,131.55496215820312,377831000,0.0,0.0,5815.259765625,,487.5869140625
2024-10-16 04:00:00+00:00,133.93414345953184,136.57323935639468,131.53497091822635,135.67355346679688,264879700,0.0,0.0,5842.47021484375,,487.6465148925781
2024-10-17 04:00:00+00:00,139.2923118529861,140.8417844676902,136.8231559081479,136.8831329345703,306435900,0.0,0.0,5841.47021484375,,487.9842529296875
2024-10-18 04:00:00+00:00,138.62252759913224,138.85244459278235,137.23300404466042,137.9527587890625,176090200,0.0,0.0,5864.669921875,,491.1828308105469
2024-10-21 04:00:00+00:00,138.0827206747143,143.6608123779297,137.95276029474488,143.6608123779297,264554500,0.0,0.0,5853.97998046875,,492.1265869140625
2024-10-22 04:00:00+00:00,142.86108785315807,144.37056551302095,141.73146975294682,143.5408477783203,226311600,0.0,0.0,5851.2001953125,,492.6629638671875
2024-10-23 04:00:00+00:00,141.9813779606296,142.38123492807873,137.41295033058282,139.51222229003906,285930000,0.0,0.0,5797.419921875,,485.1134338378906
2024-10-24 04:00:00+00:00,140.7718017861216,141.30161913611144,138.41260905173522,140.3619384765625,172354900,0.0,0.0,5809.85986328125,,489.047119140625
2024-10-25 04:00:00+00:00,140.8817548130095,144.08067171203157,140.75180968215267,141.49154663085938,205122100,0.0,0.0,5808.1201171875,,492.0272216796875
2024-10-28 04:00:00+00:00,142.95105547012693,143.09100694226274,140.00206821568727,140.47190856933594,173586700,0.0,0.0,5823.52001953125,,492.1066589355469
2024-10-29 04:00:00+00:00,140.2419668294209,142.21129364579818,138.8524432880062,141.20164489746094,157593600,0.0,0.0,5832.919921875,,496.8350524902344
2024-10-30 04:00:00+00:00,139.49222584841445,140.28196395700422,136.76316465511044,139.29229736328125,179418100,0.0,0.0,5813.669921875,,493.08013916015625
2024-10-31 04:00:00+00:00,137.55290880572403,137.56289989167158,132.06478241439225,132.7145538330078,270039600,0.0,0.0,5705.4501953125,,480.63348388671875
2024-11-01 04:00:00+00:00,134.65389558133728,137.26300291330367,134.52395044654537,135.35365295410156,207127800,0.0,0.0,5728.7998046875,,484.1896667480469
2024-11-04 05:00:00+00:00,137.16303982117785,138.91244079735898,135.52360180221356,136.00343322753906,187528200,0.0,0.0,5712.68994140625,,482.7790832519531
2024-11-05 05:00:00+00:00,137.40294177771256,140.3219403030432,137.28298774012364,139.8621063232422,160537400,0.0,0.0,5782.759765625,,488.9378967285156
2024-11-06 05:00:00+00:00,142.9110784725191,146.43986910531262,141.91142072377156,145.56016540527344,242043900,0.0,0.0,5929.0400390625,,502.2189636230469
2024-11-07 05:00:00+00:00,146.33990241230273,148.87902647248674,146.11997647950326,148.8290557861328,207323300,0.0,0.0,5973.10009765625,,510.1260070800781
2024-11-08 05:00:00+00:00,148.71906153874144,149.71871911263233,146.2099112659944,147.57945251464844,175665800,0.0,0.0,5995.5400390625,,510.72210693359375
2024-11-11 05:00:00+00:00,148.6290778599626,148.79903306733925,143.52084240062385,145.2102508544922,182325600,0.0,0.0,6001.35009765625,,510.42413330078125
2024-11-12 05:00:00+00:00,146.7297346202135,149.59874692031187,145.95999403229789,148.2392120361328,198634700,0.0,0.0,5983.990234375,,509.5002746582031
2024-11-13 05:00:00+00:00,149.01898487542564,149.27889039349282,145.85005645366056,146.21994018554688,191903300,0.0,0.0,5985.3798828125,,508.84466552734375
2024-11-14 05:00:00+00:00,147.58945090415918,148.94898588208457,145.5001701321721,146.70974731445312,194463300,0.0,0.0,5949.169921875,,505.3083801269531
2024-11-15 05:00:00+00:00,144.8203910682193,145.1902747512061,140.03203789439084,141.93138122558594,250132900,0.0,0.0,5870.6201171875,,493.2688903808594
2024-11-18 05:00:00+00:00,139.45223367342163,141.50153478170088,137.10303223771245,140.1020050048828,221205300,0.0,0.0,5893.6201171875,,496.6959533691406
2024-11-19 05:00:00+00:00,141.27163159656618,147.0796403153284,140.94174272954967,146.9596710205078,227834900,0.0,0.0,5916.97998046875,,500.1130676269531
2024-11-20 05:00:00+00:00,147.35954130772643,147.50948385732136,142.68113546401185,145.84005737304688,309871700,0.0,0.0,5917.10986328125,,499.8250427246094
2024-11-21 05:00:00+00:00,149.29888738883682,152.83766902515802,140.65183891204953,146.6197967529297,400946600,0.0,0.0,5948.7099609375,,501.623046875
2024-11-22 05:00:00+00:00,145.88003080645086,147.10962067545384,141.05169787065546,141.90139770507812,236406200,0.0,0.0,5969.33984375,,502.4275817871094
2024-11-25 05:00:00+00:00,141.9413916908634,142.00136870780395,135.7735059739188,135.9734344482422,344941900,0.0,0.0,5987.3701171875,,503.2222900390625
2024-11-26 05:00:00+00:00,137.6528702588759,139.25232877348597,135.6235662299349,136.87313842773438,190287700,0.0,0.0,6021.6298828125,,505.9241638183594
2024-11-27 05:00:00+00:00,134.96376655836661,137.17301655731904,131.7548742168772,135.2936553955078,226370900,0.0,0.0,5998.740234375,,501.94085693359375
2024-11-29 05:00:00+00:00,136.7331843976686,139.30231211006736,136.0034385187834,138.2026824951172,141863200,0.0,0.0,6032.3798828125,,506.351318359375
2024-12-02 05:00:00+00:00,138.78246325473978,140.401903648449,137.77281459318448,138.58253479003906,171682800,0.0,0.0,6047.14990234375,,511.86444091796875
2024-12-03 05:00:00+00:00,138.21267485883047,140.49189330582607,137.90278339727084,140.2119903564453,164414000,0.0,0.0,6049.8798828125,,513.4338989257812
2024-12-04 05:00:00+00:00,141.95140715914127,145.740103497805,140.24198561488052,145.09033203125,231224300,0.0,0.0,6086.490234375,,519.781494140625
2024-12-05 05:00:00+00:00,145.07032934736787,146.49993108099994,143.9106428157812,145.0203399658203,172621200,0.01,0.0,6075.10986328125,,518.3411254882812
2024-12-06 05:00:00+00:00,144.56045967909182,145.66014968908138,141.2713509133455,142.4010467529297,188505600,0.0,0.0,6090.27001953125,,522.9801025390625
2024-12-09 05:00:00+00:00,138.93199359328304,139.91172129670065,137.0925004855475,138.77203369140625,189308600,0.0,0.0,6052.85009765625,,518.9073486328125
2024-12-10 05:00:00+00:00,138.97197539548316,141.7812196768295,133.7534018405272,135.03306579589844,210020900,0.0,0.0,6034.91015625,,517.1390991210938
2024-12-11 05:00:00+00:00,137.32243273699547,140.13166176303284,135.173026862483,139.2718963623047,184905200,0.0,0.0,6084.18994140625,,526.397216796875
2024-12-12 05:00:00+00:00,137.04252103958567,138.40214979482639,135.76287224107875,137.3024444580078,159211400,0.0,0.0,6051.25,,522.9998779296875
2024-12-13 05:00:00+00:00,138.9020072444441,139.56183041879834,132.50374826625531,134.21328735351562,231514900,0.0,0.0,6051.08984375,,527.003173828125
2024-12-16 05:00:00+00:00,134.14327863720246,134.36321966164874,130.3843129319086,131.96388244628906,237951100,0.0,0.0,6074.080078125,,534.5923461914062
2024-12-17 05:00:00+00:00,129.0546920799943,131.5540083659402,126.82530622422306,130.35433959960938,259410300,0.0,0.0,6050.60986328125,,532.2381591796875
2024-12-18 05:00:00+00:00,133.82339933223892,136.6626191312432,128.2449232385065,128.874755859375,277444500,0.0,0.0,5872.16015625,,513.0365600585938
2024-12-19 05:00:00+00:00,131.72394769790225,133.99333094415113,129.51456085077075,130.6442413330078,209719200,0.0,0.0,5867.080078125,,510.7519226074219
2024-12-20 05:00:00+00:00,129.7745000485284,135.24300545668208,128.1849385069714,134.6631622314453,306528600,0.0,0.0,5930.85009765625,,515.2119750976562
2024-12-23 05:00:00+00:00,136.24273302531586,139.75176772445488,135.08304656610844,139.63180541992188,176053500,0.0,0.0,5974.06982421875,,520.2316284179688
2024-12-24 05:00:00+00:00,139.9617148258363,141.86118913948326,138.61207790245493,140.18165588378906,105157000,0.0,0.0,6040.0400390625,,527.285888671875
2024-12-26 05:00:00+00:00,139.66180603983884,140.8115008078877,137.69234337416663,139.89173889160156,116205600,0.0,0.0,6037.58984375,,526.9276733398438
2024-12-27 05:00:00+00:00,138.5121216661011,138.9819943823141,134.67317523350815,136.9725341796875,170582600,0.0,0.0,5970.83984375,,519.9231567382812
2024-12-30 05:00:00+00:00,134.79311660884966,140.2316308377207,133.98334063995796,137.452392578125,167734700,0.0,0.0,5906.93994140625,,513.0081787109375
2024-12-31 05:00:00+00:00,137.99226367763055,138.0322612848829,133.79341493856927,134.25328063964844,155659200,0.0,0.0,5881.6298828125,,508.6503601074219
2025-01-02 05:00:00+00:00,135.96280522543205,138.84202245285945,134.5931847895647,138.2721710205078,198247200,0.0,0.0,5868.5498046875,,507.6553955078125
2025-01-03 05:00:00+00:00,139.9717090810043,144.86037131104774,139.69178686675932,144.4304962158203,229322500,0.0,0.0,5942.47021484375,,515.9632568359375
2025-01-06 05:00:00+00:00,148.54936300568127,152.11839407781596,147.77958455274808,149.38912963867188,265377400,0.0,0.0,5975.3798828125,,521.89306640625
2025-01-07 05:00:00+00:00,152.98814312185272,153.08812187242287,139.97169998670535,140.10166931152344,351782200,0.0,0.0,5909.02978515625,,512.580322265625
2025-01-08 05:00:00+00:00,142.5410270870028,143.9106477112154,137.5223950503333,140.0717010498047,227349900,0.0,0.0,5918.25,,512.669921875
2025-01-10 05:00:00+00:00,137.41242079266553,139.88174676307978,134.18330808313058,135.8728485107422,207602500,0.0,0.0,5827.0400390625,,504.6307373046875
2025-01-13 05:00:00+00:00,129.95446851982027,133.4535116815908,129.4745887600242,133.19357299804688,204808900,0.0,0.0,5836.22021484375,,503.0089111328125
2025-01-14 05:00:00+00:00,136.0128040706775,136.3427156721725,130.0144445990235,131.72396850585938,195590500,0.0,0.0,5842.91015625,,502.5313415527344
2025-01-15 05:00:00+00:00,133.61345527658474,136.4126928345012,131.25409986764885,136.2027587890625,185217300,0.0,0.0,5949.91015625,,514.0926513671875
2025-01-16 05:00:00+00:00,138.60208327625168,138.7120538029648,133.4534978315376,133.53347778320312,209235600,0.0,0.0,5937.33984375,,510.49102783203125
2025-01-17 05:00:00+00:00,136.65262268416788,138.46212527408701,135.4229633158422,137.67234802246094,201188800,0.0,0.0,5996.66015625,,519.1072387695312
2025-01-21 05:00:00+00:00,139.12194717769367,141.7912151745994,137.05250594430132,140.79148864746094,197749000,0.0,0.0,6049.240234375,,522.15185546875
2025-01-22 05:00:00+00:00,144.62047062339892,147.74960487622204,143.63073568135124,147.02981567382812,237651400,0.0,0.0,6086.3701171875,,528.8280029296875
2025-01-23 05:00:00+00:00,145.01034368405638,147.1897403093082,143.6807055002306,147.17974853515625,155915500,0.0,0.0,6118.7099609375,,529.9522705078125
2025-01-24 05:00:00+00:00,148.32942123311412,148.92926325643236,141.84120577881646,142.58099365234375,234657600,0.0,0.0,6101.240234375,,526.9574584960938
2025-01-27 05:00:00+00:00,124.76587139934672,128.36487767970476,116.66808057296325,118.38761138916016,818830900,0.0,0.0,6012.27978515625,,511.6153259277344
2025-01-28 05:00:00+00:00,121.77668294561497,128.96471894622445,116.21820602712087,128.95472717285156,579666400,0.0,0.0,6067.7001953125,,519.1769409179688
2025-01-29 05:00:00+00:00,126.46541333864903,126.8553060976507,120.01717989918284,123.66617584228516,467120600,0.0,0.0,6039.31005859375,,518.2018432617188
2025-01-30 05:00:00+00:00,123.06634175444341,124.96582380169083,118.06770880237578,124.61592102050781,392925500,0.0,0.0,6071.169921875,,520.41064453125
2025-01-31 05:00:00+00:00,123.74615511454752,127.81504199868698,119.15741376372098,120.03717041015625,388161100,0.0,0.0,6040.52978515625,,519.654541015625
2025-02-03 05:00:00+00:00,114.71862375628316,118.53757894355685,112.97910166242248,116.62810516357422,371235700,0.0,0.0,5994.56982421875,,515.49560546875
2025-02-04 05:00:00+00:00,116.92801344303115,121.16685177317855,116.66808241089754,118.6175537109375,256550000,0.0,0.0,6037.8798828125,,521.8235473632812
2025-02-05 05:00:00+00:00,121.72670769553925,124.96581960402936,120.72698113870702,124.79586791992188,262230800,0.0,0.0,6061.47998046875,,524.1915283203125
2025-02-06 05:00:00+00:00,127.38517104864236,128.7348081612174,125.1757760130246,128.6448211669922,251483600,0.0,0.0,6083.56982421875,,526.9276733398438
2025-02-07 05:00:00+00:00,129.18464838201572,130.3343276557766,124.96580169637689,129.80447387695312,228186300,0.0,0.0,6025.990234375,,520.2813720703125
2025-02-10 05:00:00+00:00,130.05441853152416,134.96307937585763,129.92446445785666,133.53347778320312,216989100,0.0,0.0,6066.43994140625,,526.579345703125
2025-02-11 05:00:00+00:00,132.54376130884148,134.4432358451655,130.9841901729766,132.76370239257812,178902400,0.0,0.0,6068.5,,525.3257446289062
2025-02-12 05:00:00+00:00,129.98445236307722,132.203846559633,129.04470695043977,131.10414123535156,160278600,0.0,0.0,6051.97021484375,,525.6340942382812
2025-02-13 05:00:00+00:00,131.52401516963508,136.46266649297655,131.13412244698262,135.25299072265625,197430000,0.0,0.0,6115.06982421875,,533.1959228515625
2025-02-14 05:00:00+00:00,136.44266486168982,139.21191146517995,135.46293718873886,138.81202697753906,195479600,0.0,0.0,6114.6298828125,,535.4345092773438
2025-02-18 05:00:00+00:00,141.23137649622348,143.40078131766987,137.89227816645598,139.36187744140625,219176600,0.0,0.0,6129.580078125,,536.6483154296875
2025-02-19 05:00:00+00:00,139.4718625554808,141.32136300101118,137.18249518803503,139.1919403076172,167536000,0.0,0.0,6144.14990234375,,536.7975463867188
2025-02-20 05:00:00+00:00,139.99172108753137,140.62155375629743,136.75260126124348,140.0717010498047,143903600,0.0,0.0,6117.52001953125,,534.5191040039062
2025-02-21 05:00:00+00:00,140.0017008694862,141.42132600995674,133.99334973043614,134.3932342529297,228217600,0.0,0.0,6013.1298828125,,523.4253540039062
2025-02-24 05:00:00+00:00,136.52266681200447,138.55211066034528,130.04444248958205,130.244384765625,251381100,0.0,0.0,5983.25,,517.2467651367188
2025-02-25 05:00:00+00:00,129.94445760453814,130.16439867421266,124.40597902043103,126.59537506103516,271428700,0.0,0.0,5955.25,,510.7298278808594
2025-02-26 05:00:00+00:00,129.95446947322534,133.69343728770713,128.4548795357506,131.24411010742188,322553800,0.0,0.0,5956.06005859375,,511.96356201171875
2025-02-27 05:00:00+00:00,134.96308744670299,134.9730792207777,119.97718824289691,120.11714935302734,443175800,0.0,0.0,5861.56982421875,,497.7456359863281
2025-02-28 05:00:00+00:00,117.98772650698133,125.05579305607802,116.36817434407594,124.8858413696289,389091100,0.0,0.0,5954.5,,505.60577392578125
2025-03-03 05:00:00+00:00,123.47622912906817,123.66617198823369,112.2492965435478,114.02880859375,411381400,0.0,0.0,5849.72021484375,,494.5418701171875
2025-03-04 05:00:00+00:00,110.61975353757568,119.27738221868555,110.07990024013375,115.95829010009766,398163300,0.0,0.0,5778.14990234375,,493.0494384765625
2025-03-05 05:00:00+00:00,117.54785129486386,118.24765683915241,114.47869104666965,117.26792907714844,284337900,0.0,0.0,5842.6298828125,,499.4768371582031
2025-03-06 05:00:00+00:00,113.49895407905146,115.31845609620828,110.18986163701831,110.53976440429688,321181900,0.0,0.0,5738.52001953125,,485.7365417480469
2025-03-07 05:00:00+00:00,111.21958617661252,113.44897988924723,107.53059251797079,112.65919494628906,341755500,0.0,0.0,5770.2001953125,,489.30841064453125
2025-03-10 04:00:00+00:00,109.8699441866197,111.81940781621753,105.43115607331026,106.95074462890625,366487400,0.0,0.0,5614.56005859375,,470.3446044921875
2025-03-11 04:00:00+00:00,106.96074247458567,112.20930691241836,104.74134829193281,108.73026275634766,354865700,0.0,0.0,5572.06982421875,,469.2203063964844
2025-03-12 04:00:00+00:00,114.09930053195751,116.73882100614277,112.85951998498375,115.71900177001953,323857500,0.01,0.0,5599.2998046875,,474.51348876953125
2025-03-13 04:00:00+00:00,117.00876245655117,117.73863334670654,113.76935252443205,115.55902862548828,299033100,0.0,0.0,5521.52001953125,,465.97674560546875
2025-03-14 04:00:00+00:00,118.58847644066721,121.85787967708788,118.12856083227834,121.64791870117188,277593500,0.0,0.0,5638.93994140625,,477.2396240234375
2025-03-17 04:00:00+00:00,122.71772499646224,122.86769930249316,118.00858060635532,119.50830841064453,255501500,0.0,0.0,5675.1201171875,,480.33392333984375
2025-03-18 04:00:00+00:00,117.97859103200136,118.99840261510599,114.51921970184797,115.4090576171875,299686900,0.0,0.0,5614.66015625,,472.1454772949219
2025-03-19 04:00:00+00:00,117.24871784817985,120.42814113812437,115.65901001721268,117.49867248535156,273426200,0.0,0.0,5675.2900390625,,478.46343994140625
2025-03-20 04:00:00+00:00,116.5288475567653,120.17817892707569,116.44886024718888,118.50848388671875,248829700,0.0,0.0,5662.89013671875,,476.8416442871094
2025-03-21 04:00:00+00:00,116.91877807414131,117.96858292451893,115.39904967929496,117.67863464355469,266498500,0.0,0.0,5667.56005859375,,478.4136657714844
2025-03-24 04:00:00+00:00,119.85824123014483,122.19782052957932,119.31833831489072,121.38796997070312,228452500,0.0,0.0,5767.56982421875,,488.9121398925781
2025-03-25 04:00:00+00:00,120.52812446850508,121.26798803028822,118.89841541478116,120.66809844970703,167447200,0.0,0.0,5776.64990234375,,491.7021789550781
2025-03-26 04:00:00+00:00,118.70845626054094,118.81842927999459,112.68954449720724,113.7393569946289,293463300,0.0,0.0,5712.2001953125,,482.65447998046875
2025-03-27 04:00:00+00:00,111.32978747025457,114.42922326739314,110.63991789836862,111.40977478027344,236902100,0.0,0.0,5693.31005859375,,479.90435791015625
2025-03-28 04:00:00+00:00,111.46976244373079,112.84951685583745,109.0502035041368,109.65009307861328,229872500,0.0,0.0,5580.93994140625,,467.26953125
2025-03-31 04:00:00+00:00,105.11091847763528,110.93986229194257,103.63119133667838,108.3603286743164,299212700,0.0,0.0,5611.85009765625,,467.2496032714844
2025-04-01 04:00:00+00:00,108.50030342775528,110.17999886185885,106.45068001979016,110.13001251220703,222614000,0.0,0.0,5633.06982421875,,471.01611328125
2025-04-02 04:00:00+00:00,107.2705266243207,111.95967777974947,106.77061737970816,110.39995574951172,220601200,0.0,0.0,5670.97021484375,,474.4538269042969
2025-04-03 04:00:00+00:00,103.49122110695384,105.61083156865355,101.58156399912866,101.78153228759766,338769400,0.0,0.0,5396.52001953125,,449.0546569824219
2025-04-04 04:00:00+00:00,98.89205625014841,100.11182847125419,92.09328707213024,94.29288482666016,532273800,0.0,0.0,5074.080078125,,421.16436767578125
2025-04-07 04:00:00+00:00,87.444123819458,101.73153089146867,86.60427995314998,97.62227630615234,611041300,0.0,0.0,5062.25,,422.1806945800781
2025-04-08 04:00:00+00:00,103.79115551332612,105.83078615825814,94.44285411172834,96.28252410888672,476243400,0.0,0.0,4982.77001953125,,414.577880859375
2025-04-09 04:00:00+00:00,98.87205653888144,115.07911444025873,97.51230269046886,114.30925750732422,612918300,0.0,0.0,5456.89990234375,,464.3399963378906
2025-04-10 04:00:00+00:00,109.35015243101728,110.83987986480561,99.13200610877084,107.55047607421875,437812400,0.0,0.0,5268.0498046875,,444.590576171875
2025-04-11 04:00:00+00:00,108.4803070767672,111.52975654810143,107.46049556472005,110.90986633300781,313417300,0.0,0.0,5363.35986328125,,452.7812805175781
2025-04-14 04:00:00+00:00,114.08928762467488,114.26925525660798,109.05020155855789,110.68990325927734,264705000,0.0,0.0,5405.97021484375,,455.8503112792969
2025-04-15 04:00:00+00:00,110.94986159507806,113.59938217981927,110.4799456735416,112.17963409423828,228966900,0.0,0.0,5396.6298828125,,456.3584899902344
2025-04-16 04:00:00+00:00,104.53103311878802,106.77062454919468,100.4317709352981,104.47103881835938,397016900,0.0,0.0,5275.7001953125,,442.59771728515625
2025-04-17 04:00:00+00:00,104.43103458781992,104.45103522860795,100.0318394876262,101.47157287597656,292517500,0.0,0.0,5282.7001953125,,442.51800537109375
2025-04-21 04:00:00+00:00,98.75207336541831,99.42195758129023,95.02275450080649,96.89241790771484,288501100,0.0,0.0,5158.2001953125,,431.567138671875
2025-04-22 04:00:00+00:00,98.76206678289148,99.7918785816798,97.26233908492571,98.8720474243164,241004800,0.0,0.0,5287.759765625,,442.89666748046875
2025-04-23 04:00:00+00:00,104.5010295750129,104.78098517141211,102.00148324580945,102.69136047363281,247526000,0.0,0.0,5375.85986328125,,452.9407043457031
2025-04-24 04:00:00+00:00,103.46121375263034,106.52065568558213,103.09127819009328,106.41067504882812,220815000,0.0,0.0,5484.77001953125,,465.6851806640625
2025-04-25 04:00:00+00:00,106.83061166162848,111.89969145813895,105.71081975581805,110.98986053466797,251064700,0.0,0.0,5525.2099609375,,470.8766174316406
2025-04-28 04:00:00+00:00,109.67009093365705,110.3499678015911,106.00075133412535,108.71026611328125,207708500,0.0,0.0,5528.75,,470.7271423339844
2025-04-29 04:00:00+00:00,107.65046012276234,110.1799998026459,107.42050613077843,109.00021362304688,170444300,0.0,0.0,5560.830078125,,473.8360290527344
2025-04-30 04:00:00+00:00,104.45104108413872,108.90023040771484,104.06111247501677,108.90023040771484,235044600,0.0,0.0,5569.06005859375,,473.7762451171875
2025-05-01 04:00:00+00:00,113.05947899879722,114.9191420385801,111.27980327057723,111.5897445678711,236121500,0.0,0.0,5604.14013671875,,479.964111328125
2025-05-02 04:00:00+00:00,114.15928352450368,115.37906338859757,113.34943293159324,114.4792251586914,190194800,0.0,0.0,5686.669921875,,487.0886535644531
2025-05-05 04:00:00+00:00,112.88951601094917,114.64919116473993,112.63956137373921,113.79934692382812,133163200,0.0,0.0,5650.3798828125,,484.198974609375
2025-05-06 04:00:00+00:00,111.45977773347964,114.71918078517231,110.79989381468877,113.51940155029297,158525600,0.0,0.0,5606.91015625,,479.6950988769531
2025-05-07 04:00:00+00:00,113.02949042053457,117.65864757290291,112.25962586336117,117.03875732421875,206758800,0.0,0.0,5631.27978515625,,481.5783386230469
2025-05-08 04:00:00+00:00,118.22854670795566,118.658469001105,115.82898059800607,117.34870910644531,198428100,0.0,0.0,5663.93994140625,,486.55059814453125
2025-05-09 04:00:00+00:00,117.32869985728382,118.20854502226882,115.18908887008638,116.62882995605469,132972200,0.0,0.0,5659.91015625,,486.231689453125
2025-05-12 04:00:00+00:00,121.94787211512306,122.9776840209961,120.25817629208265,122.9776840209961,225023300,0.0,0.0,5844.18994140625,,506.0409240722656
2025-05-13 04:00:00+00:00,124.95732666651305,131.19619232916256,124.44741706637032,129.9064178466797,330430100,0.0,0.0,5886.5498046875,,513.75341796875
2025-05-14 04:00:00+00:00,133.17581874633882,135.4154176381041,131.65609038206884,135.3154296875,281180800,0.0,0.0,5892.580078125,,516.832275390625
2025-05-15 04:00:00+00:00,134.2656162138544,136.2752611112406,132.6359224746836,134.80552673339844,226632600,0.0,0.0,5916.93017578125,,517.4002685546875
2025-05-16 04:00:00+00:00,136.19528579014883,136.32526708518697,133.43579205010155,135.37542724609375,226542500,0.0,0.0,5958.3798828125,,519.6522827148438
2025-05-19 04:00:00+00:00,132.36596428610483,135.84532822832756,132.36596428610483,135.54539489746094,193154600,0.0,0.0,5963.60009765625,,520.1504516601562
2025-05-20 04:00:00+00:00,134.26562607401144,134.55558199625042,132.59593092987555,134.35562133789062,161514200,0.0,0.0,5940.4599609375,,518.4166259765625
2025-05-21 04:00:00+00:00,133.0358430493297,137.3750515435132,130.56629021032253,131.7760772705078,270608700,0.0,0.0,5844.60986328125,,511.21234130859375
2025-05-22 04:00:00+00:00,132.20599574301846,134.22563338103308,131.52612648714359,132.80589294433594,187344000,0.0,0.0,5842.009765625,,512.1690063476562
2025-05-23 04:00:00+00:00,129.97641506418768,132.65592152877483,129.13657112060253,131.26617431640625,198821300,0.0,0.0,5802.81982421875,,507.4259033203125
2025-05-27 04:00:00+00:00,134.1256417936587,135.63537744884945,133.2857979393918,135.47540283203125,192953600,0.0,0.0,5921.5400390625,,519.3632202148438
2025-05-28 04:00:00+00:00,136.00531758419635,137.22509744866613,134.76553707682788,134.78553771972656,304021100,0.0,0.0,5888.5498046875,,517.0614624023438
2025-05-29 04:00:00+00:00,142.22419152756274,143.46397204605128,137.88498259688382,139.1647491455078,369241900,0.0,0.0,5912.169921875,,518.077880859375
2025-05-30 04:00:00+00:00,138.6948289010735,139.59465948344436,132.8958783257386,135.10548400878906,333170900,0.0,0.0,5911.68994140625,,517.2607421875
2025-06-02 04:00:00+00:00,135.46541564458173,138.09492795630163,135.37542038395227,137.35507202148438,197663100,0.0,0.0,5935.93994140625,,521.34619140625
2025-06-03 04:00:00+00:00,138.75480693174418,141.97422364617418,137.9249557656252,141.19436645507812,225578800,0.0,0.0,5970.3701171875,,525.4215698242188
2025-06-04 04:00:00+00:00,142.1641966028205,142.36415725393297,139.5146683935161,141.8942413330078,167120800,0.0,0.0,5970.81005859375,,526.8863525390625
2025-06-05 04:00:00+00:00,142.14419665233672,143.97386636815438,138.80480646885346,139.964599609375,231397900,0.0,0.0,5939.2998046875,,522.9205322265625
2025-06-06 04:00:00+00:00,142.4841247816278,143.24399658328852,141.4843063108272,141.69427490234375,153986200,0.0,0.0,6000.35986328125,,528.0322875976562
2025-06-09 04:00:00+00:00,143.16402192873528,144.97369107987248,141.91424872977086,142.6041259765625,185114500,0.0,0.0,6005.8798828125,,528.8095092773438
2025-06-10 04:00:00+00:00,142.66410985007164,144.26381035974757,141.50431668274294,143.9338836669922,155881900,0.0,0.0,6038.81005859375,,532.3070068359375
2025-06-11 04:00:00+00:00,144.59379466225064,144.97375695921582,141.85409623212945,142.81399536132812,167694000,0.01,0.0,6022.240234375,,530.5133666992188
2025-06-12 04:00:00+00:00,141.9540901919345,144.98374938964844,141.83410852298076,144.98374938964844,162365000,0.0,0.0,6045.259765625,,531.7589111328125
2025-06-13 04:00:00+00:00,142.4640236398758,143.5639064320885,140.83421673860605,141.95408630371094,180820600,0.0,0.0,5976.97021484375,,525.0828857421875
2025-06-16 04:00:00+00:00,143.33393622751285,146.16360555156524,143.18394388862185,144.6737823486328,183133700,0.0,0.0,6033.10986328125,,532.38671875
2025-06-17 04:00:00+00:00,144.4738049491523,145.20371882793046,143.7638778428329,144.1038360595703,139108000,0.0,0.0,5982.72021484375,,527.1953125
2025-06-18 04:00:00+00:00,143.9938476821936,145.63366319028128,143.10394808189747,145.46368408203125,161494100,0.0,0.0,5980.8701171875,,527.1055297851562
2025-06-20 04:00:00+00:00,145.43368901636921,146.1836049259659,142.63399990245927,143.83387756347656,242956200,0.0,0.0,5967.83984375,,524.9533081054688
2025-06-23 04:00:00+00:00,142.48402812138661,144.76377135076248,142.01407957999888,144.15383911132812,154308900,0.0,0.0,6025.169921875,,530.3511352539062
2025-06-24 04:00:00+00:00,145.54367367470394,147.94341367999496,145.4836828445603,147.88340759277344,187566100,0.0,0.0,6092.18017578125,,538.4612426757812
2025-06-25 04:00:00+00:00,149.25328072295656,154.43269305532343,149.24327207878133,154.29270935058594,269146500,0.0,0.0,6092.16015625,,539.8377685546875
2025-06-26 04:00:00+00:00,155.9625083392563,156.70243086817015,153.98273459501658,155.00262451171875,198145700,0.0,0.0,6141.02001953125,,544.885498046875
2025-06-27 04:00:00+00:00,156.02250005395288,158.69221415352254,155.24258871826237,157.73231506347656,263234500,0.0,0.0,6173.06982421875,,546.7509155273438
2025-06-30 04:00:00+00:00,158.38224776867892,158.6422284044636,155.94253394670602,157.97230529785156,194580300,0.0,0.0,6204.9501953125,,550.292236328125
2025-07-01 04:00:00+00:00,156.27249233706732,157.18239409932116,151.47304203431221,153.2828369140625,213143600,0.0,0.0,6198.009765625,,545.653564453125
2025-07-02 04:00:00+00:00,152.962850389823,157.58234297497486,152.95285700312823,157.2323760986328,171224100,0.0,0.0,6227.419921875,,549.4542846679688
2025-07-03 04:00:00+00:00,158.35225101493015,160.96195919540767,157.7523273944205,159.3221435546875,143716100,0.0,0.0,6279.35009765625,,554.8610229492188
2025-07-07 04:00:00+00:00,158.18227071828886,159.29214695363126,157.3223664705724,158.22227478027344,140139000,0.0,0.0,6229.97998046875,,550.6813354492188
2025-07-08 04:00:00+00:00,159.31214783171163,160.20204749093682,158.3722507239072,159.98207092285156,138133000,0.0,0.0,6225.52001953125,,550.9906005859375
2025-07-09 04:00:00+00:00,161.20193770023792,164.40157611225678,161.14194686393122,162.86175537109375,183656400,0.0,0.0,6263.259765625,,554.8909912109375
2025-07-10 04:00:00+00:00,164.30159583301895,164.48156834124046,161.5918927660757,164.0816192626953,167704100,0.0,0.0,6280.4599609375,,554.0929565429688
2025-07-11 04:00:00+00:00,163.70165728031435,167.87118822352508,163.4516852914618,164.90151977539062,193633300,0.0,0.0,6259.75,,552.845947265625
2025-07-14 04:00:00+00:00,165.35146259057728,165.4714595173457,162.00184716942397,164.05162048339844,136975800,0.0,0.0,6268.56005859375,,554.85107421875
2025-07-15 04:00:00+00:00,171.17081299302788,172.38066881478494,169.18103056842588,170.6808624267578,230627400,0.0,0.0,6243.759765625,,555.3598022460938
2025-07-16 04:00:00+00:00,171.04083672550954,171.73076187811773,168.88107501049606,171.35079956054688,158831500,0.0,0.0,6263.7001953125,,555.9284057617188
2025-07-17 04:00:00+00:00,172.00073538495315,174.1404950617398,170.81086624213197,172.98062133789062,160841100,0.0,0.0,6297.35986328125,,560.4273681640625
2025-07-18 04:00:00+00:00,173.62054394819432,174.23047621121117,171.24080573231237,172.39068603515625,146456400,0.0,0.0,6296.7900390625,,559.8887329101562
2025-07-21 04:00:00+00:00,172.73065099594356,173.36058531454748,170.9808470061149,171.36080932617188,123126100,0.0,0.0,6305.60009765625,,562.7916259765625
2025-07-22 04:00:00+00:00,171.32080634495316,171.37080379639445,164.5615689540832,167.01129150390625,193114300,0.0,0.0,6309.6201171875,,559.8787841796875
2025-07-23 04:00:00+00:00,169.511004310231,171.24080620570157,167.95118153678195,170.7608642578125,154082200,0.0,0.0,6358.91015625,,562.4324951171875
2025-07-24 04:00:00+00:00,172.42067791171223,173.81052153075,171.28080627636527,173.7205352783203,128984600,0.0,0.0,6363.35009765625,,563.6295776367188
2025-07-25 04:00:00+00:00,173.59054858813744,174.70042482917586,172.9406275198062,173.48056030273438,122316800,0.0,0.0,6388.64013671875,,564.9862670898438
2025-07-28 04:00:00+00:00,174.00050427681666,176.98016607778243,173.9505068282037,176.73019409179688,140023500,0.0,0.0,6389.77001953125,,566.7518920898438
2025-07-29 04:00:00+00:00,177.94006357342778,179.35990260986108,175.00039060425894,175.49032592773438,154077500,0.0,0.0,6370.85986328125,,565.8740844726562
2025-07-30 04:00:00+00:00,176.49022309733303,179.869849375745,176.0202745228646,179.2499237060547,174312200,0.0,0.0,6362.89990234375,,566.6322631835938
2025-07-31 04:00:00+00:00,182.87950237318685,183.2794667127293,175.9102820488597,177.85006713867188,221685400,0.0,0.0,6339.39013671875,,563.6295776367188
2025-08-01 04:00:00+00:00,174.07048465468185,176.52020701181988,170.8708463561498,173.70053100585938,204529000,0.0,0.0,6238.009765625,,552.5267333984375
2025-08-04 04:00:00+00:00,175.14037394842856,180.17980241597786,174.500446281802,179.97982788085938,148174600,0.0,0.0,6329.93994140625,,562.7218017578125
2025-08-05 04:00:00+00:00,179.59986897635343,180.23979665506658,175.8802845759961,178.24002075195312,156407600,0.0,0.0,6299.18994140625,,558.901123046875
2025-08-06 04:00:00+00:00,176.31023710297544,179.87982901005608,176.23024423927978,179.39988708496094,137192300,0.0,0.0,6345.06005859375,,565.9339599609375
2025-08-07 04:00:00+00:00,181.54966930117607,183.85940811228025,178.7799753024853,180.749755859375,151878400,0.0,0.0,6340.0,,567.8491821289062
2025-08-08 04:00:00+00:00,181.52965464990967,183.27945850723472,180.3797743894202,182.6795196533203,123396700,0.0,0.0,6389.4501953125,,573.146240234375
2025-08-11 04:00:00+00:00,182.02960317073044,183.8193958765311,180.22980182096376,182.0395965576172,138323200,0.0,0.0,6373.4501953125,,571.4503784179688
2025-08-12 04:00:00+00:00,182.9395060522284,184.4593247511904,179.43989822709233,183.1394805908203,145485700,0.0,0.0,6445.759765625,,578.6328125
2025-08-13 04:00:00+00:00,182.59953978080497,183.9493946696141,179.329917039869,181.5696563720703,179871700,0.0,0.0,6466.580078125,,578.922119140625
2025-08-14 04:00:00+00:00,179.7298534235828,182.99949119039164,179.43989264021437,181.99960327148438,129554000,0.0,0.0,6468.5400390625,,578.4732666015625
2025-08-15 04:00:00+00:00,181.85962676701382,181.87961354108583,178.02004541114613,180.42977905273438,156602200,0.0,0.0,6449.7998046875,,575.929443359375
2025-08-18 04:00:00+00:00,180.57976314427117,182.91949719839158,180.56975450061333,181.98959350585938,132008000,0.0,0.0,6449.14990234375,,575.699951171875
2025-08-19 04:00:00+00:00,182.4095478886331,182.47954736718557,175.47033846497254,175.6203155517578,185229200,0.0,0.0,6411.3701171875,,567.88916015625
2025-08-20 04:00:00+00:00,175.1503706193276,175.9802794498554,168.7810892510499,175.38034057617188,215142700,0.0,0.0,6395.77978515625,,564.5174560546875
2025-08-21 04:00:00+00:00,174.83041312567687,176.88017120538285,173.79052111986658,174.96038818359375,140040900,0.0,0.0,6370.169921875,,561.90380859375
2025-08-22 04:00:00+00:00,172.59066018618677,178.56998587344157,171.18081451068767,177.97006225585938,172789400,0.0,0.0,6466.91015625,,570.5725708007812
2025-08-25 04:00:00+00:00,178.33002804439553,181.88962682620624,176.5502286534902,179.78985595703125,163012800,0.0,0.0,6439.31982421875,,568.9265747070312
2025-08-26 04:00:00+00:00,180.0398187111229,182.36955942503778,178.78995879531527,181.7496337890625,168688200,0.0,0.0,6465.93994140625,,571.2109985351562
2025-08-27 04:00:00+00:00,181.95959791056248,182.46955051009175,179.07993109949993,181.57965087890625,235518900,0.0,0.0,6481.39990234375,,572.0888671875
2025-08-28 04:00:00+00:00,180.79974711518173,184.44933204343067,176.39023757757423,180.14981079101562,281787800,0.0,0.0,6501.85986328125,,575.6701049804688
2025-08-29 04:00:00+00:00,178.09004428153852,178.130033086625,173.13059331145078,174.1604766845703,243257900,0.0,0.0,6460.259765625,,569.0064086914062
2025-09-02 04:00:00+00:00,169.980952871088,172.36069109354864,167.20126556823303,170.7608642578125,231164900,0.0,0.0,6415.5400390625,,564.2380981445312
2025-09-03 04:00:00+00:00,171.0408442884315,172.3906992342715,168.86109570238054,170.60089111328125,164424900,0.0,0.0,6448.259765625,,568.67724609375
2025-09-04 04:00:00+00:00,170.55090333056648,171.8407521362954,169.39102958990665,171.64077758789062,141670100,0.0,0.0,6502.080078125,,573.8245849609375
2025-09-05 04:00:00+00:00,168.01117837826322,169.0110663720669,164.05163046676552,167.0012969970703,224441400,0.0,0.0,6481.5,,574.6525268554688
2025-09-08 04:00:00+00:00,167.53122834914853,170.940849905597,167.33125381142952,168.2911376953125,163769100,0.0,0.0,6495.14990234375,,577.4556884765625
2025-09-09 04:00:00+00:00,169.0710489481518,170.96083655380463,166.7213214317911,170.74085998535156,157548400,0.0,0.0,6512.60986328125,,579.0917358398438
2025-09-10 04:00:00+00:00,176.62020974984335,179.26990675759993,175.45034266016896,177.3101348876953,226852000,0.0,0.0,6532.0400390625,,579.28125
2025-09-11 04:00:00+00:00,179.66999584989978,180.26996857097555,176.4701769393558,177.16014099121094,151159300,0.01,0.0,6587.47021484375,,582.6529541015625
2025-09-12 04:00:00+00:00,177.76010410307373,178.59005971058946,176.44017029123495,177.8101043701172,124911000,0.0,0.0,6584.2900390625,,585.2266235351562
2025-09-15 04:00:00+00:00,175.66021109761542,178.84004186496986,174.50027206258352,177.74009704589844,147061600,0.0,0.0,6615.27978515625,,590.234375
2025-09-16 04:00:00+00:00,176.99014687805604,177.49011904437822,174.37029760906842,174.87026977539062,140737800,0.0,0.0,6606.759765625,,589.7356567382812
2025-09-17 04:00:00+00:00,172.63039291663662,173.1903593144249,168.40063256525568,170.280517578125,211843800,0.0,0.0,6600.35009765625,,588.5585327148438
2025-09-18 04:00:00+00:00,173.9703101424577,177.09014682532762,172.95037791227023,176.23019409179688,191763300,0.0,0.0,6631.9599609375,,593.865478515625
2025-09-19 04:00:00+00:00,175.7602124903078,178.07008136373162,175.17023376194967,176.66015625,237182100,0.0,0.0,6664.35986328125,,597.8856201171875
2025-09-22 04:00:00+00:00,175.29024236301854,184.53972732383275,174.70027887607205,183.5997772216797,269637000,0.0,0.0,6693.75,,601.4251098632812
2025-09-23 04:00:00+00:00,181.9598706713119,182.409842567533,176.20019683221489,178.42005920410156,192559600,0.0,0.0,6656.919921875,,597.4302978515625
2025-09-24 04:00:00+00:00,179.75999113536878,179.76998508551358,175.39022416770254,176.96014404296875,143564100,0.0,0.0,6637.97021484375,,595.3329467773438
2025-09-25 04:00:00+00:00,174.47028665549124,180.24996380236055,173.12037093203185,177.68011474609375,191586700,0.0,0.0,6604.72021484375,,592.7662963867188
2025-09-26 04:00:00+00:00,178.16008106951017,179.75999811527313,174.920255917913,178.18008422851562,148573700,0.0,0.0,6643.7001953125,,595.203125
2025-09-29 04:00:00+00:00,180.4199550960203,183.98976381560166,180.30997586310093,181.8398895263672,193063500,0.0,0.0,6661.2099609375,,597.9595947265625
2025-09-30 04:00:00+00:00,182.06986121505474,187.3395719841704,181.4698885277926,186.56961059570312,236981000,0.0,0.0,6688.4599609375,,599.5974731445312
2025-10-01 04:00:00+00:00,185.22969505995906,188.12952754318238,183.88975804814035,187.22958374023438,173844900,0.0,0.0,6711.2001953125,,602.4737548828125
2025-10-02 04:00:00+00:00,189.5894532800495,191.0393695238543,188.04953044946197,188.87948608398438,136805800,0.0,0.0,6715.35009765625,,604.9505615234375
2025-10-03 04:00:00+00:00,189.1794627061203,190.34939569471342,185.36967740169,187.6095428466797,137596900,0.0,0.0,6715.7900390625,,602.4038696289062
2025-10-06 04:00:00+00:00,185.48967202648717,187.21957143407985,183.31979467524326,185.5296630859375,157678100,0.0,0.0,6740.27978515625,,606.9280395507812
2025-10-07 04:00:00+00:00,186.21962980709273,189.0494741147918,183.9897582054133,185.02969360351562,140088000,0.0,0.0,6714.58984375,,603.732177734375
2025-10-08 04:00:00+00:00,186.55962017208088,189.58945025835604,186.52960780500513,189.09947204589844,130168900,0.0,0.0,6753.72021484375,,610.6532592773438
2025-10-09 04:00:00+00:00,192.21928773885006,195.28912405123697,191.04935474353755,192.5592803955078,182997200,0.0,0.0,6735.10986328125,,609.9141845703125
2025-10-10 04:00:00+00:00,193.49922565779727,195.6091088464203,182.0398719523004,183.14981079101562,268774400,0.0,0.0,6552.509765625,,588.741455078125
2025-10-13 04:00:00+00:00,187.9595379156231,190.09941818271824,185.94965529464977,188.3095245361328,153482800,0.0,0.0,6654.72021484375,,601.2353515625
2025-10-14 04:00:00+00:00,184.75971529942103,184.78971240822688,179.68999030007896,180.0199737548828,205641400,0.0,0.0,6644.31005859375,,597.2305297851562
2025-10-15 04:00:00+00:00,184.7897166440438,184.85970481354866,177.2801249034248,179.8199920654297,214450500,0.0,0.0,6671.06005859375,,601.445068359375
2025-10-16 04:00:00+00:00,182.21985578014733,183.26980040587233,179.76000120804414,181.7998809814453,179723300,0.0,0.0,6629.06982421875,,599.2179565429688
2025-10-17 04:00:00+00:00,180.16996892604442,184.08976427610557,179.74000017155936,183.20980834960938,173135200,0.0,0.0,6664.009765625,,603.1528930664062
2025-10-20 04:00:00+00:00,183.1198152646831,185.18969215276272,181.71988400794234,182.6298370361328,128544700,0.0,0.0,6735.1298828125,,610.7530517578125
2025-10-21 04:00:00+00:00,182.77981647710283,182.77981647710283,179.78999271004406,181.14991760253906,124240200,0.0,0.0,6735.35009765625,,610.5933227539062
2025-10-22 04:00:00+00:00,181.1299112106735,183.42978616900905,176.7501502622395,180.26995849609375,162249600,0.0,0.0,6699.39990234375,,604.7108764648438
2025-10-23 04:00:00+00:00,180.40994799999942,183.01980322210497,179.7799782111653,182.1498565673828,111363700,0.0,0.0,6738.43994140625,,609.7943725585938
2025-10-24 04:00:00+00:00,183.8297551720498,187.45955783835475,183.48977777431884,186.24961853027344,131296700,0.0,0.0,6791.68994140625,,616.305908203125
2025-10-27 04:00:00+00:00,189.979423148828,191.98930570001696,188.41949722334647,191.47933959960938,153452700,0.0,0.0,6875.16015625,,627.2818603515625
2025-10-28 04:00:00+00:00,193.03926234185508,203.1386912540773,191.89932637827522,201.01881408691406,297986200,0.0,0.0,6890.89013671875,,632.1055908203125
2025-10-29 04:00:00+00:00,207.96842303697136,212.1781954922272,204.76860414707738,207.02847290039062,308829600,0.0,0.0,6890.58984375,,634.9519653320312
2025-10-30 04:00:00+00:00,205.1385766163601,206.1485301715792,201.39879452489242,202.8787078857422,178864400,0.0,0.0,6822.33984375,,625.2444458007812
2025-10-31 04:00:00+00:00,206.43850017947892,207.95841980607935,202.05875446792163,202.47872924804688,179802200,0.0,0.0,6840.2001953125,,628.2605590820312
2025-11-03 05:00:00+00:00,208.06841462190084,211.32822759164594,205.5485506791992,206.8684844970703,180267300,0.0,0.0,6851.97021484375,,631.2666625976562
2025-11-04 05:00:00+00:00,202.98869740675082,203.9586446199207,197.9189723693821,198.67893981933594,188919300,0.0,0.0,6771.5498046875,,618.4531860351562
2025-11-05 05:00:00+00:00,198.75894188581304,202.90870481768462,194.63916080574026,195.1991424560547,171350300,0.0,0.0,6796.2900390625,,622.47802734375
2025-11-06 05:00:00+00:00,196.40906647995496,197.60899664277025,186.3696319662745,188.0695343017578,223029800,0.0,0.0,6720.31982421875,,610.8829345703125
2025-11-07 05:00:00+00:00,184.8897071775586,188.3095303364016,178.90005019006267,188.1395263671875,264942300,0.0,0.0,6728.7998046875,,608.9553833007812
2025-11-10 05:00:00+00:00,195.09914200543773,199.9288750287355,193.7792081445882,199.03892517089844,198897100,0.0,0.0,6832.43017578125,,622.4280395507812
2025-11-11 05:00:00+00:00,195.14913483203398,195.40911485928362,191.28934919242405,193.1492462158203,176483300,0.0,0.0,6846.60986328125,,620.7702026367188
2025-11-12 05:00:00+00:00,195.70910637927892,195.87909508520013,191.1193655455878,193.78921508789062,154935300,0.0,0.0,6850.919921875,,620.2808227539062
2025-11-13 05:00:00+00:00,191.03936321053533,191.42934088057365,183.8397672401686,186.84959411621094,207423100,0.0,0.0,6737.490234375,,607.6171875
2025-11-14 05:00:00+00:00,182.8498180673128,190.99935813210442,180.56994624954729,190.15940856933594,186591900,0.0,0.0,6734.10986328125,,608.0765380859375
2025-11-17 05:00:00+00:00,185.95964506857126,188.98947511566342,184.30974305565786,186.58961486816406,173628900,0.0,0.0,6672.41015625,,602.8832397460938
2025-11-18 05:00:00+00:00,183.36979105504545,184.7897101334883,179.63998782140993,181.3498992919922,213598900,0.0,0.0,6617.31982421875,,595.542724609375
2025-11-19 05:00:00+00:00,184.7796984316032,187.8495347223247,182.8198161698128,186.50961303710938,247246400,0.0,0.0,6642.16015625,,599.09814453125
2025-11-20 05:00:00+00:00,195.9390891568929,195.9890894251709,179.83999453744622,180.62994384765625,343504800,0.0,0.0,6538.759765625,,584.9163818359375
2025-11-21 05:00:00+00:00,181.22991004695137,184.54971718190046,172.92036011460985,178.8700408935547,346926200,0.0,0.0,6602.990234375,,589.3107299804688
2025-11-24 05:00:00+00:00,179.48001348627363,183.4897847612219,176.47017128450955,182.5398406982422,256618300,0.0,0.0,6705.1201171875,,604.3812866210938
2025-11-25 05:00:00+00:00,174.90026276869568,178.15008177330986,169.54056066153746,177.8101043701172,320600300,0.0,0.0,6765.8798828125,,608.1065063476562
2025-11-26 05:00:00+00:00,181.61988829154,182.8998157763143,178.2300777211247,180.2499542236328,183852000,0.0,0.0,6812.60986328125,,613.4796142578125
2025-11-28 05:00:00+00:00,179.0000253919654,179.28000857805475,176.49017066740046,176.99014282226562,121332800,0.0,0.0,6849.08984375,,618.4531860351562
2025-12-01 05:00:00+00:00,174.75027181562072,180.28997214473748,173.67033006996684,179.9099884033203,188131000,0.0,0.0,6812.6298828125,,616.3758544921875
2025-12-02 05:00:00+00:00,181.74987648908228,185.6496685428864,179.98997995570696,181.4499053955078,182632200,0.0,0.0,6829.3701171875,,621.1996459960938
2025-12-03 05:00:00+00:00,181.06992440272873,182.43984327721986,179.1000328161426,179.5800018310547,165138000,0.0,0.0,6849.72021484375,,622.7177124023438
2025-12-04 05:00:00+00:00,181.6199951171875,184.52000427246094,179.9600067138672,183.3800048828125,167364900,0.01,0.0,6857.1201171875,,622.138427734375
2025-12-05 05:00:00+00:00,183.88999938964844,184.66000366210938,180.91000366210938,182.41000366210938,143971100,0.0,0.0,6870.39990234375,,624.6751708984375
2025-12-08 05:00:00+00:00,182.63999938964844,188.0,182.39999389648438,185.5500030517578,204378100,0.0,0.0,6846.509765625,,623.4767456054688
2025-12-09 05:00:00+00:00,185.55999755859375,185.72000122070312,183.32000732421875,184.97000122070312,144719700,0.0,0.0,6840.509765625,,624.2457275390625
2025-12-10 05:00:00+00:00,184.97000122070312,185.47999572753906,182.0399932861328,183.77999877929688,162785400,0.0,0.0,6886.68017578125,,626.8024291992188
2025-12-11 05:00:00+00:00,180.27999877929688,181.32000732421875,176.6199951171875,180.92999267578125,182136600,0.0,0.0,6901.0,,624.7750854492188
2025-12-12 05:00:00+00:00,181.11000061035156,182.82000732421875,174.6199951171875,175.02000427246094,204274900,0.0,0.0,6827.41015625,,612.8304443359375
2025-12-15 05:00:00+00:00,177.94000244140625,178.4199981689453,175.02999877929688,176.2899932861328,164775600,0.0,0.0,6816.509765625,,609.75439453125
2025-12-16 05:00:00+00:00,176.25999450683594,178.49000549316406,174.89999389648438,177.72000122070312,148588100,0.0,0.0,6800.259765625,,610.9628295898438
2025-12-17 05:00:00+00:00,176.10000610351562,176.1300048828125,170.30999755859375,170.94000244140625,222775500,0.0,0.0,6721.43017578125,,599.6373901367188
2025-12-18 05:00:00+00:00,174.52999877929688,176.14999389648438,171.82000732421875,174.13999938964844,176096000,0.0,0.0,6774.759765625,,608.3262329101562
2025-12-19 05:00:00+00:00,176.6699981689453,181.4499969482422,176.33999633789062,180.99000549316406,324925900,0.0,0.0,6834.5,,616.2559814453125
2025-12-22 05:00:00+00:00,183.9199981689453,184.16000366210938,182.35000610351562,183.69000244140625,129064400,0.0,0.0,6878.490234375,,619.2100219726562
2025-12-23 05:00:00+00:00,182.97000122070312,189.3300018310547,182.89999389648438,189.2100067138672,174873600,0.0,0.0,6909.7900390625,,622.1099853515625
2025-12-24 05:00:00+00:00,187.94000244140625,188.91000366210938,186.58999633789062,188.61000061035156,65528500,0.0,0.0,6932.0498046875,,623.9299926757812
2025-12-26 05:00:00+00:00,189.9199981689453,192.69000244140625,188.0,190.52999877929688,139740300,0.0,0.0,6929.93994140625,,623.8900146484375
2025-12-29 05:00:00+00:00,187.7100067138672,188.75999450683594,185.91000366210938,188.22000122070312,120006100,0.0,0.0,6905.740234375,,620.8699951171875
2025-12-30 05:00:00+00:00,188.24000549316406,188.99000549316406,186.92999267578125,187.5399932861328,97687300,0.0,0.0,6896.240234375,,619.4299926757812
2025-12-31 05:00:00+00:00,189.57000732421875,190.55999755859375,186.49000549316406,186.5,120100500,0.0,0.0,6845.5,,614.3099975585938
2026-01-02 05:00:00+00:00,189.83999633789062,192.92999267578125,188.25999450683594,188.85000610351562,148240500,0.0,0.0,6858.47021484375,,613.1199951171875
2026-01-05 05:00:00+00:00,191.75999450683594,193.6300048828125,186.14999389648438,188.1199951171875,183529700,0.0,0.0,6902.0498046875,,617.989990234375
2026-01-06 05:00:00+00:00,190.52000427246094,192.1699981689453,186.82000732421875,187.24000549316406,176862600,0.0,0.0,6944.81982421875,,623.4199829101562
2026-01-07 05:00:00+00:00,188.57000732421875,191.3699951171875,186.55999755859375,189.11000061035156,153543200,0.0,0.0,6920.93017578125,,624.02001953125
2026-01-08 05:00:00+00:00,189.11000061035156,189.5500030517578,183.7100067138672,185.0399932861328,172457000,0.0,0.0,6921.4599609375,,620.469970703125
2026-01-09 05:00:00+00:00,185.0800018310547,186.33999633789062,183.6699981689453,184.86000061035156,131327500,0.0,0.0,6966.27978515625,,626.6500244140625
2026-01-12 05:00:00+00:00,183.22000122070312,187.1199951171875,183.02000427246094,184.94000244140625,137968500,0.0,0.0,6977.27001953125,,627.1699829101562
2026-01-13 05:00:00+00:00,185.0,188.11000061035156,183.39999389648438,185.80999755859375,160128900,0.0,0.0,6963.740234375,,626.239990234375
2026-01-14 05:00:00+00:00,184.32000732421875,184.4600067138672,180.8000030517578,183.13999938964844,159586100,0.0,0.0,6926.60009765625,,619.5499877929688
2026-01-15 05:00:00+00:00,186.5,189.6999969482422,186.3300018310547,187.0500030517578,206188600,0.0,0.0,6944.47021484375,,621.780029296875
2026-01-16 05:00:00+00:00,189.0800018310547,190.44000244140625,186.0800018310547,186.22999572753906,187967200,0.0,0.0,6940.009765625,,621.260009765625
2026-01-20 05:00:00+00:00,181.89999389648438,182.3800048828125,177.61000061035156,178.07000732421875,223345300,0.0,0.0,6796.85986328125,,608.0599975585938
2026-01-21 05:00:00+00:00,179.0500030517578,185.3800048828125,178.39999389648438,183.32000732421875,200381000,0.0,0.0,6875.6201171875,,616.280029296875
2026-01-22 05:00:00+00:00,184.75,186.1699981689453,183.92999267578125,184.83999633789062,139636600,0.0,0.0,6913.35009765625,,620.760009765625
2026-01-23 05:00:00+00:00,187.5,189.60000610351562,186.82000732421875,187.6699981689453,142748100,0.0,0.0,6915.60986328125,,622.719970703125
2026-01-26 05:00:00+00:00,187.16000366210938,189.1199951171875,185.99000549316406,186.47000122070312,124799600,0.0,0.0,6950.22998046875,,625.4600219726562
2026-01-27 05:00:00+00:00,187.24000549316406,190.0,185.6999969482422,188.52000427246094,143711600,0.0,0.0,6978.60009765625,,631.1300048828125
2026-01-28 05:00:00+00:00,191.27000427246094,192.35000610351562,189.83999633789062,191.52000427246094,148552700,0.0,0.0,6978.02978515625,,633.219970703125
2026-01-29 05:00:00+00:00,191.33999633789062,193.47999572753906,186.05999755859375,192.50999450683594,171764400,0.0,0.0,6969.009765625,,629.4299926757812
2026-01-30 05:00:00+00:00,191.2100067138672,194.49000549316406,189.47000122070312,191.1300048828125,179489500,0.0,0.0,6939.02978515625,,621.8699951171875
2026-02-02 05:00:00+00:00,187.1999969482422,190.3000030517578,184.8800048828125,185.61000061035156,165794100,0.0,0.0,6976.43994140625,,626.1400146484375
2026-02-03 05:00:00+00:00,186.24000549316406,186.27000427246094,176.22999572753906,180.33999633789062,204019600,0.0,0.0,6917.81005859375,,616.52001953125
2026-02-04 05:00:00+00:00,179.4600067138672,179.5800018310547,171.91000366210938,174.19000244140625,207014100,0.0,0.0,6882.72021484375,,605.75
2026-02-05 05:00:00+00:00,174.92999267578125,176.82000732421875,171.02999877929688,171.8800048828125,206312900,0.0,0.0,6798.39990234375,,597.030029296875
2026-02-06 05:00:00+00:00,176.69000244140625,187.0,174.60000610351562,185.41000366210938,231346200,0.0,0.0,6932.2998046875,,609.6500244140625
2026-02-09 05:00:00+00:00,184.25999450683594,193.66000366210938,183.9499969482422,190.0399932861328,196387400,0.0,0.0,6964.81982421875,,614.3200073242188
2026-02-10 05:00:00+00:00,191.3800048828125,192.47999572753906,188.1199951171875,188.5399932861328,136764800,0.0,0.0,6941.81005859375,,611.469970703125
2026-02-11 05:00:00+00:00,192.4499969482422,193.25999450683594,188.77000427246094,190.0500030517578,144192700,0.0,0.0,6941.47021484375,,613.1099853515625
2026-02-12 05:00:00+00:00,193.02999877929688,193.61000061035156,186.50999450683594,186.94000244140625,189932500,0.0,0.0,6832.759765625,,600.6400146484375
2026-02-13 05:00:00+00:00,187.47999572753906,187.5,181.58999633789062,182.80999755859375,161888000,0.0,0.0,6836.169921875,,601.9199829101562
2026-02-17 05:00:00+00:00,181.75,187.14999389648438,179.17999267578125,184.97000122070312,162276900,0.0,0.0,6843.22021484375,,601.2999877929688
2026-02-18 05:00:00+00:00,188.75,190.3699951171875,186.75999450683594,187.97999572753906,164749100,0.0,0.0,6881.31005859375,,605.7899780273438
2026-02-19 05:00:00+00:00,187.05999755859375,188.42999267578125,185.66000366210938,187.89999389648438,126554500,0.0,0.0,6861.89013671875,,603.469970703125
2026-02-20 05:00:00+00:00,186.57000732421875,190.3300018310547,185.94000244140625,189.82000732421875,178143900,0.0,0.0,6909.509765625,,608.8099975585938
