Date,Open,High,Low,Close,Volume,Dividends,Stock Splits,snp500,vix_close,qqq_close
2021-04-05 04:00:00+00:00,28.388109786439298,28.489385437731574,28.1232370635299,28.263463973999023,22096900,0.0,0.0,4077.909912109375,,321.2608947753906
2021-04-06 04:00:00+00:00,28.247890481140836,28.3569581967071,28.045342095814828,28.084293365478516,20722900,0.0,0.0,4073.93994140625,,321.0376892089844
2021-04-07 04:00:00+00:00,28.06870525211145,28.232305298700307,27.858364882317755,27.975221633911133,21933800,0.0,0.0,4079.949951171875,,321.8139953613281
2021-04-08 04:00:00+00:00,28.014177322387695,28.162196294043888,27.944063854706105,28.014177322387695,18129400,0.0,0.0,4097.169921875,,325.1717834472656
2021-04-09 04:00:00+00:00,27.96743837388671,28.676362150238038,27.96743837388671,28.51276206970215,31686700,0.0,0.0,4128.7998046875,,327.1417236328125
2021-04-12 04:00:00+00:00,28.41928054459871,28.847750468213757,28.302426731862685,28.801010131835938,29944900,0.0,0.0,4127.990234375,,326.7147521972656
2021-04-13 04:00:00+00:00,29.143779673313592,29.330749896970133,28.73867999855016,28.949020385742188,33967400,0.0,0.0,4141.58984375,,330.52850341796875
2021-04-14 04:00:00+00:00,28.956806182861328,29.120406224525652,28.79320911298755,28.956806182861328,23842900,0.0,0.0,4124.66015625,,326.55938720703125
2021-04-15 04:00:00+00:00,29.026924870103365,29.400865342641087,29.026924870103365,29.291797637939453,24945800,0.0,0.0,4170.419921875,,331.50860595703125
2021-04-16 04:00:00+00:00,29.502139612650417,30.1487419519474,29.455399279933886,30.047466278076172,52829500,0.0,0.0,4185.47021484375,,331.8968200683594
2021-04-19 04:00:00+00:00,30.070842863755768,30.351296807089362,29.860505378047453,30.327926635742188,30905100,0.0,0.0,4163.259765625,,328.8594055175781
2021-04-20 04:00:00+00:00,30.187683807718923,30.56941324603653,30.187683807718923,30.405813217163086,26459400,0.0,0.0,4134.93994140625,,326.46234130859375
2021-04-21 04:00:00+00:00,30.491513663115608,30.90440240282875,30.48372459918122,30.795337677001953,29365000,0.0,0.0,4173.419921875,,329.25726318359375
2021-04-22 04:00:00+00:00,30.75639070080256,30.771971802634038,30.008515643639342,30.101999282836914,33373600,0.0,0.0,4134.97998046875,,325.28814697265625
2021-04-23 04:00:00+00:00,30.094206435206978,30.250014462146606,29.938398408267346,30.117576599121094,24375000,0.0,0.0,4180.169921875,,329.3834228515625
2021-04-26 04:00:00+00:00,30.172108993929925,30.179901029769965,29.985141738842103,30.13315773010254,19773400,0.0,0.0,4187.6201171875,,331.5279846191406
2021-04-27 04:00:00+00:00,30.000714089016235,30.078619573457903,29.876068285699937,29.9539737701416,19061500,0.0,0.0,4186.72021484375,,330.09185791015625
2021-04-28 04:00:00+00:00,30.024095625961195,30.335708735597752,30.008514524710687,30.23443603515625,21963300,0.0,0.0,4183.18017578125,,328.9757995605469
2021-04-29 04:00:00+00:00,30.37465826845209,30.38244733197493,29.844912795176963,30.070831298828125,23569400,0.0,0.0,4211.47021484375,,330.1597900390625
2021-04-30 04:00:00+00:00,29.9929340261705,30.304550113860202,29.985144961284323,30.109790802001953,28413200,0.0,0.0,4181.169921875,,327.9957275390625
2021-05-03 04:00:00+00:00,30.413618248998873,31.036847522176803,30.351293835785288,31.0290584564209,46638600,0.0,0.0,4192.66015625,,326.24884033203125
2021-05-04 04:00:00+00:00,31.161494608863674,31.293929534491326,30.7174435484307,31.122543334960938,52802200,0.0,0.0,4164.66015625,,320.3777770996094
2021-05-05 04:00:00+00:00,31.301712012702666,32.01063567967506,30.32791560357625,31.13811492919922,76627500,0.0,0.0,4167.58984375,,319.3005676269531
2021-05-06 04:00:00+00:00,30.27273112965799,30.862766176886165,29.86363980345098,30.831296920776367,54944900,0.39,0.0,4201.6201171875,,321.70733642578125
2021-05-07 04:00:00+00:00,30.72116235231065,31.366267198551775,30.72116235231065,31.13812255859375,33807800,0.0,0.0,4232.60009765625,,324.31781005859375
2021-05-10 04:00:00+00:00,31.334792276724272,31.688810861964075,31.295454210743774,31.3583927154541,30831900,0.0,0.0,4188.43017578125,,316.12725830078125
2021-05-11 04:00:00+00:00,31.216793113940323,31.52361091050244,30.862771425186356,30.957176208496094,30568600,0.0,0.0,4152.10009765625,,315.6905822753906
2021-05-12 04:00:00+00:00,31.027978687973174,31.4056007996702,30.925708095960115,31.22465705871582,26208600,0.0,0.0,4063.0400390625,,307.5196533203125
2021-05-13 04:00:00+00:00,31.075180028032797,31.68881553406561,31.075180028032797,31.54720687866211,25415000,0.0,0.0,4112.5,,309.8971252441406
2021-05-14 04:00:00+00:00,31.657355672577943,31.720291198206482,31.405604566841387,31.484277725219727,18041100,0.0,0.0,4173.85009765625,,316.7388000488281
2021-05-17 04:00:00+00:00,31.523603530330046,31.783220374993878,31.476399649189375,31.555072784423828,18095000,0.0,0.0,4163.2900390625,,314.8172912597656
2021-05-18 04:00:00+00:00,31.61014329837968,31.743883130137007,31.334794820600877,31.507869720458984,15805500,0.0,0.0,4127.830078125,,312.6920166015625
2021-05-19 04:00:00+00:00,31.389864694036774,31.389864694036774,31.020108449432765,31.334794998168945,20209500,0.0,0.0,4115.68017578125,,313.051025390625
2021-05-20 04:00:00+00:00,31.25613040859062,31.665221833399464,31.248264593204023,31.56294822692871,18621100,0.0,0.0,4159.1201171875,,319.1064758300781
2021-05-21 04:00:00+00:00,31.633752969948485,31.940570792168565,31.397739491400284,31.429208755493164,21144800,0.0,0.0,4155.85986328125,,317.3403625488281
2021-05-24 04:00:00+00:00,31.531478096265023,31.578678984942687,31.29546164858151,31.31906509399414,16922300,0.0,0.0,4197.0498046875,,322.6777038574219
2021-05-25 04:00:00+00:00,31.326926550513353,31.35839580596996,30.870634350686085,30.941438674926758,25916300,0.0,0.0,4188.1298828125,,323.1241455078125
2021-05-26 04:00:00+00:00,30.909971168114108,30.91783698188656,30.508745641027637,30.618885040283203,28036500,0.0,0.0,4195.990234375,,324.24981689453125
2021-05-27 04:00:00+00:00,30.658226969254553,30.823436088921657,30.367140804804215,30.406478881835938,38471200,0.0,0.0,4200.8798828125,,323.0367126464844
2021-05-28 04:00:00+00:00,30.485148387588612,30.697561394547126,30.43007868220017,30.46941375732422,16154100,0.0,0.0,4204.10986328125,,324.05572509765625
2021-06-01 04:00:00+00:00,30.63462409835918,30.68182799103972,30.272736591030313,30.288471221923828,23642400,0.0,0.0,4202.0400390625,,322.978515625
2021-06-02 04:00:00+00:00,30.398606698067514,30.62675431484923,30.31993655486797,30.51661491394043,19629000,0.0,0.0,4208.1201171875,,323.609375
2021-06-03 04:00:00+00:00,30.493013897594672,30.713295718021957,30.390743303508472,30.658226013183594,17376300,0.0,0.0,4192.85009765625,,320.2419738769531
2021-06-04 04:00:00+00:00,30.72116395568526,31.07518565833682,30.697563509199846,30.799837112426758,19375300,0.0,0.0,4229.89013671875,,325.6763916015625
2021-06-07 04:00:00+00:00,30.744762153146514,31.153850494048463,30.65822319604564,30.67395782470703,24110700,0.0,0.0,4226.52001953125,,326.64666748046875
2021-06-08 04:00:00+00:00,30.736886315820744,30.768355565953748,30.272725380114025,30.56380844116211,18880300,0.0,0.0,4227.259765625,,326.80206298828125
2021-06-09 04:00:00+00:00,30.681826087181495,31.342665538332973,30.666091457264343,31.31906509399414,29824000,0.0,0.0,4219.5498046875,,326.8796691894531
2021-06-10 04:00:00+00:00,31.389870131633526,32.03497496732675,31.382001315961684,32.00350570678711,42613700,0.0,0.0,4239.18017578125,,330.2859191894531
2021-06-11 04:00:00+00:00,31.987772342917427,31.99563815782681,31.429206451057574,31.586549758911133,21386900,0.0,0.0,4247.43994140625,,331.1495361328125
2021-06-14 04:00:00+00:00,31.49214527173555,31.52361453681684,30.980783218998873,31.177461624145508,23408300,0.0,0.0,4255.14990234375,,334.3229064941406
2021-06-15 04:00:00+00:00,31.240391333590143,31.34266492551507,30.988643261985505,31.145986557006836,20206900,0.0,0.0,4246.58984375,,332.1393737792969
2021-06-16 04:00:00+00:00,31.16958712288296,31.342665048191233,30.902104420621875,30.91783905029297,19177500,0.0,0.0,4223.7001953125,,330.92645263671875
2021-06-17 04:00:00+00:00,30.894241026657372,31.145989118969954,30.736897718693513,31.059450149536133,19580100,0.0,0.0,4221.85986328125,,335.1282958984375
2021-06-18 04:00:00+00:00,30.917834593074303,31.02797398382014,30.445807775285477,30.532346725463867,37775900,0.0,0.0,4166.4501953125,,332.49847412109375
2021-06-21 04:00:00+00:00,30.58741840045029,31.059445248788627,30.58741840045029,31.01224136352539,19488100,0.0,0.0,4224.7900390625,,334.5649108886719
2021-06-22 04:00:00+00:00,31.004378883174066,31.224657702604627,30.886370657865502,31.16172218322754,15975900,0.0,0.0,4246.43994140625,,337.6836853027344
2021-06-23 04:00:00+00:00,31.17745614899661,31.2010565931259,30.666091184987685,30.721160888671875,22025400,0.0,0.0,4241.83984375,,337.8488464355469
2021-06-24 04:00:00+00:00,30.791961851175845,30.95717094414211,30.744760968084595,30.831296920776367,13436500,0.0,0.0,4266.490234375,,339.937744140625
2021-06-25 04:00:00+00:00,30.776231328949752,31.004378964572574,30.59528758378905,30.666091918945312,22774300,0.0,0.0,4280.7001953125,,339.5198974609375
2021-06-28 04:00:00+00:00,30.68969279920855,30.847036101908234,30.603156833743913,30.77623176574707,19225700,0.0,0.0,4290.60986328125,,343.6490478515625
2021-06-29 04:00:00+00:00,30.7841034024896,30.902108639522805,30.666095164382238,30.760499954223633,14516600,0.0,0.0,4291.7998046875,,344.8925476074219
2021-06-30 04:00:00+00:00,30.791958854921493,30.894232426789735,30.540210832686707,30.807693481445312,21248100,0.0,0.0,4297.5,,344.3484802246094
2021-07-01 04:00:00+00:00,30.815558594341763,31.177448994024655,30.7683577169154,31.122379302978516,20035900,0.0,0.0,4319.93994140625,,344.4845886230469
2021-07-02 04:00:00+00:00,31.04370393076396,31.334789992217566,30.980768431715116,31.25611686706543,16592700,0.0,0.0,4352.33984375,,348.43878173828125
2021-07-06 04:00:00+00:00,31.059445707781524,31.19318855080038,30.7132928806229,30.909971237182617,18931900,0.0,0.0,4343.5400390625,,349.9447326660156
2021-07-07 04:00:00+00:00,30.854905610358024,30.96504502439838,30.65822722783626,30.957176208496094,17665200,0.0,0.0,4358.1298828125,,350.68310546875
2021-07-08 04:00:00+00:00,30.681825431289187,30.933573502434378,30.626755728293283,30.878503799438477,23021200,0.0,0.0,4320.81982421875,,348.5650634765625
2021-07-09 04:00:00+00:00,31.098783662776615,31.54721011723102,31.043713957918975,31.16172218322754,21578700,0.0,0.0,4369.5498046875,,350.74139404296875
2021-07-12 04:00:00+00:00,31.201057784972424,31.665218877379452,31.153853893836935,31.279727935791016,24513000,0.0,0.0,4384.6298828125,,352.1112976074219
2021-07-13 04:00:00+00:00,31.287594395058573,31.31119483831188,31.09878184581113,31.19318962097168,12222000,0.0,0.0,4369.2099609375,,352.1112976074219
2021-07-14 04:00:00+00:00,31.248264988570405,31.492144282604723,31.201061092431082,31.429208755493164,15888600,0.0,0.0,4374.2998046875,,352.7427673339844
2021-07-15 04:00:00+00:00,31.42919587274945,31.618005377765815,31.358391558100067,31.539335250854492,20250800,0.0,0.0,4360.02978515625,,350.2652587890625
2021-07-16 04:00:00+00:00,31.57867973851859,31.743888854980472,31.413470622056714,31.74388885498047,24270400,0.0,0.0,4327.16015625,,347.4283752441406
2021-07-19 04:00:00+00:00,31.523611235340116,31.74389006569071,31.216793435616367,31.586549758911133,29818400,0.0,0.0,4258.490234375,,344.5816650390625
2021-07-20 04:00:00+00:00,31.66521602849398,32.81381693312081,31.625880956623615,32.294586181640625,48804100,0.0,0.0,4323.06005859375,,348.58453369140625
2021-07-21 04:00:00+00:00,32.44405872617863,32.44405872617863,31.877624173883024,32.27098083496094,27530200,0.0,0.0,4358.68994140625,,351.2757568359375
2021-07-22 04:00:00+00:00,32.349652339613364,32.68793932258257,32.176577442123815,32.625003814697266,18913300,0.0,0.0,4367.47998046875,,353.5977783203125
2021-07-23 04:00:00+00:00,32.6171366313577,32.9082227482352,32.58566737530498,32.79021453857422,21609200,0.0,0.0,4411.7900390625,,357.7268981933594
2021-07-26 04:00:00+00:00,32.74300531622478,32.99475332145582,32.56206162503204,32.89248275756836,23720000,0.0,0.0,4422.2998046875,,358.0085754394531
2021-07-27 04:00:00+00:00,32.90035717440825,33.199309134209315,32.71154762164085,33.120635986328125,32544100,0.0,0.0,4401.4599609375,,354.0640563964844
2021-07-28 04:00:00+00:00,33.31731820526425,34.41085257915147,33.23864804936402,34.18270492553711,53822400,0.0,0.0,4400.64013671875,,355.42431640625
2021-07-29 04:00:00+00:00,34.31766042310914,34.37322891217081,33.83341813706698,33.9683723449707,29015000,0.39,0.0,4419.14990234375,,356.0558166503906
2021-07-30 04:00:00+00:00,34.03980996157124,34.28589806139008,33.88897864541923,33.9842414855957,24763300,0.0,0.0,4395.259765625,,354.2000427246094
2021-08-02 04:00:00+00:00,34.37321847477793,35.04004316929287,34.3335271415369,34.897151947021484,43066900,0.0,0.0,4387.16015625,,354.22930908203125
2021-08-03 04:00:00+00:00,35.06385965471413,36.40544921500656,34.984476983045084,36.26255798339844,45643300,0.0,0.0,4423.14990234375,,356.3763732910156
2021-08-04 04:00:00+00:00,36.00058355842402,36.35781157634338,35.73067828135765,35.87356948852539,43391200,0.0,0.0,4402.66015625,,356.89129638671875
2021-08-05 04:00:00+00:00,35.72275050331398,35.83388746480348,35.48459943894291,35.770381927490234,23505400,0.0,0.0,4429.10009765625,,359.1551208496094
2021-08-06 04:00:00+00:00,35.7941974544816,35.96884298802398,35.42903227367044,35.7783203125,20413000,0.0,0.0,4436.52001953125,,357.58111572265625
2021-08-09 04:00:00+00:00,35.81007433268011,36.5404046889227,35.81007433268011,36.50071334838867,32374300,0.0,0.0,4432.35009765625,,358.24176025390625
2021-08-10 04:00:00+00:00,36.67535868177067,38.556756072828996,36.42926752658589,38.255096435546875,81189400,0.0,0.0,4436.75,,356.405517578125
2021-08-11 04:00:00+00:00,37.92961329019934,38.16776733016939,36.72297806548512,36.762672424316406,50878200,0.0,0.0,4442.41015625,,355.7934265136719
2021-08-12 04:00:00+00:00,36.91350400361508,37.627960131115955,36.786489917421,37.500946044921875,29676400,0.0,0.0,4460.830078125,,357.075927734375
2021-08-13 04:00:00+00:00,37.63589848755181,38.50118292598771,37.56445287233216,38.48530578613281,35379200,0.0,0.0,4468.0,,358.3291931152344
2021-08-16 04:00:00+00:00,38.2868494664611,38.874291580027275,37.71528449415402,38.82666015625,38045800,0.0,0.0,4479.7099609375,,358.48468017578125
2021-08-17 04:00:00+00:00,38.72345727734766,40.08092398229253,38.6678888013373,40.025352478027344,68817000,0.0,0.0,4448.080078125,,355.3271789550781
2021-08-18 04:00:00+00:00,39.87453363123936,41.1684920824009,39.033063179444675,39.144203186035156,88598000,0.0,0.0,4400.27001953125,,351.9071960449219
2021-08-19 04:00:00+00:00,38.501183064276006,39.66018702355347,38.310660413587684,38.73933410644531,57741600,0.0,0.0,4405.7998046875,,353.607421875
2021-08-20 04:00:00+00:00,38.88221994539324,39.47759898237951,38.62819179853944,38.67582321166992,35157500,0.0,0.0,4441.669921875,,357.2702941894531
2021-08-23 04:00:00+00:00,39.92215406569173,40.77156134128052,39.374403354416266,39.63637161254883,88652400,0.0,0.0,4479.52978515625,,362.61376953125
2021-08-24 04:00:00+00:00,39.48554710891665,39.7316352229185,38.2947887923761,38.40592575073242,52624100,0.0,0.0,4486.22998046875,,363.7213134765625
2021-08-25 04:00:00+00:00,38.13601523274808,38.32653484170137,37.254853713639015,37.71527862548828,51036800,0.0,0.0,4496.18994140625,,364.1390686035156
2021-08-26 04:00:00+00:00,37.86610776997907,38.231272856522764,37.54857106882969,37.61207962036133,29029300,0.0,0.0,4470.0,,361.82684326171875
2021-08-27 04:00:00+00:00,37.604141807854845,37.70734169619783,36.93731711778137,36.99288558959961,32924500,0.0,0.0,4509.3701171875,,365.3438415527344
2021-08-30 04:00:00+00:00,36.6753595123046,37.437444165401864,36.643605228028406,37.11990737915039,25774400,0.0,0.0,4528.7900390625,,369.4438171386719
2021-08-31 04:00:00+00:00,37.08814758590094,37.421558409288274,36.46101424295292,36.57215118408203,34547800,0.0,0.0,4522.68017578125,,369.1426696777344
2021-09-01 04:00:00+00:00,36.66742150354043,36.72298999004293,36.05616512375752,36.54834747314453,32900100,0.0,0.0,4524.08984375,,369.7547302246094
2021-09-02 04:00:00+00:00,36.897628183314836,37.20722484021436,36.619785806162646,37.18341064453125,26106300,0.0,0.0,4536.9501953125,,369.5798645019531
2021-09-03 04:00:00+00:00,37.231042064152255,37.3342389309489,36.786491232453955,37.18341064453125,20817200,0.0,0.0,4535.43017578125,,370.71649169921875
2021-09-07 04:00:00+00:00,37.30249166472461,37.70734817586481,36.94526355003908,37.111968994140625,26236900,0.0,0.0,4520.02978515625,,371.2411804199219
2021-09-08 04:00:00+00:00,36.921443939208984,37.14372087857842,36.715047168639074,36.921443939208984,15839600,0.0,0.0,4514.06982421875,,369.9490051269531
2021-09-09 04:00:00+00:00,36.88968864121252,37.088148333875374,36.397506423065344,36.54039764404297,21695300,0.0,0.0,4493.27978515625,,368.6763000488281
2021-09-10 04:00:00+00:00,36.73092703861713,36.79443257725962,36.127607766110174,36.19111633300781,20801500,0.0,0.0,4458.580078125,,365.878173828125
2021-09-13 04:00:00+00:00,36.31019635946384,36.38164198895507,35.087683600727395,35.38934326171875,37086200,0.0,0.0,4468.72998046875,,365.6255798339844
2021-09-14 04:00:00+00:00,35.460776545045015,35.92914154236007,35.36551674017294,35.492530822753906,24100200,0.0,0.0,4443.0498046875,,364.58612060546875
2021-09-15 04:00:00+00:00,35.37345572241291,36.01646317059833,35.302010113919586,35.5401611328125,28674600,0.0,0.0,4480.7001953125,,367.296630859375
2021-09-16 04:00:00+00:00,35.62748719323416,35.71480994820915,34.952722377316846,35.3020133972168,22424200,0.0,0.0,4473.75,,367.54931640625
2021-09-17 04:00:00+00:00,35.06385713928469,35.29407111016644,34.381158338444216,34.841583251953125,56370500,0.0,0.0,4432.990234375,,363.19677734375
2021-09-20 04:00:00+00:00,34.44467020224982,35.44490893576182,34.44467020224982,35.08768081665039,41873000,0.0,0.0,4357.72998046875,,355.69189453125
2021-09-21 04:00:00+00:00,35.12737050613531,35.5084128058621,34.80983374223547,34.86540222167969,23645600,0.0,0.0,4354.18994140625,,356.1296081542969
2021-09-22 04:00:00+00:00,34.9209678386962,35.238501520777504,34.79395376021278,34.88921356201172,22616700,0.0,0.0,4395.64013671875,,359.4560241699219
2021-09-23 04:00:00+00:00,35.1511804139922,35.50047141730857,35.04798355233476,35.079734802246094,19719200,0.0,0.0,4448.97998046875,,362.77264404296875
2021-09-24 04:00:00+00:00,34.984467415156935,35.25437266457214,34.778070708311894,34.88126754760742,16150700,0.0,0.0,4455.47998046875,,363.11309814453125
2021-09-27 04:00:00+00:00,34.86540113489843,35.03210959628967,34.539927324761116,34.58755874633789,19955900,0.0,0.0,4443.10986328125,,360.21466064453125
2021-09-28 04:00:00+00:00,34.19063853693724,34.357343966265475,33.682582164743685,34.16682434082031,28512200,0.0,0.0,4352.6298828125,,350.021484375
2021-09-29 04:00:00+00:00,34.30971709351237,34.68281930497231,34.198580135704944,34.55580520629883,18037200,0.0,0.0,4359.4599609375,,349.44757080078125
2021-09-30 04:00:00+00:00,34.76220557665322,34.9686023547706,34.11125793179567,34.143009185791016,21103300,0.0,0.0,4307.5400390625,,348.1636962890625
2021-10-01 04:00:00+00:00,33.7540245197631,34.21444942697798,33.10307697725805,34.079498291015625,38483000,0.0,0.0,4357.0400390625,,350.32293701171875
2021-10-04 04:00:00+00:00,34.07950400246216,34.41291488477871,33.507939029056566,33.674644470214844,28906500,0.0,0.0,4300.4599609375,,342.9698486328125
2021-10-05 04:00:00+00:00,33.76196222183383,33.96836199970737,33.56350252755405,33.59525680541992,19342600,0.0,0.0,4345.72021484375,,347.5995788574219
2021-10-06 04:00:00+00:00,33.388863350823804,33.500000306067435,33.09514079396003,33.35710906982422,30483800,0.0,0.0,4363.5498046875,,349.8269348144531
2021-10-07 04:00:00+00:00,33.75403107464776,34.103319107546305,33.5079399204945,33.92867660522461,19778300,0.0,0.0,4399.759765625,,353.0366516113281
2021-10-08 04:00:00+00:00,33.92073353312805,34.06362476769767,33.6111368676455,33.69845962524414,12778600,0.0,0.0,4391.33984375,,351.2761535644531
2021-10-11 04:00:00+00:00,33.698455422032545,33.83340655548535,33.349164435205076,33.388858795166016,11984200,0.0,0.0,4361.18994140625,,348.58203125
2021-10-12 04:00:00+00:00,33.46825151508784,33.5079428587207,33.07133202224845,33.22216033935547,16222300,0.0,0.0,4350.64990234375,,347.36614990234375
2021-10-13 04:00:00+00:00,33.142766571093546,33.269780645205884,32.499756117506735,32.88079833984375,28205700,0.0,0.0,4363.7998046875,,350.1478271484375
2021-10-14 04:00:00+00:00,32.99193064048195,33.30946423787343,32.96017637226669,33.07925033569336,17590300,0.0,0.0,4438.259765625,,356.596435546875
2021-10-15 04:00:00+00:00,33.2618561709831,33.365053063306384,32.84905951692337,32.93638229370117,23550300,0.0,0.0,4471.3701171875,,358.8432312011719
2021-10-18 04:00:00+00:00,32.90461819424894,33.103077890199465,32.57914441402025,32.80141830444336,21733000,0.0,0.0,4486.4599609375,,362.4516296386719
2021-10-19 04:00:00+00:00,33.0236953907535,33.50000052408226,32.976066997199084,33.41267776489258,17159800,0.0,0.0,4519.6298828125,,365.194580078125
2021-10-20 04:00:00+00:00,33.43649242560963,34.22239424096645,33.42061528478621,33.97630310058594,22788300,0.0,0.0,4536.18994140625,,364.71795654296875
2021-10-21 04:00:00+00:00,34.18270561793087,34.20651981692991,33.6825862411646,34.0239372253418,22142300,0.0,0.0,4549.77978515625,,366.9452209472656
2021-10-22 04:00:00+00:00,33.99217205902473,34.285891522918206,33.84134379989117,34.26207733154297,17183000,0.0,0.0,4544.89990234375,,363.8620300292969
2021-10-25 04:00:00+00:00,34.29384173072058,34.325596014099105,33.79372236640188,34.254150390625,22846200,0.0,0.0,4566.47998046875,,367.5871887207031
2021-10-26 04:00:00+00:00,34.397026411016476,34.738374207337905,34.07154969284837,34.57960891723633,29729100,0.0,0.0,4574.7900390625,,368.7445983886719
2021-10-27 04:00:00+00:00,34.50023497835811,34.57962067866383,33.88104165724759,34.11125564575195,22317500,0.0,0.0,4551.68017578125,,369.60052490234375
2021-10-28 04:00:00+00:00,34.095382953515035,34.66694492900375,34.08744286832125,34.2779655456543,18023400,0.0,0.0,4596.419921875,,373.70501708984375
2021-10-29 04:00:00+00:00,34.20651108960538,34.793953083830594,34.02392854460071,34.72250747680664,30307500,0.0,0.0,4605.3798828125,,375.54327392578125
2021-11-01 04:00:00+00:00,35.04004687227159,35.15912391283317,34.48435906340912,34.64312744140625,32681500,0.0,0.0,4613.669921875,,376.82720947265625
2021-11-02 04:00:00+00:00,35.786259395077984,36.548344019313944,34.174764354026074,36.079978942871094,69248000,0.0,0.0,4630.64990234375,,378.40283203125
2021-11-03 04:00:00+00:00,36.13554467098898,36.50864989803958,35.30995154350697,35.579856872558594,44593100,0.0,0.0,4660.56982421875,,382.4198913574219
2021-11-04 04:00:00+00:00,35.46774015740146,35.611885651198214,34.68294972163913,35.11538314819336,38172500,0.39,0.0,4680.06005859375,,387.3218994140625
2021-11-05 04:00:00+00:00,38.51079948450098,39.08738136329313,37.27755626812245,38.92721939086914,173959100,0.0,0.0,4697.52978515625,,387.69146728515625
2021-11-08 05:00:00+00:00,38.92723174403257,39.07137725947373,38.11841490129756,38.703006744384766,57423300,0.0,0.0,4701.7001953125,,387.1662902832031
2021-11-09 05:00:00+00:00,38.703003290359646,38.743043028889645,37.75805079783774,37.878170013427734,29920400,0.0,0.0,4685.25,,384.5012512207031
2021-11-10 05:00:00+00:00,37.95824420133883,39.40770257942387,37.95824420133883,39.255550384521484,42696200,0.0,0.0,4646.7099609375,,378.8502502441406
2021-11-11 05:00:00+00:00,39.42373052819495,40.44075584371631,39.02332700498984,40.18449783325195,42370400,0.0,0.0,4649.27001953125,,379.90069580078125
2021-11-12 05:00:00+00:00,40.37669059969874,40.432749904488304,39.69600581893368,39.824134826660156,27780600,0.0,0.0,4682.85009765625,,383.8983154296875
2021-11-15 05:00:00+00:00,39.82412995469169,40.120427676029124,39.53583895886668,39.760066986083984,27763200,0.0,0.0,4682.7998046875,,383.8106994628906
2021-11-16 05:00:00+00:00,39.61592140326779,40.1684771075241,39.15145189880378,39.72002410888672,31297200,0.0,0.0,4700.89990234375,,386.5438537597656
2021-11-17 05:00:00+00:00,39.99230213232815,40.91323144230596,39.79210037405788,40.73705291748047,36889800,0.0,0.0,4688.669921875,,386.7480163574219
2021-11-18 05:00:00+00:00,40.921247109366995,41.40973999505079,40.528853288131764,41.169498443603516,32872600,0.0,0.0,4704.5400390625,,390.7552795410156
2021-11-19 05:00:00+00:00,41.60992805890567,42.31463902467198,40.58489614858091,40.680992126464844,47966200,0.0,0.0,4697.9599609375,,392.9339599609375
2021-11-22 05:00:00+00:00,40.80111433491412,41.2175343116309,40.34465462203604,41.00131607055664,27287900,0.0,0.0,4682.93994140625,,388.3723449707031
2021-11-23 05:00:00+00:00,40.50482411576465,41.201525429350994,40.28059605306958,40.90522766113281,24946200,0.0,0.0,4690.7001953125,,386.6021423339844
2021-11-24 05:00:00+00:00,40.985301775632934,41.10542404543156,40.60892151477769,40.75306701660156,18556800,0.0,0.0,4701.4599609375,,387.8471374511719
2021-11-26 05:00:00+00:00,43.27560906152077,43.99633349611583,42.64297082689073,43.24357604980469,66561300,0.0,0.0,4594.6201171875,,380.49407958984375
2021-11-29 05:00:00+00:00,44.16450714658142,44.60495038436405,41.73005314033048,41.96228790283203,72660800,0.0,0.0,4655.27001953125,,388.75164794921875
2021-11-30 05:00:00+00:00,41.89021826840649,43.611951608753124,41.56989422354194,43.02736282348633,64598400,0.0,0.0,4567.0,,383.0423278808594
2021-12-01 05:00:00+00:00,42.018345126166224,44.18052162647993,41.52985235741038,43.78812789916992,59810400,0.0,0.0,4513.0400390625,,376.5256652832031
2021-12-02 05:00:00+00:00,43.09942853491433,44.1084469728971,42.258581873152686,42.47480010986328,46361700,0.0,0.0,4577.10009765625,,379.2392883300781
2021-12-03 05:00:00+00:00,43.011343879080265,43.57190939841783,42.52285111301234,43.45979690551758,37574800,0.0,0.0,4538.43017578125,,372.6448669433594
2021-12-06 05:00:00+00:00,43.06739547894845,43.155484729533555,41.04135493483485,41.22554016113281,53724000,0.0,0.0,4591.669921875,,375.6308898925781
2021-12-07 05:00:00+00:00,41.04135959288655,42.04236836344476,40.360674850841505,41.41773986816406,41575400,0.0,0.0,4686.75,,386.9425964355469
2021-12-08 05:00:00+00:00,42.24256814986149,42.50683591930048,40.865179168185726,41.16147994995117,37429200,0.0,0.0,4701.2099609375,,388.6738586425781
2021-12-09 05:00:00+00:00,41.24957275240831,42.32265439837112,41.24957275240831,41.70603561401367,38325700,0.0,0.0,4667.4501953125,,382.954833984375
2021-12-10 05:00:00+00:00,41.00132041819424,42.3226501806425,40.92924766352714,42.26659393310547,26079400,0.0,0.0,4712.02001953125,,387.1175842285156
2021-12-13 05:00:00+00:00,42.795129516666215,44.628978474220204,42.795129516666215,44.204551696777344,54923200,0.0,0.0,4668.97021484375,,381.5249938964844
2021-12-14 05:00:00+00:00,43.86020389928946,44.80515649292956,43.499840104284914,44.47682571411133,48685700,0.0,0.0,4634.08984375,,377.576171875
2021-12-15 05:00:00+00:00,44.93328580146907,47.183551743872734,44.75710726611005,47.08745574951172,75202900,0.0,0.0,4709.85009765625,,386.1839294433594
2021-12-16 05:00:00+00:00,46.73508810287208,49.19356487999452,46.24659543718611,49.04941940307617,75183600,0.0,0.0,4668.669921875,,376.25335693359375
2021-12-17 05:00:00+00:00,47.992359886710915,49.001375281266995,47.007367722671205,47.631996154785156,104192100,0.0,0.0,4620.64013671875,,374.3761901855469
2021-12-20 05:00:00+00:00,48.528897697778625,49.41779385983425,47.91227906312701,48.865238189697266,55712200,0.0,0.0,4568.02001953125,,370.74456787109375
2021-12-21 05:00:00+00:00,48.056430279381836,48.08045656844711,45.774131382552845,47.207576751708984,63877900,0.0,0.0,4649.22998046875,,379.0419616699219
2021-12-22 05:00:00+00:00,47.447815453207504,48.520896971304715,46.62298520853059,47.68805694580078,62594900,0.0,0.0,4696.56005859375,,383.6582336425781
2021-12-23 05:00:00+00:00,47.90427716773178,48.11248871005421,46.69505987440914,47.015380859375,39203200,0.0,0.0,4725.7900390625,,386.5505065917969
2021-12-27 05:00:00+00:00,47.127491590873056,47.55192138593216,46.63099209713732,47.40777587890625,27362600,0.0,0.0,4791.18994140625,,392.939208984375
2021-12-28 05:00:00+00:00,47.287654963222266,47.60797900022332,45.7100671763086,46.45481491088867,36901700,0.0,0.0,4786.35009765625,,391.1180419921875
2021-12-29 05:00:00+00:00,45.89424775866785,46.47082668983206,45.70205274505572,46.11046600341797,26170200,0.0,0.0,4793.06005859375,,391.05963134765625
2021-12-30 05:00:00+00:00,46.24660224139586,47.03940248109055,46.07042373150012,46.767127990722656,24559000,0.0,0.0,4778.72998046875,,389.8909912109375
2021-12-31 05:00:00+00:00,46.87122728909475,47.888252427563586,46.79915454527141,47.28764724731445,28579600,0.0,0.0,4766.18017578125,,387.4562683105469
2022-01-03 05:00:00+00:00,46.84720666527591,46.887246401885854,45.1174637721361,45.36571502685547,57219200,0.0,0.0,4796.56005859375,,391.18621826171875
2022-01-04 05:00:00+00:00,45.02137274915103,45.18954149432605,43.195530621359666,43.668006896972656,66993100,0.0,0.0,4793.5400390625,,386.1123962402344
2022-01-05 05:00:00+00:00,44.71706170682127,45.197544670968036,44.34068145017671,44.548892974853516,52956400,0.0,0.0,4700.580078125,,374.2504577636719
2022-01-06 05:00:00+00:00,44.17251394624169,44.54889421334993,43.635974723189435,43.916255950927734,37000400,0.0,0.0,4696.0498046875,,373.9875183105469
2022-01-07 05:00:00+00:00,44.33267306069026,44.66100378666311,43.74808435614525,44.62096405029297,27703400,0.0,0.0,4677.02978515625,,369.93621826171875
2022-01-10 05:00:00+00:00,44.612961831596316,45.053405115990984,43.83618103888314,45.037391662597656,34044700,0.0,0.0,4670.2900390625,,370.1796875
2022-01-11 05:00:00+00:00,45.4457927400704,45.990341690417594,44.69303533451327,45.397743225097656,33576600,0.0,0.0,4713.06982421875,,375.74053955078125
2022-01-12 05:00:00+00:00,45.1174637721361,45.77412522801461,44.76510981319809,45.36571502685547,27608500,0.0,0.0,4726.35009765625,,377.2305603027344
2022-01-13 05:00:00+00:00,45.26962300828476,45.445801542472886,44.220567694294,44.47682571411133,28117900,0.0,0.0,4659.02978515625,,367.79376220703125
2022-01-14 05:00:00+00:00,44.02837198924263,44.348696036610654,43.65199169181068,44.00434875488281,27072500,0.0,0.0,4662.85009765625,,370.082275390625
2022-01-18 05:00:00+00:00,43.64398310648187,43.68402284698843,42.787119829328674,43.331668853759766,35598000,0.0,0.0,4577.10986328125,,360.86944580078125
2022-01-19 05:00:00+00:00,42.963299071838996,43.63597711004214,42.80313705229797,42.87520980834961,27300400,0.0,0.0,4532.759765625,,356.90576171875
2022-01-20 05:00:00+00:00,43.21153474779446,43.65998766127386,42.498817175447876,43.283607482910156,35105300,0.0,0.0,4482.72998046875,,352.2701721191406
2022-01-21 05:00:00+00:00,43.57991808612975,43.94028186869946,42.010337005200014,42.27460479736328,41059000,0.0,0.0,4397.93994140625,,342.5021667480469
2022-01-24 05:00:00+00:00,41.441762641013895,41.690013913097275,39.89620487204425,41.27359390258789,59036400,0.0,0.0,4410.1298828125,,344.070068359375
2022-01-25 05:00:00+00:00,41.12944559191218,42.314639515687084,41.03334961291316,42.074398040771484,43983200,0.0,0.0,4356.4501953125,,336.0940856933594
2022-01-26 05:00:00+00:00,42.09841740460096,42.93926401698242,42.010328159095465,42.45077133178711,39644800,0.0,0.0,4349.93017578125,,335.5682373046875
2022-01-27 05:00:00+00:00,42.78160601457635,44.04036428613652,42.76546773285683,43.06401824951172,36957200,0.4,0.0,4326.509765625,,332.1888732910156
2022-01-28 05:00:00+00:00,43.386786999236776,44.112991363425145,42.846165219324384,43.83864974975586,28590400,0.0,0.0,4431.85009765625,,342.6092529296875
2022-01-31 05:00:00+00:00,43.57236569228142,43.685330592326935,42.27326318563263,42.51533126831055,38644600,0.0,0.0,4515.5498046875,,353.5653381347656
2022-02-01 05:00:00+00:00,42.55568264116938,42.89457737417442,42.27326728560222,42.821956634521484,27883300,0.0,0.0,4546.5400390625,,355.970947265625
2022-02-02 05:00:00+00:00,42.636366245098195,43.677262371746714,42.32167743426553,43.45940017700195,32039300,0.0,0.0,4589.3798828125,,358.86328125
2022-02-03 05:00:00+00:00,43.03174598251594,43.48360557120628,42.83808967446109,43.07209014892578,22635800,0.0,0.0,4477.43994140625,,344.3136291503906
2022-02-04 05:00:00+00:00,42.78160687945788,43.11243396623989,42.466918074721654,42.76546859741211,24932200,0.0,0.0,4500.52978515625,,348.65704345703125
2022-02-07 05:00:00+00:00,43.00753818267679,43.233471061191324,42.15223075064466,42.93491744995117,32358500,0.0,0.0,4483.8701171875,,345.8523254394531
2022-02-08 05:00:00+00:00,40.86120017201984,41.79719911625182,40.094648596073824,41.71651077270508,67922000,0.0,0.0,4521.5400390625,,349.7381286621094
2022-02-09 05:00:00+00:00,41.668092725160705,41.732645857499385,41.07099164134174,41.530921936035156,38522200,0.0,0.0,4587.18017578125,,357.1492614746094
2022-02-10 05:00:00+00:00,41.1839506633683,41.45022460108171,40.65946731123797,40.828914642333984,34200600,0.0,0.0,4504.080078125,,349.0661926269531
2022-02-11 05:00:00+00:00,40.61105866848255,41.34533357106681,40.40933476032135,40.974159240722656,34997800,0.0,0.0,4418.64013671875,,337.9931640625
2022-02-14 05:00:00+00:00,40.19953748137965,40.748226721096835,39.11829728288547,40.18339920043945,42973100,0.0,0.0,4401.669921875,,338.4119567871094
2022-02-15 05:00:00+00:00,40.18340253252782,40.37705884180617,39.707333978533775,40.17533493041992,29150000,0.0,0.0,4471.06982421875,,346.8262023925781
2022-02-16 05:00:00+00:00,40.01395382569006,40.974158503150285,39.884850649913375,40.08657455444336,27672600,0.0,0.0,4475.009765625,,346.73858642578125
2022-02-17 05:00:00+00:00,40.19148179723211,40.31251432307773,39.336171122165325,39.45720672607422,21231700,0.0,0.0,4380.259765625,,336.4252624511719
2022-02-18 05:00:00+00:00,39.360365711745224,39.95746979990934,38.892367872319205,39.15864181518555,26955300,0.0,0.0,4348.8701171875,,332.58819580078125
2022-02-22 05:00:00+00:00,38.359823915914916,38.981134000184205,38.206511756563295,38.35175323486328,34814800,0.0,0.0,4304.759765625,,329.24774169921875
2022-02-23 05:00:00+00:00,38.40016059353075,38.86009082570839,37.746574068722474,37.81919479370117,25793000,0.0,0.0,4225.5,,320.81390380859375
2022-02-24 05:00:00+00:00,37.00423065154027,37.73043480433538,36.6330594349075,37.08491897583008,44227300,0.0,0.0,4288.7001953125,,331.59478759765625
2022-02-25 05:00:00+00:00,36.963887844851264,38.755193949882404,36.90740540016474,38.50505828857422,31199200,0.0,0.0,4384.64990234375,,336.7368469238281
2022-02-28 05:00:00+00:00,37.778856209228216,38.06126847136951,37.3915466448361,37.87568283081055,35296100,0.0,0.0,4373.93994140625,,337.7399597167969
2022-03-01 05:00:00+00:00,37.67395080569998,38.037054406131666,36.66533140342427,36.915470123291016,29854500,0.0,0.0,4306.259765625,,332.56866455078125
2022-03-02 05:00:00+00:00,37.20595794590052,38.67450774444422,37.117198934219985,38.488922119140625,36516200,0.0,0.0,4386.5400390625,,338.14898681640625
2022-03-03 05:00:00+00:00,38.47279069678925,39.20706572698038,38.3114109266022,38.59382629394531,30553300,0.0,0.0,4363.490234375,,333.3185119628906
2022-03-04 05:00:00+00:00,38.32754659850552,39.352304529559426,38.25492586077531,39.25547790527344,33217300,0.0,0.0,4328.8701171875,,328.4881591796875
2022-03-07 05:00:00+00:00,38.93271740176976,39.40878598638541,38.34368391200171,38.7148551940918,33171300,0.0,0.0,4201.08984375,,316.37310791015625
2022-03-08 05:00:00+00:00,38.392100832324815,39.069890299790366,37.496446067369654,38.27913284301758,32913300,0.0,0.0,4170.7001953125,,314.9025573730469
2022-03-09 05:00:00+00:00,38.83589189688866,39.715408355522996,38.73099459134615,39.33616638183594,24718900,0.0,0.0,4277.8798828125,,326.2384338378906
2022-03-10 05:00:00+00:00,38.98113167348026,39.77188907587986,38.77133707154118,39.69926834106445,24542300,0.0,0.0,4259.52001953125,,322.6156311035156
2022-03-11 05:00:00+00:00,39.65085573516062,41.07099394566189,39.48947597332234,40.56264877319336,33701900,0.0,0.0,4204.31005859375,,315.92510986328125
2022-03-14 04:00:00+00:00,40.925748043611165,42.69284839565063,40.65947100365396,42.16029739379883,42314500,0.0,0.0,4173.10986328125,,309.8579406738281
2022-03-15 04:00:00+00:00,42.45884833433802,42.70091641425683,41.29691970389018,42.128021240234375,30172100,0.0,0.0,4262.4501953125,,319.5771484375
2022-03-16 04:00:00+00:00,42.394294372400026,42.98332777449382,42.103811472066134,42.70091247558594,29891400,0.0,0.0,4357.85986328125,,331.42913818359375
2022-03-17 04:00:00+00:00,42.70091663095496,43.77408933072672,42.59602241189749,43.766021728515625,30598600,0.0,0.0,4411.669921875,,335.4415588378906
2022-03-18 04:00:00+00:00,43.87899629128901,44.37927084624348,43.33837448220548,43.983890533447266,51815000,0.0,0.0,4463.1201171875,,342.30743408203125
2022-03-21 04:00:00+00:00,43.766024738252426,44.62133222232868,43.49168007326915,43.725677490234375,34592500,0.0,0.0,4461.18017578125,,341.355712890625
2022-03-22 04:00:00+00:00,43.733739656089526,43.83056626074237,42.36201659824808,42.7977409362793,32253600,0.0,0.0,4511.60986328125,,348.0643310546875
2022-03-23 04:00:00+00:00,42.7816099728444,43.168919535760324,42.08767918501316,42.11188507080078,29183700,0.0,0.0,4456.240234375,,343.0621643066406
2022-03-24 04:00:00+00:00,42.39429862444688,42.644434308551695,42.1925747098784,42.43464279174805,25177500,0.0,0.0,4520.16015625,,350.6872863769531
2022-03-25 04:00:00+00:00,42.555678173303384,42.96719360275687,42.37008946407053,42.58795166015625,17429600,0.0,0.0,4543.06005859375,,350.3946838378906
2022-03-28 04:00:00+00:00,42.38622237872398,43.217326890702466,42.36201649713411,42.99139404296875,21863700,0.0,0.0,4575.52001953125,,355.8161315917969
2022-03-29 04:00:00+00:00,43.57236651905269,43.6369196506251,42.45884962393045,42.55567932128906,39970000,0.0,0.0,4631.60009765625,,361.939697265625
2022-03-30 04:00:00+00:00,42.9268525424312,43.34643868251201,41.93437118491929,42.3136100769043,27599600,0.0,0.0,4602.4501953125,,357.94183349609375
2022-03-31 04:00:00+00:00,41.958576823927444,42.6686459089592,41.74878529415546,41.77299118041992,26055200,0.0,0.0,4530.41015625,,353.5052795410156
2022-04-01 04:00:00+00:00,42.055398570309606,42.087675133628004,41.232364674065465,41.61160659790039,19073100,0.0,0.0,4545.85986328125,,352.8324890136719
2022-04-04 04:00:00+00:00,41.78105633320682,41.85367706580474,40.643333574547874,41.10326385498047,20462800,0.0,0.0,4582.64013671875,,360.0967712402344
2022-04-05 04:00:00+00:00,40.99836016967192,42.07960022868306,40.949945333096984,41.3453254699707,21176700,0.0,0.0,4525.1201171875,,352.10113525390625
2022-04-06 04:00:00+00:00,41.28078123252439,42.83809007955905,41.28078123252439,42.66057205200195,31717500,0.0,0.0,4481.14990234375,,344.4564514160156
2022-04-07 04:00:00+00:00,42.362023243235434,44.7100895513094,42.362023243235434,44.508365631103516,36305700,0.0,0.0,4500.2099609375,,345.2755126953125
2022-04-08 04:00:00+00:00,44.2582273414046,44.84726390348215,43.94353851496437,44.51643371582031,24612200,0.0,0.0,4488.27978515625,,340.4488525390625
2022-04-11 04:00:00+00:00,44.750429885623355,45.44436060416724,43.39484501173822,43.5158805847168,22054300,0.0,0.0,4412.52978515625,,332.394775390625
2022-04-12 04:00:00+00:00,43.00754186895265,43.51588704160345,42.48306149036889,42.85423278808594,22810700,0.0,0.0,4397.4501953125,,330.99066162109375
2022-04-13 04:00:00+00:00,42.87036603615615,43.42712291733022,42.523400666159056,42.84615707397461,15777800,0.0,0.0,4446.58984375,,337.71868896484375
2022-04-14 04:00:00+00:00,43.08822610361179,43.499741503663515,42.79774319625177,42.8622932434082,17240100,0.0,0.0,4392.58984375,,329.99615478515625
2022-04-18 04:00:00+00:00,42.62830742958281,42.85423727304458,41.660031834932965,41.8294792175293,17065000,0.0,0.0,4391.68994140625,,330.2496337890625
2022-04-19 04:00:00+00:00,41.68423370428683,41.8617517516369,39.836441725428465,40.490028381347656,33441500,0.0,0.0,4462.2099609375,,337.6309814453125
2022-04-20 04:00:00+00:00,40.344782690307,40.47388587179348,39.70733438506512,40.14305877685547,24751800,0.0,0.0,4459.4501953125,,332.706787109375
2022-04-21 04:00:00+00:00,40.28829829239918,40.35284834098939,39.47333199775257,39.626644134521484,19105600,0.0,0.0,4393.66015625,,325.8227233886719
2022-04-22 04:00:00+00:00,39.49754208568252,39.618574584514235,38.65030228161019,38.83588790893555,22156800,0.0,0.0,4271.77978515625,,317.290771484375
2022-04-25 04:00:00+00:00,38.609959987448605,39.69120040384224,38.02092646570578,39.4975471496582,27390600,0.0,0.0,4296.1201171875,,321.3666076660156
2022-04-26 04:00:00+00:00,39.52981834146018,40.5465054828008,39.47333281543773,39.56209182739258,25366500,0.0,0.0,4175.2001953125,,309.2366943359375
2022-04-27 04:00:00+00:00,39.62664934087564,40.27216530190139,38.900441960932355,40.13499450683594,25819200,0.0,0.0,4183.9599609375,,308.8661193847656
2022-04-28 04:00:00+00:00,40.69981561573926,40.96609265861115,39.93326720809323,40.75629806518555,28225400,0.0,0.0,4287.5,,319.8358154296875
2022-04-29 04:00:00+00:00,40.239883863852,40.619125791705144,39.53788553358263,39.59436798095703,28343300,0.0,0.0,4131.93017578125,,305.4435729980469
2022-05-02 04:00:00+00:00,38.47278198045813,39.34422761713393,38.29526396566426,39.005332946777344,36228400,0.0,0.0,4155.3798828125,,310.54327392578125
2022-05-03 04:00:00+00:00,39.43298716514769,40.37705661905705,38.488920789300785,39.77188491821289,33716900,0.0,0.0,4175.47998046875,,310.874755859375
2022-05-04 04:00:00+00:00,39.44912460138914,40.239881904183676,38.65836729859459,40.0704345703125,28613700,0.0,0.0,4300.169921875,,321.3861083984375
2022-05-05 04:00:00+00:00,39.90906043711916,39.98168117297573,38.36788977888539,39.09409713745117,28333000,0.0,0.0,4146.8701171875,,305.1998596191406
2022-05-06 04:00:00+00:00,38.80361971924691,39.715412848595165,38.763275544262626,39.57017135620117,19891400,0.0,0.0,4123.33984375,,301.5432434082031
2022-05-09 04:00:00+00:00,39.03761827438236,39.675063594332926,38.545411361436706,39.24740982055664,25012300,0.0,0.0,3991.239990234375,,289.7447814941406
2022-05-10 04:00:00+00:00,39.570165820543714,40.264096614223725,39.287750479035694,39.93326950073242,27335900,0.0,0.0,4001.050048828125,,293.2648010253906
2022-05-11 04:00:00+00:00,39.59437211649356,40.538441694759044,39.56209554946197,39.90099334716797,29699500,0.0,0.0,3935.179931640625,,284.56707763671875
2022-05-12 04:00:00+00:00,39.86031227979756,41.023582866012106,39.632540059782556,40.99104309082031,33468400,0.4,0.0,3930.080078125,,283.89434814453125
2022-05-13 04:00:00+00:00,40.98291247641713,41.31643743682982,40.41347878461975,40.60871124267578,22423700,0.0,0.0,4023.889892578125,,294.4153747558594
2022-05-16 04:00:00+00:00,40.56804237805313,41.52794419100224,40.56804237805313,41.21882247924805,19435600,0.0,0.0,4008.010009765625,,291.00262451171875
2022-05-17 04:00:00+00:00,41.446599859640166,41.910280898261085,40.82022301200949,41.76385498046875,19918200,0.0,0.0,4088.85009765625,,298.5400390625
2022-05-18 04:00:00+00:00,41.666233596593266,41.82892628236963,40.80394808742383,40.999183654785156,22276000,0.0,0.0,3923.679931640625,,283.8846130371094
2022-05-19 04:00:00+00:00,40.67379978631671,41.3977929260068,40.3402747521955,41.20256042480469,19865500,0.0,0.0,3900.7900390625,,282.3634338378906
2022-05-20 04:00:00+00:00,41.70690712698917,42.87017783865348,41.59302100469992,42.68307876586914,31250400,0.0,0.0,3901.360107421875,,281.4859619140625
2022-05-23 04:00:00+00:00,42.772555647866724,43.68364760243754,42.691206212445614,43.016597747802734,24035800,0.0,0.0,3973.75,,286.16632080078125
2022-05-24 04:00:00+00:00,42.878308780106224,43.61043824319648,42.878308780106224,43.4477424621582,26729800,0.0,0.0,3941.47998046875,,280.081787109375
2022-05-25 04:00:00+00:00,43.27691639629198,43.96836963640433,43.154893775959614,43.69178771972656,24003900,0.0,0.0,3978.72998046875,,284.0015869140625
2022-05-26 04:00:00+00:00,43.97650635572371,44.67609299259491,43.83008045184821,43.91956329345703,23516300,0.0,0.0,4057.840087890625,,291.8703918457031
2022-05-27 04:00:00+00:00,43.86261413610687,44.261218647948496,43.537225674373,43.8544807434082,21407500,0.0,0.0,4158.240234375,,301.39697265625
2022-05-31 04:00:00+00:00,43.37453510882596,43.52096102032506,42.25193748838764,43.14676284790039,66058200,0.0,0.0,4132.14990234375,,300.5974426269531
2022-06-01 04:00:00+00:00,43.3175899795469,43.34199326257918,42.170589129567155,42.60173034667969,17430600,0.0,0.0,4101.22998046875,,298.374267578125
2022-06-02 04:00:00+00:00,42.60172990516304,42.90271820754124,41.51980862536777,42.85390853881836,21903400,0.0,0.0,4176.81982421875,,306.5453796386719
2022-06-03 04:00:00+00:00,42.67493923865247,43.54535808651546,42.67493923865247,43.276912689208984,18125000,0.0,0.0,4108.5400390625,,298.5693054199219
2022-06-06 04:00:00+00:00,43.26877868034965,43.699922984384806,43.11421938836062,43.325721740722656,16544400,0.0,0.0,4121.43017578125,,299.5638732910156
2022-06-07 04:00:00+00:00,43.34199302478421,43.903293356760464,43.12235416920622,43.89515686035156,15091200,0.0,0.0,4160.68017578125,,302.1478576660156
2022-06-08 04:00:00+00:00,43.97650235422239,44.38324024949693,43.447741849099934,43.496551513671875,12789800,0.0,0.0,4115.77001953125,,299.973388671875
2022-06-09 04:00:00+00:00,43.33385690690173,43.642978584556516,42.056700129451826,42.12177658081055,17572700,0.0,0.0,4017.820068359375,,291.9387512207031
2022-06-10 04:00:00+00:00,41.7394489899168,41.78825555724126,40.6331212841535,40.649391174316406,23826000,0.0,0.0,3900.860107421875,,281.6418151855469
2022-06-13 04:00:00+00:00,39.713884144682545,40.08808222869737,38.81092560483023,38.9736213684082,26989000,0.0,0.0,3749.6298828125,,268.546630859375
2022-06-14 04:00:00+00:00,38.84347632610886,39.42917999880313,38.41233506880028,38.98176574707031,23290300,0.0,0.0,3735.47998046875,,269.0341491699219
2022-06-15 04:00:00+00:00,38.94922810052529,39.844050375441725,38.37979433323102,39.46171569824219,25748000,0.0,0.0,3789.989990234375,,275.7522888183594
2022-06-16 04:00:00+00:00,38.79465422198718,39.0468328009656,38.2821667757522,38.62382507324219,20424500,0.0,0.0,3666.77001953125,,264.6268005371094
2022-06-17 04:00:00+00:00,38.54248862709337,39.07124609492961,37.64766328410516,37.85103225708008,45047700,0.0,0.0,3674.840087890625,,267.8445129394531
2022-06-21 04:00:00+00:00,38.49367538180229,39.40476742723722,38.19269019863578,39.136322021484375,19622100,0.0,0.0,3764.7900390625,,274.6020812988281
2022-06-22 04:00:00+00:00,39.07124733188673,40.3321374867812,38.859744958689134,39.91726303100586,20382900,0.0,0.0,3759.889892578125,,274.2015686035156
2022-06-23 04:00:00+00:00,40.04741948413617,40.812085737810015,39.844050502536966,40.74700927734375,20061700,0.0,0.0,3795.72998046875,,278.2852478027344
2022-06-24 04:00:00+00:00,41.20255035965198,42.007889660916774,40.917831968801316,41.96721649169922,24343200,0.0,0.0,3911.739990234375,,287.8202819824219
2022-06-27 04:00:00+00:00,41.877737226894894,42.487844126651225,41.698771543287165,42.203128814697266,16154300,0.0,0.0,3900.110107421875,,285.7101135253906
2022-06-28 04:00:00+00:00,42.162457974598375,42.276344105680565,41.00732056684116,41.210689544677734,16417900,0.0,0.0,3821.550048828125,,277.0054016113281
2022-06-29 04:00:00+00:00,41.267628310190545,41.84519540230532,41.210685250582834,41.43845748901367,13925700,0.0,0.0,3818.830078125,,277.2593688964844
2022-06-30 04:00:00+00:00,42.04856965993712,43.02474139553405,41.56048534372086,42.650543212890625,33495700,0.0,0.0,3785.3798828125,,273.820556640625
2022-07-01 04:00:00+00:00,42.3332900412268,42.601735496525016,41.690643282935234,42.55292892456055,16143300,0.0,0.0,3825.330078125,,275.6279602050781
2022-07-05 04:00:00+00:00,42.09737162627549,42.211257738999784,40.999180564246885,42.00788879394531,18406800,0.0,0.0,3831.389892578125,,280.34661865234375
2022-07-06 04:00:00+00:00,42.007895581160504,43.08168353628692,41.95908901248661,42.91085433959961,21305500,0.0,0.0,3845.080078125,,282.1441650390625
2022-07-07 04:00:00+00:00,43.07354766509213,43.55349854948746,42.943391650840724,43.45587921142578,17847600,0.0,0.0,3902.6201171875,,288.1817932128906
2022-07-08 04:00:00+00:00,43.15489003020898,43.862613098481106,42.91898130639699,43.252506256103516,11322700,0.0,0.0,3899.3798828125,,288.543212890625
2022-07-11 04:00:00+00:00,43.11422497669638,43.71619853987657,42.91085599095724,43.024742126464844,12921400,0.0,0.0,3854.429931640625,,282.37872314453125
2022-07-12 04:00:00+00:00,42.862039892468516,42.93525284048699,42.06483396024741,42.333282470703125,14633500,0.0,0.0,3818.800048828125,,279.6432189941406
2022-07-13 04:00:00+00:00,42.186860208899176,42.55292498052657,41.90214178511598,42.12991714477539,12927300,0.0,0.0,3801.780029296875,,279.06671142578125
2022-07-14 04:00:00+00:00,41.283906954492345,41.9672269178657,41.18629070348606,41.80453109741211,14023800,0.0,0.0,3790.3798828125,,280.06329345703125
2022-07-15 04:00:00+00:00,41.519806871155794,42.22752997033345,41.02358612117969,42.097373962402344,19885700,0.0,0.0,3863.159912109375,,285.1434326171875
2022-07-18 04:00:00+00:00,42.26821019755117,42.276346694934986,41.096805930607886,41.283905029296875,15742900,0.0,0.0,3830.85009765625,,282.7303161621094
2022-07-19 04:00:00+00:00,41.51981215598435,41.90214373241711,41.17001725830277,41.78825759887695,13402100,0.0,0.0,3936.68994140625,,291.42529296875
2022-07-20 04:00:00+00:00,41.80453191033043,41.86147498312179,41.08867214831303,41.340850830078125,12774400,0.0,0.0,3959.89990234375,,296.046142578125
2022-07-21 04:00:00+00:00,41.137481093347226,41.60116216533752,40.82022594968699,41.58489227294922,15103800,0.0,0.0,3998.949951171875,,300.2959899902344
2022-07-22 04:00:00+00:00,41.69878454669119,41.91842347147566,41.44660893551153,41.674381256103516,10932100,0.0,0.0,3961.6298828125,,295.0301818847656
2022-07-25 04:00:00+00:00,41.76385636081024,42.20313412870586,41.76385636081024,42.113651275634766,12995800,0.0,0.0,3966.840087890625,,293.3498229980469
2022-07-26 04:00:00+00:00,42.17059019653361,42.992199478771184,42.06483746211111,42.5447883605957,16632500,0.0,0.0,3921.050048828125,,287.5858154296875
2022-07-27 04:00:00+00:00,42.25193811851593,42.50411677056179,41.641831179225576,42.260074615478516,19203500,0.0,0.0,4023.610107421875,,299.7391052246094
2022-07-28 04:00:00+00:00,41.68622107374547,42.899510139199776,40.25159198686003,41.57965087890625,38984900,0.4,0.0,4072.429931640625,,302.66998291015625
2022-07-29 04:00:00+00:00,41.448485496159336,41.57145182898174,40.39915465139716,41.407493591308594,25037900,0.0,0.0,4130.2900390625,,308.1898193359375
2022-08-01 04:00:00+00:00,41.25173216354629,42.055124033218526,41.11236970376578,41.489471435546875,19709900,0.0,0.0,4118.6298828125,,308.0041198730469
2022-08-02 04:00:00+00:00,41.727209662423896,42.194488563414794,40.686078546827844,40.73526382446289,17802000,0.0,0.0,4091.18994140625,,307.0858154296875
2022-08-03 04:00:00+00:00,40.8172488741756,41.046788533723216,40.4483436161574,40.8746337890625,16500100,0.0,0.0,4155.169921875,,315.44854736328125
2022-08-04 04:00:00+00:00,40.907426062495965,41.03039239700649,40.341770291120305,40.8746337890625,17026300,0.0,0.0,4151.93994140625,,316.9237976074219
2022-08-05 04:00:00+00:00,40.694281419470464,40.96481299777424,40.21880594020796,40.390960693359375,16376600,0.0,0.0,4145.18994140625,,314.3348388671875
2022-08-08 04:00:00+00:00,40.489332123852684,40.83364473811737,40.120426868298836,40.63689422607422,16071800,0.0,0.0,4140.06005859375,,313.3187561035156
2022-08-09 04:00:00+00:00,40.78445124605273,41.079575413719716,40.59590038943058,40.809043884277344,12095600,0.0,0.0,4122.47021484375,,309.7724914550781
2022-08-10 04:00:00+00:00,40.93201771255735,41.03039140323177,40.4811349091194,40.94841384887695,17355100,0.0,0.0,4210.240234375,,318.4184875488281
2022-08-11 04:00:00+00:00,39.53018146141067,40.27618847483671,39.19406848013615,39.58756637573242,44048800,0.0,0.0,4207.27001953125,,316.6111145019531
2022-08-12 04:00:00+00:00,39.80070795589205,41.30911804575349,39.80070795589205,41.0795783996582,25835500,0.0,0.0,4280.14990234375,,322.7757568359375
2022-08-15 04:00:00+00:00,40.9648048808054,41.04678242494546,40.48932636851309,40.78445053100586,15797800,0.0,0.0,4297.14013671875,,325.38421630859375
2022-08-16 04:00:00+00:00,40.481135889590874,41.13696572204359,40.46473975287414,40.8746337890625,12874800,0.0,0.0,4305.2001953125,,324.62213134765625
2022-08-17 04:00:00+00:00,40.702481051854896,40.874635805006314,40.374564555833985,40.390960693359375,13607200,0.0,0.0,4274.0400390625,,320.91943359375
2022-08-18 04:00:00+00:00,40.4893322739357,40.59590559865592,39.661347699284214,39.8253059387207,18916300,0.0,0.0,4283.740234375,,321.6912841796875
2022-08-19 04:00:00+00:00,40.038440465787566,40.53851157646222,39.94826329799474,40.29257583618164,15350200,0.0,0.0,4228.47998046875,,315.4192199707031
2022-08-22 04:00:00+00:00,40.34177116146425,40.497532900012,39.95647288566012,40.08763885498047,13601200,0.0,0.0,4137.990234375,,307.1151428222656
2022-08-23 04:00:00+00:00,39.69413758703332,39.77611827190497,39.15307757585389,39.35802459716797,16248900,0.0,0.0,4128.72998046875,,306.86114501953125
2022-08-24 04:00:00+00:00,39.26784683568477,39.358020889684234,38.841556696238364,38.882545471191406,15551500,0.0,0.0,4140.77001953125,,307.7501525878906
2022-08-25 04:00:00+00:00,38.95633620177397,39.30884538304348,38.75138914881467,39.26785659790039,14460000,0.0,0.0,4199.1201171875,,313.1917724609375
2022-08-26 04:00:00+00:00,39.03830275081126,39.31703078923549,38.28409930992392,38.38247299194336,16546700,0.0,0.0,4057.659912109375,,300.3545837402344
2022-08-29 04:00:00+00:00,38.021765523409634,38.27589778331128,37.808618907806455,37.89879608154297,13400500,0.0,0.0,4030.610107421875,,297.39447021484375
2022-08-30 04:00:00+00:00,37.988973932387346,37.99717043594457,37.546287686468375,37.587276458740234,16303000,0.0,0.0,3986.159912109375,,294.0826110839844
2022-08-31 04:00:00+00:00,37.718447514786185,37.947990299634085,36.99703626881647,37.07901382446289,26416800,0.0,0.0,3955.0,,292.3728942871094
2022-09-01 04:00:00+00:00,37.005229599180744,38.24311122306211,37.005229599180744,38.226715087890625,19947600,0.0,0.0,3966.85009765625,,292.49993896484375
2022-09-02 04:00:00+00:00,38.316897708293496,38.3660829935487,37.32495171665285,37.464317321777344,14667700,0.0,0.0,3924.260009765625,,288.36737060546875
2022-09-06 04:00:00+00:00,37.67746228228436,38.07096021545192,37.324953130796914,37.51350402832031,17153500,0.0,0.0,3908.18994140625,,286.29620361328125
2022-09-07 04:00:00+00:00,37.4643091758198,37.88239964579992,37.2019772873533,37.81681823730469,15378900,0.0,0.0,3979.8701171875,,292.079833984375
2022-09-08 04:00:00+00:00,37.72664282600948,38.62840834381753,37.60367337937978,38.595619201660156,18271000,0.0,0.0,4006.179931640625,,293.5941467285156
2022-09-09 04:00:00+00:00,38.69399462224423,39.341627899423855,38.61201394505772,39.218658447265625,17501700,0.0,0.0,4067.360107421875,,300.0127258300781
2022-09-12 04:00:00+00:00,39.41541890732723,39.63675897356577,39.09569887635674,39.15308380126953,13744800,0.0,0.0,4110.41015625,,303.57861328125
2022-09-13 04:00:00+00:00,38.636611524026726,38.79237012712211,37.726646291655875,37.86600875854492,16603200,0.0,0.0,3932.68994140625,,286.9313049316406
2022-09-14 04:00:00+00:00,37.87420639558513,38.04636112582014,37.52989380787204,37.83321762084961,17162500,0.0,0.0,3946.010009765625,,289.2075500488281
2022-09-15 04:00:00+00:00,37.80042975096688,37.94799185898867,37.46431675541577,37.66106414794922,15802000,0.0,0.0,3901.35009765625,,284.39129638671875
2022-09-16 04:00:00+00:00,37.78402879855295,38.2185154350002,37.41512357551141,37.734840393066406,30629500,0.0,0.0,3873.330078125,,282.6521911621094
2022-09-19 04:00:00+00:00,37.44791396750045,37.61187218365533,36.710103558424905,37.251163482666016,16256200,0.0,0.0,3899.889892578125,,284.8533020019531
2022-09-20 04:00:00+00:00,36.890458971044005,37.11180210013942,36.43137657804132,36.701908111572266,15369000,0.0,0.0,3855.929931640625,,282.582763671875
2022-09-21 04:00:00+00:00,36.734706672336024,36.87406915123928,35.988699610473276,36.00509262084961,17505200,0.0,0.0,3789.929931640625,,277.5228271484375
2022-09-22 04:00:00+00:00,35.80014567930806,36.89046537937537,35.67717933772291,36.53795623779297,18508100,0.0,0.0,3757.989990234375,,274.1070861816406
2022-09-23 04:00:00+00:00,36.43138207574788,36.529758899464554,35.72636693590558,36.136260986328125,18871700,0.0,0.0,3693.22998046875,,269.6441650390625
2022-09-26 04:00:00+00:00,35.91491261143138,36.34120273727174,35.80013966708581,35.93130874633789,18680200,0.0,0.0,3655.0400390625,,268.5284118652344
2022-09-27 04:00:00+00:00,36.251020625427195,36.54614475909436,35.85752282295183,36.144447326660156,21562700,0.0,0.0,3647.2900390625,,268.6361083984375
2022-09-28 04:00:00+00:00,36.61993465790847,36.73470762422128,36.25103249725552,36.423187255859375,16532600,0.0,0.0,3719.0400390625,,273.9798889160156
2022-09-29 04:00:00+00:00,36.406782619175516,36.57893733759233,36.029680913907406,36.20183563232422,13559900,0.0,0.0,3640.469970703125,,266.0816650390625
2022-09-30 04:00:00+00:00,36.21003338562138,36.57074209636515,35.84932780212055,35.87392044067383,22962300,0.0,0.0,3585.6201171875,,261.5698547363281
2022-10-03 04:00:00+00:00,36.12806277373644,36.300217531140405,35.65258728272879,36.185447692871094,22834300,0.0,0.0,3678.429931640625,,267.7063903808594
2022-10-04 04:00:00+00:00,36.27561825381586,36.75929328895645,36.14445230160364,36.44777297973633,28198800,0.0,0.0,3790.929931640625,,276.1232604980469
2022-10-05 04:00:00+00:00,36.169044494628906,36.37399148788739,35.80833891230144,36.169044494628906,15673400,0.0,0.0,3783.280029296875,,275.9764709472656
2022-10-06 04:00:00+00:00,35.87392152888421,35.89031766416475,35.28367629500027,35.32466506958008,22068200,0.0,0.0,3744.52001953125,,273.8037109375
2022-10-07 04:00:00+00:00,35.29187678701835,35.29187678701835,34.36551536606876,34.69343185424805,20095000,0.0,0.0,3639.659912109375,,263.37066650390625
2022-10-10 04:00:00+00:00,34.71802208353738,34.93936522858926,34.22615051269531,34.22615051269531,17888000,0.0,0.0,3612.389892578125,,260.7379455566406
2022-10-11 04:00:00+00:00,34.1523731263101,34.89838019418181,33.98021837078052,34.365516662597656,20981200,0.0,0.0,3588.840087890625,,257.1557922363281
2022-10-12 04:00:00+00:00,34.504880702280765,35.36565756806637,34.36551510134295,34.455692291259766,18803600,0.0,0.0,3577.030029296875,,257.0678405761719
2022-10-13 04:00:00+00:00,34.23434703545961,35.38205153769849,34.185161754694896,35.23448944091797,23135200,0.0,0.0,3669.909912109375,,263.09661865234375
2022-10-14 04:00:00+00:00,35.16070485104009,35.562402324536514,34.726218236084186,35.136112213134766,16980500,0.0,0.0,3583.070068359375,,255.18862915039062
2022-10-17 04:00:00+00:00,35.40663998311674,35.91491075724912,35.40663998311674,35.78374481201172,16678400,0.0,0.0,3677.949951171875,,263.6153564453125
2022-10-18 04:00:00+00:00,36.111655061309904,36.36579042691053,35.75914602690108,36.144447326660156,18442800,0.0,0.0,3719.97998046875,,265.6999816894531
2022-10-19 04:00:00+00:00,35.99689040292242,36.12805635582136,35.037739958707,35.341060638427734,23054700,0.0,0.0,3695.159912109375,,264.7311096191406
2022-10-20 04:00:00+00:00,35.47222914704779,35.58699897319798,35.10332390067702,35.17710494995117,17715000,0.0,0.0,3665.780029296875,,263.38043212890625
2022-10-21 04:00:00+00:00,35.505023871841395,37.02163061171203,35.24269192902316,36.8494758605957,36575700,0.0,0.0,3752.75,,269.5561218261719
2022-10-24 04:00:00+00:00,36.956047199708316,37.60367738959436,36.88226614931076,37.33314895629883,24972000,0.0,0.0,3797.340087890625,,272.5216064453125
2022-10-25 04:00:00+00:00,37.111805948710064,37.56268875744282,36.800285609465696,37.37413787841797,23127000,0.0,0.0,3859.110107421875,,278.1589050292969
2022-10-26 04:00:00+00:00,37.64466080753741,38.24310875736145,37.39872505030775,37.75943374633789,21407900,0.0,0.0,3830.60009765625,,272.0126647949219
2022-10-27 04:00:00+00:00,37.55448955482365,37.80042533035091,37.44791623877271,37.49710464477539,20377700,0.0,0.0,3807.300048828125,,267.0604248046875
2022-10-28 04:00:00+00:00,37.693852234094734,38.956326517004115,37.65286345914169,38.882545471191406,27854000,0.0,0.0,3901.06005859375,,275.2326354980469
2022-10-31 04:00:00+00:00,38.59562646035879,38.849758777898664,38.15294012192713,38.161136627197266,29961700,0.0,0.0,3871.97998046875,,272.0322570800781
2022-11-01 04:00:00+00:00,39.34982809230249,39.69413758703332,38.85795649204606,39.35802459716797,30614500,0.0,0.0,3856.10009765625,,269.25262451171875
2022-11-02 04:00:00+00:00,39.16127752165844,39.48919088204164,38.48905153654297,38.587425231933594,25813100,0.0,0.0,3759.68994140625,,260.0234375
2022-11-03 04:00:00+00:00,38.33110762531187,38.69490474553032,38.16574415101405,38.504737854003906,20124600,0.4,0.0,3719.889892578125,,254.94393920898438
2022-11-04 04:00:00+00:00,39.24887504915763,39.306751796682065,38.537814260661875,39.042171478271484,24528500,0.0,0.0,3770.550048828125,,259.04473876953125
2022-11-07 05:00:00+00:00,38.99255768059706,39.39769802777741,38.653563983587325,38.9346809387207,20304400,0.0,0.0,3806.800048828125,,261.892822265625
2022-11-08 05:00:00+00:00,38.89334019382015,39.48037751083221,38.65356332212368,39.14965057373047,18054500,0.0,0.0,3828.110107421875,,263.8013610839844
2022-11-09 05:00:00+00:00,38.992562262753054,39.273679250921504,38.61222844171523,38.62876510620117,15348100,0.0,0.0,3748.570068359375,,257.7137451171875
2022-11-10 05:00:00+00:00,39.29847396043864,39.480374075421025,38.73624010871634,39.17445373535156,20480600,0.0,0.0,3956.3701171875,,276.7300109863281
2022-11-11 05:00:00+00:00,38.91814702528867,39.439040893016774,38.28976957450967,39.35635757446289,20909800,0.0,0.0,3992.929931640625,,281.8290710449219
2022-11-14 05:00:00+00:00,39.67881218383781,41.191880428226376,39.629202199709496,40.71232986450195,26143000,0.0,0.0,3957.25,,279.3627624511719
2022-11-15 05:00:00+00:00,40.795018371834644,40.95211195601068,39.83591389392311,40.15837097167969,25440500,0.0,0.0,3991.72998046875,,283.228759765625
2022-11-16 05:00:00+00:00,40.3485386338584,40.5635121257148,39.72842788696289,39.72842788696289,15822200,0.0,0.0,3958.7900390625,,279.3627624511719
2022-11-17 05:00:00+00:00,39.521720537168484,40.100491143240966,39.29848031108141,39.95993423461914,13231100,0.0,0.0,3946.56005859375,,278.7462158203125
2022-11-18 05:00:00+00:00,40.21624438578983,40.373341110982565,39.579597038438415,39.87725067138672,20666500,0.0,0.0,3965.340087890625,,278.7559814453125
2022-11-21 05:00:00+00:00,39.76976414321058,39.91859096045878,39.455576999283096,39.83591079711914,14736000,0.0,0.0,3949.93994140625,,275.88848876953125
2022-11-22 05:00:00+00:00,39.96819987669868,40.72060069743358,39.88551971558116,40.58004379272461,16358600,0.0,0.0,4003.580078125,,279.8619079589844
2022-11-23 05:00:00+00:00,40.48082357375457,40.69579703785504,40.11702645133694,40.38987350463867,10710800,0.0,0.0,4027.260009765625,,282.6707763671875
2022-11-25 05:00:00+00:00,40.456015939326534,40.695792795811705,40.381602540901675,40.687522888183594,6760200,0.0,0.0,4026.1201171875,,280.811279296875
2022-11-28 05:00:00+00:00,40.66273043509828,41.12574761167648,40.563513595133834,40.98518753051758,20704000,0.0,0.0,3963.93994140625,,276.69085693359375
2022-11-29 05:00:00+00:00,40.92730743506748,41.067864350700276,40.59658045680198,40.91904067993164,17160900,0.0,0.0,3957.6298828125,,274.596435546875
2022-11-30 05:00:00+00:00,41.043052291050905,41.44819259643555,40.54696508213289,41.44819259643555,35572700,0.0,0.0,4080.110107421875,,287.1141357421875
2022-12-01 05:00:00+00:00,41.59703326375009,42.2998242364596,41.57222668719858,42.233680725097656,23592600,0.0,0.0,4076.570068359375,,287.46649169921875
2022-12-02 05:00:00+00:00,41.803729222396,42.44037656739543,41.73758256907584,42.09311294555664,16881600,0.0,0.0,4071.699951171875,,286.32135009765625
2022-12-05 05:00:00+00:00,42.093113163129146,42.192329989576194,41.63009604963283,41.94428634643555,17959800,0.0,0.0,3998.840087890625,,281.515869140625
2022-12-06 05:00:00+00:00,41.89467394901306,42.0435007571554,40.66272255877977,41.10093307495117,21787100,0.0,0.0,3941.260009765625,,275.68280029296875
2022-12-07 05:00:00+00:00,41.134002303700456,42.291543328638895,41.134002303700456,41.53914260864258,15929900,0.0,0.0,3933.919921875,,274.5572814941406
2022-12-08 05:00:00+00:00,41.48953378806629,42.88684854889135,41.35724365185827,42.812435150146484,26116800,0.0,0.0,3963.510009765625,,277.8066711425781
2022-12-09 05:00:00+00:00,42.78763605900773,43.68886368863466,42.6884192353371,42.76283264160156,19933500,0.0,0.0,3934.3798828125,,276.0351867675781
2022-12-12 05:00:00+00:00,43.09355936228024,43.482163082920835,42.78763896201326,43.12663269042969,18532200,0.0,0.0,3990.56005859375,,279.499755859375
2022-12-13 05:00:00+00:00,43.90383937014766,44.681046853781766,43.72194236350579,43.87903594970703,29461800,0.0,0.0,4019.64990234375,,282.5044250488281
2022-12-14 05:00:00+00:00,43.93691050080333,45.4169088245745,43.73847683911834,45.04484176635742,36260300,0.0,0.0,3995.320068359375,,280.40997314453125
2022-12-15 05:00:00+00:00,44.705845725984986,45.003499357175556,44.15188169886056,44.32551193237305,21627100,0.0,0.0,3895.75,,270.9949035644531
2022-12-16 05:00:00+00:00,43.82942506953414,43.93691181268315,42.49825668334961,42.49825668334961,65689500,0.0,0.0,3852.360107421875,,268.4110412597656
2022-12-19 05:00:00+00:00,42.59746959426517,42.83724647842131,41.9194821766172,42.465179443359375,16081900,0.0,0.0,3817.659912109375,,264.6388244628906
2022-12-20 05:00:00+00:00,42.34115975466811,42.589203415081116,42.03523934529361,42.43210983276367,12433800,0.0,0.0,3821.6201171875,,264.43292236328125
2022-12-21 05:00:00+00:00,42.67188623445267,43.12663346551889,42.33289249994372,42.713226318359375,12925000,0.0,0.0,3878.43994140625,,268.2687683105469
2022-12-22 05:00:00+00:00,42.50652649442704,42.74630341790221,42.12619264246082,42.696693420410156,14822300,0.0,0.0,3822.389892578125,,261.70550537109375
2022-12-23 05:00:00+00:00,42.630546230137384,42.95300330087644,42.36596590778502,42.85378646850586,10666500,0.0,0.0,3844.820068359375,,262.29412841796875
2022-12-27 05:00:00+00:00,42.8785869866229,42.93646373109325,42.20886631683544,42.2750129699707,12033800,0.0,0.0,3829.25,,258.5858154296875
2022-12-28 05:00:00+00:00,42.20886649419685,42.48998346311093,41.96082285198937,42.00216293334961,10053900,0.0,0.0,3783.219970703125,,255.17173767089844
2022-12-29 05:00:00+00:00,42.184062732916885,42.72149009431877,42.15925931511179,42.44037628173828,8971300,0.0,0.0,3849.280029296875,,261.3915710449219
2022-12-30 05:00:00+00:00,42.40730306330686,42.498253134218544,41.96082261740188,42.365962982177734,11396200,0.0,0.0,3839.5,,261.234619140625
2023-01-03 05:00:00+00:00,42.17579991560176,42.440383417541824,42.01870631967951,42.382503509521484,15603800,0.0,0.0,3824.139892578125,,259.4687194824219
2023-01-04 05:00:00+00:00,41.580482729083386,41.86159965521575,40.943835480076416,41.44819259643555,21808400,0.0,0.0,3852.969970703125,,260.704833984375
2023-01-05 05:00:00+00:00,41.11746994257819,41.332443401654594,40.447749302596,41.059593200683594,20057400,0.0,0.0,3808.10009765625,,256.6236877441406
2023-01-06 05:00:00+00:00,41.32417514793823,42.663613327486544,40.97691468266667,42.10137939453125,29635900,0.0,0.0,3895.080078125,,263.7068786621094
2023-01-09 05:00:00+00:00,41.382052069719,41.55568230309983,39.943397058783596,40.00954055786133,30839100,0.0,0.0,3892.090087890625,,265.4139404296875
2023-01-10 05:00:00+00:00,39.97646832009543,40.07568830248341,39.174460630425635,39.372894287109375,29212000,0.0,0.0,3919.25,,267.6604919433594
2023-01-11 05:00:00+00:00,39.43904535505894,39.47211868622233,38.744521170859976,39.23234176635742,23022200,0.0,0.0,3969.610107421875,,272.2910461425781
2023-01-12 05:00:00+00:00,39.08351422725213,39.45558131103253,38.51301346815311,39.44731140136719,23345300,0.0,0.0,3983.169921875,,273.7626037597656
2023-01-13 05:00:00+00:00,39.27368082024365,39.81937815389991,39.26541406469347,39.56306457519531,18737500,0.0,0.0,3999.090087890625,,275.64630126953125
2023-01-17 05:00:00+00:00,38.47993553955815,38.64529901859506,37.793678205471075,38.09960174560547,29391400,0.0,0.0,3990.969970703125,,276.20550537109375
2023-01-18 05:00:00+00:00,37.66138550725915,37.90942913202453,37.18183491991885,37.20663833618164,33835000,0.0,0.0,3928.860107421875,,272.6148681640625
2023-01-19 05:00:00+00:00,36.975131273233366,37.4298784430764,36.908984624651055,37.17356491088867,26614900,0.0,0.0,3898.85009765625,,269.9364929199219
2023-01-20 05:00:00+00:00,37.438145245739875,37.562168634969844,36.98339807530635,37.29758834838867,25197600,0.0,0.0,3972.610107421875,,277.32391357421875
2023-01-23 05:00:00+00:00,37.23971542982516,37.47122241583233,37.05781528136459,37.19010543823242,19398600,0.0,0.0,4019.81005859375,,283.48486328125
2023-01-24 05:00:00+00:00,37.14049194800292,37.16529851848557,36.50384779645511,36.966861724853516,18853100,0.0,0.0,4016.949951171875,,282.9060363769531
2023-01-25 05:00:00+00:00,37.231441598851205,37.2975882473402,36.867644494299164,37.2645149230957,20828000,0.0,0.0,4016.219970703125,,282.2781982421875
2023-01-26 05:00:00+00:00,36.880693268381116,36.96413247624779,36.388394302763515,36.92241287231445,38465500,0.41,0.0,4060.429931640625,,287.7818908691406
2023-01-27 05:00:00+00:00,36.89738382094048,36.99751151261007,36.53024364648214,36.53858947753906,23798600,0.0,0.0,4070.56005859375,,290.6465148925781
2023-01-30 05:00:00+00:00,36.53858403701125,36.83062442048072,36.2131667002877,36.33832550048828,24402200,0.0,0.0,4017.77001953125,,284.7700500488281
2023-01-31 05:00:00+00:00,35.879403563096574,36.94744060408875,35.62908277948921,36.847312927246094,49722500,0.0,0.0,4076.60009765625,,289.0376281738281
2023-02-01 05:00:00+00:00,36.63871249263858,36.86400215739059,36.22151011709818,36.688777923583984,24482300,0.0,0.0,4119.2099609375,,295.2182922363281
2023-02-02 05:00:00+00:00,36.40507860429755,37.09763286254131,36.2966051001143,36.99750518798828,35279200,0.0,0.0,4179.759765625,,305.8136901855469
2023-02-03 05:00:00+00:00,37.01419483978834,37.03922596347122,36.61368094585483,36.76387405395508,23742000,0.0,0.0,4136.47998046875,,300.37860107421875
2023-02-06 05:00:00+00:00,36.87234409539342,36.9641291255277,36.488518681196865,36.5135498046875,18071200,0.0,0.0,4111.080078125,,297.8376770019531
2023-02-07 05:00:00+00:00,36.56360914731533,36.63036304284534,36.08799878216731,36.37169647216797,22999500,0.0,0.0,4164.0,,304.0084533691406
2023-02-08 05:00:00+00:00,36.33832636796111,36.79724834565492,36.32163789093568,36.697120666503906,19362300,0.0,0.0,4117.85986328125,,298.6028747558594
2023-02-09 05:00:00+00:00,36.81393975175339,36.98916718296142,36.07966580222196,36.16310501098633,20809200,0.0,0.0,4081.5,,295.96380615234375
2023-02-10 05:00:00+00:00,36.29661087454715,36.697124819478475,36.096352310580535,36.613685607910156,18619600,0.0,0.0,4090.4599609375,,294.02142333984375
2023-02-13 05:00:00+00:00,36.44680438741659,36.72215633490706,36.304953906647256,36.70547103881836,17878000,0.0,0.0,4137.2900390625,,298.73040771484375
2023-02-14 05:00:00+00:00,36.788907717415675,36.8806927545914,36.36336267042115,36.48017883300781,17506900,0.0,0.0,4136.1298828125,,300.9378356933594
2023-02-15 05:00:00+00:00,36.229854917315684,36.388393866564364,35.97119146622862,36.14641571044922,18994700,0.0,0.0,4147.60009765625,,303.2432556152344
2023-02-16 05:00:00+00:00,36.00457388278683,36.02960501204276,35.687499119202236,35.83769226074219,17832000,0.0,0.0,4090.409912109375,,297.5531921386719
2023-02-17 05:00:00+00:00,35.78762478732762,36.18813874769361,35.52896131169656,36.05463409423828,18293400,0.0,0.0,4079.090087890625,,295.4537353515625
2023-02-21 05:00:00+00:00,35.720878226956756,35.82100593300011,35.56233924413552,35.629093170166016,17356600,0.0,0.0,3997.340087890625,,288.45880126953125
2023-02-22 05:00:00+00:00,35.64577740619724,35.78762470761419,35.30367153354234,35.36207962036133,17394200,0.0,0.0,3991.050048828125,,288.6746826171875
2023-02-23 05:00:00+00:00,35.28698739832134,35.67081292552926,35.22857930431154,35.29533004760742,21104300,0.0,0.0,4012.320068359375,,291.1959533691406
2023-02-24 05:00:00+00:00,35.07003523522575,35.08672371438027,34.63614432621416,34.836402893066406,16806100,0.0,0.0,3970.0400390625,,286.32012939453125
2023-02-27 05:00:00+00:00,34.5777264244848,34.819704529027774,33.985299906190775,34.02701950073242,26370300,0.0,0.0,3982.239990234375,,288.3705139160156
2023-02-28 05:00:00+00:00,33.79339474397335,33.9686189898365,33.451288899811225,33.851802825927734,31086900,0.0,0.0,3970.14990234375,,287.9977111816406
2023-03-01 05:00:00+00:00,33.843457136255864,34.01033553655281,33.493005493029095,33.52638244628906,21104400,0.0,0.0,3951.389892578125,,285.6824645996094
2023-03-02 05:00:00+00:00,33.426251966082624,34.027021159368864,33.21765080020517,33.893516540527344,19110600,0.0,0.0,3981.35009765625,,288.0467529296875
2023-03-03 05:00:00+00:00,34.1354996601137,34.36078933424225,33.99365237436702,34.335758209228516,20922000,0.0,0.0,4045.639892578125,,294.0018005371094
2023-03-06 05:00:00+00:00,34.28569494411996,34.4275422388358,34.060405255746105,34.30238342285156,19434800,0.0,0.0,4048.419921875,,294.3353271484375
2023-03-07 05:00:00+00:00,34.26066556893046,34.31907365597597,33.45963446387407,33.65989303588867,23205800,0.0,0.0,3986.3701171875,,290.7250061035156
2023-03-08 05:00:00+00:00,33.64320378308199,33.85180499859366,33.30109791696293,33.476322174072266,16756100,0.0,0.0,3992.010009765625,,292.177001953125
2023-03-09 05:00:00+00:00,33.7182986181994,33.851803261957855,32.80045459023527,32.92561340332031,18585100,0.0,0.0,3918.320068359375,,287.11474609375
2023-03-10 05:00:00+00:00,32.78376355656934,33.31778208997923,32.73369812543659,32.86720275878906,26328100,0.0,0.0,3861.590087890625,,283.0826416015625
2023-03-13 04:00:00+00:00,32.758731725712586,33.80173774730687,32.758731725712586,33.259376525878906,35299400,0.0,0.0,3855.760009765625,,285.18206787109375
2023-03-14 04:00:00+00:00,33.417917774963485,33.50136018017451,32.97568416785308,33.29275894165039,24583600,0.0,0.0,3919.2900390625,,291.73553466796875
2023-03-15 04:00:00+00:00,33.17593048042445,33.81842250092405,32.92560969941197,33.60982131958008,25498400,0.0,0.0,3891.929931640625,,293.2659912109375
2023-03-16 04:00:00+00:00,33.42626159625695,33.785055959575644,33.14256380160966,33.6849250793457,21095900,0.0,0.0,3960.280029296875,,300.99664306640625
2023-03-17 04:00:00+00:00,33.9018657388894,34.03537037099892,33.36784721045132,33.45962905883789,57457800,0.0,0.0,3916.639892578125,,299.57415771484375
2023-03-20 04:00:00+00:00,33.49300633296469,34.09377877470446,33.326124745481245,34.052059173583984,20825400,0.0,0.0,3951.570068359375,,300.6372985839844
2023-03-21 04:00:00+00:00,34.093784385945334,34.135503993932126,33.63486233208648,33.926902770996094,19982000,0.0,0.0,4002.8701171875,,304.93109130859375
2023-03-22 04:00:00+00:00,33.960278128426815,34.085436946482524,33.367851447158166,33.38453674316406,15444200,0.0,0.0,3936.969970703125,,300.7846984863281
2023-03-23 04:00:00+00:00,33.518036616473346,33.79339170636591,33.37618933962065,33.52638244628906,16958100,0.0,0.0,3948.719970703125,,304.3514404296875
2023-03-24 04:00:00+00:00,33.4512897528545,33.7600186486294,33.26771967174422,33.70161056518555,17218100,0.0,0.0,3970.989990234375,,305.4715576171875
2023-03-27 04:00:00+00:00,33.826778010646294,33.89352875261724,33.35116743571979,33.55976867675781,20262800,0.0,0.0,3977.530029296875,,303.378662109375
2023-03-28 04:00:00+00:00,33.54307167667714,33.6265108787006,33.259373933595235,33.36784744262695,13537500,0.0,0.0,3971.27001953125,,301.76727294921875
2023-03-29 04:00:00+00:00,33.509696531744375,33.601481568726264,33.36784924404632,33.58479309082031,14429500,0.0,0.0,4027.81005859375,,307.26971435546875
2023-03-30 04:00:00+00:00,33.72664159628086,33.785052862561585,33.584794303461145,33.693267822265625,12634500,0.0,0.0,4050.830078125,,310.1780700683594
2023-03-31 04:00:00+00:00,33.83511522314406,34.0687507400077,33.609825537062235,34.04371643066406,23393600,0.0,0.0,4109.31005859375,,315.3365478515625
2023-04-03 04:00:00+00:00,33.9519251812883,34.602762994173276,33.91855141326955,34.50263214111328,20817200,0.0,0.0,4124.509765625,,314.5701599121094
2023-04-04 04:00:00+00:00,34.57772758158699,34.652824127475384,34.010332164430544,34.12715148925781,19514500,0.0,0.0,4100.60009765625,,313.5090026855469
2023-04-05 04:00:00+00:00,34.452569886832784,35.228566491298714,34.35243903380404,34.66951370239258,29697600,0.0,0.0,4090.3798828125,,310.4138488769531
2023-04-06 04:00:00+00:00,34.986594314595784,35.12844160598203,34.519326470084685,34.62779998779297,25931800,0.0,0.0,4105.02001953125,,312.5067138671875
2023-04-10 04:00:00+00:00,34.33576044047234,34.82805942341065,34.31072613083015,34.8197135925293,15137300,0.0,0.0,4109.10986328125,,312.3298645019531
2023-04-11 04:00:00+00:00,34.87812032700001,35.03665927759204,34.79468111942654,34.86977767944336,15304100,0.0,0.0,4108.93994140625,,310.325439453125
2023-04-12 04:00:00+00:00,34.73626844546426,34.869773069733824,34.43588224510741,34.51932144165039,17035100,0.0,0.0,4091.949951171875,,307.5840759277344
2023-04-13 04:00:00+00:00,34.65282637481018,34.79467682979927,34.46091367464958,34.60276412963867,22880900,0.0,0.0,4146.22021484375,,313.60723876953125
2023-04-14 04:00:00+00:00,34.636146124635104,34.80302774184336,34.15219293603347,34.369136810302734,20627500,0.0,0.0,4137.64013671875,,313.0176696777344
2023-04-17 04:00:00+00:00,34.310728627457266,34.444233284256626,34.1772239706579,34.36079406738281,17608600,0.0,0.0,4151.31982421875,,313.282958984375
2023-04-18 04:00:00+00:00,34.44422863882508,34.48595142463701,33.81842504766619,33.835113525390625,18541500,0.0,0.0,4154.8701171875,,313.30255126953125
2023-04-19 04:00:00+00:00,33.73498611305364,33.84345962763306,33.54307339218339,33.57645034790039,17214300,0.0,0.0,4154.52001953125,,313.1552429199219
2023-04-20 04:00:00+00:00,33.442942036366134,33.53472388000873,33.20096390848692,33.25102615356445,20131600,0.0,0.0,4129.7900390625,,310.76763916015625
2023-04-21 04:00:00+00:00,33.451290613535086,33.62651486837505,33.30109748567172,33.55141830444336,19227100,0.0,0.0,4133.52001953125,,311.09185791015625
2023-04-24 04:00:00+00:00,33.53473021235512,33.54307604344488,33.134216261099304,33.30109786987305,17633700,0.0,0.0,4137.0400390625,,310.44342041015625
2023-04-25 04:00:00+00:00,33.16759483203112,33.30944213743402,32.77542350979612,32.81714630126953,24492400,0.0,0.0,4071.6298828125,,304.58721923828125
2023-04-26 04:00:00+00:00,32.6752924633096,32.700323589226024,32.041146203746656,32.23305892944336,22401400,0.0,0.0,4055.989990234375,,306.4344482421875
2023-04-27 04:00:00+00:00,32.224709686587744,32.3999370984535,31.966046258169385,32.3248405456543,22434000,0.0,0.0,4135.35009765625,,314.76666259765625
2023-04-28 04:00:00+00:00,32.29146879971916,32.46669305683888,32.22471488291054,32.45000457763672,21015300,0.0,0.0,4169.47998046875,,316.93804931640625
2023-05-01 04:00:00+00:00,32.541786259034,32.975677124447984,32.42497009969209,32.717010498046875,23917800,0.0,0.0,4167.8701171875,,316.5746154785156
2023-05-02 04:00:00+00:00,32.78376298894549,33.476317267782456,32.23305598802639,32.59185028076172,38834100,0.0,0.0,4119.580078125,,313.8135681152344
2023-05-03 04:00:00+00:00,32.70867418652193,32.86720997876575,32.00777391170353,32.08287048339844,27721900,0.0,0.0,4090.75,,311.7600402832031
2023-05-04 04:00:00+00:00,31.84922656321914,32.06617357241398,31.72406776530033,31.8992919921875,23675100,0.0,0.0,4061.219970703125,,310.6595764160156
2023-05-05 04:00:00+00:00,32.02445641979107,32.124584102376204,31.78247826912551,32.116241455078125,19225100,0.0,0.0,4136.25,,317.262451171875
2023-05-08 04:00:00+00:00,32.14961374632119,32.3164953316102,31.999420637861217,32.26642990112305,20101700,0.0,0.0,4138.1201171875,,318.0484619140625
2023-05-09 04:00:00+00:00,32.10789489746094,32.266430656546326,32.03279834147279,32.10789489746094,15987900,0.0,0.0,4119.169921875,,316.0342102050781
2023-05-10 04:00:00+00:00,32.2664276644545,32.3081504451357,31.774131955629535,31.957698822021484,15858200,0.0,0.0,4137.64013671875,,319.47320556640625
2023-05-11 04:00:00+00:00,31.713107222172045,31.755281482974812,31.38416857955441,31.69624137878418,28566400,0.41,0.0,4130.6201171875,,320.5146789550781
2023-05-12 04:00:00+00:00,31.721545257872535,31.814323489274646,31.401039517786494,31.50225067138672,16541300,0.0,0.0,4124.080078125,,319.3651123046875
2023-05-15 04:00:00+00:00,31.460077353519942,31.510684535387583,31.21548080065951,31.341997146606445,16650400,0.0,0.0,4136.27978515625,,321.0944519042969
2023-05-16 04:00:00+00:00,31.223915035613718,31.409471473701906,31.06366379563837,31.215478897094727,25451700,0.0,0.0,4109.89990234375,,321.4580383300781
2023-05-17 04:00:00+00:00,31.190178486358985,31.24921858918712,30.793763609560678,30.99618911743164,23206400,0.0,0.0,4158.77001953125,,325.34893798828125
2023-05-18 04:00:00+00:00,30.962450593821142,31.02149069588135,30.506995620118744,30.768461227416992,27772400,0.0,0.0,4198.0498046875,,331.3917236328125
2023-05-19 04:00:00+00:00,30.91184846618192,31.75528222277685,30.802201176940134,31.013059616088867,33068300,0.0,0.0,4191.97998046875,,330.64501953125
2023-05-22 04:00:00+00:00,31.088966699345637,32.78426702080948,30.996188477546937,32.68305587768555,85718600,0.0,0.0,4192.6298828125,,331.7553405761719
2023-05-23 04:00:00+00:00,32.51436170637254,33.85542113821631,32.05047391166608,33.4337043762207,75379500,0.0,0.0,4145.580078125,,327.54986572265625
2023-05-24 04:00:00+00:00,33.82168966567258,33.85542778544288,32.55653913128417,32.581844329833984,39326400,0.0,0.0,4115.240234375,,325.86968994140625
2023-05-25 04:00:00+00:00,32.480628790836555,32.480628790836555,31.75527854678482,31.90709686279297,30266600,0.0,0.0,4151.27978515625,,333.7991027832031
2023-05-26 04:00:00+00:00,32.084220976001085,32.421592549254854,31.679373157629882,31.71310806274414,20234600,0.0,0.0,4205.4501953125,,342.3277893066406
2023-05-30 04:00:00+00:00,31.510682613820855,31.510682613820855,31.139569737644482,31.215478897094727,24371100,0.0,0.0,4205.52001953125,,343.8802795410156
2023-05-31 04:00:00+00:00,31.29138783170389,32.23603585750686,31.097398473934735,32.06734848022461,46166300,0.0,0.0,4179.830078125,,341.9249267578125
2023-06-01 04:00:00+00:00,32.151690560143685,32.22759971904849,31.797449963550648,32.06734848022461,20256100,0.0,0.0,4221.02001953125,,345.8748474121094
2023-06-02 04:00:00+00:00,32.26134012222147,32.60714782228476,32.185430957941996,32.35411834716797,22736400,0.0,0.0,4282.3701171875,,348.4688415527344
2023-06-05 04:00:00+00:00,32.455327522901946,32.91078248092163,32.44689460180268,32.59871292114258,18392200,0.0,0.0,4273.7900390625,,348.7144470214844
2023-06-06 04:00:00+00:00,32.733661699923154,32.77583273968819,32.29507580798976,32.362548828125,19508200,0.0,0.0,4283.85009765625,,348.6555480957031
2023-06-07 04:00:00+00:00,32.345684809240026,32.94452525002112,32.16013156186981,32.80113983154297,25295100,0.0,0.0,4267.52001953125,,342.7404479980469
2023-06-08 04:00:00+00:00,32.92765089037974,33.054164009035446,32.66618529724742,32.96982192993164,17347600,0.0,0.0,4293.93017578125,,346.99493408203125
2023-06-09 04:00:00+00:00,33.13006890946902,33.391534468998884,32.78426128167463,32.86860656738281,19775100,0.0,0.0,4298.85986328125,,348.32147216796875
2023-06-12 04:00:00+00:00,32.902348776197044,33.79638969872683,32.88548293275093,33.65300750732422,28334600,0.0,0.0,4338.93017578125,,354.2070617675781
2023-06-13 04:00:00+00:00,33.45900812116859,34.049412262662855,33.27345492394287,33.97350311279297,26533800,0.0,0.0,4369.009765625,,356.9288024902344
2023-06-14 04:00:00+00:00,34.00724732614497,34.02411638663488,33.163813606315095,33.19755172729492,22056400,0.0,0.0,4372.58984375,,359.52276611328125
2023-06-15 04:00:00+00:00,33.23972545589618,33.593969319922174,33.130078162573305,33.526493072509766,19905900,0.0,0.0,4425.83984375,,363.8067932128906
2023-06-16 04:00:00+00:00,33.619272644676734,34.040989555488146,33.61083650469148,33.787960052490234,60338600,0.0,0.0,4409.58984375,,361.5174255371094
2023-06-20 04:00:00+00:00,33.4927488652766,33.62769811814505,33.17224640061652,33.18067932128906,26881200,0.0,0.0,4388.7099609375,,360.9998779296875
2023-06-21 04:00:00+00:00,33.06259592020726,33.096334034512836,32.691483097733204,32.809566497802734,17982900,0.0,0.0,4365.68994140625,,356.08026123046875
2023-06-22 04:00:00+00:00,32.84331142912776,32.88548569361688,32.39629253905606,32.66619110107422,18039800,0.0,0.0,4381.89013671875,,360.28155517578125
2023-06-23 04:00:00+00:00,32.64931643284543,32.784265690683576,32.28663969913464,32.30350875854492,23492200,0.0,0.0,4348.330078125,,356.71002197265625
2023-06-26 04:00:00+00:00,31.223914626444248,31.249216606781385,30.498561160634775,31.114267349243164,56135500,0.0,0.0,4328.81982421875,,351.9281005859375
2023-06-27 04:00:00+00:00,31.173310448051474,31.207048570043582,30.59977524396323,30.71785545349121,32414900,0.0,0.0,4378.41015625,,357.9792785644531
2023-06-28 04:00:00+00:00,30.785327995630496,30.819066113565697,30.388913153501935,30.60820770263672,30062000,0.0,0.0,4376.85986328125,,358.67779541015625
2023-06-29 04:00:00+00:00,30.355180610873603,30.549169977903258,30.161188026399685,30.464824676513672,26284900,0.0,0.0,4396.43994140625,,357.9596252441406
2023-06-30 04:00:00+00:00,30.54073417062723,30.99618915074315,30.481694067735642,30.937149047851562,30867900,0.0,0.0,4450.3798828125,,363.4792785644531
2023-07-03 04:00:00+00:00,30.785333618941213,30.98775914608385,30.65881726229649,30.911849975585938,14115800,0.0,0.0,4455.58984375,,364.3353576660156
2023-07-05 04:00:00+00:00,30.852808912619302,31.223918613880787,30.692554436834627,30.75159454345703,26829400,0.0,0.0,4446.81982421875,,364.3254699707031
2023-07-06 04:00:00+00:00,30.53230114997743,30.591341252677307,30.043108050527835,30.051544189453125,30177300,0.0,0.0,4411.58984375,,361.55084228515625
2023-07-07 04:00:00+00:00,29.95876449714533,30.169622915719742,29.815379099443785,29.96719741821289,22903300,0.0,0.0,4398.9501953125,,360.3504943847656
2023-07-10 04:00:00+00:00,30.000931738463073,30.372041349881894,29.975629761020166,30.09370994567871,17777500,0.0,0.0,4409.52978515625,,360.4685363769531
2023-07-11 04:00:00+00:00,30.05997035710457,30.397345054540985,30.043101300488395,30.380475997924805,17731300,0.0,0.0,4439.259765625,,362.2494812011719
2023-07-12 04:00:00+00:00,30.532301047863708,30.574472090016254,30.29613742040975,30.355180740356445,17229700,0.0,0.0,4472.16015625,,366.82464599609375
2023-07-13 04:00:00+00:00,30.372040836274,30.667244510372033,30.29613168778521,30.414215087890625,16664400,0.0,0.0,4510.0400390625,,373.0528564453125
2023-07-14 04:00:00+00:00,30.616645342729036,30.776899818901274,30.3720487761621,30.633514404296875,17915100,0.0,0.0,4505.419921875,,372.97412109375
2023-07-17 04:00:00+00:00,30.4648300993065,30.4648300993065,30.17806245842529,30.24553871154785,20557300,0.0,0.0,4522.7900390625,,376.4571838378906
2023-07-18 04:00:00+00:00,30.29614206423522,30.76846617409721,30.262407155808827,30.566043853759766,22808300,0.0,0.0,4554.97998046875,,379.5369567871094
2023-07-19 04:00:00+00:00,30.650381958552845,30.954018616952855,30.540734672476322,30.734724044799805,18589700,0.0,0.0,4565.72021484375,,379.4483337402344
2023-07-20 04:00:00+00:00,30.700990027033185,31.266089099578455,30.667251904582724,31.013059616088867,22358400,0.0,0.0,4534.8701171875,,370.7013244628906
2023-07-21 04:00:00+00:00,31.03836186819744,31.56972604034174,31.03836186819744,31.544424057006836,24149700,0.0,0.0,4536.33984375,,369.5894775390625
2023-07-24 04:00:00+00:00,31.552855409289993,31.881794046057717,31.51911728822553,31.637197494506836,19414700,0.0,0.0,4554.64013671875,,370.1798400878906
2023-07-25 04:00:00+00:00,31.54442755231019,31.814326129270388,31.249223771766655,31.257659912109375,21771000,0.0,0.0,4567.4599609375,,372.6888427734375
2023-07-26 04:00:00+00:00,31.097399135284007,31.50224691890486,31.004620914933444,31.384166717529297,20983700,0.0,0.0,4566.75,,371.4490966796875
2023-07-27 04:00:00+00:00,31.426804955166578,31.563257715158088,30.855410039355384,30.872467041015625,25346300,0.41,0.0,4537.41015625,,370.56353759765625
2023-07-28 04:00:00+00:00,31.000390107037905,31.08567511653173,30.718957708934454,30.761598587036133,24054100,0.0,0.0,4582.22998046875,,377.3132629394531
2023-07-31 04:00:00+00:00,30.855409586467754,30.86393646052751,30.633671821429648,30.753070831298828,40265200,0.0,0.0,4588.9599609375,,377.5100402832031
2023-08-01 04:00:00+00:00,30.59956359300595,31.486504966362588,30.1646181544446,30.369298934936523,40931600,0.0,0.0,4576.72998046875,,376.63433837890625
2023-08-02 04:00:00+00:00,30.38635874248989,30.608093292973052,30.087866045607974,30.147563934326172,34301600,0.0,0.0,4513.39013671875,,368.3694152832031
2023-08-03 04:00:00+00:00,30.002581273534037,30.087863033654035,29.780843491957057,29.849071502685547,25676500,0.0,0.0,4501.89013671875,,367.7790832519531
2023-08-04 04:00:00+00:00,29.806434845007125,30.13903831119861,29.559113151016664,29.866132736206055,25746500,0.0,0.0,4478.02978515625,,366.0572509765625
2023-08-07 04:00:00+00:00,29.857600699372615,30.57397860128058,29.76379205726147,30.428998947143555,31069100,0.0,0.0,4518.43994140625,,369.15655517578125
2023-08-08 04:00:00+00:00,31.017453991842217,31.017453991842217,30.181680233083778,30.394887924194336,25225500,0.0,0.0,4499.3798828125,,366.017822265625
2023-08-09 04:00:00+00:00,30.360767986028296,30.75307253359031,30.284013102080355,30.565448760986328,17210500,0.0,0.0,4467.7099609375,,361.9936218261719
2023-08-10 04:00:00+00:00,30.548391728488312,30.778656380104923,30.360767956069473,30.463109970092773,18955200,0.0,0.0,4468.830078125,,362.66265869140625
2023-08-11 04:00:00+00:00,30.37782477943405,30.94069284008386,30.352240902724226,30.73601531982422,16609400,0.0,0.0,4464.0498046875,,360.3504943847656
2023-08-14 04:00:00+00:00,30.548390943237273,31.136842868937556,30.548390943237273,30.761598587036133,20295500,0.0,0.0,4489.72021484375,,364.3944396972656
2023-08-15 04:00:00+00:00,30.599567257767262,30.62515113840882,30.156094891331097,30.181678771972656,20484300,0.0,0.0,4437.85986328125,,360.527587890625
2023-08-16 04:00:00+00:00,29.968467935485506,30.40341338033814,29.84054529245702,30.25843048095703,22215600,0.0,0.0,4404.330078125,,356.71002197265625
2023-08-17 04:00:00+00:00,30.360767037886173,31.315939620140313,30.35224016362071,31.136842727661133,31113600,0.0,0.0,4370.35986328125,,352.8136291503906
2023-08-18 04:00:00+00:00,31.085673064933758,31.42680332052368,30.974804186554167,31.264766693115234,24145100,0.0,0.0,4369.7099609375,,352.37091064453125
2023-08-21 04:00:00+00:00,31.307406811231303,31.716765060013003,31.247708936614607,31.563255310058594,28496500,0.0,0.0,4399.77001953125,,358.0480651855469
2023-08-22 04:00:00+00:00,31.563257373083687,31.68265638341136,30.46310843088982,31.418277740478516,18524100,0.0,0.0,4387.5498046875,,357.5364685058594
2023-08-23 04:00:00+00:00,31.631484076509828,31.665598078055897,31.179484942540316,31.264766693115234,19370900,0.0,0.0,4436.009765625,,363.1742858886719
2023-08-24 04:00:00+00:00,31.11125771596875,31.247710472268558,30.753070450665636,30.83835220336914,19380800,0.0,0.0,4376.31005859375,,355.4112243652344
2023-08-25 04:00:00+00:00,30.821301102795907,31.29035733904495,30.667791315908445,31.025981903076172,16421300,0.0,0.0,4405.7099609375,,358.1661682128906
2023-08-28 04:00:00+00:00,31.07714160258199,31.14536960274251,30.72748123498461,30.880990982055664,15101900,0.0,0.0,4433.31005859375,,360.86212158203125
2023-08-29 04:00:00+00:00,30.92363498475877,31.50356003164695,30.701900468379378,30.82982635498047,21076500,0.0,0.0,4497.6298828125,,368.7432861328125
2023-08-30 04:00:00+00:00,30.85540870912662,30.91510658571858,30.548389199059248,30.61661720275879,16833000,0.0,0.0,4514.8701171875,,370.7996520996094
2023-08-31 04:00:00+00:00,30.650730250092,30.69337438224762,30.173147201538086,30.173147201538086,27919500,0.0,0.0,4507.66015625,,371.9114990234375
2023-09-01 04:00:00+00:00,30.394884545988656,30.753075118955113,30.360770538412645,30.514280319213867,17522500,0.0,0.0,4515.77001953125,,371.5179443359375
2023-09-05 04:00:00+00:00,30.667787252296144,30.949222908728718,30.14756007158661,30.173147201538086,25856100,0.0,0.0,4496.830078125,,371.9902648925781
2023-09-06 04:00:00+00:00,30.07080731769426,30.08786432110625,29.217976666839405,29.31178855895996,35370200,0.0,0.0,4465.47998046875,,368.7137451171875
2023-09-07 04:00:00+00:00,29.397074855447805,29.542054510823416,29.030357399356575,29.235034942626953,26777700,0.0,0.0,4451.14013671875,,366.0769348144531
2023-09-08 04:00:00+00:00,29.192390858433438,29.32884362341758,29.038881091164964,29.209447860717773,19467700,0.0,0.0,4457.490234375,,366.5885009765625
2023-09-11 04:00:00+00:00,29.200922057080746,29.252089812519642,28.603939968398578,28.945070266723633,27574400,0.0,0.0,4487.4599609375,,370.907958984375
2023-09-12 04:00:00+00:00,28.97065671934411,29.17533424288819,28.783032945019883,29.12416648864746,17987200,0.0,0.0,4461.89990234375,,366.7951965332031
2023-09-13 04:00:00+00:00,29.175335933945647,29.52499637245013,28.99624227714132,29.064470291137695,23853300,0.0,0.0,4467.43994140625,,368.19232177734375
2023-09-14 04:00:00+00:00,29.20092137329914,29.320317137581615,28.979183593954037,29.12416648864746,23759900,0.0,0.0,4505.10009765625,,371.2030944824219
2023-09-15 04:00:00+00:00,29.047413752811043,29.354430060839046,28.83420608559417,29.055940628051758,58063800,0.0,0.0,4450.31982421875,,364.84698486328125
2023-09-18 04:00:00+00:00,29.0985767853009,29.0985767853009,28.51865176438612,28.689218521118164,25421900,0.0,0.0,4453.52978515625,,365.2273254394531
2023-09-19 04:00:00+00:00,28.612469087930133,29.004770425761794,28.586885208203565,28.987716674804688,30323300,0.0,0.0,4443.9501953125,,364.448974609375
2023-09-20 04:00:00+00:00,29.064471413386237,29.072998288819644,28.6124689364343,28.67216682434082,24651400,0.0,0.0,4402.2001953125,,359.197021484375
2023-09-21 04:00:00+00:00,28.54424116957983,28.64657993046676,27.99843010712881,28.015483856201172,26980600,0.0,0.0,4330.0,,352.61492919921875
2023-09-22 04:00:00+00:00,28.21163688350709,28.220163757779343,27.716993590164734,27.879030227661133,28570800,0.0,0.0,4320.06005859375,,352.6642150878906
2023-09-25 04:00:00+00:00,27.879032550253836,28.126354217529297,27.640241011251717,28.126354217529297,19443700,0.0,0.0,4337.43994140625,,354.3392333984375
2023-09-26 04:00:00+00:00,27.904617483857333,28.109295000225952,27.597597956013942,27.631711959838867,26015500,0.0,0.0,4273.52978515625,,349.0184020996094
2023-09-27 04:00:00+00:00,27.657299720073592,27.71699760850556,27.205298865788674,27.375864028930664,26430100,0.0,0.0,4274.509765625,,349.8362731933594
2023-09-28 04:00:00+00:00,27.341754299765515,27.56348885750744,27.094432607956062,27.367338180541992,28197600,0.0,0.0,4299.7001953125,,352.7627258300781
2023-09-29 04:00:00+00:00,27.589070240189493,28.339562123491895,27.546429358325994,28.28839111328125,42421400,0.0,0.0,4288.0498046875,,353.0189208984375
2023-10-02 04:00:00+00:00,28.100769769075264,28.962127269633484,27.938729868077004,28.945070266723633,44620600,0.0,0.0,4288.39013671875,,355.965087890625
2023-10-03 04:00:00+00:00,28.859788235523492,29.090052892716706,28.748919344291807,28.910959243774414,31059900,0.0,0.0,4229.4501953125,,349.718017578125
2023-10-04 04:00:00+00:00,28.945072124023028,29.064471152053386,28.151939330921127,28.407791137695312,23722300,0.0,0.0,4263.75,,354.47723388671875
2023-10-05 04:00:00+00:00,28.527183949305467,28.808616352917372,28.18605041123413,28.544240951538086,21279400,0.0,0.0,4258.18994140625,,353.43280029296875
2023-10-06 04:00:00+00:00,28.586881590501115,28.620995594679982,28.203107176715097,28.2542781829834,23760400,0.0,0.0,4308.5,,359.35467529296875
2023-10-09 04:00:00+00:00,28.194582424866514,28.544242860796878,27.947260755886543,28.31397819519043,17468100,0.0,0.0,4335.66015625,,361.18743896484375
2023-10-10 04:00:00+00:00,28.211639477901404,28.484545025776686,28.15193833934361,28.28839111328125,19212100,0.0,0.0,4358.240234375,,363.1876525878906
2023-10-11 04:00:00+00:00,28.348097308810104,28.424852211172883,27.98990668002003,28.237228393554688,24221200,0.0,0.0,4376.9501953125,,365.7790832519531
2023-10-12 04:00:00+00:00,28.237223776507562,28.33103566997755,27.94726122091433,28.075183868408203,21809900,0.0,0.0,4349.60986328125,,364.50799560546875
2023-10-13 04:00:00+00:00,28.09224146565374,28.134885602343562,27.30763880058213,27.3843936920166,32388100,0.0,0.0,4327.77978515625,,359.9261169433594
2023-10-16 04:00:00+00:00,27.99843386492183,28.928016218784805,27.76816918205349,28.37367820739746,63317400,0.0,0.0,4373.6298828125,,363.99566650390625
2023-10-17 04:00:00+00:00,28.14341205859002,28.30544871440933,27.461148174494486,27.930204391479492,40015800,0.0,0.0,4373.2001953125,,362.8033752441406
2023-10-18 04:00:00+00:00,27.751112262858637,27.87050804250078,26.77035563872788,26.787412643432617,30307600,0.0,0.0,4314.60009765625,,358.044189453125
2023-10-19 04:00:00+00:00,26.761825319529382,26.864165714164457,26.360995496053235,26.599788665771484,26880300,0.0,0.0,4278.0,,354.6940002441406
2023-10-20 04:00:00+00:00,26.488919777973873,26.531562286854594,25.99427806147523,26.139259338378906,39407900,0.0,0.0,4224.16015625,,349.4027404785156
2023-10-23 04:00:00+00:00,26.2415983514862,26.77035242060632,26.0369191995708,26.30129623413086,29412100,0.0,0.0,4217.0400390625,,350.4570007324219
2023-10-24 04:00:00+00:00,26.335412024988635,26.463337934825347,25.85782727530692,25.95163917541504,26923800,0.0,0.0,4247.68017578125,,353.8663330078125
2023-10-25 04:00:00+00:00,25.977222426175192,26.437751786471292,25.772543252703194,26.207487106323242,28857900,0.0,0.0,4186.77001953125,,345.2051696777344
2023-10-26 04:00:00+00:00,26.105143526990265,26.75329493698391,26.01133164642751,26.574199676513672,27162700,0.0,0.0,4137.22998046875,,338.623046875
2023-10-27 04:00:00+00:00,26.48892007645326,26.548617962913564,25.60197702813017,25.67873191833496,33877100,0.0,0.0,4117.3701171875,,340.2488708496094
2023-10-30 04:00:00+00:00,25.789599009347622,26.164844955879758,25.67873173907322,26.05397605895996,33063500,0.0,0.0,4166.81982421875,,344.0819091796875
2023-10-31 04:00:00+00:00,25.832244559921655,26.284243822696137,25.329074280246008,26.06250762939453,42648200,0.0,0.0,4193.7998046875,,345.7273864746094
2023-11-01 04:00:00+00:00,26.062504010179424,26.505976335199076,25.98574912213197,26.01986312866211,23568300,0.0,0.0,4237.85986328125,,351.7281188964844
2023-11-02 04:00:00+00:00,26.019861966827893,26.139257731061424,25.7640118092121,26.011333465576172,29640900,0.0,0.0,4317.77978515625,,358.1131591796875
2023-11-03 04:00:00+00:00,26.352465325463967,26.770352126023443,26.301295944709516,26.65948486328125,28071000,0.0,0.0,4358.33984375,,362.3205261230469
2023-11-06 05:00:00+00:00,26.71065476900764,26.787409654970503,26.403635225156187,26.591259002685547,27381200,0.0,0.0,4365.97998046875,,363.7985534667969
2023-11-07 05:00:00+00:00,26.505975835813093,26.770352874859235,26.34393756113853,26.650957107543945,18086400,0.0,0.0,4378.3798828125,,367.2374572753906
2023-11-08 05:00:00+00:00,26.369520287046036,26.69359517560265,26.053972272417486,26.284236907958984,29398300,0.0,0.0,4382.77978515625,,367.4739074707031
2023-11-09 05:00:00+00:00,26.35338615761064,26.370673130084622,25.610062826993758,25.65328025817871,28737700,0.41,0.0,4347.35009765625,,364.6459655761719
2023-11-10 05:00:00+00:00,25.713782615953278,25.77428537010094,25.091466453693343,25.48041343688965,33844100,0.0,0.0,4415.240234375,,372.843994140625
2023-11-13 05:00:00+00:00,25.35940718733862,25.376694159040195,25.005032510338033,25.048248291015625,35519900,0.0,0.0,4411.5498046875,,371.6812438964844
2023-11-14 05:00:00+00:00,25.14332625258217,25.679209213698083,25.056893038299346,25.29026222229004,40084300,0.0,0.0,4495.7001953125,,379.6822814941406
2023-11-15 05:00:00+00:00,25.247044102134947,26.23238008035741,25.247044102134947,26.094087600708008,43614600,0.0,0.0,4502.8798828125,,379.9680480957031
2023-11-16 05:00:00+00:00,26.163233978140816,26.318813430708776,25.4717699276806,25.731069564819336,32407200,0.0,0.0,4508.240234375,,380.29327392578125
2023-11-17 05:00:00+00:00,25.8607177734375,25.938507497358184,25.705138325596135,25.8607177734375,27009200,0.0,0.0,4514.02001953125,,380.3819580078125
2023-11-20 05:00:00+00:00,25.843432340558838,26.050871067173336,25.722426828844494,25.912578582763672,26335700,0.0,0.0,4547.3798828125,,385.0130615234375
2023-11-21 05:00:00+00:00,25.94715407747711,26.24102603653906,25.72242836474876,26.189165115356445,25988700,0.0,0.0,4538.18994140625,,382.77630615234375
2023-11-22 05:00:00+00:00,26.26695417393155,26.431177122972272,26.050871953616674,26.206451416015625,19226800,0.0,0.0,4556.6201171875,,384.343017578125
2023-11-24 05:00:00+00:00,26.258309841512887,26.53489645941137,26.258309841512887,26.362030029296875,11129700,0.0,0.0,4559.33984375,,383.8010559082031
2023-11-27 05:00:00+00:00,26.57811201908108,26.57811201908108,25.955795843341335,26.050870895385742,26066700,0.0,0.0,4550.43017578125,,383.466064453125
2023-11-28 05:00:00+00:00,26.02494254999311,26.02494254999311,25.618706929957277,25.661924362182617,29497700,0.0,0.0,4554.89013671875,,384.4710693359375
2023-11-29 05:00:00+00:00,25.731070508919228,26.120017506033587,25.69649656326828,25.999011993408203,26185200,0.0,0.0,4550.580078125,,384.0966491699219
2023-11-30 05:00:00+00:00,26.197807139686976,26.370673570158726,25.895291710649648,26.33609962463379,45356600,0.0,0.0,4567.7998046875,,383.1310119628906
2023-12-01 05:00:00+00:00,25.039604551036238,25.41126619596638,24.460504193521526,24.98774528503418,103624000,0.0,0.0,4594.6298828125,,384.2247619628906
2023-12-04 05:00:00+00:00,25.082824721622675,25.61870770889873,25.082824721622675,25.30755043029785,47410400,0.0,0.0,4569.77978515625,,380.6577453613281
2023-12-05 05:00:00+00:00,25.24704434209872,25.584133706952386,25.126038833399484,25.143325805664062,39853000,0.0,0.0,4567.18017578125,,381.6136169433594
2023-12-06 05:00:00+00:00,25.143323540028486,25.41126499167994,24.82352117625642,24.88402557373047,33410500,0.0,0.0,4549.33984375,,379.4063720703125
2023-12-07 05:00:00+00:00,24.90995619764627,24.97910243693963,24.633371240472833,24.7457332611084,35782900,0.0,0.0,4585.58984375,,384.7075500488281
2023-12-08 05:00:00+00:00,24.763023507701703,25.039608501450335,24.711164233517984,24.87538719177246,31890700,0.0,0.0,4604.3701171875,,386.4220886230469
2023-12-11 05:00:00+00:00,24.87538452332905,24.90131333335116,24.58151258685134,24.754377365112305,37833900,0.0,0.0,4622.43994140625,,389.72296142578125
2023-12-12 05:00:00+00:00,24.737094318464152,24.94453306061895,24.50372511532379,24.7025203704834,48587500,0.0,0.0,4643.7001953125,,392.8267517089844
2023-12-13 05:00:00+00:00,22.7145626609447,23.10350965240598,22.265111265473656,23.043006896972656,158100700,0.0,0.0,4707.08984375,,397.8224792480469
2023-12-14 05:00:00+00:00,23.12943747302862,23.613461109861934,22.481190912625046,22.584909439086914,101889800,0.0,0.0,4719.5498046875,,397.4776306152344
2023-12-15 05:00:00+00:00,22.584912068395127,23.32823540507243,22.541696285434263,23.01707649230957,138388400,0.0,0.0,4719.18994140625,,399.39898681640625
2023-12-18 05:00:00+00:00,23.267733118610906,23.596177362034197,23.094866686129286,23.38873863220215,63329400,0.0,0.0,4740.56005859375,,401.9146728515625
2023-12-19 05:00:00+00:00,23.578891760146856,24.40864666970966,23.57024827376685,24.339500427246094,70094700,0.0,0.0,4768.3701171875,,403.9683532714844
2023-12-20 05:00:00+00:00,24.36542826306893,24.425931012638436,23.864117647037837,23.88140296936035,56184300,0.0,0.0,4698.35009765625,,397.9654846191406
2023-12-21 05:00:00+00:00,24.080199775748547,24.51236415565171,24.011053540907092,24.469146728515625,51056600,0.0,0.0,4746.75,,402.5959167480469
2023-12-22 05:00:00+00:00,24.581511886317628,24.884027300373646,24.35678619726391,24.546937942504883,35162300,0.0,0.0,4754.6298828125,,403.1982421875
2023-12-26 05:00:00+00:00,24.572867110158874,24.65930031657616,24.417287668323016,24.555580139160156,30119100,0.0,0.0,4774.75,,405.66650390625
2023-12-27 05:00:00+00:00,24.607441708050892,24.832167406350734,24.469149224262747,24.72844886779785,35000700,0.0,0.0,4781.580078125,,406.4923400878906
2023-12-28 05:00:00+00:00,24.728446134521153,25.091464276484135,24.70251567846085,24.88402557373047,30472900,0.0,0.0,4783.35009765625,,406.2947692871094
2023-12-29 05:00:00+00:00,24.875382088377034,24.953171807981693,24.667943385623367,24.88402557373047,30363100,0.0,0.0,4769.830078125,,404.5364074707031
2024-01-02 05:00:00+00:00,24.961815239923816,26.171876889512625,24.91859945897123,25.696495056152344,57948700,0.0,0.0,4742.830078125,,397.69073486328125
2024-01-03 05:00:00+00:00,25.929864229879588,25.964438173502753,25.419910101472514,25.696495056152344,43426500,0.0,0.0,4704.81005859375,,393.4825744628906
2024-01-04 05:00:00+00:00,25.748356646313074,25.88664912727689,25.091466537446735,25.143325805664062,45558200,0.0,0.0,4688.68017578125,,391.45751953125
2024-01-05 05:00:00+00:00,25.082824237348547,25.489058213316365,24.849455046471157,25.471771240234375,33612800,0.0,0.0,4697.240234375,,391.92181396484375
2024-01-08 05:00:00+00:00,25.376695097513746,25.653280060662166,25.212472157428213,25.56684684753418,32972100,0.0,0.0,4763.5400390625,,400.02203369140625
2024-01-09 05:00:00+00:00,25.584132745903677,25.808858431172332,25.34212008901981,25.411266326904297,39856900,0.0,0.0,4756.5,,400.8122863769531
2024-01-10 05:00:00+00:00,25.376694785082837,25.402623594698508,24.961815696891662,25.05689239501953,37413300,0.0,0.0,4783.4501953125,,403.52886962890625
2024-01-11 05:00:00+00:00,24.918599595610015,24.996389320612316,24.434575922266212,24.546937942504883,46884700,0.0,0.0,4780.240234375,,404.3684997558594
2024-01-12 05:00:00+00:00,24.59879591230653,25.01367497329686,24.581510589888165,24.806236267089844,30373500,0.0,0.0,4783.830078125,,404.5758972167969
2024-01-16 05:00:00+00:00,24.719801558662,24.823520081175193,24.391355724025775,24.4777889251709,38826000,0.0,0.0,4765.97998046875,,404.5364074707031
2024-01-17 05:00:00+00:00,24.33950362545521,24.659306069231516,24.140708358322826,24.330860137939453,33312600,0.0,0.0,4739.2099609375,,402.2544860839844
2024-01-18 05:00:00+00:00,24.23577973443228,24.313567807787738,23.85547461038545,24.278995513916016,50321100,0.0,0.0,4780.93994140625,,407.96417236328125
2024-01-19 05:00:00+00:00,24.22713792899303,24.529651703511373,24.140704715455037,24.443220138549805,35549300,0.0,0.0,4839.81005859375,,416.0545349121094
2024-01-22 05:00:00+00:00,24.477790213942843,24.737089831030506,24.140702525162787,24.469146728515625,41663900,0.0,0.0,4850.43017578125,,416.5978698730469
2024-01-23 05:00:00+00:00,24.581511833102443,24.763020091997287,24.330855686731798,24.57286834716797,33466700,0.0,0.0,4864.60009765625,,418.3265380859375
2024-01-24 05:00:00+00:00,24.66794484251304,24.875383557518045,24.486434936523438,24.486434936523438,42720700,0.0,0.0,4868.5498046875,,420.64794921875
2024-01-25 05:00:00+00:00,24.40747635161446,24.495210247108677,24.082863113686205,24.10040855407715,47605500,0.42,0.0,4894.16015625,,421.16162109375
2024-01-26 05:00:00+00:00,24.24078211751394,24.486436690220767,24.003902775079897,24.10040855407715,47073800,0.0,0.0,4890.97021484375,,418.6524963378906
2024-01-29 05:00:00+00:00,24.144276585699004,24.240782365684254,23.960035235936456,24.109182357788086,67082700,0.0,0.0,4927.93017578125,,422.9396667480469
2024-01-30 05:00:00+00:00,24.468887435810938,24.890009762664764,23.64419324111347,23.70560646057129,86072400,0.0,0.0,4924.97021484375,,420.1243896484375
2024-01-31 05:00:00+00:00,23.837207711346444,24.13550194161398,23.495047371550957,23.75824737548828,81192100,0.0,0.0,4845.64990234375,,411.895751953125
2024-02-01 05:00:00+00:00,23.77579349534014,23.977580268154092,23.451178608886817,23.942487716674805,53883000,0.0,0.0,4906.18994140625,,416.74603271484375
2024-02-02 05:00:00+00:00,23.84598184897253,23.863528962565198,23.416087606261303,23.62664794921875,51718500,0.0,0.0,4958.60986328125,,423.78924560546875
2024-02-05 05:00:00+00:00,23.635419243922197,23.635419243922197,23.26693826066694,23.31080436706543,42633400,0.0,0.0,4942.81005859375,,423.236083984375
2024-02-06 05:00:00+00:00,23.38976789785639,24.328516759670244,23.310807556826727,24.12672996520996,56958700,0.0,0.0,4954.22998046875,,422.3865051269531
2024-02-07 05:00:00+00:00,24.170593509204803,24.2583273980689,23.951259623736938,24.179367065429688,36843000,0.0,0.0,4995.06005859375,,426.73297119140625
2024-02-08 05:00:00+00:00,24.17936921948277,24.293423787182228,24.047769211155227,24.188142776489258,29048400,0.0,0.0,4997.91015625,,427.52325439453125
2024-02-09 05:00:00+00:00,24.179367065429688,24.20568773410434,24.021446400151266,24.179367065429688,29062700,0.0,0.0,5026.60986328125,,431.7313232421875
2024-02-12 05:00:00+00:00,24.161823857539503,24.582944554913006,24.144276743469383,24.26710319519043,30323700,0.0,0.0,5021.83984375,,430.0422058105469
2024-02-13 05:00:00+00:00,24.16182396972484,24.416250431383315,23.56523547564992,23.661741256713867,37927500,0.0,0.0,4953.169921875,,423.3348083496094
2024-02-14 05:00:00+00:00,23.69683489144564,23.83720845437242,23.60910099627019,23.784568786621094,25270200,0.0,0.0,5000.6201171875,,427.94805908203125
2024-02-15 05:00:00+00:00,23.907396300658878,24.398703792785184,23.881075628918474,24.1355037689209,36111600,0.0,0.0,5029.72998046875,,429.2222900390625
2024-02-16 05:00:00+00:00,24.170594990357674,24.468889226743958,23.872300753971388,24.232009887695312,35935300,0.0,0.0,5005.56982421875,,425.3302307128906
2024-02-20 05:00:00+00:00,24.223239407013093,24.688226260780837,24.14427905950818,24.205692291259766,34232000,0.0,0.0,4975.509765625,,422.119873046875
2024-02-21 05:00:00+00:00,24.214461869893388,24.28464864798761,24.003901535610726,24.275875091552734,27348300,0.0,0.0,4981.7998046875,,420.43060302734375
2024-02-22 05:00:00+00:00,24.205687486258952,24.30219493035978,23.854753607780577,24.17059326171875,31957500,0.0,0.0,5087.02978515625,,432.73895263671875
2024-02-23 05:00:00+00:00,24.346060047127178,24.644354250043833,24.293420385843255,24.354833602905273,33182600,0.0,0.0,5088.7998046875,,431.46466064453125
2024-02-26 05:00:00+00:00,24.275873894351076,24.275873894351076,23.74947224791232,23.845979690551758,45685500,0.0,0.0,5069.52978515625,,431.2374572753906
2024-02-27 05:00:00+00:00,23.79334118547311,23.863527963520564,23.52136595632755,23.591552734375,38598400,0.0,0.0,5078.18017578125,,432.27471923828125
2024-02-28 05:00:00+00:00,23.65296561756519,23.89862017390882,23.530139176085754,23.723154067993164,31010200,0.0,0.0,5069.759765625,,429.9730224609375
2024-02-29 05:00:00+00:00,23.74947187207745,23.854752869053012,23.29325700749114,23.302030563354492,54643200,0.0,0.0,5096.27001953125,,433.65765380859375
2024-03-01 05:00:00+00:00,23.538914226329176,23.600327450966596,23.25816710033819,23.328353881835938,46392100,0.0,0.0,5137.080078125,,440.18719482421875
2024-03-04 05:00:00+00:00,23.073923664083374,23.21429721437039,22.468563355989886,22.714216232299805,86777700,0.0,0.0,5130.9501953125,,438.6165771484375
2024-03-05 05:00:00+00:00,22.696674996758492,23.17920895605767,22.538754305094027,22.88091468811035,73646100,0.0,0.0,5078.64990234375,,430.7435302734375
2024-03-06 05:00:00+00:00,23.60032538771117,23.95125926451955,23.503819617454315,23.854753494262695,84919500,0.0,0.0,5104.759765625,,433.4502258300781
2024-03-07 05:00:00+00:00,23.863527864484997,23.968807194426862,23.477499750133667,23.503820419311523,46423800,0.0,0.0,5157.35986328125,,440.0292663574219
2024-03-08 05:00:00+00:00,23.58278066158141,23.951261687858537,23.55646166402333,23.881074905395508,45906600,0.0,0.0,5123.68994140625,,433.6773986816406
2024-03-11 04:00:00+00:00,23.96003576166281,24.907558182044415,23.96003576166281,24.890012741088867,52600100,0.0,0.0,5117.93994140625,,432.06732177734375
2024-03-12 04:00:00+00:00,24.837367228974728,24.86368789606737,24.35483337930219,24.574167251586914,48758200,0.0,0.0,5175.27001953125,,438.260986328125
2024-03-13 04:00:00+00:00,24.81982630853193,25.170760233385618,24.73209240897227,24.758411407470703,39273000,0.0,0.0,5165.31005859375,,434.8924865722656
2024-03-14 04:00:00+00:00,24.784730087106777,24.81105075687445,24.363609411132895,24.6794490814209,36428000,0.0,0.0,5150.47998046875,,433.7959899902344
2024-03-15 04:00:00+00:00,24.530303696035812,24.811052506534786,24.442571470726374,24.512758255004883,75727900,0.0,0.0,5117.08984375,,428.6394958496094
2024-03-18 04:00:00+00:00,24.574168402399987,24.591715514616816,24.223234524987053,24.319740295410156,36226500,0.0,0.0,5149.419921875,,432.72760009765625
2024-03-19 04:00:00+00:00,24.275874101016527,24.372381544477552,23.968806331864396,24.240779876708984,29026600,0.0,0.0,5178.509765625,,433.8057556152344
2024-03-20 04:00:00+00:00,24.109179709796106,24.33728714600861,23.872298717569503,24.302194595336914,34468000,0.0,0.0,5224.6201171875,,438.94927978515625
2024-03-21 04:00:00+00:00,24.346063535121072,24.60049166898313,24.240782524085247,24.26710319519043,29633700,0.0,0.0,5241.52978515625,,441.0264892578125
2024-03-22 04:00:00+00:00,24.10040821293394,24.425023119652117,23.9863553217753,24.003902435302734,28830100,0.0,0.0,5234.18017578125,,441.5308837890625
2024-03-25 04:00:00+00:00,23.898622911836544,24.109183267088877,23.77579645628559,24.065317153930664,31110600,0.0,0.0,5218.18994140625,,439.9284973144531
2024-03-26 04:00:00+00:00,24.082865827756596,24.24078484938136,23.960037690868365,24.205692291259766,38220300,0.0,0.0,5203.580078125,,438.504150390625
2024-03-27 04:00:00+00:00,24.31096631863096,24.512754758863334,24.16182088752287,24.37238121032715,34247600,0.0,0.0,5248.490234375,,439.99774169921875
2024-03-28 04:00:00+00:00,24.407474927790883,24.67067659891951,24.319741037414673,24.34606170654297,40466700,0.0,0.0,5254.35009765625,,439.1866760253906
2024-04-01 04:00:00+00:00,24.354834519843813,24.45134196365164,24.19691385666181,24.319740295410156,26596600,0.0,0.0,5243.77001953125,,440.116455078125
2024-04-02 04:00:00+00:00,24.18814037398885,24.3460610376503,24.047766822597502,24.17059326171875,32451500,0.0,0.0,5205.81005859375,,436.318115234375
2024-04-03 04:00:00+00:00,24.135503037689546,24.346063385078633,23.863529464818416,23.881074905395508,36828600,0.0,0.0,5211.490234375,,437.29742431640625
2024-04-04 04:00:00+00:00,23.960034238756535,24.038994574885006,23.37221933279171,23.380992889404297,41922700,0.0,0.0,5147.2099609375,,430.6108093261719
2024-04-05 04:00:00+00:00,23.302030899253065,23.4248590097259,23.11779124362086,23.3897647857666,39880500,0.0,0.0,5204.33984375,,435.6851806640625
2024-04-08 04:00:00+00:00,23.33712719165991,23.53014042038934,23.26694041090513,23.319580078125,24431400,0.0,0.0,5202.39013671875,,435.8137512207031
2024-04-09 04:00:00+00:00,23.48627496593671,24.05654278467067,23.38099395517149,23.49504852294922,45127800,0.0,0.0,5209.91015625,,437.426025390625
2024-04-10 04:00:00+00:00,23.266938492495466,23.32835171141914,22.951097168448335,23.09147071838379,44541600,0.0,0.0,5160.64013671875,,433.6079406738281
2024-04-11 04:00:00+00:00,23.117791882037775,23.20552577097416,22.92477699170078,23.109018325805664,32814500,0.0,0.0,5199.06005859375,,440.5318908691406
2024-04-12 04:00:00+00:00,23.030060912718668,23.09147414074432,22.661579871179768,22.68790054321289,43034100,0.0,0.0,5123.41015625,,433.5090026855469
2024-04-15 04:00:00+00:00,22.731765747070312,22.959873208742756,22.591392181946485,22.731765747070312,35660200,0.0,0.0,5061.81982421875,,426.3773498535156
2024-04-16 04:00:00+00:00,22.65280640870608,22.801953537415148,22.529979952140366,22.538753509521484,28885300,0.0,0.0,5051.41015625,,426.4169006347656
2024-04-17 04:00:00+00:00,22.538753280142483,22.538753280142483,22.161498683518612,22.30187225341797,43828900,0.0,0.0,5022.2099609375,,421.2140197753906
2024-04-18 04:00:00+00:00,22.24045828766741,22.336964067904887,22.13517727704437,22.275550842285156,35788400,0.0,0.0,5011.1201171875,,418.8104248046875
2024-04-19 04:00:00+00:00,22.275550901014448,22.810726165771484,22.240458346304177,22.810726165771484,38372800,0.0,0.0,4967.22998046875,,410.1455993652344
2024-04-22 04:00:00+00:00,22.8107242673359,23.249392041707743,22.749311046665404,23.03883171081543,35678700,0.0,0.0,5010.60009765625,,414.27032470703125
2024-04-23 04:00:00+00:00,23.100244274427844,23.22307071227519,22.9774178365805,23.09147071838379,24297800,0.0,0.0,5070.5498046875,,420.4524230957031
2024-04-24 04:00:00+00:00,23.030060307647272,23.109020648287142,22.845820628410852,23.047607421875,24547800,0.0,0.0,5071.6298828125,,421.87677001953125
2024-04-25 04:00:00+00:00,23.04760427565936,23.187977823549055,22.15272165282404,22.161495208740234,47661400,0.0,0.0,5048.419921875,,419.8392028808594
2024-04-26 04:00:00+00:00,22.222909517604272,22.40715085411861,22.108856631864743,22.28432273864746,46526500,0.0,0.0,5099.9599609375,,426.3180236816406
2024-04-29 04:00:00+00:00,22.442244822947206,22.67912583911268,22.407152268729106,22.494884490966797,39995300,0.0,0.0,5116.169921875,,428.04901123046875
2024-04-30 04:00:00+00:00,22.503655878324906,22.661576540543667,22.451016215380225,22.477336883544922,38017700,0.0,0.0,5035.68994140625,,419.97760009765625
2024-05-01 04:00:00+00:00,23.100244164212246,24.082860682456904,22.828270621683025,23.845979690551758,97388900,0.0,0.0,5018.39013671875,,416.94091796875
2024-05-02 04:00:00+00:00,23.872298717569503,24.512754919521214,23.793340060212007,24.302194595336914,69649000,0.0,0.0,5064.2001953125,,422.26251220703125
2024-05-03 04:00:00+00:00,24.44257231636594,24.486438430538296,24.144278054515954,24.398704528808594,60568900,0.0,0.0,5127.7900390625,,430.74932861328125
2024-05-06 04:00:00+00:00,24.547851711135205,24.854919531139643,24.530304596075528,24.705772399902344,59899700,0.0,0.0,5180.740234375,,435.467529296875
2024-05-07 04:00:00+00:00,24.819824214476128,24.99529032540637,24.038994414997443,24.363609313964844,65606400,0.0,0.0,5187.7001953125,,435.5367126464844
2024-05-08 04:00:00+00:00,24.302195611311006,24.863689832609555,24.144274943224595,24.802276611328125,39087800,0.0,0.0,5187.669921875,,435.279541015625
2024-05-09 04:00:00+00:00,24.72212857746583,25.158505999822935,24.33027880486357,25.096166610717773,47831100,0.42,0.0,5214.080078125,,436.2291564941406
2024-05-10 04:00:00+00:00,25.149596878473698,25.185220352568464,24.86461588019853,24.944766998291016,25849800,0.0,0.0,5222.68017578125,,437.25787353515625
2024-05-13 04:00:00+00:00,25.10507137646921,25.514731171787215,25.087259637902108,25.327713012695312,39609800,0.0,0.0,5221.419921875,,438.2667541503906
2024-05-14 04:00:00+00:00,25.425673107605938,25.541447704799165,25.1050703199942,25.274276733398438,23530900,0.0,0.0,5246.68017578125,,441.0858154296875
2024-05-15 04:00:00+00:00,25.372239374245687,25.817522624124244,25.36333350541362,25.666126251220703,38376300,0.0,0.0,5308.14990234375,,447.9800720214844
2024-05-16 04:00:00+00:00,25.710656526431986,25.85314703566342,25.532542540582263,25.755184173583984,40077800,0.0,0.0,5297.10009765625,,447.070068359375
2024-05-17 04:00:00+00:00,25.73737254587593,25.746278415068776,25.39005214045938,25.50582504272461,26106400,0.0,0.0,5303.27001953125,,446.85247802734375
2024-05-20 04:00:00+00:00,25.523636518015213,25.568164164899574,25.345522533236064,25.40786361694336,22423300,0.0,0.0,5308.1298828125,,449.96826171875
2024-05-21 04:00:00+00:00,25.354428724934827,25.532542711980213,25.220844083961225,25.434579849243164,28119900,0.0,0.0,5321.41015625,,450.84857177734375
2024-05-22 04:00:00+00:00,25.354428155308636,26.387485180272574,25.309900508858107,26.360769271850586,46987500,0.0,0.0,5307.009765625,,450.75958251953125
2024-05-23 04:00:00+00:00,26.209371070119385,26.209371070119385,25.53254035976983,25.550352096557617,42031300,0.0,0.0,5267.83984375,,448.7318115234375
2024-05-24 04:00:00+00:00,25.53254246732212,25.817523484967293,25.425673736394753,25.719560623168945,22589100,0.0,0.0,5304.72021484375,,452.9752502441406
2024-05-28 04:00:00+00:00,25.648314794676097,25.71956004749272,25.051635165354064,25.203031539916992,32371200,0.0,0.0,5306.0400390625,,454.68646240234375
2024-05-29 04:00:00+00:00,25.078353132505143,25.087259001562792,24.65978747852052,24.77556037902832,24241700,0.0,0.0,5266.9501953125,,451.48162841796875
2024-05-30 04:00:00+00:00,24.855712316972777,25.113977432250977,24.74884528201834,25.113977432250977,23298600,0.0,0.0,5235.47998046875,,446.6447448730469
2024-05-31 04:00:00+00:00,25.2386548548073,25.603786985493368,25.149597864698816,25.523635864257812,78290100,0.0,0.0,5277.509765625,,445.8138427734375
2024-06-03 04:00:00+00:00,25.52363868580745,26.29843237719498,25.50582694609257,26.102506637573242,38177200,0.0,0.0,5283.39990234375,,448.20758056640625
2024-06-04 04:00:00+00:00,26.09359782773606,26.476541695354612,25.977824929875492,26.262805938720703,46309500,0.0,0.0,5291.33984375,,449.4341125488281
2024-06-05 04:00:00+00:00,26.325144271819017,26.37857948281126,25.977823893473094,26.316238403320312,27346700,0.0,0.0,5354.02978515625,,458.49456787109375
2024-06-06 04:00:00+00:00,26.1470319659361,26.307334201476586,25.639409352471713,25.648313522338867,35360400,0.0,0.0,5352.9599609375,,458.3363342285156
2024-06-07 04:00:00+00:00,25.60378704472479,25.870956317047508,25.425673064095772,25.452390670776367,27526200,0.0,0.0,5346.990234375,,457.9308166503906
2024-06-10 04:00:00+00:00,25.247560601613255,25.247560601613255,24.60635163482892,24.998201370239258,36977900,0.0,0.0,5360.7900390625,,459.7804870605469
2024-06-11 04:00:00+00:00,24.891334474773284,25.229748999016035,24.837899261508007,24.96257972717285,29573500,0.0,0.0,5375.31982421875,,462.9358825683594
2024-06-12 04:00:00+00:00,25.08725912450648,25.140692640493413,24.54401299967331,24.63306999206543,32507900,0.0,0.0,5421.02978515625,,468.999267578125
2024-06-13 04:00:00+00:00,24.490579939534634,24.686503967547395,24.223410656006244,24.624164581298828,33945200,0.0,0.0,5433.740234375,,471.54132080078125
2024-06-14 04:00:00+00:00,24.713221774341335,25.131787441538368,24.428240749984127,24.517297744750977,29461900,0.0,0.0,5431.60009765625,,473.9844970703125
2024-06-17 04:00:00+00:00,24.44605225562671,24.47276816476747,23.929523729247922,24.027484893798828,32194600,0.0,0.0,5473.22998046875,,479.79071044921875
2024-06-18 04:00:00+00:00,24.027483235128944,24.45495473808053,24.000767327832442,24.41042709350586,29817800,0.0,0.0,5487.02978515625,,479.9390869140625
2024-06-20 04:00:00+00:00,24.223408275385204,24.900237286956038,24.17887893342613,24.704313278198242,29693400,0.0,0.0,5473.169921875,,476.23974609375
2024-06-21 04:00:00+00:00,24.731030883373688,24.837897906834044,24.54401104438699,24.704313278198242,52487000,0.0,0.0,5464.6201171875,,474.9637756347656
2024-06-24 04:00:00+00:00,24.891335670793996,25.300995467120334,24.69540994331541,25.256467819213867,35414100,0.0,0.0,5447.8701171875,,469.55645751953125
2024-06-25 04:00:00+00:00,25.29208830653599,25.336617650789915,24.873522662273906,24.926956176757812,24721600,0.0,0.0,5469.2998046875,,474.9261169433594
2024-06-26 04:00:00+00:00,24.855711809114137,24.873523547449576,24.107635785234386,24.419334411621094,30745800,0.0,0.0,5477.89990234375,,475.9068908691406
2024-06-27 04:00:00+00:00,24.374807365563807,24.78446716565721,24.107636379805545,24.757749557495117,28399600,0.0,0.0,5482.8701171875,,477.13531494140625
2024-06-28 04:00:00+00:00,24.739938481563563,25.042731233573477,24.615258013981297,24.91805076599121,33189200,0.0,0.0,5460.47998046875,,474.6585998535156
2024-07-01 04:00:00+00:00,24.891334679249752,25.496918480310413,24.882428810299047,25.131786346435547,26209000,0.0,0.0,5475.08984375,,477.4425048828125
2024-07-02 04:00:00+00:00,25.131786183516844,25.185221396874685,24.65978702253491,24.784465789794922,21989800,0.0,0.0,5509.009765625,,482.45550537109375
2024-07-03 04:00:00+00:00,24.864615644937054,24.980388537408157,24.597446386237145,24.668691635131836,15180100,0.0,0.0,5537.02001953125,,486.4778137207031
2024-07-05 04:00:00+00:00,24.722125250022245,25.016012115263365,24.6419741323546,24.980388641357422,17268700,0.0,0.0,5567.18994140625,,491.55023193359375
2024-07-08 04:00:00+00:00,24.980388830093364,25.042729909899776,24.74884304243823,24.87352180480957,25694400,0.0,0.0,5572.85009765625,,492.7192077636719
2024-07-09 04:00:00+00:00,24.828992958975483,24.88242817130748,24.312464463444925,24.68650245666504,36867800,0.0,0.0,5576.97998046875,,493.14520263671875
2024-07-10 04:00:00+00:00,24.784467387877502,25.300995926629646,24.757749779475855,25.247562408447266,29873600,0.0,0.0,5633.91015625,,498.2870178222656
2024-07-11 04:00:00+00:00,25.630504592112157,26.031258499669136,25.30990010716993,25.523635864257812,47322600,0.0,0.0,5584.5400390625,,487.3594665527344
2024-07-12 04:00:00+00:00,25.737372435274843,25.951108199121993,25.639411271816268,25.755184173583984,28397000,0.0,0.0,5615.35009765625,,490.22265625
2024-07-15 04:00:00+00:00,25.85314790187887,26.066883672887286,25.6750339100614,25.91548728942871,30534400,0.0,0.0,5631.22021484375,,491.540283203125
2024-07-16 04:00:00+00:00,26.004542083008623,26.32514486305889,25.93329683203959,26.271711349487305,26912100,0.0,0.0,5667.2001953125,,491.728515625
2024-07-17 04:00:00+00:00,26.20046538605316,26.984163125401558,26.10250253165184,26.743711471557617,45395000,0.0,0.0,5588.27001953125,,477.2938232421875
2024-07-18 04:00:00+00:00,26.6368446824519,27.331487184905136,26.38748544342798,26.458730697631836,47279700,0.0,0.0,5544.58984375,,475.0351257324219
2024-07-19 04:00:00+00:00,26.663563097460305,26.716996615076607,26.316240986402097,26.690279006958008,30021200,0.0,0.0,5505.0,,470.8245849609375
2024-07-22 04:00:00+00:00,26.81495839985348,26.921825430783084,26.16484355077826,26.360769271850586,46483200,0.0,0.0,5564.41015625,,477.83880615234375
2024-07-23 04:00:00+00:00,26.37858007525124,26.39639011402792,26.120314978850516,26.271711349487305,25528300,0.0,0.0,5555.740234375,,476.1545715332031
2024-07-24 04:00:00+00:00,26.280620633561828,26.708092194929357,26.102506633681525,26.699186325073242,29579400,0.0,0.0,5427.1298828125,,459.07476806640625
2024-07-25 04:00:00+00:00,26.690276604996146,27.545221303021663,26.690276604996146,26.877296447753906,42296200,0.0,0.0,5399.22021484375,,454.01220703125
2024-07-26 04:00:00+00:00,27.229520480789894,27.888808631297017,27.103082129348348,27.789464950561523,35657100,0.42,0.0,5459.10009765625,,458.6685791015625
2024-07-29 04:00:00+00:00,27.717213616805942,27.933965809973376,27.49142986693237,27.744306564331055,41713700,0.0,0.0,5463.5400390625,,459.5899658203125
2024-07-30 04:00:00+00:00,28.006216652808394,28.48487882458441,26.89536101241913,28.349407196044922,89857500,0.0,0.0,5436.43994140625,,453.27911376953125
2024-07-31 04:00:00+00:00,28.177810243467146,28.231997856438042,27.518520441516415,27.581741333007812,40978700,0.0,0.0,5522.2998046875,,466.6933288574219
2024-08-01 04:00:00+00:00,27.74430475677877,27.825587039245146,27.01276593717456,27.68108558654785,39753100,0.0,0.0,5446.68017578125,,455.38934326171875
2024-08-02 04:00:00+00:00,27.88880871303827,28.286188604924995,27.10308220878666,27.482398986816406,42364700,0.0,0.0,5346.56005859375,,444.5806884765625
2024-08-05 04:00:00+00:00,26.27219646901528,27.1030807120239,26.05544428248172,26.859233856201172,37838000,0.0,0.0,5186.330078125,,431.324951171875
2024-08-06 04:00:00+00:00,26.850202732870212,27.13920565290997,26.41669835281058,26.479917526245117,29031800,0.0,0.0,5240.02978515625,,435.44635009765625
2024-08-07 04:00:00+00:00,26.759888904751794,26.922453478013857,25.956099317615237,26.055444717407227,32866100,0.0,0.0,5199.5,,430.7305603027344
2024-08-08 04:00:00+00:00,26.12769415717082,26.199944883653348,25.775472080892627,25.97416114807129,32094400,0.0,0.0,5319.31005859375,,443.9070129394531
2024-08-09 04:00:00+00:00,25.87481778260255,25.96513162843752,25.69419181352594,25.784503936767578,25795600,0.0,0.0,5344.16015625,,446.2252502441406
2024-08-12 04:00:00+00:00,25.81159776896078,25.83869243860926,25.576782466453757,25.694190979003906,21141600,0.0,0.0,5344.39013671875,,447.186279296875
2024-08-13 04:00:00+00:00,25.784503187772692,26.145758560618738,25.567750997621037,26.055444717407227,34620700,0.0,0.0,5434.43017578125,,458.28216552734375
2024-08-14 04:00:00+00:00,26.0102878720814,26.353480144137322,25.89288107748964,26.082538604736328,23677700,0.0,0.0,5455.2099609375,,458.4308166503906
2024-08-15 04:00:00+00:00,26.127697390901186,26.19994812632593,25.757412156525206,25.929006576538086,28676800,0.0,0.0,5543.22021484375,,470.0122375488281
2024-08-16 04:00:00+00:00,25.874817227352327,25.874817227352327,25.15230992136358,25.558719635009766,50332900,0.0,0.0,5554.25,,470.61651611328125
2024-08-19 04:00:00+00:00,25.60387663004186,26.091568615922387,25.5406574580382,26.010286331176758,26382500,0.0,0.0,5608.25,,476.79852294921875
2024-08-20 04:00:00+00:00,26.01028925237798,26.362513100031517,26.01028925237798,26.100603103637695,21301300,0.0,0.0,5597.1201171875,,475.7979736328125
2024-08-21 04:00:00+00:00,26.172852164694632,26.344448298844164,26.127696103252116,26.21800994873047,16729700,0.0,0.0,5620.85009765625,,478.0171203613281
2024-08-22 04:00:00+00:00,26.208977837983536,26.308321515576054,25.775473455961773,25.992225646972656,20241500,0.0,0.0,5570.64013671875,,470.43817138671875
2024-08-23 04:00:00+00:00,26.02835236714861,26.136729333178952,25.865787779399817,26.100603103637695,21885300,0.0,0.0,5634.60986328125,,475.540283203125
2024-08-26 04:00:00+00:00,26.118663787841797,26.236070577738307,25.983193884855588,26.118663787841797,16506000,0.0,0.0,5616.83984375,,470.92364501953125
2024-08-27 04:00:00+00:00,26.172850376585295,26.227039713726125,25.793533629565513,26.028348922729492,16184600,0.0,0.0,5625.7998046875,,472.3304748535156
2024-08-28 04:00:00+00:00,25.992224520970005,26.26316431734797,25.865784456412836,25.965129852294922,19874100,0.0,0.0,5592.18017578125,,466.970703125
2024-08-29 04:00:00+00:00,26.073507589828907,26.09156898022982,25.766441559300908,25.93803596496582,19229800,0.0,0.0,5591.9599609375,,466.2871398925781
2024-08-30 04:00:00+00:00,25.938037372331014,26.2360718625329,25.89288130998872,26.199947357177734,37137600,0.0,0.0,5648.39990234375,,471.844970703125
2024-09-03 04:00:00+00:00,25.874817227352327,26.118664089096015,25.414218173812014,25.558719635009766,44499600,0.0,0.0,5528.93017578125,,457.5193176269531
2024-09-04 04:00:00+00:00,25.54968917789581,25.775472920835462,25.468406892630075,25.64000129699707,23510500,0.0,0.0,5520.06982421875,,456.3304748535156
2024-09-05 04:00:00+00:00,25.676128023416208,26.010287004831024,25.603877293170303,25.74837875366211,25927200,0.0,0.0,5503.41015625,,456.7565002441406
2024-09-06 04:00:00+00:00,25.793535232543945,25.9831944791371,25.54065853387749,25.793535232543945,31214500,0.0,0.0,5408.419921875,,444.5212707519531
2024-09-09 04:00:00+00:00,25.775474584101136,26.723765676602653,25.694192293590337,26.561201095581055,36558400,0.0,0.0,5471.0498046875,,450.2376403808594
2024-09-10 04:00:00+00:00,26.570230940823087,26.877296969060616,26.362510310719248,26.859233856201172,32378800,0.0,0.0,5495.52001953125,,454.39862060546875
2024-09-11 04:00:00+00:00,26.805046603094212,26.823109716198186,26.317352884846514,26.786983489990234,31943100,0.0,0.0,5554.1298828125,,464.2660827636719
2024-09-12 04:00:00+00:00,26.714733567503547,26.832140361040945,25.97416313379279,26.335416793823242,32511800,0.0,0.0,5595.759765625,,468.8233337402344
2024-09-13 04:00:00+00:00,26.335417549380843,26.47991901753874,26.181884524138905,26.434762954711914,19987700,0.0,0.0,5626.02001953125,,470.92364501953125
2024-09-16 04:00:00+00:00,26.705701034981615,27.220487697041364,26.588294245733692,27.157268524169922,29224600,0.0,0.0,5633.08984375,,468.8431091308594
2024-09-17 04:00:00+00:00,27.13920458726579,27.220486870659514,26.732794892890393,26.940515518188477,27055300,0.0,0.0,5634.580078125,,469.0908203125
2024-09-18 04:00:00+00:00,27.094050816127233,27.220489168705953,26.85020394535968,26.868267059326172,25812800,0.0,0.0,5618.259765625,,467.05987548828125
2024-09-19 04:00:00+00:00,26.994704122906132,27.4101471113312,26.660545143448953,26.786983489990234,22653200,0.0,0.0,5713.64013671875,,478.86907958984375
2024-09-20 04:00:00+00:00,26.678609351837395,26.687639186166827,26.39863625501136,26.570232391357422,56877400,0.0,0.0,5702.5498046875,,477.9576416015625
2024-09-23 04:00:00+00:00,26.57926510300575,26.615389609672924,26.353481337907287,26.470888137817383,23126200,0.0,0.0,5718.56982421875,,479.2245788574219
2024-09-24 04:00:00+00:00,26.416697114200915,26.723763132993955,26.32638327527475,26.642480850219727,21446200,0.0,0.0,5732.93017578125,,481.5361633300781
2024-09-25 04:00:00+00:00,26.732797536859323,26.832141219926818,26.109633876738748,26.127696990966797,30712700,0.0,0.0,5722.259765625,,481.98260498046875
2024-09-26 04:00:00+00:00,25.72128432450283,26.199946493481235,25.567751305969626,26.163820266723633,32310400,0.0,0.0,5745.3701171875,,485.6037902832031
2024-09-27 04:00:00+00:00,26.208976645196504,26.39863415772711,26.11866280573722,26.27219581604004,25013000,0.0,0.0,5738.169921875,,482.9053039550781
2024-09-30 04:00:00+00:00,26.290261310959647,26.362512044556027,25.9922268195504,26.136728286743164,27464700,0.0,0.0,5762.47998046875,,484.2148132324219
2024-10-01 04:00:00+00:00,26.23607194708278,26.26316661813149,25.766443040392037,25.892881393432617,30725100,0.0,0.0,5708.75,,477.4685363769531
2024-10-02 04:00:00+00:00,25.829662061812407,25.983195084979776,25.630971253835018,25.838693618774414,24957200,0.0,0.0,5709.5400390625,,478.1432189941406
2024-10-03 04:00:00+00:00,25.739346273421724,25.75740938598334,25.52259409046199,25.594844818115234,25678900,0.0,0.0,5699.93994140625,,477.7860107421875
2024-10-04 04:00:00+00:00,25.549689573974995,25.820629380665466,25.50453179113106,25.81159782409668,28769000,0.0,0.0,5751.06982421875,,483.47076416015625
2024-10-07 04:00:00+00:00,26.5250749916866,26.94954781009101,26.290259691316106,26.37154197692871,51426600,0.0,0.0,5695.93994140625,,478.2920227050781
2024-10-08 04:00:00+00:00,26.380572332720686,26.63345075102881,26.19091481093456,26.353479385375977,29126600,0.0,0.0,5751.1298828125,,485.4351501464844
2024-10-09 04:00:00+00:00,26.389603933242636,27.48239817291946,26.281228698497035,27.26564598083496,44244800,0.0,0.0,5792.0400390625,,489.2547302246094
2024-10-10 04:00:00+00:00,26.994703661514293,27.166299787882604,26.443792502005373,26.49798011779785,34347700,0.0,0.0,5780.0498046875,,488.69915771484375
2024-10-11 04:00:00+00:00,26.516044485135133,26.588295217141223,26.14575926827975,26.335416793823242,29617600,0.0,0.0,5815.02978515625,,489.4630432128906
2024-10-14 04:00:00+00:00,26.335415248028905,26.344446804323713,26.055443893262783,26.263164520263672,23594200,0.0,0.0,5859.85009765625,,493.5703430175781
2024-10-15 04:00:00+00:00,26.272197387195693,26.859234794897805,26.254134273704963,26.588294982910156,29009900,0.0,0.0,5815.259765625,,486.972900390625
2024-10-16 04:00:00+00:00,26.642481771063522,26.93148468754149,26.57926259840812,26.7960147857666,28414800,0.0,0.0,5842.47021484375,,487.03240966796875
2024-10-17 04:00:00+00:00,26.62442048569664,26.669578271116844,26.38960516929171,26.434762954711914,23779200,0.0,0.0,5841.47021484375,,487.3697204589844
2024-10-18 04:00:00+00:00,26.461855300915467,26.525076199064408,26.26316621737024,26.389604568481445,24244900,0.0,0.0,5864.669921875,,490.56427001953125
2024-10-21 04:00:00+00:00,26.38960525689995,26.38960525689995,26.082539205396678,26.127696990966797,23395700,0.0,0.0,5853.97998046875,,491.5068054199219
2024-10-22 04:00:00+00:00,26.100599127746307,26.181881409239015,25.82965933783273,26.046411514282227,29036400,0.0,0.0,5851.2001953125,,492.04254150390625
2024-10-23 04:00:00+00:00,26.0735075696737,26.290259757656514,25.89287988505806,26.064476013183594,22217600,0.0,0.0,5797.419921875,,484.5025634765625
2024-10-24 04:00:00+00:00,26.06447639929408,26.172851633594288,25.739347251206876,25.865785598754883,31473600,0.0,0.0,5809.85986328125,,488.4312744140625
2024-10-25 04:00:00+00:00,25.901911611862445,25.94706767201664,25.68515942245441,25.694190979003906,26091100,0.0,0.0,5808.1201171875,,491.4075927734375
2024-10-28 04:00:00+00:00,25.829660712220566,26.136726742511197,25.793534486260132,26.064476013183594,37922500,0.0,0.0,5823.52001953125,,491.4869384765625
2024-10-29 04:00:00+00:00,26.199945633484145,26.344447090584776,25.314873778094476,25.70322036743164,102267000,0.0,0.0,5832.919921875,,496.2093811035156
2024-10-30 04:00:00+00:00,25.567750807842735,25.829660778952743,25.45937557486797,25.757410049438477,47104000,0.0,0.0,5813.669921875,,492.4592590332031
2024-10-31 04:00:00+00:00,25.69419126215179,25.865785670703307,25.549689800954038,25.558719635009766,37909600,0.0,0.0,5705.4501953125,,480.0281982421875
2024-11-01 04:00:00+00:00,25.721282590532887,25.77547192701618,25.332934292035226,25.369060516357422,46894600,0.0,0.0,5728.7998046875,,483.57989501953125
2024-11-04 05:00:00+00:00,25.378091862210905,25.414216363640666,25.04393118037147,25.071025848388672,41347800,0.0,0.0,5712.68994140625,,482.171142578125
2024-11-05 05:00:00+00:00,25.052963816495634,25.287779114988865,24.9084623593603,25.27874755859375,44175800,0.0,0.0,5782.759765625,,488.3221435546875
2024-11-06 05:00:00+00:00,25.2245626360146,25.27875025757759,24.456897486399612,24.709775924682617,65749500,0.0,0.0,5929.0400390625,,501.5865173339844
2024-11-07 05:00:00+00:00,24.86330787386544,24.917495493073044,24.691711736682453,24.800086975097656,48484800,0.0,0.0,5973.10009765625,,509.48358154296875
2024-11-08 05:00:00+00:00,24.864290383993875,24.90097599565142,24.497423771320463,24.506595611572266,55951300,0.42,0.0,5995.5400390625,,510.0789489746094
2024-11-11 05:00:00+00:00,24.506592532258455,24.60748101300172,24.04801107338824,24.066354751586914,54329300,0.0,0.0,6001.35009765625,,509.7813415527344
2024-11-12 05:00:00+00:00,24.05718579454833,24.249790940009703,23.800381266399363,24.02050018310547,53035200,0.0,0.0,5983.990234375,,508.85858154296875
2024-11-13 05:00:00+00:00,24.057185935331958,24.534111132327666,23.827895177085907,24.506595611572266,47983100,0.0,0.0,5985.3798828125,,508.2038269042969
2024-11-14 05:00:00+00:00,24.524936842443065,24.62582532578614,23.699490545075545,23.864580154418945,45262200,0.0,0.0,5949.169921875,,504.6719970703125
2024-11-15 05:00:00+00:00,23.571087831581103,23.571087831581103,22.45214794542756,22.74563980102539,131074400,0.0,0.0,5870.6201171875,,492.647705078125
2024-11-18 05:00:00+00:00,22.901559270646924,23.158365538062576,22.653926592418866,22.80067253112793,64221700,0.0,0.0,5893.6201171875,,496.0704650878906
2024-11-19 05:00:00+00:00,22.653927151617783,23.029963847510704,22.571382340387668,23.02079200744629,52381200,0.0,0.0,5916.97998046875,,499.4832763671875
2024-11-20 05:00:00+00:00,22.993274831889316,23.020790350101624,22.608066323664445,22.87404441833496,46170800,0.0,0.0,5917.10986328125,,499.1955871582031
2024-11-21 05:00:00+00:00,22.809844669958807,23.130850321749158,22.72729985968426,23.04830551147461,45048400,0.0,0.0,5948.7099609375,,500.9913024902344
2024-11-22 05:00:00+00:00,23.09416443100643,23.6169470568346,23.020791461580536,23.525230407714844,41897000,0.0,0.0,5969.33984375,,501.7948913574219
2024-11-25 05:00:00+00:00,23.616946781620683,24.258961568627864,23.60777494188063,24.002155303955078,57707600,0.0,0.0,5987.3701171875,,502.5885314941406
2024-11-26 05:00:00+00:00,23.992983144217668,24.06635611180994,23.488544210689472,23.635290145874023,33001000,0.0,0.0,6021.6298828125,,505.2870788574219
2024-11-27 05:00:00+00:00,23.626119836495143,23.800381301819602,23.571090544574133,23.69032096862793,28242100,0.0,0.0,5998.740234375,,501.3087463378906
2024-11-29 05:00:00+00:00,23.690320079342094,24.057184927293566,23.63529078948677,24.038841247558594,22023000,0.0,0.0,6032.3798828125,,505.7136535644531
2024-12-02 05:00:00+00:00,23.910439280494916,24.048013381490307,23.59860371858558,23.681148529052734,43866400,0.0,0.0,6047.14990234375,,511.2197570800781
2024-12-03 05:00:00+00:00,23.690316658854403,23.754517779307637,23.405996661411788,23.44268226623535,49064300,0.0,0.0,6049.8798828125,,512.787353515625
2024-12-04 05:00:00+00:00,23.341797335246287,23.387654782138146,23.09416292359154,23.1400203704834,42541500,0.0,0.0,6086.490234375,,519.1268920898438
2024-12-05 05:00:00+00:00,23.14002107975958,23.65363359730859,23.057476273344545,23.571088790893555,43647900,0.0,0.0,6075.10986328125,,517.6884155273438
2024-12-06 05:00:00+00:00,23.607774134348194,23.93795335629766,23.470200041652415,23.598602294921875,31830700,0.0,0.0,6090.27001953125,,522.3214111328125
2024-12-09 05:00:00+00:00,23.626118398157082,24.249789499792136,23.461028783094918,23.93795394897461,37464800,0.0,0.0,6052.85009765625,,518.25390625
2024-12-10 05:00:00+00:00,23.93795166496328,23.94712350374156,23.396825422490227,23.451854705810547,43280500,0.0,0.0,6034.91015625,,516.4878540039062
2024-12-11 05:00:00+00:00,23.277594460508436,23.39682662138641,23.084991084343276,23.1400203704834,39569400,0.0,0.0,6084.18994140625,,525.7342529296875
2024-12-12 05:00:00+00:00,23.09416542921683,23.36931363911939,22.98410509564601,23.2684268951416,38705100,0.0,0.0,6051.25,,522.34130859375
2024-12-13 05:00:00+00:00,23.24091014657149,23.534402021455335,23.167537177850527,23.461029052734375,29043600,0.0,0.0,6051.08984375,,526.3395385742188
2024-12-16 05:00:00+00:00,23.470198869812393,23.616944794607633,23.13084782538002,23.158363342285156,40194000,0.0,0.0,6074.080078125,,533.9190673828125
2024-12-17 05:00:00+00:00,23.754520744698496,24.26813152179021,23.717835135295292,24.240617752075195,71440300,0.0,0.0,6050.60986328125,,531.5678100585938
2024-12-18 05:00:00+00:00,24.02049983797467,24.323163562765547,23.717836113183793,23.745349884033203,47575100,0.0,0.0,5872.16015625,,512.3905639648438
2024-12-19 05:00:00+00:00,23.571089017899475,23.92878201624312,23.461028691836294,23.635290145874023,50324700,0.0,0.0,5867.080078125,,510.108642578125
2024-12-20 05:00:00+00:00,23.57109083773466,24.295648729980062,23.57109083773466,24.17641830444336,116340100,0.0,0.0,5930.85009765625,,514.563232421875
2024-12-23 05:00:00+00:00,24.176417517785644,24.534110532106727,24.020499736018834,24.49742317199707,35350400,0.0,0.0,5974.06982421875,,519.5764770507812
2024-12-24 05:00:00+00:00,24.387364482271828,24.552454103334306,24.19475934124907,24.524938583374023,19716400,0.0,0.0,6040.0400390625,,526.6217041015625
2024-12-26 05:00:00+00:00,24.433220990174544,24.50659395788815,24.286475054747335,24.359848022460938,31406000,0.0,0.0,6037.58984375,,526.2640380859375
2024-12-27 05:00:00+00:00,24.24061739242383,24.62582590686477,24.231445552871723,24.414878845214844,35218300,0.0,0.0,5970.83984375,,519.2684326171875
2024-12-30 05:00:00+00:00,24.286476511597442,24.378193164078557,24.066357595252562,24.231447219848633,32859100,0.0,0.0,5906.93994140625,,512.3621215820312
2024-12-31 05:00:00+00:00,24.213102351253454,24.44239309652924,24.176416741671098,24.332334518432617,27085500,0.0,0.0,5881.6298828125,,508.00982666015625
2025-01-02 05:00:00+00:00,24.5341105748968,24.6349990660247,24.35984911277123,24.40570831298828,32899200,0.0,0.0,5868.5498046875,,507.01611328125
2025-01-03 05:00:00+00:00,24.488253835244542,24.61665610088226,24.323164208367665,24.387365341186523,33417000,0.0,0.0,5942.47021484375,,515.3134765625
2025-01-06 05:00:00+00:00,24.497424104829516,24.99269298907144,24.359849997878875,24.662513732910156,43951000,0.0,0.0,5975.3798828125,,521.2359008789062
2025-01-07 05:00:00+00:00,24.77257272203938,25.28618350977743,24.708371592240823,24.882631301879883,35030000,0.0,0.0,5909.02978515625,,511.9348449707031
2025-01-08 05:00:00+00:00,24.809258029042873,24.891802837589374,24.057184661707684,24.634998321533203,35430700,0.0,0.0,5918.25,,512.0244140625
2025-01-10 05:00:00+00:00,24.644171465999623,24.809259342483067,24.47908184016652,24.506595611572266,32836900,0.0,0.0,5827.0400390625,,503.9952087402344
2025-01-13 05:00:00+00:00,24.442391503103703,24.58913743056572,24.17641516558484,24.579965591430664,28359600,0.0,0.0,5836.22021484375,,502.3755187988281
2025-01-14 05:00:00+00:00,24.589139631769992,24.644170671506675,24.093872519587045,24.222274780273438,25856900,0.0,0.0,5842.91015625,,501.8985290527344
2025-01-15 05:00:00+00:00,24.323161712799322,24.442392125894152,24.038839940416402,24.048011779785156,35949700,0.0,0.0,5949.91015625,,513.4453735351562
2025-01-16 05:00:00+00:00,23.91043815324416,24.369019634508835,23.809549667574085,24.29564666748047,29981100,0.0,0.0,5937.33984375,,509.8481750488281
2025-01-17 05:00:00+00:00,24.213100307229872,24.359846231870403,24.048010704671924,24.121383666992188,35380300,0.0,0.0,5996.66015625,,518.4535522460938
2025-01-21 05:00:00+00:00,24.258962106143148,24.4332218170166,24.203931066483488,24.4332218170166,39745600,0.0,0.0,6049.240234375,,521.4943237304688
2025-01-22 05:00:00+00:00,24.313989173992574,24.396533976587317,23.818720358424113,23.85540771484375,41890400,0.0,0.0,6086.3701171875,,528.1619873046875
2025-01-23 05:00:00+00:00,23.855409822049918,24.286475801961117,23.708663882107825,24.24979019165039,40987000,0.0,0.0,6118.7099609375,,529.284912109375
2025-01-24 05:00:00+00:00,24.25911454705701,24.426933453472962,24.203173726071622,24.324377059936523,31300200,0.43,0.0,6101.240234375,,526.2938232421875
2025-01-27 05:00:00+00:00,24.464224176014614,25.144821455185117,24.408285136454438,25.042266845703125,50648600,0.0,0.0,6012.27978515625,,510.97100830078125
2025-01-28 05:00:00+00:00,24.96768102615897,25.04226700547173,24.697305739731455,24.93971061706543,40589600,0.0,0.0,6067.7001953125,,518.5231323242188
2025-01-29 05:00:00+00:00,24.986327181973877,25.23805553902684,24.77189270519695,24.818510055541992,34418200,0.0,0.0,6039.31005859375,,517.54931640625
2025-01-30 05:00:00+00:00,24.855799150226176,25.182113450080102,24.78121317696841,25.08888053894043,32289600,0.0,0.0,6071.169921875,,519.7552490234375
2025-01-31 05:00:00+00:00,25.135498957349693,25.182116307343858,24.63204402530323,24.725276947021484,37307000,0.0,0.0,6040.52978515625,,519.0001220703125
2025-02-03 05:00:00+00:00,24.520164433046947,24.678659868228713,24.380315938067763,24.42693328857422,49626200,0.0,0.0,5994.56982421875,,514.8463745117188
2025-02-04 05:00:00+00:00,24.333697144444276,25.098203808840946,23.86753437071266,24.1192626953125,68748300,0.0,0.0,6037.8798828125,,521.1663818359375
2025-02-05 05:00:00+00:00,24.19385073484327,24.883771485513147,23.960769328065474,24.65069007873535,50426800,0.0,0.0,6061.47998046875,,523.5313720703125
2025-02-06 05:00:00+00:00,24.632044412888398,24.678659985345984,24.035356549734797,24.081972122192383,45182000,0.0,0.0,6083.56982421875,,526.2640380859375
2025-02-07 05:00:00+00:00,24.10994199476953,24.203173137604846,23.802274599910827,23.998062133789062,36512800,0.0,0.0,6025.990234375,,519.6260986328125
2025-02-10 05:00:00+00:00,24.03535325377922,24.352344082178305,23.783624929179382,24.1192626953125,39632700,0.0,0.0,6066.43994140625,,525.9161987304688
2025-02-11 05:00:00+00:00,24.081969760486857,24.156555736066448,23.737008512012526,23.80227279663086,36593300,0.0,0.0,6068.5,,524.6641845703125
2025-02-12 05:00:00+00:00,23.755657545981357,23.88618434846197,23.466637087399434,23.746334075927734,31671600,0.0,0.0,6051.97021484375,,524.9722290039062
2025-02-13 05:00:00+00:00,23.76498053384194,23.99806194564298,23.615808572550876,23.904829025268555,30612500,0.0,0.0,6115.06982421875,,532.5244750976562
2025-02-14 05:00:00+00:00,23.98873684644488,24.081969760486857,23.746331981243717,23.80227279663086,33214600,0.0,0.0,6114.6298828125,,534.7601928710938
2025-02-18 05:00:00+00:00,23.876861415648072,23.998062972532068,23.699719037183655,23.830244064331055,40499700,0.0,0.0,6129.580078125,,535.9724731445312
2025-02-19 05:00:00+00:00,23.839563147749676,24.16587743384147,23.774300646185274,24.137907028198242,37292400,0.0,0.0,6144.14990234375,,536.1215209960938
2025-02-20 05:00:00+00:00,24.10994186173835,24.31505286442239,24.0073854712613,24.147233963012695,37139000,0.0,0.0,6117.52001953125,,533.845947265625
2025-02-21 05:00:00+00:00,24.137909228445398,24.771890921322953,24.100617129124934,24.52016258239746,54611500,0.0,0.0,6013.1298828125,,522.7662353515625
2025-02-24 05:00:00+00:00,24.6133961026894,24.93038695691451,24.128586351725108,24.846477508544922,43823300,0.0,0.0,5983.25,,516.5953979492188
2025-02-25 05:00:00+00:00,24.911738651369063,25.200760859132803,24.743921542103873,24.93038558959961,43560100,0.0,0.0,5955.25,,510.0866394042969
2025-02-26 05:00:00+00:00,24.87444679570316,24.967679709495002,24.566779424979032,24.632041931152344,30103300,0.0,0.0,5956.06005859375,,511.31878662109375
2025-02-27 05:00:00+00:00,24.51084063285207,24.706628153327735,24.24978882728124,24.333698272705078,28268300,0.0,0.0,5861.56982421875,,497.1187744140625
2025-02-28 05:00:00+00:00,24.296405689254826,24.697305999122747,24.15655719885835,24.641366958618164,51531700,0.0,0.0,5954.5,,504.9690856933594
2025-03-03 05:00:00+00:00,24.58542683616716,25.079558265707153,24.21249517382835,24.473546981811523,54048600,0.0,0.0,5849.72021484375,,493.9190979003906
2025-03-04 05:00:00+00:00,24.47354807437045,24.529487114910545,23.93279927376278,24.00738525390625,51315000,0.0,0.0,5778.14990234375,,492.42852783203125
2025-03-05 05:00:00+00:00,23.960768513969604,24.408284372993283,23.923474636582657,24.184526443481445,37062400,0.0,0.0,5842.6298828125,,498.84783935546875
2025-03-06 05:00:00+00:00,24.175203419698466,24.669334856293023,24.147233011142742,24.464223861694336,46998300,0.0,0.0,5738.52001953125,,485.1248474121094
2025-03-07 05:00:00+00:00,24.613395097449427,25.070234420875998,24.40828410885074,24.921062469482422,54337700,0.0,0.0,5770.2001953125,,488.69219970703125
2025-03-10 04:00:00+00:00,24.837154388427734,25.396550126006833,24.743923247389574,24.837154388427734,53013500,0.0,0.0,5614.56005859375,,469.7523193359375
2025-03-11 04:00:00+00:00,24.771892768918875,24.81851011938383,24.1192658668403,24.231143951416016,44841400,0.0,0.0,5572.06982421875,,468.62939453125
2025-03-12 04:00:00+00:00,24.1845271104376,24.212495740979175,23.774303339217848,23.970090866088867,37331000,0.0,0.0,5599.2998046875,,473.9159240722656
2025-03-13 04:00:00+00:00,24.016706584450816,24.305727009478886,23.802272132922564,23.867534637451172,36717900,0.0,0.0,5521.52001953125,,465.38995361328125
2025-03-14 04:00:00+00:00,23.886182848066266,24.016707864077947,23.774302992720557,23.979413986206055,30298300,0.0,0.0,5638.93994140625,,476.638671875
2025-03-17 04:00:00+00:00,23.99806033149283,24.380313678873932,23.85821184947266,24.287080764770508,32676900,0.0,0.0,5675.1201171875,,479.7290344238281
2025-03-18 04:00:00+00:00,24.436252788136105,24.613395147628342,24.333698182762653,24.52948570251465,32958700,0.0,0.0,5614.66015625,,471.5509033203125
2025-03-19 04:00:00+00:00,24.5481305299322,24.706625937264313,24.315049153165557,24.436250686645508,42522700,0.0,0.0,5675.2900390625,,477.86090087890625
2025-03-20 04:00:00+00:00,24.47354729987824,24.520162869141444,24.25911283603553,24.4176082611084,35378900,0.0,0.0,5662.89013671875,,476.24114990234375
2025-03-21 04:00:00+00:00,24.361667982093564,24.725276187802734,24.249789902083066,24.50151824951172,349996500,0.0,0.0,5667.56005859375,,477.8111877441406
2025-03-24 04:00:00+00:00,24.333698653662704,24.445576730466044,24.137909351851906,24.370990753173828,37944400,0.0,0.0,5767.56982421875,,488.29644775390625
2025-03-25 04:00:00+00:00,24.389636284977946,24.426930160607483,23.783625032156934,23.8209171295166,47607600,0.0,0.0,5776.64990234375,,491.0829162597656
2025-03-26 04:00:00+00:00,23.79294944360365,23.914150987661213,23.42934125489109,23.50392723083496,49487400,0.0,0.0,5712.2001953125,,482.04669189453125
2025-03-27 04:00:00+00:00,23.494605278893122,23.52257390814274,23.149644032565213,23.317462921142578,51302000,0.0,0.0,5693.31005859375,,479.3000183105469
2025-03-28 04:00:00+00:00,23.336110118663704,23.513250700111687,23.13099735111561,23.50392723083496,32352500,0.0,0.0,5580.93994140625,,466.6810607910156
2025-03-31 04:00:00+00:00,23.121673046570777,23.709039141896405,22.94453247152198,23.62512969970703,53498100,0.0,0.0,5611.85009765625,,466.6611633300781
2025-04-01 04:00:00+00:00,23.57851473757479,23.634453774378084,22.86062361523113,22.879270553588867,54444200,0.0,0.0,5633.06982421875,,470.4230041503906
2025-04-02 04:00:00+00:00,22.84197655675551,23.065734481061952,22.664834199828363,23.0284423828125,41965000,0.0,0.0,5670.97021484375,,473.8563232421875
2025-04-03 04:00:00+00:00,23.065736114239982,23.186939443239844,22.636867173520557,22.646190643310547,53501800,0.0,0.0,5396.52001953125,,448.4891357421875
2025-04-04 04:00:00+00:00,22.319874752403386,22.469046702068194,21.396872647001167,21.415517807006836,80002600,0.0,0.0,5074.080078125,,420.63397216796875
2025-04-07 04:00:00+00:00,20.641688569862783,21.59266112499841,20.27808214865739,21.098527908325195,86106100,0.0,0.0,5062.25,,421.6490478515625
2025-04-08 04:00:00+00:00,21.350256551279788,21.434166000162524,19.989061986328725,20.36199188232422,72406000,0.0,0.0,4982.77001953125,,414.0557861328125
2025-04-09 04:00:00+00:00,19.681395577051106,21.01462157741737,19.50425320080668,20.96800422668457,95954400,0.0,0.0,5456.89990234375,,463.7552185058594
2025-04-10 04:00:00+00:00,20.753568294606755,20.762891764100328,19.662747259638543,20.128910064697266,72960700,0.0,0.0,5268.0498046875,,444.03070068359375
2025-04-11 04:00:00+00:00,20.128909816114554,20.511163169280458,19.83988937846301,20.42725372314453,55078100,0.0,0.0,5363.35986328125,,452.2110900878906
2025-04-14 04:00:00+00:00,20.58574727882309,20.725595750274795,20.38995977444466,20.6230411529541,61900900,0.0,0.0,5405.97021484375,,455.27630615234375
2025-04-15 04:00:00+00:00,20.669656498491793,21.378224095050353,20.632362624755658,20.921384811401367,51814700,0.0,0.0,5396.6298828125,,455.7838134765625
2025-04-16 04:00:00+00:00,20.96800162697396,21.145143981255455,20.464546749371152,20.5484561920166,37641200,0.0,0.0,5275.7001953125,,442.04034423828125
2025-04-17 04:00:00+00:00,20.651012770419843,21.023942674378905,20.604397199276228,20.64168930053711,54073700,0.0,0.0,5282.7001953125,,441.9607238769531
2025-04-21 04:00:00+00:00,20.632363856392168,20.669657732354537,20.389960775716297,20.5484561920166,32021000,0.0,0.0,5158.2001953125,,431.02362060546875
2025-04-22 04:00:00+00:00,20.678980509136537,21.023939958891862,20.65101010310104,21.005294799804688,36052600,0.0,0.0,5287.759765625,,442.3388671875
2025-04-23 04:00:00+00:00,21.2383773969995,21.499427421852765,20.734920729176906,20.87476921081543,50781000,0.0,0.0,5375.85986328125,,452.3703308105469
2025-04-24 04:00:00+00:00,20.884091913463703,21.312962590119124,20.725596499219066,21.23837661743164,35009600,0.0,0.0,5484.77001953125,,465.0987548828125
2025-04-25 04:00:00+00:00,21.229055620976958,21.546046486384164,20.958680327077253,21.36890411376953,35847700,0.0,0.0,5525.2099609375,,470.28363037109375
2025-04-28 04:00:00+00:00,21.471457608818337,21.713862460154562,21.350254294015315,21.490102767944336,55888900,0.0,0.0,5528.75,,470.1343688964844
2025-04-29 04:00:00+00:00,21.284993502090703,22.48769438673588,20.940032245622483,22.18002700805664,98540200,0.0,0.0,5560.830078125,,473.2393493652344
2025-04-30 04:00:00+00:00,22.56228055943897,22.786038493300765,22.357167786363174,22.758068084716797,53941700,0.0,0.0,5569.06005859375,,473.1795959472656
2025-05-01 04:00:00+00:00,22.655510147268334,22.683480553937553,22.18934737240051,22.310550689697266,46891700,0.0,0.0,5604.14013671875,,479.3596496582031
2025-05-02 04:00:00+00:00,22.636866633176755,22.655511794041644,22.34784441139609,22.562280654907227,41685800,0.0,0.0,5686.669921875,,486.4752502441406
2025-05-05 04:00:00+00:00,22.562279333622175,22.608894900459497,22.235965030951256,22.25461196899414,40811800,0.0,0.0,5650.3798828125,,483.5892028808594
2025-05-06 04:00:00+00:00,22.217319789662753,22.273258829793626,21.30364109502172,21.33160972595215,60872600,0.0,0.0,5606.91015625,,479.09100341796875
2025-05-07 04:00:00+00:00,21.434165701159056,21.527398618424847,21.182437358022415,21.24770164489746,48270500,0.0,0.0,5631.27978515625,,480.97186279296875
2025-05-08 04:00:00+00:00,21.275669326479818,21.5273976583904,20.98664889628799,21.415517807006836,55669800,0.0,0.0,5663.93994140625,,485.9378356933594
2025-05-09 04:00:00+00:00,21.387016640607754,21.472526846804232,21.149488692771854,21.16849136352539,39059800,0.43,0.0,5659.91015625,,485.6194152832031
2025-05-12 04:00:00+00:00,21.120985008426565,21.99508794226769,21.073480143013402,21.938081741333008,77480900,0.0,0.0,5844.18994140625,,505.4036560058594
2025-05-13 04:00:00+00:00,21.7575595057464,21.833568376029575,21.36801381902082,21.72905731201172,41193200,0.0,0.0,5886.5498046875,,513.1063842773438
2025-05-14 04:00:00+00:00,21.719557097967222,21.757560628973525,20.873956333694302,20.921463012695312,59394000,0.0,0.0,5892.580078125,,516.1814575195312
2025-05-15 04:00:00+00:00,21.092480327852112,21.472524642944336,20.987967461628912,21.472524642944336,51800100,0.0,0.0,5916.93017578125,,516.7486572265625
2025-05-16 04:00:00+00:00,21.520031075813115,21.710054153346512,21.330009810474092,21.691051483154297,37786800,0.0,0.0,5958.3798828125,,518.9978637695312
2025-05-19 04:00:00+00:00,21.605540315187838,21.881073584094256,21.510528780661684,21.852569580078125,31513700,0.0,0.0,5963.60009765625,,519.4954223632812
2025-05-20 04:00:00+00:00,22.014092481094405,22.517652433292902,22.004591144766742,22.34663200378418,57047500,0.0,0.0,5940.4599609375,,517.7637939453125
2025-05-21 04:00:00+00:00,22.299121935815805,22.3086232707006,21.890575408935547,21.890575408935547,42984700,0.0,0.0,5844.60986328125,,510.5686340332031
2025-05-22 04:00:00+00:00,21.890575408935547,22.00458780316444,21.67204833097389,21.890575408935547,38602800,0.0,0.0,5842.009765625,,511.5240478515625
2025-05-23 04:00:00+00:00,21.805066326384544,22.223114209607303,21.738556978777154,22.156606674194336,35405400,0.0,0.0,5802.81982421875,,506.78692626953125
2025-05-27 04:00:00+00:00,22.37513233712357,22.479645215829198,22.204113734052253,22.432140350341797,36155400,0.0,0.0,5921.5400390625,,518.7091674804688
2025-05-28 04:00:00+00:00,22.432138419822472,22.46064061178422,21.957082557054147,22.023590087890625,36737200,0.0,0.0,5888.5498046875,,516.4103393554688
2025-05-29 04:00:00+00:00,22.166106644356123,22.280120849609375,22.004587577360702,22.280120849609375,26091400,0.0,0.0,5912.169921875,,517.4254150390625
2025-05-30 04:00:00+00:00,22.30862534269953,22.4416422312468,22.004589846924908,22.318126678466797,56618600,0.0,0.0,5911.68994140625,,516.609375
2025-06-02 04:00:00+00:00,22.365632034792956,22.38463289300945,22.061594744801972,22.289621353149414,30443900,0.0,0.0,5935.93994140625,,520.689697265625
2025-06-03 04:00:00+00:00,22.21361228533049,22.36563183506563,21.909576810248968,22.185110092163086,37887100,0.0,0.0,5970.3701171875,,524.7599487304688
2025-06-04 04:00:00+00:00,22.2421166842493,22.365632230808167,22.18511048471143,22.223114013671875,24500100,0.0,0.0,5970.81005859375,,526.222900390625
2025-06-05 04:00:00+00:00,22.270622572813927,22.270622572813927,21.92858172228267,21.96658706665039,33173600,0.0,0.0,5939.2998046875,,522.261962890625
2025-06-06 04:00:00+00:00,22.109101223392706,22.403635363353633,22.090098553151517,22.185110092163086,30426200,0.0,0.0,6000.35986328125,,527.3673095703125
2025-06-09 04:00:00+00:00,22.27062135856303,22.93569853898543,22.251618687415245,22.774179458618164,42542600,0.0,0.0,6005.8798828125,,528.1434936523438
2025-06-10 04:00:00+00:00,22.774178339176718,23.201729358013793,22.764677004069853,23.08771514892578,40439200,0.0,0.0,6038.81005859375,,531.63671875
2025-06-11 04:00:00+00:00,23.116219253909602,23.45826007045394,23.106717918761774,23.25873565673828,38558700,0.0,0.0,6022.240234375,,529.8452758789062
2025-06-12 04:00:00+00:00,23.30624441261881,23.638782111500763,23.30624441261881,23.600778579711914,42465400,0.0,0.0,6045.259765625,,531.0892333984375
2025-06-13 04:00:00+00:00,23.553270422818635,23.705288153134518,23.239731815323548,23.31574249267578,46368400,0.0,0.0,5976.97021484375,,524.4215698242188
2025-06-16 04:00:00+00:00,23.27773935720943,23.363249565129838,23.0687154112898,23.182727813720703,35102100,0.0,0.0,6033.10986328125,,531.7162475585938
2025-06-17 04:00:00+00:00,23.05921542268152,23.106720291103557,22.717174571020223,22.802684783935547,40408800,0.0,0.0,5982.72021484375,,526.5313720703125
2025-06-18 04:00:00+00:00,22.764676163216308,22.878690368093004,22.58415623943681,22.68866729736328,37076200,0.0,0.0,5980.8701171875,,526.4417724609375
2025-06-20 04:00:00+00:00,22.802683465339847,22.888193673310425,22.584158183723677,22.774179458618164,63098100,0.0,0.0,5967.83984375,,524.292236328125
2025-06-23 04:00:00+00:00,22.67916855760252,22.8881924928645,22.584157018958212,22.831186294555664,31959100,0.0,0.0,6025.169921875,,529.6832275390625
2025-06-24 04:00:00+00:00,22.935698479863536,23.18272776756461,22.90719628540979,23.097217559814453,34404200,0.0,0.0,6092.18017578125,,537.7831420898438
2025-06-25 04:00:00+00:00,23.002206456110713,23.154226015611936,22.869191380265946,23.049713134765625,25603300,0.0,0.0,6092.16015625,,539.157958984375
2025-06-26 04:00:00+00:00,23.1067171795449,23.21123005063313,22.954699446431658,23.03070831298828,31835300,0.0,0.0,6141.02001953125,,544.19921875
2025-06-27 04:00:00+00:00,23.135221623942986,23.201729156920237,22.87869101486414,22.983203887939453,39528800,0.0,0.0,6173.06982421875,,546.0623779296875
2025-06-30 04:00:00+00:00,23.002204308456676,23.163723376413788,22.91669591925051,23.03070831298828,44730900,0.0,0.0,6204.9501953125,,549.5992431640625
2025-07-01 04:00:00+00:00,23.06871491664552,24.085334242129065,23.04971224591634,23.790800094604492,59259900,0.0,0.0,6198.009765625,,544.9664306640625
2025-07-02 04:00:00+00:00,23.87630960389176,24.094836703097076,23.781299870196282,24.05683135986328,36772100,0.0,0.0,6227.419921875,,548.7623291015625
2025-07-03 04:00:00+00:00,24.08533218963306,24.246851252677953,23.961816652613532,24.113834381103516,27104600,0.0,0.0,6279.35009765625,,554.1622924804688
2025-07-07 04:00:00+00:00,24.094835822838665,24.256354901292497,23.885810067078147,23.98082160949707,34905900,0.0,0.0,6229.97998046875,,549.98779296875
2025-07-08 04:00:00+00:00,23.98082015534218,24.66489995732702,23.952316150686602,24.34186363220215,51275800,0.0,0.0,6225.52001953125,,550.2966918945312
2025-07-09 04:00:00+00:00,24.408372343545725,24.550888749320922,24.07583285527399,24.28485679626465,38362200,0.0,0.0,6263.259765625,,554.192138671875
2025-07-10 04:00:00+00:00,24.303858153359908,24.75041001723846,24.265854626231295,24.493881225585938,39499200,0.0,0.0,6280.4599609375,,553.3951416015625
2025-07-11 04:00:00+00:00,24.370365142822266,24.43687267296351,24.151839883159806,24.370365142822266,34864400,0.0,0.0,6259.75,,552.1497802734375
2025-07-14 04:00:00+00:00,24.303860059494724,24.351364925179844,24.075833442256116,24.08533477783203,25918000,0.0,0.0,6268.56005859375,,554.15234375
2025-07-15 04:00:00+00:00,24.075834875429468,24.170846424649966,23.3062447699131,23.382253646850586,54458000,0.0,0.0,6243.759765625,,554.660400390625
2025-07-16 04:00:00+00:00,23.448761187646564,23.714791350830478,23.3062447699131,23.382253646850586,44218200,0.0,0.0,6263.7001953125,,555.2283935546875
2025-07-17 04:00:00+00:00,23.26823811327604,23.543771409259005,23.23023458304756,23.353748321533203,47393900,0.0,0.0,6297.35986328125,,559.7216186523438
2025-07-18 04:00:00+00:00,23.477261768319345,23.543771116733144,23.173226281491207,23.249235153198242,36309400,0.0,0.0,6296.7900390625,,559.1836547851562
2025-07-21 04:00:00+00:00,23.363249965110068,23.42025616730147,23.049713134765625,23.049713134765625,33663400,0.0,0.0,6305.60009765625,,562.0828857421875
2025-07-22 04:00:00+00:00,23.15422611942983,23.88581085205078,23.125722112109074,23.88581085205078,48091600,0.0,0.0,6309.6201171875,,559.1737060546875
2025-07-23 04:00:00+00:00,24.11383613967331,24.256354356196198,23.99032240584046,24.09483528137207,42073300,0.0,0.0,6358.91015625,,561.7241821289062
2025-07-24 04:00:00+00:00,24.123338307941236,24.265856529385523,23.999824569843245,24.08533477783203,25672400,0.0,0.0,6363.35009765625,,562.9197387695312
2025-07-25 04:00:00+00:00,24.13365966519543,24.13365966519543,23.79538396275043,23.95969009399414,35643400,0.43,0.0,6388.64013671875,,564.2747802734375
2025-07-28 04:00:00+00:00,23.853373798468215,23.901698372070157,23.42811054560671,23.495765686035156,31096600,0.0,0.0,6389.77001953125,,566.0382080078125
2025-07-29 04:00:00+00:00,23.49576452610016,23.515095091972356,23.12849299184957,23.486099243164062,38499800,0.0,0.0,6370.85986328125,,565.1614990234375
2025-07-30 04:00:00+00:00,23.50543059241465,23.582751015016107,23.00284692377303,23.01251220703125,35649500,0.0,0.0,6362.89990234375,,565.9186401367188
2025-07-31 04:00:00+00:00,22.8095460544817,23.041507314816386,22.36495225624204,22.509929656982422,62768300,0.0,0.0,6339.39013671875,,562.9197387695312
2025-08-01 04:00:00+00:00,22.519593214151087,22.732225753167256,22.335958367591605,22.703229904174805,51332700,0.0,0.0,6238.009765625,,551.8309326171875
2025-08-04 04:00:00+00:00,22.654904254240826,22.88686550474599,22.616243124091223,22.74188995361328,57010700,0.0,0.0,6329.93994140625,,562.0131225585938
2025-08-05 04:00:00+00:00,23.45710560970474,24.056338413529136,23.45710560970474,23.92102813720703,113955100,0.0,0.0,6299.18994140625,,558.1973266601562
2025-08-06 04:00:00+00:00,23.853371964427094,23.88236596897324,23.06083722012011,23.12849235534668,65689200,0.0,0.0,6345.06005859375,,565.2213134765625
2025-08-07 04:00:00+00:00,23.36045382671275,23.65040493566105,23.138157853621436,23.41844367980957,45494400,0.0,0.0,6340.0,,567.1340942382812
2025-08-08 04:00:00+00:00,23.47643566692496,23.785717345221403,23.350788832951896,23.75672149658203,36377000,0.0,0.0,6389.4501953125,,572.4244995117188
2025-08-11 04:00:00+00:00,23.776052062341613,24.085333740638053,23.708396925647293,23.75672149658203,38115700,0.0,0.0,6373.4501953125,,570.730712890625
2025-08-12 04:00:00+00:00,23.834042342989406,23.94035861310686,23.650405651913147,23.824377059936523,34402700,0.0,0.0,6445.759765625,,577.9041137695312
2025-08-13 04:00:00+00:00,23.9210276924887,24.355956206101457,23.91136240957906,24.31729507446289,40176500,0.0,0.0,6466.580078125,,578.193115234375
2025-08-14 04:00:00+00:00,24.249639923693724,24.336625626366537,23.988682815675283,24.268970489501953,32514000,0.0,0.0,6468.5400390625,,577.7446899414062
2025-08-15 04:00:00+00:00,24.375286427987515,24.45260685255706,24.13365987077464,24.29796600341797,31844800,0.0,0.0,6449.7998046875,,575.2042236328125
2025-08-18 04:00:00+00:00,24.29796366727541,24.3849493669859,24.172318680729237,24.230308532714844,35623300,0.0,0.0,6449.14990234375,,574.9750366210938
2025-08-19 04:00:00+00:00,24.297965765124033,24.578253453605022,24.259306474950563,24.47193717956543,29170500,0.0,0.0,6411.3701171875,,567.1739501953125
2025-08-20 04:00:00+00:00,24.53958967506791,24.829542615706952,24.49126510669346,24.529924392700195,38111000,0.0,0.0,6395.77978515625,,563.8064575195312
2025-08-21 04:00:00+00:00,24.558921689241814,25.0228442094875,24.520262400953452,24.87786865234375,37068100,0.0,0.0,6370.169921875,,561.1962280273438
2025-08-22 04:00:00+00:00,25.032510345587855,25.23547760727805,24.897200066770587,25.013179779052734,34560500,0.0,0.0,6466.91015625,,569.85400390625
2025-08-25 04:00:00+00:00,25.013180391552353,25.02284567505659,24.268971996369597,24.29796600341797,32684200,0.0,0.0,6439.31982421875,,568.210205078125
2025-08-26 04:00:00+00:00,24.29796547995136,24.39461646944716,24.037010204816276,24.08533477783203,43938700,0.0,0.0,6465.93994140625,,570.4915771484375
2025-08-27 04:00:00+00:00,24.172318680729237,24.326959515000294,24.01767784645818,24.230308532714844,31840300,0.0,0.0,6481.39990234375,,571.368408203125
2025-08-28 04:00:00+00:00,24.230309717424102,24.230309717424102,23.689066771012044,23.776052474975586,44306800,0.0,0.0,6501.85986328125,,574.9451293945312
2025-08-29 04:00:00+00:00,23.85337225389451,24.046672379249866,23.689066133437148,23.930692672729492,37030000,0.0,0.0,6460.259765625,,568.2898559570312
2025-09-02 04:00:00+00:00,23.901697353672247,24.230309601864114,23.882366787669373,24.14332389831543,44725000,0.0,0.0,6415.5400390625,,563.5275268554688
2025-09-03 04:00:00+00:00,24.046673957862627,24.278637073059652,23.89203311004082,23.95969009399414,30957600,0.0,0.0,6448.259765625,,567.9610595703125
2025-09-04 04:00:00+00:00,23.9500226984196,23.9500226984196,23.53442476525096,23.718061447143555,41695500,0.0,0.0,6502.080078125,,573.1019287109375
2025-09-05 04:00:00+00:00,23.74705642298772,24.056338104009892,23.689066568662117,24.046672821044922,34613200,0.0,0.0,6481.5,,573.9288940429688
2025-09-08 04:00:00+00:00,24.066003514373858,24.13365865202258,23.495764720671442,23.727725982666016,49242900,0.0,0.0,6495.14990234375,,576.728515625
2025-09-09 04:00:00+00:00,23.727727238255778,23.959690355989284,23.689067947609754,23.882368087768555,32751300,0.0,0.0,6512.60986328125,,578.3624267578125
2025-09-10 04:00:00+00:00,23.814712099883106,23.824377383067077,23.63107724978045,23.74705696105957,32975900,0.0,0.0,6532.0400390625,,578.5517578125
2025-09-11 04:00:00+00:00,23.776051926949066,24.02734375,23.71806207346476,24.02734375,36784100,0.0,0.0,6587.47021484375,,581.9192504882812
2025-09-12 04:00:00+00:00,23.97901771311217,24.008013562042585,23.041507385932867,23.07050323486328,81378200,0.0,0.0,6584.2900390625,,584.4896850585938
2025-09-15 04:00:00+00:00,23.186482970761364,23.31212980614248,22.886866571987085,23.167152404785156,50760200,0.0,0.0,6615.27978515625,,589.4910888671875
2025-09-16 04:00:00+00:00,23.15748669482585,23.408778517490596,23.07050283646517,23.099496841430664,57010800,0.0,0.0,6606.759765625,,588.992919921875
2025-09-17 04:00:00+00:00,23.17681926894268,23.573086681167926,23.099498843227128,23.244474411010742,46351600,0.0,0.0,6600.35009765625,,587.8173828125
2025-09-18 04:00:00+00:00,23.244472595471137,23.428109283501527,23.157486892902227,23.341123580932617,34419000,0.0,0.0,6631.9599609375,,593.11767578125
2025-09-19 04:00:00+00:00,23.437774121827903,23.437774121827903,23.02217618265153,23.225143432617188,86577600,0.0,0.0,6664.35986328125,,597.1327514648438
2025-09-22 04:00:00+00:00,23.466771141699777,23.969352963425884,23.225144592296434,23.23480987548828,67863300,0.0,0.0,6693.75,,600.667724609375
2025-09-23 04:00:00+00:00,23.292800502815922,23.544092343735873,23.244474085255735,23.321794509887695,38955200,0.0,0.0,6656.919921875,,596.6779174804688
2025-09-24 04:00:00+00:00,23.360454882561115,23.370120165758134,23.176818188746257,23.28313446044922,39669400,0.0,0.0,6637.97021484375,,594.583251953125
2025-09-25 04:00:00+00:00,23.283135256374226,23.34112511407444,22.790216857261555,22.809547424316406,56738300,0.0,0.0,6604.72021484375,,592.0198364257812
2025-09-26 04:00:00+00:00,22.93519177231098,23.012512194871583,22.81921206020222,22.964187622070312,33374500,0.0,0.0,6643.7001953125,,594.4535522460938
2025-09-29 04:00:00+00:00,22.993182403110705,23.060837539273596,22.848205004516846,23.051172256469727,39184300,0.0,0.0,6661.2099609375,,597.20654296875
2025-09-30 04:00:00+00:00,23.05117309243915,24.771552937706648,23.01251195982159,24.626577377319336,164867300,0.0,0.0,6688.4599609375,,598.8424072265625
2025-10-01 04:00:00+00:00,25.10016607409821,26.53059669237651,24.723229235138078,26.298633575439453,150879900,0.0,0.0,6711.2001953125,,601.7150268554688
2025-10-02 04:00:00+00:00,26.02801142758762,26.25997268694496,25.72839503135076,26.17298698425293,69684100,0.0,0.0,6715.35009765625,,604.188720703125
2025-10-03 04:00:00+00:00,26.288967656212126,26.762555441989992,26.13432682181381,26.45327377319336,70524000,0.0,0.0,6715.7900390625,,601.645263671875
2025-10-06 04:00:00+00:00,26.356623156607963,26.443608857597233,25.50609671214938,25.544757843017578,62945600,0.0,0.0,6740.27978515625,,606.1636962890625
2025-10-07 04:00:00+00:00,25.5350932027385,25.68973404317355,25.17748510706731,25.390117645263672,47744200,0.0,0.0,6714.58984375,,602.9718627929688
2025-10-08 04:00:00+00:00,25.535091936935917,25.612412353320583,24.771551212106214,24.81987762451172,48693300,0.0,0.0,6753.72021484375,,609.8842163085938
2025-10-09 04:00:00+00:00,24.91652938280884,25.032509089270263,24.36561932499239,24.394615173339844,47278700,0.0,0.0,6735.10986328125,,609.1461181640625
2025-10-10 04:00:00+00:00,24.413946172129425,24.56858701246488,23.79538281078759,23.950023651123047,64963900,0.0,0.0,6552.509765625,,588.0000610351562
2025-10-13 04:00:00+00:00,24.008013427498287,24.114329696183102,23.785717450670248,23.901697158813477,45356600,0.0,0.0,6654.72021484375,,600.4782104492188
2025-10-14 04:00:00+00:00,23.824377370495426,23.959689491535364,23.660071243383143,23.698732376098633,42277000,0.0,0.0,6644.31005859375,,596.4784545898438
2025-10-15 04:00:00+00:00,23.66973677424794,23.756722480303758,23.399114372800476,23.57308578491211,47729800,0.0,0.0,6671.06005859375,,600.6876831054688
2025-10-16 04:00:00+00:00,23.621410930844736,23.785717050839224,23.399113114289232,23.41844367980957,44390000,0.0,0.0,6629.06982421875,,598.46337890625
2025-10-17 04:00:00+00:00,23.389449543207235,23.70839649863896,23.35078841238439,23.68906593322754,40101900,0.0,0.0,6664.009765625,,602.393310546875
2025-10-20 04:00:00+00:00,23.74705556146727,23.901696396368134,23.689065709245487,23.863037109375,35856800,0.0,0.0,6735.1298828125,,609.9839477539062
2025-10-21 04:00:00+00:00,23.89203047994004,24.123991726137813,23.77605077857321,24.017677307128906,40726900,0.0,0.0,6735.35009765625,,609.8244018554688
2025-10-22 04:00:00+00:00,23.95968769311614,24.09499796053539,23.79538157833671,23.892030715942383,48662900,0.0,0.0,6699.39990234375,,603.9493408203125
2025-10-23 04:00:00+00:00,23.93069182953891,23.9500223944326,23.6890652987602,23.843706130981445,34219900,0.0,0.0,6738.43994140625,,609.0264282226562
2025-10-24 04:00:00+00:00,23.872702819469307,23.998347808777076,23.85337225389451,23.930692672729492,27429200,0.0,0.0,6791.68994140625,,615.52978515625
2025-10-27 04:00:00+00:00,23.911361360794825,23.96935121224494,23.805045096916164,23.940357208251953,34974900,0.0,0.0,6875.16015625,,626.4918823242188
2025-10-28 04:00:00+00:00,23.95002379161169,23.95002379161169,23.563419845041032,23.679401397705078,50152400,0.0,0.0,6890.89013671875,,631.3095703125
2025-10-29 04:00:00+00:00,23.70839788308002,23.805047028852545,23.418444915369573,23.476436614990234,65438400,0.0,0.0,6890.58984375,,634.15234375
2025-10-30 04:00:00+00:00,23.495765338066168,23.87270401174332,23.34112449267298,23.476436614990234,157478000,0.0,0.0,6822.33984375,,624.45703125
2025-10-31 04:00:00+00:00,23.466770804301134,23.901697480895333,23.3507892511308,23.824377059936523,132697400,0.0,0.0,6840.2001953125,,627.4694213867188
2025-11-03 05:00:00+00:00,23.76638836160944,23.92102921105223,23.59241694512022,23.834043502807617,140871300,0.0,0.0,6851.97021484375,,630.4716796875
2025-11-04 05:00:00+00:00,23.57308494612472,24.35595627277062,23.389450100731537,23.486099243164062,166162000,0.0,0.0,6771.5498046875,,617.67431640625
2025-11-05 05:00:00+00:00,23.5634210838424,23.843708775495287,23.35079037682128,23.78571891784668,107240900,0.0,0.0,6796.2900390625,,621.6941528320312
2025-11-06 05:00:00+00:00,23.921026327013806,24.288297839294252,23.718060927889795,24.017677307128906,124137200,0.0,0.0,6720.31982421875,,610.1136474609375
2025-11-07 05:00:00+00:00,23.92916063926545,24.224217357629197,23.712785837527026,24.02751350402832,117794500,0.43,0.0,6728.7998046875,,608.1885375976562
2025-11-10 05:00:00+00:00,24.2537247134321,24.47993499794679,23.51608101320381,23.98817253112793,148958600,0.0,0.0,6832.43017578125,,621.6442260742188
2025-11-11 05:00:00+00:00,24.086525781262136,25.0897216796875,24.037350284171172,25.0897216796875,139673800,0.0,0.0,6846.60986328125,,619.9884643554688
2025-11-12 05:00:00+00:00,24.98153252407111,25.522472354137502,24.834004161662058,25.443790435791016,96008000,0.0,0.0,6850.919921875,,619.4996948242188
2025-11-13 05:00:00+00:00,25.512636852239606,26.043739331522325,25.247084674635797,25.365108489990234,123083100,0.0,0.0,6737.490234375,,606.8519897460938
2025-11-14 05:00:00+00:00,25.24708560211941,25.34543847254041,24.558617385097385,24.64713478088379,96507600,0.0,0.0,6734.10986328125,,607.310791015625
2025-11-17 05:00:00+00:00,24.69631169068415,25.148732259837097,24.538947851333134,24.666805267333984,88042200,0.0,0.0,6672.41015625,,602.1240234375
2025-11-18 05:00:00+00:00,24.637298747573915,25.08972119088139,24.568452302617867,25.030710220336914,66511800,0.0,0.0,6617.31982421875,,594.7926635742188
2025-11-19 05:00:00+00:00,24.932356395465117,25.079884754127956,24.312734662786387,24.4700984954834,62000200,0.0,0.0,6642.16015625,,598.3436279296875
2025-11-20 05:00:00+00:00,24.479933789255156,24.58812212690951,23.879984884987458,23.99800682067871,51983200,0.0,0.0,6538.759765625,,584.1797485351562
2025-11-21 05:00:00+00:00,24.1848773408969,25.09955579425616,24.1848773408969,24.627464294433594,73079400,0.0,0.0,6602.990234375,,588.568603515625
2025-11-24 05:00:00+00:00,24.696312203139712,25.05037991106404,24.637299355214843,24.80449867248535,63074900,0.0,0.0,6705.1201171875,,603.6201782226562
2025-11-25 05:00:00+00:00,24.95202860476886,25.54214206924833,24.94219313023754,25.296260833740234,39130300,0.0,0.0,6765.8798828125,,607.3407592773438
2025-11-26 05:00:00+00:00,25.276591038515374,25.38477750341936,25.158567223436144,25.28642463684082,33461000,0.0,0.0,6812.60986328125,,612.70703125
2025-11-28 05:00:00+00:00,25.42411966213299,25.43395513648458,25.237249401302638,25.31593132019043,22627600,0.0,0.0,6849.08984375,,617.67431640625
2025-12-01 05:00:00+00:00,25.335602840842977,25.512637631318288,24.81433394399066,24.853675842285156,53198600,0.0,0.0,6812.6298828125,,615.599609375
2025-12-02 05:00:00+00:00,24.902850325329663,24.902850325329663,24.62746455218013,24.73565101623535,43827000,0.0,0.0,6829.3701171875,,620.4172973632812
2025-12-03 05:00:00+00:00,24.902850008265155,25.463458897524582,24.883179060169244,25.148731231689453,56121200,0.0,0.0,6849.72021484375,,621.9334716796875
2025-12-04 05:00:00+00:00,25.207742029420388,25.315930367290704,24.932356261641175,25.27659034729004,35454000,0.0,0.0,6857.1201171875,,621.35498046875
2025-12-05 05:00:00+00:00,25.345437623236815,25.68967172021284,25.217578333196478,25.601154327392578,47443700,0.0,0.0,6870.39990234375,,623.8884887695312
2025-12-08 05:00:00+00:00,25.61099018598538,25.758518550924478,25.335602529087442,25.34543800354004,45209300,0.0,0.0,6846.509765625,,622.6915283203125
2025-12-09 05:00:00+00:00,25.571647145772864,25.699504556094794,24.71597966587276,24.91268539428711,43483800,0.0,0.0,6840.509765625,,623.4595336914062
2025-12-10 05:00:00+00:00,25.07004917506932,25.36510776708379,24.804497005033756,25.35527229309082,43635400,0.0,0.0,6886.68017578125,,626.0130615234375
2025-12-11 05:00:00+00:00,25.374942779541016,25.61099041667973,25.18807439103322,25.374942779541016,35570200,0.0,0.0,6901.0,,623.98828125
2025-12-12 05:00:00+00:00,25.414284474878123,25.610990212282186,25.296260657250695,25.42411994934082,51599700,0.0,0.0,6827.41015625,,612.0586547851562
2025-12-15 05:00:00+00:00,25.394613252115963,26.210938864467778,25.384777777759325,25.994564056396484,60360000,0.0,0.0,6816.509765625,,608.9865112304688
2025-12-16 05:00:00+00:00,26.00439970335835,26.07324614838687,24.509441357874977,25.109392166137695,111695500,0.0,0.0,6800.259765625,,610.1934204101562
2025-12-17 05:00:00+00:00,24.981531981338083,25.07004937204542,24.61762882036335,24.627464294433594,61255300,0.0,0.0,6721.43017578125,,598.8822631835938
2025-12-18 05:00:00+00:00,24.59795787222286,24.81433267399365,24.568451450012127,24.627464294433594,47062500,0.0,0.0,6774.759765625,,607.5601196289062
2025-12-19 05:00:00+00:00,24.597959106188682,25.099557053384828,24.568452682497746,24.774993896484375,87590000,0.0,0.0,6834.5,,615.47998046875
2025-12-22 05:00:00+00:00,24.784828877143212,24.98153273672138,24.715980556569686,24.794662475585938,38758900,0.0,0.0,6878.490234375,,618.4302368164062
2025-12-23 05:00:00+00:00,24.84383900508244,24.922520921430948,24.420923001237405,24.4700984954834,43692900,0.0,0.0,6909.7900390625,,621.3265380859375
2025-12-24 05:00:00+00:00,24.509441660829314,24.725816473011353,24.49960618628582,24.617630004882812,19328500,0.0,0.0,6932.0498046875,,623.144287109375
2025-12-26 05:00:00+00:00,24.607793114965116,24.696310504840337,24.509440251112107,24.676639556884766,21617800,0.0,0.0,6929.93994140625,,623.1043090820312
2025-12-29 05:00:00+00:00,24.637298817806297,24.784829058475445,24.558616898214385,24.588123321533203,33067700,0.0,0.0,6905.740234375,,620.088134765625
2025-12-30 05:00:00+00:00,24.597958072934787,24.637298093611903,24.509440681505172,24.57828712463379,28821700,0.0,0.0,6896.240234375,,618.64990234375
2025-12-31 05:00:00+00:00,24.55861733566085,24.60779470873484,24.47009994005263,24.489770889282227,29409200,0.0,0.0,6845.5,,613.536376953125
2026-01-02 05:00:00+00:00,24.568451965899374,24.883179639056387,24.42092360359764,24.76515769958496,35976700,0.0,0.0,6858.47021484375,,612.347900390625
2026-01-05 05:00:00+00:00,24.784827924654547,24.98153177667332,24.538946702687436,24.755321502685547,52620900,0.0,0.0,6902.0498046875,,617.2117309570312
2026-01-06 05:00:00+00:00,24.774993971420155,25.581484128828816,24.774993971420155,25.01103973388672,50977300,0.0,0.0,6944.81982421875,,622.6348876953125
2026-01-07 05:00:00+00:00,25.16840232538694,25.38477712791912,24.725815370292846,24.863510131835938,51395800,0.0,0.0,6920.93017578125,,623.2341918945312
2026-01-08 05:00:00+00:00,24.76515798636298,25.13889663358356,24.706147015943927,24.87334632873535,42977300,0.0,0.0,6921.4599609375,,619.6885986328125
2026-01-09 05:00:00+00:00,24.922522105169257,25.129061441922207,24.81433376157965,25.06021499633789,34190200,0.0,0.0,6966.27978515625,,625.86083984375
2026-01-12 05:00:00+00:00,25.158568050367663,25.3454383154166,24.676641051809842,24.853675842285156,50256300,0.0,0.0,6977.27001953125,,626.3801879882812
2026-01-13 05:00:00+00:00,24.902850325329663,24.971696768617043,24.55861623296786,24.73565101623535,47656100,0.0,0.0,6963.740234375,,625.4513549804688
2026-01-14 05:00:00+00:00,24.814333330719403,25.28642484303614,24.784828783652678,25.158567428588867,53738100,0.0,0.0,6926.60009765625,,618.769775390625
2026-01-15 05:00:00+00:00,25.129060399420208,25.463459014892578,24.834003680320997,25.463459014892578,55263200,0.0,0.0,6944.47021484375,,620.9970092773438
2026-01-16 05:00:00+00:00,25.463458927141126,25.463458927141126,25.12906031282115,25.227413177490234,59470600,0.0,0.0,6940.009765625,,620.4776611328125
2026-01-20 05:00:00+00:00,25.011038577913844,25.227413381193095,24.67663996089371,25.09955596923828,55425400,0.0,0.0,6796.85986328125,,607.2942504882812
2026-01-21 05:00:00+00:00,25.05037848259876,25.492965437172447,24.96186109168402,25.463459014892578,47264100,0.0,0.0,6875.6201171875,,615.50390625
2026-01-22 05:00:00+00:00,25.47329434737144,25.8765394033302,25.325765988641994,25.670000076293945,49883900,0.0,0.0,6913.35009765625,,619.978271484375
2026-01-23 05:00:00+00:00,25.579999923706055,25.690000534057617,25.510000228881836,25.649999618530273,45402300,0.43,0.0,6915.60986328125,,621.935791015625
2026-01-26 05:00:00+00:00,25.6299991607666,25.920000076293945,25.600000381469727,25.8799991607666,41441900,0.0,0.0,6950.22998046875,,624.67236328125
2026-01-27 05:00:00+00:00,25.940000534057617,26.829999923706055,25.899999618530273,26.5,75575400,0.0,0.0,6978.60009765625,,630.335205078125
2026-01-28 05:00:00+00:00,26.270000457763672,26.389999389648438,25.760000228881836,25.860000610351562,44976700,0.0,0.0,6978.02978515625,,632.4225463867188
2026-01-29 05:00:00+00:00,25.899999618530273,26.229999542236328,25.8799991607666,26.100000381469727,44373800,0.0,0.0,6969.009765625,,628.6373291015625
2026-01-30 05:00:00+00:00,26.1299991607666,26.469999313354492,25.899999618530273,26.440000534057617,51599400,0.0,0.0,6939.02978515625,,621.0868530273438
2026-02-02 05:00:00+00:00,26.420000076293945,26.690000534057617,26.350000381469727,26.65999984741211,52129500,0.0,0.0,6976.43994140625,,625.3515014648438
2026-02-03 05:00:00+00:00,25.360000610351562,26.110000610351562,25.260000228881836,25.770000457763672,91964900,0.0,0.0,6917.81005859375,,615.7435913085938
2026-02-04 05:00:00+00:00,25.8799991607666,26.979999542236328,25.860000610351562,26.780000686645508,83025800,0.0,0.0,6882.72021484375,,604.9871826171875
2026-02-05 05:00:00+00:00,26.760000228881836,27.190000534057617,26.459999084472656,26.489999771118164,72650700,0.0,0.0,6798.39990234375,,596.2781982421875
2026-02-06 05:00:00+00:00,26.670000076293945,27.3700008392334,26.520000457763672,27.219999313354492,50691600,0.0,0.0,6932.2998046875,,608.8822631835938
2026-02-09 05:00:00+00:00,27.18000030517578,27.3700008392334,26.790000915527344,27.049999237060547,49288200,0.0,0.0,6964.81982421875,,613.54638671875
2026-02-10 05:00:00+00:00,27.18000030517578,27.729999542236328,27.09000015258789,27.610000610351562,43760600,0.0,0.0,6941.81005859375,,610.699951171875
2026-02-11 05:00:00+00:00,27.549999237060547,27.940000534057617,27.309999465942383,27.729999542236328,41699300,0.0,0.0,6941.47021484375,,612.337890625
2026-02-12 05:00:00+00:00,27.649999618530273,27.889999389648438,27.40999984741211,27.469999313354492,58805100,0.0,0.0,6832.759765625,,599.8836059570312
2026-02-13 05:00:00+00:00,27.600000381469727,27.940000534057617,27.549999237060547,27.579999923706055,36986700,0.0,0.0,6836.169921875,,601.1619873046875
2026-02-17 05:00:00+00:00,27.84000015258789,27.8700008392334,27.200000762939453,27.3700008392334,32119900,0.0,0.0,6843.22021484375,,600.542724609375
2026-02-18 05:00:00+00:00,27.440000534057617,27.479999542236328,27.209999084472656,27.3700008392334,24779800,0.0,0.0,6881.31005859375,,605.027099609375
2026-02-19 05:00:00+00:00,27.3700008392334,27.399999618530273,26.579999923706055,26.860000610351562,40316800,0.0,0.0,6861.89013671875,,602.7100219726562
2026-02-20 05:00:00+00:00,26.709999084472656,26.780000686645508,26.360000610351562,26.649999618530273,44786900,0.0,0.0,6909.509765625,,608.0433349609375
2026-02-23 05:00:00+00:00,26.559999465942383,27.110000610351562,26.5,27.059999465942383,34166100,0.0,0.0,6837.75,,600.652587890625
2026-02-24 05:00:00+00:00,27.139999389648438,27.420000076293945,27.079999923706055,27.139999389648438,34686100,0.0,0.0,6890.06982421875,,607.1044921875
2026-02-25 05:00:00+00:00,27.059999465942383,27.290000915527344,26.729999542236328,27.09000015258789,32680300,0.0,0.0,6946.1298828125,,615.9033813476562
2026-02-26 05:00:00+00:00,27.260000228881836,27.270000457763672,26.8700008392334,27.100000381469727,30508300,0.0,0.0,6908.85986328125,,608.4727783203125
2026-02-27 05:00:00+00:00,27.15999984741211,27.670000076293945,27.09000015258789,27.649999618530273,41879700,0.0,0.0,6878.8798828125,,606.5252075195312
2026-03-02 05:00:00+00:00,27.56999969482422,27.610000610351562,27.170000076293945,27.260000228881836,41321700,0.0,0.0,6881.6201171875,,607.32421875
2026-03-03 05:00:00+00:00,26.719999313354492,26.950000762939453,26.350000381469727,26.579999923706055,41486100,0.0,0.0,6816.6298828125,,600.8224487304688
2026-03-04 05:00:00+00:00,26.770000457763672,26.780000686645508,26.350000381469727,26.6200008392334,30893500,0.0,0.0,6869.5,,609.9808959960938
2026-03-05 05:00:00+00:00,26.389999389648438,26.709999084472656,26.200000762939453,26.610000610351562,38908600,0.0,0.0,6830.7099609375,,608.1431274414062
2026-03-06 05:00:00+00:00,26.540000915527344,27.1299991607666,26.229999542236328,27.049999237060547,53181800,0.0,0.0,6740.02001953125,,598.9946899414062
2026-03-09 04:00:00+00:00,26.90999984741211,27.110000610351562,26.360000610351562,26.809999465942383,42789500,0.0,0.0,6795.990234375,,606.99462890625
2026-03-10 04:00:00+00:00,26.81999969482422,27.290000915527344,26.520000457763672,27.15999984741211,42814600,0.0,0.0,6781.47998046875,,607.004638671875
2026-03-11 04:00:00+00:00,27.200000762939453,27.40999984741211,27.0,27.299999237060547,40560100,0.0,0.0,6775.7998046875,,606.9247436523438
2026-03-12 04:00:00+00:00,27.110000610351562,27.1200008392334,26.6299991607666,26.860000610351562,38542800,0.0,0.0,6672.6201171875,,596.5078735351562
2026-03-13 04:00:00+00:00,27.020000457763672,27.280000686645508,26.579999923706055,26.579999923706055,34270800,0.0,0.0,6632.18994140625,,592.9722900390625
2026-03-16 04:00:00+00:00,26.700000762939453,26.889999389648438,26.520000457763672,26.610000610351562,28551500,0.0,0.0,6699.3798828125,,599.6239013671875
2026-03-17 04:00:00+00:00,26.81999969482422,27.760000228881836,26.81999969482422,27.450000762939453,60097500,0.0,0.0,6716.08984375,,602.5502319335938
2026-03-18 04:00:00+00:00,27.139999389648438,27.3799991607666,26.84000015258789,27.31999969482422,47478300,0.0,0.0,6624.7001953125,,594.15087890625
2026-03-19 04:00:00+00:00,27.290000915527344,27.729999542236328,27.25,27.40999984741211,47939600,0.0,0.0,6606.490234375,,592.273193359375
2026-03-20 04:00:00+00:00,27.40999984741211,27.549999237060547,26.799999237060547,26.969999313354492,66805700,0.0,0.0,6506.47998046875,,581.3269653320312
2026-03-23 04:00:00+00:00,27.030000686645508,27.190000534057617,26.6299991607666,26.770000457763672,42945200,0.0,0.0,6581.0,,588.0
2026-03-24 04:00:00+00:00,26.600000381469727,27.1299991607666,26.440000534057617,26.959999084472656,35605300,0.0,0.0,6556.3701171875,,583.97998046875
2026-03-25 04:00:00+00:00,27.18000030517578,27.530000686645508,27.040000915527344,27.280000686645508,37603900,0.0,0.0,6591.89990234375,,587.8200073242188
2026-03-26 04:00:00+00:00,27.25,27.809999465942383,27.239999771118164,27.56999969482422,28835000,0.0,0.0,6477.16015625,,573.7899780273438
2026-03-27 04:00:00+00:00,27.729999542236328,27.770000457763672,27.020000457763672,27.040000915527344,29124600,0.0,0.0,6368.85009765625,,562.5800170898438
2026-03-30 04:00:00+00:00,27.420000076293945,27.81999969482422,27.149999618530273,27.770000457763672,46696000,0.0,0.0,6343.72021484375,,558.280029296875
2026-03-31 04:00:00+00:00,27.989999771118164,28.309999465942383,27.790000915527344,28.079999923706055,44841500,0.0,0.0,6528.52001953125,,577.1799926757812
2026-04-01 04:00:00+00:00,28.270000457763672,28.639999389648438,28.040000915527344,28.549999237060547,44208500,0.0,0.0,6575.31982421875,,584.3099975585938
2026-04-02 04:00:00+00:00,28.5,28.75,28.219999313354492,28.31999969482422,30920600,0.0,0.0,6582.68994140625,,584.97998046875
