Date,Open,High,Low,Close,Volume,Dividends,Stock Splits,snp500,vix_close,qqq_close,close,log_ret,rv_5,snp500_change,vix_change,qqq_change,earnings_week
2021-04-12 04:00:00+00:00,95.08489072368106,95.35388217733096,94.00891166870667,95.31049346923828,1725100,0.0,0.0,4127.990234375,,326.7147216796875,95.31049346923828,0.0030088758496373234,0.1310161010193413,-0.00019607884876882142,0.0,-0.0013052506674576803,1
2021-04-13 04:00:00+00:00,95.62287975070902,96.21293046951992,95.13695796587221,96.12615966796875,2152400,0.0,0.0,4141.58984375,,330.5284729003906,96.12615966796875,0.00852157746505441,0.1304234962467161,0.0032944868090414303,0.0,0.011673031448035331,1
2021-04-14 04:00:00+00:00,95.98730831794236,96.53397021544586,95.03280983314609,95.154296875,1904900,0.0,0.0,4124.66015625,,326.5595397949219,95.154296875,-0.010161740237100408,0.1588312802172001,-0.004087726727828533,0.0,-0.012007840264535496,1
2021-04-15 04:00:00+00:00,96.0046877428051,97.6186499516203,95.45802568634386,97.4971694946289,2539600,0.0,0.0,4170.419921875,,331.5086364746094,97.4971694946289,0.02432359507601899,0.19775858100630314,0.01109419052516647,0.0,0.015155265967105258,1
2021-04-16 04:00:00+00:00,97.79217287761864,98.07852245158759,97.2888996320762,97.67069244384766,2373300,0.0,0.0,4185.47021484375,,331.89678955078125,97.67069244384766,0.0017781923029548663,0.1990344801185946,0.0036088195555097347,0.0,0.001170868669666092,1
2021-04-19 04:00:00+00:00,97.18478019731347,98.0525014490752,96.0480674759657,97.4017105102539,2554000,0.0,0.0,4163.259765625,,328.8594055175781,97.4017105102539,-0.0027577668598314778,0.20759694309491802,-0.005306560094486046,0.0,-0.009151592087751736,0
2021-04-20 04:00:00+00:00,97.51452011038135,100.3953546442828,96.75960679462816,99.5710220336914,3351500,0.0,0.0,4134.93994140625,,326.46240234375,99.5710220336914,0.02202740662026308,0.24373027379295975,-0.006802319771775922,0.0,-0.007288838736588921,0
2021-04-21 04:00:00+00:00,99.81395588427412,100.53416597753608,99.39745346854214,99.53628540039062,2318600,0.0,0.0,4173.419921875,,329.2572937011719,99.53628540039062,-0.00034892374469691113,0.2073322172805527,0.009306055472153574,0.0,0.008561143143457572,0
2021-04-22 04:00:00+00:00,99.29333124860486,99.85735131894539,98.64254038748585,99.51026153564453,2088300,0.0,0.0,4134.97998046875,,325.2882080078125,99.51026153564453,-0.0002614852183569039,0.16123107813414977,-0.009210657476561801,0.0,-0.012054662931663573,0
2021-04-23 04:00:00+00:00,99.86601820307871,100.12633718110582,99.04168580630385,99.67512512207031,1749800,0.0,0.0,4180.169921875,,329.3834228515625,99.67512512207031,0.0016553787086476006,0.16134421564540305,0.010928696540176919,0.0,0.012589496769128683,0
2021-04-26 04:00:00+00:00,99.98752275513519,100.64698613995044,99.53630399690604,99.97884368896484,1584400,0.0,0.0,4187.6201171875,,331.5280456542969,99.97884368896484,0.0030424519280475995,0.1508071366429171,0.001782270924804541,0.0,0.006511022273579581,0
2021-04-27 04:00:00+00:00,100.0655982308101,100.20443678622516,99.5883489718042,99.65776824951172,2366600,0.0,0.0,4186.72021484375,,330.091796875,99.65776824951172,-0.003216601535860852,0.037550656450146734,-0.00021489588801437698,0.0,-0.0043322089884200166,0
2021-04-28 04:00:00+00:00,99.79662597512055,100.48212657874194,99.64910832660831,99.87471771240234,2249500,0.0,0.0,4183.18017578125,,328.9757995605469,99.87471771240234,0.00217457871420951,0.03955604360257451,-0.0008455399168898481,0.0,-0.0033808695793665633,0
2021-04-29 04:00:00+00:00,100.12635367351744,101.08084571652597,100.01355229522503,100.88994598388672,1751600,0.0,0.0,4211.47021484375,,330.1597900390625,100.88994598388672,0.010113701350580404,0.07589907048831632,0.006762806734045723,0.0,0.0035990199889999186,0
2021-04-30 04:00:00+00:00,100.86390724570846,101.49734661456581,100.06560535579037,101.11554718017578,3323100,0.0,0.0,4181.169921875,,327.99566650390625,101.11554718017578,0.0022336153987676625,0.07548168336910022,-0.007194706699326425,0.0,-0.006554776203668511,0
2021-05-03 04:00:00+00:00,101.38454839891654,101.4626467544739,100.34328553952908,100.66434478759766,2038000,0.0,0.0,4192.66015625,,326.24884033203125,100.66434478759766,-0.004472231005911088,0.0915416992632844,0.002748090747253684,0.0,-0.0053257599116913745,0
2021-05-04 04:00:00+00:00,100.65566067092605,101.15894056312568,99.54497857792515,100.3085708618164,2704400,0.0,0.0,4164.66015625,,320.3778076171875,100.3085708618164,-0.0035405198384606046,0.09258633150091088,-0.006678337608227225,0.0,-0.017995566540155883,0
2021-05-05 04:00:00+00:00,100.14370464308583,100.21311730620009,97.59260225334731,98.06117248535156,2512000,0.0,0.0,4167.58984375,,319.3006896972656,98.06117248535156,-0.02265965061108724,0.19215862990037416,0.0007034637617677753,0.0,-0.003362024129988761,0
2021-05-06 04:00:00+00:00,98.33883582774754,99.7879285050191,98.087195909269,99.54496765136719,1866800,0.0,0.0,4201.6201171875,,321.707275390625,99.54496765136719,0.015017985299442406,0.21598976367970402,0.008165456466051824,0.0,0.007537051346932833,0
2021-05-07 04:00:00+00:00,99.69248919664413,100.72507955406529,99.69248919664413,100.67301177978516,2610100,0.0,0.0,4232.60009765625,,324.3177795410156,100.67301177978516,0.011268279378624218,0.23741045130711386,0.007373341616968343,0.0,0.008114532527189189,0
2021-05-10 04:00:00+00:00,100.70771268609835,102.05268309177318,100.49078240261447,100.82919311523438,1900400,0.0,0.0,4188.43017578125,,316.1273193359375,100.82919311523438,0.0015501703001835994,0.2355073801429041,-0.010435647322188157,0.0,-0.025254428593675993,0
2021-05-11 04:00:00+00:00,100.20443998964048,100.29988322430617,98.3301591527388,99.66645050048828,1871900,0.0,0.0,4152.10009765625,,315.690673828125,99.66645050048828,-0.011598812116793698,0.25032704069239203,-0.00867391280271812,0.0,-0.0013812330700482267,0
2021-05-12 04:00:00+00:00,98.85080041414767,99.42349960063314,97.18477725013327,97.5058364868164,2086500,0.0,0.0,4063.0400390625,,307.5196533203125,97.5058364868164,-0.02191687821337833,0.24635531013689732,-0.021449400664502738,0.0,-0.025882996189685148,0
2021-05-13 04:00:00+00:00,97.82689623887772,99.38879720668467,97.21949398483505,98.48636627197266,2066000,0.0,0.0,4112.5,,309.89715576171875,98.48636627197266,0.010005887500077595,0.22749835807566368,0.012173141406923493,0.0,0.007731221129239074,0
2021-05-14 04:00:00+00:00,99.03302653090616,100.03090731916261,98.86816399071952,99.48424530029297,2148300,0.0,0.0,4173.85009765625,,316.73870849609375,99.48424530029297,0.010081167821628231,0.22320669666426138,0.014917956876899785,0.0,0.02207684906806784,0
2021-05-17 04:00:00+00:00,99.57099708013142,99.85734663443543,98.74666467612657,99.08507537841797,1427300,0.0,0.0,4163.2900390625,,314.8172302246094,99.08507537841797,-0.004020464573247066,0.22052137647739584,-0.0025300521932207776,0.0,-0.006066446000893788,0
2021-05-18 04:00:00+00:00,98.98096222462311,100.23915538271682,98.39091151278473,99.77059173583984,1667100,0.0,0.0,4127.830078125,,312.6921081542969,99.77059173583984,0.006894639543641964,0.2167290892717111,-0.008517292959364653,0.0,-0.006750335960952092,0
2021-05-19 04:00:00+00:00,99.07639691528165,100.14369679681053,98.55576557168644,100.09162902832031,2112100,0.0,0.0,4115.68017578125,,313.0510559082031,100.09162902832031,0.003212588826087074,0.09349629796478795,-0.002943411456817757,0.0,0.001147927128781756,0
2021-05-20 04:00:00+00:00,100.32592145161787,102.20887475274291,100.00486224379348,101.83575439453125,2464200,0.0,0.0,4159.1201171875,,319.1064758300781,101.83575439453125,0.017275207669027744,0.1255980961126621,0.010554741756143349,0.0,0.01934323429865903,0
2021-05-21 04:00:00+00:00,101.71426207319861,102.39108342986111,101.49733181169466,101.9832534790039,2372200,0.0,0.0,4155.85986328125,,317.34033203125,101.9832534790039,0.0014473538239672295,0.12586193075845578,-0.0007838806801412357,0.0,-0.005534653579918558,0
2021-05-24 04:00:00+00:00,102.48655347945272,103.29353447614871,102.04401380508718,102.5212631225586,2280200,0.0,0.0,4197.0498046875,,322.6777038574219,102.5212631225586,0.005261603936229119,0.09837849687772932,0.009911292190138532,0.0,0.01681907809199079,0
2021-05-25 04:00:00+00:00,102.72950763654211,102.93775886135816,101.30644546328946,102.54728698730469,2072100,0.0,0.0,4188.1298828125,,323.1241149902344,102.54728698730469,0.0002538064941879696,0.10879847237687372,-0.0021252837802967495,0.0,0.001383458254090364,0
2021-05-26 04:00:00+00:00,102.68612305525326,102.99850321511887,101.84443905692422,101.9659194946289,2231800,0.0,0.0,4195.990234375,,324.24981689453125,101.9659194946289,-0.005685393805823821,0.13557624316508832,0.0018768165702687245,0.0,0.003483806537716516,0
2021-05-27 04:00:00+00:00,102.08739411524542,102.66008662890798,101.27173411983077,101.40189361572266,3470100,0.0,0.0,4200.8798828125,,323.03680419921875,101.40189361572266,-0.005546869157219226,0.0750015745022514,0.0011653145418315525,0.0,-0.003740981897630613,0
2021-05-28 04:00:00+00:00,102.13945693326617,102.92908636643295,101.7403059941508,102.25225830078125,2870700,0.0,0.0,4204.10986328125,,324.05572509765625,102.25225830078125,0.008351115056246448,0.10014588035616291,0.0007688818911402162,0.0,0.003154194460793125,0
2021-06-01 04:00:00+00:00,102.79023889577188,104.22198000951727,101.96590651340848,103.97901916503906,2547100,0.0,0.0,4202.0400390625,,322.97857666015625,103.97901916503906,0.016746259241435173,0.15338944603769994,-0.0004923335226864056,0.0,-0.0033239605230717117,0
2021-06-02 04:00:00+00:00,104.29141155982016,105.73182528740895,104.10919090501486,105.6363754272461,3934300,0.0,0.0,4208.1201171875,,323.609375,105.6363754272461,0.015813636239464975,0.17519144227237382,0.0014469348384307246,0.0,0.0019530655759483206,0
2021-06-03 04:00:00+00:00,105.64503948510509,106.00080829884293,105.08969853405907,105.7491683959961,4006000,0.0,0.0,4192.85009765625,,320.241943359375,105.7491683959961,0.001067177796689992,0.1519953736065196,-0.0036287033416374515,0.0,-0.010405853169813128,0
2021-06-04 04:00:00+00:00,106.17435547331176,106.49541466704945,105.40208421557878,106.20038604736328,2521400,0.0,0.0,4229.89013671875,,325.67633056640625,106.20038604736328,0.0042577898709965185,0.10997148228526753,0.008834095710505974,0.0,0.016969629743136982,0
2021-06-07 04:00:00+00:00,106.5735220695484,106.87722317847802,106.20908073883287,106.45204162597656,1688000,0.0,0.0,4226.52001953125,,326.6468200683594,106.45204162597656,0.0023668264580387105,0.12072406599127106,-0.0007967387044511831,0.0,0.0029799202793314716,0
2021-06-08 04:00:00+00:00,106.83382087845885,107.99656393845258,106.51276169821952,107.3023910522461,2564200,0.0,0.0,4227.259765625,,326.8021240234375,107.3023910522461,0.007956362836236248,0.09400718999206539,0.00017502486450582388,0.0,0.00047544915650976627,0
2021-06-09 04:00:00+00:00,107.69287088360626,107.86641246299745,106.88588996108216,107.2590103149414,1538200,0.0,0.0,4219.5498046875,,326.8796691894531,107.2590103149414,-0.0004043666532691703,0.05135477139832075,-0.0018238673194856947,0.0,0.00023728476749451666,0
2021-06-10 04:00:00+00:00,107.20695345974627,109.61053819355215,107.09414547045483,109.5758285522461,2550900,0.0,0.0,4239.18017578125,,330.2859191894531,109.5758285522461,0.021370241244528763,0.1354387931391432,0.004652243012262192,0.0,0.010420501245753,0
2021-06-11 04:00:00+00:00,109.48906753140116,109.48906753140116,107.51066414168658,108.21351623535156,2385300,0.0,0.0,4247.43994140625,,331.14959716796875,108.21351623535156,-0.012510530177840071,0.19631558521808873,0.0019484346695590737,0.0,0.002614940354209283,0
2021-06-14 04:00:00+00:00,108.40440265693948,109.48037502057878,107.97054208545092,109.4717025756836,1977900,0.0,0.0,4255.14990234375,,334.3228759765625,109.4717025756836,0.011559814286460014,0.20295418637729767,0.0018152018730952513,0.0,0.009582614128877065,0
2021-06-15 04:00:00+00:00,109.29729997330816,109.81182168226425,107.30896751596481,107.387451171875,2666500,0.63,0.0,4246.58984375,,332.1394348144531,107.387451171875,-0.01922275861985266,0.2652019657734673,-0.0020116937805257917,0.0,-0.006530935568592189,0
2021-06-16 04:00:00+00:00,107.8496296618831,108.32927408917541,105.82641375174246,105.88745880126953,4271600,0.0,0.0,4223.7001953125,,330.9263916015625,105.88745880126953,-0.01406651259572974,0.28409216337513266,-0.005390124612855707,0.0,-0.003652210745671569,0
2021-06-17 04:00:00+00:00,105.65201693195729,107.12582096204179,105.60841046720758,106.92524719238281,3612600,0.0,0.0,4221.85986328125,,335.12835693359375,106.92524719238281,0.009753145262540395,0.22904536508637674,-0.00043571559205179966,0.0,0.012697583023509429,0
2021-06-18 04:00:00+00:00,106.55025077022718,107.2566302331169,104.14331903829739,104.27413177490234,7018100,0.0,0.0,4166.4501953125,,332.4984436035156,104.27413177490234,-0.025106652193165272,0.26933491116693364,-0.013124468779900589,0.0,-0.007847480750783675,0
2021-06-21 04:00:00+00:00,104.61424117246005,107.16070161761294,104.21308699165478,106.90779876708984,2745100,0.0,0.0,4224.7900390625,,334.5649719238281,106.90779876708984,0.024943455478144954,0.33700101930353754,0.014002289962720793,0.0,0.006215151860309742,0
2021-06-22 04:00:00+00:00,106.74211723230302,107.02118132146485,106.13165996304024,106.37584686279297,2078400,0.0,0.0,4246.43994140625,,337.6837463378906,106.37584686279297,-0.004988221255720494,0.3127395387672059,0.005124491902218642,0.0,0.009321879681930767,0
2021-06-23 04:00:00+00:00,106.33224165017113,106.59386714771446,105.54737181095392,105.62586212158203,2583600,0.0,0.0,4241.83984375,,337.8487854003906,105.62586212158203,-0.0070753002273394585,0.2992420851627526,-0.0010832833431588806,0.0,0.0004887385439478198,0
2021-06-24 04:00:00+00:00,105.94851061519755,106.2450199128396,105.05899602909503,105.75665283203125,2340400,0.0,0.0,4266.490234375,,339.9376220703125,105.75665283203125,0.001237479146924608,0.2867140983055393,0.005811249724885448,0.0,0.006182756192082639,0
2021-06-25 04:00:00+00:00,105.56481042813861,106.46304771138097,105.16364958286132,106.39328002929688,2075800,0.0,0.0,4280.7001953125,,339.5198974609375,106.39328002929688,0.00600169040485636,0.2029383967524479,0.0033305973193167304,0.0,-0.0012288272384531895,0
2021-06-28 04:00:00+00:00,106.803152946642,106.82059153982036,105.18109099115763,106.0618896484375,1447000,0.0,0.0,4290.60986328125,,343.6490478515625,106.0618896484375,-0.003119628956282415,0.08309686441016885,0.0023149642620619026,0.0,0.012161733145846343,0
2021-06-29 04:00:00+00:00,105.9049040261945,107.00371491747703,105.76536868249498,105.91361999511719,1743800,0.0,0.0,4291.7998046875,,344.892578125,105.91361999511719,-0.0013989321478700984,0.07756932668994627,0.00027733619326086867,0.0,0.0036186053219464664,0
2021-06-30 04:00:00+00:00,105.59967897598267,106.6025677002984,104.15203628494693,104.23924255371094,2910800,0.0,0.0,4297.5,,344.34857177734375,104.23924255371094,-0.015935189768136647,0.12999806422125648,0.0013281596467464851,0.0,-0.001577321120140418,0
2021-07-01 04:00:00+00:00,104.24798297622583,105.64330347492675,103.90787381258663,104.63169860839844,3211500,0.0,0.0,4319.93994140625,,344.48455810546875,104.63169860839844,0.0037578852697217452,0.13583799817330572,0.0052216268542757405,0.0,0.0003949089360908431,0
2021-07-02 04:00:00+00:00,105.00666520773709,106.2101275876893,104.71887855598396,105.54734802246094,1789900,0.0,0.0,4352.33984375,,348.4386901855469,105.54734802246094,0.008713096967499829,0.14698161535928345,0.007500081663913916,0.0,0.011478401533654647,0
2021-07-06 04:00:00+00:00,105.74794808089209,107.01245574458075,104.86714937083023,106.86420440673828,2864500,0.0,0.0,4343.5400390625,,349.9447021484375,106.86420440673828,0.012399262097429524,0.17539537441174044,-0.0020218560598241897,0.0,0.0043221720357422555,0
2021-07-07 04:00:00+00:00,106.95139119885954,108.0850925657889,106.23628920456278,107.51824188232422,2980300,0.0,0.0,4358.1298828125,,350.68310546875,107.51824188232422,0.006101614344278727,0.17564860488807096,0.003358975310182588,0.0,0.002110057148398514,0
2021-07-08 04:00:00+00:00,106.95142834405858,108.03280100659731,106.82933820409842,107.3613052368164,1927000,0.0,0.0,4320.81982421875,,348.5651550292969,107.3613052368164,-0.0014606943798564922,0.08285330682554364,-0.008561024934316985,0.0,-0.006039499498049938,0
2021-07-09 04:00:00+00:00,107.67522504772631,109.40193180603609,107.2130258311425,109.349609375,2311200,0.0,0.0,4369.5498046875,,350.7413330078125,109.349609375,0.018350344150900044,0.11685090883640026,0.011277947808795874,0.0,0.006243245910029893,0
2021-07-12 04:00:00+00:00,109.74204788647738,111.4687614078967,109.73333191635889,111.11121368408203,2730500,0.0,0.0,4384.6298828125,,352.111328125,111.11121368408203,0.01598144993091797,0.12735049060177983,0.0034511743312370946,0.0,0.003905998490223439,1
2021-07-13 04:00:00+00:00,110.64028337086751,111.0065536902603,109.04438271055518,109.54146575927734,1811300,0.0,0.0,4369.2099609375,,352.111328125,109.54146575927734,-0.014228464494758153,0.21171779762749965,-0.0035168126585656267,0.0,0.0,1
2021-07-14 04:00:00+00:00,109.41938129940412,110.80597900298017,109.21008491372346,110.08216094970703,2133000,0.0,0.0,4374.2998046875,,352.7427978515625,110.08216094970703,0.004923844405330761,0.21147876651588188,0.0011649345752446916,0.0,0.0017933808887236058,1
2021-07-15 04:00:00+00:00,110.16936740257356,111.11121111979314,109.89030333673948,110.69261169433594,1426900,0.0,0.0,4360.02978515625,,350.26519775390625,110.69261169433594,0.005530091079213663,0.20432346889416475,-0.0032622408541723713,0.0,-0.007023814838308495,1
2021-07-16 04:00:00+00:00,110.8582969306203,112.2884942999866,110.64899391259564,110.9978256225586,2633100,0.0,0.0,4327.16015625,,347.42840576171875,110.9978256225586,0.002753516342492658,0.17307964542304669,-0.007538854211077806,0.0,-0.008098983314296038,1
2021-07-19 04:00:00+00:00,110.81470858983464,112.12282937942376,109.69845225817663,110.56180572509766,2878200,0.0,0.0,4258.490234375,,344.58172607421875,110.56180572509766,-0.003935919713269716,0.13172839218690108,-0.015869512427409305,0.0,-0.008193572086481526,0
2021-07-20 04:00:00+00:00,111.5210831259402,112.38443655439825,110.71005213150619,111.61701202392578,2453100,0.0,0.0,4323.06005859375,,348.58447265625,111.61701202392578,0.009498783398932292,0.07843894748321875,0.015162609437855634,0.0,0.011616247407064018,0
2021-07-21 04:00:00+00:00,111.42516007670507,111.8001530648562,110.26530392334644,110.66645812988281,1863500,0.0,0.0,4358.68994140625,,351.27581787109375,110.66645812988281,-0.008552679942096712,0.11541149304888862,0.008241819990835397,0.0,0.007720783413946775,0
2021-07-22 04:00:00+00:00,110.48331609946919,111.0763280752896,110.1519229446973,110.90190887451172,1448900,0.0,0.0,4367.47998046875,,353.5977478027344,110.90190887451172,0.002125310904609091,0.10947997103053292,0.0020166699583279435,0.0,0.006609990820639622,0
2021-07-23 04:00:00+00:00,111.29434281978034,111.70421295571872,110.46586661802212,111.52980041503906,1496400,0.0,0.0,4411.7900390625,,357.7268981933594,111.52980041503906,0.005645716703995595,0.11520938476214809,0.010145452020822843,0.0,0.01167753589010001,0
2021-07-26 04:00:00+00:00,111.13736218100352,111.6780450166069,110.77108522216811,111.60828399658203,1874500,0.0,0.0,4422.2998046875,,358.0086669921875,111.60828399658203,0.0007034530657226433,0.10722981806833728,0.0023821998626283314,0.0,0.0007876645570996654,0
2021-07-27 04:00:00+00:00,111.27689365757504,112.80303327516741,110.9193459657411,112.66349792480469,1631900,0.0,0.0,4401.4599609375,,354.06414794921875,112.66349792480469,0.009410204939224768,0.10683465216698941,-0.0047124448070912095,0.0,-0.01101794287861424,0
2021-07-28 04:00:00+00:00,112.61118315060227,112.61118315060227,110.90190825951856,111.30306243896484,1914300,0.0,0.0,4400.64013671875,,355.4243469238281,111.30306243896484,-0.012148708413776865,0.12956183021065548,-0.0001862618826539153,0.0,0.0038416738392965666,0
2021-07-29 04:00:00+00:00,111.58212284656058,112.00071560555652,111.06760119416724,111.52980041503906,1330200,0.0,0.0,4419.14990234375,,356.0558776855469,111.52980041503906,0.0020350504088294096,0.12952047915538115,0.004206152980007483,0.0,0.0017768359629399821,0
2021-07-30 04:00:00+00:00,111.7652798271325,112.92514267490779,111.5298155465159,111.6606216430664,2156500,0.0,0.0,4395.259765625,,354.2001647949219,111.6606216430664,0.001172283665246374,0.1234437571037797,-0.0054060480514769305,0.0,-0.005211858606822051,0
2021-08-02 04:00:00+00:00,112.25363623981838,113.02106746315346,111.66934685180651,112.02690124511719,2059100,0.0,0.0,4387.16015625,,354.2292785644531,112.02690124511719,0.0032749249907898367,0.12539372760157513,-0.001842805614891363,0.0,8.219581023660716e-05,0
2021-08-03 04:00:00+00:00,112.55887745633208,113.09083114456743,111.73039445079046,113.08211517333984,1888600,0.0,0.0,4423.14990234375,,356.3763732910156,113.08211517333984,0.009375205613323244,0.1252415760989987,0.0082034265474622,0.0,0.0060613135516742744,0
2021-08-04 04:00:00+00:00,113.15187640794593,113.5181467810023,112.06178125950716,112.41060638427734,1854300,0.0,0.0,4402.66015625,,356.891357421875,112.41060638427734,-0.0059559418988991905,0.08694844393015462,-0.004632387901412294,0.0,0.0014450568821486875,0
2021-08-05 04:00:00+00:00,112.97746590312275,113.82338081826322,112.33212477303675,113.7623291015625,1662100,0.0,0.0,4429.10009765625,,359.1551208496094,113.7623291015625,0.011953143806441028,0.11218833695873148,0.006005446813494242,0.0,0.006343004336354374,0
2021-08-06 04:00:00+00:00,113.29140932373949,113.76232456264951,112.32340432064504,113.11699676513672,3207800,0.0,0.0,4436.52001953125,,357.5810852050781,113.11699676513672,-0.005688786973686061,0.1318033586588064,0.001675266241764728,0.0,-0.00438260671547086,0
2021-08-09 04:00:00+00:00,113.16930372585188,113.51812879535474,112.60244635438045,113.37859344482422,1055600,0.0,0.0,4432.35009765625,,358.2417907714844,113.37859344482422,0.002309950456567441,0.13166619379953345,-0.0009399082741974318,0.0,0.001847708376485624,0
2021-08-10 04:00:00+00:00,113.37861495275146,113.53559557858338,112.27980379923186,112.80305480957031,2259300,0.0,0.0,4436.75,,356.4056091308594,112.80305480957031,-0.0050891828040778315,0.12314972487868447,0.0009926793341701323,0.0,-0.005125537243074629,0
2021-08-11 04:00:00+00:00,113.43094715322253,113.64023690535443,112.00072954391833,112.41060638427734,2527300,0.0,0.0,4442.41015625,,355.79345703125,112.41060638427734,-0.0034851244852445837,0.11735913444640406,0.0012757437876824707,0.0,-0.0017175714520940577,0
2021-08-12 04:00:00+00:00,112.8291965254844,113.51813070674083,112.11408782209229,113.4309310913086,1422000,0.0,0.0,4460.830078125,,357.075927734375,113.4309310913086,0.009035819190292046,0.0990370567663725,0.004146380281677686,0.0,0.0036045370643573715,0
2021-08-13 04:00:00+00:00,113.6576981762861,115.18383159924373,113.28269847280912,115.09661865234375,1557600,0.0,0.0,4468.0,,358.3292236328125,115.09661865234375,0.014577822771413505,0.1321835563037334,0.001607306655808216,0.0,0.0035098862765394756,0
2021-08-16 04:00:00+00:00,115.27099400329693,116.77969499498042,115.12274268691858,116.58783721923828,2972200,0.0,0.0,4479.7099609375,,358.4847412109375,116.58783721923828,0.012873018643276555,0.14680691639690419,0.002620850702215849,0.0,0.00043400752120725805,0
2021-08-17 04:00:00+00:00,116.28261457518084,117.02388452295548,116.01227313513867,116.9279556274414,2541600,0.0,0.0,4448.080078125,,355.3271484375,116.9279556274414,0.002913024807180226,0.11840462851472945,-0.00706069881494753,0.0,-0.008808165063794227,0
2021-08-18 04:00:00+00:00,116.88433151659643,117.28549228458279,115.07914132771327,115.55005645751953,2719300,0.0,0.0,4400.27001953125,,351.9072265625,115.55005645751953,-0.011854155950853084,0.16970306322681408,-0.010748470745585936,0.0,-0.009624713141223817,0
2021-08-19 04:00:00+00:00,115.14892309140808,116.29135396711015,115.00940102774419,116.11692810058594,1473800,0.0,0.0,4405.7998046875,,353.607421875,116.11692810058594,0.0048938589633024145,0.1668029914171327,0.0012566922329095842,0.0,0.004831373680807438,0
2021-08-20 04:00:00+00:00,116.07331275647017,117.4337490916658,115.0965786565475,117.0761947631836,2488600,0.0,0.0,4441.669921875,,357.2701721191406,117.0761947631836,0.008227275845187568,0.14810969971694726,0.008141567655737925,0.0,0.010358239158892335,0
2021-08-23 04:00:00+00:00,116.98901364259794,117.46865820057843,116.09950552433565,116.32624053955078,1583500,0.0,0.0,4479.52978515625,,362.61370849609375,116.32624053955078,-0.0064262980254033465,0.13303670808540033,0.00852379036424833,0.0,0.014956570108436651,0
2021-08-24 04:00:00+00:00,116.32623679622168,116.36111398712228,113.94547263918227,114.02395629882812,1986600,0.0,0.0,4486.22998046875,,363.72137451171875,114.02395629882812,-0.019990092811804975,0.18556231446559343,0.0014957363013194946,0.0,0.0030546722026008055,0
2021-08-25 04:00:00+00:00,113.83209228515625,114.52103985607948,113.09955155468683,113.83209228515625,2242200,0.0,0.0,4496.18994140625,,364.1391296386719,113.83209228515625,-0.0016840813330183987,0.17578805654534754,0.002220118224179668,0.0,0.001148558089317575,0
2021-08-26 04:00:00+00:00,113.9977811641498,114.41637393799273,113.0820986595736,113.91056823730469,2526400,0.0,0.0,4470.0,,361.8268737792969,113.91056823730469,0.0006891634186972175,0.16617031848188815,-0.005824918819612557,0.0,-0.006349924166813348,0
2021-08-27 04:00:00+00:00,114.63440396799841,114.73906215163812,113.85825674903421,114.51231384277344,1646100,0.0,0.0,4509.3701171875,,365.3438415527344,114.51231384277344,0.005268710314762845,0.15348124252477763,0.008807632480425154,0.0,0.009720029186065293,0
2021-08-30 04:00:00+00:00,114.51229650491966,116.76225416354453,114.48613528967711,116.62271881103516,1491800,0.0,0.0,4528.7900390625,,369.4438781738281,116.62271881103516,0.018261737252039344,0.2192276710441316,0.004306570844779589,0.0,0.011222405183205941,0
2021-08-31 04:00:00+00:00,116.58785435600717,117.75643312051162,115.78554595171344,117.43376922607422,2890900,0.0,0.0,4522.68017578125,,369.142578125,117.43376922607422,0.006930409561440052,0.12269251288444172,-0.0013491160395050494,0.0,-0.0008155502543917281,0
2021-09-01 04:00:00+00:00,117.73028159382872,120.40756179216494,117.36401120346706,120.16336822509766,3575500,0.0,0.0,4524.08984375,,369.754638671875,120.16336822509766,0.022977710286897577,0.14886717026698582,0.0003116886257619189,0.0,0.0016580600102644727,0
2021-09-02 04:00:00+00:00,120.12845196076594,120.91331492671009,119.36975020656514,120.75634765625,2758800,0.0,0.0,4536.9501953125,,369.5798645019531,120.75634765625,0.004922640942234087,0.1328826143553666,0.002842638410522902,0.0,-0.00047267607121748156,0
2021-09-03 04:00:00+00:00,120.38137123885402,121.50635678724969,119.13430888341591,121.20985412597656,2520000,0.0,0.0,4535.43017578125,,370.71661376953125,121.20985412597656,0.0037485152671590883,0.13784347987068482,-0.0003350311257153127,0.0,0.0030757878790557136,0
2021-09-07 04:00:00+00:00,120.52961819749491,120.6865854750899,118.55871811109719,120.04124450683594,2737500,0.0,0.0,4520.02978515625,,371.2411193847656,120.04124450683594,-0.009687987047029348,0.18465084051204256,-0.003395574405981705,0.0,0.0014148424854798503,0
2021-09-08 04:00:00+00:00,119.66629494637057,121.74184052097206,119.36106295946098,120.81742858886719,2030700,0.0,0.0,4514.06982421875,,369.94915771484375,120.81742858886719,0.006445163538870278,0.18449215854074263,-0.001318566739775151,0.0,-0.003480114681431168,0
2021-09-09 04:00:00+00:00,119.99768279732831,120.34650793237293,117.459938023377,117.48609924316406,2566600,0.0,0.0,4493.27978515625,,368.6763000488281,117.48609924316406,-0.02796052921957419,0.23194337435431917,-0.004605608657393345,0.0,-0.0034406286363185545,0
2021-09-10 04:00:00+00:00,117.84362105694113,118.02674954479166,116.43957832052409,116.53550720214844,1963500,0.0,0.0,4458.580078125,,365.87811279296875,116.53550720214844,-0.008124012852252203,0.2165093822377272,-0.007722578759925436,0.0,-0.0075898213568075246,0
2021-09-13 04:00:00+00:00,117.52968652282672,117.68665381592116,115.6459991647508,115.79425048828125,1713800,0.0,0.0,4468.72998046875,,365.6256408691406,115.79425048828125,-0.006381095873947443,0.1954005708767981,0.0022764876184568905,0.0,-0.00069004380147486,0
2021-09-14 04:00:00+00:00,116.2041472391953,116.57041762616952,114.86987179135137,115.59369659423828,1781400,0.0,0.0,4443.0498046875,,364.5860900878906,115.59369659423828,-0.0017334865259258443,0.20204668622643168,-0.00574663850657553,0.0,-0.0028432108283731328,0
2021-09-15 04:00:00+00:00,115.99481820975674,117.11980364571626,115.1663487122596,116.23899841308594,2223700,0.0,0.0,4480.7001953125,,367.29669189453125,116.23899841308594,0.005566975662201946,0.19827520442379737,0.008473996979569742,0.0,0.007434737309882422,0
2021-09-16 04:00:00+00:00,116.2390137975382,117.16780218467383,115.32774013354343,116.16891479492188,2126400,0.63,0.0,4473.75,,367.5492248535156,116.16891479492188,-0.0006031087265578135,0.08535925380997568,-0.0015511404489350067,0.0,0.0006875448773626669,0
2021-09-17 04:00:00+00:00,115.10868311391303,115.78337429979608,113.70674320391683,114.00465393066406,8745900,0.0,0.0,4432.990234375,,363.1966552734375,114.00465393066406,-0.01880602244131369,0.1446944477735089,-0.009110872450405094,0.0,-0.011842140550868518,0
2021-09-20 04:00:00+00:00,112.9970191420884,114.14486197318365,111.89297649170727,113.08463287353516,2159500,0.0,0.0,4357.72998046875,,355.6918640136719,113.08463287353516,-0.008102769652646538,0.1466884957689075,-0.01697731100841482,0.0,-0.020663161818259446,0
2021-09-21 04:00:00+00:00,113.58409104910186,114.64430685119547,112.86558620402998,112.90064239501953,1793900,0.0,0.0,4354.18994140625,,356.1295166015625,112.90064239501953,-0.0016283407753102533,0.14682590431962714,-0.0008123585165593639,0.0,0.0012304261979796394,0
2021-09-22 04:00:00+00:00,113.54903580491953,114.41649604388155,112.94444352049324,113.91704559326172,2840600,0.0,0.0,4395.64013671875,,359.4559326171875,113.91704559326172,0.008962352193001854,0.1629034894165358,0.009519611195260236,0.0,0.009340467050774182,0
2021-09-23 04:00:00+00:00,113.77686458366155,114.05724727280224,112.88311885761185,112.89187622070312,2275200,0.0,0.0,4448.97998046875,,362.7726745605469,112.89187622070312,-0.009040000242410733,0.16271507501337765,0.012134715784494876,0.0,0.009227116990976558,0
2021-09-24 04:00:00+00:00,112.81300560023797,113.19854344789997,111.68268419823644,112.06822204589844,2092800,0.0,0.0,4455.47998046875,,363.1130065917969,112.06822204589844,-0.007322701773727858,0.11913189030117141,0.001461009046688222,0.0,0.0009381413075344458,0
2021-09-27 04:00:00+00:00,111.50745307245742,112.61148911456367,110.48227340513962,110.56990051269531,2126900,0.0,0.0,4443.10986328125,,360.21466064453125,110.56990051269531,-0.013459906477025373,0.13709650406696788,-0.0027763826213396126,0.0,-0.007981939216305411,0
2021-09-28 04:00:00+00:00,109.7462546070716,110.54361583338077,108.56336218184165,110.03540802001953,3054100,0.0,0.0,4352.6298828125,,350.0214538574219,110.03540802001953,-0.00484569969861476,0.13473660403348772,-0.020364110556098214,0.0,-0.02829759002276777,0
2021-09-29 04:00:00+00:00,110.47350920941925,111.54249567938655,110.30702573737241,110.78894805908203,1608200,0.0,0.0,4359.4599609375,,349.4476318359375,110.78894805908203,0.006824817491276864,0.12077141353622994,0.0015691842194003325,0.0,-0.0016393910006388124,0
2021-09-30 04:00:00+00:00,111.45487868778608,111.87546608715947,109.84264147437628,109.90397644042969,3214000,0.0,0.0,4307.5400390625,,348.1636962890625,109.90397644042969,-0.008019979472448462,0.11913031433017288,-0.011909714125195148,0.0,-0.0036741858576331277,0
2021-10-01 04:00:00+00:00,110.14931178349978,111.58630808777745,108.83498540629391,110.78018951416016,1708700,0.0,0.0,4357.0400390625,,350.32293701171875,110.78018951416016,0.007940920222388974,0.14889075943221883,0.01149147763018199,0.0,0.006201797446634183,0
2021-10-04 04:00:00+00:00,110.25445112822523,111.4636288880598,109.75500741383604,111.13066864013672,2061900,0.0,0.0,4300.4599609375,,342.9698486328125,111.13066864013672,0.003158740588941996,0.11289235721042624,-0.012985898136748442,0.0,-0.02098945744640257,0
2021-10-05 04:00:00+00:00,111.45487411305493,111.80536248397843,110.20188269938494,110.78018951416016,1924300,0.0,0.0,4345.72021484375,,347.5995788574219,110.78018951416016,-0.0031587405889418932,0.1079030632928607,0.010524514660609219,0.0,0.013498942379526868,0
2021-10-06 04:00:00+00:00,110.5436001933695,112.00688177669903,109.08907597161046,111.97183227539062,2242600,0.0,0.0,4363.5498046875,,349.8269348144531,111.97183227539062,0.010699378794231659,0.122771651444934,0.004102792854185466,0.0,0.006407821218750387,0
2021-10-07 04:00:00+00:00,112.88310606553983,114.85459550928398,112.88310606553983,113.36502838134766,2559200,0.0,0.0,4399.759765625,,353.0365905761719,113.36502838134766,0.012365609909149216,0.09980926730024851,0.008298280656405366,0.0,0.009174981804706217,1
2021-10-08 04:00:00+00:00,112.99701975212514,113.24235959353022,112.41871296737659,112.6202392578125,1403400,0.0,0.0,4391.33984375,,351.27618408203125,112.6202392578125,-0.006591507738053094,0.1319860939004721,-0.0019137230947889883,0.0,-0.004986470357839057,1
2021-10-11 04:00:00+00:00,112.15584555748424,113.18977584110834,111.5249678566219,112.9794921875,1468600,0.0,0.0,4361.18994140625,,348.5819396972656,112.9794921875,0.003184872881335827,0.13198452842783,-0.006865763848056816,0.0,-0.007669874892903272,1
2021-10-12 04:00:00+00:00,113.32121380100702,116.50188768641571,112.89186240173116,115.91481018066406,2700100,0.0,0.0,4350.64990234375,,347.36614990234375,115.91481018066406,0.025649209136422803,0.18921708885213503,-0.0024167805585421087,0.0,-0.003487816368162311,1
2021-10-13 04:00:00+00:00,115.6957582156184,117.56210585610894,115.5030026570409,117.32552337646484,2165400,0.0,0.0,4363.7998046875,,350.1478271484375,117.32552337646484,0.012096796270244358,0.19023646664840174,0.00302251448379387,0.0,0.008007911095758047,1
2021-10-14 04:00:00+00:00,117.50078291896983,119.19187643209854,117.24667233335802,118.92900848388672,1997400,0.0,0.0,4438.259765625,,356.5964050292969,118.92900848388672,0.013574425149892634,0.19163569751000012,0.01706310194558336,0.0,0.018416729680649002,1
2021-10-15 04:00:00+00:00,121.40869435491813,121.86433119737524,119.04290978488213,120.0242691040039,3509000,0.0,0.0,4471.3701171875,,358.8432312011719,120.0242691040039,0.00916721713502663,0.13086188316006095,0.007460210377712606,0.0,0.006300753849973306,0
2021-10-18 04:00:00+00:00,119.91915403054166,123.38021124480414,119.39341806659404,122.48646545410156,2614700,0.0,0.0,4486.4599609375,,362.45166015625,122.48646545410156,0.020306572924629698,0.10629194710232752,0.00337476955709759,0.0,0.010055725289841666,0
2021-10-19 04:00:00+00:00,122.66167888789504,122.81063424179506,121.59269258812641,121.89936065673828,1843500,0.0,0.0,4519.6298828125,,365.1944885253906,121.89936065673828,-0.004804746135875033,0.14705343197823587,0.007393339551406308,0.0,0.007567432214155678,0
2021-10-20 04:00:00+00:00,122.61785871977615,125.69337682066089,121.92563952255836,125.6670913696289,2646500,0.0,0.0,4536.18994140625,,364.7178955078125,125.6670913696289,0.030440486717456947,0.20802139675348202,0.0036640298040166996,0.0,-0.0013050389109171556,0
2021-10-21 04:00:00+00:00,126.40311238237751,127.88392186984387,126.02634533267545,126.99894714355469,2939800,0.0,0.0,4549.77978515625,,366.9451904296875,126.99894714355469,0.010542517842637218,0.20928026352860796,0.002995871849622578,0.0,0.006106897822421908,0
2021-10-22 04:00:00+00:00,126.97269231977245,127.82262443925073,125.90370580599605,126.17533111572266,2163100,0.0,0.0,4544.89990234375,,363.8619689941406,126.17533111572266,-0.006506339735355454,0.2529946539546955,-0.0010725536274130976,0.0,-0.008402403181620888,0
2021-10-25 04:00:00+00:00,126.36808450478267,127.24430197417098,125.4831096739068,127.13916015625,1793600,0.0,0.0,4566.47998046875,,367.587158203125,127.13916015625,0.007609779344721869,0.23587265815372024,0.004748196569493546,0.0,0.010237918569182325,0
2021-10-26 04:00:00+00:00,127.13041539416703,128.69885247197263,126.92888907864607,128.12930297851562,1776800,0.0,0.0,4574.7900390625,,368.7446594238281,128.12930297851562,0.0077576977259333655,0.21019540262521397,0.0018197952535197182,0.0,0.003148916372273103,0
2021-10-27 04:00:00+00:00,128.67253002156173,128.7075728346138,125.67585475997478,126.0526351928711,2049800,0.0,0.0,4551.68017578125,,369.6005554199219,126.0526351928711,-0.016340374202762863,0.18388047012318426,-0.005051568068462853,0.0,0.0023211075041225104,0
2021-10-28 04:00:00+00:00,126.63971141036538,128.57615792543447,126.36808613056323,128.5148162841797,1895700,0.0,0.0,4596.419921875,,373.7051086425781,128.5148162841797,0.019344640162406907,0.2207482096511303,0.009829281576461124,0.0,0.011105376229732178,0
2021-10-29 04:00:00+00:00,127.91023465812086,128.4622559949807,126.71857825110234,127.0165023803711,3743200,0.0,0.0,4605.3798828125,,375.54327392578125,127.0165023803711,-0.011727181490897938,0.23652621105321608,0.001949334719149265,0.0,0.0049187587771544194,0
2021-11-01 04:00:00+00:00,127.31437642631255,127.61228709965476,124.42285666089441,126.81492614746094,1915800,0.0,0.0,4613.669921875,,376.8271789550781,126.81492614746094,-0.0015882688479823214,0.23006403075964899,0.0018000771431341267,0.0,0.003418793833998013,0
2021-11-02 04:00:00+00:00,127.19173874222066,128.9967446989039,126.49076205039712,128.83026123046875,1720100,0.0,0.0,4630.64990234375,,378.4028015136719,128.83026123046875,0.015766984343892905,0.2539818271164018,0.0036803630854131963,0.0,0.004181286930955652,0
2021-11-03 04:00:00+00:00,129.1719783633338,129.78532792089598,127.84889479130555,129.37350463867188,1739300,0.0,0.0,4660.56982421875,,382.4198913574219,129.37350463867188,0.004207872088452495,0.2016322451001343,0.006461279195357994,0.0,0.010615909363463905,0
2021-11-04 04:00:00+00:00,129.36475788781996,130.50384337101772,128.7864510989631,129.5662841796875,1598800,0.0,0.0,4680.06005859375,,387.3219299316406,129.5662841796875,0.001488991533614185,0.15780793606479004,0.004181942361150437,0.0,0.01281847175056372,0
2021-11-05 04:00:00+00:00,130.5038225367363,130.63524979957717,128.3045082917438,128.53233337402344,2048400,0.0,0.0,4697.52978515625,,387.6915283203125,128.53233337402344,-0.008012102866416307,0.13909209349445606,0.003732799652949259,0.0,0.0009542408010232428,0
2021-11-08 05:00:00+00:00,129.01426924418465,129.9342869212518,127.8050848183003,129.7415313720703,1166900,0.0,0.0,4701.7001953125,,387.166259765625,129.7415313720703,0.00936375683558692,0.14115941130656,0.0008877879113036169,0.0,-0.0013548620909082931,0
2021-11-09 05:00:00+00:00,130.19711751160472,130.54761243238272,129.51366912860527,130.07444763183594,1761600,0.0,0.0,4685.25,,384.50128173828125,130.07444763183594,0.0025627095242078198,0.10036448431045156,-0.003498775895770745,0.0,-0.006883290989656565,0
2021-11-10 05:00:00+00:00,129.5574974042207,131.10840585132078,129.5574974042207,130.3548583984375,1453400,0.0,0.0,4646.7099609375,,378.8502197265625,130.3548583984375,0.002153451001651623,0.0984586191125273,-0.008225823395229703,0.0,-0.014697121388441148,0
2021-11-11 05:00:00+00:00,130.33732582427277,130.51256661356288,129.25958226862423,130.47752380371094,1291500,0.0,0.0,4649.27001953125,,379.9007263183594,130.47752380371094,0.0009405689069815724,0.09854341239115585,0.0005509400447352153,0.0,0.002772881041365416,0
2021-11-12 05:00:00+00:00,130.6615636701177,131.36254042109863,129.28590899646034,130.3899383544922,1690000,0.0,0.0,4682.85009765625,,383.8982849121094,130.3899383544922,-0.0006714938826421451,0.060988709944007985,0.007222656026415475,0.0,0.010522640039387632,0
2021-11-15 05:00:00+00:00,130.4249787898912,131.65167792840498,129.78533039550675,131.6078643798828,1502100,0.0,0.0,4682.7998046875,,383.81060791015625,131.6078643798828,0.009297290173839932,0.060543040889789075,-1.0739820344718431e-05,0.0,-0.00022838602150354603,0
2021-11-16 05:00:00+00:00,131.7042660391933,132.24751667576678,130.41622509052686,130.96824645996094,1318200,0.0,0.0,4700.89990234375,,386.5438537597656,130.96824645996094,-0.004871876447526909,0.08201486331696227,0.003865229864862485,0.0,0.007121340039275781,0
2021-11-17 05:00:00+00:00,130.34614320211483,132.09857864195513,127.97160066834316,131.765625,2039700,0.0,0.0,4688.669921875,,386.7481384277344,131.765625,0.006069875831267823,0.08880486957867026,-0.002601625374463401,0.0,0.000528490276023641,0
2021-11-18 05:00:00+00:00,131.8707731670276,132.9397599061561,131.0033127695316,131.9408721923828,1464400,0.0,0.0,4704.5400390625,,390.7552795410156,131.9408721923828,0.0013291080807403708,0.0885130719333017,0.0033847802152713324,0.0,0.01036111286681729,0
2021-11-19 05:00:00+00:00,132.63301077580945,132.63301077580945,130.48628102672453,131.6253662109375,1979900,0.0,0.0,4697.9599609375,,392.9339904785156,131.6253662109375,-0.0023941316160961726,0.0928117830092724,-0.001398665559303236,0.0,0.005575640436795037,0
2021-11-22 05:00:00+00:00,131.81816934115758,133.71955980554182,130.95070916016346,132.22122192382812,1588500,0.0,0.0,4682.93994140625,,388.3723449707031,132.22122192382812,0.004516690779152682,0.07281260687560945,-0.0031971365563219223,0.0,-0.011609190394186397,0
2021-11-23 05:00:00+00:00,132.19493001369713,134.2715745813635,131.12594359355307,133.69326782226562,1908200,0.0,0.0,4690.7001953125,,386.60223388671875,133.69326782226562,0.011071686518747244,0.08036182647407045,0.001657132912945114,0.0,-0.004557768097823489,0
2021-11-24 05:00:00+00:00,133.789644828143,135.69979245508176,132.9484701917734,135.3843536376953,1256100,0.0,0.0,4701.4599609375,,387.84710693359375,135.3843536376953,0.012569667233345481,0.10092221012536923,0.0022938506357221833,0.0,0.003220035834660351,0
2021-11-26 05:00:00+00:00,134.21896001631578,134.35040063373597,131.2310691751791,131.32745361328125,1767300,0.0,0.0,4594.6201171875,,380.4940185546875,131.32745361328125,-0.030423947025237624,0.2781420931364696,-0.022724822637582465,0.0,-0.01895872947729693,0
2021-11-29 05:00:00+00:00,132.5191323863599,134.9637731970798,131.82691311137722,134.30661010742188,3045500,0.0,0.0,4655.27001953125,,388.75164794921875,134.30661010742188,0.022431471100501522,0.3222600059265899,0.013200199537034996,0.0,0.02170238950377712,0
2021-11-30 05:00:00+00:00,133.2639570912164,134.48189925361473,132.03725756434832,132.08982849121094,5225900,0.0,0.0,4567.0,,383.0423278808594,132.08982849121094,-0.01664311127491313,0.3537346261108483,-0.01896131033450521,0.0,-0.01468629161696866,0
2021-12-01 05:00:00+00:00,133.37780166750034,137.30325152183713,131.53773994545935,132.9221649169922,3043300,0.0,0.0,4513.0400390625,,376.52569580078125,132.9221649169922,0.006281520710828799,0.3456619668611572,-0.011815187417889228,0.0,-0.01701282496932044,0
2021-12-02 05:00:00+00:00,132.88715586754623,136.44459695526194,132.88715586754623,135.30551147460938,2729700,0.0,0.0,4577.10009765625,,379.2393493652344,135.30551147460938,0.01777153884019414,0.36033715213697115,0.01419443613158311,0.0,0.007207087310951765,0
2021-12-03 05:00:00+00:00,135.59466447535755,138.01302007541085,133.40412062276695,135.51580810546875,2885200,0.0,0.0,4538.43017578125,,372.6449279785156,135.51580810546875,0.0015530289377018482,0.2434472062693933,-0.008448563730297565,0.0,-0.017388547358696882,0
2021-12-06 05:00:00+00:00,135.91887681522812,137.7326537580043,135.60343792822442,137.171875,3254600,0.0,0.0,4591.669921875,,375.6308288574219,137.171875,0.012146403066602108,0.20896304993489392,0.011730872577451423,0.0,0.008012723788040965,0
2021-12-07 05:00:00+00:00,138.11815468619238,139.73914887349792,137.10173928127702,139.58143615722656,2800200,0.0,0.0,4686.75,,386.94256591796875,139.58143615722656,0.017413501102839755,0.11219492278429116,0.020707080374404274,0.0,0.030113974124420073,0
2021-12-08 05:00:00+00:00,139.52012050680568,141.16741382365163,138.8103864113618,139.70413208007812,2202800,0.0,0.0,4701.2099609375,,388.6738586425781,139.70413208007812,0.0008786413957549068,0.13150550503018102,0.0030852853123166657,0.0,0.004474288633772083,0
2021-12-09 05:00:00+00:00,139.37993608442991,139.7041323088007,137.45224672325458,138.0568389892578,2165700,0.0,0.0,4667.4501953125,,382.9547424316406,138.0568389892578,-0.011861366972113152,0.17987926179872518,-0.007181080169894716,0.0,-0.014714434953025157,0
2021-12-10 05:00:00+00:00,138.44237059116873,139.97575127809623,137.6712948816221,139.38868713378906,2024800,0.0,0.0,4712.02001953125,,387.11767578125,139.38868713378906,0.0096008639502064,0.18197015212680456,0.009549073338481762,0.0,0.010870562205800294,0
2021-12-13 05:00:00+00:00,139.1951317144151,142.33567177087653,138.3858081363252,141.70228576660156,2550000,0.63,0.0,4668.97021484375,,381.52496337890625,141.70228576660156,0.01646193655084019,0.193886742202328,-0.009136167611567658,0.0,-0.014447060292602232,0
2021-12-14 05:00:00+00:00,141.2448341877637,141.50874725419166,138.24504962649067,139.63497924804688,3268800,0.0,0.0,4634.08984375,,377.5761413574219,139.63497924804688,-0.014696550973212211,0.21306688130031898,-0.0074706775774360246,0.0,-0.010350101305330983,0
2021-12-15 05:00:00+00:00,140.34752526937925,143.5496371398679,139.9604680120819,143.0042266845703,2979300,0.0,0.0,4709.85009765625,,386.1839294433594,143.0042266845703,0.02384246043700545,0.27257225897434,0.016348464630746795,0.0,0.022797489414960515,0
2021-12-16 05:00:00+00:00,142.8019433363211,144.26225101956342,142.38848256548528,143.61126708984375,3772300,0.0,0.0,4668.669921875,,376.2532958984375,143.61126708984375,0.004235928106751395,0.23200562917848105,-0.008743415379980468,0.0,-0.025714776788448357,0
2021-12-17 05:00:00+00:00,143.2681270513983,145.22106464043168,141.45594486520088,141.79022216796875,6983700,0.0,0.0,4620.64013671875,,374.3760986328125,141.79022216796875,-0.012761458535992903,0.27240901743764223,-0.010287680637092622,0.0,-0.004989184908380739,0
2021-12-20 05:00:00+00:00,140.83137648157248,142.8458999553267,140.05724847310432,141.97499084472656,2230800,0.0,0.0,4568.02001953125,,370.7445373535156,141.97499084472656,0.0013022646497678951,0.24672044791891692,-0.01138805785140995,0.0,-0.009700302162875762,0
2021-12-21 05:00:00+00:00,142.72273637112,143.99830050558754,140.83137061992423,141.44715881347656,2185800,0.0,0.0,4649.22998046875,,379.0420227050781,141.44715881347656,-0.00372470988682162,0.2146842526188942,0.017777934551572505,0.0,0.022380600428511865,0
2021-12-22 05:00:00+00:00,141.89585054662325,142.96908741955772,141.20087886466476,142.7403564453125,2136800,0.0,0.0,4696.56005859375,,383.6581726074219,142.7403564453125,0.009101079313103205,0.13246292522444034,0.010180197220578835,0.0,0.012178464723779259,0
2021-12-23 05:00:00+00:00,142.96906077947577,143.34732589996787,140.99852501108114,142.29168701171875,3047800,0.0,0.0,4725.7900390625,,386.5505065917969,142.29168701171875,-0.0031482060663991667,0.12652954774627131,0.006223699921661829,0.0,0.007538830633316396,0
2021-12-27 05:00:00+00:00,143.04825042031777,145.99525558732216,143.04825042031777,145.9336700439453,1591000,0.0,0.0,4791.18994140625,,392.939208984375,145.9336700439453,0.02527311907034985,0.1913375258559554,0.01383893524747526,0.0,0.016527471271237326,0
2021-12-28 05:00:00+00:00,145.9952489152401,145.9952489152401,144.2886260671367,145.84568786621094,1749300,0.0,0.0,4786.35009765625,,391.1180725097656,145.84568786621094,-0.0006030733704475308,0.19458511494785907,-0.0010101548486260992,0.0,-0.004634651958801528,0
2021-12-29 05:00:00+00:00,145.99522696390966,148.28244218519117,145.64333840612912,147.50830078125,1399600,0.0,0.0,4793.06005859375,,391.05963134765625,147.50830078125,0.011335320341294211,0.17893637417077052,0.0014018951394270118,0.0,-0.00014942076630308776,0
2021-12-30 05:00:00+00:00,147.42913694654322,148.52876356633038,146.63741114956707,147.763427734375,1504800,0.0,0.0,4778.72998046875,,389.8910217285156,147.763427734375,0.0017280829282057325,0.18465904834606478,-0.0029897555945093135,0.0,-0.002988315656907381,0
2021-12-31 05:00:00+00:00,147.86022153274558,149.48766116360522,147.42916298930075,148.10653686523438,2025800,0.0,0.0,4766.18017578125,,387.4563293457031,148.10653686523438,0.0023193248772650603,0.16932682282759806,-0.0026261799136575448,0.0,-0.0062445459041828855,0
2022-01-03 05:00:00+00:00,148.19449215505813,148.69591493377283,142.54679779655237,145.062744140625,3437500,0.0,0.0,4796.56005859375,,391.1861877441406,145.062744140625,-0.02076549144867878,0.188040616735459,0.006374052530970564,0.0,0.009626525922898477,0
2022-01-04 05:00:00+00:00,144.4205482401567,145.44100488090066,140.84017124083704,141.63189697265625,4209300,0.0,0.0,4793.5400390625,,386.1123046875,141.63189697265625,-0.023934950037780244,0.2470816066737556,-0.000629621957060511,0.0,-0.01297050666819366,0
2022-01-05 05:00:00+00:00,141.63189517748688,141.92219818832115,138.43857548148523,138.6848907470703,3818200,0.0,0.0,4700.580078125,,374.25054931640625,138.6848907470703,-0.021027030383896875,0.20905330909385,-0.019392757790687165,0.0,-0.030720998080322914,0
2022-01-06 05:00:00+00:00,138.49136296125553,138.50896074495023,136.6615961522878,137.73483276367188,3090400,0.0,0.0,4696.0498046875,,373.9875793457031,137.73483276367188,-0.006874051622561598,0.1794131654607023,-0.0009637690162076495,0.0,-0.0007026575410068459,0
2022-01-07 05:00:00+00:00,137.673272671382,137.97236793357806,134.97258286019792,135.2364959716797,3449000,0.0,0.0,4677.02978515625,,369.936279296875,135.2364959716797,-0.01830526719163418,0.10522474427682624,-0.004050216740091761,0.0,-0.010832712829436542,0
2022-01-10 05:00:00+00:00,134.04889961675636,134.88461323711672,131.79686624784432,134.61190795898438,4169500,0.0,0.0,4670.2900390625,,370.1796569824219,134.61190795898438,-0.0046291852682736594,0.13762784478016046,-0.0014410312534549607,0.0,0.0006578908292245167,0
2022-01-11 05:00:00+00:00,134.80540501723536,135.40359533817954,133.18674474814603,134.58547973632812,2656500,0.0,0.0,4713.06982421875,,375.7405700683594,134.58547973632812,-0.00019634828530403376,0.1431104045982346,0.009159984668711818,0.0,0.015022200655941509,1
2022-01-12 05:00:00+00:00,134.59431726629902,136.35372010638136,134.59431726629902,134.80545043945312,2635800,0.0,0.0,4726.35009765625,,377.2305908203125,134.80545043945312,0.0016330969410888899,0.12435906632420637,0.002817754443029452,0.0,0.003965557277144871,1
2022-01-13 05:00:00+00:00,134.89341800731412,135.81710722051596,134.5063472190635,134.7262725830078,2108000,0.0,0.0,4659.02978515625,,367.7937316894531,134.7262725830078,-0.0005875216307379237,0.12847849002148692,-0.0142436152864307,0.0,-0.025016155530595552,1
2022-01-14 05:00:00+00:00,134.37440802763726,134.73508887467563,132.4918472998892,134.36561584472656,2330300,0.0,0.0,4662.85009765625,,370.082275390625,134.36561584472656,-0.0026805486879739335,0.03832782112058157,0.0008199802697488323,0.0,0.0062223564568637535,1
2022-01-18 05:00:00+00:00,133.33630300963208,135.13088735873475,132.3950163835823,134.9725341796875,4121300,0.0,0.0,4577.10986328125,,360.8694152832031,134.9725341796875,0.004506746349549294,0.0428282810528217,-0.018387945694007368,0.0,-0.024894086315529806,1
2022-01-19 05:00:00+00:00,137.0134696891634,140.0572419203977,135.04293405679618,135.11331176757812,4361800,0.0,0.0,4532.759765625,,356.90582275390625,135.11331176757812,0.0010424655919740785,0.04239621091627227,-0.009689541868338813,0.0,-0.010983453740978089,0
2022-01-20 05:00:00+00:00,133.70583044776694,138.11312995342675,133.3803317780767,135.59718322753906,3494800,0.0,0.0,4482.72998046875,,352.2701721191406,135.59718322753906,0.003574829821568504,0.04685598923221976,-0.01103737849414832,0.0,-0.012988442158204827,0
2022-01-21 05:00:00+00:00,138.2450668211108,138.90484285765416,136.1513866595742,136.7319793701172,4375000,0.0,0.0,4397.93994140625,,342.50225830078125,136.7319793701172,0.008334052071296292,0.06503876273407885,-0.018914821867908604,0.0,-0.02772847260839273,0
2022-01-24 05:00:00+00:00,136.72317467775096,136.72317467775096,131.18985939713315,134.86700439453125,5717800,0.0,0.0,4410.1298828125,,344.0700988769531,134.86700439453125,-0.013733514480038981,0.13504258519499288,0.002771738943381896,0.0,0.004577606535939971,0
2022-01-25 05:00:00+00:00,132.8436827934195,136.09858820261337,132.64135526157088,135.43881225585938,3755500,0.0,0.0,4356.4501953125,,336.09405517578125,135.43881225585938,0.004230828040298364,0.134571743386586,-0.012171906253646725,0.0,-0.023181449731335957,0
2022-01-26 05:00:00+00:00,135.61476571567664,137.86679906345947,132.58859087090184,133.46829223632812,3698400,0.0,0.0,4349.93017578125,,335.56817626953125,133.46829223632812,-0.014656029972176507,0.17272104405015803,-0.0014966358477518371,0.0,-0.001564677798228109,0
2022-01-27 05:00:00+00:00,133.58264357086696,135.6059457586591,129.83510755995653,130.73240661621094,4062400,0.0,0.0,4326.509765625,,332.1888732910156,130.73240661621094,-0.020711401828881,0.20278873031311623,-0.00538408875771057,0.0,-0.010070391704251946,0
2022-01-28 05:00:00+00:00,131.35703025616408,136.45049587338804,128.77949796287623,136.41531372070312,3645200,0.0,0.0,4431.85009765625,,342.6092529296875,136.41531372070312,0.042551473324349956,0.4093517705080196,0.024347646888076113,0.0,0.03136884006811114,0
2022-01-31 05:00:00+00:00,136.53846833272166,138.35065117695063,135.8522888505275,137.9547882080078,3260500,0.0,0.0,4515.5498046875,,353.5653076171875,137.9547882080078,0.011222000009271949,0.39652417759479053,0.018885951732779516,0.0,0.03197828019475146,0
2022-02-01 05:00:00+00:00,138.4737799526451,138.55294984528015,134.00489589606065,135.05174255371094,3349800,0.0,0.0,4546.5400390625,,355.97088623046875,135.05174255371094,-0.021268026614645354,0.4369826525010856,0.00686300355780145,0.0,0.006803774469541057,0
2022-02-02 05:00:00+00:00,136.10739085691517,138.95762799857326,136.10739085691517,138.40341186523438,2910600,0.0,0.0,4589.3798828125,,358.86322021484375,138.40341186523438,0.024514711903410365,0.44584186445415347,0.00942251544733641,0.0,0.008125198144722345,0
2022-02-03 05:00:00+00:00,137.2861773633005,138.79926461400282,137.03986208278394,137.62046813964844,1968300,0.0,0.0,4477.43994140625,,344.3135986328125,137.62046813964844,-0.005673029633364225,0.396444894330935,-0.024391082077444004,0.0,-0.04054364103772101,0
2022-02-04 05:00:00+00:00,136.38007881881254,137.03985473263245,134.23360569814372,135.0253448486328,1929800,0.0,0.0,4500.52978515625,,348.6571044921875,135.0253448486328,-0.019037165014740245,0.3127774143357229,0.0051569298644233985,0.0,0.012614970412502036,0
2022-02-07 05:00:00+00:00,134.82302179682674,135.817088600993,133.39790992925728,133.7585906982422,3816300,0.0,0.0,4483.8701171875,,345.8523864746094,133.7585906982422,-0.009425887203998423,0.29119158912647947,-0.0037017126347429485,0.0,-0.008044344949354021,0
2022-02-08 05:00:00+00:00,134.2336057560032,134.4447388808597,132.3246557219758,133.0020294189453,2459600,0.0,0.0,4521.5400390625,,349.738037109375,133.0020294189453,-0.005672226338654329,0.2596113906001829,0.008401207191663262,0.0,0.011234997318865902,0
2022-02-09 05:00:00+00:00,134.33041313972177,136.85516551185768,134.33041313972177,136.67921447753906,2278900,0.0,0.0,4587.18017578125,,357.1493225097656,136.67921447753906,0.027272293171549045,0.278140003755972,0.014517207887505545,0.0,0.021190961845745315,0
2022-02-10 05:00:00+00:00,134.2248348527586,135.52678910448077,129.57120715063004,130.57406616210938,3093900,0.0,0.0,4504.080078125,,349.06610107421875,130.57406616210938,-0.04569605750487476,0.4172046124981217,-0.01811572566845976,0.0,-0.02263261030076813,0
2022-02-11 05:00:00+00:00,131.38340615095163,132.0167922168568,127.70624741149226,128.7091064453125,4395500,0.0,0.0,4418.64013671875,,337.9931335449219,128.7091064453125,-0.014385753311329264,0.41249678993048094,-0.01896945434456343,0.0,-0.031721692525343625,0
2022-02-14 05:00:00+00:00,128.47159276853128,130.25739904629796,127.0112985754604,127.85580444335938,3180100,0.0,0.0,4401.669921875,,338.4118957519531,127.85580444335938,-0.0066517681257600774,0.4130325274640556,-0.0038405967262932217,0.0,0.001238966610472847,0
2022-02-15 05:00:00+00:00,128.92024108724297,129.80873465671831,127.75023663050142,128.10211181640625,3064100,0.0,0.0,4471.06982421875,,346.82623291015625,128.10211181640625,0.0019245933290456116,0.42037535483119637,0.01576672117072042,0.0,0.0248641884751315,0
2022-02-16 05:00:00+00:00,128.55076122084373,129.2633171591519,125.56857421259052,127.01128387451172,2245600,0.0,0.0,4475.009765625,,346.738525390625,127.01128387451172,-0.008551762535711875,0.29052977865053553,0.0008812077558950637,0.0,-0.00025288605995954505,0
2022-02-17 05:00:00+00:00,126.01718914104136,126.72095274234519,125.09350025327846,126.0435791015625,2703900,0.0,0.0,4380.259765625,,336.4252624511719,126.0435791015625,-0.007648218878243761,0.09294641472245449,-0.021173138152195015,0.0,-0.029743631538590942,0
2022-02-18 05:00:00+00:00,125.89407414219839,126.88814106897578,124.87361724596485,125.40144348144531,2485200,0.0,0.0,4348.8701171875,,332.58819580078125,125.40144348144531,-0.005107573890197553,0.066457072947491,-0.0071661613961429005,0.0,-0.011405405831993787,0
2022-02-22 05:00:00+00:00,125.85005323493529,127.06404520285274,124.60087912473664,125.24305725097656,3244000,0.0,0.0,4304.759765625,,329.2476806640625,125.24305725097656,-0.0012638318501946861,0.06999133206627546,-0.010142945264832837,0.0,-0.010043997889569445,0
2022-02-23 05:00:00+00:00,125.95561951034665,126.80893080332956,123.66840429648418,123.82674407958984,2362800,0.0,0.0,4225.5,,320.81402587890625,123.82674407958984,-0.01137294388751882,0.06055911864455218,-0.018412122845487655,0.0,-0.025614925420723855,0
2022-02-24 05:00:00+00:00,121.81225145404643,126.39548813783814,121.31081522312077,126.08760070800781,3439800,0.0,0.0,4288.7001953125,,331.5948791503906,126.08760070800781,0.018093545684708848,0.18311589478471002,0.014956856067329216,0.0,0.03360468184627852,0
2022-02-25 05:00:00+00:00,126.54502670228091,130.64442421295,126.37788132166861,130.59164428710938,2934600,0.0,0.0,4384.64990234375,,336.73681640625,130.59164428710938,0.035098326274795366,0.3038000890039537,0.022372677655603468,0.0,0.015506684750482336,0
2022-02-28 05:00:00+00:00,128.8674669950476,129.66798509275654,126.58023791342022,128.30445861816406,4213200,0.0,0.0,4373.93994140625,,337.739990234375,128.30445861816406,-0.01766921284733331,0.3457636154630072,-0.002442603440647617,0.0,0.0029791034993771337,0
2022-03-01 05:00:00+00:00,129.0785768966605,129.92309610912824,127.61828283951749,128.2252655029297,3458300,0.0,0.0,4306.259765625,,332.5686340332031,128.2252655029297,-0.000617418648240047,0.34510548907037536,-0.015473503680411893,0.0,-0.015311649051636511,0
2022-03-02 05:00:00+00:00,128.66512759222084,130.66205361656458,128.19009472152032,129.87911987304688,2816600,0.0,0.0,4386.5400390625,,338.14898681640625,129.87911987304688,0.01281556687406034,0.31556298239344865,0.018642691757321028,0.0,0.0167795522852765,0
2022-03-03 05:00:00+00:00,130.95232267303504,132.37743433798772,129.57999093298054,131.58570861816406,2248600,0.0,0.0,4363.490234375,,333.3185119628906,131.58570861816406,0.013054245118552125,0.30891978518623103,-0.005254666430088317,0.0,-0.014285049022306429,0
2022-03-04 05:00:00+00:00,130.22219410390704,132.79972612530813,129.52723592045834,132.69415283203125,2780800,0.0,0.0,4328.8701171875,,328.48809814453125,132.69415283203125,0.008388461440350362,0.20492599735132094,-0.007934042550334475,0.0,-0.014491885823902706,0
2022-03-07 05:00:00+00:00,132.47421435948056,133.04602825326742,130.67082402598984,130.99632263183594,2590700,0.0,0.0,4201.08984375,,316.3730773925781,130.99632263183594,-0.012877626013622948,0.17480177395063756,-0.029518158313449172,0.0,-0.036881155878660365,0
2022-03-08 05:00:00+00:00,130.4684800736079,132.21909025704255,129.08735619877734,129.30728149414062,3021400,0.0,0.0,4170.7001953125,,314.9026184082031,129.30728149414062,-0.012977652375707114,0.21373906332695383,-0.00723375351819977,0.0,-0.004647863833717958,0
2022-03-09 05:00:00+00:00,131.23385734135198,133.71462190133155,130.47732697210947,132.37747192382812,1895100,0.0,0.0,4277.8798828125,,326.2384948730469,132.37747192382812,0.023465878474029034,0.25757264268682994,0.02569824789143582,0.0,0.0359980381304712,0
2022-03-10 05:00:00+00:00,131.06671599775177,133.30994382201078,130.0022714009692,132.90528869628906,1988400,0.0,0.0,4259.52001953125,,322.61566162109375,132.90528869628906,0.003979282089128934,0.244795472009547,-0.004291813651667864,0.0,-0.011104861348023687,0
2022-03-11 05:00:00+00:00,133.90813769632027,134.19844074636976,129.91428613607482,130.04624938964844,1997400,0.0,0.0,4204.31005859375,,315.92510986328125,130.04624938964844,-0.02174660775974462,0.2853430185635091,-0.012961545123475138,0.0,-0.02073845926820017,0
2022-03-14 04:00:00+00:00,130.54769324585791,132.21913409874622,129.84394280588307,131.22506713867188,2391400,0.0,0.0,4173.10986328125,,309.8578796386719,131.22506713867188,0.009023767046281377,0.2849281967345546,-0.007421002465963666,0.0,-0.019204647035605982,0
2022-03-15 04:00:00+00:00,133.20439479174584,134.46237487215308,131.48897961226248,133.57386779785156,2171300,0.0,0.0,4262.4501953125,,319.5771484375,133.57386779785156,0.01774072288640237,0.2777799477657589,0.021408574170870942,0.0,0.031366860220439996,0
2022-03-16 04:00:00+00:00,134.94618618247173,136.59123688912285,132.94046811201062,135.97544860839844,3752700,0.0,0.0,4357.85986328125,,331.42926025390625,135.97544860839844,0.017819702846390856,0.25825050653503107,0.02238376135718223,0.0,0.03708685641121234,0
2022-03-17 04:00:00+00:00,135.93122978608272,138.57505425136972,134.47227118514604,138.52200317382812,2218700,0.79,0.0,4411.669921875,,335.44158935546875,138.52200317382812,0.018554836189111735,0.27360323562116734,0.01234781757145198,0.0,0.012106140231820994,0
2022-03-18 04:00:00+00:00,138.16827727913122,141.85547479298432,138.16827727913122,141.6167449951172,6604900,0.0,0.0,4463.1201171875,,342.307373046875,141.6167449951172,0.02209524919288064,0.07663005683457853,0.011662294827948783,0.0,0.02046789637682811,0
2022-03-21 04:00:00+00:00,141.87316562996494,142.22686189807968,139.07902582645747,140.5203094482422,2702000,0.0,0.0,4461.18017578125,,341.355712890625,140.5203094482422,-0.007772400322891494,0.19253563695465647,-0.00043466036210393355,0.0,-0.0027801333864920785,0
2022-03-22 04:00:00+00:00,141.60792864463212,142.17382930873407,139.31780044866767,140.29928588867188,3374100,0.0,0.0,4511.60986328125,,348.0643005371094,140.29928588867188,-0.0015741323531538222,0.21449583169372644,0.0113041136006502,0.0,0.019652776834099495,0
2022-03-23 04:00:00+00:00,139.72454280523576,140.6529771324365,138.72536921107215,139.0260009765625,2477400,0.0,0.0,4456.240234375,,343.0621337890625,139.0260009765625,-0.009116924184182158,0.23546223219280554,-0.012272698789159042,0.0,-0.01437138695444451,0
2022-03-24 04:00:00+00:00,139.2647517860242,139.61843464767384,136.26724433488664,137.84115600585938,2515600,0.0,0.0,4520.16015625,,350.687255859375,137.84115600585938,-0.008558994260853424,0.2103907407665098,0.01434391292056647,0.0,0.022226650274964177,0
2022-03-25 04:00:00+00:00,138.07105350179881,139.18518019128,136.42640250068845,139.11444091796875,1896400,0.0,0.0,4543.06005859375,,350.3947448730469,139.11444091796875,0.009194931586503695,0.12302627484408692,0.005066170567449069,0.0,-0.0008341078309541672,0
2022-03-28 04:00:00+00:00,139.29125128890556,142.36833478490738,138.90219211853434,141.78475952148438,2675600,0.0,0.0,4575.52001953125,,355.8161926269531,141.78475952148438,0.01901321928121644,0.19260762635914,0.007144955276586762,0.0,0.015472400294903155,0
2022-03-29 04:00:00+00:00,142.96079895067783,146.0378967580748,141.66984426033662,145.6311492919922,3299900,0.0,0.0,4631.60009765625,,361.9396667480469,145.6311492919922,0.026766920696386087,0.2560483127849752,0.012256547427530462,0.0,0.017209655569311755,0
2022-03-30 04:00:00+00:00,144.77342215874145,145.23322060756456,143.29677550738884,145.13595581054688,2368900,0.0,0.0,4602.4501953125,,357.9418029785156,145.13595581054688,-0.0034061209229710866,0.2351094590214476,-0.0062937001746978805,0.0,-0.011045663509200887,0
2022-03-31 04:00:00+00:00,145.79911538317518,146.35617860678576,142.7131810301565,142.78392028808594,3933500,0.0,0.0,4530.41015625,,353.5052185058594,142.78392028808594,-0.01633848886258482,0.27413166697085867,-0.015652540713177343,0.0,-0.0123947089603349,0
2022-04-01 04:00:00+00:00,143.33214665495265,146.97513075192612,142.01465326925535,146.603759765625,2867300,0.0,0.0,4545.85986328125,,352.8324279785156,146.603759765625,0.02640099500609815,0.30777853609058536,0.0034102225843584133,0.0,-0.0019031982899359035,0
2022-04-04 04:00:00+00:00,146.89558140213256,147.16968764582404,143.3940616796706,144.81765747070312,2448100,0.0,0.0,4582.64013671875,,360.0968017578125,144.81765747070312,-0.012258019171262227,0.33229459532297717,0.008090938687879357,0.0,0.02058873619104884,0
2022-04-05 04:00:00+00:00,144.5700960951338,148.8408840392026,144.31367800801965,147.02822875976562,3289000,0.0,0.0,4525.1201171875,,352.1011962890625,147.02822875976562,0.015149184346722104,0.290235118133139,-0.012551720801807331,0.0,-0.022204044661656153,0
2022-04-06 04:00:00+00:00,145.89636706989901,150.9010578087116,145.02098401031185,150.41473388671875,3123000,0.0,0.0,4481.14990234375,,344.45648193359375,150.41473388671875,0.02277177066760923,0.31818466883479807,-0.009716916613271898,0.0,-0.021711696625968613,0
2022-04-07 04:00:00+00:00,148.93812872869208,150.22024597520914,147.41726812842163,149.28297424316406,3142100,0.0,0.0,4500.2099609375,,345.27557373046875,149.28297424316406,-0.007552710566702624,0.28131005141386556,0.004253385628492534,0.0,0.0023779253398776845,0
2022-04-08 04:00:00+00:00,148.72588277732265,149.77810731249775,147.55871875382687,149.123779296875,1839600,0.0,0.0,4488.27978515625,,340.448974609375,149.123779296875,-0.0010669662097323584,0.23790555623601667,-0.002651026482054286,0.0,-0.013978976470723437,0
2022-04-11 04:00:00+00:00,148.8408334794968,149.73389129790075,145.38352820030872,146.54185485839844,2455300,0.0,0.0,4412.52978515625,,332.394775390625,146.54185485839844,-0.017465608268249663,0.26123865372966476,-0.01687729010355421,0.0,-0.023657581075082534,1
2022-04-12 04:00:00+00:00,146.3650127816419,147.4879765522109,145.31278826746885,146.18817138671875,3062200,0.0,0.0,4397.4501953125,,330.9906311035156,146.18817138671875,-0.002416449370224154,0.2355981802684306,-0.003417447717741773,0.0,-0.004224327188835142,1
2022-04-13 04:00:00+00:00,146.1262700285297,146.82481175548907,144.5877350455531,145.89637756347656,2556500,0.0,0.0,4446.58984375,,337.7187194824219,145.89637756347656,-0.0019980099691139677,0.10854429556678374,0.011174577597236057,0.0,0.020327126349392266,1
2022-04-14 04:00:00+00:00,146.74523832827586,147.11660931469416,143.69466684674336,143.8626708984375,2434100,0.0,0.0,4392.58984375,,329.9961242675781,143.8626708984375,-0.01403745678290769,0.12283444629963303,-0.01214413784439794,0.0,-0.022866944499491115,1
2022-04-18 04:00:00+00:00,143.74775181695864,145.09175743704856,143.40289282475376,144.12796020507812,2502200,0.0,0.0,4391.68994140625,,330.24957275390625,144.12796020507812,0.00184234730596708,0.1335487828862495,-0.0002048682840329885,0.0,0.0007680347364402706,1
2022-04-19 04:00:00+00:00,146.91324092586416,150.49433689908508,146.11744781720842,149.92843627929688,3839500,0.0,0.0,4462.2099609375,,337.6308898925781,149.92843627929688,0.039456571251671624,0.3236511640404151,0.016057604355527166,0.0,0.022350724263229482,0
2022-04-20 04:00:00+00:00,149.99036544363514,153.9339823095593,149.99036544363514,152.6783905029297,4116400,0.0,0.0,4459.4501953125,,332.7068176269531,152.6783905029297,0.0181755974043486,0.3286272008438057,-0.0006184750715809706,0.0,-0.014584187682565641,0
2022-04-21 04:00:00+00:00,154.20807659711303,154.3318669489365,150.98067660819936,151.0072021484375,2620300,0.0,0.0,4393.66015625,,325.8227233886719,151.0072021484375,-0.011006154160145484,0.3524405112928271,-0.014752948498371943,0.0,-0.020691172748975695,0
2022-04-22 04:00:00+00:00,151.30783641775966,152.0859549232227,149.10613558901304,149.19454956054688,3139800,0.0,0.0,4271.77978515625,,317.2908630371094,149.19454956054688,-0.012076376017904485,0.3453085480125411,-0.027740054250753654,0.0,-0.02618559031987744,0
2022-04-25 04:00:00+00:00,149.53054674303243,149.53054674303243,144.4904920033478,148.31031799316406,2558300,0.0,0.0,4296.1201171875,,321.3666687011719,148.31031799316406,-0.005944334143865111,0.3572496242811739,0.005697936985382235,0.0,0.01284564460838511,0
2022-04-26 04:00:00+00:00,148.02737226477075,149.80465079415944,146.21471735617314,146.45346069335938,2605300,0.0,0.0,4175.2001953125,,309.2366638183594,146.45346069335938,-0.01259911832314145,0.20719355816457943,-0.028146308431003852,0.0,-0.0377450621492168,0
2022-04-27 04:00:00+00:00,146.7717941897767,150.54740674455226,146.0821031450472,148.2572784423828,2790900,0.0,0.0,4183.9599609375,,308.8660888671875,148.2572784423828,0.012241428865599693,0.16615411397134544,0.0020980468517017847,0.0,-0.00119835386462952,0
2022-04-28 04:00:00+00:00,149.23875447863065,153.82786163409017,147.4791505957453,152.97900390625,4046000,0.0,0.0,4287.5,,319.83575439453125,152.97900390625,0.03135155019926223,0.3010954676314179,0.02474690007293945,0.0,0.03551592720190366,0
2022-04-29 04:00:00+00:00,150.54738459323806,150.54738459323806,141.16580410483417,141.73170471191406,9997100,0.0,0.0,4131.93017578125,,305.44354248046875,141.73170471191406,-0.07636481561483068,0.6463760846865231,-0.036284507106413955,0.0,-0.044998758632560754,0
2022-05-02 04:00:00+00:00,142.31529341753227,142.73971549953984,132.26171018087774,135.40069580078125,5868000,0.0,0.0,4155.3798828125,,310.543212890625,135.40069580078125,-0.045697367671279146,0.6897951651654047,0.005675242812353654,0.0,0.016695950972616558,0
2022-05-03 04:00:00+00:00,136.2937756290225,136.98346668285248,133.27857985986452,134.71986389160156,4047600,0.0,0.0,4175.47998046875,,310.87481689453125,134.71986389160156,-0.0050409591309005,0.6957322750737837,0.004837126381486367,0.0,0.001067819195980979,0
2022-05-04 04:00:00+00:00,134.83480114511855,135.14427025293776,129.759370157103,134.64910888671875,5070200,0.0,0.0,4300.169921875,,321.38616943359375,134.64910888671875,-0.0005253389488795728,0.6676071387010127,0.02986242108440229,0.0,0.033812171227200594,0
2022-05-05 04:00:00+00:00,134.54300065670571,135.42722119704874,127.51345005940567,128.1942901611328,5461500,0.0,0.0,4146.8701171875,,305.1998291015625,128.1942901611328,-0.04912519626882375,0.5088785215977559,-0.035649708609806985,0.0,-0.05036414715841009,0
2022-05-06 04:00:00+00:00,127.27468968825589,128.00859425749593,123.28684695048334,124.56897735595703,6534300,0.0,0.0,4123.33984375,,301.54327392578125,124.56897735595703,-0.028687407498345453,0.35656316646951436,-0.0056742248424840325,0.0,-0.011980855908554355,0
2022-05-09 04:00:00+00:00,123.22498809472867,123.30456471367651,116.83207668866513,117.04428100585938,5611100,0.0,0.0,3991.239990234375,,289.7448425292969,117.04428100585938,-0.06230726414009949,0.4273784054456533,-0.03203710063235676,0.0,-0.039126826617224775,0
2022-05-10 04:00:00+00:00,118.53862513430443,119.67042655333043,109.85557811175782,110.89012145996094,11362600,0.0,0.0,4001.050048828125,,293.2648010253906,110.89012145996094,-0.05401251904769156,0.3934948826428135,0.0024578974498534745,0.0,0.012148476795537322,0
2022-05-11 04:00:00+00:00,110.9785186067004,114.48886838076308,109.21891492658229,109.41344451904297,8548500,0.0,0.0,3935.179931640625,,284.5671691894531,109.41344451904297,-0.013406038619647957,0.31759747957489626,-0.01646320750393837,0.0,-0.029657946693658843,0
2022-05-12 04:00:00+00:00,109.08629007405632,109.66102802623023,106.47783544236678,109.58145141601562,8153100,0.0,0.0,3930.080078125,,283.89434814453125,109.58145141601562,0.0015343456222181597,0.4261347452807067,-0.0012959645058717717,0.0,-0.0023643663702960227,0
2022-05-13 04:00:00+00:00,110.8016774873068,113.75497095351007,110.11198652195718,113.48971557617188,6521900,0.0,0.0,4023.889892578125,,294.4154052734375,113.48971557617188,0.03504409986585984,0.6386617387212978,0.02386969542307149,0.0,0.03705976254078136,0
2022-05-16 04:00:00+00:00,112.6850796843546,113.62235139705939,110.50989773562,110.7486343383789,3719300,0.0,0.0,4008.010009765625,,291.00262451171875,110.7486343383789,-0.024449143333510222,0.5213209587128395,-0.003946400929555671,0.0,-0.011591719388967192,0
2022-05-17 04:00:00+00:00,111.76546685589695,111.80967383100482,108.96248963273628,111.32335662841797,3838000,0.0,0.0,4088.85009765625,,298.53997802734375,111.32335662841797,0.005176011352501592,0.35776469786055853,0.020169632234863677,0.0,0.0259013248704274,0
2022-05-18 04:00:00+00:00,111.45600955256343,112.11917500389704,105.42562531827913,105.69088745117188,4898000,0.0,0.0,3923.679931640625,,283.884521484375,105.69088745117188,-0.05192041144791356,0.5211508684405985,-0.04039526078745259,0.0,-0.04909043217530629,0
2022-05-19 04:00:00+00:00,104.82435783552306,107.21175082558308,104.52371931494339,105.85889434814453,5056100,0.0,0.0,3900.7900390625,,282.3634033203125,105.85889434814453,0.0015883441794632793,0.5212062135185923,-0.005833781800992588,0.0,-0.005358228606860527,0
2022-05-20 04:00:00+00:00,107.08796047771733,107.34438526860153,104.2319248895164,105.85889434814453,5146000,0.0,0.0,3901.360107421875,,281.4858703613281,105.85889434814453,0.0,0.3850858287616454,0.00014614176965843662,0.0,-0.0031078140745771643,0
2022-05-23 04:00:00+00:00,107.61848658959121,108.03407134390729,104.53255863687545,106.53089904785156,5979100,0.0,0.0,3973.75,,286.16632080078125,106.53089904785156,0.006328053071237715,0.3939601079715939,0.018555039930923556,0.0,0.016627656775258792,0
2022-05-24 04:00:00+00:00,105.43446673407276,106.39827073514323,102.89675782656532,106.17721557617188,5617300,0.0,0.0,3941.47998046875,,280.08172607421875,106.17721557617188,-0.003325531781035648,0.38076804787415636,-0.008120797617175213,0.0,-0.0212624417490358,0
2022-05-25 04:00:00+00:00,105.94729486028609,107.14983522117802,105.16033919344652,106.13298034667969,4249500,0.0,0.0,3978.72998046875,,284.0015869140625,106.13298034667969,-0.0004167037757183773,0.05630147243298839,0.009450764734207695,0.0,0.013995418033110107,0
2022-05-26 04:00:00+00:00,106.65470281148849,109.08630972620401,105.87658428129566,108.19324493408203,5025600,0.0,0.0,4057.840087890625,,291.87042236328125,108.19324493408203,0.019226093753011608,0.14325981390309922,0.019883256167224195,0.0,0.02770701225553296,0
2022-05-27 04:00:00+00:00,108.6883887172121,113.38359769323772,108.64418173721823,112.52590942382812,4177000,0.0,0.0,4158.240234375,,301.39697265625,112.52590942382812,0.039264567947380015,0.2768450879963101,0.02474226295510973,0.0,0.03263965637844368,0
2022-05-31 04:00:00+00:00,111.75663977500854,113.67539683530102,110.73978474779912,112.72044372558594,14792700,0.0,0.0,4132.14990234375,,300.5974426269531,112.72044372558594,0.0017273029943005369,0.28482067495834473,-0.006274368617659065,0.0,-0.0026527473791475575,0
2022-06-01 04:00:00+00:00,113.48972388153281,114.15288935768014,109.4930428341535,111.28800964355469,4044300,0.0,0.0,4101.22998046875,,298.374267578125,111.28800964355469,-0.012789281700700811,0.321046633747176,-0.007482768681131846,0.0,-0.007395854832960569,0
2022-06-02 04:00:00+00:00,111.75664908933419,114.58615251332844,110.93432360266269,114.54193878173828,3674200,0.0,0.0,4176.81982421875,,306.54541015625,114.54193878173828,0.028819511089502602,0.3316314519740101,0.018431018038486124,0.0,0.027385547166816293,0
2022-06-03 04:00:00+00:00,113.2067649890918,114.17941306871823,112.3225443683899,112.80886840820312,3217200,0.0,0.0,4108.5400390625,,298.5693054199219,112.80886840820312,-0.015246076887190717,0.39063995368964316,-0.016347313992415624,0.0,-0.02601932526819628,0
2022-06-06 04:00:00+00:00,113.83455903997941,114.48887361532283,112.54359109390995,113.0652847290039,3212300,0.0,0.0,4121.43017578125,,299.5638427734375,113.0652847290039,0.0022704362353017033,0.2783858685186733,0.003137400778913113,0.0,0.0033310100384125185,0
2022-06-07 04:00:00+00:00,112.40212230374655,114.82488479856335,111.22610731595239,114.66571807861328,3771100,0.0,0.0,4160.68017578125,,302.1478271484375,114.66571807861328,0.014055703251919472,0.2938647613086821,0.009523393173235029,0.0,0.008625821965283942,0
2022-06-08 04:00:00+00:00,113.16255761028606,114.13519894044596,110.04125316341774,110.32420349121094,3238700,0.0,0.0,4115.77001953125,,299.9733581542969,110.32420349121094,-0.0385977606294719,0.41550445472983705,-0.010793945785935621,0.0,-0.007196705714095253,0
2022-06-09 04:00:00+00:00,109.86439537874882,111.48252048708545,107.98984551995991,108.02521514892578,2841000,0.0,0.0,4017.820068359375,,291.9387512207031,108.02521514892578,-0.021058661996701252,0.32554131173068646,-0.02379869397635359,0.0,-0.026784401731639762,0
2022-06-10 04:00:00+00:00,106.10646623735812,106.7873130941115,103.56875082459702,103.666015625,5701500,0.0,0.0,3900.860107421875,,281.64190673828125,103.666015625,-0.04119033012795485,0.3891577023020871,-0.029110303335524668,0.0,-0.03527056425146369,0
2022-06-13 04:00:00+00:00,96.24740862157411,97.51184431868577,94.1341219786212,95.87603759765625,15213000,0.0,0.0,3749.6298828125,,268.5466003417969,95.87603759765625,-0.07811826131726454,0.5319089624481191,-0.038768430665237275,0.0,-0.0464962993190261,0
2022-06-14 04:00:00+00:00,96.57456726426271,98.56406345466746,94.97413026538975,97.84784698486328,6605100,0.0,0.0,3735.47998046875,,269.0340881347656,97.84784698486328,0.020357608349955286,0.5676957290344407,-0.0037736797459957394,0.0,0.0018152819374674944,0
2022-06-15 04:00:00+00:00,99.07684812128225,104.08190123197257,98.57812638590174,102.49666595458984,7486900,0.79,0.0,3789.989990234375,,275.75244140625,102.49666595458984,0.046416580397744975,0.7828690481412045,0.014592504858983224,0.0,0.024972126461978217,0
2022-06-16 04:00:00+00:00,98.3287663754197,101.4903156820172,98.08830639764064,99.5577621459961,5326600,0.0,0.0,3666.77001953125,,264.6268005371094,99.5577621459961,-0.029092270971154136,0.7890211173319233,-0.03251195148816344,0.0,-0.040346481838577364,0
2022-06-17 04:00:00+00:00,100.19006255467468,101.4546821580005,98.07938945747642,98.28422546386719,7180500,0.0,0.0,3674.840087890625,,267.8445129394531,98.28422546386719,-0.012874458939391617,0.7577936013427351,0.002200865698254617,0.0,0.012159435082965242,0
2022-06-21 04:00:00+00:00,99.3796499311554,100.71551765934633,99.19262926455762,100.06539916992188,3729800,0.0,0.0,3764.7900390625,,274.60211181640625,100.06539916992188,0.017960423061331946,0.4721032687048203,0.024477242280086964,0.0,0.025229558757026593,0
2022-06-22 04:00:00+00:00,98.64047113205403,104.00175041728811,98.4267274117274,102.82618713378906,4252600,0.0,0.0,3759.889892578125,,274.2015075683594,102.82618713378906,0.027216095308286448,0.4852349294329395,-0.0013015723144006452,0.0,-0.0014588534858562818,0
2022-06-23 04:00:00+00:00,103.60099301259196,105.75619123699755,102.83509499985702,105.30199432373047,3783700,0.0,0.0,3795.72998046875,,278.2852478027344,105.30199432373047,0.02379229917099579,0.39651771400437696,0.009532217409177868,0.0,0.014893208540645686,0
2022-06-24 04:00:00+00:00,106.4241110781127,109.21161882181096,105.47119253103723,109.17599487304688,4716700,0.0,0.0,3911.739990234375,,287.82025146484375,109.17599487304688,0.03612885356815643,0.29691989897780635,0.03056329358583576,0.0,0.034263417616978264,0
2022-06-27 04:00:00+00:00,108.89100854333371,109.38082933872191,106.67347042195694,107.0564193725586,3782100,0.0,0.0,3900.110107421875,,285.7100830078125,107.0564193725586,-0.019605232623061405,0.34206101524731425,-0.0029730715337762392,0.0,-0.0073315496261701085,0
2022-06-28 04:00:00+00:00,108.35667346169544,109.63020085916364,105.61369032952177,105.94320678710938,3369300,0.0,0.0,3821.550048828125,,277.0054626464844,105.94320678710938,-0.010452813851598741,0.393202845197343,-0.020143036075892073,0.0,-0.030466619412553575,0
2022-06-29 04:00:00+00:00,105.39995042777326,105.77399171849851,103.8592536278257,105.36432647705078,2828300,0.0,0.0,3818.830078125,,277.2593994140625,105.36432647705078,-0.005479045155448141,0.37867418811980125,-0.0007117454091590814,0.0,0.0009167211547094212,0
2022-06-30 04:00:00+00:00,104.42922525995769,106.1213255816834,102.72821725173648,104.77655029296875,4525900,0.0,0.0,3785.3798828125,,273.82061767578125,104.77655029296875,-0.005594130242077415,0.3418764264267238,-0.008759278267998716,0.0,-0.012402759818237019,0
2022-07-01 04:00:00+00:00,104.99027354702785,107.20781157571695,104.42030398780314,106.89611053466797,2672700,0.0,0.0,3825.330078125,,275.62786865234375,106.89611053466797,0.020027443118729796,0.23370668009545187,0.010553814029047315,0.0,0.006600127455348881,0
2022-07-05 04:00:00+00:00,106.31726324756976,108.1696682342966,104.93687059265865,108.14295196533203,4218100,0.0,0.0,3831.389892578125,,280.3465270996094,108.14295196533203,0.011596547985892316,0.2078530282036133,0.0015841285142366157,0.0,0.017119671063514197,0
2022-07-06 04:00:00+00:00,108.33886692145705,110.03986818256091,107.56406124450685,108.1696548461914,2983600,0.0,0.0,3845.080078125,,282.1441345214844,108.1696548461914,0.0002468915833303451,0.17932655601660208,0.0035731642904301975,0.0,0.0064120909235887424,0
2022-07-07 04:00:00+00:00,108.27652477175256,110.3960989425484,108.10731269950564,109.15819549560547,3617400,0.0,0.0,3902.6201171875,,288.18170166015625,109.15819549560547,0.009097292091601554,0.15863188674016215,0.014964587965241805,0.0,0.021398875255413508,0
2022-07-08 04:00:00+00:00,108.24980351144214,109.32740252299803,107.36812603369971,108.27651977539062,2098200,0.0,0.0,3899.3798828125,,288.543212890625,108.27651977539062,-0.00810984162665938,0.17175227189580725,-0.000830271529819071,0.0,0.0012544558810851925,0
2022-07-11 04:00:00+00:00,107.97372247251413,109.2383489545402,107.30578867771665,108.45463562011719,2399400,0.0,0.0,3854.429931640625,,282.378662109375,108.45463562011719,0.0016436574105045977,0.12395089806841435,-0.011527461422777274,0.0,-0.021364393636202905,1
2022-07-12 04:00:00+00:00,107.76888893532457,109.46989006484135,106.8604952057827,107.6798324584961,2661700,0.0,0.0,3818.800048828125,,279.6432189941406,107.6798324584961,-0.007169670691732475,0.11197248982825263,-0.009243878717321574,0.0,-0.009687145249575702,1
2022-07-13 04:00:00+00:00,105.96102844314507,108.52589196874202,105.52464010448708,107.54625701904297,2728900,0.0,0.0,3801.780029296875,,279.0668029785156,107.54625701904297,-0.0012412571071431981,0.11154468320986961,-0.0044569025122100925,0.0,-0.002061255115351379,1
2022-07-14 04:00:00+00:00,105.1595004247393,106.174759269937,104.32235454395123,105.20402526855469,3369900,0.0,0.0,3790.3798828125,,280.0633544921875,105.20402526855469,-0.02201949028703418,0.14505907314890126,-0.00299863390215227,0.0,0.0035710141909950366,1
2022-07-15 04:00:00+00:00,106.90502827543135,108.21417956554816,105.57806840753943,107.76889038085938,2726600,0.0,0.0,3863.159912109375,,285.14349365234375,107.76889038085938,0.024087467796711635,0.2651914690971411,0.01920124935943668,0.0,0.018139249847119787,1
2022-07-18 04:00:00+00:00,109.87065353039982,110.68107629605241,105.98773137924879,106.15693664550781,4337300,0.0,0.0,3830.85009765625,,282.7303771972656,106.15693664550781,-0.015070496784209263,0.2810081246688971,-0.008363571580831342,0.0,-0.008462814368194072,0
2022-07-19 04:00:00+00:00,107.3770384090215,111.5360379447777,106.7803525062023,111.4202651977539,3884600,0.0,0.0,3936.68994140625,,291.42529296875,111.4202651977539,0.04839069115959268,0.4629658959688928,0.02762829164595959,0.0,0.030753383692541103,0
2022-07-20 04:00:00+00:00,111.4202517819721,113.48639316851465,110.4317093242936,110.93933868408203,3235600,0.0,0.0,3959.89990234375,,296.04620361328125,110.93933868408203,-0.0043256711666850535,0.46685484835696195,0.005895806193263242,0.0,0.015856244313793066,0
2022-07-21 04:00:00+00:00,110.99277698037578,111.94569554022463,109.60347693282098,111.92788696289062,3093800,0.0,0.0,3998.949951171875,,300.2960205078125,111.92788696289062,0.008871243935258316,0.3951728057764156,0.00986137270919718,0.0,0.01435524875057248,0
2022-07-22 04:00:00+00:00,112.84519222065528,113.83373482301661,112.22179003654192,113.014404296875,2940600,0.0,0.0,3961.6298828125,,295.0302429199219,113.014404296875,0.009660484720938396,0.3812993761840498,-0.00933246697634671,0.0,-0.01753528927551551,0
2022-07-25 04:00:00+00:00,112.72941713866999,114.29683025332362,112.1683483900002,113.55765533447266,2436200,0.0,0.0,3966.840087890625,,293.34979248046875,113.55765533447266,0.0047954022179604715,0.3221244167041033,0.0013151670479691902,0.0,-0.005695858237520501,0
2022-07-26 04:00:00+00:00,113.89607486743115,114.67087375299208,112.88081600081227,113.62889862060547,3338300,0.0,0.0,3921.050048828125,,287.5858154296875,113.62889862060547,0.0006271787412402255,0.09292619869737394,-0.01154320266205866,0.0,-0.01964881925445716,0
2022-07-27 04:00:00+00:00,113.24593831589684,114.10980034202561,111.57164678663347,113.45076751708984,2087000,0.0,0.0,4023.610107421875,,299.7391052246094,113.45076751708984,-0.0015688867531217382,0.07843563008074877,0.026156273782937722,0.0,0.042259698298274584,0
2022-07-28 04:00:00+00:00,114.91131503707578,118.14411856045238,114.4214942624511,117.91255950927734,2962300,0.0,0.0,4072.429931640625,,302.6700134277344,117.91255950927734,0.03857435221763494,0.2589678244808242,0.012133338697180918,0.0,0.009778197612649642,0
2022-07-29 04:00:00+00:00,117.3159024400453,118.58052228409048,117.11997408217849,118.05508422851562,3273700,0.0,0.0,4130.2900390625,,308.1897888183594,118.05508422851562,0.0012080023711089137,0.2673417015235794,0.014207760082581844,0.0,0.01823694170464263,0
2022-08-01 04:00:00+00:00,117.74335497831011,118.08176546857122,116.45200566021452,116.64793395996094,2615200,0.0,0.0,4118.6298828125,,308.004150390625,116.64793395996094,-0.011991044171340781,0.30657735409604836,-0.0028230841271976725,0.0,-0.0006023510008107413,0
2022-08-02 04:00:00+00:00,116.00674084223924,117.1912117791451,115.16069405563458,115.21412658691406,2829200,0.0,0.0,4091.18994140625,,307.0858459472656,115.21412658691406,-0.012367919499483489,0.33206405065887595,-0.006662395550704803,0.0,-0.0029814677568297254,0
2022-08-03 04:00:00+00:00,116.55890052362784,118.37567440532295,116.08689507826573,116.4164047241211,3589600,0.0,0.0,4155.169921875,,315.4485168457031,116.4164047241211,0.010381092056810457,0.3330605765231634,0.015638477163140152,0.0,0.02723235541071989,0
2022-08-04 04:00:00+00:00,116.16704574099477,116.79934877912775,114.75993027377883,116.44312286376953,2062600,0.0,0.0,4151.93994140625,,316.92376708984375,116.44312286376953,0.00022947860491222158,0.1536176085311159,-0.0007773401640558397,0.0,0.004676675163644006,0
2022-08-05 04:00:00+00:00,115.19630311501935,117.1733879350322,114.45712153013655,117.01307678222656,1687300,0.0,0.0,4145.18994140625,,314.3348083496094,117.01307678222656,0.004882757893705082,0.16124385009617181,-0.0016257460597355333,0.0,-0.008169026778923949,0
2022-08-08 04:00:00+00:00,118.126329409546,119.33751668966377,115.97113111196788,116.86170959472656,2318800,0.0,0.0,4140.06005859375,,313.31884765625,116.86170959472656,-0.001294429476388897,0.13414464974092677,-0.0012375507238541195,0.0,-0.00323209732543972,0
2022-08-09 04:00:00+00:00,117.48513164202863,118.46477357405067,116.52330508763015,118.35789489746094,2458000,0.0,0.0,4122.47021484375,,309.7724304199219,118.35789489746094,0.012721775337624336,0.09728743354614477,-0.004248692893594086,0.0,-0.01131887616355265,0
2022-08-10 04:00:00+00:00,120.39730975073326,120.66448601892148,118.37569274806015,119.7026596069336,2340300,0.0,0.0,4210.240234375,,318.4184875488281,119.7026596069336,0.011297789472607676,0.10042094144630735,0.021290637641290244,0.0,0.027910996201907956,0
2022-08-11 04:00:00+00:00,120.5665088295961,120.94055012903608,118.94564960954145,119.5423355102539,1800700,0.0,0.0,4207.27001953125,,316.611083984375,119.5423355102539,-0.0013402505711767316,0.10613356563282945,-0.0007054739583503,0.0,-0.005676189150845001,0
2022-08-12 04:00:00+00:00,120.75351426514219,122.3832742635186,120.22807630417111,122.22297668457031,2609000,0.0,0.0,4280.14990234375,,322.7757263183594,122.22297668457031,0.022176473620574323,0.15978010115382962,0.017322368774566943,0.0,0.019470709162818123,0
2022-08-15 04:00:00+00:00,122.2318851644394,123.31839189747737,121.6084830034704,123.23824310302734,1973200,0.0,0.0,4297.14013671875,,325.3841247558594,123.23824310302734,0.008272363423066531,0.1344627447457668,0.0039695418998517695,0.0,0.008081148069131183,0
2022-08-16 04:00:00+00:00,122.8819840988515,123.66569731355698,122.05375284261157,122.10718536376953,1821700,0.0,0.0,4305.2001953125,,324.6221618652344,122.10718536376953,-0.009220190154721008,0.19118084560239001,0.0018756797165810912,0.0,-0.002341733454871875,0
2022-08-17 04:00:00+00:00,121.22552899551971,122.86420360003578,120.64665846384402,122.3565673828125,1453500,0.0,0.0,4274.0400390625,,320.9194641113281,122.3565673828125,0.002040237890050994,0.18699363855451342,-0.007237794954094601,0.0,-0.011406176746008523,0
2022-08-18 04:00:00+00:00,123.04232487998212,123.10465830662767,121.492713447527,121.67974090576172,1750600,0.0,0.0,4283.740234375,,321.6912841796875,121.67974090576172,-0.005546946822909141,0.1972144326807543,0.002269561170191503,0.0,0.002405027287754713,0
2022-08-19 04:00:00+00:00,121.8311345391758,121.87566617945487,118.8922229396908,119.40876007080078,2493000,0.0,0.0,4228.47998046875,,315.419189453125,119.40876007080078,-0.018839952946048902,0.16550502600365893,-0.012900001139847905,0.0,-0.019497247936189344,0
2022-08-22 04:00:00+00:00,118.09071402891924,118.46475536661625,116.40752121470798,116.61235046386719,2022100,0.0,0.0,4137.990234375,,307.11517333984375,116.61235046386719,-0.023697375741779107,0.16375106306044168,-0.0214000649197158,0.0,-0.026326921097219125,0
2022-08-23 04:00:00+00:00,115.84644209843916,116.48765964572456,113.99403736063111,114.4037094116211,2103700,0.0,0.0,4128.72998046875,,306.86114501953125,114.4037094116211,-0.01912168660582799,0.17166597859211463,-0.0022378626777133093,0.0,-0.0008271435030381413,0
2022-08-24 04:00:00+00:00,115.09836576851976,117.22684775741016,114.94696906008895,116.77264404296875,2644000,0.0,0.0,4140.77001953125,,307.7501525878906,116.77264404296875,0.02049532765455934,0.2858071391917663,0.0029161604463010526,0.0,0.002897100472928127,0
2022-08-25 04:00:00+00:00,117.38712973761288,118.26880719318933,116.81716013912883,118.25099182128906,2572600,0.0,0.0,4199.1201171875,,313.1917419433594,118.25099182128906,0.012580583830574409,0.32698009842093473,0.014091605518061545,0.0,0.01768184129141792,0
2022-08-26 04:00:00+00:00,118.26881142433842,118.28662679687604,114.23449245544248,114.30574035644531,1626000,0.0,0.0,4057.659912109375,,300.3545837402344,114.30574035644531,-0.03393262345105561,0.3786196872787149,-0.03368805871951874,0.0,-0.04098817588059711,0
2022-08-29 04:00:00+00:00,113.5309369230362,114.19886392552898,112.85409543952785,113.36172485351562,2136000,0.0,0.0,4030.610107421875,,297.39447021484375,113.36172485351562,-0.008292980398631985,0.35534712026138754,-0.006666355799502699,0.0,-0.00985539654007983,0
2022-08-30 04:00:00+00:00,113.69123317381904,113.90497007111117,111.57165239421285,111.90116882324219,2250000,0.0,0.0,3986.159912109375,,294.08251953125,111.90116882324219,-0.012967750470977108,0.34312926850813913,-0.011028155571448206,0.0,-0.011136557721470486,0
2022-08-31 04:00:00+00:00,113.1568884899765,114.04746688336735,110.8324783396605,110.88591766357422,3730100,0.0,0.0,3955.0,,292.37286376953125,110.88591766357422,-0.009114156512051478,0.2625975362955396,-0.007817025105971265,0.0,-0.005813523919897867,0
2022-09-01 04:00:00+00:00,109.90628407957594,110.81467106188255,108.21418375336074,110.69889831542969,3166500,0.0,0.0,3966.85009765625,,292.49993896484375,110.69889831542969,-0.0016880163175980423,0.19493907580115155,0.0029962320243361873,0.0,0.000434634027502101,0
2022-09-02 04:00:00+00:00,111.84772643821236,112.23067538242806,108.14292421018042,108.5525894165039,2297400,0.0,0.0,3924.260009765625,,288.367431640625,108.5525894165039,-0.019579137044817806,0.10434269979817372,-0.010736500458081055,0.0,-0.014128233116368127,0
2022-09-06 04:00:00+00:00,109.28287471385562,110.60983462816665,108.49916816743465,110.25360870361328,2649300,0.0,0.0,3908.18994140625,,286.29620361328125,110.25360870361328,0.015548495160057215,0.2136587020116857,-0.004095056983834944,0.0,-0.007182600391312577,0
2022-09-07 04:00:00+00:00,110.57420312478536,113.05000966990418,110.19125419046009,112.77392578125,2452900,0.0,0.0,3979.8701171875,,292.079833984375,112.77392578125,0.022601912125277325,0.27607387323090415,0.018341016392734,0.0,0.02020156152299557,0
2022-09-08 04:00:00+00:00,111.65180958240215,114.07417697387467,111.36682478372458,113.91387939453125,3057300,0.0,0.0,4006.179931640625,,293.5941162109375,113.91387939453125,0.010057561073220164,0.26262443116990625,0.006610721877456038,0.0,0.005184480578154238,0
2022-09-09 04:00:00+00:00,114.3057470359688,115.75738063764243,113.73577058921299,115.44568634033203,3516100,0.0,0.0,4067.360107421875,,300.01263427734375,115.44568634033203,0.013357452229530338,0.25877775384580737,0.015271449816332883,0.0,0.02186187567122344,0
2022-09-12 04:00:00+00:00,115.41896920447249,116.34516478635499,115.15179295940021,115.95330810546875,2534100,0.0,0.0,4110.41015625,,303.5785827636719,115.95330810546875,0.004387422517889376,0.10692402362190573,0.0105842727693497,0.0,0.011885994384595255,0
2022-09-13 04:00:00+00:00,112.96094466463327,113.85152293588861,111.12635560011061,111.3935317993164,3304000,0.0,0.0,3932.68994140625,,286.93133544921875,111.3935317993164,-0.0401183307780445,0.3886817418785311,-0.0432366134006168,0.0,-0.054836698830670105,0
2022-09-14 04:00:00+00:00,110.19256383526906,110.91852195320111,107.67413485570071,108.5166015625,4065800,0.79,0.0,3946.010009765625,,289.20758056640625,108.5166015625,-0.026166091896373814,0.38039223916944387,0.0033870120853238816,0.0,0.007933065636152259,0
2022-09-15 04:00:00+00:00,108.1491570636025,108.4269957996182,104.09815984560679,104.16089630126953,4861200,0.0,0.0,3901.35009765625,,284.39117431640625,104.16089630126953,-0.04096638760219039,0.40220801801926087,-0.011317739184353415,0.0,-0.016653803612502793,0
2022-09-16 04:00:00+00:00,103.81136785643591,103.81136785643591,100.29811252120346,101.87548828125,9335500,0.0,0.0,3873.330078125,,282.6523132324219,101.87548828125,-0.022185418971820307,0.2923228470850889,-0.007182134089448455,0.0,-0.006114328576349415,0
2022-09-19 04:00:00+00:00,100.57593629748747,101.104713997095,98.80138016373628,101.09575653076172,4493100,0.0,0.0,3899.889892578125,,284.85333251953125,101.09575653076172,-0.007683212338289159,0.2192846588565197,0.006857100716286535,0.0,0.007787020250916932,0
2022-09-20 04:00:00+00:00,100.3787676282308,100.45942585580683,98.50563140729352,99.41979217529297,5188300,0.0,0.0,3855.929931640625,,282.5827331542969,99.41979217529297,-0.016716941862918555,0.1955902503919987,-0.011272103097361819,0.0,-0.007971117434894981,0
2022-09-21 04:00:00+00:00,99.88583854636386,100.49528136874284,97.25090041122753,97.28675079345703,4640100,0.0,0.0,3789.929931640625,,277.5227966308594,97.28675079345703,-0.021688398991065845,0.19322299357200548,-0.017116493600784488,0.0,-0.017906035754402083,0
2022-09-22 04:00:00+00:00,96.79381635258852,98.39808505526,96.35466113741381,97.27778625488281,4918400,0.0,0.0,3757.989990234375,,274.10711669921875,97.27778625488281,-9.214976908496008e-05,0.15190886515605753,-0.00842758097968943,0.0,-0.01230774542886981,0
2022-09-23 04:00:00+00:00,96.38153947974878,98.03061589943655,96.11266505413153,97.33155059814453,5598800,0.0,0.0,3693.22998046875,,269.6441650390625,97.33155059814453,0.0005525361269810429,0.1573103686205813,-0.017232619015461026,0.0,-0.016281779597329793,0
2022-09-26 04:00:00+00:00,96.01408083987702,96.20229020783923,92.13337119763783,93.35225677490234,7135400,0.0,0.0,3655.0400390625,,268.5284118652344,93.35225677490234,-0.041743152550379276,0.27753258317847657,-0.010340526208282075,0.0,-0.00413787249453923,0
2022-09-27 04:00:00+00:00,94.75934089680875,95.66453725298473,91.22815748031839,91.66731262207031,6329300,0.0,0.0,3647.2900390625,,268.6361083984375,91.66731262207031,-0.018214189349714572,0.27800061189138414,-0.0021203598092424114,0.0,0.000401061967540306,0
2022-09-28 04:00:00+00:00,92.31260807177165,93.49564316384124,90.37672873687947,93.14611053466797,7846600,0.0,0.0,3719.0400390625,,273.9798889160156,93.14611053466797,0.01600348555466339,0.3507095594370847,0.019672139926234733,0.0,0.01989226448163217,0
2022-09-29 04:00:00+00:00,92.03478823329627,92.53667990230997,90.27816055398715,90.6904296875,7320700,0.0,0.0,3640.469970703125,,266.08172607421875,90.6904296875,-0.026717505885231755,0.36035128402721384,-0.021126437880238824,0.0,-0.028827527717619983,0
2022-09-30 04:00:00+00:00,91.62251918221818,92.99376380612233,90.7531662277793,91.0578842163086,18072100,0.0,0.0,3585.6201171875,,261.5698547363281,91.0578842163086,0.004043559156989769,0.3699715483012626,-0.015066695771983274,0.0,-0.01695671252760933,0
2022-10-03 04:00:00+00:00,92.76072055668554,95.61972466337568,91.76589489065103,93.53148651123047,4863700,0.0,0.0,3678.429931640625,,267.7063293457031,93.53148651123047,0.026802739150226323,0.3581183730706956,0.025883894952576147,0.0,0.02346017516261867,0
2022-10-04 04:00:00+00:00,94.87585437590947,95.56595534847987,93.78244177921106,94.99236297607422,5980500,0.0,0.0,3790.929931640625,,276.1231994628906,94.99236297607422,0.015498364907076541,0.3263905211442283,0.030583700679551518,0.0,0.03144068404269351,0
2022-10-05 04:00:00+00:00,93.92585822001976,95.17162999288465,92.41121198833392,94.49945068359375,5311400,0.0,0.0,3783.280029296875,,275.9764404296875,94.49945068359375,-0.00520247703280068,0.32476980540367256,-0.002017948757084831,0.0,-0.000531498380029638,0
2022-10-06 04:00:00+00:00,94.90273499519395,94.9744357470636,91.01306151602677,91.34466552734375,5068300,0.0,0.0,3744.52001953125,,273.8037414550781,91.34466552734375,-0.03395413647059628,0.36756874074950346,-0.010245080846639998,0.0,-0.007872769759717735,0
2022-10-07 04:00:00+00:00,90.45741210177825,90.84279518601055,89.3371132334008,89.9465560913086,5762300,0.0,0.0,3639.659912109375,,263.37066650390625,89.9465560913086,-0.015424212399242318,0.3844682669246818,-0.028003617786773516,0.0,-0.03810420886043142,0
2022-10-10 04:00:00+00:00,90.26024457828414,90.65459199499952,88.5753174266348,88.63805389404297,4587900,0.0,0.0,3612.389892578125,,260.7379150390625,88.63805389404297,-0.014654405149467144,0.2856613420157903,-0.00749246363390188,0.0,-0.009996373171667128,0
2022-10-11 04:00:00+00:00,88.99653727037891,90.63664947750277,87.87623849727626,90.18852996826172,6385500,0.0,0.0,3588.840087890625,,257.1558837890625,90.18852996826172,0.017340989176912,0.296423706762233,-0.006519175777754405,0.0,-0.013738052823899283,1
2022-10-12 04:00:00+00:00,89.95551282007524,91.38052957849975,89.19370418353472,90.00928497314453,5937100,0.0,0.0,3577.030029296875,,257.0677795410156,90.00928497314453,-0.0019894253911308486,0.30080384631338736,-0.0032907731480149582,0.0,-0.0003426102749378712,1
2022-10-13 04:00:00+00:00,88.26162369537805,92.44705837242242,87.85831202459536,91.8824234008789,6307600,0.0,0.0,3669.909912109375,,263.09661865234375,91.8824234008789,0.020596921812820933,0.2720368882918873,0.02596564246086497,0.0,0.023452332774229312,1
2022-10-14 04:00:00+00:00,93.21781302186153,93.21781302186153,89.08615100762985,89.2026596069336,4480000,0.0,0.0,3583.070068359375,,255.18862915039062,89.2026596069336,-0.02959889782737704,0.3373055808296256,-0.02366266361565439,0.0,-0.030057358937032763,1
2022-10-17 04:00:00+00:00,92.06167170300924,94.69661656623258,91.38949244914703,94.31123352050781,5103500,0.0,0.0,3677.949951171875,,263.6153869628906,94.31123352050781,0.055689452531882976,0.4979981561815898,0.026480052302171098,0.0,0.03302168219859758,1
2022-10-18 04:00:00+00:00,97.00889266074384,97.59144928951123,93.89894271067539,94.86688232421875,5311100,0.0,0.0,3719.97998046875,,265.6999816894531,94.86688232421875,0.0058743623605279,0.49749522429179915,0.011427569666488724,0.0,0.007907712636121556,1
2022-10-19 04:00:00+00:00,93.83621691157722,94.97444422640882,90.38569826346819,91.42533874511719,5924500,0.0,0.0,3695.159912109375,,264.7310485839844,91.42533874511719,-0.03695200105707528,0.6020221713806632,-0.0066720972934503076,0.0,-0.0036467187513818944,0
2022-10-20 04:00:00+00:00,91.79280104600919,94.4546320949485,91.3088311427692,91.82865142822266,4282500,0.0,0.0,3665.780029296875,,263.3804931640625,91.82865142822266,0.004401686794383549,0.5830870484659564,-0.007950909706564868,0.0,-0.005101613230279689,0
2022-10-21 04:00:00+00:00,91.85553852380762,92.7338558033721,90.19749764517974,92.38432312011719,3971600,0.0,0.0,3752.75,,269.5561218261719,92.38432312011719,0.006032945058597612,0.5211696817092326,0.02372481982226482,0.0,0.023447555238126583,0
2022-10-24 04:00:00+00:00,93.06545265223649,93.55838682767111,91.61354987688505,92.64422607421875,3377500,0.0,0.0,3797.340087890625,,272.5215759277344,92.64422607421875,0.002809329978211299,0.29698634540729346,0.011881976654619875,0.0,0.011001249318592032,0
2022-10-25 04:00:00+00:00,93.18196664239255,97.35843667967144,93.17300233813519,97.08956909179688,7074100,0.0,0.0,3859.110107421875,,278.158935546875,97.08956909179688,0.04686731410831897,0.47080621203336376,0.016266654579669915,0.0,0.02068592037144068,0
2022-10-26 04:00:00+00:00,97.44808317051643,100.19057270776527,97.44808317051643,98.46979522705078,5076500,0.0,0.0,3830.60009765625,,272.0126953125,98.46979522705078,0.014115908573449285,0.2924458166824043,-0.007387716072364547,0.0,-0.02209614522104486,0
2022-10-27 04:00:00+00:00,99.1957327142713,99.88583373510522,97.79760206347164,99.49149322509766,4371100,0.0,0.0,3807.300048828125,,267.0603942871094,99.49149322509766,0.01032229157347879,0.2819578997826385,-0.006082610618211248,0.0,-0.0182061393116274,0
2022-10-28 04:00:00+00:00,98.95375369464138,101.68727860890505,98.23675974198406,101.25708770751953,4179900,0.0,0.0,3901.06005859375,,275.23260498046875,101.25708770751953,0.01759056030172219,0.2677217764386523,0.024626377895927698,0.0,0.030600608956540487,0
2022-10-31 04:00:00+00:00,99.68865869138716,100.51319686177978,99.00751519343831,99.25846099853516,5411300,0.0,0.0,3871.97998046875,,272.03228759765625,99.25846099853516,-0.019935540296897012,0.3771737830009844,-0.00745440410765752,0.0,-0.01162768263970615,0
2022-11-01 04:00:00+00:00,100.55801782820416,100.60283251543134,97.03579811785055,97.28675079345703,4599500,0.0,0.0,3856.10009765625,,269.25262451171875,97.28675079345703,-0.02006435398724538,0.2985101061697778,-0.004101230608784645,0.0,-0.010218136642841102,0
2022-11-02 04:00:00+00:00,96.52494711524157,99.8231072350777,95.61078625340772,95.66455841064453,5729100,0.0,0.0,3759.68994140625,,260.0235290527344,95.66455841064453,-0.01681492197276591,0.2896454451820943,-0.02500198485734284,0.0,-0.03427671494649698,0
2022-11-03 04:00:00+00:00,95.25226108955599,97.3136131191863,92.95789188894871,96.8027572631836,5625500,0.0,0.0,3719.889892578125,,254.94393920898438,96.8027572631836,0.01182758867137726,0.29506413047950897,-0.010585992315429671,0.0,-0.019535116157583632,0
2022-11-04 04:00:00+00:00,97.51081711446423,98.44289976409546,94.84002157964972,96.45325469970703,3541000,0.0,0.0,3770.550048828125,,259.0447692871094,96.45325469970703,-0.003616994275743348,0.2192817910782796,0.013618724670070526,0.0,0.016085222856635273,0
2022-11-07 05:00:00+00:00,97.48390257039689,98.03060884880685,96.0051138491426,97.62730407714844,2963200,0.0,0.0,3806.800048828125,,261.8928527832031,97.62730407714844,0.012098725458840052,0.2420225917762503,0.009613981920559844,0.0,0.010994560916754548,0
2022-11-08 05:00:00+00:00,97.60939092988866,99.89479623409837,97.08060637423303,98.36222839355469,2438400,0.0,0.0,3828.110107421875,,263.8013000488281,98.36222839355469,0.007499663393109044,0.19670403927456304,0.005597892802462701,0.0,0.007287130005051434,0
2022-11-09 05:00:00+00:00,98.30844743474749,100.23535560553059,97.37635815531819,97.5018310546875,4043600,0.0,0.0,3748.570068359375,,257.7137451171875,97.5018310546875,-0.008785714701333857,0.15068463077619854,-0.02077788695478977,0.0,-0.023076288594915395,0
2022-11-10 05:00:00+00:00,102.72692474543545,106.21329418344457,102.55663713391844,106.06092834472656,3705400,0.0,0.0,3956.3701171875,,276.7300109863281,106.06092834472656,0.08414256680972293,0.5994772036535109,0.05543448436034493,0.0,0.07378832611544861,0
2022-11-11 05:00:00+00:00,106.50008007147673,107.02885778972136,103.92787172672801,104.08023071289062,3258300,0.0,0.0,3992.929931640625,,281.8291015625,104.08023071289062,-0.018851673795431068,0.6427127086806884,0.009240746788147902,0.0,0.018426229081542678,0
2022-11-14 05:00:00+00:00,103.61417723701646,103.61417723701646,100.72828695569187,100.82687377929688,2967000,0.0,0.0,3957.25,,279.3627624511719,100.82687377929688,-0.03175712583200244,0.7261317664721145,-0.008935777048800997,0.0,-0.008751186792472443,0
2022-11-15 05:00:00+00:00,102.30568508716183,102.7538045953511,99.68866880039917,101.05094909667969,3110000,0.0,0.0,3991.72998046875,,283.2286682128906,101.05094909667969,0.002219911094849061,0.7266179812019924,0.008713116550319144,0.0,0.013838300164985107,0
2022-11-16 05:00:00+00:00,100.34291317313415,102.5387027284922,100.04715267517709,101.85755920410156,3512600,0.0,0.0,3958.7900390625,,279.3627624511719,101.85755920410156,0.007950522755753897,0.7156744883195231,-0.008252046497990273,0.0,-0.013649415456817082,0
2022-11-17 05:00:00+00:00,100.2084738520441,101.72311985112661,98.96270227049168,100.6565933227539,3384300,0.0,0.0,3946.56005859375,,278.7462463378906,100.6565933227539,-0.011860701538896422,0.25420004839459553,-0.0030893228355314273,0.0,-0.002206865753588083,0
2022-11-18 05:00:00+00:00,102.3863300461443,103.1750246545012,101.35565394334346,102.67312622070312,3336800,0.0,0.0,3965.340087890625,,278.7559509277344,102.67312622070312,0.019835752690817072,0.3148731575679328,0.00475858190881473,0.0,3.4815140907751285e-05,0
2022-11-21 05:00:00+00:00,102.75381456160657,103.6142032802491,101.5797366865975,103.0226821899414,2992000,0.0,0.0,3949.93994140625,,275.8883361816406,103.0226821899414,0.0033987693617516593,0.18116993740229562,-0.003883688698329779,0.0,-0.010287187543620013,0
2022-11-22 05:00:00+00:00,103.51560233602599,103.99957220644,102.18020816851522,103.76654815673828,2306100,0.0,0.0,4003.580078125,,279.86187744140625,103.76654815673828,0.007194467275797462,0.18099839799865183,0.013579987927526016,0.0,0.014402715659387333,0
2022-11-23 05:00:00+00:00,103.79343391809755,103.96372151210599,102.35048861560695,103.54248809814453,1585300,0.0,0.0,4027.260009765625,,282.6708068847656,103.54248809814453,-0.0021616052043417645,0.1858541539760425,0.0059146891478476515,0.0,0.010036841991626577,0
2022-11-25 05:00:00+00:00,104.06230948735505,104.80618948876972,103.30050771478764,104.3132553100586,1341300,0.0,0.0,4026.1201171875,,280.8112487792969,104.3132553100586,0.007416400741670785,0.12842126450469818,-0.0002830441976333642,0.0,-0.006578529017419288,0
2022-11-28 05:00:00+00:00,103.56937681711766,104.7255259494931,99.41082839750531,99.8947982788086,3910600,0.0,0.0,3963.93994140625,,276.69091796875,99.8947982788086,-0.04328082721756592,0.34099775773886276,-0.015444192913123267,0.0,-0.014672954977616448,0
2022-11-29 05:00:00+00:00,100.02028135913876,102.27880770146862,99.7155633498031,102.00096893310547,2635100,0.0,0.0,3957.6298828125,,274.596435546875,102.00096893310547,0.020864697565663313,0.38885528230138733,-0.0015918653377758885,0.0,-0.0075697548631197265,0
2022-11-30 05:00:00+00:00,101.50801689562302,105.59486397748145,100.81790913273728,105.56797790527344,8839700,0.0,0.0,4080.110107421875,,287.1141052246094,105.56797790527344,0.034372773169037536,0.4689353507058513,0.030947872397389053,0.0,0.045585696161003275,0
2022-12-01 05:00:00+00:00,106.69724734763419,107.09158782714245,103.7306918397675,104.94957733154297,2784300,0.0,0.0,4076.570068359375,,287.4664611816406,104.94957733154297,-0.005875066825482701,0.47245889659086904,-0.0008676332180498347,0.0,0.001227233182276466,0
2022-12-02 05:00:00+00:00,103.56936875941255,105.7741157108685,102.9061538645259,104.80618286132812,3014000,0.0,0.0,4071.699951171875,,286.3214416503906,104.80618286132812,-0.0013672520117798035,0.4710473644572592,-0.001194660488065602,0.0,-0.003983141290790471,0
2022-12-05 05:00:00+00:00,103.96372799212514,104.17882344581159,101.9382258597744,102.4042739868164,3170000,0.0,0.0,3998.840087890625,,281.51593017578125,102.4042739868164,-0.023184317028200122,0.3609143619524728,-0.017894212283564803,0.0,-0.016783624191432645,0
2022-12-06 05:00:00+00:00,102.9509574307893,104.07125597446036,102.18019148572283,102.70896911621094,3256000,0.0,0.0,3941.260009765625,,275.6828308105469,102.70896911621094,0.002970996400905543,0.33247936950576096,-0.014399194981406072,0.0,-0.02072031718273326,0
2022-12-07 05:00:00+00:00,101.96510628443502,104.99439842899878,101.52595109648898,103.9637222290039,3381700,0.0,0.0,3933.919921875,,274.5573425292969,103.9637222290039,0.012142567278956944,0.20747518235058626,-0.0018623708845491027,0.0,-0.004082547607121234,0
2022-12-08 05:00:00+00:00,104.10712556724312,106.3387587636372,103.84721543659917,105.397705078125,4759700,0.0,0.0,3963.510009765625,,277.8066711425781,105.397705078125,0.01369884885113102,0.23541394683504258,0.00752178195750397,0.0,0.01183479044249025,0
2022-12-09 05:00:00+00:00,104.91371837943834,105.80995723615729,104.13399495025914,104.25050354003906,2515900,0.0,0.0,3934.3798828125,,276.0351867675781,104.25050354003906,-0.0109441716303678,0.2504404913755067,-0.007349578247904498,0.0,-0.006376680472481633,0
2022-12-12 05:00:00+00:00,104.32221404324535,106.07884154611925,103.39012472458076,105.7830810546875,2467900,0.0,0.0,3990.56005859375,,279.4997253417969,105.7830810546875,0.014593901432058326,0.1713281467274197,0.014279296218109305,0.0,0.012551075878365792,0
2022-12-13 05:00:00+00:00,110.02231347816256,110.12090032586771,106.28499124643463,108.52558898925781,3754500,0.0,0.0,4019.64990234375,,282.5044860839844,108.52558898925781,0.025595396173257283,0.21239773153263394,0.0072896644387934195,0.0,0.010750496225042872,0
2022-12-14 05:00:00+00:00,108.89303617894224,110.8916521149565,108.29255770280407,108.96473693847656,4141400,0.0,0.0,3995.320068359375,,280.4099426269531,108.96473693847656,0.004038327168351551,0.21742576403783548,-0.006052724634100337,0.0,-0.007414195385232136,0
2022-12-15 05:00:00+00:00,107.3425430778447,108.34633322931788,105.67554481217823,106.28498077392578,4284500,0.0,0.0,3895.75,,270.99481201171875,106.28498077392578,-0.024900331127818257,0.3184966316237417,-0.024921675023714007,0.0,-0.03357630805466805,0
2022-12-16 05:00:00+00:00,103.98424338652679,104.49852526936277,100.1316414759648,101.26847076416016,13002600,0.79,0.0,3852.360107421875,,268.41094970703125,101.26847076416016,-0.048348867784214336,0.4810790171466313,-0.011137750774080746,0.0,-0.009534729781379592,0
2022-12-19 05:00:00+00:00,101.03389789836238,102.20681807012498,100.2669803478972,101.11509704589844,3339900,0.0,0.0,3817.659912109375,,264.638916015625,101.11509704589844,-0.0015156739184217578,0.4506798388782271,-0.009007516001852345,0.0,-0.014053203475951292,0
2022-12-20 05:00:00+00:00,100.51961118535908,102.17974681400689,99.35570860753637,101.21434020996094,2738400,0.0,0.0,3821.6201171875,,264.4328918457031,101.21434020996094,0.0009810057633490212,0.35534786816157166,0.0010373383615349674,0.0,-0.0007785104814657107,0
2022-12-21 05:00:00+00:00,101.55718337700448,104.35416183429953,101.39477822066874,102.80229187011719,3482500,0.0,0.0,3878.43994140625,,268.26873779296875,102.80229187011719,0.015567198734853483,0.39887372171208185,0.014867993802734736,0.0,0.014505933511115066,0
2022-12-22 05:00:00+00:00,102.07147768105969,102.26094923930413,100.12262245081908,102.19779205322266,2467600,0.0,0.0,3822.389892578125,,261.7055358886719,102.19779205322266,-0.005897573868613013,0.3815207325436765,-0.01445169956861636,0.0,-0.02446502696621289,0
2022-12-23 05:00:00+00:00,101.57524767049054,102.97373022826261,101.17825569825261,102.51358795166016,1521900,0.0,0.0,3844.820068359375,,262.29412841796875,102.51358795166016,0.0030852818141724556,0.1279919573068618,0.005868102525282026,0.0,0.002249064114361099,0
2022-12-27 05:00:00+00:00,102.30605913475927,102.67598469368876,101.2684709458103,102.21583557128906,1683300,0.0,0.0,3829.25,,258.58575439453125,102.21583557128906,-0.0029087425264257703,0.13105260794347207,-0.004049622110409712,0.0,-0.014138227362558986,0
2022-12-28 05:00:00+00:00,102.40529793598105,102.81130737699448,99.4368968437852,99.65343475341797,2623600,0.0,0.0,3783.219970703125,,255.1717071533203,99.65343475341797,-0.02538809841049927,0.23696976992601132,-0.012020638322615351,0.0,-0.013202766135376631,0
2022-12-29 05:00:00+00:00,101.12411772008018,102.9737249205616,100.28502547522041,102.8293685913086,3043100,0.0,0.0,3849.280029296875,,261.3916320800781,102.8293685913086,0.031372484668701,0.3254792498735926,0.01746133164481911,0.0,0.024375448971780234,0
2022-12-30 05:00:00+00:00,102.04441444875056,102.78425874437748,100.46547786435994,101.71058654785156,2138400,0.0,0.0,3839.5,,261.2346496582031,101.71058654785156,-0.010939605420276811,0.33316389545641656,-0.0025407424823445934,0.0,-0.0006005640678922175,0
2023-01-03 05:00:00+00:00,102.83839448923182,104.6880017162638,100.31209329667963,101.67449188232422,2170100,0.0,0.0,3824.139892578125,,259.4687194824219,101.67449188232422,-0.00035493917434734247,0.33142573834201516,-0.004000548879248611,0.0,-0.006759938538366872,0
2023-01-04 05:00:00+00:00,103.4248491665067,106.46543220853036,102.93763365070484,105.52709197998047,3059500,0.0,0.0,3852.969970703125,,260.704833984375,105.52709197998047,0.03719126165678809,0.42952926732482355,0.007538970575044379,0.0,0.004764021283254705,0
2023-01-05 05:00:00+00:00,104.36318297488779,104.79626570127509,101.43087252241432,101.81884002685547,3079500,0.0,0.0,3808.10009765625,,256.6236267089844,101.81884002685547,-0.0357725599490915,0.4811363137858297,-0.011645528874622113,0.0,-0.015654513240192625,0
2023-01-06 05:00:00+00:00,102.31509511820664,105.8248451376616,101.73765598640442,105.24740600585938,3995900,0.0,0.0,3895.080078125,,263.7069091796875,105.24740600585938,0.033118670214335455,0.48744481671224277,0.02284078102943865,0.0,0.02760183293152374,0
2023-01-09 05:00:00+00:00,106.01429863998776,106.99774712749098,104.71505737304688,104.71505737304688,2504400,0.0,0.0,3892.090087890625,,265.4139099121094,104.71505737304688,-0.005070904246239543,0.4772960682432404,-0.0007676325452631305,0.0,0.006473098250371345,0
2023-01-10 05:00:00+00:00,104.30003069237233,104.80529504415468,103.12711058647123,104.70604705810547,3097800,0.0,0.0,3919.25,,267.66046142578125,104.70604705810547,-8.604973191637029e-05,0.47708059619993853,0.006978233159061986,0.0,0.008464332236452154,1
2023-01-11 05:00:00+00:00,105.87897094223035,109.18120721345103,105.83386260017261,109.12706756591797,3084500,0.0,0.0,3969.610107421875,,272.2910461425781,109.12706756591797,0.04135608849146788,0.49488719093285527,0.012849424614881588,0.0,0.01730021943521476,1
2023-01-12 05:00:00+00:00,109.42480044534179,110.68795091643682,108.48646029206023,110.18269348144531,2608500,0.0,0.0,3983.169921875,,273.7626647949219,110.18269348144531,0.009626877190869543,0.32524519546013003,0.0034159058663651987,0.0,0.005404579670141629,1
2023-01-13 05:00:00+00:00,108.63082546961238,110.53457219003587,108.41428754833483,109.98419952392578,2283300,0.0,0.0,3999.090087890625,,275.6462097167969,109.98419952392578,-0.0018031231543445445,0.30165456080599745,0.003996858363534361,0.0,0.006880211088265087,1
2023-01-17 05:00:00+00:00,110.43531666450444,111.00373125038392,109.08194270264437,109.55110931396484,3057000,0.0,0.0,3990.969970703125,,276.2054748535156,109.55110931396484,-0.003945522695961919,0.29848247552320817,-0.0020304911890052235,0.0,0.0020289237326838183,1
2023-01-18 05:00:00+00:00,110.51653308528724,113.08794263832296,109.52406006806852,110.66089630126953,4245300,0.0,0.0,3928.860107421875,,272.6148681640625,110.66089630126953,0.010079344945388504,0.28744413233692606,-0.015562598500411085,0.0,-0.012999766537420743,0
2023-01-19 05:00:00+00:00,110.96765148370793,112.47441320925259,109.38871503790371,109.43383026123047,3875800,0.0,0.0,3898.85009765625,,269.9366149902344,109.43383026123047,-0.011150460284869103,0.14545873708581455,-0.007638350296294338,0.0,-0.009824310727675756,0
2023-01-20 05:00:00+00:00,109.3075302386883,110.94962408244204,107.90001631288686,110.81428527832031,3281100,0.0,0.0,3972.610107421875,,277.3238525390625,110.81428527832031,0.012535617759236234,0.15782004899864088,0.018918401045981525,0.0,0.02736656362492873,0
2023-01-23 05:00:00+00:00,111.13906689665573,114.0533351079993,110.11952768550523,113.74656677246094,3011200,0.0,0.0,4019.81005859375,,283.4848937988281,113.74656677246094,0.026117180648129654,0.23201554347844636,0.01188134498366522,0.0,0.022216052472074255,0
2023-01-24 05:00:00+00:00,114.04434204101562,114.5766659599166,109.9571527689036,114.04434204101562,2142800,0.0,0.0,4016.949951171875,,282.9060363769531,114.04434204101562,0.0026144628837374427,0.217205993308616,-0.0007115031258156934,0.0,-0.002041933925007622,0
2023-01-25 05:00:00+00:00,112.77213081215272,113.90896678430344,112.22175822393142,113.4037094116211,2436800,0.0,0.0,4016.219970703125,,282.2781982421875,113.4037094116211,-0.005633236419661819,0.23575934167678114,-0.0001817250594663422,0.0,-0.002219246159629762,0
2023-01-26 05:00:00+00:00,114.3059759794685,115.6052172874311,113.66537974668596,115.54205322265625,2071900,0.0,0.0,4060.429931640625,,287.78192138671875,115.54205322265625,0.018680459240895526,0.20029020244559897,0.011007853469181317,0.0,0.019497514079387823,0
2023-01-27 05:00:00+00:00,115.4608691365887,118.12250239708149,115.1450831896244,117.1480712890625,2824100,0.0,0.0,4070.56005859375,,290.6465759277344,117.1480712890625,0.013804140356177498,0.20115820579115906,0.002494840970949097,0.0,0.009954254691232345,0
2023-01-30 05:00:00+00:00,115.8488124324946,117.5360280990933,115.2713802758251,115.29844665527344,2538100,0.0,0.0,4017.77001953125,,284.7701110839844,115.29844665527344,-0.015914746232907062,0.22374546017808988,-0.012968740984683369,0.0,-0.02021859306270002,0
2023-01-31 05:00:00+00:00,114.7210256731113,117.04882415909789,114.54959606479876,116.64281463623047,4350100,0.0,0.0,4076.60009765625,,289.0376892089844,116.64281463623047,0.011592443954569808,0.23241377212720013,0.014642470285510134,0.0,0.014986046494680716,0
2023-02-01 05:00:00+00:00,116.4623520628896,119.05180338776748,115.12701994664856,118.10443878173828,2845600,0.0,0.0,4119.2099609375,,295.2182922363281,118.10443878173828,0.012452908501511277,0.2177085729620446,0.010452303944590291,0.0,0.021383380984875577,0
2023-02-02 05:00:00+00:00,119.61120400280716,123.31041811040599,118.88940176293363,121.34352111816406,3111700,0.0,0.0,4179.759765625,,305.8136291503906,121.34352111816406,0.0270562332635736,0.24914756422391426,0.014699373244309921,0.0,0.0358898387826887,0
2023-02-03 05:00:00+00:00,119.051802784977,119.83676910628941,117.24730402728963,118.75405883789062,3303400,0.0,0.0,4136.47998046875,,300.37860107421875,118.75405883789062,-0.02157091868520141,0.3275504256842922,-0.010354610691310495,0.0,-0.01777235400289856,0
2023-02-06 05:00:00+00:00,116.87739251860368,118.86235240430437,116.62476376355716,118.5916748046875,2539700,0.0,0.0,4111.080078125,,297.83770751953125,118.5916748046875,-0.0013683334943288086,0.28947078134721876,-0.006140463017754394,0.0,-0.00845896993194828,0
2023-02-07 05:00:00+00:00,117.3555788854645,118.70895290265362,116.06535516345001,117.53602600097656,3638600,0.0,0.0,4164.0,,304.00848388671875,117.53602600097656,-0.008941397669447572,0.29937248783036335,0.01287251059802652,0.0,0.020718586704750352,0
2023-02-08 05:00:00+00:00,116.81423266501776,118.33000507139707,116.58867031164702,117.11197662353516,1980000,0.0,0.0,4117.85986328125,,298.6028747558594,117.11197662353516,-0.0036143485930386016,0.28374835614623073,-0.011080724476164705,0.0,-0.017781112756292794,0
2023-02-09 05:00:00+00:00,117.44581313143973,118.28491230660096,115.10899028293495,115.52401733398438,2467300,0.0,0.0,4081.5,,295.9638977050781,115.52401733398438,-0.013652091630896618,0.1288383534727055,-0.00882979617773516,0.0,-0.008837748306806836,0
2023-02-10 05:00:00+00:00,114.74809409051382,115.83079764337819,113.45787700312562,115.56913757324219,2303600,0.0,0.0,4090.4599609375,,294.0213928222656,115.56913757324219,0.0003904939533953389,0.09174460443821957,0.0021952617756952897,0.0,-0.0065633170054685275,0
2023-02-13 05:00:00+00:00,115.77664808123548,117.10294201579606,115.67740009786203,116.65181732177734,1755600,0.0,0.0,4137.2900390625,,298.73040771484375,116.65181732177734,0.009324633031676882,0.1402203191944249,0.011448609342766147,0.0,0.016015892066141957,0
2023-02-14 05:00:00+00:00,116.06535945571859,117.50896396766659,114.46838108516793,115.24431610107422,1859100,0.0,0.0,4136.1298828125,,300.93780517578125,115.24431610107422,-0.012139214949931207,0.14983583522192642,-0.0002804145319874607,0.0,0.0073892627062075444,0
2023-02-15 05:00:00+00:00,114.24281470657424,115.09092441123695,114.00822794912376,115.06385803222656,1733800,0.0,0.0,4147.60009765625,,303.2432861328125,115.06385803222656,-0.0015671011804734509,0.15081621020678557,0.002773175690496066,0.0,0.007660988142332625,0
2023-02-16 05:00:00+00:00,112.81724768998518,114.70294532911315,112.04131277986697,113.49393463134766,1782200,0.0,0.0,4090.409912109375,,297.5531921386719,113.49393463134766,-0.013737865362957524,0.15117972413899036,-0.013788741489130674,0.0,-0.01876412192568222,0
2023-02-17 05:00:00+00:00,113.34959563873049,113.53004965844433,111.40976483303005,113.06990051269531,2623200,0.0,0.0,4079.090087890625,,295.45367431640625,113.06990051269531,-0.003743180048941449,0.14719480426055692,-0.002767405825327751,0.0,-0.007055941182063208,0
2023-02-21 05:00:00+00:00,111.92402607759466,112.46537426954937,110.66087570728983,111.40974426269531,2448600,0.0,0.0,3997.340087890625,,288.45880126953125,111.40974426269531,-0.014791421465557219,0.09673462540188663,-0.020041234255327334,0.0,-0.02367502473292671,0
2023-02-22 05:00:00+00:00,112.09547031565215,112.51952866070636,110.2278142199155,110.88645935058594,2526300,0.0,0.0,3991.050048828125,,288.67462158203125,110.88645935058594,-0.004708005536468653,0.09687499775290163,-0.0015735561458868341,0.0,0.0007481841828023139,0
2023-02-23 05:00:00+00:00,111.64434350887622,112.56464179028174,110.35412653744383,111.88795471191406,1844100,0.0,0.0,4012.320068359375,,291.1959533691406,111.88795471191406,0.00899117712758661,0.15223250438658695,0.005329429416074394,0.0,0.008734165037756592,0
2023-02-24 05:00:00+00:00,111.06689997962818,111.08494882248866,109.05488766853422,109.51502990722656,2517900,0.0,0.0,3970.0400390625,,286.3201599121094,109.51502990722656,-0.021436166934687306,0.18454626906435315,-0.010537551485558128,0.0,-0.0167440288940085,0
2023-02-27 05:00:00+00:00,111.33757757445319,111.54509108207095,109.5330787706002,110.89547729492188,2439300,0.0,0.0,3982.239990234375,,288.3705139160156,110.89547729492188,0.012526312429468505,0.23314431087425044,0.0030730045671669703,0.0,0.007161053572111831,0
2023-02-28 05:00:00+00:00,110.85036991168431,113.17817518536536,110.34511241362658,111.33758544921875,5780900,0.0,0.0,3970.14990234375,,287.9977111816406,111.33758544921875,0.003978784543385742,0.21521101259402314,-0.0030360018281855305,0.0,-0.00129279075489519,0
2023-03-01 05:00:00+00:00,109.84886396152461,110.615774571391,109.0368381284122,109.28946685791016,3757800,0.0,0.0,3951.389892578125,,285.68243408203125,109.28946685791016,-0.01856687479328791,0.2529643207695222,-0.004725264845680033,0.0,-0.00803922048585004,0
2023-03-02 05:00:00+00:00,108.52257268233978,112.55562919453689,108.31505914466271,112.43833923339844,2591400,0.0,0.0,3981.35009765625,,288.04681396484375,112.43833923339844,0.02840495423835782,0.3347793137673789,0.0075821940867943916,0.0,0.00827625223234274,0
2023-03-03 05:00:00+00:00,113.5932001274137,114.8202598544409,113.16011738932667,114.54055786132812,2529400,0.0,0.0,4045.639892578125,,294.0017395019531,114.54055786132812,0.0185240017217276,0.2822846615712596,0.0161477371607488,0.0,0.020673464341237846,0
2023-03-06 05:00:00+00:00,115.04584273034494,115.34357985206155,114.14359317499296,114.73005676269531,1961600,0.0,0.0,4048.419921875,,294.3352966308594,114.73005676269531,0.0016530591574508118,0.2842107590437548,0.0006871667698291617,0.0,0.001134541344793849,0
2023-03-07 05:00:00+00:00,114.41423822483887,114.71198216332826,111.51801862840944,111.71651458740234,2242200,0.0,0.0,3986.3701171875,,290.7250671386719,111.71651458740234,-0.02661749372056602,0.37259668796827117,-0.015326919115337678,0.0,-0.012265703548002493,0
2023-03-08 05:00:00+00:00,111.22931652107098,113.56614629005675,111.22931652107098,112.83531951904297,2018700,0.0,0.0,3992.010009765625,,292.177001953125,112.83531951904297,0.009964863516246007,0.332665171616005,0.0014147940136839399,0.0,0.004994185154872044,0
2023-03-09 05:00:00+00:00,112.97063956192925,113.28642545567791,109.09097151201559,109.4428482055664,2491300,0.0,0.0,3918.320068359375,,287.11474609375,109.4428482055664,-0.03052692755110181,0.349575177528177,-0.01845935787384867,0.0,-0.017325990155060755,0
2023-03-10 05:00:00+00:00,109.17216708517027,109.90298682736348,105.04888799209154,105.54512786865234,3717100,0.0,0.0,3861.590087890625,,283.0827331542969,105.54512786865234,-0.0362638650400663,0.3291377924412498,-0.01447813845705137,0.0,-0.01404321092632621,0
2023-03-13 04:00:00+00:00,105.31055012708559,109.01879567859444,105.05792139872472,106.79926300048828,3314600,0.0,0.0,3855.760009765625,,285.18212890625,106.79926300048828,0.011812411992108914,0.36957983685438783,-0.001509761003189447,0.0,0.007416191473638367,0
2023-03-14 04:00:00+00:00,109.30751555664969,109.56916870717546,106.87143806052183,108.11654663085938,4342500,0.0,0.0,3919.2900390625,,291.7355041503906,108.11654663085938,0.012258754989222643,0.39058185290484543,0.016476655480623936,0.0,0.02297961400763282,0
2023-03-15 04:00:00+00:00,106.69100018175519,109.43383940569652,106.44739585283787,108.27896118164062,4416000,0.0,0.0,3891.929931640625,,293.2660217285156,108.27896118164062,0.0015010901374069511,0.3722251462014131,-0.00698088356543769,0.0,0.005246250649478812,0
2023-03-16 04:00:00+00:00,106.85208059384797,110.48743249896674,106.25225113512279,109.14234924316406,4409600,0.87,0.0,3960.280029296875,,300.9967041015625,109.14234924316406,0.007942115684737933,0.32423430599661807,0.017562006217166637,0.0,0.02636064801330229,0
2023-03-17 04:00:00+00:00,107.95178110742827,108.97877252865534,105.38885811612295,105.45247650146484,6508900,0.0,0.0,3916.639892578125,,299.57415771484375,105.45247650146484,-0.034392594842243954,0.3112615103187715,-0.011019457310067593,0.0,-0.004726119480161328,0
2023-03-20 04:00:00+00:00,106.36130869053936,107.96086549187407,104.97078767747983,107.87906646728516,3851100,0.0,0.0,3951.570068359375,,300.6372375488281,107.87906646728516,0.022750453070808793,0.34559438473119525,0.008918403718310097,0.0,0.0035486366450749873,0
2023-03-21 04:00:00+00:00,109.16962521245598,109.5331548725293,106.74302243477548,107.570068359375,4078800,0.0,0.0,4002.8701171875,,304.9310607910156,107.570068359375,-0.00286841086665578,0.3338232315720411,0.012982193897784988,0.0,0.014282406521547886,0
2023-03-22 04:00:00+00:00,107.03384390071304,107.6791249565565,103.63479185902077,103.71659088134766,3472200,0.0,0.0,3936.969970703125,,300.78466796875,103.71659088134766,-0.03648034227988675,0.4148621674796764,-0.01646322377571363,0.0,-0.013597804079091058,0
2023-03-23 04:00:00+00:00,104.32552177066007,106.770298371634,103.39850306620778,103.74386596679688,4007100,0.0,0.0,3948.719970703125,,304.3514404296875,103.74386596679688,0.00026294250018283206,0.39883267197648625,0.0029845287333754023,0.0,0.011858225637046305,0
2023-03-24 04:00:00+00:00,102.92589147810376,106.42491598263581,102.9077177711353,106.36129760742188,3721400,0.0,0.0,3970.989990234375,,305.4715576171875,106.36129760742188,0.024916732294029607,0.39389984806591505,0.005639807253104534,0.0,0.003680341338022197,0
2023-03-27 04:00:00+00:00,106.64304622017687,107.72456564510999,106.02504304465346,106.3885726928711,3087500,0.0,0.0,3977.530029296875,,303.378662109375,106.3885726928711,0.0002564051913183644,0.3479115873833033,0.0016469543057482383,0.0,-0.006851359662215395,0
2023-03-28 04:00:00+00:00,105.54336102093359,106.47947004373125,105.08894199261562,106.01596069335938,1853300,0.0,0.0,3971.27001953125,,301.7671813964844,106.01596069335938,-0.003508516280696976,0.34795121709338733,-0.0015738434957162095,0.0,-0.005311780010123668,0
2023-03-29 04:00:00+00:00,107.67912471079715,109.05146504002867,107.33376184780155,108.95149230957031,2591100,0.0,0.0,4027.81005859375,,307.2696533203125,108.95149230957031,0.027313103137413825,0.2373710158160739,0.014237268879836451,0.0,0.018234162834952494,0
2023-03-30 04:00:00+00:00,109.96938986995112,111.1236109937106,109.62403395168143,110.8055191040039,3384600,0.0,0.0,4050.830078125,,310.1780700683594,110.8055191040039,0.016873825987184038,0.22403104843455188,0.005715269388667954,0.0,0.009465356297372551,0
2023-03-31 04:00:00+00:00,111.75980957229555,113.50477686196292,111.50533604262118,113.39571380615234,5305300,0.0,0.0,4109.31005859375,,315.3365173339844,113.39571380615234,0.023107008974831523,0.2183494815073415,0.014436542471763847,0.0,0.016630599527839518,0
2023-04-03 04:00:00+00:00,112.65955124103417,114.84985402473676,111.65983088466456,112.48686981201172,2966400,0.0,0.0,4124.509765625,,314.5700988769531,112.48686981201172,-0.008047091404555331,0.25354259622734987,0.0036988464765423945,0.0,-0.0024304779652890574,0
2023-04-04 04:00:00+00:00,112.48687124006122,113.22303470258261,111.74162439033734,112.76861572265625,2822100,0.0,0.0,4100.60009765625,,313.509033203125,112.76861572265625,0.0025015688910097617,0.234532843751921,-0.005796972083329965,0.0,-0.0033730659004661545,0
2023-04-05 04:00:00+00:00,112.47778496804017,113.02308634318929,111.02364565634812,111.12361145019531,2546700,0.0,0.0,4090.3798828125,,310.4139099121094,111.12361145019531,-0.014694872572218012,0.25444757395398193,-0.002492370531228194,0.0,-0.009872517099085543,0
2023-04-06 04:00:00+00:00,111.12361495528282,111.58712425902714,110.10572087193333,111.55986022949219,2104800,0.0,0.0,4105.02001953125,,312.5067138671875,111.55986022949219,0.003918111515858083,0.22826081887052477,0.0035791630944272956,0.0,0.0067419786557589845,0
2023-04-10 04:00:00+00:00,110.82369825917195,112.53231105373851,109.714914886595,112.45960235595703,2936700,0.0,0.0,4109.10986328125,,312.3298645019531,112.45960235595703,0.008032757101350815,0.14914569896614532,0.0009963029974375814,0.0,-0.0005659058106173287,1
2023-04-11 04:00:00+00:00,112.63228988313075,113.07761854687885,111.36900565972454,111.48715209960938,2553600,0.0,0.0,4108.93994140625,,310.32537841796875,111.48715209960938,-0.008684710532144847,0.15092460809118788,-4.1352477946232646e-05,0.0,-0.0064178495616510345,1
2023-04-12 04:00:00+00:00,113.04125510337754,113.29573553893323,111.49623345243094,111.6143798828125,2576300,0.0,0.0,4091.949951171875,,307.5841369628906,111.6143798828125,0.00114053718828706,0.14878313543478597,-0.004134884052006904,0.0,-0.008833442720839968,1
2023-04-13 04:00:00+00:00,111.71435703681342,112.00518489795714,109.46952623335261,110.8055191040039,2608800,0.0,0.0,4146.22021484375,,313.60723876953125,110.8055191040039,-0.007273309162418963,0.11443399091868921,0.01326268999363811,0.0,0.01958196500675613,1
2023-04-14 04:00:00+00:00,111.09635203743993,111.91430760109027,108.08810056133623,108.84243774414062,2957500,0.0,0.0,4137.64013671875,,313.0176696777344,108.84243774414062,-0.017875273314177854,0.15716033846972666,-0.0020693734728036706,0.0,-0.0018799600867317467,1
2023-04-17 04:00:00+00:00,109.06055598051228,112.05063372237733,108.79699213816002,111.914306640625,4269800,0.0,0.0,4151.31982421875,,313.2829895019531,111.914306640625,0.02783214799538032,0.27712894597124094,0.00330615690296554,0.0,0.0008476193196758075,1
2023-04-18 04:00:00+00:00,112.70500433712107,113.69563444657348,111.25994828565796,112.4323501586914,3968800,0.0,0.0,4154.8701171875,,313.3025817871094,112.4323501586914,0.004618249687361659,0.2698000082169185,0.0008552202959737354,0.0,6.253861784011328e-05,0
2023-04-19 04:00:00+00:00,112.60503002077867,113.9773773475554,111.55986492997367,113.75016784667969,2855800,0.0,0.0,4154.52001953125,,313.15521240234375,113.75016784667969,0.011652824555999438,0.2786321821592928,-8.42619976980652e-05,0.0,-0.00047037398774374406,0
2023-04-20 04:00:00+00:00,113.24121212583738,113.55930403544441,111.77798240776146,112.0142822265625,2285900,0.0,0.0,4129.7900390625,,310.7676086425781,112.0142822265625,-0.015378150360029057,0.30371944346792384,-0.00595254815297297,0.0,-0.0076243462194013345,0
2023-04-21 04:00:00+00:00,112.82314075058872,113.55021387249256,112.0051852219177,112.31419372558594,2703900,0.0,0.0,4133.52001953125,,311.0918273925781,112.31419372558594,0.002673861857583373,0.24824749214736055,0.0009031888869577287,0.0,0.0010432836015830116,0
2023-04-24 04:00:00+00:00,112.72317553220827,113.05035776547243,110.68738036269633,111.95975494384766,2281900,0.0,0.0,4137.0400390625,,310.4433288574219,111.95975494384766,-0.003160769040942495,0.1608564530395247,0.0008515791660903549,0.0,-0.002084588787149011,0
2023-04-25 04:00:00+00:00,111.441721896375,111.93249526535263,109.40591971382693,109.64221954345703,3146700,0.0,0.0,4071.6298828125,,304.58721923828125,109.64221954345703,-0.02091696071148692,0.21009594763211858,-0.015810858882773227,0.0,-0.01886369934472054,0
2023-04-26 04:00:00+00:00,109.61493554723276,110.20568154677058,107.58822405562027,108.21532440185547,2321200,0.0,0.0,4055.989990234375,,306.4344787597656,108.21532440185547,-0.013099528435167877,0.1516640082774999,-0.003841187197329843,0.0,0.006064796566658481,0
2023-04-27 04:00:00+00:00,109.24231458915156,111.68709079888994,108.49706777634533,111.04181671142578,3347100,0.0,0.0,4135.35009765625,,314.76666259765625,111.04181671142578,0.025783870783313886,0.2835120948766662,0.01956614972249704,0.0,0.027190751744430086,0
2023-04-28 04:00:00+00:00,111.51441537501279,114.25910990842489,111.20541379561168,113.83195495605469,3621000,0.0,0.0,4169.47998046875,,316.9381408691406,113.83195495605469,0.024816424039391733,0.3426591364827562,0.008253202753460531,0.0,0.006898692045606003,0
2023-05-01 04:00:00+00:00,113.61383551771675,114.01371950576814,110.97820404237864,111.24176788330078,1787500,0.0,0.0,4167.8701171875,,316.5746154785156,111.24176788330078,-0.023017359783970043,0.3897588130129558,-0.0003861064902076494,0.0,-0.0011469916168123095,0
2023-05-02 04:00:00+00:00,111.34174767373273,112.19605069674014,110.20570014973218,111.31448364257812,2426200,0.0,0.0,4119.580078125,,313.81365966796875,111.31448364257812,0.0006534596208042625,0.34929882878373003,-0.011586262936400304,0.0,-0.008721343012210836,0
2023-05-03 04:00:00+00:00,112.18695183018338,114.72261038596643,111.15087718595582,112.84131622314453,3323200,0.0,0.0,4090.75,,311.7599792480469,112.84131622314453,0.013623169199639405,0.32202515006000443,-0.006998305064656485,0.0,-0.006544267136410764,0
2023-05-04 04:00:00+00:00,112.81404571023765,113.65018184561275,111.26902405818103,113.49567413330078,2740400,0.0,0.0,4061.219970703125,,310.6595153808594,113.49567413330078,0.005782172257822562,0.28281046842110724,-0.007218732334382416,0.0,-0.0035298432782866485,0
2023-05-05 04:00:00+00:00,114.56810076173564,115.831384858326,114.36815531901496,115.64962005615234,1994000,0.0,0.0,4136.25,,317.262451171875,115.64962005615234,0.01880038054940413,0.2575038658673369,0.018474751389515376,0.0,0.02125457442666967,0
2023-05-08 04:00:00+00:00,115.2043057800665,116.18584554144202,114.84985951798132,115.75869750976562,2002100,0.0,0.0,4138.1201171875,,318.04840087890625,115.75869750976562,0.000942727235036478,0.12723294716322886,0.0004521286642489297,0.0,0.0024772856167762924,0
2023-05-09 04:00:00+00:00,115.35880814748309,115.4951352348863,113.60475052206702,114.44087982177734,2745000,0.0,0.0,4119.169921875,,316.0342102050781,114.44087982177734,-0.011449474402551603,0.18631613090005378,-0.004579421277258522,0.0,-0.006332969033210123,0
2023-05-10 04:00:00+00:00,115.75868709758048,117.27643780932698,114.79531419790109,116.40396118164062,2377100,0.0,0.0,4137.64013671875,,319.47320556640625,116.40396118164062,0.017008209274387467,0.19682197440174418,0.004483965263404999,0.0,0.010881718656649664,0
2023-05-11 04:00:00+00:00,115.44966138785682,115.52237007395009,113.44113073823341,114.27725982666016,2373600,0.0,0.0,4130.6201171875,,320.5147705078125,114.27725982666016,-0.018438966128919466,0.2638809691525414,-0.0016966239932159066,0.0,0.0032602575842304304,0
2023-05-12 04:00:00+00:00,114.3772569219614,114.71352946642509,112.90494385102419,113.75924682617188,1427500,0.0,0.0,4124.080078125,,319.3650817871094,113.75924682617188,-0.004543254052816444,0.21409584723763123,-0.0015833068345566526,0.0,-0.003587006985299346,0
2023-05-15 04:00:00+00:00,114.01372320645959,114.4954131661901,113.13215617958174,113.85922241210938,1510500,0.0,0.0,4136.27978515625,,321.09442138671875,113.85922241210938,0.000878448859629897,0.21401614201634694,0.0029581644391338813,0.0,0.005414930116756311,0
2023-05-16 04:00:00+00:00,113.66834683335367,113.66834683335367,109.99664117737106,110.19658660888672,3417400,0.0,0.0,4109.89990234375,,321.4580078125,110.19658660888672,-0.03269687243822208,0.30058196525916525,-0.006377683373153031,0.0,0.001132334919463851,0
2023-05-17 04:00:00+00:00,110.93276379178714,111.6416563206444,109.96939773296918,111.51441955566406,2684100,0.0,0.0,4158.77001953125,,325.3489685058594,111.51441955566406,0.011887984179727596,0.2753573604954396,0.011890829058788244,0.0,0.012104102553976093,0
2023-05-18 04:00:00+00:00,110.75098970579391,112.25965705037001,110.04209723620778,110.93275451660156,2129100,0.0,0.0,4198.0498046875,,331.39178466796875,110.93275451660156,-0.005229703341384396,0.26117231105172645,0.009445048649426635,0.0,0.018573337391726064,0
2023-05-19 04:00:00+00:00,112.03246893744529,113.04127977776547,111.09636680886886,111.84161376953125,2135500,0.0,0.0,4191.97998046875,,330.64501953125,111.84161376953125,0.008159505084743363,0.28032154817714405,-0.0014458676054706077,0.0,-0.0022534207885296365,0
2023-05-22 04:00:00+00:00,112.19603076126764,114.23183255494294,111.32354724992788,112.9049301147461,2130800,0.0,0.0,4192.6298828125,,331.75531005859375,112.9049301147461,0.00946243052929184,0.294824543108784,0.0001550346964389604,0.0,0.0033579532784671073,0
2023-05-23 04:00:00+00:00,112.38691034617693,113.61384025872239,111.5144197648413,112.27784729003906,4400700,0.0,0.0,4145.580078125,,327.5499267578125,112.27784729003906,-0.005569559563498296,0.13418216811291492,-0.011222026747550129,0.0,-0.01267615972759717,0
2023-05-24 04:00:00+00:00,112.2324104709867,112.2324104709867,109.36048579720392,109.98757934570312,2359800,0.0,0.0,4115.240234375,,325.8697509765625,109.98757934570312,-0.020609134238993583,0.19461784338485547,-0.007318600335353365,0.0,-0.0051295257424750496,0
2023-05-25 04:00:00+00:00,110.8782200932027,112.11424015059164,109.88759014358449,110.86004638671875,2709800,0.0,0.0,4151.27978515625,,333.7991027832031,110.86004638671875,0.00790111803971213,0.2060956879956921,0.008757581265902425,0.0,0.02433288693681468,0
2023-05-26 04:00:00+00:00,111.32355519678693,113.90465850256695,110.94184493343029,113.55929565429688,2378200,0.0,0.0,4205.4501953125,,342.3277587890625,113.55929565429688,0.02405656675764533,0.2679901727245651,0.01304908677799732,0.0,0.025550266416978884,0
2023-05-30 04:00:00+00:00,114.23184671077695,114.9043848673406,112.77770041112747,112.97764587402344,2723100,0.0,0.0,4205.52001953125,,343.8802490234375,112.97764587402344,-0.005135154156447019,0.2660092686755271,1.660326849850513e-05,0.0,0.004535098876780275,0
2023-05-31 04:00:00+00:00,112.97764416170037,114.67717363667414,112.17786925612154,113.19577026367188,14817700,0.0,0.0,4179.830078125,,341.9249572753906,113.19577026367188,0.0019288248901970706,0.2611722626824047,-0.006108624209833935,0.0,-0.005685967000429892,0
2023-06-01 04:00:00+00:00,112.23239550741833,112.8504055852859,110.56013702253152,111.45988464355469,3082900,0.0,0.0,4221.02001953125,,345.8748474121094,111.45988464355469,-0.015454052726462537,0.23474693023896537,0.009854453563032717,0.0,0.011551921123843067,0
2023-06-02 04:00:00+00:00,112.69590657204068,113.88648207585425,111.72345023623404,113.53203582763672,3084500,0.0,0.0,4282.3701171875,,348.4689025878906,113.53203582763672,0.018420303900667345,0.26005851312356915,0.014534424705965554,0.0,0.0074999821328158855,0
2023-06-05 04:00:00+00:00,113.71381400968505,114.11369801799718,112.25966765038514,113.26847839355469,1977500,0.0,0.0,4273.7900390625,,348.71453857421875,113.26847839355469,-0.002324135407039584,0.19640687663114276,-0.0020035816359177394,0.0,0.0007049007372075256,0
2023-06-06 04:00:00+00:00,114.00463121854487,115.5496529132593,113.19576602222128,114.35907745361328,2255700,0.0,0.0,4283.85009765625,,348.6555480957031,114.35907745361328,0.009582384708019271,0.20228925074657647,0.0023538963079141606,0.0,-0.00016916552649859362,0
2023-06-07 04:00:00+00:00,114.90437703993256,116.80385187416664,114.10460217671361,116.38578033447266,2952000,0.0,0.0,4267.52001953125,,342.740478515625,116.38578033447266,0.01756706537570347,0.2285993350544161,-0.0038120096998572883,0.0,-0.016965367717178825,0
2023-06-08 04:00:00+00:00,116.04042723514306,116.04042723514306,113.25029506606661,113.52294921875,2749500,0.0,0.0,4293.93017578125,,346.9950256347656,113.52294921875,-0.024905353517404614,0.28597658845917623,0.0061886426142414575,0.0,0.012413319656804589,0
2023-06-09 04:00:00+00:00,113.69562580216969,113.85012658905386,110.04210030551987,110.25112915039062,3312600,0.0,0.0,4298.85986328125,,348.3215026855469,110.25112915039062,-0.029244256241153347,0.3281596938630297,0.001148059539441082,0.0,0.0038227552350489358,0
2023-06-12 04:00:00+00:00,109.96938082062613,110.20568060519889,107.63366780286566,108.7151870727539,4551200,0.0,0.0,4338.93017578125,,354.2070617675781,108.7151870727539,-0.014029256152826594,0.33071447191104825,0.009321148810237156,0.0,0.016896915742076857,0
2023-06-13 04:00:00+00:00,108.66975278300013,110.36928223598379,108.15171543181651,110.28748321533203,2751600,0.0,0.0,4369.009765625,,356.92877197265625,110.28748321533203,0.014358940509508783,0.34817777184882615,0.006932489951473775,0.0,0.007683952407657069,0
2023-06-14 04:00:00+00:00,110.58740039589891,112.3414578907821,110.11480771980519,111.12361145019531,2895300,0.0,0.0,4372.58984375,,359.52276611328125,111.12361145019531,0.007552758011591302,0.30816753625713755,0.0008194255259321714,0.0,0.007267540036878017,0
2023-06-15 04:00:00+00:00,110.28150104156873,111.73690590467861,109.54006191894386,111.41653442382812,2686600,0.87,0.0,4425.83984375,,363.80682373046875,111.41653442382812,0.0026325420220440587,0.2808535399415764,0.01217813742034668,0.0,0.01191595643163712,0
2023-06-16 04:00:00+00:00,112.49664515362963,113.88797567329398,112.04812509567903,112.24949645996094,5837200,0.0,0.0,4409.58984375,,361.5173645019531,112.24949645996094,0.007448300340495595,0.16984886834623972,-0.0036716195284263176,0.0,-0.006293062909154767,0
2023-06-20 04:00:00+00:00,111.51721786939136,111.6545219208628,109.33867794443205,110.61101531982422,3971900,0.0,0.0,4388.7099609375,,360.9998779296875,110.61101531982422,-0.014704360583230727,0.17427158192534856,-0.0047351076976228645,0.0,-0.0014314293671026102,0
2023-06-21 04:00:00+00:00,110.24488659464342,110.89478502509279,109.54006235042152,110.47372436523438,2697000,0.0,0.0,4365.68994140625,,356.0802307128906,110.47372436523438,-0.0012419760172780116,0.14563140662239962,-0.005245281583003636,0.0,-0.013627836233659596,0
2023-06-22 04:00:00+00:00,110.63847194352918,110.92222850354966,107.7001962293241,108.61554718017578,2707700,0.0,0.0,4381.89013671875,,360.2815856933594,108.61554718017578,-0.01696314683984689,0.17091603518760617,0.003710798414438443,0.0,0.011798899849220668,0
2023-06-23 04:00:00+00:00,108.41417321945826,110.11672661529015,106.88553176246164,107.00453186035156,4297200,0.0,0.0,4348.330078125,,356.7099609375,107.00453186035156,-0.0149433698917965,0.16982477298407486,-0.007658808766684566,0.0,-0.009913425769418116,0
2023-06-26 04:00:00+00:00,106.81233667044307,109.05494437806229,106.80318120279271,108.93595123291016,2828900,0.0,0.0,4328.81982421875,,351.92816162109375,108.93595123291016,0.01788891875476034,0.23401567692017405,-0.004486838293256468,0.0,-0.013405286759693436,0
2023-06-27 04:00:00+00:00,109.59498152811283,111.30668347900028,108.97254255045172,110.63848114013672,3670000,0.0,0.0,4378.41015625,,357.979248046875,110.63848114013672,0.015507853162186749,0.2600089508435463,0.011455854954693034,0.0,0.01719409551627815,0
2023-06-28 04:00:00+00:00,110.47371975912793,110.81239517599407,108.90847031157647,110.3913345336914,3295000,0.0,0.0,4376.85986328125,,358.67779541015625,110.3913345336914,-0.0022363200972939697,0.2604156507419241,-0.00035407668843834283,0.0,0.0019513627314782234,0
2023-06-29 04:00:00+00:00,110.06181978577376,111.51723173866048,109.63160362999231,111.21516418457031,2925100,0.0,0.0,4396.43994140625,,357.9595031738281,111.21516418457031,0.007435101865691734,0.21477686077794292,0.004473544672805918,0.0,-0.0020026113841442594,0
2023-06-30 04:00:00+00:00,112.17627368366492,112.47833422187492,109.75974747653918,112.24949645996094,6598700,0.0,0.0,4450.3798828125,,363.4793395996094,112.24949645996094,0.009257299646807191,0.12512377166703312,0.012269004495714109,0.0,0.015420281838699479,0
2023-07-03 04:00:00+00:00,111.33415323965015,114.15343634069791,111.2609304582062,113.3662338256836,1481700,0.0,0.0,4455.58984375,,364.33526611328125,113.3662338256836,0.009899544543344671,0.1024657866450691,0.0011706778016009611,0.0,0.002354814759525814,0
2023-07-05 04:00:00+00:00,112.81702688415558,115.2793236610365,111.76437168689878,113.494384765625,4228600,0.0,0.0,4446.81982421875,,364.32550048828125,113.494384765625,0.0011297769914241453,0.0852490964430871,-0.0019683184132291975,0.0,-2.6803952041687396e-05,0
2023-07-06 04:00:00+00:00,111.39822155940695,112.71632932470199,109.68651954130372,112.57902526855469,2740800,0.0,0.0,4411.58984375,,361.55084228515625,112.57902526855469,-0.008097940391218026,0.12006360148546714,-0.007922511336500904,0.0,-0.007615877009449767,0
2023-07-07 04:00:00+00:00,111.52636934572119,112.15796380930205,110.78493722487366,111.6636734008789,2517800,0.0,0.0,4398.9501953125,,360.3504333496094,111.6636734008789,-0.008163984443349055,0.14064012593225275,-0.0028651005386203243,0.0,-0.0033201663366617673,0
2023-07-10 04:00:00+00:00,111.27006362069311,112.0481175456331,110.63847618919874,111.4989013671875,1989700,0.0,0.0,4409.52978515625,,360.4685363769531,111.4989013671875,-0.0014766997898734476,0.11897473741258896,0.002405026057131332,0.0,0.0003277449294174506,1
2023-07-11 04:00:00+00:00,111.87419978576324,112.9909291176289,110.09841661977529,112.78955078125,2356900,0.0,0.0,4439.259765625,,362.24945068359375,112.78955078125,0.011508962212533443,0.12870564137562118,0.0067422110558885695,0.0,0.004940554103668671,1
2023-07-12 04:00:00+00:00,114.73009877297287,116.18551059318925,114.28157870793892,114.63856506347656,3743600,0.0,0.0,4472.16015625,,366.8246765136719,114.63856506347656,0.01626056669428227,0.1794497711696899,0.007411233485312474,0.0,0.01263004214759822,1
2023-07-13 04:00:00+00:00,114.73010344618868,116.43265704975136,113.49438085871891,116.20381927490234,2831500,0.0,0.0,4510.0400390625,,373.05291748046875,116.20381927490234,0.013561445442779001,0.16814083402986246,0.008470153458069118,0.0,0.016978794954555676,1
2023-07-14 04:00:00+00:00,115.75530005573594,117.04594846763521,115.16032043997191,116.93610382080078,2655400,0.0,0.0,4505.419921875,,372.97418212890625,116.93610382080078,0.006281952437382528,0.11132216476908621,-0.0010244071333035398,0.0,-0.0002110567908013561,1
2023-07-17 04:00:00+00:00,117.00017743463461,117.84230575495734,116.35027899104156,117.14663696289062,2811600,0.0,0.0,4522.7900390625,,376.45721435546875,117.14663696289062,0.0017987930092814176,0.09228060979871121,0.0038553825145495324,0.0,0.009338534390454623,1
2023-07-18 04:00:00+00:00,118.76679306645548,118.76679306645548,110.72085688311527,113.50352478027344,6395000,0.0,0.0,4554.97998046875,,379.536865234375,113.50352478027344,-0.03159256566675219,0.30547023860334677,0.007117275205842377,0.0,0.008180613258212954,0
2023-07-19 04:00:00+00:00,114.80332892689921,115.7003760436115,112.22203920225287,112.38680267333984,3594100,0.0,0.0,4565.72021484375,,379.4483337402344,112.38680267333984,-0.009887375144279112,0.279922372005002,0.002357910335732072,0.0,-0.0002332619101070854,0
2023-07-20 04:00:00+00:00,113.58591217243809,113.89713517111699,111.94743988467758,113.28385162353516,2709300,0.0,0.0,4534.8701171875,,370.7012634277344,113.28385162353516,0.007950113653590177,0.25990381724929484,-0.006756896218903741,0.0,-0.023052072007484825,0
2023-07-21 04:00:00+00:00,113.57675445886476,116.40518571425146,113.36622065478946,114.8216323852539,3304800,0.0,0.0,4536.33984375,,369.5894470214844,114.8216323852539,0.013483271263996061,0.28369357724157346,0.0003240945218980773,0.0,-0.0029992247557223406,0
2023-07-24 04:00:00+00:00,114.75755300333546,116.64317375661018,114.70262719660194,116.25872802734375,1952700,0.0,0.0,4554.64013671875,,370.1798095703125,116.25872802734375,0.012438219908862423,0.3057630971284374,0.004034153877153557,0.0,0.001597346876610839,0
2023-07-25 04:00:00+00:00,115.9200648128004,117.75991552844121,115.9200648128004,116.34112548828125,2817700,0.0,0.0,4567.4599609375,,372.6888732910156,116.34112548828125,0.0007084911115702064,0.15391485200583324,0.002814673351556163,0.0,0.0067779594019876654,0
2023-07-26 04:00:00+00:00,116.6889732980693,118.49220928426503,116.46928398330832,118.33660125732422,2778900,0.0,0.0,4566.75,,371.44903564453125,118.33660125732422,0.017006504119266103,0.09951680315293884,-0.00015543889679858758,0.0,-0.0033267364156488455,0
2023-07-27 04:00:00+00:00,118.9956421954483,119.23362845166547,114.29989359828402,114.36396789550781,2980000,0.0,0.0,4537.41015625,,370.5635681152344,114.36396789550781,-0.034147053299914916,0.33433108412227347,-0.006424666064487883,0.0,-0.002383819701565315,0
2023-07-28 04:00:00+00:00,115.43492940355371,116.11228727168145,112.92686930967277,113.18316650390625,2318500,0.0,0.0,4582.22998046875,,377.3132019042969,113.18316650390625,-0.010378614469748994,0.3250260289474517,0.009877842794752345,0.0,0.018214509924417532,0
2023-07-31 04:00:00+00:00,113.56761678645363,115.01387327805092,112.95433319263107,114.19005584716797,2673600,0.0,0.0,4588.9599609375,,377.5100402832031,114.19005584716797,0.008856767870356691,0.315243288841793,0.0014687129405193122,0.0,0.000521684314020332,0
2023-08-01 04:00:00+00:00,113.97035669521276,114.14426863902207,112.62478958741826,113.66828918457031,2279200,0.0,0.0,4576.72998046875,,376.63433837890625,113.66828918457031,-0.004579753921166842,0.3129266815750248,-0.002665087639215691,0.0,-0.0023196784478630716,0
2023-08-02 04:00:00+00:00,113.00923871897518,113.750670827672,111.63621215704819,113.21061706542969,2096800,0.0,0.0,4513.39013671875,,368.3694763183594,113.21061706542969,-0.004034511162892595,0.2506502490880273,-0.013839541336347905,0.0,-0.02194399505929323,0
2023-08-03 04:00:00+00:00,111.98405309246414,113.51269477616583,110.37304014334147,113.32962036132812,2718200,0.0,0.0,4501.89013671875,,367.77911376953125,113.32962036132812,0.0010506151860387562,0.11447378963888902,-0.0025479738404268204,0.0,-0.0016026369902535365,0
2023-08-04 04:00:00+00:00,113.00009108856828,114.62942192123484,111.34330782370573,111.89251708984375,2045100,0.0,0.0,4478.02978515625,,366.05718994140625,111.89251708984375,-0.012761825210281413,0.12633841783830785,-0.005300074155050516,0.0,-0.004681951105042992,0
2023-08-07 04:00:00+00:00,112.02981586985364,114.06189634396512,111.78267415599588,113.89713287353516,1518100,0.0,0.0,4518.43994140625,,369.15655517578125,113.89713287353516,0.017756956145731657,0.1801615785859429,0.00902409277936278,0.0,0.008466888015151719,0
2023-08-08 04:00:00+00:00,112.96347725002917,113.37538243208003,111.76436261702175,112.97262573242188,1369500,0.0,0.0,4499.3798828125,,366.017822265625,112.97262573242188,-0.008150158613710932,0.18689537447396995,-0.004218283044793103,0.0,-0.008502443925617609,0
2023-08-09 04:00:00+00:00,112.70717321221636,113.53099056080057,111.99320050463481,112.22203826904297,2190800,0.0,0.0,4467.7099609375,,361.99365234375,112.22203826904297,-0.006666145898476883,0.1902881956259768,-0.007038730380597102,0.0,-0.010994464414234462,0
2023-08-10 04:00:00+00:00,112.69804172977342,114.19006166469187,111.17855539278037,111.81930541992188,1590600,0.0,0.0,4468.830078125,,362.6626281738281,111.81930541992188,-0.0035951693225432886,0.18882689604876784,0.00025071394456976925,0.0,0.0018480319357723207,0
2023-08-11 04:00:00+00:00,111.44398816260944,113.40283881269546,111.05954240516995,113.05500793457031,1715900,0.0,0.0,4464.0498046875,,360.3504333496094,113.05500793457031,0.010990272158363748,0.1841918126100524,-0.0010696923700230787,0.0,-0.00637560819503713,0
2023-08-14 04:00:00+00:00,112.9909272370189,113.60421071772986,112.46002199241518,113.02754211425781,1499400,0.0,0.0,4489.72021484375,,364.3943786621094,113.02754211425781,-0.00024297160874808493,0.12112702944693259,0.005750475751703066,0.0,0.011222257386815926,0
2023-08-15 04:00:00+00:00,111.91082685032184,112.75294818181608,111.50807013370517,112.30442810058594,1458900,0.0,0.0,4437.85986328125,,360.527587890625,112.30442810058594,-0.00641823257741092,0.11566713149146216,-0.011550909428841738,0.0,-0.010611554397961576,0
2023-08-16 04:00:00+00:00,112.3410435274735,112.52411095396492,111.22431406858168,111.53553009033203,1348700,0.0,0.0,4404.330078125,,356.7099609375,111.53553009033203,-0.006870096301698151,0.11628326452224155,-0.007555395210577687,0.0,-0.0105890009013212,0
2023-08-17 04:00:00+00:00,111.70029408625228,112.6705640215964,109.95197710934497,110.02519989013672,1736700,0.0,0.0,4370.35986328125,,352.8136291503906,110.02519989013672,-0.013633766193296036,0.1469553864384226,-0.007712913029036983,0.0,-0.010922968836836189,0
2023-08-18 04:00:00+00:00,109.13731387170428,111.51722531636503,108.76201657152538,111.18769836425781,1886800,0.0,0.0,4369.7099609375,,352.37091064453125,111.18769836425781,0.010510320010583697,0.1440390198617507,-0.00014870682600087726,0.0,-0.0012548225728282736,0
2023-08-21 04:00:00+00:00,110.67510778477259,111.18770217960673,109.12816215005188,109.97028350830078,1743000,0.0,0.0,4399.77001953125,,358.0480651855469,109.97028350830078,-0.011009570105433403,0.1496678495908517,0.006879188518795987,0.0,0.01611130308864417,0
2023-08-22 04:00:00+00:00,110.63849027499823,111.18769953979191,109.62244999252131,110.77578735351562,1468700,0.0,0.0,4387.5498046875,,357.5365295410156,110.77578735351562,0.007298045371859706,0.17397818916045568,-0.002777466728829614,0.0,-0.0014286787006269064,0
2023-08-23 04:00:00+00:00,111.6636713981499,112.9360087848811,111.29752958548768,112.65225219726562,2167700,0.0,0.0,4436.009765625,,363.1742858886719,112.65225219726562,0.016797434809809674,0.21491090651257572,0.011044879965972587,0.0,0.015768336608552147,0
2023-08-24 04:00:00+00:00,112.81702713686818,114.666033352667,111.36162218758356,111.43484497070312,1887000,0.0,0.0,4376.31005859375,,355.41119384765625,111.43484497070312,-0.01086558948987133,0.20278711983256253,-0.013457974663146133,0.0,-0.021375665466016325,0
2023-08-25 04:00:00+00:00,111.74605699930504,112.95432009665511,111.14192195884289,112.27696228027344,2559800,0.0,0.0,4405.7099609375,,358.1661682128906,112.27696228027344,0.0075286262046730034,0.19641436449828215,0.006717966037625089,0.0,0.007751512650485903,0
2023-08-28 04:00:00+00:00,113.16484239385858,114.34564603000481,113.05500474259081,113.50352478027344,2106400,0.0,0.0,4433.31005859375,,360.8620910644531,113.50352478027344,0.010865195504771294,0.16424500437796286,0.006264619755036449,0.0,0.007527017040761086,0
2023-08-29 04:00:00+00:00,113.47606239818188,114.73924423972586,112.36848854757817,114.51040649414062,1833500,0.0,0.0,4497.6298828125,,368.7432861328125,114.51040649414062,0.008831813504027026,0.16517590658408232,0.01450830719454621,0.0,0.021839908550969733,0
2023-08-30 04:00:00+00:00,114.86740083658135,115.2976169456835,114.1442726720271,115.05962371826172,1849300,0.0,0.0,4514.8701171875,,370.7997131347656,115.05962371826172,0.004784755844849351,0.13845174171426713,0.003833182103508026,0.0,0.005576852730038384,0
2023-08-31 04:00:00+00:00,114.7484103213135,115.25185620160866,113.40284313541046,113.68659973144531,3277600,0.0,0.0,4507.66015625,,371.9115295410156,113.68659973144531,-0.012004923673766706,0.14629156826383424,-0.0015969365120942491,0.0,0.002998428442273049,0
2023-09-01 04:00:00+00:00,114.78502584825455,114.9406338544675,113.54930329752463,114.04358673095703,1591000,0.0,0.0,4515.77001953125,,371.5179443359375,114.04358673095703,0.003135177619351601,0.14290315315675775,0.0017991292600010311,0.0,-0.0010582764281705792,0
2023-09-05 04:00:00+00:00,113.73237467696188,113.96121245297186,111.54468609699242,111.7186050415039,2854100,0.0,0.0,4496.830078125,,371.9902648925781,111.7186050415039,-0.020597460269572185,0.1990414488679622,-0.004194177587506065,0.0,0.0012713263621353388,0
2023-09-06 04:00:00+00:00,111.63621382062921,112.06642993381588,109.48514023827023,111.10530853271484,2786400,0.0,0.0,4465.47998046875,,368.7137756347656,111.10530853271484,-0.005504777720273127,0.16821466616116473,-0.006971599351452862,0.0,-0.008807997324227435,0
2023-09-07 04:00:00+00:00,110.78492626942659,113.06414821878617,110.50116970478234,112.8719253540039,2531900,0.0,0.0,4451.14013671875,,366.0768127441406,112.8719253540039,0.015775294900808673,0.22219531603411777,-0.0032112659361860363,0.0,-0.007151788365068024,0
2023-09-08 04:00:00+00:00,113.12823879880527,113.29300227571413,111.55384077715634,112.1122055053711,1758000,0.0,0.0,4457.490234375,,366.5885314941406,112.1122055053711,-0.006753567314634435,0.21297346266641837,0.0014266227216406246,0.0,0.0013978452941723063,0
2023-09-11 04:00:00+00:00,112.39597415913137,112.39597415913137,110.77579863192429,111.81930541992188,1992800,0.0,0.0,4487.4599609375,,370.907958984375,111.81930541992188,-0.00261598067439332,0.2067165636692983,0.006723453106275201,0.0,0.011782767651320913,0
2023-09-12 04:00:00+00:00,111.47145135405961,112.19457953198369,110.95885699343471,111.65452575683594,2275300,0.0,0.0,4461.89990234375,,366.795166015625,111.65452575683594,-0.001474711308088712,0.1449989815749137,-0.005695885604828921,0.0,-0.01108844625500005,0
2023-09-13 04:00:00+00:00,111.56298936649786,111.89251632063026,110.71171256558495,110.97716522216797,1864700,0.0,0.0,4467.43994140625,,368.19232177734375,110.97716522216797,-0.006085051250235967,0.14640957728358847,0.0012416323054647016,0.0,0.0038090898985818633,0
2023-09-14 04:00:00+00:00,112.28610933387078,113.83305481151643,111.82843381821932,113.80559539794922,3375500,0.0,0.0,4505.10009765625,,371.2030944824219,113.80559539794922,0.02516722775238782,0.21171400698373674,0.00842991886716793,0.0,0.008177174066380521,0
2023-09-15 04:00:00+00:00,113.10503282881757,113.65811931393176,112.33994298561163,113.54750061035156,4818500,0.87,0.0,4450.31982421875,,364.8470153808594,113.54750061035156,-0.0022704322307401975,0.20270714086162267,-0.012159612938677844,0.0,-0.01712291518050235,0
2023-09-18 04:00:00+00:00,113.46452481618942,114.17431579417746,112.4597647202459,113.13268280029297,1654500,0.0,0.0,4453.52978515625,,365.227294921875,113.13268280029297,-0.003659942981021131,0.20450887863062706,0.0007212876971294246,0.0,0.0010422986210223417,0
2023-09-19 04:00:00+00:00,113.16034622764514,113.70420569902781,111.78685702470078,112.06340026855469,1834000,0.0,0.0,4443.9501953125,,364.4488525390625,112.06340026855469,-0.009496529008629144,0.22117455487295334,-0.002151010615372817,0.0,-0.0021313915844625164,0
2023-09-20 04:00:00+00:00,112.87457741244945,113.4645297395314,111.41813656090828,111.45500946044922,2497800,0.0,0.0,4402.2001953125,,359.197021484375,111.45500946044922,-0.005443778087898355,0.21997310195992276,-0.0093947947580596,0.0,-0.014410337741767476,0
2023-09-21 04:00:00+00:00,110.3764903583333,111.3167316624365,105.49094748149734,105.59234619140625,3722800,0.0,0.0,4330.0,,352.61492919921875,105.59234619140625,-0.05403511747686071,0.34923799876603046,-0.01640093410321941,0.0,-0.018324462318634716,0
2023-09-22 04:00:00+00:00,105.59237018140469,106.90132669225211,104.76274738129446,105.14990234375,3612300,0.0,0.0,4320.06005859375,,352.66424560546875,105.14990234375,-0.00419891598185182,0.34505949264343405,-0.002295598477193961,0.0,0.00013985909888170056,0
2023-09-25 04:00:00+00:00,104.57836992494663,104.99318479012007,103.60126265492414,104.39401245117188,3221000,0.0,0.0,4337.43994140625,,354.33929443359375,104.39401245117188,-0.007214651611934663,0.3383185738944815,0.0040230650909416354,0.0,0.004749698470989605,0
2023-09-26 04:00:00+00:00,103.33393268970639,104.21886116541889,102.3199525841683,102.78085327148438,3179200,0.0,0.0,4273.52978515625,,349.0184326171875,102.78085327148438,-0.015573238352529226,0.33358881528855905,-0.014734533990868215,0.0,-0.015016290600543103,0
2023-09-27 04:00:00+00:00,103.36159012299292,103.83171081378156,102.17246545381384,102.55040740966797,3226600,0.0,0.0,4274.509765625,,349.8362731933594,102.55040740966797,-0.0022446261500312795,0.341428933809576,0.00022931406074522265,0.0,0.0023432589793013214,0
2023-09-28 04:00:00+00:00,103.25097585838817,104.31104886545069,102.5872777310869,103.36158752441406,2177000,0.0,0.0,4299.7001953125,,352.76275634765625,103.36158752441406,0.007878941791153898,0.1347319684428135,0.005893173970516585,0.0,0.008365293648893157,0
2023-09-29 04:00:00+00:00,105.12223923936418,105.20519799494515,102.73476980325353,103.43534088134766,3414600,0.0,0.0,4288.0498046875,,353.0189514160156,103.43534088134766,0.000713292606705864,0.13933107976242226,-0.002709582086142026,0.0,0.0007262531651921478,0
2023-10-02 04:00:00+00:00,102.94678324364023,103.88701760105482,100.27355770930035,100.937255859375,3570000,0.0,0.0,4288.39013671875,,355.9651184082031,100.937255859375,-0.024447597015478894,0.2071392694598343,7.936755559079245e-05,0.0,0.008345634081031506,0
2023-10-03 04:00:00+00:00,100.41182710541098,100.5869716224645,98.56822429949709,99.0936508178711,2466300,0.0,0.0,4229.4501953125,,349.71807861328125,99.0936508178711,-0.018433723837152124,0.21564944882251846,-0.013744071674259506,0.0,-0.017549584135819973,0
2023-10-04 04:00:00+00:00,99.84031270375503,100.05233013147901,98.05202267475627,99.94171142578125,2700300,0.0,0.0,4263.75,,354.4772033691406,99.94171142578125,0.008521759455719523,0.2433390465015904,0.008109754957160709,0.0,0.0136084607771223,0
2023-10-05 04:00:00+00:00,99.78500146598016,100.88194738154822,99.2227020498307,100.5040054321289,3377100,0.0,0.0,4258.18994140625,,353.4327697753906,100.5040054321289,0.005610451449030207,0.23611057213205955,-0.001304030159777203,0.0,-0.0029464055341871243,0
2023-10-06 04:00:00+00:00,99.56377936487745,101.16771196350108,98.58666501828779,100.39340209960938,2217300,0.0,0.0,4308.5,,359.35467529296875,100.39340209960938,-0.001101092792118103,0.23338633881142345,0.011814893014644445,0.0,0.016755394587042893,0
2023-10-09 04:00:00+00:00,99.48081548121024,101.45347011449006,99.29645799564264,100.900390625,1818300,0.0,0.0,4335.66015625,,361.1874084472656,100.900390625,0.005037309800523419,0.17215973882904745,0.00630385429964031,0.0,0.005100067649885798,1
2023-10-10 04:00:00+00:00,100.77131788967525,102.67022631821995,100.1997985515605,101.70233917236328,2430400,0.0,0.0,4358.240234375,,363.1876220703125,101.70233917236328,0.007916504742135191,0.0606107687098059,0.005207990781392224,0.0,0.005537883038740921,1
2023-10-11 04:00:00+00:00,102.6333594149322,103.80405107328664,102.43056902452088,103.6104736328125,3561700,0.0,0.0,4376.9501953125,,365.7791442871094,103.6104736328125,0.01858811805572217,0.11400784889163311,0.00429300817103373,0.0,0.007135491573265096,1
2023-10-12 04:00:00+00:00,103.26018036589596,103.60124938475762,100.95567707495859,101.07551574707031,2314500,0.0,0.0,4349.60986328125,,364.50799560546875,101.07551574707031,-0.024770503425880344,0.2562053326396534,-0.00624643434611849,0.0,-0.0034751808611670487,1
2023-10-13 04:00:00+00:00,101.52719642291399,101.88669837367735,100.33807188085599,101.07551574707031,2578700,0.0,0.0,4327.77978515625,,359.9261474609375,101.07551574707031,0.0,0.25571894093573255,-0.005018858888767519,0.0,-0.012569952373528981,1
2023-10-16 04:00:00+00:00,101.88669860992648,102.29229344056343,100.49477664979274,102.24620056152344,3131800,0.0,0.0,4373.6298828125,,363.9956359863281,102.24620056152344,0.011515717778633779,0.26554440263406875,0.01059436938392988,0.0,0.011306454265961108,1
2023-10-17 04:00:00+00:00,101.61939440902673,104.31106010793964,99.0844403085181,99.67439270019531,5379100,0.0,0.0,4373.2001953125,,362.80340576171875,99.67439270019531,-0.025474835460802626,0.32334339843923193,-9.824505308242415e-05,0.0,-0.0032753970288098566,0
2023-10-18 04:00:00+00:00,99.20426223967421,99.72968871949904,96.06091631047246,96.21762084960938,3734600,0.0,0.0,4314.60009765625,,358.0441589355469,96.21762084960938,-0.03529629063607012,0.3119873786737497,-0.013399820506516447,0.0,-0.013117977258729652,0
2023-10-19 04:00:00+00:00,95.37879042633291,96.35589764389144,94.08826708084142,94.55838775634766,6388500,0.0,0.0,4278.0,,354.6940002441406,94.55838775634766,-0.017395006254727945,0.3013583957468496,-0.008482848196321058,0.0,-0.009356831015945533,0
2023-10-20 04:00:00+00:00,94.71508876070195,96.75226890130436,94.0237377478501,94.42011260986328,5620500,0.0,0.0,4224.16015625,,349.4027099609375,94.42011260986328,-0.001463395792569847,0.29743387511608177,-0.012585283719027562,0.0,-0.014917901852191107,0
2023-10-23 04:00:00+00:00,93.40613662106671,94.5768212929997,92.70556559485274,92.92679595947266,3978700,0.0,0.0,4217.0400390625,,350.45703125,92.92679595947266,-0.01594206479083961,0.19873062679598522,-0.0016855698941634634,0.0,0.0030174960268063433,0
2023-10-24 04:00:00+00:00,93.28629171813243,94.28183884171003,92.97288264188727,93.7471923828125,3050700,0.0,0.0,4247.68017578125,,353.8663635253906,93.7471923828125,0.008789673510401443,0.26684428977526037,0.007265792222727274,0.0,0.009728246179653732,0
2023-10-25 04:00:00+00:00,92.81617053497241,93.00052797269642,90.56697322425529,91.0186538696289,4069000,0.0,0.0,4186.77001953125,,345.2051696777344,91.0186538696289,-0.029537243397298893,0.23698617710464823,-0.014339628627712542,0.0,-0.024475889037231968,0
2023-10-26 04:00:00+00:00,91.09241627950625,92.63182296703275,90.98179757701594,91.83907318115234,3501400,0.0,0.0,4137.22998046875,,338.6230773925781,91.83907318115234,0.008973367763590884,0.26518374309897536,-0.011832519778109618,0.0,-0.01906718920606243,0
2023-10-27 04:00:00+00:00,91.45191319649562,91.50721902827821,89.0828839537278,89.70970916748047,4082900,0.0,0.0,4117.3701171875,,340.24896240234375,89.70970916748047,-0.023458837204381983,0.28738084342116116,-0.004800280229768528,0.0,0.0048014595528604875,0
2023-10-30 04:00:00+00:00,90.5116897263173,91.33209248229585,89.37787080955398,91.1477279663086,3588700,0.0,0.0,4166.81982421875,,344.08184814453125,91.1477279663086,0.01590257085082216,0.3328638486669328,0.012010022325859904,0.0,0.01126494468969197,0
2023-10-31 04:00:00+00:00,91.98656198389541,92.95444922826759,91.0924135061517,92.87149047851562,4561600,0.0,0.0,4193.7998046875,,345.72735595703125,92.87149047851562,0.01873514024590426,0.36282616854847577,0.006474957307233353,0.0,0.004782315083964539,0
2023-11-01 04:00:00+00:00,93.15723288542414,93.96842249346804,92.51197481792146,93.6550064086914,2585500,0.0,0.0,4237.85986328125,,351.7281188964844,93.6550064086914,0.008401171432527115,0.26825755579373045,0.010505999486313922,0.0,0.017356922546212683,0
2023-11-02 04:00:00+00:00,95.83967780488543,97.23159967198067,95.64610038487119,96.5310287475586,4532300,0.0,0.0,4317.77978515625,,358.1131591796875,96.5310287475586,0.030246611910483088,0.32173914518096625,0.01885855702012762,0.0,0.01815334043589023,0
2023-11-03 04:00:00+00:00,98.72493549967629,99.92328021734858,98.00593148218775,98.21794891357422,4562500,0.0,0.0,4358.33984375,,362.320556640625,98.21794891357422,0.017324479731925746,0.12485443420331739,0.009393730253031363,0.0,0.011748793232215116,0
2023-11-06 05:00:00+00:00,98.04280869749306,99.14896769108971,95.71986496503781,96.7246322631836,3147300,0.0,0.0,4365.97998046875,,363.798583984375,96.7246322631836,-0.015320879119353776,0.27102645620147525,0.0017529924220356374,0.0,0.004079336147675416,0
2023-11-07 05:00:00+00:00,96.78914493031031,97.06568815751147,95.38800992669755,96.07936096191406,3092600,0.0,0.0,4378.3798828125,,367.2374572753906,96.07936096191406,-0.0066935720541567165,0.2899522923205906,0.0028401189192852616,0.0,0.009452684651360066,0
2023-11-08 05:00:00+00:00,96.43886006749764,97.23160979357588,96.1991897465752,96.90897369384766,2588600,0.0,0.0,4382.77978515625,,367.4739074707031,96.90897369384766,0.008597595743062725,0.2900243323246271,0.0010049156221052513,0.0,0.0006438618681949837,0
2023-11-09 05:00:00+00:00,97.40675630327195,97.40675630327195,95.08381977303956,95.20365142822266,3350800,0.0,0.0,4347.35009765625,,364.64599609375,95.20365142822266,-0.017753825988284653,0.2421115350334392,-0.008083839306732843,0.0,-0.00769554332827993,0
2023-11-10 05:00:00+00:00,96.24529223241441,96.55870134792534,94.53995393321438,96.37434387207031,2385600,0.0,0.0,4415.240234375,,372.8440246582031,96.37434387207031,0.012221727388169337,0.21682048283881233,0.015616441094852496,0.0,0.022482157084608323,0
2023-11-13 05:00:00+00:00,95.80281861216706,95.80281861216706,94.13436034905487,94.4662094116211,2473500,0.0,0.0,4411.5498046875,,371.6813049316406,94.4662094116211,-0.019997825596757276,0.23432622211074466,-0.0008358389332403515,0.0,-0.0031185151153445556,0
2023-11-14 05:00:00+00:00,97.71094776575909,101.35206045901003,97.39753866753098,100.78054809570312,5787500,0.0,0.0,4495.7001953125,,379.6822204589844,100.78054809570312,0.06470316358245229,0.5423235539302577,0.019075017703661823,0.0,0.021526279156858008,0
2023-11-15 05:00:00+00:00,100.69757165972268,102.39368970231853,100.52243419568332,101.8682632446289,4620300,0.0,0.0,4502.8798828125,,379.9680480957031,101.8682632446289,0.010735079940302,0.5422983311440907,0.0015970120755575135,0.0,0.0007528075356628694,0
2023-11-16 05:00:00+00:00,102.06186384747795,102.52276460037821,101.42581855798365,101.64704895019531,3609900,0.0,0.0,4508.240234375,,380.2932434082031,101.64704895019531,-0.0021739335401273893,0.5018711149815287,0.0011904273935798848,0.0,0.0008558491013384018,0
2023-11-17 05:00:00+00:00,102.66102160182378,102.76242031563373,100.98334338167669,101.46267700195312,3125100,0.0,0.0,4514.02001953125,,380.38189697265625,101.46267700195312,-0.001815491582383404,0.5131810898349708,0.0012820490603360213,0.0,0.00023311895751443323,0
2023-11-20 05:00:00+00:00,101.2598884676002,102.39370735215132,100.19060243640162,102.31996154785156,3356200,0.0,0.0,4547.3798828125,,385.0129699707031,102.31996154785156,0.008413764875757004,0.442280164319956,0.007390278097329839,0.0,0.012174798629756456,0
2023-11-21 05:00:00+00:00,102.05263558468954,102.34761176130561,101.4903361491422,101.96045684814453,2717300,0.0,0.0,4538.18994140625,,382.7763366699219,101.96045684814453,-0.0035197213092824564,0.10629618943961609,-0.0020209310950652926,0.0,-0.005809241441792068,0
2023-11-22 05:00:00+00:00,103.39846614175721,103.39846614175721,102.10794271539528,102.81773376464844,2325300,0.0,0.0,4556.6201171875,,384.3429870605469,102.81773376464844,0.008372785423205954,0.0952772586867555,0.00406112922094648,0.0,0.00409286113205054,0
2023-11-24 05:00:00+00:00,103.1311339291824,103.26940554014747,102.12637381955625,103.24175262451172,1284500,0.0,0.0,4559.33984375,,383.801025390625,103.24175262451172,0.004115505340464338,0.08875947146533456,0.0005968736678840791,0.0,-0.0014100990213631315,0
2023-11-27 05:00:00+00:00,103.0481719300506,103.70265003299114,102.55961834847427,103.12191772460938,2770900,0.0,0.0,4550.43017578125,,383.4660339355469,103.12191772460938,-0.0011613954449390003,0.08656552145165633,-0.001954157460090089,0.0,-0.000872825847031522,0
2023-11-28 05:00:00+00:00,102.2646489634551,103.37080782381766,101.65625666730513,103.34315490722656,3226900,0.0,0.0,4554.89013671875,,384.4710388183594,103.34315490722656,0.0021430963065377506,0.07342259495486171,0.0009801185306033133,0.0,0.0026208445960598237,0
2023-11-29 05:00:00+00:00,104.40322161414194,105.02082682334307,104.15433131427599,104.20042419433594,3241100,0.0,0.0,4550.580078125,,384.0965881347656,104.20042419433594,0.008261148490251865,0.06486281243214105,-0.0009462486392383118,0.0,-0.0009739372951070857,0
2023-11-30 05:00:00+00:00,104.22809093154186,106.21918546337552,103.5183069008784,105.94264221191406,8202800,0.0,0.0,4567.7998046875,,383.1310119628906,105.94264221191406,0.01658163617630816,0.10848101015957903,0.0037840728581564065,0.0,-0.002513888958410204,0
2023-12-01 05:00:00+00:00,106.05325584405063,109.205815002473,105.79514553973742,109.01223754882812,4159700,0.0,0.0,4594.6298828125,,384.22479248046875,109.01223754882812,0.028562310567177625,0.1900570110617552,0.005873742123607695,0.0,0.002854847254400994,0
2023-12-04 05:00:00+00:00,108.3208698066128,110.96643496517757,108.21025112179755,110.92034912109375,5388600,0.0,0.0,4569.77978515625,,380.65777587890625,110.92034912109375,0.017352221228790855,0.15910209661681254,-0.005408509126972105,0.0,-0.00928367109924022,0
2023-12-05 05:00:00+00:00,109.69437134593642,109.99856750896626,108.52368661171272,109.37174224853516,3727700,0.0,0.0,4567.18017578125,,381.6136169433594,109.37174224853516,-0.01405980916823185,0.2528559421477349,-0.0005688697261614362,0.0,0.002511024665780681,0
2023-12-06 05:00:00+00:00,110.23822984110082,110.60695182033763,109.25190259049475,109.74046325683594,2989100,0.0,0.0,4549.33984375,,379.4064025878906,109.74046325683594,0.0033655939476218205,0.25892641353750256,-0.003906202808869552,0.0,-0.0057838983135560795,0
2023-12-07 05:00:00+00:00,109.86950704472757,110.35806064337592,109.19658895323983,109.64826965332031,3072200,0.0,0.0,4585.58984375,,384.7075500488281,109.64826965332031,-0.0008404589216556831,0.2620763066707775,0.007968189065892917,0.0,0.013972214029017271,0
2023-12-08 05:00:00+00:00,109.29800051173815,110.54243109531834,108.8094468556708,110.4779052734375,4257600,0.0,0.0,4604.3701171875,,386.42205810546875,110.4779052734375,0.007537854584194182,0.1830664101999901,0.00409549786994079,0.0,0.0044566529989416015,0
2023-12-11 05:00:00+00:00,110.09996835096571,112.94833147933431,110.06309544872569,112.45977783203125,5433200,0.0,0.0,4622.43994140625,,389.7229309082031,112.45977783203125,0.017780078645202903,0.1852403780993665,0.003924494286698943,0.0,0.008542143838573102,0
2023-12-12 05:00:00+00:00,112.11871234615347,113.42767580277692,111.83295613563932,112.52430725097656,4197900,0.0,0.0,4643.7001953125,,392.8267822265625,112.52430725097656,0.0005736354257324135,0.11874388944395108,0.00459935752021523,0.0,0.007964251195397232,0
2023-12-13 05:00:00+00:00,112.7916012418774,119.30872874963683,112.57958386046074,119.13359832763672,5883200,0.0,0.0,4707.08984375,,397.82244873046875,119.13359832763672,0.05707627564632246,0.37922348935167793,0.013650676351045998,0.0,0.012717224817489603,0
2023-12-14 05:00:00+00:00,122.10181618932383,126.76612889128869,121.30906644505812,126.39739990234375,9543800,0.0,0.0,4719.5498046875,,397.4776306152344,126.39739990234375,0.05918537270297344,0.4413842375142413,0.0026470624846992585,0.0,-0.000866763844862839,0
2023-12-15 05:00:00+00:00,126.3881312163251,126.87051845238776,123.74421657411281,124.55130004882812,8413600,0.87,0.0,4719.18994140625,,399.3990478515625,124.55130004882812,-0.014713231487312028,0.5275883087674846,-7.62494933082003e-05,0.0,0.004834026089352683,0
2023-12-18 05:00:00+00:00,124.84817056335466,125.24706934620892,122.81653291571897,123.08555603027344,3805000,0.0,0.0,4740.56005859375,,401.91473388671875,123.08555603027344,-0.011837988568601385,0.5879632147280339,0.004528344366900416,0.0,0.00629867809822926,0
2023-12-19 05:00:00+00:00,124.2173334788357,124.87599774148559,123.55868337157173,124.07818603515625,2613300,0.0,0.0,4768.3701171875,,403.9683532714844,124.07818603515625,0.008032208392077465,0.5762587663235936,0.005866407818910568,0.0,0.005109589700546868,0
2023-12-20 05:00:00+00:00,124.27301949241803,124.75540678409618,120.96116843571915,121.03538513183594,3448200,0.0,0.0,4698.35009765625,,397.9654541015625,121.03538513183594,-0.024828957493655084,0.5318762286956935,-0.014684266911006771,0.0,-0.014859825333613852,0
2023-12-21 05:00:00+00:00,122.68663953035183,122.79795747128026,119.87574827883574,121.48992919921875,3256400,0.0,0.0,4746.75,,402.5959777832031,121.48992919921875,0.0037484301451943505,0.21563003328528754,0.010301467821202559,0.0,0.011635491558166455,0
2023-12-22 05:00:00+00:00,121.59198633040432,123.58650844731487,121.35077856279169,122.82579803466797,2361300,0.0,0.0,4754.6298828125,,403.1982421875,122.82579803466797,0.010935703268468922,0.24020495434033706,0.0016600585268868873,0.0,0.0014959523629944904,0
2023-12-26 05:00:00+00:00,122.88148613189675,124.19880061521471,122.88148613189675,123.80917358398438,1215900,0.0,0.0,4774.75,,405.6665344238281,123.80917358398438,0.007974382172902125,0.234297269316797,0.0042316894655107795,0.0,0.006121783227369004,0
2023-12-27 05:00:00+00:00,124.18023632009155,124.48637486169908,123.17833222629962,124.47708892822266,2714600,0.0,0.0,4781.580078125,,406.49237060546875,124.47708892822266,0.005380216759826221,0.23012485642992728,0.0014304577464787638,0.0,0.002035751316813883,0
2023-12-28 05:00:00+00:00,124.40288662622017,125.4418919897087,123.82771080967208,125.4140625,1953100,0.0,0.0,4783.35009765625,,406.2947082519531,125.4140625,0.007499088762562943,0.043348470980164804,0.0003701746080437829,0.0,-0.0004862633786243409,0
2023-12-29 05:00:00+00:00,124.38433114013009,125.27490313751558,123.44737194060465,123.66073608398438,2938000,0.0,0.0,4769.830078125,,404.536376953125,123.66073608398438,-0.014078946464603184,0.1595068556519241,-0.0028264750133749628,0.0,-0.004327723849501197,0
2024-01-02 05:00:00+00:00,123.23398677959237,124.9687717863958,122.54750718553967,124.88526916503906,2899100,0.0,0.0,4742.830078125,,397.69073486328125,124.88526916503906,0.009853652548233924,0.1565037173254458,-0.005660579005492328,0.0,-0.016922191624406113,0
2024-01-03 05:00:00+00:00,123.38242502506792,123.4009827367002,120.71068076547813,121.0817642211914,3195000,0.0,0.0,4704.81005859375,,393.4825744628906,121.0817642211914,-0.03092941438916217,0.27926100036426915,-0.008016314922730805,0.0,-0.010581489663915145,0
2024-01-04 05:00:00+00:00,120.61790468124116,121.61980864703969,119.69021739684081,120.86837005615234,3613800,0.0,0.0,4688.68017578125,,391.45751953125,120.86837005615234,-0.0017639520722584384,0.2677791745197602,-0.0034283812973570083,0.0,-0.0051464920254851165,0
2024-01-05 05:00:00+00:00,119.86649645671429,122.45473810186083,119.01301158290059,121.11886596679688,2393600,0.0,0.0,4697.240234375,,391.9218444824219,121.11886596679688,0.0020703240735772976,0.2530548343853,0.0018256861788026324,0.0,0.0011861439058007406,0
2024-01-08 05:00:00+00:00,121.3693454744594,124.0039743199497,120.88694405804723,123.54013061523438,3208700,0.0,0.0,4763.5400390625,,400.02203369140625,123.54013061523438,0.019793620782407578,0.30252475658926536,0.014114629309846638,0.0,0.020667868665707134,0
2024-01-09 05:00:00+00:00,122.18570186949536,124.61623809278827,121.2023414300418,123.44735717773438,3109500,0.0,0.0,4756.5,,400.8123474121094,123.44735717773438,-0.0007512400137525768,0.2894166903809609,-0.0014779006799081618,0.0,0.001975675473198546,1
2024-01-10 05:00:00+00:00,124.65334304571742,125.2285188207936,123.47519031863375,123.89264678955078,2354000,0.0,0.0,4783.4501953125,,403.5289001464844,123.89264678955078,0.003600631404184037,0.13915779884319282,0.00566597189372442,0.0,0.00677761738607785,1
2024-01-11 05:00:00+00:00,123.08554711383543,123.37314207423846,121.14668400774683,121.82390594482422,2787500,0.0,0.0,4780.240234375,,404.3685302734375,121.82390594482422,-0.0168388307864868,0.2070919491359566,-0.0006710555783868699,0.0,0.0020807186961040447,1
2024-01-12 05:00:00+00:00,123.05772484269868,123.3545915977932,121.15597704499504,122.03727722167969,2380600,0.0,0.0,4783.830078125,,404.575927734375,122.03727722167969,0.0017499409174950723,0.20705615023690602,0.0007509755941104146,0.0,0.0005128921896995209,1
2024-01-16 05:00:00+00:00,120.84983460879612,122.01871556960917,119.8293728653506,120.57152557373047,4001200,0.0,0.0,4765.97998046875,,404.536376953125,120.57152557373047,-0.012083398997650348,0.14371149241598088,-0.0037313402367431525,0.0,-9.775861226213323e-05,1
2024-01-17 05:00:00+00:00,118.68832834708294,120.17261969542963,116.3041720096552,117.6864242553711,3912900,0.0,0.0,4739.2099609375,,402.2544860839844,117.6864242553711,-0.02421948437342102,0.1903892886934416,-0.005616897183990499,0.0,-0.005640755687602916,0
2024-01-18 05:00:00+00:00,117.62147201905258,118.04820732193453,115.6547724217906,117.12979888916016,4062900,0.0,0.0,4780.93994140625,,407.9642028808594,117.12979888916016,-0.004740953596353371,0.16101096832971012,0.008805260963896,0.0,0.014194289919448932,0
2024-01-19 05:00:00+00:00,117.74207950557673,119.55106704913108,116.9442677997802,119.15216827392578,3559000,0.0,0.0,4839.81005859375,,416.0545349121094,119.15216827392578,0.01711868913799004,0.24500702871611715,0.012313502764936146,0.0,0.019830985106339627,0
2024-01-22 05:00:00+00:00,119.44902451315076,120.96115950468564,119.37480782251367,119.43048095703125,2280900,0.0,0.0,4850.43017578125,,416.5978698730469,119.43048095703125,0.002333051546234019,0.2459674849881391,0.0021943252026270788,0.0,0.001305922458103348,0
2024-01-23 05:00:00+00:00,120.40454017397794,120.5900889763705,118.66976928361993,118.75325775146484,3426400,0.0,0.0,4864.60009765625,,418.3265380859375,118.75325775146484,-0.005686576541231521,0.2372841492577114,0.002921374261968035,0.0,0.004149488842603688,0
2024-01-24 05:00:00+00:00,120.4416572407348,120.4416572407348,116.24850621529762,116.36911010742188,3491500,0.0,0.0,4868.5498046875,,420.64788818359375,116.36911010742188,-0.020280753240396084,0.21581062733568085,0.0008119284117831249,0.0,0.005549134196165539,0
2024-01-25 05:00:00+00:00,117.70497014641478,118.2059221720854,116.42476413260734,117.07414245605469,2590400,0.0,0.0,4894.16015625,,421.16162109375,117.07414245605469,0.006040307308091995,0.22147340655612105,0.005260365527706368,0.0,0.0012212896453007716,0
2024-01-26 05:00:00+00:00,117.71425986331455,118.13171638437906,116.6659755936834,117.69570922851562,2333000,0.0,0.0,4890.97021484375,,418.6524658203125,117.69570922851562,0.005295128146231868,0.17450420964852423,-0.0006517852510764532,0.0,-0.005957701622767209,0
2024-01-29 05:00:00+00:00,117.74207937397654,119.06867967469094,117.13908116756807,118.64193725585938,2553900,0.0,0.0,4927.93017578125,,422.939697265625,118.64193725585938,0.008007468106667685,0.18841789360160854,0.007556774896180896,0.0,0.010240549848218539,0
2024-01-30 05:00:00+00:00,117.84412321711397,118.47495089971542,116.48970053222995,117.38027954101562,2764300,0.0,0.0,4924.97021484375,,420.1243591308594,117.38027954101562,-0.010691109923594002,0.19878114958910442,-0.0006006499345398986,0.0,-0.006656594670510385,0
2024-01-31 05:00:00+00:00,118.12243640105117,119.75516110230241,116.8236726468385,117.52871704101562,4811300,0.0,0.0,4845.64990234375,,411.8957214355469,117.52871704101562,0.001263787440381757,0.1190261243001484,-0.016105744611597972,0.0,-0.019586195174056686,0
2024-02-01 05:00:00+00:00,117.45449366185915,121.02609555194336,117.07413845847542,121.00753784179688,3984000,0.0,0.0,4906.18994140625,,416.74603271484375,121.00753784179688,0.02917013579722722,0.23011903669187966,0.012493688211609788,0.0,0.011775580630923876,0
2024-02-02 05:00:00+00:00,118.93879874697049,120.84983238093356,117.35244718511053,119.9035873413086,4195000,0.0,0.0,4958.60986328125,,423.78924560546875,119.9035873413086,-0.009164858839944159,0.256684510188144,0.01068444607751462,0.0,0.01690049175691688,0
2024-02-05 05:00:00+00:00,118.25230598862358,118.81819583045112,116.962821156313,117.73280334472656,3591800,0.0,0.0,4942.81005859375,,423.2360534667969,117.73280334472656,-0.018270302580085485,0.2940811990621406,-0.0031863375266721894,0.0,-0.0013053472791211274,0
2024-02-06 05:00:00+00:00,118.30797673601093,121.29513139103564,117.75136569392345,121.0632095336914,3764300,0.0,0.0,4954.22998046875,,422.38653564453125,121.0632095336914,0.02789512358794644,0.34208957310691385,0.0023104108269635937,0.0,-0.0020071962568101176,0
2024-02-07 05:00:00+00:00,120.88695258122506,121.564160474348,119.4397623853404,119.75517272949219,3907500,0.0,0.0,4995.06005859375,,426.7330017089844,119.75517272949219,-0.010863370608509618,0.3632460780372494,0.008241457963390042,0.0,0.010290257140466608,0
2024-02-08 05:00:00+00:00,119.69949810381846,122.79797046758203,119.47684804301332,122.13932037353516,3261000,0.0,0.0,4997.91015625,,427.52325439453125,122.13932037353516,0.019712932027051586,0.3258352059261791,0.0005705832608251526,0.0,0.0018518668169138497,0
2024-02-09 05:00:00+00:00,121.87956918774995,123.16905404454151,121.01681258709583,122.90001678466797,2870400,0.0,0.0,5026.60986328125,,431.73138427734375,122.90001678466797,0.006208789687660182,0.3109997660739034,0.0057423415255595245,0.0,0.009843043248658256,0
2024-02-12 05:00:00+00:00,123.38242170207657,124.52347321746737,122.26919967569144,122.5011215209961,2523800,0.0,0.0,5021.83984375,,430.0422058105469,122.5011215209961,-0.0032509679274190617,0.25332283837423997,-0.0009489536011326738,0.0,-0.003912568157685148,0
2024-02-13 05:00:00+00:00,119.43974710959746,121.51777188340425,118.03893721999498,121.41572570800781,4759100,0.0,0.0,4953.169921875,,423.3348388671875,121.41572570800781,-0.008899778670231041,0.19973600769379288,-0.013674255653625456,0.0,-0.015596996882474068,0
2024-02-14 05:00:00+00:00,121.47139426747914,122.28776373505464,119.88504253487437,121.0632095336914,4294100,0.0,0.0,5000.6201171875,,427.947998046875,121.0632095336914,-0.002907604508552029,0.17779718304933623,0.009579763275017639,0.0,0.010897187654179241,0
2024-02-15 05:00:00+00:00,122.17641090540945,123.5586700367872,122.17641090540945,123.47518157958984,3409200,0.0,0.0,5029.72998046875,,429.2222900390625,123.47518157958984,0.019727374965847987,0.1778869549895074,0.005821250684729495,0.0,0.002977679526492194,0
2024-02-16 05:00:00+00:00,122.39908816513,124.47709905730088,121.8239264582452,123.74423217773438,3421200,0.0,0.0,5005.56982421875,,425.3302917480469,123.74423217773438,0.0021766146944346737,0.17439637780329195,-0.0048034698371121065,0.0,-0.009067558655123542,0
2024-02-20 05:00:00+00:00,122.77943538510723,124.2544549818416,122.05584033178899,123.70712280273438,2995200,0.0,0.0,4975.509765625,,422.11981201171875,123.70712280273438,-0.0002999326900523015,0.1706901235851783,-0.006005322001165325,0.0,-0.007548203827979272,0
2024-02-21 05:00:00+00:00,123.60508725403244,124.76469662582481,123.41026665120067,123.77206420898438,2436400,0.0,0.0,4981.7998046875,,420.4305725097656,123.77206420898438,0.0005248231863436524,0.14393265144627568,0.001264199922982101,0.0,-0.004001801038199582,0
2024-02-22 05:00:00+00:00,123.85554202551958,125.0893679895509,123.3638688266317,123.79061126708984,2946900,0.0,0.0,5087.02978515625,,432.739013671875,123.79061126708984,0.00014983727336521037,0.1363329534880134,0.02112288421741404,0.0,0.029275799541964798,0
2024-02-23 05:00:00+00:00,123.82769774178581,124.49563373507824,123.4287989944671,123.57723236083984,2131800,0.0,0.0,5088.7998046875,,431.4646911621094,123.57723236083984,-0.0017251956118779254,0.02240120014951333,0.0003479475462115911,0.0,-0.002944783043601129,0
2024-02-26 05:00:00+00:00,123.21546624345596,123.58653559846323,122.01874138608872,122.97425842285156,2000500,0.0,0.0,5069.52978515625,,431.23748779296875,122.97425842285156,-0.004891271500546943,0.03504711078551313,-0.003786751350190576,0.0,-0.0005265862393715182,0
2024-02-27 05:00:00+00:00,123.61435439224265,124.73686245036626,122.22282319833373,122.90931701660156,2976900,0.0,0.0,5078.18017578125,,432.2746887207031,122.90931701660156,-0.000528228920081092,0.03469359176682,0.0017063496993998672,0.0,0.0024051733837953115,0
2024-02-28 05:00:00+00:00,122.47328190406444,125.33983227768798,122.38977928856659,124.30082702636719,2478800,0.0,0.0,5069.759765625,,429.9730224609375,124.30082702636719,0.011257828529942686,0.09731035602199062,-0.001658155060430544,0.0,-0.005324545525849045,0
2024-02-29 05:00:00+00:00,125.31201598582783,125.88717764545903,123.38242449063617,123.63290405273438,5131300,0.0,0.0,5096.27001953125,,433.65765380859375,123.63290405273438,-0.005387928351090165,0.10726261678417305,0.005229094697149161,0.0,0.008569447744808167,0
2024-03-01 05:00:00+00:00,123.41954058334736,124.9873347462236,120.8127409349433,124.86674499511719,2786500,0.0,0.0,5137.080078125,,440.187255859375,124.86674499511719,0.009930405024589752,0.12725197008694977,0.00800782894888763,0.0,0.015057043253901004,0
2024-03-04 05:00:00+00:00,124.55130965070214,124.86673413599605,121.48995244630675,123.94831848144531,3316200,0.0,0.0,5130.9501953125,,438.6165771484375,123.94831848144531,-0.007382436352931977,0.13672171095674576,-0.0011932620709189656,0.0,-0.0035682057806764034,0
2024-03-05 05:00:00+00:00,123.4287972248892,124.05034601285598,122.2506303986972,122.86290740966797,2328800,0.0,0.0,5078.64990234375,,430.74359130859375,122.86290740966797,-0.008795532417608345,0.15598564984876953,-0.010193100883444606,0.0,-0.017949585697440207,0
2024-03-06 05:00:00+00:00,123.49374341888765,124.18023719783439,122.84436506333613,123.4566421508789,2245500,0.0,0.0,5104.759765625,,433.4502258300781,123.4566421508789,0.0048208588572828176,0.1312547537778774,0.005141103203274655,0.0,0.006283632713516729,0
2024-03-07 05:00:00+00:00,124.34720228583676,124.82960365629317,122.42689689205328,123.14122009277344,2080400,0.0,0.0,5157.35986328125,,440.0291748046875,123.14122009277344,-0.00255819111532229,0.1272646146783415,0.010304127925951478,0.0,0.01517809562103789,0
2024-03-08 05:00:00+00:00,124.06891608253767,125.63669587413797,123.78132110239282,125.30274200439453,2942200,0.0,0.0,5123.68994140625,,433.6773986816406,125.30274200439453,0.017400917567480544,0.1706064325117659,-0.0065285190034379825,0.0,-0.014434897699376892,0
2024-03-11 04:00:00+00:00,124.95022878200345,125.94284702349862,123.52158213766221,124.42144012451172,2068900,0.0,0.0,5117.93994140625,,432.0672607421875,124.42144012451172,-0.007058231454701194,0.16965200783871848,-0.001122238087346461,0.0,-0.0037127550210084292,0
2024-03-12 04:00:00+00:00,123.93902466392034,125.23778117693482,123.18758608633588,124.83888244628906,1729200,0.0,0.0,5175.27001953125,,438.2609558105469,124.83888244628906,0.0033494517518042883,0.1469363965283912,0.011201787981366396,0.0,0.014335025194271989,0
2024-03-13 04:00:00+00:00,124.96875047914251,125.48825305267796,123.10409012473714,123.68853759765625,3061400,0.0,0.0,5165.31005859375,,434.89251708984375,123.68853759765625,-0.009257353282482452,0.1693758663223378,-0.0019245297153407392,0.0,-0.007685920171632277,0
2024-03-14 04:00:00+00:00,123.29893605520923,123.54940146198905,120.13551861560595,121.29512786865234,3076000,0.0,0.0,5150.47998046875,,433.79595947265625,121.29512786865234,-0.01953996301188778,0.2224846189252893,-0.0028710915621273925,0.0,-0.0025214451251662773,0
2024-03-15 04:00:00+00:00,119.44472030043505,121.76239811657284,119.04286389513095,120.57553100585938,6698800,0.96,0.0,5117.08984375,,428.6394958496094,120.57553100585938,-0.005950279288113419,0.12998049226868383,-0.006482917484461503,0.0,-0.011886841060749664,0
2024-03-18 04:00:00+00:00,120.36992624727552,121.31381569927453,119.51013566133327,119.75312042236328,2274300,0.0,0.0,5149.419921875,,432.7276306152344,119.75312042236328,-0.006844076133604965,0.1300550714779529,0.006318059504952345,0.0,0.009537466344583745,0
2024-03-19 04:00:00+00:00,119.697058514545,120.41666536291764,118.65036088511403,119.48210906982422,2641200,0.0,0.0,5178.509765625,,433.8057556152344,119.48210906982422,-0.002265648492014342,0.10354883255303565,0.0056491496501236416,0.0,0.0024914632755648203,0
2024-03-20 04:00:00+00:00,118.87465025950081,120.82785458081443,118.38868783368578,120.27647399902344,2565700,0.0,0.0,5224.6201171875,,438.94927978515625,120.27647399902344,0.006626397484389327,0.14988502048503644,0.008904173912846591,0.0,0.01185674487565791,0
2024-03-21 04:00:00+00:00,120.5288044489182,121.89323821584564,119.9119985904006,121.38858795166016,3020100,0.0,0.0,5241.52978515625,,441.0264587402344,121.38858795166016,0.009203827763002085,0.11662127705634996,0.0032365354015160275,0.0,0.004732161665909951,0
2024-03-22 04:00:00+00:00,121.67828756325129,121.67828756325129,119.63162279308557,120.20169830322266,2738500,0.0,0.0,5234.18017578125,,441.53094482421875,120.20169830322266,-0.009825719533842415,0.13167481277889187,-0.0014021878490156903,0.0,0.0011438907439371704,0
2024-03-25 04:00:00+00:00,120.46336805834902,120.5007580063755,118.7905315163818,118.80921936035156,2472700,0.0,0.0,5218.18994140625,,439.92852783203125,118.80921936035156,-0.011652143018982089,0.1492427348634173,-0.0030549644525015296,0.0,-0.003629229187606442,0
2024-03-26 04:00:00+00:00,118.23914567499371,118.75315051757957,116.88405237005803,116.94947052001953,3567300,0.0,0.0,5203.580078125,,438.5041809082031,116.94947052001953,-0.015777042345637475,0.18065728323231878,-0.002799795225030266,0.0,-0.0032376780174890873,0
2024-03-27 04:00:00+00:00,118.61295986390022,120.64092952534972,118.53819423111713,120.42598724365234,3202100,0.0,0.0,5248.490234375,,439.9977111816406,120.42598724365234,0.02929338486331618,0.2994918962338451,0.008630626525532925,0.0,0.0034059658686587113,0
2024-03-28 04:00:00+00:00,120.94000843994033,121.9960392783542,120.65030048621382,121.69699096679688,3676100,0.0,0.0,5254.35009765625,,439.1866760253906,121.69699096679688,0.010498924203487308,0.3020617262845611,0.0011164855071790214,0.0,-0.0018432713071890872,0
2024-04-01 04:00:00+00:00,121.69699712511652,122.2110020335878,119.10829186615325,119.54753112792969,1762900,0.0,0.0,5243.77001953125,,440.1164855957031,119.54753112792969,-0.017820232367526275,0.32383820794406365,-0.0020135845401164643,0.0,0.002117116982526035,0
2024-04-02 04:00:00+00:00,118.57558919849289,118.82792145248263,116.66910814741765,117.36067962646484,3187400,0.0,0.0,5205.81005859375,,436.3181457519531,117.36067962646484,-0.018462117541669803,0.34098419535337443,-0.0072390590731691296,0.0,-0.008630305766912816,0
2024-04-03 04:00:00+00:00,116.88405099602106,118.36998771345534,116.46350676978987,117.83728790283203,3585000,0.0,0.0,5211.490234375,,437.29742431640625,117.83728790283203,0.004052832035489424,0.32062247755112533,0.001091122364688113,0.0,0.00224441402217046,0
2024-04-04 04:00:00+00:00,119.8465828524959,120.28582207446219,116.18314492697239,116.5289306640625,4335800,0.0,0.0,5147.2099609375,,430.6108703613281,116.5289306640625,-0.011165182751466692,0.2089923133975837,-0.012334336350379616,0.0,-0.015290631920667486,0
2024-04-05 04:00:00+00:00,115.91211648288066,116.74386455945842,115.18316937127707,116.57564544677734,5099600,0.0,0.0,5204.33984375,,435.68511962890625,116.57564544677734,0.000400805373447537,0.16458329220472162,0.011099194174331695,0.0,0.011783839231277016,0
2024-04-08 04:00:00+00:00,117.0242447652708,118.02421206254928,116.57565803964903,117.91206359863281,2821600,0.0,0.0,5202.39013671875,,435.813720703125,117.91206359863281,0.011398743477710622,0.19017614946840705,-0.00037463099831791524,0.0,0.0002951697646416118,0
2024-04-09 04:00:00+00:00,118.09897101420013,118.50082740791161,117.37001673510855,117.99617004394531,2965800,0.0,0.0,5209.91015625,,437.426025390625,117.99617004394531,0.0007130437761951914,0.1294173233590548,0.0014454931932483817,0.0,0.003699527139482406,1
2024-04-10 04:00:00+00:00,113.81873197891052,114.08975206454907,111.32348767567623,112.72531127929688,4753000,0.0,0.0,5160.64013671875,,433.60797119140625,112.72531127929688,-0.04569818097660591,0.3505164759541758,-0.009456980649108493,0.0,-0.008728456876358037,1
2024-04-11 04:00:00+00:00,113.28603795807607,114.30469300893374,111.10853694160052,112.37952423095703,4098100,0.0,0.0,5199.06005859375,,440.5318908691406,112.37952423095703,-0.003072233606491394,0.3518842456559603,0.007444797710585593,0.0,0.015968155886779023,1
2024-04-12 04:00:00+00:00,112.13654346182842,112.58513016284428,110.74406731228869,111.21134185791016,3735300,0.0,0.0,5123.41015625,,433.50897216796875,111.21134185791016,-0.010449380360694361,0.3453899328100658,-0.01455068829580164,0.0,-0.0159419076047278,1
2024-04-15 04:00:00+00:00,112.07111835097389,112.12719614139574,107.65070541672898,108.21143341064453,3993800,0.0,0.0,5061.81982421875,,426.3773498535156,108.21143341064453,-0.02734534168102612,0.30546691526128644,-0.01202135494776202,0.0,-0.016450922062323237,1
2024-04-16 04:00:00+00:00,108.06191171706138,108.33293181630864,106.51056389211277,107.23016357421875,5666400,0.0,0.0,5051.41015625,,426.4169616699219,107.23016357421875,-0.00910944437649995,0.27575264328628657,-0.0020565070133361507,0.0,9.29031910814615e-05,1
2024-04-17 04:00:00+00:00,101.58547110003724,104.20221109157373,98.65098787826541,99.5201187133789,11034000,0.0,0.0,5022.2099609375,,421.2140197753906,99.5201187133789,-0.07461776383322556,0.46366387225588374,-0.005780602724641426,0.0,-0.012201535966476662,0
2024-04-18 04:00:00+00:00,99.02481820772174,99.33322111080551,96.81928184089081,97.83794403076172,6310200,0.0,0.0,5011.1201171875,,418.8104553222656,97.83794403076172,-0.017047344277381034,0.4316927206420604,-0.002208160119998248,0.0,-0.005706278376979679,0
2024-04-19 04:00:00+00:00,97.79120924340585,98.00615865601836,95.80996274687627,96.71647644042969,6932200,0.0,0.0,4967.22998046875,,410.1455993652344,96.71647644042969,-0.011528702446010878,0.4290331488659696,-0.00875854812743615,0.0,-0.020689206410484218,0
2024-04-22 04:00:00+00:00,97.00619544555262,97.72579508576143,95.83800911855917,97.26786804199219,3673000,0.0,0.0,5010.60009765625,,414.2702941894531,97.26786804199219,0.005684923575031127,0.4914141166598728,0.008731248071466746,0.0,0.010056659953446623,0
2024-04-23 04:00:00+00:00,97.6977680405196,98.697735336032,97.258528803511,97.96878814697266,4232300,0.0,0.0,5070.5498046875,,420.4524230957031,97.96878814697266,0.007180240944894098,0.5290854020912059,0.011964576270872662,0.0,0.014922935563955297,0
2024-04-24 04:00:00+00:00,96.98750108578871,97.74448354886106,95.69782593943516,96.42677307128906,4819700,0.0,0.0,5071.6298828125,,421.8768005371094,96.42677307128906,-0.015865047633972344,0.18777754834065666,0.0002130100613548791,0.0,0.0033877256097583075,0
2024-04-25 04:00:00+00:00,95.33336274807499,97.25853175504453,94.98757698864934,96.58565521240234,3798800,0.0,0.0,5048.419921875,,419.8391418457031,96.58565521240234,0.0016463414134809844,0.1661153532254131,-0.004576430353515626,0.0,-0.004829985172950968,0
2024-04-26 04:00:00+00:00,96.66040508229179,97.78186105031232,96.03425895231439,97.2491683959961,4037600,0.0,0.0,5099.9599609375,,426.3179626464844,97.2491683959961,0.006846197838295767,0.15454650004430925,0.01020914263474304,0.0,0.015431674074739554,0
2024-04-29 04:00:00+00:00,98.55755293431324,98.66035391166625,97.34264331202785,98.13700866699219,2840500,0.0,0.0,5116.169921875,,428.0490417480469,98.13700866699219,0.009088118670245025,0.16258842853704325,0.0031784486665891176,0.0,0.0040605352183997745,0
2024-04-30 04:00:00+00:00,95.8006345475876,97.20245826065718,95.3240124887316,95.37074279785156,5607900,0.0,0.0,5035.68994140625,,419.9776306152344,95.37074279785156,-0.028592697783521276,0.258045155059443,-0.01573051358686217,0.0,-0.018856276607584155,0
2024-05-01 04:00:00+00:00,95.19317281177784,97.31459615195811,94.97822337949162,95.21186065673828,5526200,0.0,0.0,5018.39013671875,,416.94097900390625,95.21186065673828,-0.001667331383252427,0.24079381558537657,-0.0034354388154940185,0.0,-0.0072305079841507025,0
2024-05-02 04:00:00+00:00,97.01553903973614,97.72579834666014,94.49225934125131,97.68841552734375,5836200,0.0,0.0,5064.2001953125,,422.26251220703125,97.68841552734375,0.025678459371256505,0.31583818387597784,0.009128437077573048,0.0,0.012763276989079975,0
2024-05-03 04:00:00+00:00,99.76311679105171,101.00606880982288,98.50147692743126,98.95940399169922,3517600,0.0,0.0,5127.7900390625,,430.74932861328125,98.95940399169922,0.012926725208069166,0.3242264718048458,0.012556739721478527,0.0,0.020098436780220164,0
2024-05-06 04:00:00+00:00,99.4173378642525,99.6416347980673,97.3800203940561,97.81925964355469,4259700,0.0,0.0,5180.740234375,,435.467529296875,97.81925964355469,-0.011588218823278115,0.3347780139211834,0.01032612390701182,0.0,0.010953471938733195,0
2024-05-07 04:00:00+00:00,99.51078670986429,100.92195065206596,98.57623765302127,100.7070083618164,4088000,0.0,0.0,5187.7001953125,,435.5367431640625,100.7070083618164,0.02909390722232988,0.2769164348369247,0.0013434298232750663,0.0,0.00015894151120576794,0
2024-05-08 04:00:00+00:00,99.95002525381369,100.30515848165345,98.40802491414036,98.95005798339844,2947700,0.0,0.0,5187.669921875,,435.2795715332031,98.95005798339844,-0.017600135710609865,0.3386497226597815,-5.835618166138978e-06,0.0,-0.000590470574287516,0
2024-05-09 04:00:00+00:00,99.52948748599427,101.2677495279842,99.09959571959436,101.07149505615234,4208800,0.0,0.0,5214.080078125,,436.2291259765625,101.07149505615234,0.02121288022600087,0.3249216459038527,0.005090947698625836,0.0,0.002181481754392367,0
2024-05-10 04:00:00+00:00,101.36118747176873,101.40791777553203,99.97805889291205,100.45467376708984,2872800,0.0,0.0,5222.68017578125,,437.25787353515625,100.45467376708984,-0.0061215197891368875,0.3304210117480997,0.001649398844549843,0.0,0.002358273433234803,0
2024-05-13 04:00:00+00:00,101.23035878167966,101.87519994582829,100.19300870459004,100.63224792480469,3043100,0.0,0.0,5221.419921875,,438.2667236328125,100.63224792480469,0.0017661437390275839,0.3059746846163809,-0.00024130405535727206,0.0,0.00230721996953398,0
2024-05-14 04:00:00+00:00,101.73501043760353,102.66955949021423,100.9686804996645,101.1929702758789,3727300,0.0,0.0,5246.68017578125,,441.0858154296875,101.1929702758789,0.00555652855242559,0.22819896614248486,0.004837813139759728,0.0,0.006432365600352652,0
2024-05-15 04:00:00+00:00,103.3611292948147,104.18353706811801,102.21163789173858,102.79105377197266,4347500,0.0,0.0,5308.14990234375,,447.9800720214844,102.79105377197266,0.015669032906085976,0.17333555703106682,0.011715927882596233,0.0,0.015630193378766366,0
2024-05-16 04:00:00+00:00,103.31440650007872,104.5760463669228,102.98730860900771,103.5386962890625,4232400,0.0,0.0,5297.10009765625,,447.0701599121094,103.5386962890625,0.007247096350120794,0.1262940617622632,-0.0020816677921287052,0.0,-0.0020311441651167383,0
2024-05-17 04:00:00+00:00,103.85643899735928,104.23960755107979,103.00600302331735,104.20222473144531,3260600,0.0,0.0,5303.27001953125,,446.8525085449219,104.20222473144531,0.006388059661259183,0.08115242844933493,0.0011647735102702228,0.0,-0.00048683939726656966,0
2024-05-20 04:00:00+00:00,103.90316442414782,105.63207875328439,103.38915959087103,104.71622467041016,3941400,0.0,0.0,5308.1298828125,,449.96820068359375,104.71622467041016,0.004920589613078527,0.0698401842155184,0.0009163899374069473,0.0,0.006972529143491668,0
2024-05-21 04:00:00+00:00,104.23026071505495,104.40782732691747,102.56676444616562,103.36112976074219,2524900,0.0,0.0,5321.41015625,,450.8486022949219,103.36112976074219,-0.013025098971817084,0.16702713814982123,0.002501874243978186,0.0,0.0019565862876322893,0
2024-05-22 04:00:00+00:00,102.91254485819341,104.10876651191028,101.46399096593233,102.07144927978516,3158100,0.0,0.0,5307.009765625,,450.759521484375,102.07144927978516,-0.01255591912667531,0.16553948135771512,-0.002706123039226127,0.0,-0.00019758475482334337,0
2024-05-23 04:00:00+00:00,102.04341340458365,102.23966785015826,98.50147163720946,98.72576141357422,4364600,0.0,0.0,5267.83984375,,448.7318420410156,98.72576141357422,-0.033327131582915,0.25718160663836886,-0.0073807894850155265,0.0,-0.0044983618686126325,0
2024-05-24 04:00:00+00:00,99.01547616980592,99.18369529619623,97.6790706462728,97.8940200805664,3107600,0.0,0.0,5304.72021484375,,452.9752502441406,97.8940200805664,-0.008460453856356152,0.21792678553549594,0.0070010425881694704,0.0,0.00945644548829927,0
2024-05-28 04:00:00+00:00,98.81922704673073,99.27716127276986,97.53889924955521,98.1276626586914,4857000,0.0,0.0,5306.0400390625,,454.6864318847656,98.1276626586914,0.002383845353266685,0.2055519290721465,0.0002488018529340774,0.0,0.0037776493079979545,0
2024-05-29 04:00:00+00:00,96.8940580418982,98.20242830335629,96.34267032505012,98.1276626586914,2945800,0.0,0.0,5266.9501953125,,451.4816589355469,98.1276626586914,0.0,0.22529075133733828,-0.007367046509680453,0.0,-0.007048314452521298,0
2024-05-30 04:00:00+00:00,98.98744197492819,100.62290294972749,98.50147956535004,100.52944946289062,4325700,0.0,0.0,5235.47998046875,,446.64471435546875,100.52944946289062,0.02418140294626206,0.32978846295875774,-0.005975035585443322,0.0,-0.010713490757259359,0
2024-05-31 04:00:00+00:00,100.69766868098614,103.41721006964086,100.52010206480698,103.25833129882812,14977800,0.0,0.0,5277.509765625,,445.81390380859375,103.25833129882812,0.026783205075510092,0.24801293654471784,0.00802787620486467,0.0,-0.001860115031415699,0
2024-06-03 04:00:00+00:00,103.52000872954342,103.73495817649801,99.95937866293727,100.3705825805664,3262400,0.0,0.0,5283.39990234375,,448.20751953125,100.3705825805664,-0.028364756992877792,0.35385248932504954,0.0011160825806737495,0.0,0.00536909168199462,0
2024-06-04 04:00:00+00:00,99.52947848874716,102.67891150163875,99.52947848874716,101.6509017944336,5538500,0.0,0.0,5291.33984375,,449.4341125488281,101.6509017944336,0.012675249460032928,0.3565969932173999,0.0015028090913065117,0.0,0.002736663184189636,0
2024-06-05 04:00:00+00:00,101.86584852389035,102.27705239587596,100.48271276451193,101.62286376953125,2824700,0.0,0.0,5354.02978515625,,458.4946594238281,101.62286376953125,-0.0002758646695244926,0.3569460409603525,0.011847649793331305,0.0,0.020159900243476914,0
2024-06-06 04:00:00+00:00,100.92194517400223,103.02468043776213,100.55747163202062,102.80973815917969,3144300,0.0,0.0,5352.9599609375,,458.33636474609375,102.80973815917969,0.011611530780422815,0.3288792273934486,-0.00019981663563317653,0.0,-0.0003452486838849689,0
2024-06-07 04:00:00+00:00,100.97802989053702,103.06207032432899,100.74439262297912,102.9873046875,4786900,0.0,0.0,5346.990234375,,457.9308166503906,102.9873046875,0.0017256474624527335,0.26345484517115186,-0.0011152197300303701,0.0,-0.000884826356572832,0
2024-06-10 04:00:00+00:00,102.6134940127767,104.04335299470158,101.93127003268535,103.8938217163086,5780800,0.0,0.0,5360.7900390625,,459.78045654296875,103.8938217163086,0.00876370741461142,0.09300226173535067,0.0025808546645145203,0.0,0.004039125180758996,0
2024-06-11 04:00:00+00:00,103.66017937032564,105.0152797768067,102.8751615872967,104.27698516845703,7061100,0.0,0.0,5375.31982421875,,462.9358215332031,104.27698516845703,0.003681245133145288,0.07862362605533375,0.0027103813151374556,0.0,0.006862764489728779,0
2024-06-12 04:00:00+00:00,106.59466183159631,108.39834177433352,105.0806969413487,105.42647552490234,4650500,0.0,0.0,5421.02978515625,,468.9992370605469,105.42647552490234,0.010963117782803867,0.0702377160275068,0.008503672791998707,0.0,0.013097745400781902,0
2024-06-13 04:00:00+00:00,105.82834050027351,106.01525460256107,104.15549671753058,105.02462768554688,3122200,0.0,0.0,5433.740234375,,471.54132080078125,105.02462768554688,-0.0038189234611755644,0.09298520218830535,0.0023446558536817097,0.0,0.0054202300118160185,0
2024-06-14 04:00:00+00:00,104.61343047517877,105.08070503384218,103.1929118240174,104.94052124023438,3672400,0.0,0.0,5431.60009765625,,473.9844665527344,104.94052124023438,-0.0008011467640354176,0.09887292548700556,-0.000393860697500914,0.0,0.005181191221596659,0
2024-06-17 04:00:00+00:00,104.14871829734605,105.58148596721679,103.72454772712913,104.89337921142578,2696200,0.96,0.0,5473.22998046875,,479.7907409667969,104.89337921142578,-0.0004493271058706163,0.0907882491360896,0.007664386564552705,0.0,0.012249925522435978,0
2024-06-18 04:00:00+00:00,104.89337397832078,105.57205261002932,103.66798839686959,103.73397064208984,4337100,0.0,0.0,5487.02978515625,,479.9391174316406,103.73397064208984,-0.0111147508321712,0.1264252108532583,0.0025213273947457537,0.0,0.000309252455653386,0
2024-06-20 04:00:00+00:00,103.12128915369449,103.85652204709052,102.55572594273804,102.89506530761719,4760600,0.0,0.0,5473.169921875,,476.2397155761719,102.89506530761719,-0.008119961843327646,0.07393219550414751,-0.0025259318472709014,0.0,-0.007708064879699439,0
2024-06-21 04:00:00+00:00,103.10242067548735,103.649134830539,102.23522337600751,103.12127685546875,6708800,0.0,0.0,5464.6201171875,,474.9637451171875,103.12127685546875,0.002196055287538662,0.08988371199450781,-0.001562130321101196,0.0,-0.0026792609210272156,0
2024-06-24 04:00:00+00:00,103.16841200335419,106.6560648797671,103.03644749797098,105.22329711914062,2924200,0.0,0.0,5447.8701171875,,469.55645751953125,105.22329711914062,0.020178990507686616,0.19446100031735053,-0.003065171894990004,0.0,-0.0113846323077188,0
2024-06-25 04:00:00+00:00,105.11961354184449,105.12904163301009,103.35694164477617,103.526611328125,2929900,0.0,0.0,5469.2998046875,,474.9261169433594,103.526611328125,-0.016256037352485257,0.22885460935753119,0.003933590015736899,0.0,0.011435599144336672,0
2024-06-26 04:00:00+00:00,102.70653301633688,104.92165964903391,102.36719367269106,104.07331848144531,3385000,0.0,0.0,5477.89990234375,,475.90692138671875,104.07331848144531,0.005266942215798501,0.21993702290707284,0.0015724312002203256,0.0,0.0020651726834310935,0
2024-06-27 04:00:00+00:00,104.17699972859492,105.56263419676092,103.5831594671778,104.95936584472656,3174300,0.0,0.0,5482.8701171875,,477.1353454589844,104.95936584472656,0.008477647147415822,0.20954526942320056,0.0009073212238914774,0.0,0.0025812275826671005,0
2024-06-28 04:00:00+00:00,105.49665662768761,106.26959468750687,104.02619085328179,105.86427307128906,5436400,0.0,0.0,5460.47998046875,,474.65863037109375,105.86427307128906,0.008584547619318766,0.21103568612411605,-0.004083652583445674,0.0,-0.005190801963137148,0
2024-07-01 04:00:00+00:00,105.57205849179917,107.0613803286318,104.7991204940738,105.5249252319336,2405800,0.0,0.0,5475.08984375,,477.4425354003906,105.5249252319336,-0.0032106477869864834,0.16766853353008565,0.0026755639309195,0.0,0.005865067758528575,0
2024-07-02 04:00:00+00:00,106.18475036881843,107.04251956776729,104.67657960748906,106.71260833740234,2945400,0.0,0.0,5509.009765625,,482.45550537109375,106.71260833740234,0.011192134428666714,0.0887876816477316,0.006195317856513505,0.0,0.010499630005732952,0
2024-07-03 04:00:00+00:00,107.16507891576057,107.80605248249492,106.42041791973638,106.7974624633789,1339500,0.0,0.0,5537.02001953125,,486.477783203125,106.7974624633789,0.0007948489748121518,0.0966400826686064,0.005084444409779065,0.0,0.008337095933722338,0
2024-07-05 04:00:00+00:00,107.15564391268063,108.34333163151135,106.59950162858708,107.89087677001953,2252300,0.0,0.0,5567.18994140625,,491.55023193359375,107.89087677001953,0.010186149510521209,0.10098988808958456,0.005448765178485582,0.0,0.010426886706048855,0
2024-07-08 04:00:00+00:00,108.05111765233183,108.58840375163345,107.27817962892377,107.84375,2185700,0.0,0.0,5572.85009765625,,492.71923828125,107.84375,-0.0004368957498825368,0.10394861955663047,0.0010166989647510949,0.0,0.002378203226672815,0
2024-07-09 04:00:00+00:00,108.18308101038407,108.47529428342334,106.34499889840353,107.8814468383789,2196100,0.0,0.0,5576.97998046875,,493.1452331542969,107.8814468383789,0.00034948943670068617,0.09133377672431574,0.0007410719362856977,0.0,0.0008645793383932343,1
2024-07-10 04:00:00+00:00,108.4093053151831,109.95518124985631,107.7683318404509,109.85149383544922,2998300,0.0,0.0,5633.91015625,,498.2870178222656,109.85149383544922,0.018096487869351773,0.12898962543784173,0.010208065293514812,0.0,0.010426511952838835,1
2024-07-11 04:00:00+00:00,111.6801641184495,113.92356786872143,111.29369150723934,113.49939727783203,4242900,0.0,0.0,5584.5400390625,,487.3594970703125,113.49939727783203,0.032668128975556945,0.21851109685719097,-0.008763028841120457,0.0,-0.021930173496614858,1
2024-07-12 04:00:00+00:00,114.99814881618023,115.57314013558327,112.96211256553475,113.25432586669922,4003400,0.0,0.0,5615.35009765625,,490.22265625,113.25432586669922,-0.0021615654478010283,0.2419133002112745,0.0055170270744306915,0.0,0.005874840229643574,1
2024-07-15 04:00:00+00:00,113.44283144961278,114.38543911797936,112.31170512418319,114.18749237060547,3264700,0.0,0.0,5631.22021484375,,491.540283203125,114.18749237060547,0.00820580619151684,0.22637236912091652,0.0028262026252154904,0.0,0.002687813254500071,1
2024-07-16 04:00:00+00:00,115.15839148985704,115.15839148985704,113.96128276590667,114.51741790771484,4508600,0.0,0.0,5667.2001953125,,491.7284851074219,114.51741790771484,0.002885165566153818,0.2191524602057779,0.006389375498743188,0.0,0.00038288195439539763,1
2024-07-17 04:00:00+00:00,117.2980977019726,121.7472069391743,114.89444532944668,116.13868713378906,8941300,0.0,0.0,5588.27001953125,,477.29388427734375,116.13868713378906,0.014058122821054682,0.21381418385012343,-0.013927543241993745,0.0,-0.029354819310345115,0
2024-07-18 04:00:00+00:00,115.46944978826284,120.01281887186241,115.07355625781229,115.58256530761719,4631900,0.0,0.0,5544.58984375,,475.0350646972656,115.58256530761719,-0.004799929985143194,0.12163545610384881,-0.007816403936922511,0.0,-0.004732555045196429,0
2024-07-19 04:00:00+00:00,115.90305169876713,116.67598979025891,114.64938162612597,116.64771270751953,3485200,0.0,0.0,5505.0,,470.8245849609375,116.64771270751953,0.009173264384244123,0.11396625224300605,-0.007140265531926926,0.0,-0.008863513557702096,0
2024-07-22 04:00:00+00:00,117.49605019089381,119.946828750637,116.45918316848622,119.39069366455078,6266100,0.0,0.0,5564.41015625,,477.83880615234375,119.39069366455078,0.023242865302965043,0.16954247458802407,0.01079203564940956,0.0,0.014897737746613515,0
2024-07-23 04:00:00+00:00,118.73086320540367,119.32470345833336,117.44891617777128,118.46693420410156,3708200,0.0,0.0,5555.740234375,,476.1545715332031,118.46693420410156,-0.007767370027856903,0.20628394075662293,-0.001558102589770738,0.0,-0.0035246920037793616,0
2024-07-24 04:00:00+00:00,118.21245230281899,119.66406204341132,115.799371349601,116.01617431640625,4082500,0.0,0.0,5427.1298828125,,459.0747375488281,116.01617431640625,-0.020904270236515796,0.26852290269793183,-0.02314909375473495,0.0,-0.03587035598414701,0
2024-07-25 04:00:00+00:00,116.63827096589301,117.10015390167074,113.35800030453642,113.51824188232422,3402100,0.0,0.0,5399.22021484375,,454.01220703125,113.51824188232422,-0.021766069711182667,0.3105187684727758,-0.005142620237842288,0.0,-0.01102768264838283,0
2024-07-26 04:00:00+00:00,114.22519527596724,116.19524181186758,113.48053436973642,115.63910675048828,3373900,0.0,0.0,5459.10009765625,,458.6685485839844,115.63910675048828,0.018510647281892455,0.3403660831046664,0.011090468702846357,0.0,0.010255983166580052,0
2024-07-29 04:00:00+00:00,115.83705794185843,117.28867464108907,114.4137183225599,116.83621978759766,2376300,0.0,0.0,5463.5400390625,,459.58990478515625,116.83621978759766,0.010298930524772735,0.28905547345021787,0.0008133101292933098,0.0,0.002008762545451015,0
2024-07-30 04:00:00+00:00,116.95877239685208,119.42840012146502,116.46861233519316,118.85340881347656,2663900,0.0,0.0,5436.43994140625,,453.2791442871094,118.85340881347656,0.017117751795639225,0.32244777029574834,-0.004960171878030217,0.0,-0.013731286158247924,0
2024-07-31 04:00:00+00:00,118.86283041613815,121.16278833101416,118.06161530348163,118.81570434570312,3960100,0.0,0.0,5522.2998046875,,466.6933288574219,118.81570434570312,-0.00031728538545511726,0.263474379102572,0.0157933986591674,0.0,0.029593650489720957,0
2024-08-01 04:00:00+00:00,120.50296275054305,122.21851563757834,118.58947030457405,120.38985443115234,3871100,0.0,0.0,5446.68017578125,,455.3893737792969,120.38985443115234,0.01316167414802101,0.11885671897461342,-0.013693502993456064,0.0,-0.02422137703532168,0
2024-08-02 04:00:00+00:00,119.85256653753683,121.07795219217701,115.39402909942068,116.864501953125,5728500,0.0,0.0,5346.56005859375,,444.5806884765625,116.864501953125,-0.02972010308861784,0.3005147336348519,-0.018381860868696753,0.0,-0.02373504065989207,0
2024-08-05 04:00:00+00:00,113.1129314578391,116.06329116441486,111.72729689683634,112.11376953125,5157400,0.0,0.0,5186.330078125,,431.3249816894531,112.11376953125,-0.04150100560739722,0.41483108827029713,-0.02996879838863975,0.0,-0.029816200142503968,0
2024-08-06 04:00:00+00:00,112.13260736632554,115.2997697073712,111.30311520710913,114.1026611328125,4016200,0.0,0.0,5240.02978515625,,435.4463806152344,114.1026611328125,0.017584424301559223,0.4166383995824473,0.010354085880061037,0.0,0.009555205705076952,0
2024-08-07 04:00:00+00:00,115.9784617674325,116.94934662728551,113.11293326181662,113.25432586669922,2967000,0.0,0.0,5199.5,,430.73052978515625,113.25432586669922,-0.007462618275650337,0.41121924207146526,-0.007734647858502863,0.0,-0.010829923131787655,0
2024-08-08 04:00:00+00:00,113.67849194293376,115.48829707676825,112.85842781216336,114.98871612548828,2806500,0.0,0.0,5319.31005859375,,443.906982421875,114.98871612548828,0.015198041769091005,0.4185060404624429,0.023042611519136447,0.0,0.03059094195921297,0
2024-08-09 04:00:00+00:00,115.32804783631717,115.59197683521855,113.49939383327508,114.90387725830078,1901800,0.0,0.0,5344.16015625,,446.2252502441406,114.90387725830078,-0.0007380739830728421,0.3774587176082429,0.004671676849538509,0.0,0.005222418015633723,0
2024-08-12 04:00:00+00:00,113.75390200612831,113.95184876794528,111.93466878578047,113.10350036621094,2836800,0.0,0.0,5344.39013671875,,447.18621826171875,113.10350036621094,-0.015792596971580527,0.2287229686380968,4.303397765514916e-05,0.0,0.0021535491706314858,0
2024-08-13 04:00:00+00:00,114.31945460263019,115.91246383187875,113.48053436973642,115.63910675048828,2719500,0.0,0.0,5434.43017578125,,458.2821960449219,115.63910675048828,0.022170860772690645,0.2500408441626689,0.016847579753558328,0.0,0.02481287957919376,0
2024-08-14 04:00:00+00:00,115.72395055654495,117.20384443962334,115.23379768974364,116.3366470336914,2182300,0.0,0.0,5455.2099609375,,458.4308166503906,116.3366470336914,0.006013924939725768,0.23336580041271776,0.0038237284285767004,0.0,0.00032429932201472056,0
2024-08-15 04:00:00+00:00,116.9964721157331,118.17473175888875,116.1104185627917,117.60916137695312,2792300,0.0,0.0,5543.22021484375,,470.01220703125,117.60916137695312,0.010878817636564076,0.22372179095739556,0.016133247764330783,0.0,0.025263114869722214,0
2024-08-16 04:00:00+00:00,117.25096354975531,117.51489253782833,115.07354220662731,115.79934692382812,2899000,0.0,0.0,5554.25,,470.6165466308594,115.79934692382812,-0.015508009863115227,0.26609514480207286,0.001989779357261412,0.0,0.0012857955401341936,0
2024-08-19 04:00:00+00:00,116.07271659903887,117.74113632711074,115.82763657286209,117.54318237304688,1664900,0.0,0.0,5608.25,,476.79852294921875,117.54318237304688,0.014946850194574618,0.22638324216594133,0.009722284736913167,0.0,0.013135909399310641,0
2024-08-20 04:00:00+00:00,117.54317202321666,117.74112595985041,115.74279513683834,117.02474212646484,2108400,0.0,0.0,5597.1201171875,,475.7978820800781,117.02474212646484,-0.004420392019715927,0.19596937529385836,-0.0019845553982971165,0.0,-0.002098666042317454,0
2024-08-21 04:00:00+00:00,117.12844635392484,117.98621570582998,116.26124171893692,117.3263931274414,2086400,0.0,0.0,5620.85009765625,,478.01715087890625,117.3263931274414,0.002574352091307334,0.19345888074161047,0.004239676828782013,0.0,0.004664309956837087,0
2024-08-22 04:00:00+00:00,117.90136936908593,118.80627187144817,117.32637811370068,118.74971771240234,2770000,0.0,0.0,5570.64013671875,,470.4382019042969,118.74971771240234,0.012058330054653624,0.1971330612420907,-0.008932805548120926,0.0,-0.01585497290353355,0
2024-08-23 04:00:00+00:00,119.4378237199135,121.94515652353275,118.9476708682186,121.46443176269531,2938700,0.0,0.0,5634.60986328125,,475.54034423828125,121.46443176269531,0.02260341147602251,0.16830735914082467,0.01148337085011919,0.0,0.010845510235629963,0
2024-08-26 04:00:00+00:00,122.44473631522702,122.5107257590828,121.1722245309521,121.50212860107422,2278600,0.0,0.0,5616.83984375,,470.92364501953125,121.50212860107422,0.0003103047483154904,0.1708104640736288,-0.0031537266931381813,0.0,-0.009708322910320089,0
2024-08-27 04:00:00+00:00,120.83288491417429,121.84146768692399,120.83288491417429,121.53984069824219,2042700,0.0,0.0,5625.7998046875,,472.3304748535156,121.53984069824219,0.00031033403472951657,0.15401360921496327,0.0015951960865450143,0.0,0.0029873841521081967,0
2024-08-28 04:00:00+00:00,121.27591206321021,121.7849139007646,118.29726823189294,119.6169204711914,2501000,0.0,0.0,5592.18017578125,,466.9707336425781,119.6169204711914,-0.015947808990826904,0.2295057506318385,-0.00597597320797616,0.0,-0.011347438914670382,0
2024-08-29 04:00:00+00:00,119.61690999161534,119.70174122660035,117.48661472873303,118.13701629638672,2419900,0.0,0.0,5591.9599609375,,466.28717041015625,118.13701629638672,-0.012449201120788756,0.24010293170626623,-3.937906806072977e-05,0.0,-0.0014638245679547968,0
2024-08-30 04:00:00+00:00,118.7779979694871,120.62550819350886,117.92964960347558,120.48411560058594,3618000,0.0,0.0,5648.39990234375,,471.8450012207031,120.48411560058594,0.019672817598906694,0.22215720848227852,0.010093051774424433,0.0,0.011919330325254496,0
2024-09-03 04:00:00+00:00,119.27758155852815,121.62467276389803,119.11733997235406,121.00254821777344,3526200,0.0,0.0,5528.93017578125,,457.5193786621094,121.00254821777344,0.004293681526443349,0.22610334798873455,-0.02115107439771169,0.0,-0.03036086537217131,0
2024-09-04 04:00:00+00:00,121.2287778463769,122.99144965696304,119.91855370817154,120.90829467773438,3091500,0.0,0.0,5520.06982421875,,456.33050537109375,120.90829467773438,-0.0007792420023863269,0.22589117720605323,-0.0016025435809103872,0.0,-0.0025985200768809946,0
2024-09-05 04:00:00+00:00,121.6623885587319,121.85090723113332,119.550942031899,120.09765625,2402700,0.0,0.0,5503.41015625,,456.75653076171875,120.09765625,-0.006727149115615979,0.1949209774355381,-0.003018017615584734,0.0,0.0009335895488260526,0
2024-09-06 04:00:00+00:00,120.18248707101597,120.86116579570827,118.815708722113,119.92798614501953,2484100,0.0,0.0,5408.419921875,,444.521240234375,119.92798614501953,-0.0014137667254878116,0.16033203156632175,-0.01726024985928465,0.0,-0.026787335710207194,0
2024-09-09 04:00:00+00:00,120.22962018032335,123.58530143529691,119.75831631006183,122.774658203125,3599400,0.0,0.0,5471.0498046875,,450.2376403808594,122.774658203125,0.02345918080997822,0.18541520382048168,0.0115800702824842,0.0,0.012859678298995147,0
2024-09-10 04:00:00+00:00,123.65127172278858,124.96151023924746,122.96317212603451,124.80125427246094,3029800,0.0,0.0,5495.52001953125,,454.3985900878906,124.80125427246094,0.016371878152429277,0.206236570606033,0.004472672652839682,0.0,0.009241674471089256,0
2024-09-11 04:00:00+00:00,123.20825590004972,123.8209451374302,121.02139918357763,123.18939971923828,3890300,0.0,0.0,5554.1298828125,,464.2660827636719,123.18939971923828,-0.012999499987216891,0.24653368840160672,0.010665025888896507,0.0,0.021715500204066762,0
2024-09-12 04:00:00+00:00,123.57587938598766,124.1037374144807,120.9931290230866,122.8123550415039,5557000,0.0,0.0,5595.759765625,,468.8233337402344,122.8123550415039,-0.003065384418459043,0.23796250650588935,0.007495302358939249,0.0,0.009816032542016018,0
2024-09-13 04:00:00+00:00,123.6607186179919,124.79184509255161,122.2279507459211,122.52015686035156,3689400,0.0,0.0,5626.02001953125,,470.92364501953125,122.52015686035156,-0.002382059491856656,0.23956484746326068,0.005407711405364557,0.0,0.004479963193258163,0
2024-09-16 04:00:00+00:00,123.28933869555355,123.602715472456,121.77944426235486,122.76704406738281,3864300,0.96,0.0,5633.08984375,,468.8431091308594,122.76704406738281,0.002013046660978438,0.1695208233823379,0.0012566297656613212,0.0,-0.0044179898603001755,0
2024-09-17 04:00:00+00:00,122.71955742633651,123.49825385318346,121.51354155445925,122.37769317626953,3171100,0.0,0.0,5634.580078125,,469.0908508300781,122.37769317626953,-0.00317650073075435,0.08741319091180741,0.00026455008109871336,0.0,0.0005284106653034026,0
2024-09-18 04:00:00+00:00,122.33023162114829,122.80504230530414,120.29803522752806,120.62090301513672,3498600,0.0,0.0,5618.259765625,,467.05987548828125,120.62090301513672,-0.014459513736634061,0.09704843425046726,-0.002896455862498093,0.0,-0.004329599134587636,0
2024-09-19 04:00:00+00:00,122.33023008860371,122.98545665286956,120.8868015696329,122.0263442993164,2604400,0.0,0.0,5713.64013671875,,478.8691101074219,122.0263442993164,0.011584363860902004,0.14951704230382273,0.01697685316676334,0.0,0.025284198534063274,0
2024-09-20 04:00:00+00:00,121.2571628106624,121.48506992543174,118.93058595830712,119.14900207519531,8581000,0.0,0.0,5702.5498046875,,477.9576416015625,119.14900207519531,-0.023862130157754378,0.2204112107347725,-0.0019410273951238066,0.0,-0.0019033771162539903,0
2024-09-23 04:00:00+00:00,120.22206183502337,120.76334571640596,119.61430474873542,120.25054931640625,3386200,0.0,0.0,5718.56982421875,,479.22454833984375,120.25054931640625,0.009202648951106613,0.24096658320475703,0.0028092730585327352,0.0,0.0026506673981319118,0
2024-09-24 04:00:00+00:00,120.04164008753307,121.09571313602291,119.43387574920736,120.29803466796875,3979500,0.0,0.0,5732.93017578125,,481.5361328125,120.29803466796875,0.00039480882732938666,0.24319183903406513,0.0025111788443470395,0.0,0.004823593617364175,0
2024-09-25 04:00:00+00:00,120.34552502708726,120.81083749150352,118.49375892210298,119.07302856445312,3421700,0.0,0.0,5722.259765625,,481.9826354980469,119.07302856445312,-0.010235295623356854,0.232744603921605,-0.0018612489301417234,0.0,0.0009272464829150895,0
2024-09-26 04:00:00+00:00,119.54783551873349,120.05113369332798,118.56972665187457,118.92108917236328,3235800,0.0,0.0,5745.3701171875,,485.60382080078125,118.92108917236328,-0.001276833345100858,0.1988672216918671,0.00403867571712313,0.0,0.007513103244876307,0
2024-09-27 04:00:00+00:00,119.64278943443804,120.90578754316373,118.96855915899938,119.262939453125,3775200,0.0,0.0,5738.169921875,,482.9052734375,119.262939453125,0.002870473872331455,0.11205117552798677,-0.0012532169669905446,0.0,-0.005557096644814741,0
2024-09-30 04:00:00+00:00,118.49375789329926,120.0606346623629,118.2848400247526,119.9181900024414,3608400,0.0,0.0,5762.47998046875,,484.21484375,119.9181900024414,0.005479129478755441,0.09500726610749657,0.004236552581176722,0.0,0.002711857551643604,0
2024-10-01 04:00:00+00:00,120.260043662436,120.3360151070197,117.25924405173674,118.33231353759766,3401500,0.0,0.0,5708.75,,477.4685363769531,118.33231353759766,-0.013312877527159152,0.12984071062599717,-0.009324107094664358,0.0,-0.013932467085891354,0
2024-10-02 04:00:00+00:00,116.38558397241822,117.99044628455921,115.8063144009958,117.9239730834961,3848800,0.0,0.0,5709.5400390625,,478.1431884765625,117.9239730834961,-0.0034567618627501266,0.11509479073207714,0.00013839090212397487,0.0,0.0014129770826967203,0
2024-10-03 04:00:00+00:00,117.49666245827116,117.51565169901251,115.37900348630319,115.89179992675781,3400500,0.0,0.0,5699.93994140625,,477.7860412597656,115.89179992675781,-0.017383124351624618,0.15804003132284353,-0.001681413492255035,0.0,-0.0007469461563068824,0
2024-10-04 04:00:00+00:00,115.46445233938809,116.59450402388418,114.29642217788188,116.25263977050781,2774000,0.0,0.0,5751.06982421875,,483.4707946777344,116.25263977050781,0.0031087553492791147,0.15881005872448428,0.008970249395274354,0.0,0.011898115321619551,0
2024-10-07 04:00:00+00:00,115.24604491147134,115.59740741093992,113.29931829163493,113.95455932617188,3186500,0.0,0.0,5695.93994140625,,478.29205322265625,113.95455932617188,-0.01996598538350256,0.15457401336098725,-0.009586022165882668,0.0,-0.0107115910869654,0
2024-10-08 04:00:00+00:00,114.2299568543046,114.60030861350054,112.26424088432765,113.32781219482422,3035400,0.0,0.0,5751.1298828125,,485.4351501464844,113.32781219482422,-0.005515154702023696,0.15460010475630898,0.009689347495581924,0.0,0.01493459252709517,1
2024-10-09 04:00:00+00:00,112.23575633745405,113.4512705784037,111.96036526020195,112.8530044555664,3661700,0.0,0.0,5792.0400390625,,489.2547302246094,112.8530044555664,-0.004198485475057846,0.15311525068380302,0.007113411987488272,0.0,0.007868363213855423,1
2024-10-10 04:00:00+00:00,112.11230252634421,113.1378953987489,111.55202936616394,112.32122039794922,2767100,0.0,0.0,5780.0498046875,,488.69915771484375,112.32122039794922,-0.004723320767528227,0.13347658364326317,-0.002070122839989974,0.0,-0.0011355485710082824,1
2024-10-11 04:00:00+00:00,112.7960258893587,114.35340436649639,112.19776703065308,114.1824722290039,2712000,0.0,0.0,5815.02978515625,,489.46307373046875,114.1824722290039,0.016434996748794662,0.2061447447403453,0.006051847587953629,0.0,0.0015631621286131825,1
2024-10-14 04:00:00+00:00,113.99254870781748,114.87569686074558,113.47975230498477,114.39138793945312,1979000,0.0,0.0,5859.85009765625,,493.57037353515625,114.39138793945312,0.0018279935288367686,0.1465443543608127,0.0077076668832223305,0.0,0.008391439569451986,1
2024-10-15 04:00:00+00:00,114.6572732122166,116.85090333186965,114.6572732122166,115.27452850341797,5453600,0.0,0.0,5815.259765625,,486.9729309082031,115.27452850341797,0.007690692032551945,0.14076435124551046,-0.007609466332438197,0.0,-0.013366771955333312,1
2024-10-16 04:00:00+00:00,116.84140566343045,121.21916043760791,115.63538255477675,120.57341766357422,5565200,0.0,0.0,5842.47021484375,,487.03240966796875,120.57341766357422,0.04494235471929152,0.30730160345073876,0.004679145956573816,0.0,0.0001221397658688339,0
2024-10-17 04:00:00+00:00,119.69027857812858,120.52594277714883,116.51853942871094,116.51853942871094,5446800,0.0,0.0,5841.47021484375,,487.3697509765625,116.51853942871094,-0.03420844554232309,0.452732124099533,-0.00017116047891174713,0.0,0.0006926465300816087,0
2024-10-18 04:00:00+00:00,116.81292985080104,117.13579764754788,115.48345844852928,116.32862091064453,3690900,0.0,0.0,5864.669921875,,490.5643005371094,116.32862091064453,-0.0016312722895552947,0.4480037856071901,0.00397155273894878,0.0,0.006554673436637737,0
2024-10-21 04:00:00+00:00,114.63829384357047,115.34101163426477,111.64698505563226,111.83690643310547,3866200,0.0,0.0,5853.97998046875,,491.5068054199219,111.83690643310547,-0.039377507327687994,0.544175018181957,-0.0018227694906369774,0.0,0.0019212667570398523,0
2024-10-22 04:00:00+00:00,111.43806579075566,113.57471386309878,111.43806579075566,112.94796752929688,3374600,0.0,0.0,5851.2001953125,,492.0425109863281,112.94796752929688,0.009885630868836013,0.547490097811543,-0.0004748538883844189,0.0,0.0010899250234155389,0
2024-10-23 04:00:00+00:00,112.93846251062892,115.00863725297725,112.90997503057939,114.74274444580078,4133100,0.0,0.0,5797.419921875,,484.5025329589844,114.74274444580078,0.015765369387533364,0.4030356945237297,-0.009191323428069387,0.0,-0.01532383454476205,0
2024-10-24 04:00:00+00:00,114.00204524555859,115.03712903290449,113.76463990955787,114.32491302490234,4332900,0.0,0.0,5809.85986328125,,488.4313049316406,114.32491302490234,-0.0036481089378683435,0.3405244418712014,0.002145772011323821,0.0,0.008108878087101479,0
2024-10-25 04:00:00+00:00,113.76464613944135,114.26794432011833,111.5235390652661,111.61849975585938,3247300,0.0,0.0,5808.1201171875,,491.4075927734375,111.61849975585938,-0.023957704142416936,0.36739016659160517,-0.00029944716993013376,0.0,0.0060935648713453805,0
2024-10-28 04:00:00+00:00,112.47315162840486,112.81501588372198,111.20065529027208,111.87488555908203,3648500,0.0,0.0,5823.52001953125,,491.4869689941406,111.87488555908203,0.0022943490280937433,0.2431954187721101,0.0026514435020339455,0.0,0.0001615282748381741,0
2024-10-29 04:00:00+00:00,111.84639741318243,112.18826166646554,109.5008316040039,109.5008316040039,3595700,0.0,0.0,5832.919921875,,496.2093200683594,109.5008316040039,-0.02144900987408629,0.2643250856955392,0.001614127248163344,0.0,0.009608293550250835,0
2024-10-30 04:00:00+00:00,110.06111840234847,111.35260404715018,109.51033626808736,110.03263092041016,3780200,0.0,0.0,5813.669921875,,492.4592590332031,110.03263092041016,0.004844822748238603,0.2136717446973955,-0.003300233889343751,0.0,-0.007557417572567227,0
2024-10-31 04:00:00+00:00,109.36788804326119,109.85219695551156,107.17426506518416,107.25023651123047,5021300,0.0,0.0,5705.4501953125,,480.0281982421875,107.25023651123047,-0.02561220349445592,0.2384650879102735,-0.018614700871699585,0.0,-0.025242820726775084,0
2024-11-01 04:00:00+00:00,109.02601976848364,109.55781262619975,107.66806101178683,107.68705749511719,3941700,0.0,0.0,5728.7998046875,,483.5799255371094,107.68705749511719,0.004064642083736355,0.23866624826485625,0.004092509543626166,0.0,0.007398997200430912,0
2024-11-04 05:00:00+00:00,108.29482588047054,109.29192400855939,107.42117592680135,108.12389373779297,2439800,0.0,0.0,5712.68994140625,,482.1711120605469,108.12389373779297,0.004048328750583448,0.24332815857199735,-0.002812083478299976,0.0,-0.0029133001643890655,0
2024-11-05 05:00:00+00:00,107.28822073576981,108.66516876220703,106.74693686906271,108.66516876220703,2370200,0.0,0.0,5782.759765625,,488.3221435546875,108.66516876220703,0.004993574333791748,0.21380045980499962,0.012265644545291332,0.0,0.012756947358074422,0
2024-11-06 05:00:00+00:00,109.88068098342917,109.88068098342917,105.78781545303137,108.00992584228516,5768000,0.0,0.0,5929.0400390625,,501.5865783691406,108.00992584228516,-0.006048179358512805,0.20721592431309793,0.025295927786425976,0.0,0.027163287574665684,0
2024-11-07 05:00:00+00:00,108.40877633148176,108.9120744856305,107.66806559580915,108.45625305175781,3035800,0.0,0.0,5973.10009765625,,509.483642578125,108.45625305175781,0.004123765146611057,0.07378827790630725,0.007431229727488331,0.0,0.015744169699797306,0
2024-11-08 05:00:00+00:00,108.73164601401521,110.15607805786695,108.19986036938877,109.99464416503906,3250900,0.0,0.0,5995.5400390625,,510.0789489746094,109.99464416503906,0.014084781203490085,0.11319550258770056,0.0037568333092317108,0.0,0.0011684504599047685,0
2024-11-11 05:00:00+00:00,109.89018053155596,110.61189476482363,108.06690933228198,108.35179138183594,3547000,0.0,0.0,6001.35009765625,,509.78131103515625,108.35179138183594,-0.015048414063869154,0.17792038994776466,0.0009690634297987444,0.0,-0.0005835134738484404,0
2024-11-12 05:00:00+00:00,108.07639758785704,109.32040641464123,106.80390852637912,107.0698013305664,2708100,0.0,0.0,5983.990234375,,508.8586120605469,107.0698013305664,-0.01190229047577996,0.1905495547538117,-0.00289265965137242,0.0,-0.0018099898027562622,0
2024-11-13 05:00:00+00:00,108.18085922629119,111.23864104128711,108.12388426540218,110.69735717773438,4772300,0.0,0.0,5985.3798828125,,508.203857421875,110.69735717773438,0.033318995037742036,0.31478563039408386,0.00023222772482434095,0.0,-0.0012867123070209319,0
2024-11-14 05:00:00+00:00,110.53593966706802,110.82082175875229,108.51324131542945,108.96906280517578,4757000,0.0,0.0,5949.169921875,,504.6719970703125,108.96906280517578,-0.015735951229354558,0.3477772543061513,-0.006049734794859041,0.0,-0.0069496921363007,0
2024-11-15 05:00:00+00:00,108.59869340639783,109.18746122580873,106.99383107681746,107.70604705810547,3889000,0.0,0.0,5870.6201171875,,492.6477355957031,107.70604705810547,-0.0116582846375866,0.33425098541288106,-0.013203489851361216,0.0,-0.023825893935886633,0
2024-11-18 05:00:00+00:00,107.16477072889043,108.91207782645836,106.74694225047932,108.87409210205078,2411400,0.0,0.0,5893.6201171875,,496.0704040527344,108.87409210205078,0.010786366406488987,0.33176168436302644,0.003917814394541086,0.0,0.0069474965776359365,0
2024-11-19 05:00:00+00:00,108.08590100758002,109.62429019198129,107.20275286848528,109.32990264892578,2950800,0.0,0.0,5916.97998046875,,499.4832763671875,109.32990264892578,0.004177844776729648,0.31150273218652963,0.003963584828470035,0.0,0.0068798144105575165,0
2024-11-20 05:00:00+00:00,108.65568088317714,108.94057020652467,107.87699161040187,108.76963806152344,2821800,0.0,0.0,5917.10986328125,,499.1955871582031,108.76963806152344,-0.005137707470395226,0.17425966601891274,2.195086225209586e-05,0.0,-0.0005759736563689666,0
2024-11-21 05:00:00+00:00,108.74115184870996,109.19696607734792,107.87699287081917,108.22835540771484,2626500,0.0,0.0,5948.7099609375,,500.99127197265625,108.22835540771484,-0.0049888366965684374,0.1401315500330124,0.0053404615405816536,0.0,0.003597156827197745,0
2024-11-22 05:00:00+00:00,108.56070567821652,110.09909477757861,108.21884143391384,109.96614837646484,2432900,0.0,0.0,5969.33984375,,501.7948913574219,109.96614837646484,0.01592917955226268,0.149036816499397,0.003467959094991535,0.0,0.0016040586527612533,0
2024-11-25 05:00:00+00:00,110.6498796224351,113.44176878827318,110.45995824511442,112.12179565429688,9970700,0.0,0.0,5987.3701171875,,502.5885925292969,112.12179565429688,0.019413165238579697,0.18213384424157664,0.003020480305938378,0.0,0.0015817242972082646,0
2024-11-26 05:00:00+00:00,111.67547135739241,112.12179455927682,109.70025717438894,110.31751251220703,3367200,0.0,0.0,6021.6298828125,,505.2870788574219,110.31751251220703,-0.016223056337132082,0.24191155485017315,0.005722005647630368,0.0,0.005369175441377827,0
2024-11-27 05:00:00+00:00,111.22914280053033,112.73904446942504,111.02972319238116,111.86539459228516,2655000,0.0,0.0,5998.740234375,,501.3087158203125,111.86539459228516,0.013933629216565166,0.2453257777388088,-0.003801238017440034,0.0,-0.007873470752716272,0
2024-11-29 05:00:00+00:00,111.97934199475247,112.64408125199678,110.78282437277672,110.89677429199219,3124300,0.0,0.0,6032.3798828125,,505.71368408203125,110.89677429199219,-0.008696507219377828,0.2565741879309143,0.005607785488815242,0.0,0.008786937315683252,0
2024-12-02 05:00:00+00:00,110.25103106812676,110.76382743761071,109.03551696788429,110.0041275024414,3386500,0.0,0.0,6047.14990234375,,511.2198486328125,110.0041275024414,-0.00808191945869412,0.24785686338225812,0.0024484564662998753,0.0,0.010887908957369907,0
2024-12-03 05:00:00+00:00,110.10859286343752,111.20065886721548,109.7667285971238,110.53592681884766,4520300,0.0,0.0,6049.8798828125,,512.7872924804688,110.53592681884766,0.004822709859047452,0.19131152225990503,0.0004514491145146682,0.0,0.003066085661282747,0
2024-12-04 05:00:00+00:00,110.51692762855232,110.51692762855232,108.60819397424515,109.25393676757812,3761300,0.0,0.0,6086.490234375,,519.1268920898438,109.25393676757812,-0.011665729884656145,0.1731103447474582,0.006051417924264779,0.0,0.012363020110558676,0
2024-12-05 05:00:00+00:00,108.29481652455432,108.62718253853649,107.20275055429653,108.05741119384766,2510200,0.0,0.0,6075.10986328125,,517.6883544921875,108.05741119384766,-0.011012196801197261,0.10698083664358826,-0.0018697756269248078,0.0,-0.0027710712343664845,0
2024-12-06 05:00:00+00:00,107.32620799627693,108.6746758974914,106.09170451690235,106.35759735107422,3650800,0.0,0.0,6090.27001953125,,522.3214111328125,106.35759735107422,-0.01585569467074529,0.12499816574406118,0.0024954538421815275,0.0,0.008949509102188946,0
2024-12-09 05:00:00+00:00,107.30721884041397,109.63378838628451,106.83240813758029,109.60530090332031,4717100,0.0,0.0,6052.85009765625,,518.2538452148438,109.60530090332031,0.03007876291015825,0.300581280177276,-0.006144213927296471,0.0,-0.00778747688927206,0
2024-12-10 05:00:00+00:00,109.30142005922323,109.4533629585723,106.8893808698284,107.44966125488281,2908100,0.0,0.0,6034.91015625,,516.4879150390625,107.44966125488281,-0.01986326875066683,0.3221839745440449,-0.002963883313944371,0.0,-0.0034074617913335548,0
2024-12-11 05:00:00+00:00,107.34519573890218,108.33280278898833,105.68335841563943,106.3196029663086,2804200,0.0,0.0,6084.18994140625,,525.7342529296875,106.3196029663086,-0.010572790429266636,0.3209924688526307,0.008165786048233592,0.0,0.017902331538436345,0
2024-12-12 05:00:00+00:00,105.99675055235966,107.6206023884246,105.69287197330137,106.02523803710938,2868200,0.0,0.0,6051.25,,522.3412475585938,106.02523803710938,-0.002772519608860293,0.3172981484322654,-0.005414022527810203,0.0,-0.00645384117961878,0
2024-12-13 05:00:00+00:00,105.51242860752619,106.0916982096926,105.05660717244729,105.53141784667969,4741200,0.0,0.0,6051.08984375,,526.3394775390625,105.53141784667969,-0.0046684523844885495,0.29998032315517187,-2.6466639124200775e-05,0.0,0.007654440462353529,0
2024-12-16 05:00:00+00:00,105.65595520686124,106.63300612843196,103.95089380902633,104.28616333007812,5586800,0.96,0.0,6074.080078125,,533.9191284179688,104.28616333007812,-0.011870017094535511,0.10700825456348773,0.0037993543260221863,0.0,0.01440068853346399,0
2024-12-17 05:00:00+00:00,103.90300338328187,105.18658080065597,103.38573855133215,104.28616333007812,4687400,0.0,0.0,6050.60986328125,,531.5678100585938,104.28616333007812,0.0,0.08077085488043856,-0.003863994965801476,0.0,-0.0044038848473964,0
2024-12-18 05:00:00+00:00,103.9221550032263,104.52563427664874,99.4679362839631,99.53499603271484,5422600,0.0,0.0,5872.16015625,,512.3905639648438,99.53499603271484,-0.04662938973500812,0.3048413838395762,-0.02949284635160343,0.0,-0.036076763360889275,0
2024-12-19 05:00:00+00:00,100.2246769070312,100.50246768237714,97.10194055280029,97.13067626953125,7786700,0.0,0.0,5867.080078125,,510.108642578125,97.13067626953125,-0.02445205133807702,0.2969259554837891,-0.0008651123249070469,0.0,-0.004453480503351592,0
2024-12-20 05:00:00+00:00,96.57510036037343,100.39710438038534,96.57510036037343,98.96984100341797,11067200,0.0,0.0,5930.85009765625,,514.563232421875,98.96984100341797,0.01875791748477941,0.39213548538357174,0.010869123768910471,0.0,0.008732629624223165,0
2024-12-23 05:00:00+00:00,98.62499224601514,100.02351982629578,98.24183230294021,99.75531005859375,4626200,0.0,0.0,5974.06982421875,,519.5764770507812,99.75531005859375,0.007905120628817998,0.4193961382385334,0.007287273468533639,0.0,0.0097427183153187,0
2024-12-24 05:00:00+00:00,99.3721532803202,100.38752825803161,99.08478879498807,100.29173278808594,1883700,0.0,0.0,6040.0400390625,,526.621826171875,100.29173278808594,0.005362978702944868,0.4281888825403064,0.01104275925539211,0.0,0.01355979231601201,0
2024-12-26 05:00:00+00:00,99.61163329006492,102.9451155995192,99.20931860166299,102.38953399658203,4799000,0.0,0.0,6037.58984375,,526.2640380859375,102.38953399658203,0.020701233591111916,0.2872428979812425,-0.00040565878647391695,0.0,-0.000679402311405064,0
2024-12-27 05:00:00+00:00,101.69026050557393,102.71520911101935,100.39709483474778,100.80899047851562,3655100,0.0,0.0,5970.83984375,,519.2683715820312,100.80899047851562,-0.01555695740220075,0.22967974536289348,-0.011055736101235558,0.0,-0.01329307343391739,0
2024-12-30 05:00:00+00:00,100.44499557037719,101.02931283385279,99.26678003519105,100.67488861083984,4038500,0.0,0.0,5906.93994140625,,512.3621826171875,100.67488861083984,-0.0013311426014188986,0.21078314555387948,-0.010701995701766776,0.0,-0.013299845210681727,0
2024-12-31 05:00:00+00:00,101.62320509575572,101.92973889784626,100.37794441151924,101.24962615966797,4602700,0.0,0.0,5881.6298828125,,508.009765625,101.24962615966797,0.005692613415978032,0.2083863287064285,-0.004284800394927402,0.0,-0.008494805315167886,0
2025-01-02 05:00:00+00:00,101.91057068253221,102.08299228163675,99.41046114960025,99.87025451660156,4180100,0.0,0.0,5868.5498046875,,507.0160827636719,99.87025451660156,-0.013717124998804925,0.23670458415180193,-0.0022238866412221947,0.0,-0.001956031022564364,0
2025-01-03 05:00:00+00:00,100.10973236094267,101.46994318995827,99.27636004888318,101.18257141113281,3558800,0.0,0.0,5942.47021484375,,515.3134765625,101.18257141113281,0.01305463403351076,0.1954978632208495,0.01259602672149196,0.0,0.016365149116375655,0
2025-01-06 05:00:00+00:00,102.0159530591253,104.25742682968657,101.29753085448357,102.16921997070312,4450200,0.0,0.0,5975.3798828125,,521.2359008789062,102.16921997070312,0.00970393518816511,0.16856146950192796,0.005538045085450305,0.0,0.011492857427119807,0
2025-01-07 05:00:00+00:00,103.00258120460154,103.73058439107439,101.60405357543549,102.09258270263672,4958800,0.0,0.0,5909.02978515625,,511.93487548828125,102.09258270263672,-0.0007503827995193374,0.16773910408904577,-0.01110391288210788,0.0,-0.017844176456268013,0
2025-01-08 05:00:00+00:00,101.92973344326373,102.14046445867197,100.49288920961074,101.05804443359375,3571500,0.0,0.0,5918.25,,512.0243530273438,101.05804443359375,-0.01018502602470348,0.18721317949849203,0.001560360190925314,0.0,0.00017478305024076768,0
2025-01-10 05:00:00+00:00,99.62120316270415,100.57909934696093,99.14225507057577,99.22846221923828,4230700,0.0,0.0,5827.0400390625,,503.9952392578125,99.22846221923828,-0.018270158457779868,0.20915433586142698,-0.01541164380306681,0.0,-0.01568111696652541,0
2025-01-13 05:00:00+00:00,99.22847121345632,101.01973987132021,98.8836352793819,100.93353271484375,5774700,0.0,0.0,5836.22021484375,,502.3755187988281,100.93353271484375,0.017037317600966363,0.22747102116625229,0.0015754440882007614,0.0,-0.003213761426337225,1
2025-01-14 05:00:00+00:00,101.13468413102616,104.00837277595132,100.93352680286158,103.56774139404297,4444400,0.0,0.0,5842.91015625,,501.89849853515625,103.56774139404297,0.02576369656080286,0.29219095598708694,0.0011462798112440442,0.0,-0.0009495292780437037,1
2025-01-15 05:00:00+00:00,106.79583865676338,107.28436773469939,103.20372812993193,103.30909729003906,4571000,0.0,0.0,5949.91015625,,513.4453125,103.30909729003906,-0.002500465885014314,0.2937600625563032,0.018312792279639112,0.0,0.023006273177832437,1
2025-01-16 05:00:00+00:00,103.66353200466752,106.38395381159079,103.23247431283701,106.25942993164062,5499800,0.0,0.0,5937.33984375,,509.8481140136719,106.25942993164062,0.02815811721680614,0.31581809652046017,-0.0021126894641922966,0.0,-0.007006001221070868,1
2025-01-17 05:00:00+00:00,106.51805878966829,106.9107997553436,104.8130046545775,104.8704833984375,5270800,0.0,0.0,5996.66015625,,518.45361328125,104.8704833984375,-0.013157458826733196,0.2877891297010612,0.009991058969353706,0.0,0.016878554673534385,1
2025-01-21 05:00:00+00:00,105.61764162332187,112.92638731428201,105.53142716134812,112.33248901367188,8040000,0.0,0.0,6049.240234375,,521.4942626953125,112.33248901367188,0.06873702811990362,0.506429050113777,0.008768227105582893,0.0,0.005864843712475087,0
2025-01-22 05:00:00+00:00,111.36502021455782,112.5336548103682,109.6982754755323,110.2825927734375,5429500,0.0,0.0,6086.3701171875,,528.1619873046875,110.2825927734375,-0.018417028756132443,0.5749411290342206,0.006137941522227575,0.0,0.012785806261632171,0
2025-01-23 05:00:00+00:00,110.43584872288618,113.58732795369605,109.67910988252444,113.54901123046875,4788700,0.0,0.0,6118.7099609375,,529.2849731445312,113.54901123046875,0.029188464022753064,0.5665851750955659,0.00531348622041139,0.0,0.002126214810676874,0
2025-01-24 05:00:00+00:00,113.539432232199,115.01459321580462,112.27500957598959,113.92259216308594,4165800,0.0,0.0,6101.240234375,,526.2938842773438,113.92259216308594,0.003284640921504379,0.5684988732643035,-0.002855132319398823,0.0,-0.005651187959138881,0
2025-01-27 05:00:00+00:00,113.02217652684932,116.94954969145395,113.02217652684932,116.1449203491211,5253400,0.0,0.0,6012.27978515625,,510.97100830078125,116.1449203491211,0.0193195230729253,0.515284148476419,-0.014580715690809543,0.0,-0.029114676104592063,0
2025-01-28 05:00:00+00:00,116.00123158587506,116.44186297315461,114.76554457651432,115.1487045288086,3494600,0.0,0.0,6067.7001953125,,518.523193359375,115.1487045288086,-0.00861434880746692,0.3101394316553663,0.009217869449967608,0.0,0.014780065670865206,0
2025-01-29 05:00:00+00:00,115.42649241189896,115.91502152150609,113.47238328163851,114.1524887084961,2758100,0.0,0.0,6039.31005859375,,517.5493774414062,114.1524887084961,-0.008689201083357762,0.26890886724262386,-0.004678895760321544,0.0,-0.0018780566239663399,0
2025-01-30 05:00:00+00:00,115.69469904291867,117.10280759185768,114.35364293401638,115.57017517089844,2844000,0.0,0.0,6071.169921875,,519.7553100585938,115.57017517089844,0.012342747871278661,0.19824518625379844,0.005275414405311762,0.0,0.004262265038541546,0
2025-01-31 05:00:00+00:00,114.72722880296268,115.60849889300654,113.46280606561174,114.2291259765625,3753700,0.0,0.0,6040.52978515625,,519.0001220703125,114.2291259765625,-0.011671614417312301,0.22590923579133346,-0.005046825754019935,0.0,-0.0014529682980941594,0
2025-02-03 05:00:00+00:00,111.14468930801205,113.52027497972709,109.64079264222973,112.87847900390625,3704000,0.0,0.0,5994.56982421875,,514.846435546875,112.87847900390625,-0.011894475279227957,0.16208351809782512,-0.007608597684666707,0.0,-0.008003247681076187,0
2025-02-04 05:00:00+00:00,111.36501437739054,113.80764530510207,111.28838092734824,113.32869720458984,2273400,0.0,0.0,6037.8798828125,,521.1663208007812,113.32869720458984,0.00398058808485484,0.17219092848463186,0.007224881828679752,0.0,0.012275282137659493,0
2025-02-05 05:00:00+00:00,114.41112276640452,114.41112276640452,112.54322081926169,113.7789077758789,2797800,0.0,0.0,6061.47998046875,,523.5313720703125,113.7789077758789,0.003964738750793643,0.17013586819932636,0.003908672930614365,0.0,0.004537997132848748,0
2025-02-06 05:00:00+00:00,114.2099619168461,114.2099619168461,111.9205833800634,113.54901123046875,3476400,0.0,0.0,6083.56982421875,,526.2640380859375,113.54901123046875,-0.002022599113991991,0.12577545565961568,0.003644298722618622,0.0,0.005219679586380144,0
2025-02-07 05:00:00+00:00,113.77891052339214,114.20996820229632,112.07385644086366,112.40911865234375,2873000,0.0,0.0,6025.990234375,,519.6261596679688,112.40911865234375,-0.010089499754658048,0.11967603877589612,-0.009464770111542897,0.0,-0.012613209221194799,0
2025-02-10 05:00:00+00:00,113.07965420367987,114.5548079840278,112.6773322281439,114.43986511230469,2768800,0.0,0.0,6066.43994140625,,525.9161987304688,114.43986511230469,0.017904428535892563,0.16271894554635333,0.006712541085862833,0.0,0.012104931488667203,0
2025-02-11 05:00:00+00:00,113.98965874607636,117.02618823770462,113.98965874607636,116.64302825927734,3673500,0.0,0.0,6068.5,,524.6641845703125,116.64302825927734,0.019068740860600068,0.2007369101150469,0.00033958278885926063,0.0,-0.0023806343352392734,0
2025-02-12 05:00:00+00:00,113.62565145850633,115.57017960229973,113.62565145850633,114.72722625732422,3374700,0.0,0.0,6051.97021484375,,524.97216796875,114.72722625732422,-0.016560865110082614,0.2572647452361519,-0.0027238667143857365,0.0,0.0005870105250078694,0
2025-02-13 05:00:00+00:00,114.86133145923877,116.34606611465627,113.80763984215629,115.80964660644531,2443800,0.0,0.0,6115.06982421875,,532.5243530273438,115.80964660644531,0.009390500441721109,0.25971979518691485,0.010426292122230674,0.0,0.01438587704147265,0
2025-02-14 05:00:00+00:00,116.57596722354602,117.44765629295894,115.57018057595594,115.76175689697266,2101300,0.0,0.0,6114.6298828125,,534.76025390625,115.76175689697266,-0.00041360642489395206,0.2346603540180393,-7.194380749464546e-05,0.0,0.004198682869986037,0
2025-02-18 05:00:00+00:00,115.6755388321577,116.6909063924595,115.18700975903414,116.20237731933594,2151200,0.0,0.0,6129.580078125,,535.9725341796875,116.20237731933594,0.0037990437944057944,0.2090898440139595,0.0024449877750611915,0.0,0.0022669603146123762,0
2025-02-19 05:00:00+00:00,115.64681798000025,117.01660991577187,114.99544823484658,116.50891876220703,5276400,0.0,0.0,6144.14990234375,,536.12158203125,116.50891876220703,0.00263452290743078,0.15548178536993698,0.0023769693899173827,0.0,0.00027808859980216205,0
2025-02-20 05:00:00+00:00,116.50890670705348,116.50890670705348,115.11996020550686,115.80964660644531,2484700,0.0,0.0,6117.52001953125,,533.845947265625,115.80964660644531,-0.006019960276942662,0.08991533261679924,-0.0043341850761716705,0.0,-0.004244624432023669,0
2025-02-21 05:00:00+00:00,116.19281649661407,116.33649508566064,114.59312422626857,115.876708984375,3152000,0.0,0.0,6013.1298828125,,522.7662353515625,115.876708984375,0.0005789065966494267,0.060475699321250506,-0.01706412670256352,0.0,-0.020754511616718485,0
2025-02-24 05:00:00+00:00,116.02038372149316,116.93996314377766,114.92838270076983,115.64680480957031,2708500,0.0,0.0,5983.25,,516.5952758789062,115.64680480957031,-0.001986012103943892,0.06234425492731938,-0.00496910650440241,0.0,-0.011804433904393674,0
2025-02-25 05:00:00+00:00,116.18323202106329,117.88828610310827,115.8575435098835,117.4476547241211,3732700,0.0,0.0,5955.25,,510.0865783691406,117.4476547241211,0.015451982423655529,0.12884269295877301,-0.004679730915472358,0.0,-0.012599219957426189,0
2025-02-26 05:00:00+00:00,117.77334079680931,118.23313421155459,116.64302293156928,117.01660919189453,2324900,0.0,0.0,5956.06005859375,,511.31884765625,117.01660919189453,-0.0036768589860675196,0.13493827298457228,0.00013602428004699796,0.0,0.0024158041778892247,0
2025-02-27 05:00:00+00:00,117.10280359283156,118.77912184467169,116.38438148490008,117.60090637207031,2293300,0.0,0.0,5861.56982421875,,497.11883544921875,117.60090637207031,0.00498085905269591,0.1214824606625031,-0.015864553655509872,0.0,-0.02777134516382551,0
2025-02-28 05:00:00+00:00,117.66796970448165,119.01860690036634,116.77713322400658,118.70249938964844,5562200,0.0,0.0,5954.5,,504.96905517578125,118.70249938964844,0.009323615071229769,0.12596646547755289,0.01585414463498891,0.0,0.015791434897993062,0
2025-03-03 05:00:00+00:00,118.93240693701081,119.72745530392167,117.57218865028561,118.33850860595703,3184000,0.0,0.0,5849.72021484375,,493.9190368652344,118.33850860595703,-0.0030711232023509184,0.1298355286497788,-0.0175967394669998,0.0,-0.021882565272638987,0
2025-03-04 05:00:00+00:00,117.90743717601097,118.91323108732044,116.46101920746909,116.65259552001953,3242400,0.0,0.0,5778.14990234375,,492.42852783203125,116.65259552001953,-0.01434898583620507,0.14448323640477015,-0.012234826602200433,0.0,-0.003017719346601777,0
2025-03-05 05:00:00+00:00,115.77134111613147,119.42092348234077,115.44565259156896,118.81745147705078,4300600,0.0,0.0,5842.6298828125,,498.84783935546875,118.81745147705078,0.018388045382073944,0.19740237059644283,0.011159277893187936,0.0,0.013036026876223517,0
2025-03-06 05:00:00+00:00,117.67753984015297,118.28101908815864,114.68890854781107,115.23490905761719,4080200,0.0,0.0,5738.52001953125,,485.1248779296875,115.23490905761719,-0.030615561723561748,0.306903419439129,-0.017819007085749905,0.0,-0.027509313147495718,0
2025-03-07 05:00:00+00:00,115.66595736395932,116.32690803036698,113.07964074368437,114.861328125,4004300,0.0,0.0,5770.2001953125,,488.6922302246094,114.861328125,-0.0032471740124813413,0.28451358791307224,0.00552061780274804,0.0,0.007353472182556109,0
2025-03-10 04:00:00+00:00,114.42069698871032,115.08164769851923,112.34206401007128,112.9072265625,4238600,0.0,0.0,5614.56005859375,,469.7522888183594,112.9072265625,-0.01715908072662451,0.2910742126507849,-0.0269730913054258,0.0,-0.03875637924004838,0
2025-03-11 04:00:00+00:00,113.82680704494997,114.08543580300383,110.66574666598751,112.24627685546875,5521700,0.0,0.0,5572.06982421875,,468.6293640136719,112.24627685546875,-0.005871119885564475,0.2881950936528354,-0.007567865323653167,0.0,-0.002390461593092308,0
2025-03-12 04:00:00+00:00,112.68690826204887,113.04133248660786,110.79027788066452,110.85733032226562,3608400,0.0,0.0,5599.2998046875,,473.9158935546875,110.85733032226562,-0.012451295568996358,0.17208858348961997,0.004886869929446425,0.0,0.011280832886223946,0
2025-03-13 04:00:00+00:00,110.84775687327485,111.53744335287266,105.48353925486863,105.71343231201172,4802800,0.0,0.0,5521.52001953125,,465.3899230957031,105.71343231201172,-0.04751209779173679,0.2822347794758759,-0.013890984206835322,0.0,-0.017990471674275144,0
2025-03-14 04:00:00+00:00,107.05448460505063,107.56216843714085,105.847533310159,107.17900848388672,4732700,0.0,0.0,5638.93994140625,,476.6386413574219,107.17900848388672,0.013768448694412927,0.35251455682120975,0.021265869083087807,0.0,0.02417052390583363,0
2025-03-17 04:00:00+00:00,106.80543334346675,110.14848925564323,106.79585233454786,109.62165069580078,3436100,0.0,0.0,5675.1201171875,,479.72900390625,109.62165069580078,0.02253448476927724,0.43255154502938603,0.006416130719105961,0.0,0.006483659277030318,0
2025-03-18 04:00:00+00:00,110.03720843641818,110.17250741707106,107.89174263857764,108.60689544677734,3464200,1.01,0.0,5614.66015625,,471.55084228515625,108.60689544677734,-0.009299998380558524,0.4332184164052488,-0.010653512117636543,0.0,-0.01704746128439616,0
2025-03-19 04:00:00+00:00,108.49092468163362,109.92123023971412,107.94972140784753,109.17708587646484,4121100,0.0,0.0,5675.2900390625,,477.86090087890625,109.17708587646484,0.005236305526743677,0.43633456827897665,0.010798495567894584,0.0,0.013381502115808352,0
2025-03-20 04:00:00+00:00,108.83884135118433,110.09519006438978,107.94972429661456,108.30730438232422,3344200,0.0,0.0,5662.89013671875,,476.24114990234375,108.30730438232422,-0.007998607443233257,0.2184891323621908,-0.0021848931523151816,0.0,-0.003389586747070905,0
2025-03-21 04:00:00+00:00,107.534165096868,107.91107783561137,104.30630737729066,104.77985382080078,7526600,0.0,0.0,5667.56005859375,,477.8111877441406,104.77985382080078,-0.03311107867957439,0.32528501436794766,0.0008246534476661349,0.0,0.003296728647070646,0
2025-03-24 04:00:00+00:00,105.61097474132872,106.72236551236428,104.48992502427566,106.55807495117188,5379400,0.0,0.0,5767.56982421875,,488.29644775390625,106.55807495117188,0.016828622357564302,0.29663967868443525,0.017646000146633645,0.0,0.02194435852217902,0
2025-03-25 04:00:00+00:00,106.37445409511518,106.73203418315445,104.77985055138747,105.56266021728516,3467100,0.0,0.0,5776.64990234375,,491.08294677734375,105.56266021728516,-0.009385428915756092,0.29670617165326924,0.0015743334544251475,0.0,0.005706572382934594,0
2025-03-26 04:00:00+00:00,105.9202273646286,107.83375299117004,105.8042610300292,107.39885711669922,3246100,0.0,0.0,5712.2001953125,,482.04669189453125,107.39885711669922,0.017244828331649056,0.33440809934654236,-0.011156934922627149,0.0,-0.018400669259870495,0
2025-03-27 04:00:00+00:00,107.49551132332446,108.55857789584879,106.87699222158741,107.03162384033203,2825100,0.0,0.0,5693.31005859375,,479.29998779296875,107.03162384033203,-0.003425199941348538,0.3319131641013698,-0.003306980860763864,0.0,-0.005698004255080491,0
2025-03-28 04:00:00+00:00,107.27322855400969,107.87241500750706,106.23915358269798,106.74169158935547,3660200,0.0,0.0,5580.93994140625,,466.6810607910156,106.74169158935547,-0.0027125221701797923,0.19746700323923416,-0.01973722070834405,0.0,-0.026327826670848542,0
2025-03-31 04:00:00+00:00,106.60639206612959,108.44260194807161,106.4034436006387,108.03670501708984,5071200,0.0,0.0,5611.85009765625,,466.6611633300781,108.03670501708984,0.012059212118710406,0.17959993438071614,0.005538521570653376,0.0,-4.263610120314176e-05,0
2025-04-01 04:00:00+00:00,108.76152221005964,108.95480435286426,106.39377540787689,107.70811462402344,3359900,0.0,0.0,5633.06982421875,,470.4229736328125,107.70811462402344,-0.0030461046312837328,0.15679092902202776,0.0037812354559083605,0.0,0.008061117140947038,0
2025-04-02 04:00:00+00:00,107.70811162921795,108.77118550480813,106.46142930828204,108.56822967529297,3230800,0.0,0.0,5670.97021484375,,473.8563232421875,108.56822967529297,0.007953894251439874,0.11600423456467418,0.006728194715792668,0.0,0.0072984309904364775,0
2025-04-03 04:00:00+00:00,104.48025933666493,105.70761645326054,97.78293045866837,98.17916107177734,7613200,0.0,0.0,5396.52001953125,,448.4891052246094,98.17916107177734,-0.10058483647810945,0.7467791329864153,-0.04839563335990149,0.0,-0.053533564444201764,0
2025-04-04 04:00:00+00:00,96.01437583264537,96.95180978526868,92.13900735643918,94.9319839477539,12661100,0.0,0.0,5074.080078125,,420.63397216796875,94.9319839477539,-0.03363330706065811,0.7410569179326368,-0.05974960534553109,0.0,-0.06210882880352331,0
2025-04-07 04:00:00+00:00,93.4050179550934,95.8404067598144,88.5922161379485,91.34652709960938,12717900,0.0,0.0,5062.25,,421.6490478515625,91.34652709960938,-0.03850041215319615,0.6721519962977176,-0.0023314724921273955,0.0,0.0024132042363624873,0
2025-04-08 04:00:00+00:00,93.80124647960055,94.31345075923389,85.35469059177753,86.74634552001953,8177500,0.0,0.0,4982.77001953125,,414.0557556152344,86.74634552001953,-0.05167197321276375,0.6196695172097139,-0.015700524562941354,0.0,-0.018008560140283514,1
2025-04-09 04:00:00+00:00,84.99711627074983,95.49249735782006,82.48441154901238,94.92230987548828,17532000,0.0,0.0,5456.89990234375,,463.7552490234375,94.92230987548828,0.09007047487366415,1.1198308765195146,0.09515387644904849,0.0,0.12003092031496099,1
2025-04-10 04:00:00+00:00,93.27938000095132,94.19748859069489,89.72293409534771,91.70410919189453,17204000,0.0,0.0,5268.0498046875,,444.0306701660156,91.70410919189453,-0.03449157673153944,0.9274997623360959,-0.03460757958472693,0.0,-0.04253230319000667,1
2025-04-11 04:00:00+00:00,90.87298969902061,93.17308713608512,89.41368511162777,92.99913024902344,6480100,0.0,0.0,5363.35986328125,,452.21112060546875,92.99913024902344,0.014022951437121657,0.9244992164908604,0.018092095201708958,0.0,0.018423165310618383,1
2025-04-14 04:00:00+00:00,94.36178181360636,96.04336005821426,93.61763744977564,94.99962615966797,6844900,0.0,0.0,5405.97021484375,,455.2762756347656,94.99962615966797,0.02128281548292231,0.8808001297989257,0.007944712390868913,0.0,0.006778150491285828,1
2025-04-15 04:00:00+00:00,95.5408230103621,96.15933472425682,94.80633758514666,95.173583984375,6702200,0.0,0.0,5396.6298828125,,455.7837829589844,95.173583984375,0.0018294677057226283,0.7203304183251593,-0.0017277808903947145,0.0,0.0011147238531399317,1
2025-04-16 04:00:00+00:00,96.35261854152623,98.48842536593368,94.69037288987128,96.92281341552734,7334600,0.0,0.0,5275.7001953125,,442.04034423828125,96.92281341552734,0.018212499614474215,0.36263058272217985,-0.0224083715440897,0.0,-0.030153417551365358,0
2025-04-17 04:00:00+00:00,97.68628452002466,100.19898917073422,97.60896871582044,98.67203521728516,6213100,0.0,0.0,5282.7001953125,,441.9607238769531,98.67203521728516,0.0178866514101199,0.12087599857491799,0.0013268380955802073,0.0,-0.0001801201233460059,0
2025-04-21 04:00:00+00:00,97.13542710255204,97.6089735234553,93.83991267512907,95.31854248046875,4801500,0.0,0.0,5158.2001953125,,431.02362060546875,95.31854248046875,-0.034577213853074926,0.3707765973430352,-0.023567493023827546,0.0,-0.024746776536028525,0
2025-04-22 04:00:00+00:00,96.85516202903855,97.70561379043106,95.4538406700358,96.59422302246094,4794400,0.0,0.0,5287.759765625,,442.3388977050781,96.59422302246094,0.013294575041432362,0.3524610967626754,0.025117204723895226,0.0,0.026252104429252743,0
2025-04-23 04:00:00+00:00,98.79768751180342,101.45535778213343,97.57998925070814,98.07286834716797,6911200,0.0,0.0,5375.85986328125,,452.3703308105469,98.07286834716797,0.01519182058368822,0.3615284805312456,0.01666113847096007,0.0,0.022678161829116528,0
2025-04-24 04:00:00+00:00,98.53675034542869,100.2376614150873,97.57999109453907,99.8897476196289,4602300,0.0,0.0,5484.77001953125,,465.0987243652344,99.8897476196289,0.01835629702414383,0.361835772205608,0.020259113708281262,0.0,0.02813710954889781,0
2025-04-25 04:00:00+00:00,99.89940036574237,100.02503301854867,98.56572853995416,98.80733489990234,2828200,0.0,0.0,5525.2099609375,,470.2835998535156,98.80733489990234,-0.010895212082181438,0.3601103870285936,0.007373133469998461,0.0,0.011147903050814811,0
2025-04-28 04:00:00+00:00,98.87499003369014,100.60489255452346,98.45942677591184,99.85108184814453,3149600,0.0,0.0,5528.75,,470.1343688964844,99.85108184814453,0.010508052660941566,0.18478504749030755,0.0006407067039131409,0.0,-0.00031732120167005107,0
2025-04-29 04:00:00+00:00,99.12626914494918,100.189335783627,98.62373109923959,99.63847351074219,2520500,0.0,0.0,5560.830078125,,473.23931884765625,99.63847351074219,-0.002131524304787176,0.19585053253117207,0.005802410694099036,0.0,0.006604388354886526,0
2025-04-30 04:00:00+00:00,99.00063946615597,99.60948493144163,96.85517348385119,98.76869201660156,7712300,0.0,0.0,5569.06005859375,,473.1795959472656,98.76869201660156,-0.008767698118970487,0.2004054678437575,0.00147999135976562,0.0,-0.00012620020782727615,0
2025-05-01 04:00:00+00:00,99.81242277243499,100.96247145742471,98.53674142893665,99.619140625,3956100,0.0,0.0,5604.14013671875,,479.3596496582031,99.619140625,0.008573648964194602,0.15524920031185127,0.006299102138585644,0.0,0.013060693579919791,0
2025-05-02 04:00:00+00:00,101.63897845088611,102.36379764994808,100.904500304571,101.87092590332031,4193700,0.0,0.0,5686.669921875,,486.4752502441406,101.87092590332031,0.022352258551196436,0.19090572111326912,0.01472657412963474,0.0,0.014843970682578478,0
2025-05-05 04:00:00+00:00,101.08810053802559,102.4604229066695,100.87548575942759,101.79359436035156,3246600,0.0,0.0,5650.3798828125,,483.5892028808594,101.79359436035156,-0.000759401260317617,0.19129899915049542,-0.006381597588933863,0.0,-0.005932567714046821,0
2025-05-06 04:00:00+00:00,101.20407749293817,101.96755450728637,100.12167830046201,100.99146270751953,6505100,0.0,0.0,5606.91015625,,479.09100341796875,100.99146270751953,-0.007911192747715269,0.2064882303016956,-0.007693239651855532,0.0,-0.009301695397857856,0
2025-05-07 04:00:00+00:00,100.99146552285794,102.46042904987326,100.70153492134261,101.51333618164062,4741200,0.0,0.0,5631.27978515625,,480.97186279296875,101.51333618164062,0.005154195182656355,0.17970547207826237,0.00434635623313584,0.0,0.003925891660626846,0
2025-05-08 04:00:00+00:00,101.63896344829455,102.85666158748609,99.97671048408667,101.9482192993164,3514500,0.0,0.0,5663.93994140625,,485.9378967285156,101.9482192993164,0.004274849653187727,0.17762542451554486,0.005799775094835535,0.0,0.01032499886107563,0
2025-05-09 04:00:00+00:00,102.14151631785339,103.67812936677463,101.70662040671674,103.320556640625,5506200,0.0,0.0,5659.91015625,,485.619384765625,103.320556640625,0.013371325296932543,0.1247098837466203,-0.0007114809122162891,0.0,-0.0006554581666401438,0
2025-05-12 04:00:00+00:00,107.22491154243127,109.15776263737004,106.30681022163208,106.625732421875,10025000,0.0,0.0,5844.18994140625,,505.4036560058594,106.625732421875,0.03148851917353445,0.23107745118201042,0.032558782749008364,0.0,0.04074028315361189,0
2025-05-13 04:00:00+00:00,106.50008897899848,106.79968590294585,104.8571685500909,106.01687622070312,4533900,0.0,0.0,5886.5498046875,,513.1063842773438,106.01687622070312,-0.00572658385775208,0.22114812006396783,0.0072482009835321826,0.0,0.015240745055858929,0
2025-05-14 04:00:00+00:00,105.19541284083301,105.50466870190661,103.09827130251388,103.98738098144531,7699900,0.0,0.0,5892.580078125,,516.1814575195312,103.98738098144531,-0.019328736006228194,0.3052515619682846,0.001024415597859818,0.0,0.005993051999379162,0
2025-05-15 04:00:00+00:00,103.87141559856454,105.83325817656184,103.0402890817911,105.56266021728516,3163500,0.0,0.0,5916.93017578125,,516.7487182617188,105.56266021728516,0.015035157252374113,0.31349723995778384,0.004132332074135769,0.0,0.001098956062686618,0
2025-05-16 04:00:00+00:00,105.66895942912367,106.91564919473467,105.1084382491617,106.83834075927734,2768400,0.0,0.0,5958.3798828125,,518.9978637695312,106.83834075927734,0.01201214566089755,0.3118926161976221,0.007005272294898557,0.0,0.004352493636323507,0
2025-05-19 04:00:00+00:00,105.15675555818832,107.0992728640747,104.71220071609459,106.93498229980469,2880300,0.0,0.0,5963.60009765625,,519.4954223632812,106.93498229980469,0.0009041497388729376,0.22108940724080064,0.0008761131291423752,0.0,0.0009586910245376057,0
2025-05-20 04:00:00+00:00,106.23914478953891,106.99295542375468,104.82816458670722,105.07943725585938,2689400,0.0,0.0,5940.4599609375,,517.7638549804688,105.07943725585938,-0.01750439829946199,0.25540107712687543,-0.0038802294486252054,0.0,-0.0033331715897231273,0
2025-05-21 04:00:00+00:00,104.21932897810096,104.5672427699838,100.85617215422275,101.15576171875,2861600,0.0,0.0,5844.60986328125,,510.568603515625,101.15576171875,-0.0380550853007296,0.3525890339092385,-0.01613513066101424,0.0,-0.013896782086333825,0
2025-05-22 04:00:00+00:00,101.25239726945293,102.32513017362153,100.31497071984063,101.56165313720703,3492800,0.0,0.0,5842.009765625,,511.5240173339844,101.56165313720703,0.004004510033387491,0.3191870935919669,-0.00044487103794299543,0.0,0.0018712741280617617,0
2025-05-23 04:00:00+00:00,100.82717743579889,101.33938178759654,99.56115497617121,100.54691314697266,3075500,0.0,0.0,5802.81982421875,,506.78692626953125,100.54691314697266,-0.010041618082552406,0.2674709318775654,-0.006708297825321674,0.0,-0.00926074026619983,0
2025-05-27 04:00:00+00:00,101.85157666613051,103.29154850912305,100.94313439189474,103.040283203125,4067300,0.0,0.0,5921.5400390625,,518.709228515625,103.040283203125,0.02449559476440551,0.3719686351535727,0.0204590558452733,0.0,0.02352527586663311,0
2025-05-28 04:00:00+00:00,103.3012214006407,104.37395429856863,102.9049907785928,104.29663848876953,4580500,0.0,0.0,5888.5498046875,,516.4102783203125,104.29663848876953,0.012119121403186887,0.3807222347537345,-0.005571225417268844,0.0,-0.004432059560404045,0
2025-05-29 04:00:00+00:00,105.22440539494792,107.64046913597737,104.74119264674204,105.56266021728516,4585600,0.0,0.0,5912.169921875,,517.4254150390625,105.56266021728516,0.012065580081993647,0.20168551053779238,0.004011194261904327,0.0,0.001965756224008297,0
2025-05-30 04:00:00+00:00,105.06011904423656,105.42735809323658,103.18525114655701,104.95381164550781,7261600,0.0,0.0,5911.68994140625,,516.609375,104.95381164550781,-0.005784348027446708,0.22602323416271833,-8.118516130162234e-05,0.0,-0.0015771162670873418,0
2025-06-02 04:00:00+00:00,104.23865206087672,105.09877014160156,102.58606538757704,105.09877014160156,3958700,0.0,0.0,5935.93994140625,,520.689697265625,105.09877014160156,0.0013802117343421837,0.18372188143679147,0.0041020419271569075,0.0,0.007898273750113427,0
2025-06-03 04:00:00+00:00,104.68320817418841,105.85258212551128,104.12267962366434,105.35970306396484,3423200,0.0,0.0,5970.3701171875,,524.7599487304688,105.35970306396484,0.002479663109680407,0.1216395932961315,0.005800290454605506,0.0,0.007817038605177906,0
2025-06-04 04:00:00+00:00,105.22440880184118,105.46601518376671,104.64455495986823,104.78952026367188,2436300,0.0,0.0,5970.81005859375,,526.2228393554688,104.78952026367188,-0.005426469728742659,0.11559313464315552,7.36874595066439e-05,0.0,0.0027877329978005516,0
2025-06-05 04:00:00+00:00,104.85716658211969,105.34037933134606,103.77476736948574,104.19999694824219,2632800,0.0,0.0,5939.2998046875,,522.261962890625,104.19999694824219,-0.005641669371049965,0.06594411192237719,-0.005277383403094138,0.0,-0.007526994589773239,0
2025-06-06 04:00:00+00:00,105.24374331288288,106.32613520428201,104.51892415421736,105.13743591308594,3644400,0.0,0.0,6000.35986328125,,527.3673095703125,105.13743591308594,0.008956307703268867,0.09686475796558217,0.010280683010067904,0.0,0.009775451866014473,0
2025-06-09 04:00:00+00:00,105.6013090907741,106.36478610574196,104.84749839512617,105.2727279663086,3032300,0.0,0.0,6005.8798828125,,528.1436157226562,105.2727279663086,0.0012859841879614628,0.09680388844496718,0.0009199480792858594,0.0,0.0014720407166994853,0
2025-06-10 04:00:00+00:00,105.3403802628556,106.30680576985428,104.54791164204634,105.81392669677734,3771600,0.0,0.0,6038.81005859375,,531.6366577148438,105.81392669677734,0.005127751133117002,0.10218324849084878,0.00548298940767844,0.0,0.006613810880602866,0
2025-06-11 04:00:00+00:00,106.31647472117957,106.44210738583236,104.58657213604113,104.85717010498047,3454900,0.0,0.0,6022.240234375,,529.8452758789062,104.85717010498047,-0.009083003640180097,0.11837134249905547,-0.002743888954607865,0.0,-0.003369560413003625,0
2025-06-12 04:00:00+00:00,104.27731603618189,105.70762168984562,104.04537597376861,104.79918670654297,3526800,0.0,0.0,6045.259765625,,531.0892944335938,104.79918670654297,-0.0005531279928512921,0.10778147671481389,0.0038224199557175265,0.0,0.0023478902451739003,0
2025-06-13 04:00:00+00:00,103.75544691655617,104.31597550123743,102.67304765371391,103.67813110351562,3359400,0.0,0.0,5976.97021484375,,524.421630859375,103.67813110351562,-0.010754804603533832,0.10864122973640863,-0.011296379879250695,0.0,-0.012554693992334776,0
2025-06-16 04:00:00+00:00,103.40753080237704,104.89582699030305,102.82767696411483,103.23357391357422,4537500,0.0,0.0,6033.10986328125,,531.7162475585938,103.23357391357422,-0.004297078060058517,0.10248303078402017,0.009392659896159117,0.0,0.013909831841346865,0
2025-06-17 04:00:00+00:00,102.87257335369789,103.60431110245362,101.76033257107889,102.53108978271484,3068100,1.01,0.0,5982.72021484375,,526.5313720703125,102.53108978271484,-0.006828061218389219,0.06394660069272372,-0.008352184790166306,0.0,-0.009751207551185304,0
2025-06-18 04:00:00+00:00,102.4432932264947,104.0823862158635,101.95546802065425,102.52134704589844,2599300,0.0,0.0,5980.8701171875,,526.4418334960938,102.52134704589844,-9.502678411848575e-05,0.07079970744958375,-0.0003092402101070313,0.0,-0.0001700536358673066,0
2025-06-20 04:00:00+00:00,102.96038558805753,103.68236480031351,102.56037279448044,103.11649322509766,6746300,0.0,0.0,5967.83984375,,524.2921752929688,103.11649322509766,0.005788310556936927,0.10098267759742438,-0.002178658486505891,0.0,-0.004083372684972941,0
2025-06-23 04:00:00+00:00,103.00917722430495,104.64827029279775,102.32621743698662,104.52143096923828,3118900,0.0,0.0,6025.169921875,,529.6832275390625,104.52143096923828,0.013532780110049256,0.13008672750143832,0.009606504133156335,0.0,0.010282534243585273,0
2025-06-24 04:00:00+00:00,104.39459563961006,105.9556348333471,103.77993855059478,105.49707794189453,2990100,0.0,0.0,6092.18017578125,,537.7831420898438,105.49707794189453,0.009291123875353418,0.12687532642758823,0.01112172017970181,0.0,0.015291997423467318,0
2025-06-25 04:00:00+00:00,104.89218195764113,104.89218195764113,102.1603577203504,102.22865295410156,4926000,0.0,0.0,6092.16015625,,539.157958984375,102.22865295410156,-0.03147125523755881,0.2852633265076446,-3.2861029504172024e-06,0.0,0.0025564521959329234,0
2025-06-26 04:00:00+00:00,102.2091378584957,102.55061400933795,100.97981627184177,101.84814453125,4506500,0.0,0.0,6141.02001953125,,544.1992797851562,101.84814453125,-0.0037290752156641897,0.2860310254943515,0.008020121275230219,0.0,0.00935035960570385,0
2025-06-27 04:00:00+00:00,102.55061111173072,104.98973703971666,102.47255729556599,103.0481948852539,5732900,0.0,0.0,6173.06982421875,,546.0623779296875,103.0481948852539,0.01171386545440677,0.29814230516133644,0.005218970885222163,0.0,0.0034235586369515403,0
2025-06-30 04:00:00+00:00,102.87258687775538,103.27259969564611,100.93103710307197,102.56037902832031,7418000,0.0,0.0,6204.9501953125,,549.5992431640625,102.56037902832031,-0.004745101461021341,0.27249801345112923,0.005164427424532603,0.0,0.006477035183753976,0
2025-07-01 04:00:00+00:00,102.3164562769081,105.82879609599284,101.71155037197056,103.98481750488281,6626300,0.0,0.0,6198.009765625,,544.9664306640625,103.98481750488281,0.013793214114994148,0.2875692504229827,-0.001118531087121899,0.0,-0.008429437554041574,0
2025-07-02 04:00:00+00:00,104.14092804966188,105.81904803238088,103.52627093936832,105.67269897460938,3458900,0.0,0.0,6227.419921875,,548.7623291015625,105.67269897460938,0.016101668713019,0.1594525287607004,0.004745096791088033,0.0,0.0069653802948459465,0
2025-07-03 04:00:00+00:00,105.65318503124122,106.13125165353388,104.99950103534404,105.38975524902344,1549600,0.0,0.0,6279.35009765625,,554.1622314453125,105.38975524902344,-0.002681139060207786,0.15528377992258807,0.008338955206607324,0.0,0.00984014765115293,0
2025-07-07 04:00:00+00:00,105.12633523371002,106.34589828746536,102.94088032559466,103.74091339111328,3837900,0.0,0.0,6229.97998046875,,549.9878540039062,103.74091339111328,-0.01576885910438793,0.2128161894445784,-0.007862297279128794,0.0,-0.007532771460297849,0
2025-07-08 04:00:00+00:00,103.26283623697852,105.72147944850006,103.17503127266372,104.24824523925781,2939000,0.0,0.0,6225.52001953125,,550.2966918945312,104.24824523925781,0.004878454797013877,0.20634890381508228,-0.0007158868810946961,0.0,0.0005615358382493607,1
2025-07-09 04:00:00+00:00,104.52142532223233,104.87266006390614,102.71647355973313,103.79944610595703,4461200,0.0,0.0,6263.259765625,,554.1921997070312,103.79944610595703,-0.004314393748478348,0.1873067065913048,0.0060621034026635545,0.0,0.007078922824501843,1
2025-07-10 04:00:00+00:00,104.31653921323827,107.32154423838222,103.93603615188285,105.770263671875,4765000,0.0,0.0,6280.4599609375,,553.3951416015625,105.770263671875,0.018808783665017894,0.20265019469594026,0.0027462050044453346,0.0,-0.0014382340745504596,1
2025-07-11 04:00:00+00:00,104.10189911583005,106.51175689697266,103.86774509411748,106.51175689697266,3209800,0.0,0.0,6259.75,,552.1497802734375,106.51175689697266,0.006985954238929667,0.205636889412775,-0.0032975229626984737,0.0,-0.002250401628971388,1
2025-07-14 04:00:00+00:00,105.74098821644336,106.86298767094158,105.45804870575273,106.68737030029297,3582000,0.0,0.0,6268.56005859375,,554.1524047851562,106.68737030029297,0.0016474124012266092,0.1353602276812855,0.001407413809457303,0.0,0.003626958813108594,1
2025-07-15 04:00:00+00:00,107.00933812292921,107.42886810033153,105.5556210846094,105.97515106201172,5309300,0.0,0.0,6243.759765625,,554.660400390625,105.97515106201172,-0.006698142169414028,0.16165139334925752,-0.003956298214731202,0.0,0.0009167073914724266,1
2025-07-16 04:00:00+00:00,110.00458371357963,111.71197193086357,106.3654044095465,107.4874038696289,12177900,0.0,0.0,6263.7001953125,,555.228271484375,107.4874038696289,0.01416902470941778,0.16015369699317059,0.003193657417327689,0.0,0.0010238176248926756,0
2025-07-17 04:00:00+00:00,106.70689280430837,107.77034822593693,103.17503548209666,103.8384780883789,6612800,0.0,0.0,6297.35986328125,,559.7216186523438,103.8384780883789,-0.03453707086199917,0.29930913885972654,0.00537376740890938,0.0,0.008092792458056941,0
2025-07-18 04:00:00+00:00,104.56045761126147,104.56045761126147,103.14576742712867,104.1799545288086,4481500,0.0,0.0,6296.7900390625,,559.1836547851562,104.1799545288086,0.0032831393147680636,0.29205765417977214,-9.048620868445933e-05,0.0,-0.0009611275485174042,0
2025-07-21 04:00:00+00:00,104.63851046859591,106.0532006396735,104.08239001140281,105.23365783691406,3838200,0.0,0.0,6305.60009765625,,562.0828857421875,105.23365783691406,0.010063454699421086,0.3087216629253996,0.001399134882868358,0.0,0.00518475626428172,0
2025-07-22 04:00:00+00:00,105.58489077961968,106.70689026341836,105.07754838733167,106.5312728881836,5214700,0.0,0.0,6309.6201171875,,559.1737060546875,106.5312728881836,0.012255393638830978,0.322445848327346,0.0006375316336257875,0.0,-0.005175712979872404,0
2025-07-23 04:00:00+00:00,106.48248091779374,107.73131220195633,105.89709218379522,107.32154083251953,4215000,0.0,0.0,6358.91015625,,561.7242431640625,107.32154083251953,0.007390798632728503,0.30835010810535896,0.007811886951519131,0.0,0.0045612608063612115,0
2025-07-24 04:00:00+00:00,107.11666559622928,107.84840344600836,106.56054512814207,107.04837036132812,6208800,0.0,0.0,6363.35009765625,,562.9197387695312,107.04837036132812,-0.0025485910548807282,0.09324034244318574,0.0006982236416543941,0.0,0.0021282606546138005,0
2025-07-25 04:00:00+00:00,107.27275954818865,107.67277978902631,105.69221064870027,107.60448455810547,2150700,0.0,0.0,6388.64013671875,,564.2747192382812,107.60448455810547,0.005181533143005064,0.09057748765629074,0.00397432777929585,0.0,0.0024070580145436615,0
2025-07-28 04:00:00+00:00,107.32155126554858,107.59473220506312,104.4628951022759,104.51168060302734,2850600,0.0,0.0,6389.77001953125,,566.0382080078125,104.51168060302734,-0.029163483644578492,0.2607472005916123,0.00017685810881817865,0.0,0.003125230866113826,0
2025-07-29 04:00:00+00:00,104.96047895878158,107.15569250811885,104.1994727859909,107.04837036132812,3812700,0.0,0.0,6370.85986328125,,565.1614990234375,107.04837036132812,0.023981950501573444,0.30832128195755576,-0.002959442388724254,0.0,-0.0015488512470926974,0
2025-07-30 04:00:00+00:00,107.22397531966847,107.70204190858605,104.97021794181406,105.84830474853516,3796500,0.0,0.0,6362.89990234375,,565.9186401367188,105.84830474853516,-0.011273809914792633,0.31227555474274565,-0.0012494327466496813,0.0,0.0013396898312951766,0
2025-07-31 04:00:00+00:00,104.85315572558935,106.13125544133506,103.99457856015945,104.1799545288086,4136100,0.0,0.0,6339.39013671875,,562.9197387695312,104.1799545288086,-0.01588724600130721,0.3257611659680987,-0.0036948193411530106,0.0,-0.005299174041100696,0
2025-08-01 04:00:00+00:00,104.5702148705497,104.65801983755838,101.56520971699476,102.3554916381836,6122800,0.0,0.0,6238.009765625,,551.8309936523438,102.3554916381836,-0.017667769703385197,0.31918115009109077,-0.015992133140148468,0.0,-0.019698625493975497,0
2025-08-04 04:00:00+00:00,102.76525882875724,103.3116206729796,101.86766224364284,102.64817810058594,4631700,0.0,0.0,6329.93994140625,,562.0131225585938,102.64817810058594,0.002855428506649239,0.27612090569657094,0.01473710033091602,0.0,0.018451535023175536,0
2025-08-05 04:00:00+00:00,103.12624126994588,104.96046873192522,102.73598707631945,104.4336166381836,3556700,0.0,0.0,6299.18994140625,,558.1973266601562,104.4336166381836,0.017244227415553058,0.23476888338511237,-0.004857865996303334,0.0,-0.006789513883707743,0
2025-08-06 04:00:00+00:00,104.32630276841162,104.81412799272037,103.05795420776003,103.15552520751953,3706100,0.0,0.0,6345.06005859375,,565.2212524414062,103.15552520751953,-0.01231381920099474,0.2366435454334575,0.007281907295092482,0.0,0.012583230778398846,0
2025-08-07 04:00:00+00:00,104.355565387067,104.86290776104642,102.74574074611286,103.7018814086914,2214900,0.0,0.0,6340.0,,567.1340942382812,103.7018814086914,0.005282455006895712,0.2235109246589164,-0.0007974800154801898,0.0,0.0033842354451689705,0
2025-08-08 04:00:00+00:00,103.63358734209797,104.17019059935842,103.04819858707661,103.10673522949219,1841700,0.0,0.0,6389.4501953125,,572.4244995117188,103.10673522949219,-0.005755541831736555,0.17880544306194404,0.007799715348974834,0.0,0.009328314638785917,0
2025-08-11 04:00:00+00:00,102.84331695119313,103.28235667386963,101.40910960647074,101.54570007324219,3181500,0.0,0.0,6373.4501953125,,570.7307739257812,101.54570007324219,-0.015255771864281434,0.212896235709131,-0.0025041278217863283,0.0,-0.002958862849829602,0
2025-08-12 04:00:00+00:00,101.76033535875149,102.3847509926389,100.89200713526365,102.2579116821289,2847100,0.0,0.0,6445.759765625,,577.904052734375,102.2579116821289,0.006989223615813944,0.15985222908726682,0.01134543584661274,0.0,0.0125685859888931,0
2025-08-13 04:00:00+00:00,102.56037865028023,103.94580051181525,101.99449959913305,103.60432434082031,2679200,0.0,0.0,6466.580078125,,578.1930541992188,103.60432434082031,0.013080901901876286,0.17924124147915502,0.0032300788824048965,0.0,0.0005000855478973776,0
2025-08-14 04:00:00+00:00,102.73598739748239,103.73114750413536,101.53593416182694,103.27259063720703,2267900,0.0,0.0,6468.5400390625,,577.7448120117188,103.27259063720703,-0.0032070662691337315,0.17617624189418418,0.00030309080129242716,0.0,-0.0007752465793986474,0
2025-08-15 04:00:00+00:00,103.73115316024126,104.19946864066289,103.39943558781006,103.99457550048828,1924200,0.0,0.0,6449.7998046875,,575.2041625976562,103.99457550048828,0.006966735705274678,0.1769163376301555,-0.0028971350972291088,0.0,-0.0043975287380182415,0
2025-08-18 04:00:00+00:00,103.97506376413195,104.01409067371709,102.85306430533007,102.8725814819336,2035600,0.0,0.0,6449.14990234375,,574.9749755859375,102.8725814819336,-0.010847589699642035,0.15117137091450225,-0.00010076318078544588,0.0,-0.0003984446334388547,0
2025-08-19 04:00:00+00:00,104.85315093919777,108.17036382779136,104.42386237607923,108.06304168701172,3985500,0.0,0.0,6411.3701171875,,567.1739501953125,108.06304168701172,0.049223626718275314,0.36895781171540765,-0.005858103118756786,0.0,-0.013567591150684843,0
2025-08-20 04:00:00+00:00,108.7167325868063,109.3899337956474,107.0678809042233,107.4971694946289,3227300,0.0,0.0,6395.77978515625,,563.8065185546875,107.4971694946289,-0.005250259211997443,0.3851747657291601,-0.0024316693228262354,0.0,-0.005937211396019437,0
2025-08-21 04:00:00+00:00,106.39467285039898,106.9410346603599,105.21412938532833,105.75074005126953,3045700,0.0,0.0,6370.169921875,,561.1962280273438,105.75074005126953,-0.016379700915894996,0.4179377895193111,-0.004004181529308926,0.0,-0.00462976294427242,0
2025-08-22 04:00:00+00:00,106.57029881774638,110.39484668363274,106.4824864091262,109.54602813720703,3554100,0.0,0.0,6466.91015625,,569.85400390625,109.54602813720703,0.03525999319730794,0.4721723069376551,0.015186444876893468,0.0,0.01542735935581585,0
2025-08-25 04:00:00+00:00,109.29235381190338,110.00458187439907,108.58989178117923,108.902099609375,2022800,0.0,0.0,6439.31982421875,,568.2101440429688,108.902099609375,-0.005895499307355631,0.4592648267530279,-0.004266385548063467,0.0,-0.002884703541631506,0
2025-08-26 04:00:00+00:00,108.86307474492787,110.06312058312179,108.34598121760676,108.638671875,4839100,0.0,0.0,6465.93994140625,,570.4916381835938,108.638671875,-0.0024218711861497366,0.3149104312215454,0.004133995191134998,0.0,0.004015229514192642,0
2025-08-27 04:00:00+00:00,110.0338504771516,111.41927225309368,109.38992508643251,109.93628692626953,3451400,0.0,0.0,6481.39990234375,,571.3684692382812,109.93628692626953,0.01187354949800113,0.31674379563871147,0.0023909843081744153,0.0,0.0015369744199569269,0
2025-08-28 04:00:00+00:00,110.04361162478006,110.18996067631792,108.68745813819828,109.89726257324219,2559100,0.0,0.0,6501.85986328125,,574.9451904296875,109.89726257324219,-0.0003550354668439839,0.2667135719941989,0.0031567194195349924,0.0,0.006259920496093363,0
2025-08-29 04:00:00+00:00,109.67286234491833,111.18511596162558,109.45821807120747,111.0094985961914,2827600,0.0,0.0,6460.259765625,,568.2898559570312,111.0094985961914,0.010069817832227896,0.1249725982995468,-0.00639818429357164,0.0,-0.011575598132549603,0
2025-09-02 04:00:00+00:00,109.5167544035589,109.83872081321896,108.30695002487396,108.58988952636719,3396000,0.0,0.0,6415.5400390625,,563.527587890625,108.58988952636719,-0.02203746570783128,0.21480140277807666,-0.006922279936861564,0.0,-0.00837999836964598,0
2025-09-03 04:00:00+00:00,108.2971985852716,109.51676163240305,108.1703667080739,108.2484130859375,3333700,0.0,0.0,6448.259765625,,567.9610595703125,108.2484130859375,-0.003149597821067767,0.2152574115372839,0.0051000736279842585,0.0,0.007867355165845025,0
2025-09-04 04:00:00+00:00,108.54110348984669,110.06311568266676,107.81912430140918,109.86798858642578,2499500,0.0,0.0,6502.080078125,,573.1019897460938,109.86798858642578,0.014850834270523729,0.22695094725414588,0.008346486409699372,0.0,0.009051553956305636,0
2025-09-05 04:00:00+00:00,110.8241310822144,112.15101629017893,110.22899115563388,110.88267517089844,2595800,0.0,0.0,6481.5,,573.9288940429688,110.88267517089844,0.00919312054075039,0.23627094695358236,-0.003165152978388819,0.0,0.0014428571382929523,0
2025-09-08 04:00:00+00:00,109.43869979683849,110.98998774987402,108.94112346945376,110.79485321044922,2791100,0.0,0.0,6495.14990234375,,576.728515625,110.79485321044922,-0.0007923398071518103,0.22457088092614594,0.0021059789159529885,0.0,0.004877993791721602,0
2025-09-09 04:00:00+00:00,110.52167568682457,111.20463543031458,108.83380466988376,109.24357604980469,5307200,0.0,0.0,6512.60986328125,,578.3624877929688,109.24357604980469,-0.014100290277632516,0.17875967347648097,0.0026881536531127015,0.0,0.0028331738828588637,0
2025-09-10 04:00:00+00:00,109.18504226265712,109.55578674318993,107.9069351485991,108.2776870727539,3118900,0.0,0.0,6532.0400390625,,578.5517578125,108.2776870727539,-0.008880927883122518,0.19170776803177336,0.002983469943562689,0.0,0.0003272515481658189,0
2025-09-11 04:00:00+00:00,108.59964259603959,112.85347889455757,108.29719335691168,112.02417755126953,5039900,0.0,0.0,6587.47021484375,,581.919189453125,112.02417755126953,0.034015615087473736,0.30165190562604294,0.008485890387959882,0.0,0.005820450106931219,0
2025-09-12 04:00:00+00:00,112.0632084004233,113.08764432402552,111.39000722527774,112.54127502441406,3552200,0.0,0.0,6584.2900390625,,584.4896240234375,112.54127502441406,0.00460532447124471,0.29830762180396925,-0.00048276131466740146,0.0,0.004417167567077662,0
2025-09-15 04:00:00+00:00,112.48273162901283,113.17544249588235,110.92169253158706,111.48756408691406,2717900,0.0,0.0,6615.27978515625,,589.4910888671875,111.48756408691406,-0.009406991635893446,0.3111446322530624,0.004706619226962694,0.0,0.008556977982468794,0
2025-09-16 04:00:00+00:00,112.08802932117509,113.08221823103572,111.1135166130929,112.24552154541016,2989900,1.01,0.0,6606.759765625,,588.9929809570312,112.24552154541016,0.006775576853751286,0.28001375246303084,-0.0012879303382402618,0.0,-0.0008449795417831973,0
2025-09-17 04:00:00+00:00,113.18065806709454,114.5882800087422,111.60569078217364,112.10771179199219,2869800,0.0,0.0,6600.35009765625,,587.8173217773438,112.10771179199219,-0.0012285071064069401,0.2599392588942855,-0.0009701681605103207,0.0,-0.0019960495586504035,0
2025-09-18 04:00:00+00:00,112.51129920469968,113.98782540155925,112.09786616197854,113.35784149169922,3936000,0.0,0.0,6631.9599609375,,593.11767578125,113.35784149169922,0.011089432445461875,0.12602025448917537,0.004789119185128365,0.0,0.009017008869149912,0
2025-09-19 04:00:00+00:00,113.37752181793368,113.50548471424047,111.47772453430012,111.73365783691406,8647800,0.0,0.0,6664.35986328125,,597.1326904296875,111.73365783691406,-0.01443156981601495,0.16963843875630347,0.004885418870829605,0.0,0.0067693390576313295,0
2025-09-22 04:00:00+00:00,111.38914028453576,112.66879182027854,110.24728975018002,112.14708709716797,2798700,0.0,0.0,6693.75,,600.667724609375,112.14708709716797,0.0036933031496173994,0.1558101430342952,0.004410046474333074,0.0,0.005920014489817493,0
2025-09-23 04:00:00+00:00,112.19630841617453,112.85582165522803,111.33007489861107,112.64910888671875,2319000,0.0,0.0,6656.919921875,,596.6779174804688,112.64910888671875,0.00446646903375837,0.1513849733699561,-0.005502159197012135,0.0,-0.0066422865178928925,0
2025-09-24 04:00:00+00:00,112.01912609548557,112.55066892841955,110.81821689589238,111.09383392333984,3274300,0.0,0.0,6637.97021484375,,594.583251953125,111.09383392333984,-0.013902561521877086,0.18471979929743315,-0.002846617843333288,0.0,-0.0035105464204016057,0
2025-09-25 04:00:00+00:00,111.15289185559229,111.97975044262681,110.83789989624596,111.4383544921875,2596400,0.0,0.0,6604.72021484375,,592.0198364257812,111.4383544921875,0.0030963686337533236,0.15602251085914187,-0.0050090613431266195,0.0,-0.0043112810845634675,0
2025-09-26 04:00:00+00:00,111.68444336166104,112.80660269792833,111.08398875944775,112.40302276611328,3021600,0.0,0.0,6643.7001953125,,594.4535522460938,112.40302276611328,0.008619266535756157,0.1383031656679749,0.005901836747171263,0.0,0.004110868708396165,0
2025-09-29 04:00:00+00:00,112.80659924671438,113.07237816612056,111.84193967627856,112.45223236083984,2470900,0.0,0.0,6661.2099609375,,597.20654296875,112.45223236083984,0.00043770020393268786,0.13651724118465253,0.00263554421636214,0.0,0.004631128390526484,0
2025-09-30 04:00:00+00:00,112.43255112959987,112.74754308954795,111.33992112571734,112.72785186767578,3617400,0.0,0.0,6688.4599609375,,598.8424072265625,112.72785186767578,0.0024479930844827132,0.1335835516414259,0.0040908483833717035,0.0,0.0027391934617468916,0
2025-10-01 04:00:00+00:00,112.52114139876507,114.69655584007518,112.01912788077102,114.65718841552734,2980900,0.0,0.0,6711.2001953125,,601.7150268554688,114.65718841552734,0.01697018279857031,0.10610376227961166,0.003399920834961989,0.0,0.004796954247462626,0
2025-10-02 04:00:00+00:00,114.40125187694146,114.65718518930616,112.74754222243222,114.30281829833984,2935700,0.0,0.0,6715.35009765625,,604.188720703125,114.30281829833984,-0.0030954785967882703,0.12530297956612377,0.0006183547238911569,0.0,0.004111072081054212,0
2025-10-03 04:00:00+00:00,114.57843600704234,116.35026296246009,114.19453979120179,115.22810363769531,3136900,0.0,0.0,6715.7900390625,,601.645263671875,115.22810363769531,0.00806244617275955,0.12436987218138668,6.551280273581206e-05,0.0,-0.0042097062459061085,0
2025-10-06 04:00:00+00:00,115.16904180130575,115.94667982236078,114.5489035105912,115.29700469970703,2540200,0.0,0.0,6740.27978515625,,606.1636962890625,115.29700469970703,0.0005977749197073487,0.12400746858711562,0.0036465919796933033,0.0,0.00751012746217139,0
2025-10-07 04:00:00+00:00,115.64153847777057,115.77934699277125,112.36364842096688,114.15516662597656,2969000,0.0,0.0,6714.58984375,,602.9718627929688,114.15516662597656,-0.009952814940479626,0.16465279736332739,-0.0038114057910215715,0.0,-0.005265629590874843,1
2025-10-08 04:00:00+00:00,114.20437215574628,114.92295151673932,112.94440438140265,114.17484283447266,2324500,0.0,0.0,6753.72021484375,,609.88427734375,114.17484283447266,0.00017234886111803664,0.10363395141992539,0.0058276636405680815,0.0,0.011463908977050519,1
2025-10-09 04:00:00+00:00,114.04688909697938,114.2240725488494,112.26521647706484,112.65895080566406,2276200,0.0,0.0,6735.10986328125,,609.1461181640625,112.65895080566406,-0.013365862041856866,0.13773489358070673,-0.002755570407195318,0.0,-0.001210326626064906,1
2025-10-10 04:00:00+00:00,112.96409882483565,113.43658299869315,109.2924670717321,109.48934173583984,2924100,0.0,0.0,6552.509765625,,588.0000610351562,109.48934173583984,-0.028537911723009228,0.18958889224856973,-0.02711167321141361,0.0,-0.03471426066481298,1
2025-10-13 04:00:00+00:00,110.2669740990011,111.27101612777116,109.63699018330252,110.95602416992188,2624300,0.0,0.0,6654.72021484375,,600.4782104492188,110.95602416992188,0.013306735390117041,0.24779612795099185,0.015598671787557583,0.0,0.021221340338120287,1
2025-10-14 04:00:00+00:00,110.78869145322234,113.89923624193156,110.06026641516934,113.64330291748047,3150800,0.0,0.0,6644.31005859375,,596.4783935546875,113.64330291748047,0.023930677143885366,0.3309745108145413,-0.0015643266604626893,0.0,-0.006661052516025445,1
2025-10-15 04:00:00+00:00,114.84420510570699,121.35076444193678,114.68671288417978,120.83890533447266,7999900,0.0,0.0,6671.06005859375,,600.6876220703125,120.83890533447266,0.061393676368947915,0.5538128157782382,0.004026001159503689,0.0,0.007056799644560963,0
2025-10-16 04:00:00+00:00,121.92168679335244,123.09306661112656,118.36817991808837,119.2737808227539,6320200,0.0,0.0,6629.06982421875,,598.4633178710938,119.2737808227539,-0.01303676789206661,0.5528918673417259,-0.006294387099829435,0.0,-0.003702929971409308,0
2025-10-17 04:00:00+00:00,119.38206694227175,122.41386928790352,119.27378775064199,122.13825225830078,5377000,0.0,0.0,6664.009765625,,602.393310546875,122.13825225830078,0.02373208857726688,0.4245983222972651,0.0052707155502571545,0.0,0.006566806282733095,0
2025-10-20 04:00:00+00:00,123.2407175184651,125.47519804663732,122.138249425623,125.18973541259766,4181000,0.0,0.0,6735.1298828125,,609.98388671875,125.18973541259766,0.024676851421098482,0.41777763701471976,0.010672270853256949,0.0,0.01260069798083241,0
2025-10-21 04:00:00+00:00,124.95349409779358,125.50472814763395,123.67383504209195,124.01835632324219,2975600,0.0,0.0,6735.35009765625,,609.8244018554688,124.01835632324219,-0.009400880268804732,0.48104924684184003,3.2696450934288634e-05,0.0,-0.00026145750199924045,0
2025-10-22 04:00:00+00:00,124.25460555216111,125.03223608014046,122.6107339984562,123.9789810180664,2727300,0.0,0.0,6699.39990234375,,603.9493408203125,123.9789810180664,-0.0003175461956872213,0.28606845335112413,-0.005337539220865439,0.0,-0.009634020903854679,0
2025-10-23 04:00:00+00:00,123.94945008045647,124.73693371903647,123.00447422016082,123.80179595947266,2647900,0.0,0.0,6738.43994140625,,609.0264282226562,123.80179595947266,-0.001430176230426969,0.2491103406000943,0.0058273934429324825,0.0,0.008406478919983362,0
2025-10-24 04:00:00+00:00,124.57943995643149,125.35707802153891,123.82149311373236,124.45147705078125,2965900,0.0,0.0,6791.68994140625,,615.52978515625,124.45147705078125,0.005234030283683883,0.2033641926587639,0.00790242258787388,0.0,0.010678283621570861,0
2025-10-27 04:00:00+00:00,124.8255220438218,125.13067589739751,123.87070057005381,125.09130096435547,2940900,0.0,0.0,6875.16015625,,626.4918823242188,125.09130096435547,0.005127981027864958,0.09527690864994168,0.012290050865671143,0.0,0.017809206690438284,0
2025-10-28 04:00:00+00:00,124.45147454615685,124.95349556745215,123.19150669741632,123.7525863647461,2922800,0.0,0.0,6890.89013671875,,631.3095703125,123.7525863647461,-0.010759577251708887,0.10369758817346213,0.0022879438603986557,0.0,0.007689944792912851,0
2025-10-29 04:00:00+00:00,122.82729318167763,123.6344605475245,121.0456206142597,121.53779602050781,3329800,0.0,0.0,6890.58984375,,634.15234375,121.53779602050781,-0.018059008383687947,0.1623816250507464,-4.3578255173426506e-05,0.0,0.004502978524613344,0
2025-10-30 04:00:00+00:00,120.89796568943912,122.7091750776333,120.63219427622617,122.28590393066406,2367100,0.0,0.0,6822.33984375,,624.45703125,122.28590393066406,0.006136485156244232,0.17799406172673893,-0.00990481243951924,0.0,-0.015288617310262875,0
2025-10-31 04:00:00+00:00,121.76419794401444,122.9651071905344,121.06530973710551,122.1480941772461,3892700,0.0,0.0,6840.2001953125,,627.4693603515625,122.1480941772461,-0.001127582652872699,0.1659852635079483,0.0026179217059763005,0.0,0.004823917340689654,0
2025-11-03 05:00:00+00:00,121.21296130676718,122.52214972064267,119.84471424595024,122.27606201171875,3336100,0.0,0.0,6851.97021484375,,630.4716796875,122.27606201171875,0.0010470965567400427,0.15437775685711716,0.0017207127269924793,0.0,0.004784806280031528,0
2025-11-04 05:00:00+00:00,122.05950164794922,123.68368200252289,121.2720179881557,122.05950164794922,3086900,0.0,0.0,6771.5498046875,,617.6743774414062,122.05950164794922,-0.0017726475608678843,0.14447996131581747,-0.011736830084583816,0.0,-0.020297981112231467,0
2025-11-05 05:00:00+00:00,122.66980023874261,123.09307138603809,121.62638327680455,121.88231658935547,4179300,0.0,0.0,6796.2900390625,,621.6941528320312,121.88231658935547,-0.0014526831933398781,0.052454581434637555,0.0036535556982648654,0.0,0.006507919929066963,0
2025-11-06 05:00:00+00:00,122.24653070690034,123.41790307559225,121.2720179881557,122.05950164794922,3575300,0.0,0.0,6720.31982421875,,610.1136474609375,122.05950164794922,0.0014526831933399035,0.023869751226230244,-0.011178189042419073,0.0,-0.018627335191010785,0
2025-11-07 05:00:00+00:00,122.16777984256579,123.66398977197005,121.5377959238692,123.63446044921875,2322100,0.0,0.0,6728.7998046875,,608.1885375976562,123.63446044921875,0.012820668124715303,0.09510487318046766,0.0012618418007710464,0.0,-0.003155329947613583,0
2025-11-10 05:00:00+00:00,123.46712404618471,123.99867439187753,121.72482639363665,122.94541931152344,2101300,0.0,0.0,6832.43017578125,,621.6442260742188,122.94541931152344,-0.005588800934303029,0.11140649646971575,0.01540101862170995,0.0,0.022124205973549582,0
2025-11-11 05:00:00+00:00,123.2604081795774,124.43178803289572,122.72885784723127,124.28413391113281,2068000,0.0,0.0,6846.60986328125,,619.9884643554688,124.28413391113281,0.01082983540141169,0.12596627515823375,0.002075350517340535,0.0,-0.0026635198225943846,0
2025-11-12 05:00:00+00:00,123.75258606547739,124.4219449222522,122.83713950415304,122.8863525390625,2687000,0.0,0.0,6850.919921875,,619.4996948242188,122.8863525390625,-0.011310381696570856,0.16448768103890482,0.0006295171887717999,0.0,-0.0007883526216219128,0
2025-11-13 05:00:00+00:00,122.14808961692559,122.87651463073486,121.37045907813045,122.05950164794922,3761000,0.0,0.0,6737.490234375,,606.8519897460938,122.05950164794922,-0.0067513208952531415,0.17505102592894245,-0.01655685496159698,0.0,-0.020415998883927977,0
2025-11-14 05:00:00+00:00,122.05949499036434,123.06352946733654,120.75030666911599,120.90780639648438,3651800,0.0,0.0,6734.10986328125,,607.310791015625,120.90780639648438,-0.009480319690574316,0.14029750233307264,-0.0005017255648851471,0.0,0.0007560348771753489,0
2025-11-17 05:00:00+00:00,121.59685122588098,122.73870174087209,120.48453754282971,121.58700561523438,3111000,0.0,0.0,6672.41015625,,602.1240234375,121.58700561523438,0.005601777532603058,0.1562164773738406,-0.00916226617680782,0.0,-0.008540549015193744,0
2025-11-18 05:00:00+00:00,121.37045734860754,122.30558761003614,120.39594464374964,121.86263275146484,6382500,0.0,0.0,6617.31982421875,,594.792724609375,121.86263275146484,0.002264347204189589,0.11838501924118995,-0.008256436690967983,0.0,-0.012175728824554977,0
2025-11-19 05:00:00+00:00,121.86263550785102,122.32527408860065,119.50019201870028,120.48454284667969,5119100,0.0,0.0,6642.16015625,,598.3436889648438,120.48454284667969,-0.011372979737851197,0.11863128212434111,0.0037538357962292324,0.0,0.005970087071594188,0
2025-11-20 05:00:00+00:00,121.71497252151754,123.58524046053402,120.9767094542742,121.19326782226562,3087200,0.0,0.0,6538.759765625,,584.1798095703125,121.19326782226562,0.0058650565001036265,0.13281145984303186,-0.015567283563270418,0.0,-0.023671812130308,0
2025-11-21 05:00:00+00:00,121.82325651414467,124.52037559013478,120.69125159768879,123.82148742675781,3709000,0.0,0.0,6602.990234375,,588.568603515625,123.82148742675781,0.021454384762403272,0.18565939519060956,0.009823035415319481,0.0,0.007512745003187771,0
2025-11-24 05:00:00+00:00,124.48099886988794,125.56378322703854,123.39821451273734,124.47115325927734,10057900,0.0,0.0,6705.1201171875,,603.6201782226562,124.47115325927734,0.005233077495336204,0.18557282542691647,0.015467217001293498,0.0,0.02557318657013896,0
2025-11-25 05:00:00+00:00,124.47115408450928,126.4300175589784,124.29397064234625,125.39644622802734,3158000,0.0,0.0,6765.8798828125,,607.3406982421875,125.39644622802734,0.0074062999785289435,0.18492992976652933,0.009061696817220577,0.0,0.0061636773483719764,0
2025-11-26 05:00:00+00:00,125.51457415664314,127.2568717897011,124.0085186156946,126.15440368652344,2183000,0.0,0.0,6812.60986328125,,612.70703125,126.15440368652344,0.006026294505451553,0.10949901088090028,0.006906711511012631,0.0,0.008835786936959966,0
2025-11-28 05:00:00+00:00,125.99690336685843,127.30609174330486,125.89846978810321,126.51860809326172,1343800,0.0,0.0,6849.08984375,,617.6743774414062,126.51860809326172,0.0028828140876869294,0.11700558729570625,0.005354773163420257,0.0,0.008107212644960615,0
2025-12-01 05:00:00+00:00,125.60316498390749,127.7392120024362,125.17005572351529,126.91234588623047,2706200,0.0,0.0,6812.6298828125,,615.599609375,126.91234588623047,0.003107261394737304,0.03067840417206099,-0.005323329342915684,0.0,-0.003358999728951928,0
2025-12-02 05:00:00+00:00,127.83763807388806,127.83763807388806,126.22330330606047,126.91234588623047,3458200,0.0,0.0,6829.3701171875,,620.4173583984375,126.91234588623047,0.0,0.04606833982074054,0.002457235261999813,0.0,0.007826107993032627,0
2025-12-03 05:00:00+00:00,126.804076567581,127.50295722053319,126.02643102866104,127.16828155517578,3294300,0.0,0.0,6849.72021484375,,621.9335327148438,127.16828155517578,0.0020146026722681534,0.03456753921997354,0.0029797912994984355,0.0,0.0024437973823301373,0
2025-12-04 05:00:00+00:00,127.12890138442961,128.4085604442577,126.0264332811938,126.17407989501953,3902300,0.0,0.0,6857.1201171875,,621.35498046875,126.17407989501953,-0.007848721060537406,0.07258221506790304,0.0010803218396737702,0.0,-0.0009302477124336628,0
2025-12-05 05:00:00+00:00,126.17407827383434,126.81391530552794,125.77049835122838,125.97721862792969,3242200,0.0,0.0,6870.39990234375,,623.8884887695312,125.97721862792969,-0.0015614538433148975,0.06831404797531848,0.001936641757662061,0.0,0.0040773927632637985,0
2025-12-08 05:00:00+00:00,125.50473426614282,125.96738037052798,124.62866260422237,124.6877212524414,2927900,0.0,0.0,6846.509765625,,622.6915893554688,124.6877212524414,-0.01028870452584742,0.08377841884308236,-0.003477255626794018,0.0,-0.0019184508699994218,0
2025-12-09 05:00:00+00:00,125.40629233751969,126.22329778685398,124.8648963982013,125.45550537109375,4358400,0.0,0.0,6840.509765625,,623.4595947265625,125.45550537109375,0.006138775294046917,0.10795291744909832,-0.0008763589340257116,0.0,0.001233363970579271,0
2025-12-10 05:00:00+00:00,125.75081865557735,128.5168420873843,125.32754749786304,127.6801528930664,3479900,0.0,0.0,6886.68017578125,,626.0130615234375,127.6801528930664,0.017577174339214484,0.17982956314117599,0.00674955693920154,0.0,0.004095641190661192,0
2025-12-11 05:00:00+00:00,128.0837137147502,129.28462282132872,127.93606711148249,128.51683044433594,3702700,0.0,0.0,6901.0,,623.98828125,128.51683044433594,0.006531540807611406,0.16457238253770062,0.002079350841514227,0.0,-0.0032344057942019777,0
2025-12-12 05:00:00+00:00,129.5504213322187,129.63900930758544,127.77858672487075,128.14279174804688,2721600,0.0,0.0,6827.41015625,,612.0587158203125,128.14279174804688,-0.0029146693031920985,0.1675409354722225,-0.010663649289958,0.0,-0.019118252358505283,0
2025-12-15 05:00:00+00:00,129.06805779924443,129.06805779924443,127.00093036011654,128.61526489257812,2863300,0.0,0.0,6816.509765625,,608.9865112304688,128.61526489257812,0.0036803026475763436,0.11745521458422331,-0.0015965630269072495,0.0,-0.0050194605687891025,0
2025-12-16 05:00:00+00:00,128.21847111322677,129.02200417758527,126.38323725702863,126.59156036376953,3248500,1.01,0.0,6800.259765625,,610.1934204101562,126.59156036376953,-0.015859661628878828,0.19586433930883576,-0.0023839179519623555,0.0,0.00198183236809113,0
2025-12-17 05:00:00+00:00,126.50227622105602,128.00022722764584,126.0757076921002,127.04789733886719,4780100,0.0,0.0,6721.43017578125,,598.8822631835938,127.04789733886719,0.0035983160633904373,0.14292548074170164,-0.011592143912241393,0.0,-0.018537002937461078,0
2025-12-18 05:00:00+00:00,127.86134598739677,128.75415715606667,126.58164039219645,126.64116668701172,3559200,0.0,0.0,6774.759765625,,607.5601806640625,126.64116668701172,-0.0032065316012915754,0.12639122274464162,0.007934262269941872,0.0,0.014490189497912143,0
2025-12-19 05:00:00+00:00,127.25620748196738,127.43477878917086,125.90706091591338,126.21459197998047,8629400,0.0,0.0,6834.5,,615.4799194335938,126.21459197998047,-0.003374058901936243,0.1264273916036998,0.008818059450332205,0.0,0.013035315712881301,0
2025-12-22 05:00:00+00:00,126.25427049187888,127.34549001380464,126.19475176640275,126.57171630859375,2859800,0.0,0.0,6878.490234375,,618.4302368164062,126.57171630859375,0.002825505610824946,0.12368399906309864,0.006436496360377575,0.0,0.004793523378516795,0
2025-12-23 05:00:00+00:00,126.30387670164784,126.94869065685734,126.2046763012707,126.75028228759766,2114000,0.0,0.0,6909.7900390625,,621.3265380859375,126.75028228759766,0.0014097947242541476,0.052811666028990345,0.004550388765703239,0.0,0.004683311224304099,0
2025-12-24 05:00:00+00:00,127.13717345878224,128.4367160779961,126.97844676744045,128.1192626953125,1050000,0.0,0.0,6932.0498046875,,623.144287109375,128.1192626953125,0.010742700336751699,0.09151603274243246,0.0032214822012188726,0.0,0.0029255937289227596,0
2025-12-26 05:00:00+00:00,128.16886470554226,128.46647346297434,127.02804879523111,127.68278503417969,1090300,0.0,0.0,6929.93994140625,,623.1043090820312,127.68278503417969,-0.0034126238519866948,0.09221823627801565,-0.00030436354912266594,0.0,-6.415532994641371e-05,0
2025-12-29 05:00:00+00:00,128.14902309088896,128.61527328983266,127.0082071538202,127.4546127319336,2637800,0.0,0.0,6905.740234375,,620.088134765625,127.4546127319336,-0.0017886234246654918,0.08734759800199773,-0.00349205148036813,0.0,-0.004840560837798935,0
2025-12-30 05:00:00+00:00,127.45460829116037,128.10934452265334,127.2066035189594,127.98037719726562,1757500,0.0,0.0,6896.240234375,,618.64990234375,127.98037719726562,0.004116626371128247,0.08862943741763378,-0.0013756671519022934,0.0,-0.0023194000033860407,0
2025-12-31 05:00:00+00:00,128.06967666649217,128.42680416136227,126.6113997553514,126.64116668701172,2761200,0.0,0.0,6845.5,,613.536376953125,126.64116668701172,-0.01051932086437081,0.12741830811893903,-0.007357666300846111,0.0,-0.008265620622022962,0
2026-01-02 05:00:00+00:00,126.72051516617074,128.27798481910617,126.22450562614667,128.0200653076172,3280500,0.0,0.0,6858.47021484375,,612.347900390625,128.0200653076172,0.010829383693022077,0.12788673950653237,0.0018947067188299638,0.0,-0.0019370922526258383,0
2026-01-05 05:00:00+00:00,127.6728638365184,129.7660248855332,126.74037096560349,128.65496826171875,3265300,0.0,0.0,6902.0498046875,,617.2117309570312,128.65496826171875,0.004947144567738155,0.12824121852975662,0.006354126864826393,0.0,0.007942920296294842,0
2026-01-06 05:00:00+00:00,128.2085570513201,128.90296741080593,125.34161481957217,126.44275665283203,3927000,0.0,0.0,6944.81982421875,,622.6348876953125,126.44275665283203,-0.017344467244868718,0.18740608880628518,0.006196712678341321,0.0,0.008786541904950873,0
2026-01-07 05:00:00+00:00,126.9090084189369,128.3275960866905,125.71858848269147,125.8872299194336,3698700,0.0,0.0,6920.93017578125,,623.2341918945312,125.8872299194336,-0.0044031836127908725,0.1806902437587132,-0.003439923431013958,0.0,0.0009625291018258153,0
2026-01-08 05:00:00+00:00,125.35153596483327,128.28791920523565,124.9944084779872,127.3653335571289,3295800,0.0,0.0,6921.4599609375,,619.6885986328125,127.3653335571289,0.011673093463455932,0.19307718549716535,7.65482590914246e-05,0.0,-0.005689022373661312,0
2026-01-09 05:00:00+00:00,127.29589650062964,128.71447652917482,127.20660327867834,128.3672637939453,2405600,0.0,0.0,6966.27978515625,,625.86083984375,128.3672637939453,0.007835804850213634,0.18459648119965152,0.006475487031883276,0.0,0.009960230387576985,0
2026-01-12 05:00:00+00:00,128.11926160725045,129.0120878857079,127.7522193815238,128.0299835205078,2055500,0.0,0.0,6977.27001953125,,626.3801879882812,128.0299835205078,-0.002630921131311459,0.18100742188061825,0.001577633215136931,0.0,0.0008298140919966723,0
2026-01-13 05:00:00+00:00,128.0498239581602,129.18072509765625,126.34354993898934,129.18072509765625,3105800,0.0,0.0,6963.740234375,,625.4513549804688,129.18072509765625,0.00894791092621852,0.11563611350933076,-0.0019391230550597216,0.0,-0.0014828582155441694,1
2026-01-14 05:00:00+00:00,129.51802073344234,131.16477619259578,128.77400635410316,131.1548614501953,2745900,0.0,0.0,6926.60009765625,,618.769775390625,131.1548614501953,0.015166379820170408,0.10607262396138391,-0.005333360445499591,0.0,-0.010682812558703958,1
2026-01-15 05:00:00+00:00,131.59132853348558,132.98016436596396,131.15485284134584,131.69053649902344,2795000,0.0,0.0,6944.47021484375,,620.9970092773438,131.69053649902344,0.004075976179387868,0.10408767699076207,0.0025799262171273263,0.0,0.0035994548785334146,1
2026-01-16 05:00:00+00:00,131.5119742508372,133.8630545827852,131.0060348417783,132.14686584472656,4652300,0.0,0.0,6940.009765625,,620.4776611328125,132.14686584472656,0.003459174451245147,0.10564914310870621,-0.0006423023039563436,0.0,-0.0008363134391510263,1
2026-01-20 05:00:00+00:00,130.82748947773752,131.32349904944624,129.3493755047216,129.76602172851562,5632500,0.0,0.0,6796.85986328125,,607.2942504882812,129.76602172851562,-0.018180928166469164,0.19968617142796932,-0.02062675805627745,0.0,-0.021247196265635315,1
2026-01-21 05:00:00+00:00,133.44641318112562,133.44641318112562,127.69269939050605,130.0933837890625,6036200,0.0,0.0,6875.6201171875,,615.50390625,130.0933837890625,0.002519533461339963,0.19207171227166536,0.011587741323274559,0.0,0.013518415093042524,0
2026-01-22 05:00:00+00:00,129.65689338039203,129.9941762416079,125.43089746248384,125.6590576171875,6072600,0.0,0.0,6913.35009765625,,619.978271484375,125.6590576171875,-0.034680181932750125,0.27515045319125164,0.005487502192628835,0.0,0.007269434343049719,0
2026-01-23 05:00:00+00:00,125.91698560348026,126.37331348465804,124.66703940899012,126.1352310180664,4134700,0.0,0.0,6915.60986328125,,621.935791015625,126.1352310180664,0.003782245984317698,0.27430715479572926,0.0003268698377891788,0.0,0.0031574002207581664,0
2026-01-26 05:00:00+00:00,127.34548663296508,127.56373204525717,125.33168907709624,125.42097473144531,3350900,0.0,0.0,6950.22998046875,,624.67236328125,125.42097473144531,-0.005678716642478452,0.2560179320786395,0.005006083031276365,0.0,0.0044000880881227555,0
2026-01-27 05:00:00+00:00,125.32177869417048,127.81174126481893,124.46864163563181,127.67285919189453,3019700,0.0,0.0,6978.60009765625,,630.335205078125,127.67285919189453,0.01779532793252979,0.30939012661890597,0.004081896177137168,0.0,0.009065299074749289,0
2026-01-28 05:00:00+00:00,127.73237539051941,128.20855546284756,125.65905907966726,126.11538696289062,3859700,0.0,0.0,6978.02978515625,,632.4225463867188,126.11538696289062,-0.012273947318605568,0.3098281143984856,-8.172305219089626e-05,0.0,0.0033114782290084577,0
2026-01-29 05:00:00+00:00,127.42485278576228,129.4684097486216,126.25426992280772,129.3692169189453,4510700,0.0,0.0,6969.009765625,,628.6373291015625,129.3692169189453,0.02547320544001419,0.2501709645937842,-0.001292631274007694,0.0,-0.005985266190749683,0
2026-01-30 05:00:00+00:00,128.29784128710534,129.66683258783846,127.78198707947949,129.5180206298828,4835900,0.0,0.0,6939.02978515625,,621.0868530273438,129.5180206298828,0.0011495640243478554,0.25221155634298476,-0.004301899620894223,0.0,-0.012010861787367544,0
2026-02-02 05:00:00+00:00,129.49817185579087,130.6092435855907,128.56568657942054,128.64503479003906,2383600,0.0,0.0,6976.43994140625,,625.3515014648438,128.64503479003906,-0.00676308363256202,0.25528222071369083,0.00539126612916796,0.0,0.006866428449922912,0
2026-02-03 05:00:00+00:00,128.47638856388116,131.35325304442176,128.47638856388116,130.82748413085938,3058300,0.0,0.0,6917.81005859375,,615.7435913085938,130.82748413085938,0.016822597005977016,0.2523049626341078,-0.008403983020698336,0.0,-0.015364015491678096,0
2026-02-04 05:00:00+00:00,131.84926533787007,134.04161912408918,131.7202980079711,133.76385498046875,3888800,0.0,0.0,6882.72021484375,,604.9871826171875,133.76385498046875,0.022196428775304526,0.22143169977351085,-0.005072391906223106,0.0,-0.017468973844366742,0
2026-02-05 05:00:00+00:00,133.2678446166999,135.87685973965895,132.43455219085345,135.05348205566406,3746800,0.0,0.0,6798.39990234375,,596.2781982421875,135.05348205566406,0.009594894311526016,0.18529657032114397,-0.012251015567674717,0.0,-0.014395320471625062,0
2026-02-06 05:00:00+00:00,135.9165286105339,136.3927086672624,134.57731193563592,135.8570098876953,3120600,0.0,0.0,6932.2998046875,,608.8822631835938,135.8570098876953,0.005932071383250946,0.17606230747749582,0.0196957966973359,0.0,0.021137893316513612,0
2026-02-09 05:00:00+00:00,135.2816461509233,136.39271788806033,134.06146683921256,136.18438720703125,2047300,0.0,0.0,6964.81982421875,,613.54638671875,136.18438720703125,0.002406821027003728,0.12798459683782756,0.004691086716887227,0.0,0.007660140255637327,0
2026-02-10 05:00:00+00:00,136.81927443162573,139.83502101590759,136.4026282200494,139.3588409423828,2831200,0.0,0.0,6941.81005859375,,610.699951171875,139.3588409423828,0.02304244029405592,0.15028952377852217,-0.003303712975458173,0.0,-0.004639315964515389,0
2026-02-11 05:00:00+00:00,139.0810796091699,140.7179202630621,138.71403737330198,138.76364135742188,3623400,0.0,0.0,6941.47021484375,,612.337890625,138.76364135742188,-0.004280132182677583,0.16130350731162443,-4.895607156218951e-05,0.0,0.0026820690749720377,0
2026-02-12 05:00:00+00:00,139.54732007037663,140.81710326273657,134.53762076424837,135.29156494140625,5147200,0.0,0.0,6832.759765625,,599.8836059570312,135.29156494140625,-0.02533987402472424,0.27856760431592453,-0.01566101212770199,0.0,-0.02033890905437341,0
2026-02-13 05:00:00+00:00,136.43239089764194,139.3489295865548,135.73798052814143,137.86090087890625,3096500,0.0,0.0,6836.169921875,,601.1619873046875,137.86090087890625,0.01881302231497776,0.3082502989999961,0.0004990891480125548,0.0,0.0021310489817716327,0
2026-02-17 05:00:00+00:00,138.74378972099268,140.81710597407783,138.0196200278931,140.6385498046875,3079400,0.0,0.0,6843.22021484375,,600.542724609375,140.6385498046875,0.019947910309972238,0.3307157522816653,0.0010313220779065713,0.0,-0.0010301095351836764,0
2026-02-18 05:00:00+00:00,140.02349848447477,140.45007459484128,137.6029844473442,138.51564025878906,2751500,0.0,0.0,6881.31005859375,,605.027099609375,138.51564025878906,-0.015209877175621911,0.3210667400815243,0.005566070147410729,0.0,0.007467203941096567,0
2026-02-19 05:00:00+00:00,137.99977697158602,138.67434269071765,137.08712122022607,137.93032836914062,1772600,0.0,0.0,6861.89013671875,,602.7100219726562,137.93032836914062,-0.004234554529245435,0.32103947879140465,-0.0028221256867719813,0.0,-0.003829708848107294,0
2026-02-20 05:00:00+00:00,137.8509786778574,140.40045985443288,137.55336992502885,140.380615234375,2408800,0.0,0.0,6909.509765625,,608.0433349609375,140.380615234375,0.01760872314947722,0.2557832815743549,0.006939724763506794,0.0,0.008848887182637988,0
2026-02-23 05:00:00+00:00,140.20206315690098,141.26351573732396,138.85291655677665,139.6167755126953,3942300,0.0,0.0,6837.75,,600.652587890625,139.6167755126953,-0.005456062390522403,0.24528440704992768,-0.010385652247284827,0.0,-0.012154967656684001,0
2026-02-24 05:00:00+00:00,139.28940529912478,140.0830236055881,138.2477822179548,139.18028259277344,2359700,0.0,0.0,6890.06982421875,,607.1044921875,139.18028259277344,-0.0031312617108069144,0.19068985241151298,0.0076516140863223114,0.0,0.010741490883328764,0
2026-02-25 05:00:00+00:00,139.27947202334053,139.82508554178935,138.48586887324385,138.9124298095703,2865400,0.0,0.0,6946.1298828125,,615.9033813476562,138.9124298095703,-0.0019263566004254279,0.15260314999668972,0.008136355657339944,0.0,0.014493203844452518,0
2026-02-26 05:00:00+00:00,139.31917016014054,141.7099399155602,139.22989207060473,141.52145385742188,3221700,0.0,0.0,6908.85986328125,,608.4727783203125,141.52145385742188,0.018607589731038012,0.18907810599983152,-0.005365580569328343,0.0,-0.012064559559788246,0
2026-02-27 05:00:00+00:00,140.98575396434217,142.80115078936055,140.81711252862053,141.4321746826172,5263800,0.0,0.0,6878.8798828125,,606.5252075195312,141.4321746826172,-0.0006310516548462052,0.15447822025613128,-0.00433935281103115,0.0,-0.003200752556519526,0
2026-03-02 05:00:00+00:00,139.87468912035092,141.87857188370023,138.54538719705403,141.58096313476562,3204600,0.0,0.0,6881.6201171875,,607.32421875,141.58096313476562,0.001051459780304812,0.14247924377137602,0.0003983547353176853,0.0,0.0013173586531323167,0
2026-03-03 05:00:00+00:00,138.38666615587601,140.26158167250745,136.7200813130971,139.87469482421875,2590700,0.0,0.0,6816.6298828125,,600.8224487304688,139.87469482421875,-0.012124746228251762,0.17632723740164355,-0.009444031095625416,0.0,-0.01070559977488339,0
2026-03-04 05:00:00+00:00,139.92429267888494,140.0730894843981,136.94823547254356,138.3072967529297,3018600,0.0,0.0,6869.5,,609.9808959960938,138.3072967529297,-0.01126898725088009,0.19730643602523398,0.007756049264286302,0.0,0.015243184213533878,0
2026-03-05 05:00:00+00:00,136.81928088214042,136.95816295921364,135.17252544183572,136.74984741210938,4350800,0.0,0.0,6830.7099609375,,608.1431274414062,136.74984741210938,-0.011324672118723494,0.10302574289428877,-0.005646704863891072,0.0,-0.0030128296914716524,0
2026-03-06 05:00:00+00:00,134.69635673343723,134.8352388066445,131.83933678516112,133.46624755859375,5286600,0.0,0.0,6740.02001953125,,598.9946899414062,133.46624755859375,-0.024304706887434212,0.14241335548245165,-0.013276795812569242,0.0,-0.015043230922446638,0
2026-03-09 04:00:00+00:00,131.96830488386152,134.97412166483716,128.843450650019,134.07138061523438,4635400,0.0,0.0,6795.990234375,,606.99462890625,134.07138061523438,0.004523730682157992,0.16254793316699837,0.008304161513105202,0.0,0.013355609155110137,0
2026-03-10 04:00:00+00:00,133.71425718497014,136.76967804320526,132.7916866231809,135.07333374023438,4050400,0.0,0.0,6781.47998046875,,607.004638671875,135.07333374023438,0.007445494562533887,0.20665042646477993,-0.0021351198877325173,0.0,1.6490698843574236e-05,0
2026-03-11 04:00:00+00:00,134.37891503011673,134.53762658326906,132.53375888375422,133.32736206054688,2971300,0.0,0.0,6775.7998046875,,606.9247436523438,133.32736206054688,-0.013010370951224735,0.2092773736623411,-0.0008376012017449197,0.0,-0.00013162176108916235,0
2026-03-12 04:00:00+00:00,131.83933971214816,131.83933971214816,128.96249021598072,130.84732055664062,4745800,0.0,0.0,6672.6201171875,,596.5078735351562,130.84732055664062,-0.01877632133791515,0.22437102846922383,-0.015227676506708532,0.0,-0.017163363705524626,0
2026-03-13 04:00:00+00:00,132.15678613835794,132.72222915593272,130.34138936307318,130.69851684570312,2342900,0.0,0.0,6632.18994140625,,592.9722900390625,130.69851684570312,-0.0011378787632098273,0.17945725470172416,-0.006059115470564369,0.0,-0.005927136342962935,0
2026-03-16 04:00:00+00:00,132.40479771151197,134.12098660977847,131.52190126982458,133.00001525878906,2170200,0.0,0.0,6699.3798828125,,599.6239013671875,133.00001525878906,0.017455970159493208,0.23416742085039657,0.010130883162251969,0.0,0.011217406681325315,0
2026-03-17 04:00:00+00:00,134.52999877929688,135.66000366210938,133.19000244140625,133.2100067138672,2518800,1.07,0.0,6716.08984375,,602.5502319335938,133.2100067138672,0.0015776378145101616,0.22333503562580445,0.0024942548757938,0.0,0.004880276719680499,0
2026-03-18 04:00:00+00:00,132.39999389648438,133.22999572753906,130.89999389648438,131.1999969482422,2754200,0.0,0.0,6624.7001953125,,594.15087890625,131.1999969482422,-0.015204027514355456,0.23010704242971308,-0.013607567880073446,0.0,-0.01393967271473795,0
2026-03-19 04:00:00+00:00,130.66000366210938,131.52999877929688,129.75999450683594,131.08999633789062,2767300,0.0,0.0,6606.490234375,,592.273193359375,131.08999633789062,-0.0008387709757626288,0.1843894170121236,-0.002748797741878972,0.0,-0.0031602840516394837,0
2026-03-20 04:00:00+00:00,130.8699951171875,131.1199951171875,127.29000091552734,128.00999450683594,5564200,0.0,0.0,6506.47998046875,,581.3269653320312,128.00999450683594,-0.023775739317850996,0.2532405643238576,-0.015138182356779217,0.0,-0.018481721188927547,0
2026-03-23 04:00:00+00:00,130.9499969482422,132.6199951171875,129.41000366210938,130.30999755859375,4179100,0.0,0.0,6581.0,,588.0,130.30999755859375,0.017807865465417412,0.255137839589331,0.011453200463990454,0.0,0.011478969781072212,0
2026-03-24 04:00:00+00:00,128.77999877929688,131.63999938964844,128.39999389648438,130.35000610351562,3196400,0.0,0.0,6556.3701171875,,583.97998046875,130.35000610351562,0.0003069787821221442,0.2535149481801156,-0.0037425745042546366,0.0,-0.006836767910289088,0
2026-03-25 04:00:00+00:00,131.0800018310547,131.7899932861328,129.5,130.36000061035156,3957400,0.0,0.0,6591.89990234375,,587.8200073242188,130.36000061035156,7.667144784215958e-05,0.23478157403627908,0.005419124381509377,0.0,0.006575613863315066,0
2026-03-26 04:00:00+00:00,129.49000549316406,130.91000366210938,128.97000122070312,129.74000549316406,3058400,0.0,0.0,6477.16015625,,573.7899780273438,129.74000549316406,-0.004767368526710938,0.23596518534452568,-0.017406172392416708,0.0,-0.023867900245077234,0
2026-03-27 04:00:00+00:00,129.22000122070312,130.35000610351562,128.52999877929688,128.89999389648438,3005200,0.0,0.0,6368.85009765625,,562.5800170898438,128.89999389648438,-0.00649562753033629,0.1531993415542241,-0.01672184352107431,0.0,-0.019536696991535485,0
2026-03-30 04:00:00+00:00,130.6999969482422,130.9199981689453,128.11000061035156,128.77999877929688,3327100,0.0,0.0,6343.72021484375,,558.280029296875,128.77999877929688,-0.000931349963303138,0.04892208084593039,-0.003945748828622642,0.0,-0.00764333545868201,0
2026-03-31 04:00:00+00:00,130.50999450683594,133.24000549316406,129.6999969482422,132.17999267578125,4336100,0.0,0.0,6528.52001953125,,577.1799926757812,132.17999267578125,0.026059062000303244,0.21089756085797146,0.02913114047102594,0.0,0.03385391270884219,0
2026-04-01 04:00:00+00:00,131.77999877929688,134.1300048828125,131.39999389648438,133.3300018310547,3707900,0.0,0.0,6575.31982421875,,584.3099975585938,133.3300018310547,0.00866269722926065,0.2127433646658077,0.007168516684867399,0.0,0.012353174006878076,0
2026-04-02 04:00:00+00:00,132.7100067138672,134.7899932861328,131.74000549316406,133.77000427246094,3427100,0.0,0.0,6582.68994140625,,584.97998046875,133.77000427246094,0.003294667385731183,0.19777776285680512,0.0011208758485563575,0.0,0.0011466223630531847,0
